A with wrist,0.0,0.0,0.0,-0.057753562927246094,-0.007234930992126465,-0.038858783591308566,-0.1142282485961914,-0.06301438808441162,-0.05635881905607221,-0.14765048027038574,-0.11717605590820312,-0.07007567693642613,-0.1808485984802246,-0.16858702898025513,-0.07945328314951894,-0.0937233567237854,-0.16292238235473633,-0.04078968723467824,-0.10642951726913452,-0.13559961318969727,-0.08461953808716771,-0.09655749797821045,-0.05403566360473633,-0.1077334742730045,-0.08999180793762207,-0.011372208595275879,-0.1176497574632549,-0.04063892364501953,-0.17978334426879883,-0.03997320045880315,-0.049453556537628174,-0.13027703762054443,-0.07954739888361928,-0.04362595081329346,-0.036226749420166016,-0.08614848663262364,-0.038560330867767334,-0.0036509037017822266,-0.08506929238490102,0.011698484420776367,-0.17243033647537231,-0.0457353230302715,0.005792200565338135,-0.12609714269638062,-0.09075135101727483,0.0064324140548706055,-0.040828824043273926,-0.08149535318068502,0.008421659469604492,-0.008653998374938965,-0.06616876383475301,0.05877530574798584,-0.15110927820205688,-0.054411173958101244,0.053560078144073486,-0.12204670906066895,-0.08652291556052205,0.05044037103652954,-0.05971240997314453,-0.07783139606169698,0.04988640546798706,-0.030975699424743652,-0.06425920983008382
A with wrist,0.0,0.0,0.0,-0.06887972354888916,-0.010245800018310547,-0.03745347218386996,-0.13000625371932983,-0.07700908184051514,-0.052731096314118986,-0.16030937433242798,-0.14714473485946655,-0.06447544650905002,-0.19148492813110352,-0.21168696880340576,-0.07058367835156787,-0.11542093753814697,-0.18959128856658936,-0.02552432896368373,-0.12853342294692993,-0.1699550747871399,-0.06827402816884387,-0.11139482259750366,-0.09110128879547119,-0.09429925637118686,-0.09897077083587646,-0.04448974132537842,-0.10565249578826297,-0.06481170654296875,-0.21369093656539917,-0.021931130008624677,-0.07507485151290894,-0.17307233810424805,-0.05942407579891551,-0.06232970952987671,-0.08706319332122803,-0.06960114793650973,-0.054873764514923096,-0.047644972801208496,-0.07005562590234149,-0.01413053274154663,-0.2127586007118225,-0.025541219429896955,-0.02283501625061035,-0.17297184467315674,-0.06549996094577182,-0.015935242176055908,-0.09563171863555908,-0.05692366467587817,-0.012710809707641602,-0.060091257095336914,-0.04245082990996707,0.03380793333053589,-0.1981062889099121,-0.03261953549258578,0.02681368589401245,-0.17500239610671997,-0.05984081284873355,0.025025367736816406,-0.11668229103088379,-0.05170588152282107,0.02311033010482788,-0.08718442916870117,-0.038507457392142896
A with wrist,0.0,0.0,0.0,-0.06328636407852173,-0.01579129695892334,-0.037462836201143546,-0.12356531620025635,-0.09226608276367188,-0.05049257546181707,-0.15329283475875854,-0.1651821732521057,-0.06022746681685476,-0.18132466077804565,-0.22696900367736816,-0.0638468471121314,-0.09690546989440918,-0.203269362449646,-0.022320663626146597,-0.11413305997848511,-0.1989879608154297,-0.06096012711043386,-0.0926695466041565,-0.11422532796859741,-0.08103227436060934,-0.07787257432937622,-0.06250739097595215,-0.08775073855633764,-0.04616910219192505,-0.22282099723815918,-0.01824343956525354,-0.06074804067611694,-0.1973446011543274,-0.05418012856955556,-0.04342371225357056,-0.10499036312103271,-0.060643652523708624,-0.03262901306152344,-0.0635610818862915,-0.05739072530980138,0.003830254077911377,-0.21849435567855835,-0.021676335553479475,-0.007538497447967529,-0.20148390531539917,-0.0632185620021346,0.0012289881706237793,-0.1177552342414856,-0.052181633259010596,0.007929623126983643,-0.07586371898651123,-0.03410719155783681,0.04969137907028198,-0.20148956775665283,-0.027967179263782782,0.04090756177902222,-0.2070876955986023,-0.05749747350330381,0.03802227973937988,-0.14557135105133057,-0.04731574475283651,0.036679983139038086,-0.10674947500228882,-0.03128233000154523
A with wrist,0.0,0.0,0.0,-0.06426131725311279,-0.021308541297912598,-0.02959338169040393,-0.12169378995895386,-0.11216020584106445,-0.037927044215223304,-0.150027334690094,-0.19419431686401367,-0.045615048738739006,-0.1818651556968689,-0.2566547393798828,-0.04846356588842582,-0.09982848167419434,-0.21369725465774536,-0.002062356690487377,-0.11371493339538574,-0.22751396894454956,-0.03982359323146056,-0.09377199411392212,-0.1487598419189453,-0.06218789297582816,-0.07977926731109619,-0.09631329774856567,-0.06974174234511565,-0.05134350061416626,-0.22899889945983887,-0.00074801350439202,-0.06322932243347168,-0.22946327924728394,-0.03617174330594253,-0.044871747493743896,-0.1364988088607788,-0.04526093381883811,-0.03349292278289795,-0.08753740787506104,-0.04183877784254264,-0.001315295696258545,-0.22649425268173218,-0.007131516127458326,-0.011731505393981934,-0.2283046841621399,-0.04663297686221313,-0.0034415721893310547,-0.14043700695037842,-0.036677179517766945,0.002414107322692871,-0.09263843297958374,-0.018064820798656456,0.04717952013015747,-0.21463382244110107,-0.01587851497771453,0.03607529401779175,-0.2348097562789917,-0.04044874537231635,0.03359121084213257,-0.1695690155029297,-0.028094999151846878,0.03383207321166992,-0.12874573469161987,-0.01045397914441537
A with wrist,0.0,0.0,0.0,-0.06285274028778076,-0.029562950134277344,-0.030522631369080955,-0.11219334602355957,-0.12066018581390381,-0.040417229644504005,-0.13359636068344116,-0.19969189167022705,-0.04846453841730636,-0.16217917203903198,-0.2622169256210327,-0.05200501333877128,-0.08357322216033936,-0.21933704614639282,-0.011978111117628032,-0.09419786930084229,-0.22761952877044678,-0.047892680279460365,-0.07376372814178467,-0.14925551414489746,-0.06898414146110099,-0.06088489294052124,-0.087543785572052,-0.07586356800004523,-0.03249400854110718,-0.2337140440940857,-0.009891121536043102,-0.0422971248626709,-0.22600644826889038,-0.046108296028819495,-0.02554243803024292,-0.1345994472503662,-0.05668703269168418,-0.017915189266204834,-0.07400161027908325,-0.05460982572242301,0.01801002025604248,-0.2296510934829712,-0.014252312369194442,0.008934497833251953,-0.22343593835830688,-0.05258585315152686,0.015563666820526123,-0.13826221227645874,-0.0443990508834986,0.016272306442260742,-0.08393925428390503,-0.027590695656385833,0.06398916244506836,-0.2154158353805542,-0.020919669307318145,0.05592823028564453,-0.231306254863739,-0.045628325901475364,0.05184990167617798,-0.17043858766555786,-0.034703442714658195,0.04710686206817627,-0.12911951541900635,-0.01839265402361434
A with wrist,0.0,0.0,0.0,-0.06559675931930542,-0.03266638517379761,-0.02665091838321132,-0.11799448728561401,-0.1234850287437439,-0.03463828723511142,-0.13883745670318604,-0.20332777500152588,-0.04241706963262004,-0.1630617380142212,-0.2666739821434021,-0.04583639438828868,-0.08525800704956055,-0.20203471183776855,-0.0056621378437284875,-0.0958823561668396,-0.22740966081619263,-0.04328033487877292,-0.07341235876083374,-0.1483982801437378,-0.06464810829243106,-0.05905944108963013,-0.08574318885803223,-0.0709145308621828,-0.03464186191558838,-0.21354669332504272,-0.005694476157486861,-0.04602932929992676,-0.2303980588912964,-0.04497575547179622,-0.028086364269256592,-0.13842689990997314,-0.05604239713034076,-0.018801212310791016,-0.07538020610809326,-0.05245922293147487,0.014524638652801514,-0.21226060390472412,-0.012474637214154427,0.002511322498321533,-0.22457736730575562,-0.05431863825401706,0.010298490524291992,-0.13702607154846191,-0.04680724229297084,0.012474000453948975,-0.07986593246459961,-0.028417730439514344,0.05974298715591431,-0.20358121395111084,-0.02111584853014392,0.04885643720626831,-0.23396658897399902,-0.047711180258602326,0.04450589418411255,-0.17105865478515625,-0.03663995276770038,0.04079592227935791,-0.12701314687728882,-0.019287595260948365
A with wrist,0.0,0.0,0.0,-0.06820255517959595,-0.03074544668197632,-0.02750020833502731,-0.12030273675918579,-0.12318354845046997,-0.03547226438115558,-0.14029735326766968,-0.20460611581802368,-0.04256002778004131,-0.16369515657424927,-0.26776576042175293,-0.044946076216206166,-0.08468133211135864,-0.2026129961013794,-0.007704336529627653,-0.09690570831298828,-0.2303878664970398,-0.04264075109551868,-0.07596397399902344,-0.1530413031578064,-0.06103751608918628,-0.06316483020782471,-0.09118032455444336,-0.06568928608487568,-0.034512341022491455,-0.2140384316444397,-0.006887997834041926,-0.047929227352142334,-0.23245090246200562,-0.04462407329867801,-0.031970202922821045,-0.14065533876419067,-0.05427868092249355,-0.024629950523376465,-0.07682734727859497,-0.049943605305657,0.013607442378997803,-0.21273255348205566,-0.01253685900758228,0.00026112794876098633,-0.22613483667373657,-0.053641093762621495,0.006439507007598877,-0.1384437084197998,-0.045977981628880116,0.007465243339538574,-0.0793910026550293,-0.027602121101722332,0.057988643646240234,-0.20369136333465576,-0.019971947984799954,0.04592418670654297,-0.23455548286437988,-0.047200189771160694,0.040750324726104736,-0.17118430137634277,-0.0368486585635992,0.03592360019683838,-0.12499171495437622,-0.01991913454423866
A with wrist,0.0,0.0,0.0,-0.06997394561767578,-0.03246873617172241,-0.025555303975181687,-0.1205182671546936,-0.12885910272598267,-0.0318960255972911,-0.13893669843673706,-0.21225595474243164,-0.037726201771931756,-0.1638363003730774,-0.27245718240737915,-0.03893790832086097,-0.0880579948425293,-0.200700581073761,-0.005650180581199038,-0.09813648462295532,-0.2347853183746338,-0.0386946617655326,-0.0776132345199585,-0.15897774696350098,-0.055500996022658455,-0.06508380174636841,-0.09791570901870728,-0.059119314610200036,-0.037459731101989746,-0.21101373434066772,-0.005336241054521906,-0.048236072063446045,-0.237082839012146,-0.04155347561760436,-0.03303813934326172,-0.14653927087783813,-0.050358009248213875,-0.026305079460144043,-0.08130615949630737,-0.04535744777246009,0.01097571849822998,-0.2102639079093933,-0.011210258773701298,-0.0003847479820251465,-0.22998207807540894,-0.05047366833611022,0.005267202854156494,-0.14228439331054688,-0.04268159782810699,0.0057839155197143555,-0.08096688985824585,-0.024475729747848618,0.0553971529006958,-0.20214885473251343,-0.018781720384197342,0.04498964548110962,-0.23784559965133667,-0.044910964279608834,0.0397869348526001,-0.17469006776809692,-0.03454522108955871,0.03468954563140869,-0.12680763006210327,-0.017810239180164444
A with wrist,0.0,0.0,0.0,-0.06814420223236084,-0.03622746467590332,-0.023548808846669544,-0.11804258823394775,-0.12891536951065063,-0.029956257868605007,-0.1363428831100464,-0.20903819799423218,-0.03658903107424294,-0.15892982482910156,-0.2705288529396057,-0.03880363420029198,-0.0855981707572937,-0.20040202140808105,-0.00309117367868339,-0.09438139200210571,-0.2361818552017212,-0.03640258774538552,-0.07351875305175781,-0.16126078367233276,-0.053942256573634495,-0.06140601634979248,-0.0992003083229065,-0.05768333092709099,-0.03584820032119751,-0.20971256494522095,-0.003610136419581522,-0.04575067758560181,-0.23645663261413574,-0.04007963180919205,-0.029025733470916748,-0.14610248804092407,-0.0498298825361303,-0.022408366203308105,-0.080119788646698,-0.0452021145858339,0.01204746961593628,-0.20847231149673462,-0.010136760737793793,0.001347184181213379,-0.2294744849205017,-0.04893132761498009,0.007943153381347656,-0.14230996370315552,-0.041789018515544285,0.007863759994506836,-0.07981663942337036,-0.023839711178140988,0.05595815181732178,-0.19963902235031128,-0.01819814272602116,0.04668551683425903,-0.23695003986358643,-0.04334855169435059,0.0423014760017395,-0.17529958486557007,-0.032905348543124546,0.03656119108200073,-0.12691766023635864,-0.01608691081781899
A with wrist,0.0,0.0,0.0,-0.06987380981445312,-0.036147356033325195,-0.022947906465788037,-0.12107813358306885,-0.1287279725074768,-0.029013863713998944,-0.1383313536643982,-0.2097344994544983,-0.03553134291018978,-0.16075825691223145,-0.2711440324783325,-0.03773101879801288,-0.08693921566009521,-0.1951470971107483,-0.004254425359476954,-0.09576839208602905,-0.23587709665298462,-0.03769257007684246,-0.07627469301223755,-0.1608756184577942,-0.05491426302637592,-0.06480079889297485,-0.10001051425933838,-0.058582027392048985,-0.03805643320083618,-0.20352202653884888,-0.005314268121082932,-0.04816311597824097,-0.23540979623794556,-0.042223465578217656,-0.03153914213180542,-0.1452620029449463,-0.05147175578917995,-0.024353504180908203,-0.08048522472381592,-0.0465563693508102,0.00880354642868042,-0.20252323150634766,-0.012282630377967507,-0.0019621849060058594,-0.2292211651802063,-0.051045206324715764,0.0049689412117004395,-0.14119237661361694,-0.042953808741231114,0.005453944206237793,-0.0787310004234314,-0.024546892331500203,0.05214369297027588,-0.1943979263305664,-0.020845537023205907,0.04337054491043091,-0.23515599966049194,-0.04587192176427379,0.038878679275512695,-0.17360377311706543,-0.03509728326048389,0.03290116786956787,-0.12528353929519653,-0.018268966065306813
A with wrist,0.0,0.0,0.0,-0.07124686241149902,-0.034034907817840576,-0.022952319136948063,-0.12410807609558105,-0.12779706716537476,-0.02845345718333192,-0.14214831590652466,-0.2096065878868103,-0.034456132925242855,-0.16493266820907593,-0.27142298221588135,-0.036171558327168896,-0.09103494882583618,-0.19399726390838623,-0.0032586679003543395,-0.09888201951980591,-0.2385750412940979,-0.036099891192407085,-0.07892423868179321,-0.16533559560775757,-0.053448605365247204,-0.06758958101272583,-0.10391628742218018,-0.05737807137438722,-0.042101919651031494,-0.2034650444984436,-0.00416914980405636,-0.05134207010269165,-0.2375333309173584,-0.040489482707471325,-0.03423386812210083,-0.14899760484695435,-0.05000816566416688,-0.026938199996948242,-0.0827905535697937,-0.04524309841463037,0.0044748783111572266,-0.20319288969039917,-0.01102523227700658,-0.005035519599914551,-0.23089689016342163,-0.049091394073457195,0.0025978684425354004,-0.14348387718200684,-0.0416833562917418,0.003053128719329834,-0.07987946271896362,-0.023729042164177372,0.047756969928741455,-0.19585275650024414,-0.019514675266236736,0.039621174335479736,-0.2356051802635193,-0.0444941288001246,0.03697323799133301,-0.17421698570251465,-0.03443575931260057,0.032426655292510986,-0.12561076879501343,-0.018071857295126392
A with wrist,0.0,0.0,0.0,-0.07177501916885376,-0.03263437747955322,-0.026012566373537993,-0.1236037015914917,-0.12818187475204468,-0.032214751900028205,-0.14161741733551025,-0.21123778820037842,-0.038064847201894736,-0.1645352840423584,-0.27261871099472046,-0.03918059399802587,-0.09137004613876343,-0.19379699230194092,-0.007920758300315356,-0.09658879041671753,-0.23984485864639282,-0.039921990097354865,-0.07750791311264038,-0.16409677267074585,-0.055436155260395026,-0.06752133369445801,-0.10326814651489258,-0.05876374474246404,-0.042114317417144775,-0.20296531915664673,-0.007131761372875189,-0.04999542236328125,-0.24080663919448853,-0.04430233171660802,-0.03487187623977661,-0.150193452835083,-0.052786963493417716,-0.029025912284851074,-0.08485651016235352,-0.047450071633647894,0.004048764705657959,-0.2024707794189453,-0.012268991642486071,-0.0036042332649230957,-0.2344929575920105,-0.050739480615447974,0.0017747282981872559,-0.145099937915802,-0.042514725089858985,0.00043314695358276367,-0.08137708902359009,-0.024288127631734824,0.04650402069091797,-0.19474732875823975,-0.0192845151432266,0.04114484786987305,-0.23223662376403809,-0.044784116060327506,0.037307024002075195,-0.17071539163589478,-0.03552408745963476,0.03085857629776001,-0.12348604202270508,-0.02005415825624368
A with wrist,0.0,0.0,0.0,-0.07321375608444214,-0.03268754482269287,-0.025750675786639476,-0.1252075433731079,-0.12974560260772705,-0.03145045376231792,-0.14249998331069946,-0.2140352725982666,-0.03700828141381862,-0.16677749156951904,-0.2743194103240967,-0.0378432121019614,-0.0951615571975708,-0.1916884183883667,-0.007183606818671251,-0.09957617521286011,-0.24176478385925293,-0.04034672266652706,-0.07840347290039062,-0.16557413339614868,-0.05591298973968151,-0.06728142499923706,-0.10431516170501709,-0.05894810668041828,-0.04599964618682861,-0.2011813521385193,-0.0067130789052498585,-0.0528031587600708,-0.24321436882019043,-0.045229177538658405,-0.03610008955001831,-0.15169286727905273,-0.053419056896473194,-0.02928948402404785,-0.08712995052337646,-0.04747668242862346,3.504753112792969e-05,-0.2010975480079651,-0.01243554483016851,-0.006689786911010742,-0.23593127727508545,-0.05178362092783573,-0.00029969215393066406,-0.1461138129234314,-0.04281502923777225,-0.0007824897766113281,-0.08292508125305176,-0.023821176577712322,0.042590320110321045,-0.19427359104156494,-0.02010700068285587,0.038580119609832764,-0.23261767625808716,-0.04595696887781742,0.035360872745513916,-0.1707053780555725,-0.036430157337690616,0.02891087532043457,-0.12365502119064331,-0.02073113395681503
A with wrist,0.0,0.0,0.0,-0.07495236396789551,-0.029746830463409424,-0.024760904850836596,-0.12815576791763306,-0.12698465585708618,-0.029909263493891558,-0.14449024200439453,-0.2123469114303589,-0.035027210729595026,-0.1672026515007019,-0.2723698616027832,-0.035617315339322886,-0.09716975688934326,-0.18493437767028809,-0.007304175420131287,-0.1010202169418335,-0.23748314380645752,-0.04023449601459106,-0.08140218257904053,-0.1630590558052063,-0.05549860851692756,-0.07014840841293335,-0.10397505760192871,-0.058669765608783564,-0.048436641693115234,-0.19451260566711426,-0.007427039685126147,-0.05471092462539673,-0.24081414937973022,-0.04580713169502815,-0.038729727268218994,-0.15025556087493896,-0.05321828754472335,-0.030940353870391846,-0.08835893869400024,-0.04694920884298881,-0.002985835075378418,-0.19603872299194336,-0.013649850281353793,-0.009787976741790771,-0.23518770933151245,-0.052600496577497324,-0.002835869789123535,-0.14539003372192383,-0.04251842306780418,-0.0014576911926269531,-0.0850377082824707,-0.023075652437682947,0.0391312837600708,-0.19105684757232666,-0.021800863685484728,0.034601569175720215,-0.230976402759552,-0.04652657093333801,0.0330965518951416,-0.17012184858322144,-0.03610118212031921,0.02942758798599243,-0.1264657974243164,-0.020231540443774065
A with wrist,0.0,0.0,0.0,-0.07577848434448242,-0.026585102081298828,-0.025559837832986432,-0.13090234994888306,-0.12382078170776367,-0.030589557155906277,-0.14898747205734253,-0.21055686473846436,-0.03537419335538061,-0.17313933372497559,-0.2707061767578125,-0.03561204941564711,-0.10218751430511475,-0.18308234214782715,-0.006895103860586005,-0.1070905327796936,-0.23851865530014038,-0.0386623692660919,-0.08558964729309082,-0.16608476638793945,-0.05361741305881651,-0.07384812831878662,-0.10714560747146606,-0.056773527428447323,-0.05398261547088623,-0.19495844841003418,-0.006139672730057555,-0.061488449573516846,-0.24330610036849976,-0.043728033915101605,-0.04331254959106445,-0.15562653541564941,-0.051863732650815564,-0.0350835919380188,-0.09285831451416016,-0.04613151670986326,-0.008984923362731934,-0.19862806797027588,-0.011358137145577984,-0.016120314598083496,-0.23833584785461426,-0.04956629396968992,-0.007116496562957764,-0.14986711740493774,-0.04073833571368368,-0.0054239630699157715,-0.08779394626617432,-0.022191370740472394,0.03327697515487671,-0.19636791944503784,-0.0185397834479204,0.028056740760803223,-0.23437649011611938,-0.0432276566475025,0.027317821979522705,-0.17396783828735352,-0.03383415462070616,0.023251473903656006,-0.12912684679031372,-0.018655617624460774
A with wrist,0.0,0.0,0.0,-0.07518815994262695,-0.027094721794128418,-0.023538759924463193,-0.12919628620147705,-0.12265437841415405,-0.02809874808042423,-0.14722973108291626,-0.2093321681022644,-0.032947153799227635,-0.17161953449249268,-0.2679508924484253,-0.03357335274665729,-0.10103839635848999,-0.18140095472335815,-0.004939360093317191,-0.10528117418289185,-0.23798078298568726,-0.035778411678961675,-0.0851251482963562,-0.16681915521621704,-0.05057310035078899,-0.07342630624771118,-0.10808491706848145,-0.05382153113930599,-0.05311083793640137,-0.19392400979995728,-0.004847068820140521,-0.06024128198623657,-0.242576003074646,-0.04096426164358036,-0.04298776388168335,-0.15617960691452026,-0.04877718632667438,-0.03411585092544556,-0.09321725368499756,-0.04322553520648853,-0.00896608829498291,-0.19826346635818481,-0.010584832184008519,-0.015005528926849365,-0.23720204830169678,-0.04756179919093029,-0.006244480609893799,-0.14936983585357666,-0.03899342288821117,-0.0037662386894226074,-0.08716177940368652,-0.020994967795900266,0.032625436782836914,-0.19628292322158813,-0.018152263961724202,0.028603017330169678,-0.234713613986969,-0.041869041524819295,0.028463661670684814,-0.17522364854812622,-0.03260006105153934,0.025060057640075684,-0.13041621446609497,-0.01782914718239681
A with wrist,0.0,0.0,0.0,-0.07460993528366089,-0.025894999504089355,-0.02399965116109115,-0.12927091121673584,-0.12170249223709106,-0.028678781551377597,-0.1475575566291809,-0.2081841230392456,-0.03356781901146633,-0.17163747549057007,-0.26725542545318604,-0.034290726495044055,-0.10280191898345947,-0.18178564310073853,-0.0046849941956566,-0.10713863372802734,-0.23905616998672485,-0.03576603831078273,-0.08742672204971313,-0.16853046417236328,-0.05118415803934795,-0.07567644119262695,-0.11143732070922852,-0.055108803522841754,-0.05531144142150879,-0.1943647265434265,-0.004681924556450667,-0.06164968013763428,-0.24357330799102783,-0.04147510529782039,-0.04490101337432861,-0.15745121240615845,-0.050017933559672656,-0.03644073009490967,-0.09584373235702515,-0.04492633716489536,-0.011211156845092773,-0.19911432266235352,-0.010602383141474547,-0.015798449516296387,-0.23898357152938843,-0.048213544500129046,-0.008062541484832764,-0.15085852146148682,-0.04015922473098499,-0.006896018981933594,-0.08934926986694336,-0.022535764810697856,0.03050673007965088,-0.1981426477432251,-0.018381227937595668,0.02691328525543213,-0.2352641224861145,-0.04262680859591228,0.026120245456695557,-0.17371338605880737,-0.03357501254703266,0.021818339824676514,-0.1286766529083252,-0.018973670166985812
A with wrist,0.0,0.0,0.0,-0.07634186744689941,-0.02771472930908203,-0.02367558257685687,-0.13139379024505615,-0.12318283319473267,-0.02794801184938933,-0.14987295866012573,-0.21000760793685913,-0.03230413349376704,-0.17375928163528442,-0.2694317102432251,-0.03224300893054988,-0.10367709398269653,-0.18207687139511108,-0.004570075981632726,-0.10796838998794556,-0.24091947078704834,-0.03393374310837771,-0.08839863538742065,-0.17010939121246338,-0.047550196964607494,-0.07654827833175659,-0.11348944902420044,-0.05038812683926608,-0.055753350257873535,-0.19502311944961548,-0.004218452815280216,-0.062106311321258545,-0.24575036764144897,-0.03944108190046336,-0.04545474052429199,-0.15979546308517456,-0.04694147707925822,-0.03663361072540283,-0.09830480813980103,-0.04144516514645602,-0.012035131454467773,-0.20035552978515625,-0.00961429180608775,-0.01680290699005127,-0.2414451241493225,-0.04566469715939547,-0.009326457977294922,-0.15460532903671265,-0.037281225640640514,-0.0076184868812561035,-0.09298074245452881,-0.019859462250337856,0.028702378273010254,-0.1998065710067749,-0.01686523968385245,0.02495110034942627,-0.2391226887702942,-0.04003816397892024,0.02418673038482666,-0.17835378646850586,-0.03081458175586249,0.02038109302520752,-0.1322118043899536,-0.01632413940535571
A with wrist,0.0,0.0,0.0,-0.07630962133407593,-0.02826303243637085,-0.023251777500775006,-0.13111311197280884,-0.12339454889297485,-0.027468841508891728,-0.14980536699295044,-0.2093350887298584,-0.03191605581429258,-0.17318058013916016,-0.2694903612136841,-0.03210223092224851,-0.10428965091705322,-0.1833983063697815,-0.003003835431229618,-0.10809594392776489,-0.24089908599853516,-0.03234869985368505,-0.08814060688018799,-0.17064404487609863,-0.04665296523359075,-0.0762372612953186,-0.11430466175079346,-0.04997118561055913,-0.05636262893676758,-0.19684624671936035,-0.0026254923873807456,-0.061533987522125244,-0.2461097240447998,-0.03743033482220426,-0.04494893550872803,-0.1602972149848938,-0.045506454990174916,-0.03681844472885132,-0.09885549545288086,-0.04048835857298627,-0.012508511543273926,-0.20229798555374146,-0.007989920661714223,-0.01606893539428711,-0.2412433624267578,-0.043666440979507115,-0.008883893489837646,-0.15449434518814087,-0.03602753578212514,-0.008008897304534912,-0.09345674514770508,-0.019172206506993916,0.028313279151916504,-0.2015969157218933,-0.015139018171396401,0.025635123252868652,-0.23882442712783813,-0.03763651101377263,0.024642109870910645,-0.17820191383361816,-0.028630284578468945,0.020087003707885742,-0.13325631618499756,-0.014396494240429547
A with wrist,0.0,0.0,0.0,-0.07632482051849365,-0.027130186557769775,-0.02398624382840353,-0.13099271059036255,-0.12259036302566528,-0.02849071398304659,-0.14927685260772705,-0.2097407579421997,-0.03298342525886255,-0.1733143925666809,-0.27038973569869995,-0.03315537720845896,-0.10451620817184448,-0.1833481788635254,-0.0045600134872074705,-0.10772472620010376,-0.24027574062347412,-0.034110612421500264,-0.08754205703735352,-0.1686645746231079,-0.04802480265425402,-0.07509851455688477,-0.11250185966491699,-0.051016039400565205,-0.05646461248397827,-0.19633173942565918,-0.003993154223280726,-0.0605197548866272,-0.24619060754776,-0.039260036497580586,-0.04413336515426636,-0.15921717882156372,-0.046894061564671574,-0.03584742546081543,-0.09746330976486206,-0.04150348454641062,-0.012819230556488037,-0.20138192176818848,-0.009180372766422806,-0.01500612497329712,-0.24127107858657837,-0.045338629930483876,-0.008422672748565674,-0.1537081003189087,-0.03716061189697939,-0.007711172103881836,-0.09231597185134888,-0.019910871236788807,0.027608036994934082,-0.20044904947280884,-0.01619719080554205,0.026044905185699463,-0.2386663556098938,-0.03925498872922617,0.024966061115264893,-0.17665207386016846,-0.029968581347930012,0.020618200302124023,-0.13044744729995728,-0.015427272021042882
A with wrist,0.0,0.0,0.0,-0.07668423652648926,-0.027610361576080322,-0.0242387306794285,-0.13095331192016602,-0.12393474578857422,-0.028679952855384272,-0.14915353059768677,-0.2121366262435913,-0.03292231903520815,-0.17336112260818481,-0.2727848291397095,-0.03267528758493654,-0.10406184196472168,-0.18503642082214355,-0.005295131254172247,-0.10699158906936646,-0.24217772483825684,-0.0349252027377247,-0.08706110715866089,-0.16983824968338013,-0.048140569488680285,-0.07493728399276733,-0.11429834365844727,-0.05068538979736559,-0.055638253688812256,-0.19771665334701538,-0.00475317741853587,-0.059912145137786865,-0.24788236618041992,-0.04046304048148386,-0.044014155864715576,-0.15981584787368774,-0.04745262012926332,-0.03600049018859863,-0.09938836097717285,-0.041553228060877245,-0.01170969009399414,-0.20207053422927856,-0.010002295385277193,-0.01454538106918335,-0.2425099015235901,-0.046570899794971865,-0.008411884307861328,-0.15403109788894653,-0.037535785596048754,-0.007854878902435303,-0.09359920024871826,-0.0197200671687483,0.028882622718811035,-0.2002803087234497,-0.017102935250079554,0.026604294776916504,-0.2386438250541687,-0.0403895554050564,0.02500075101852417,-0.17542076110839844,-0.03064819322077028,0.020390093326568604,-0.1293603777885437,-0.015787581811821383
A with wrist,0.0,0.0,0.0,-0.07654082775115967,-0.027645230293273926,-0.02470610356533598,-0.1315162181854248,-0.12332433462142944,-0.02959542787277769,-0.15033316612243652,-0.2112063765525818,-0.034281707095146885,-0.17451977729797363,-0.27272260189056396,-0.034500485943794956,-0.10520750284194946,-0.1845415234565735,-0.005314083030611982,-0.10829424858093262,-0.24240386486053467,-0.0350036758055694,-0.0880204439163208,-0.17040294408798218,-0.0487290869524486,-0.07578319311141968,-0.11414498090744019,-0.05157323806190561,-0.05688440799713135,-0.19754761457443237,-0.004367833683431854,-0.06116020679473877,-0.24850702285766602,-0.040177265839815846,-0.04486799240112305,-0.16088557243347168,-0.0477823118736751,-0.036849141120910645,-0.09905833005905151,-0.042187313275576344,-0.01308661699295044,-0.20240211486816406,-0.009182285243809929,-0.015453457832336426,-0.24255114793777466,-0.04594030855798792,-0.00916212797164917,-0.15447479486465454,-0.037757268833161106,-0.008677303791046143,-0.09305679798126221,-0.02027865192496847,0.02730315923690796,-0.20142030715942383,-0.01582776262068819,0.02555137872695923,-0.23946213722229004,-0.03927428154850077,0.024148643016815186,-0.17692333459854126,-0.030048020841718426,0.01961737871170044,-0.13073259592056274,-0.015407914953470936
A with wrist,0.0,0.0,0.0,-0.07598894834518433,-0.028531789779663086,-0.024432539876784176,-0.12973660230636597,-0.12342202663421631,-0.029654947977746815,-0.14824676513671875,-0.21095937490463257,-0.034796070244397015,-0.1715611219406128,-0.27347177267074585,-0.03546926000365147,-0.10255521535873413,-0.18598395586013794,-0.005276184931631178,-0.10583937168121338,-0.24402779340744019,-0.03534463041671643,-0.08587032556533813,-0.17164325714111328,-0.049112304982031674,-0.07357668876647949,-0.11459124088287354,-0.051891043719138,-0.054352521896362305,-0.19785112142562866,-0.004668086238439173,-0.058777809143066406,-0.2479042410850525,-0.040576126363362164,-0.04300355911254883,-0.1602596640586853,-0.04801766940602192,-0.035043179988861084,-0.098838210105896,-0.04241876297840008,-0.010588526725769043,-0.20141196250915527,-0.009888876166428417,-0.01371467113494873,-0.2415432333946228,-0.04670658328780064,-0.007561028003692627,-0.1533290147781372,-0.038221064891899914,-0.0066544413566589355,-0.09236454963684082,-0.02064699300774464,0.03019702434539795,-0.1991214156150818,-0.016924569320167393,0.027309119701385498,-0.23735445737838745,-0.040387712355936856,0.025677859783172607,-0.1746608018875122,-0.03100403205701241,0.0214613676071167,-0.12868762016296387,-0.016320528399432987
A with wrist,0.0,0.0,0.0,-0.07654547691345215,-0.029843568801879883,-0.023587903037139313,-0.13011831045150757,-0.12560248374938965,-0.028419341921278374,-0.14779353141784668,-0.21265184879302979,-0.0332593415225233,-0.1711106300354004,-0.2744286060333252,-0.03380882184154643,-0.10221076011657715,-0.18704599142074585,-0.004877817846306698,-0.10508590936660767,-0.24349504709243774,-0.03456910143739833,-0.08651643991470337,-0.17183738946914673,-0.04866533543116702,-0.07490074634552002,-0.11469364166259766,-0.051786912634440796,-0.05366992950439453,-0.19839996099472046,-0.0045398706863011284,-0.05810779333114624,-0.2474684715270996,-0.0399337355340208,-0.04352891445159912,-0.16086024045944214,-0.047759348555871384,-0.035939157009124756,-0.09869164228439331,-0.04258371333725108,-0.009687662124633789,-0.20188289880752563,-0.009881500184008019,-0.012662053108215332,-0.2407791018486023,-0.04590531627781047,-0.007841527462005615,-0.15405946969985962,-0.03820228765852107,-0.007809996604919434,-0.09303361177444458,-0.02139788868970527,0.031110763549804688,-0.19972950220108032,-0.016991425334879295,0.028399288654327393,-0.2372165322303772,-0.04001709262973918,0.026100635528564453,-0.17600220441818237,-0.031113706558414833,0.021496176719665527,-0.130484938621521,-0.01690543259627475
A with wrist,0.0,0.0,0.0,-0.07627570629119873,-0.03037393093109131,-0.023770547081539917,-0.12983572483062744,-0.1261754035949707,-0.028549867291758346,-0.1475934386253357,-0.2129034399986267,-0.03319441022426872,-0.17046165466308594,-0.2745646834373474,-0.03359809013159065,-0.10164904594421387,-0.18739885091781616,-0.005657041054973888,-0.10406732559204102,-0.24401187896728516,-0.0344633595839241,-0.08595359325408936,-0.17279452085494995,-0.048069032450030136,-0.07495123147964478,-0.11529767513275146,-0.05109234767110138,-0.052994728088378906,-0.1993187665939331,-0.004965941962609577,-0.05759817361831665,-0.2486141324043274,-0.03955954181105881,-0.04326719045639038,-0.16246342658996582,-0.04732424633652954,-0.03588712215423584,-0.09956961870193481,-0.04229902716429024,-0.00895458459854126,-0.20300143957138062,-0.009776528534302997,-0.011794984340667725,-0.24090248346328735,-0.04532258825452118,-0.007241487503051758,-0.1545504331588745,-0.03796445818693428,-0.007659435272216797,-0.09275215864181519,-0.021522174198935318,0.03165614604949951,-0.20065826177597046,-0.016313773189494896,0.02936023473739624,-0.2375132441520691,-0.039399473537514496,0.026679396629333496,-0.17647409439086914,-0.03081443401129036,0.021290361881256104,-0.1301943063735962,-0.016856503282497215
A with wrist,0.0,0.0,0.0,-0.07595771551132202,-0.03193598985671997,-0.02387594211262467,-0.12984955310821533,-0.12813901901245117,-0.028762675480663802,-0.147996723651886,-0.2147531509399414,-0.03366271558564904,-0.17063021659851074,-0.2771272659301758,-0.03437859717172387,-0.10150951147079468,-0.19085872173309326,-0.004239053124308612,-0.10456585884094238,-0.24548554420471191,-0.03332738730472329,-0.08601677417755127,-0.17421388626098633,-0.0477519981877208,-0.07478463649749756,-0.11662113666534424,-0.05128084647816422,-0.05296516418457031,-0.20264434814453125,-0.0034427648724317805,-0.058759987354278564,-0.2505400776863098,-0.03836060094994309,-0.04371577501296997,-0.16458487510681152,-0.04698253947657349,-0.03562992811203003,-0.10112857818603516,-0.04238683509987595,-0.008757352828979492,-0.20584577322006226,-0.008206516163170363,-0.012605786323547363,-0.2429012656211853,-0.04413232359451058,-0.007554173469543457,-0.15683680772781372,-0.03732896003288033,-0.00730365514755249,-0.09414166212081909,-0.020969660611569907,0.03186237812042236,-0.20303875207901,-0.014690271237611796,0.028544068336486816,-0.23918724060058594,-0.03796012106698754,0.026084184646606445,-0.17851591110229492,-0.029550317333757903,0.021483957767486572,-0.13199716806411743,-0.015507205048322703
A with wrist,0.0,0.0,0.0,-0.07707470655441284,-0.03222000598907471,-0.023503725348689386,-0.13089287281036377,-0.128736674785614,-0.028072622536399194,-0.1485213041305542,-0.21600013971328735,-0.03285046753165943,-0.170718252658844,-0.2786496579647064,-0.033272911726214716,-0.10347723960876465,-0.19016867876052856,-0.002638776951187083,-0.10595011711120605,-0.2476949691772461,-0.03214883518097622,-0.08750438690185547,-0.1763116717338562,-0.04668605041382534,-0.07653164863586426,-0.11861217021942139,-0.0500590623605035,-0.05490124225616455,-0.20140600204467773,-0.0021513017608754126,-0.0594099760055542,-0.25197237730026245,-0.0373930641698621,-0.04428362846374512,-0.16591036319732666,-0.04608773526427967,-0.036885738372802734,-0.1028294563293457,-0.0412782402026437,-0.010593116283416748,-0.205211341381073,-0.0073969121339700905,-0.013775169849395752,-0.24487900733947754,-0.04336303186295254,-0.008396625518798828,-0.15879499912261963,-0.036434073864199945,-0.008423864841461182,-0.09656089544296265,-0.019862624748327562,0.03058159351348877,-0.20316576957702637,-0.014424257843472787,0.027758419513702393,-0.24085372686386108,-0.03750224870321972,0.02560323476791382,-0.1804543137550354,-0.02900167827186806,0.020740091800689697,-0.13422411680221558,-0.014843441477694341
A with wrist,0.0,0.0,0.0,-0.07753729820251465,-0.03300285339355469,-0.02321253065537121,-0.13153451681137085,-0.12860649824142456,-0.027814931241380236,-0.14961981773376465,-0.21646970510482788,-0.03286931012343075,-0.17068147659301758,-0.27989253401756287,-0.03363249544571545,-0.10253381729125977,-0.19069981575012207,-0.0009220151166005053,-0.10423582792282104,-0.24885523319244385,-0.030089591634975932,-0.08677840232849121,-0.17794358730316162,-0.04505371396015789,-0.07668596506118774,-0.11993485689163208,-0.04877887759874966,-0.05460798740386963,-0.20150673389434814,-0.0005690878076052286,-0.05772954225540161,-0.2522169351577759,-0.0355116212792268,-0.043463826179504395,-0.16680383682250977,-0.04489827994774487,-0.0368923544883728,-0.1026468276977539,-0.04065470863650944,-0.011181771755218506,-0.20492446422576904,-0.005957842809664271,-0.012701809406280518,-0.2442949414253235,-0.04143329430888798,-0.007808566093444824,-0.15888506174087524,-0.03487896267841961,-0.008304953575134277,-0.09650295972824097,-0.018645442096101306,0.02913808822631836,-0.20227432250976562,-0.013146315706478617,0.028266489505767822,-0.24123287200927734,-0.03554774169396069,0.026619553565979004,-0.18138647079467773,-0.026865643454300425,0.02200627326965332,-0.13506853580474854,-0.012689107102858088
A with wrist,0.0,0.0,0.0,-0.0765296220779419,-0.03420424461364746,-0.02243602989295823,-0.13031190633773804,-0.13015198707580566,-0.026986293178595133,-0.1481637954711914,-0.21782749891281128,-0.032168823909557887,-0.16842705011367798,-0.2813342213630676,-0.03310003100017411,-0.10026180744171143,-0.1924538016319275,-3.797204811917254e-05,-0.10267883539199829,-0.2502151131629944,-0.02911749450544221,-0.08556658029556274,-0.17934346199035645,-0.044289827030695506,-0.07524937391281128,-0.12094491720199585,-0.048180479240215845,-0.05264723300933838,-0.20263808965682983,8.630138796661413e-05,-0.05627477169036865,-0.2533974051475525,-0.034277323317326136,-0.04248291254043579,-0.16815924644470215,-0.043474714886940546,-0.03579401969909668,-0.10431313514709473,-0.03927498279193742,-0.009391248226165771,-0.20505809783935547,-0.005511413943565913,-0.011462271213531494,-0.24472779035568237,-0.04025077043155534,-0.0071964263916015625,-0.1601824164390564,-0.03365206314305169,-0.00763934850692749,-0.09846580028533936,-0.01759758932570321,0.030876338481903076,-0.20146965980529785,-0.012853461001611777,0.029270052909851074,-0.24179285764694214,-0.03437417713979585,0.027056097984313965,-0.18324613571166992,-0.025495122802055903,0.0225103497505188,-0.1377774477005005,-0.011409130562640257
A with wrist,0.0,0.0,0.0,-0.07689392566680908,-0.034265339374542236,-0.02225663285292967,-0.13112586736679077,-0.12909728288650513,-0.02667836244739874,-0.1490040421485901,-0.2169695496559143,-0.031702439818161565,-0.16879457235336304,-0.2803441882133484,-0.03242656174637659,-0.10126906633377075,-0.19061416387557983,-0.00011716123930227695,-0.10395711660385132,-0.2482585906982422,-0.028578094724196035,-0.08670151233673096,-0.1781519055366516,-0.04332603845335825,-0.07653528451919556,-0.12026327848434448,-0.04702293831445559,-0.05355328321456909,-0.200547456741333,0.0001217319868942468,-0.057640910148620605,-0.25208139419555664,-0.03384232107140406,-0.04353374242782593,-0.16833877563476562,-0.04304939094521387,-0.03700333833694458,-0.10424250364303589,-0.03888435992934092,-0.01031559705734253,-0.203122079372406,-0.005202491819488841,-0.012491285800933838,-0.24274969100952148,-0.039440195593613225,-0.008034050464630127,-0.15939587354660034,-0.03308929089047297,-0.008826851844787598,-0.09750646352767944,-0.01724748644568308,0.029921531677246094,-0.1997418999671936,-0.012261188175159532,0.028317749500274658,-0.23914766311645508,-0.033400911423939306,0.026234686374664307,-0.18194586038589478,-0.024768268275636274,0.021781623363494873,-0.13693219423294067,-0.010907125245410043
A with wrist,0.0,0.0,0.0,-0.07642269134521484,-0.03448539972305298,-0.022343712071744903,-0.12967967987060547,-0.13264071941375732,-0.026516022304861053,-0.14705276489257812,-0.2209172248840332,-0.03123034551259707,-0.16810041666030884,-0.2834393382072449,-0.03162113591548632,-0.09951984882354736,-0.19367384910583496,0.00020693252866976763,-0.10170799493789673,-0.2509499192237854,-0.028312880690066322,-0.08506590127944946,-0.17968469858169556,-0.04305541157242487,-0.07505810260772705,-0.12157666683197021,-0.046713303918807014,-0.052063167095184326,-0.20289409160614014,0.0005516941031942224,-0.055435895919799805,-0.2540619969367981,-0.03370181113001536,-0.042362987995147705,-0.16886061429977417,-0.0426670947622938,-0.03565734624862671,-0.10445588827133179,-0.03821078329798411,-0.00919342041015625,-0.2044317126274109,-0.004802981070099577,-0.01095670461654663,-0.2440916895866394,-0.038994170869557365,-0.007495224475860596,-0.16000992059707642,-0.03246750697013567,-0.007998526096343994,-0.09811592102050781,-0.01654944955822657,0.031096816062927246,-0.20045870542526245,-0.011932363877861007,0.029810190200805664,-0.23961323499679565,-0.03301485269781779,0.02682095766067505,-0.18118876218795776,-0.024475801880328163,0.02206522226333618,-0.13595759868621826,-0.010750110405354008
A with wrist,0.0,0.0,0.0,-0.07615315914154053,-0.03474283218383789,-0.022643541955744695,-0.12898117303848267,-0.13236498832702637,-0.02696617510298438,-0.14669865369796753,-0.22060543298721313,-0.03190146576741881,-0.16733551025390625,-0.2842996418476105,-0.032551704013144445,-0.09966397285461426,-0.1949973702430725,0.0009468177064491101,-0.10108262300491333,-0.25269824266433716,-0.028056098186766576,-0.08475250005722046,-0.1819714903831482,-0.04328205254057593,-0.07530629634857178,-0.12382680177688599,-0.04716503810266204,-0.05233126878738403,-0.20379692316055298,0.0012079522326757797,-0.0549277663230896,-0.25488483905792236,-0.03276153471449561,-0.041943490505218506,-0.17015177011489868,-0.04192923199514098,-0.03611278533935547,-0.10666549205780029,-0.03768547814468093,-0.009283244609832764,-0.20542603731155396,-0.004395745267515849,-0.010360002517700195,-0.24522805213928223,-0.03879108470061965,-0.006872713565826416,-0.16119170188903809,-0.03233671378472991,-0.008069336414337158,-0.10025852918624878,-0.01643463414291091,0.03130221366882324,-0.20122289657592773,-0.011800690592622232,0.03064650297164917,-0.24144619703292847,-0.03313632872084327,0.028033077716827393,-0.18290448188781738,-0.02441349815705962,0.0228956937789917,-0.13771837949752808,-0.010450614654814672
A with wrist,0.0,0.0,0.0,-0.07659095525741577,-0.03706049919128418,-0.02116636165072805,-0.128559410572052,-0.13529139757156372,-0.025090452065967384,-0.14555585384368896,-0.2236270308494568,-0.029886360993884864,-0.16639310121536255,-0.2862020432949066,-0.030518186992310348,-0.09833526611328125,-0.19594532251358032,0.002258140112928686,-0.09968751668930054,-0.2529715299606323,-0.026037199205063644,-0.08399999141693115,-0.18224000930786133,-0.04092165433456785,-0.0751345157623291,-0.12434446811676025,-0.044647373041414085,-0.051160991191864014,-0.20384633541107178,0.002045969230778155,-0.05306214094161987,-0.2535838484764099,-0.031098058229588332,-0.040782392024993896,-0.16932696104049683,-0.039963286152385535,-0.03576165437698364,-0.10586994886398315,-0.03583461024453527,-0.008398950099945068,-0.20505040884017944,-0.003916667556666198,-0.009230613708496094,-0.2438896894454956,-0.03730807804157621,-0.006258547306060791,-0.16022896766662598,-0.030781097492479148,-0.00793612003326416,-0.09915167093276978,-0.015197226560019317,0.03212839365005493,-0.2006978988647461,-0.011595954900883498,0.03161132335662842,-0.23993021249771118,-0.03208262079050428,0.028619825839996338,-0.18143761157989502,-0.02331862763156778,0.02303946018218994,-0.13637393712997437,-0.009610481342576804
A with wrist,0.0,0.0,0.0,-0.07681173086166382,-0.036608099937438965,-0.02182153443709467,-0.1291130781173706,-0.1361975073814392,-0.025597004395876866,-0.14632153511047363,-0.22465622425079346,-0.030119160366211872,-0.16666489839553833,-0.2879314422607422,-0.030376278039966564,-0.09915685653686523,-0.19760936498641968,0.0024359752992495487,-0.1004912257194519,-0.2550222873687744,-0.025924997580204945,-0.08512604236602783,-0.18442988395690918,-0.04108388553277109,-0.07656478881835938,-0.12626737356185913,-0.045013236057911854,-0.05188482999801636,-0.20515036582946777,0.002426941935937066,-0.05393850803375244,-0.2556685209274292,-0.03075734357253168,-0.042146921157836914,-0.17117035388946533,-0.03987786005154703,-0.03743404150009155,-0.10733044147491455,-0.03578368033186052,-0.008962690830230713,-0.20578604936599731,-0.00343715137705658,-0.009719908237457275,-0.24527239799499512,-0.03685725684181307,-0.007243335247039795,-0.16177016496658325,-0.030544942420874577,-0.009321808815002441,-0.10094314813613892,-0.015014222067748051,0.031678855419158936,-0.20088016986846924,-0.011084095750902634,0.031106293201446533,-0.2408866286277771,-0.03157051856533144,0.027803659439086914,-0.18299764394760132,-0.022811481905137043,0.022034049034118652,-0.13835716247558594,-0.009044677195106487
A with wrist,0.0,0.0,0.0,-0.07639956474304199,-0.03763711452484131,-0.021146314713234915,-0.12814182043075562,-0.13721275329589844,-0.02494286236452581,-0.14485251903533936,-0.22568875551223755,-0.029685717570657744,-0.16536027193069458,-0.28790098428726196,-0.0301942047952366,-0.09791290760040283,-0.19748926162719727,0.0033465921589481695,-0.09890294075012207,-0.2564380168914795,-0.02524577875720979,-0.08392900228500366,-0.18585509061813354,-0.040565860020990385,-0.07551878690719604,-0.128045916557312,-0.044561554241056456,-0.050990521907806396,-0.20455986261367798,0.0030342188840108975,-0.05227541923522949,-0.2556440234184265,-0.02999976513075353,-0.04062908887863159,-0.17118757963180542,-0.03884945114242555,-0.03632873296737671,-0.10838162899017334,-0.03471043755399705,-0.008402585983276367,-0.20500826835632324,-0.003204869833837165,-0.00875997543334961,-0.24608784914016724,-0.03633935798990251,-0.006287097930908203,-0.1623936891555786,-0.02968180415319921,-0.008409678936004639,-0.10206562280654907,-0.014090897078688158,0.032152533531188965,-0.20003056526184082,-0.011218213970835222,0.03165090084075928,-0.23989760875701904,-0.03142108817684175,0.028436779975891113,-0.18175923824310303,-0.02262073432194711,0.022601962089538574,-0.13751357793807983,-0.008974347758169188
A with wrist,0.0,0.0,0.0,-0.07640308141708374,-0.0395016074180603,-0.020400173627990625,-0.1274544596672058,-0.13921791315078735,-0.024019067772883318,-0.14361858367919922,-0.22783589363098145,-0.02868749912943258,-0.16416692733764648,-0.2898760437965393,-0.029298793190378092,-0.0958901047706604,-0.2001996636390686,0.00372119141627536,-0.09673047065734863,-0.25729817152023315,-0.024457897656816385,-0.08256429433822632,-0.18651920557022095,-0.0400209740188302,-0.07455867528915405,-0.12804079055786133,-0.0443719193723382,-0.04881167411804199,-0.20676857233047485,0.0030647705856381435,-0.05092167854309082,-0.2575837969779968,-0.029714533725041292,-0.04023617506027222,-0.17344063520431519,-0.03902234662439241,-0.03619039058685303,-0.10897940397262573,-0.035301202574032686,-0.0062468647956848145,-0.20616215467453003,-0.0033296611078412752,-0.007347762584686279,-0.2465723156929016,-0.03595547530915155,-0.005780994892120361,-0.16397452354431152,-0.029832502492922686,-0.008500516414642334,-0.10295289754867554,-0.014765463435310267,0.034288108348846436,-0.1996980905532837,-0.011427765378016375,0.03330916166305542,-0.23956632614135742,-0.03146866489316835,0.02918088436126709,-0.18220406770706177,-0.022982228213209055,0.02266925573348999,-0.13745349645614624,-0.00964207261915817
A with wrist,0.0,0.0,0.0,-0.07707387208938599,-0.03905439376831055,-0.020345204069883494,-0.12850725650787354,-0.13796186447143555,-0.023599772274167208,-0.1443241834640503,-0.22664302587509155,-0.028130596995026735,-0.16436618566513062,-0.2888513207435608,-0.028569330021412043,-0.09686809778213501,-0.1985049843788147,0.005480099909334513,-0.09788525104522705,-0.2565671503543854,-0.02262890015509811,-0.08421927690505981,-0.18638277053833008,-0.038283527388841776,-0.07677435874938965,-0.12846499681472778,-0.04249838043716636,-0.05026978254318237,-0.20510542392730713,0.00498788940939221,-0.051865994930267334,-0.25611525774002075,-0.02792435188558784,-0.04133319854736328,-0.1721348762512207,-0.037564959868461756,-0.037592291831970215,-0.10774648189544678,-0.03373438169029441,-0.008285701274871826,-0.2054126262664795,-0.0013811413921871463,-0.008571863174438477,-0.24517107009887695,-0.03419961829450813,-0.007125198841094971,-0.16277343034744263,-0.02864216317203727,-0.009966671466827393,-0.10187345743179321,-0.013576626337737707,0.03171968460083008,-0.20029467344284058,-0.0094786896627852,0.03202241659164429,-0.24021977186203003,-0.029363826408655314,0.028354406356811523,-0.18360084295272827,-0.02109831993249145,0.022363483905792236,-0.13922685384750366,-0.007696338954986004
A with wrist,0.0,0.0,0.0,-0.07553702592849731,-0.04167377948760986,-0.02005247240646213,-0.12529492378234863,-0.14119786024093628,-0.023899061882332262,-0.14092165231704712,-0.22938114404678345,-0.028934959599212107,-0.1617417335510254,-0.2911379337310791,-0.030095363312796053,-0.09300583600997925,-0.2015041708946228,0.0030316018523421917,-0.0936284065246582,-0.2569507360458374,-0.025811998450592455,-0.08011025190353394,-0.18618404865264893,-0.041912710571125444,-0.07258957624435425,-0.1273711919784546,-0.046478284799889025,-0.0459710955619812,-0.20714253187179565,0.0020737868757692013,-0.04824715852737427,-0.25666898488998413,-0.03152990927679866,-0.038169920444488525,-0.17225730419158936,-0.04128681709750026,-0.03420919179916382,-0.1067589521408081,-0.037715358936623034,-0.0036932826042175293,-0.20585840940475464,-0.004520241913780865,-0.004616260528564453,-0.24462974071502686,-0.03789835637195438,-0.0038657188415527344,-0.16188758611679077,-0.03207782124860614,-0.006924569606781006,-0.09995818138122559,-0.016959216722682413,0.036248207092285156,-0.19888752698898315,-0.012741170169249472,0.03538912534713745,-0.23820263147354126,-0.03330778544528812,0.031026780605316162,-0.18034368753433228,-0.02485964474959701,0.02454221248626709,-0.1346912384033203,-0.011357095369532999
A with wrist,0.0,0.0,0.0,-0.07659447193145752,-0.03907513618469238,-0.020952060102786163,-0.1266956925392151,-0.1391088366508484,-0.024373972072567085,-0.14118921756744385,-0.2283208966255188,-0.02878561358090792,-0.1612858772277832,-0.29012560844421387,-0.029205826326574424,-0.09451353549957275,-0.19953203201293945,0.003413897257928511,-0.09475547075271606,-0.2543235421180725,-0.025240714877213577,-0.08193844556808472,-0.1840893030166626,-0.040891052439178566,-0.07490652799606323,-0.127422034740448,-0.045035437896217445,-0.048303067684173584,-0.20463424921035767,0.0029636752034321034,-0.048906922340393066,-0.2535281479358673,-0.030197215481962303,-0.03926801681518555,-0.16929376125335693,-0.03934408466454897,-0.035566627979278564,-0.10606324672698975,-0.03525180111762438,-0.006725490093231201,-0.2039269208908081,-0.0033419614018157517,-0.005653023719787598,-0.24235385656356812,-0.03658302615519915,-0.005467057228088379,-0.15934604406356812,-0.03032590563532267,-0.008535504341125488,-0.09968870878219604,-0.014817659958566765,0.032937705516815186,-0.19779342412948608,-0.011423388711477855,0.03423738479614258,-0.23743754625320435,-0.031549115880693535,0.02985858917236328,-0.17979061603546143,-0.022799893497790436,0.023972511291503906,-0.13592314720153809,-0.009049358993138412
A with wrist,0.0,0.0,0.0,-0.07528036832809448,-0.041267216205596924,-0.02087300452967611,-0.12383455038070679,-0.1411309838294983,-0.02493273835261789,-0.13816356658935547,-0.22961968183517456,-0.029858676675758034,-0.15752404928207397,-0.2914373278617859,-0.030851563397845894,-0.09060949087142944,-0.2012162208557129,0.0017710009533402626,-0.09036529064178467,-0.254891037940979,-0.026559697423181206,-0.07768517732620239,-0.18381762504577637,-0.04213321949919191,-0.07094264030456543,-0.12677055597305298,-0.04652755330880609,-0.04440337419509888,-0.20554298162460327,0.0012830549794671242,-0.04508155584335327,-0.2545176148414612,-0.032207194674811035,-0.03620004653930664,-0.17018651962280273,-0.04183622818072763,-0.03329730033874512,-0.10576754808425903,-0.03831949080904451,-0.002940535545349121,-0.20334625244140625,-0.004726379137537151,-0.0020943880081176758,-0.24282100796699524,-0.03810549895842996,-0.0024933815002441406,-0.15996307134628296,-0.03204933549841371,-0.006480216979980469,-0.0985422134399414,-0.016890391666493088,0.03611898422241211,-0.19570869207382202,-0.012401325587234169,0.03738337755203247,-0.2351895570755005,-0.033212121535143524,0.032826900482177734,-0.17685669660568237,-0.024756684858402878,0.026303350925445557,-0.13113266229629517,-0.01124086878826347
A with wrist,0.0,0.0,0.0,-0.07574194669723511,-0.042371392250061035,-0.020577468396027143,-0.12443774938583374,-0.14202797412872314,-0.023948032826979215,-0.13864916563034058,-0.2309473752975464,-0.028271457598407324,-0.15735894441604614,-0.2935272753238678,-0.028589060948092992,-0.0921216607093811,-0.20245474576950073,0.0038998122803377555,-0.09151697158813477,-0.2556318938732147,-0.023909232065875585,-0.078768789768219,-0.1849837303161621,-0.0391915929027391,-0.07223761081695557,-0.12876415252685547,-0.04329032120188003,-0.04608672857284546,-0.20708858966827393,0.0036079937602835344,-0.04577434062957764,-0.2541813552379608,-0.029340798453290518,-0.03664040565490723,-0.1694732904434204,-0.03878768575270897,-0.03335845470428467,-0.1066436767578125,-0.03495253664334541,-0.004442870616912842,-0.20518773794174194,-0.0022742407851410462,-0.0031195878982543945,-0.2417142689228058,-0.035214398474295194,-0.003463149070739746,-0.15932101011276245,-0.0290225841559959,-0.006648540496826172,-0.1000778079032898,-0.01363515243758684,0.03464329242706299,-0.19754421710968018,-0.009831796818275507,0.03619873523712158,-0.23648375272750854,-0.029904170379836614,0.03167569637298584,-0.1788235306739807,-0.02095330175836807,0.02652496099472046,-0.1348862648010254,-0.0069819483429682805
A with wrist,0.0,0.0,0.0,-0.07411372661590576,-0.04453498125076294,-0.021804545399959352,-0.121429443359375,-0.1453966498374939,-0.025934249487931993,-0.13526642322540283,-0.23411023616790771,-0.030720809799845483,-0.1538001298904419,-0.29680246114730835,-0.03139206427078989,-0.08842277526855469,-0.2053431272506714,0.0022191017873183227,-0.08681327104568481,-0.2590356469154358,-0.025693765235359933,-0.07466590404510498,-0.18799233436584473,-0.0411242324386194,-0.06892645359039307,-0.13112294673919678,-0.0454603958402231,-0.04215031862258911,-0.2095140814781189,0.0026839523583248592,-0.041510939598083496,-0.2575172781944275,-0.03064416008930948,-0.03330278396606445,-0.17309826612472534,-0.040471993712003496,-0.03108501434326172,-0.10914134979248047,-0.037060734209831026,-0.0006706118583679199,-0.20687735080718994,-0.0024413886472984814,0.001442253589630127,-0.24507200717926025,-0.0356155748937681,2.5033950805664062e-05,-0.16268295049667358,-0.029792094928438928,-0.004697978496551514,-0.10167944431304932,-0.014724419777508047,0.03793799877166748,-0.1988893747329712,-0.009305680495913293,0.04040801525115967,-0.23747044801712036,-0.029790675592835214,0.0349351167678833,-0.18004757165908813,-0.021488631469424035,0.027815043926239014,-0.13540410995483398,-0.008032226328964498
A with wrist,0.0,0.0,0.0,-0.07417315244674683,-0.04284638166427612,-0.022077369993212415,-0.12166428565979004,-0.14382708072662354,-0.02606644437241812,-0.1346796154975891,-0.2333066463470459,-0.030819911067965222,-0.15180867910385132,-0.2969737648963928,-0.03133108795213957,-0.08765333890914917,-0.2025194764137268,0.0023569802049223654,-0.08595651388168335,-0.25902217626571655,-0.025896060770037366,-0.07375890016555786,-0.18772846460342407,-0.04103105471062918,-0.06805592775344849,-0.1303945779800415,-0.044905241137030316,-0.04159092903137207,-0.20665442943572998,0.002826978661460089,-0.0395125150680542,-0.25609275698661804,-0.03103094876337309,-0.031440556049346924,-0.17089080810546875,-0.04049459428119917,-0.030064523220062256,-0.10660678148269653,-0.0364676486008193,-0.0005767345428466797,-0.20475727319717407,-0.0024908590369250305,0.0029926300048828125,-0.24311131238937378,-0.03617883056926985,0.001414656639099121,-0.16005182266235352,-0.030203857948663426,-0.00397646427154541,-0.0993889570236206,-0.014732795325699044,0.03756588697433472,-0.19765126705169678,-0.009620948252859307,0.04218071699142456,-0.23618537187576294,-0.0302674989454772,0.03689718246459961,-0.17855697870254517,-0.022014133190396024,0.02951604127883911,-0.13444995880126953,-0.008472746727647973
A with wrist,0.0,0.0,0.0,-0.07244563102722168,-0.04607445001602173,-0.023163687527642196,-0.11900275945663452,-0.14606952667236328,-0.027812346905932372,-0.13322490453720093,-0.23590505123138428,-0.03300829054461474,-0.15046429634094238,-0.2998539209365845,-0.033774653539524024,-0.08597862720489502,-0.2057347297668457,0.001962457227989489,-0.08417075872421265,-0.26193371415138245,-0.025707937866911834,-0.07150304317474365,-0.18981653451919556,-0.040549432948694175,-0.06597733497619629,-0.13277840614318848,-0.04445482240663523,-0.03972315788269043,-0.21010911464691162,0.003274804124146158,-0.03790992498397827,-0.25896936655044556,-0.030718464494214004,-0.029717683792114258,-0.17359501123428345,-0.04072988601075167,-0.028569400310516357,-0.10938417911529541,-0.037215387538537925,0.0015841126441955566,-0.20720845460891724,-0.0010830800482040104,0.004649758338928223,-0.24578595161437988,-0.03488645525322909,0.0029796957969665527,-0.16361016035079956,-0.02917062313900942,-0.0025980472564697266,-0.10216057300567627,-0.013893829748496955,0.0395277738571167,-0.19887566566467285,-0.007274360951498693,0.04375004768371582,-0.23842662572860718,-0.028297640473113006,0.03808748722076416,-0.1817418932914734,-0.020212566569909995,0.03071659803390503,-0.13683074712753296,-0.006684275433883613
A with wrist,0.0,0.0,0.0,-0.07307273149490356,-0.04564923048019409,-0.02304757215210884,-0.12018948793411255,-0.14448392391204834,-0.02732759542891472,-0.13431674242019653,-0.23547959327697754,-0.03191513024398773,-0.15055209398269653,-0.29961174726486206,-0.03190232269594162,-0.0872189998626709,-0.20552879571914673,0.002082954709067053,-0.08474302291870117,-0.2631199359893799,-0.0243462437404105,-0.07266676425933838,-0.19133681058883667,-0.0381764007372567,-0.06789237260818481,-0.1350642442703247,-0.041591132209987336,-0.04158753156661987,-0.21057099103927612,0.004051594844668216,-0.03830897808074951,-0.25874635577201843,-0.029026631416172677,-0.030611395835876465,-0.17314189672470093,-0.038509467766971284,-0.03035670518875122,-0.10964006185531616,-0.03470598735043495,-0.0009562969207763672,-0.20850908756256104,0.0005039051418407325,0.004268467426300049,-0.2445770800113678,-0.03261393509933441,0.0017071366310119629,-0.16262876987457275,-0.027252137811274224,-0.005111575126647949,-0.10198402404785156,-0.012341455706746274,0.036319613456726074,-0.20055389404296875,-0.004835052100361281,0.04289883375167847,-0.2361522912979126,-0.02606203794607609,0.0369907021522522,-0.17865562438964844,-0.018816830740661317,0.029043197631835938,-0.1343214511871338,-0.005772336070776873
A with wrist,0.0,0.0,0.0,-0.07325083017349243,-0.046973586082458496,-0.023122307455196278,-0.12010949850082397,-0.14640337228775024,-0.027416769957198994,-0.1339128017425537,-0.23769807815551758,-0.03214950168694486,-0.15065515041351318,-0.3015761375427246,-0.03228992277945508,-0.08629322052001953,-0.20786738395690918,0.0036969472821510863,-0.08348536491394043,-0.26343268156051636,-0.023233624717249768,-0.07154732942581177,-0.19171679019927979,-0.03789112026061048,-0.06685435771942139,-0.13560938835144043,-0.041798350011958973,-0.04081827402114868,-0.2121785283088684,0.005521341150597436,-0.03779470920562744,-0.26056843996047974,-0.028039791232004063,-0.030117452144622803,-0.174882709980011,-0.03819582292999257,-0.029683053493499756,-0.1112709641456604,-0.034753408825054066,-0.00042504072189331055,-0.20938032865524292,0.0016570196421525907,0.004333078861236572,-0.2464410364627838,-0.03149245733584394,0.0018416047096252441,-0.16483724117279053,-0.026224135031952756,-0.004700183868408203,-0.10448479652404785,-0.011326261406793492,0.03683888912200928,-0.2009584903717041,-0.004072194529726403,0.04264432191848755,-0.2383633852005005,-0.024612978642835515,0.03656959533691406,-0.1820726990699768,-0.016936792602791684,0.02863013744354248,-0.13834553956985474,-0.003706479987158673
A with wrist,0.0,0.0,0.0,-0.0728192925453186,-0.04602181911468506,-0.022454255487105,-0.11933743953704834,-0.14738136529922485,-0.02668513473429357,-0.13230228424072266,-0.23639047145843506,-0.03158889267899667,-0.14895033836364746,-0.3005051910877228,-0.032249133329173674,-0.08568120002746582,-0.20692574977874756,0.0034683081383946046,-0.0822303295135498,-0.2627936601638794,-0.024273067008039106,-0.07059711217880249,-0.1924123764038086,-0.03988240961291467,-0.06584268808364868,-0.13461536169052124,-0.04408734593846475,-0.03998023271560669,-0.21093147993087769,0.004790126585135113,-0.036365807056427,-0.2588435113430023,-0.028283228392979254,-0.028585314750671387,-0.17414724826812744,-0.03824041340806161,-0.0276106595993042,-0.10890883207321167,-0.03457983140208398,0.0006323456764221191,-0.20824801921844482,0.00032428804013306944,0.005764007568359375,-0.24461016058921814,-0.032587780843755354,0.003611743450164795,-0.16310036182403564,-0.02764895860411798,-0.002437114715576172,-0.10195791721343994,-0.01286342017658626,0.03807598352432251,-0.2001163363456726,-0.005952654633006205,0.044037044048309326,-0.23715835809707642,-0.0263760064200369,0.038707852363586426,-0.1804046630859375,-0.018892101238748182,0.031217336654663086,-0.13613134622573853,-0.005761568195453037
A with wrist,0.0,0.0,0.0,-0.0733259916305542,-0.0461350679397583,-0.022314081488275406,-0.11971920728683472,-0.1472088098526001,-0.026532412095093605,-0.1318269968032837,-0.23575031757354736,-0.03161422215225684,-0.14820581674575806,-0.30035632848739624,-0.03240671805860984,-0.0859140157699585,-0.20732659101486206,0.005347717033600929,-0.08212506771087646,-0.2628026008605957,-0.022903865723037597,-0.07092535495758057,-0.1922864317893982,-0.03901699609878051,-0.06618565320968628,-0.13486158847808838,-0.04345076955678451,-0.039959847927093506,-0.21081697940826416,0.006230119561678293,-0.03614276647567749,-0.25894761085510254,-0.02718942478122699,-0.028677761554718018,-0.1742214560508728,-0.03741664118888366,-0.02757507562637329,-0.10950583219528198,-0.033766188247227547,0.0007997751235961914,-0.20793980360031128,0.0010937185184047848,0.005528509616851807,-0.24456706643104553,-0.03205854497673499,0.0032602548599243164,-0.1629958152770996,-0.026988093329691765,-0.0025243759155273438,-0.10279828310012817,-0.011979260070347664,0.0385860800743103,-0.1996086835861206,-0.005890416035526869,0.043939828872680664,-0.23730510473251343,-0.025899023337387916,0.03837484121322632,-0.18065035343170166,-0.017992985023283836,0.030949950218200684,-0.13722151517868042,-0.0045970548485456675
A with wrist,0.0,0.0,0.0,-0.0724915862083435,-0.04467642307281494,-0.024471058361143605,-0.11843007802963257,-0.1477067470550537,-0.02941101681432201,-0.13045668601989746,-0.23725026845932007,-0.034441032297820584,-0.14630168676376343,-0.30228477716445923,-0.0348592780902095,-0.08461689949035645,-0.2072157859802246,0.0008135764837220449,-0.07946896553039551,-0.26433324813842773,-0.027353058420032994,-0.06846082210540771,-0.19129496812820435,-0.04215050566932632,-0.06401163339614868,-0.13385367393493652,-0.04575513754031135,-0.038376808166503906,-0.21070247888565063,0.002982201203792556,-0.03355228900909424,-0.2597583532333374,-0.03128085736176445,-0.026612043380737305,-0.17254507541656494,-0.04050331640979721,-0.02562236785888672,-0.10797828435897827,-0.036015425659627454,0.0020919442176818848,-0.20769643783569336,-0.0007606629770293694,0.008261680603027344,-0.24539777636528015,-0.035015993602485196,0.005179762840270996,-0.16154468059539795,-0.029224024005145566,-0.001199185848236084,-0.10075592994689941,-0.013537322021932141,0.0391460657119751,-0.1995636224746704,-0.0063903111404783886,0.04612070322036743,-0.2366606593132019,-0.02785239260634853,0.039914071559906006,-0.17750734090805054,-0.020271207056850926,0.031535804271698,-0.13299524784088135,-0.006873739734203355
A with wrist,0.0,0.0,0.0,-0.07248497009277344,-0.04723525047302246,-0.0237772925236186,-0.1178932785987854,-0.14913249015808105,-0.028356365341778655,-0.1296868920326233,-0.23867535591125488,-0.033491333428855796,-0.14550411701202393,-0.3032779097557068,-0.03400850057983007,-0.08350890874862671,-0.20805013179779053,0.004179799981329779,-0.07913118600845337,-0.2652873396873474,-0.024176334444518943,-0.06867080926895142,-0.1925572156906128,-0.0398222705759963,-0.0640382170677185,-0.13550084829330444,-0.04394645378374662,-0.03766089677810669,-0.21106165647506714,0.005966103222135644,-0.03345799446105957,-0.26097190380096436,-0.028338560316797157,-0.026875674724578857,-0.1742880940437317,-0.03826695442580785,-0.025593698024749756,-0.11011803150177002,-0.03422177717470731,0.0026406049728393555,-0.20748692750930786,0.0016505718751886889,0.008161187171936035,-0.24662631750106812,-0.03231482714795675,0.004923760890960693,-0.16408979892730713,-0.026662710536356826,-0.0009559988975524902,-0.10372930765151978,-0.011036971997555156,0.0393526554107666,-0.19897758960723877,-0.004621256090786119,0.04584771394729614,-0.23833748698234558,-0.02532649174713697,0.03989166021347046,-0.181099534034729,-0.017365525890227218,0.03270745277404785,-0.13734561204910278,-0.0037723998018464044
A with wrist,0.0,0.0,0.0,-0.07185506820678711,-0.0470430850982666,-0.02454915512498701,-0.11728429794311523,-0.14832079410552979,-0.029485432991350535,-0.12957710027694702,-0.2379094660282135,-0.03474500086304033,-0.1446862816810608,-0.3030880093574524,-0.03537216838594759,-0.08226281404495239,-0.20813655853271484,0.0032083181649795733,-0.07815265655517578,-0.2651102840900421,-0.02456146162148798,-0.06722134351730347,-0.19283676147460938,-0.039534167015517596,-0.06292116641998291,-0.1362054944038391,-0.043337680959666613,-0.036782920360565186,-0.21117907762527466,0.005560101380979177,-0.032531559467315674,-0.26016440987586975,-0.02849341053661192,-0.0255928635597229,-0.17380309104919434,-0.03840536680218065,-0.02491581439971924,-0.11015444993972778,-0.034495890700782184,0.002993762493133545,-0.20742911100387573,0.001906704179418739,0.008986055850982666,-0.24556073546409607,-0.03228487130400026,0.005803883075714111,-0.16277450323104858,-0.026965449193085078,-0.0007591843605041504,-0.10247498750686646,-0.01157166399207199,0.03932005167007446,-0.198405921459198,-0.003684216739202384,0.046803295612335205,-0.23610728979110718,-0.02504269275959814,0.04074370861053467,-0.17855346202850342,-0.017662847974861506,0.03269070386886597,-0.13473999500274658,-0.004418954813445453
A with wrist,0.0,0.0,0.0,-0.07249301671981812,-0.046751201152801514,-0.025185297902396542,-0.11847209930419922,-0.1465180516242981,-0.030022294919660908,-0.13115304708480835,-0.23797374963760376,-0.03498546379404388,-0.14582860469818115,-0.30342674255371094,-0.035056683893969875,-0.08388423919677734,-0.2078583836555481,0.0031971778183219612,-0.08000212907791138,-0.26462534070014954,-0.02404275509314857,-0.0685848593711853,-0.1918744444847107,-0.03846688913898788,-0.06411868333816528,-0.13548719882965088,-0.04196621450381599,-0.038669705390930176,-0.21171998977661133,0.00625207255808391,-0.034302592277526855,-0.2601547837257385,-0.02767151194410644,-0.027316391468048096,-0.17382824420928955,-0.037481840427687985,-0.027079463005065918,-0.11045295000076294,-0.03356037261681877,0.0008110404014587402,-0.20845675468444824,0.0032998456547943533,0.007125198841094971,-0.24537402391433716,-0.030860788847974163,0.0037640929222106934,-0.16356688737869263,-0.025794986363223416,-0.003128230571746826,-0.10332131385803223,-0.010565944675079209,0.036475539207458496,-0.2000361680984497,-0.0016471126188548624,0.04437148571014404,-0.2369251847267151,-0.023191114615372044,0.03849303722381592,-0.18035846948623657,-0.01615324030416332,0.03092116117477417,-0.13661682605743408,-0.0030484746282013475
A with wrist,0.0,0.0,0.0,-0.07220089435577393,-0.04836004972457886,-0.024175712902888336,-0.11703938245773315,-0.14916497468948364,-0.028658837144121208,-0.12904655933380127,-0.2395184338092804,-0.033600295026644744,-0.14373672008514404,-0.30412691831588745,-0.03378174646650223,-0.08144384622573853,-0.2081538438796997,0.004828081867799483,-0.07689464092254639,-0.26493242383003235,-0.022647261683687248,-0.06645441055297852,-0.19201624393463135,-0.03768411471401123,-0.06242138147354126,-0.1353006362915039,-0.04155768274222282,-0.03636038303375244,-0.21121478080749512,0.007261167681917868,-0.03143209218978882,-0.2608584463596344,-0.02667930542384056,-0.025381803512573242,-0.17487561702728271,-0.03687058209334282,-0.025446772575378418,-0.11166179180145264,-0.03319868638072876,0.0031055808067321777,-0.2070668339729309,0.0036479636851254327,0.009800255298614502,-0.24538084864616394,-0.0300193057105389,0.0060422420501708984,-0.1636860966682434,-0.024814890761717834,-0.0009909868240356445,-0.10422694683074951,-0.00962172455047039,0.03886288404464722,-0.19787389039993286,-0.0019253004052188771,0.04728364944458008,-0.23678076267242432,-0.022114424099072494,0.04076874256134033,-0.1808990240097046,-0.014342011947974243,0.03258103132247925,-0.13798248767852783,-0.0010478624085408228
A with wrist,0.0,0.0,0.0,-0.07241201400756836,-0.049302518367767334,-0.0236597804917551,-0.11772483587265015,-0.1479058861732483,-0.02783090049462089,-0.1304255723953247,-0.24016261100769043,-0.032441977281735035,-0.14505231380462646,-0.30555152893066406,-0.03200531737940082,-0.08307778835296631,-0.20796269178390503,0.0051713121490024605,-0.0794379711151123,-0.2664346992969513,-0.020891874898836704,-0.06835436820983887,-0.19339388608932495,-0.03455412002341518,-0.06471550464630127,-0.13828980922698975,-0.03788584830300579,-0.03797745704650879,-0.21172654628753662,0.00765228889821401,-0.03423029184341431,-0.2613511085510254,-0.02593728514449367,-0.027916669845581055,-0.17475414276123047,-0.036150153596565815,-0.02925795316696167,-0.11345052719116211,-0.032747831065819355,0.001977384090423584,-0.20769715309143066,0.00442654419629207,0.007093310356140137,-0.24681735038757324,-0.029127916191384884,0.0037198662757873535,-0.1651211977005005,-0.023707553614542576,-0.003628253936767578,-0.10611546039581299,-0.008499062490329834,0.03793388605117798,-0.198205828666687,-0.0006380366260714254,0.04495513439178467,-0.236768901348114,-0.02147113891379604,0.03859168291091919,-0.1808398962020874,-0.01383422209011087,0.03079444169998169,-0.1379510760307312,-0.0004747092182810775
A with wrist,0.0,0.0,0.0,-0.0721665620803833,-0.04703289270401001,-0.024242514458194364,-0.11741650104522705,-0.14707857370376587,-0.028812611189380277,-0.12961691617965698,-0.23875704407691956,-0.03368909814645349,-0.14395731687545776,-0.30408358573913574,-0.03346077510406076,-0.08234071731567383,-0.2058854103088379,0.002725631517648708,-0.07801759243011475,-0.2668609321117401,-0.024421279963746656,-0.06661105155944824,-0.1928127408027649,-0.038230417010083784,-0.0626828670501709,-0.13731300830841064,-0.04155550682236253,-0.03694969415664673,-0.2095407247543335,0.004954492959484469,-0.03253084421157837,-0.26180583238601685,-0.029487101074948896,-0.02576136589050293,-0.17411506175994873,-0.03902160161425172,-0.0271642804145813,-0.11306315660476685,-0.03501476132561265,0.0029306411743164062,-0.20547914505004883,0.0014041954952404012,0.0089339017868042,-0.2469252347946167,-0.03283833124925195,0.006328761577606201,-0.16289770603179932,-0.026133518379822362,-0.001011490821838379,-0.10412997007369995,-0.010010476869240392,0.03878670930862427,-0.19585996866226196,-0.004073390916630615,0.04690682888031006,-0.23487484455108643,-0.02506105200637876,0.04099118709564209,-0.17782872915267944,-0.01674852491606771,0.03248971700668335,-0.13551294803619385,-0.0030231256435513387
A with wrist,0.0,0.0,0.0,-0.07303398847579956,-0.04302924871444702,-0.025743008542690404,-0.11907541751861572,-0.14397019147872925,-0.0308446576333381,-0.13120293617248535,-0.23494988679885864,-0.03586496687296403,-0.14496713876724243,-0.30120670795440674,-0.03578155389789117,-0.08467274904251099,-0.2044399380683899,0.001856449807178251,-0.07938951253890991,-0.26565203070640564,-0.026212739709649213,-0.0678604245185852,-0.19206321239471436,-0.040742008898291715,-0.06344324350357056,-0.1360318660736084,-0.04437639093760026,-0.03908818960189819,-0.20766818523406982,0.004370547879602782,-0.0329936146736145,-0.260700523853302,-0.030162167686853536,-0.026330113410949707,-0.1730959415435791,-0.03956824070576204,-0.028115510940551758,-0.11174100637435913,-0.03522504395607484,0.0007123351097106934,-0.20411920547485352,0.0007228112566508571,0.008093774318695068,-0.24500834941864014,-0.034155203912291654,0.005485117435455322,-0.16041934490203857,-0.027894352514181264,-0.0023270249366760254,-0.10232526063919067,-0.011827335644397863,0.036860525608062744,-0.19521450996398926,-0.0049678226447440466,0.04586821794509888,-0.23262852430343628,-0.02676240443054212,0.040419161319732666,-0.17418432235717773,-0.018883240360651143,0.03153806924819946,-0.131869375705719,-0.005263524547103771
A with wrist,0.0,0.0,0.0,-0.07160621881484985,-0.043211400508880615,-0.02506539960432974,-0.11671900749206543,-0.14446842670440674,-0.03000077408779589,-0.12861955165863037,-0.23374617099761963,-0.03493853648234335,-0.1422063112258911,-0.29947084188461304,-0.03486570705700842,-0.08440792560577393,-0.20319342613220215,0.000938751895034784,-0.07847785949707031,-0.2643016278743744,-0.027329936521539366,-0.06666451692581177,-0.19225114583969116,-0.04170849909115759,-0.06222677230834961,-0.13517779111862183,-0.045071791755447066,-0.038305461406707764,-0.2066441774368286,0.0030644555665162443,-0.03221195936203003,-0.2595788836479187,-0.03110013519454924,-0.02435857057571411,-0.1733313798904419,-0.03998255719471899,-0.025182247161865234,-0.11055052280426025,-0.035313408719787276,0.002208530902862549,-0.20415323972702026,-0.0009518660515936972,0.008995532989501953,-0.24461495876312256,-0.035650752382764495,0.00772017240524292,-0.16104775667190552,-0.029699752005228675,0.0005494952201843262,-0.10196036100387573,-0.013861240717062628,0.03874051570892334,-0.1962655782699585,-0.006943988977411664,0.04681521654129028,-0.23384788632392883,-0.028970545055756247,0.042617619037628174,-0.1760442852973938,-0.021630884977469123,0.03398841619491577,-0.1330251693725586,-0.008387601832339442
A with wrist,0.0,0.0,0.0,-0.07204139232635498,-0.04150670766830444,-0.024335803514361487,-0.11662954092025757,-0.1414731740951538,-0.0293762591239215,-0.12760025262832642,-0.23035258054733276,-0.03465824206733714,-0.1422765851020813,-0.2962971329689026,-0.035068649848938094,-0.08513659238815308,-0.20147907733917236,0.0012335295984371442,-0.07862293720245361,-0.2615474760532379,-0.0274549834933282,-0.06679385900497437,-0.18875336647033691,-0.04201012109780322,-0.062011778354644775,-0.1317177414894104,-0.045438714375734435,-0.03887319564819336,-0.20536065101623535,0.0027886079121230978,-0.032805562019348145,-0.2577556371688843,-0.031240148520112143,-0.02493464946746826,-0.17066633701324463,-0.039859473755598174,-0.02544313669204712,-0.10862076282501221,-0.03508379687929164,0.0017682909965515137,-0.2030543088912964,-0.0017925324421526057,0.008233249187469482,-0.24331161379814148,-0.03650437300467502,0.007019758224487305,-0.15864384174346924,-0.03002701332235347,7.683038711547852e-05,-0.09988260269165039,-0.013848100839197741,0.03837418556213379,-0.19497597217559814,-0.008288815667867766,0.046047866344451904,-0.23217546939849854,-0.029962835883736716,0.04187840223312378,-0.1740550398826599,-0.022078167697429762,0.033329129219055176,-0.1317828893661499,-0.008524005351603137
A with wrist,0.0,0.0,0.0,-0.07052415609359741,-0.04173213243484497,-0.024708276108412974,-0.11532491445541382,-0.14410293102264404,-0.02948350967517399,-0.12717688083648682,-0.2327205240726471,-0.0341603117590239,-0.14281117916107178,-0.2978382110595703,-0.034004076809196704,-0.08620744943618774,-0.2016419768333435,-0.0005604462526207499,-0.07938146591186523,-0.2612638473510742,-0.029294384137301677,-0.0667961835861206,-0.18938040733337402,-0.043714209884910815,-0.06241905689239502,-0.13198226690292358,-0.04706676626256012,-0.03964918851852417,-0.20546448230743408,0.0010856325211534568,-0.03332775831222534,-0.2582605183124542,-0.03316656822016739,-0.025004327297210693,-0.17210352420806885,-0.041698552161960833,-0.026172637939453125,-0.10960865020751953,-0.036873720080166095,0.0016660690307617188,-0.20295929908752441,-0.003303806722669833,0.008473813533782959,-0.2438334822654724,-0.038396886975078814,0.007628142833709717,-0.15914738178253174,-0.03185368651202225,-5.02467155456543e-05,-0.09950971603393555,-0.015647259966044658,0.038889527320861816,-0.19472545385360718,-0.009584915318100684,0.04641634225845337,-0.23205554485321045,-0.03211410293033623,0.042321741580963135,-0.17285799980163574,-0.02429705248823666,0.03302896022796631,-0.12938135862350464,-0.010683258489279979
A with wrist,0.0,0.0,0.0,-0.0701606273651123,-0.042070984840393066,-0.02329857669349167,-0.11484766006469727,-0.14520937204360962,-0.027699250947193832,-0.1255221962928772,-0.23331663012504578,-0.03243105694230053,-0.14013606309890747,-0.29810023307800293,-0.03238277718003246,-0.08580201864242554,-0.20379900932312012,0.0013717102254986457,-0.07927101850509644,-0.2619028687477112,-0.02728944852526638,-0.06624817848205566,-0.18830817937850952,-0.04179883583958599,-0.06128615140914917,-0.13071244955062866,-0.04527526929553005,-0.03867572546005249,-0.20798081159591675,0.002066399449972778,-0.03400886058807373,-0.25940704345703125,-0.03203249185855839,-0.025232136249542236,-0.17254739999771118,-0.040593574042873115,-0.025475502014160156,-0.10995888710021973,-0.03574792503889057,0.00338900089263916,-0.20549488067626953,-0.003265536376716227,0.007692575454711914,-0.24589157104492188,-0.03796598150904629,0.007905185222625732,-0.1598791480064392,-0.030958403121189804,0.0011622905731201172,-0.09954977035522461,-0.014488980393366546,0.041252970695495605,-0.1968761682510376,-0.010441373321668834,0.04619938135147095,-0.23381468653678894,-0.03237761765296909,0.04224210977554321,-0.17374783754348755,-0.023973852615313263,0.03350573778152466,-0.12967371940612793,-0.010040023583428592
A with wrist,0.0,0.0,0.0,-0.07173597812652588,-0.04254716634750366,-0.024124810852697465,-0.1169891357421875,-0.1456819772720337,-0.028376618780782792,-0.12824583053588867,-0.23435735702514648,-0.03288281747012434,-0.14384949207305908,-0.29946333169937134,-0.032557834320357415,-0.0883522629737854,-0.20369619131088257,0.002305711238989261,-0.08135592937469482,-0.2631787657737732,-0.026825283103278252,-0.06868618726730347,-0.19073611497879028,-0.04172508456616697,-0.06414514780044556,-0.13344943523406982,-0.04522015192418394,-0.04125356674194336,-0.20732849836349487,0.0034738861409664423,-0.03539830446243286,-0.26035457849502563,-0.030792458363464448,-0.026961326599121094,-0.17357361316680908,-0.03949900382070837,-0.027717292308807373,-0.11124718189239502,-0.03454413303046522,0.0007929801940917969,-0.205033540725708,-0.0016850214764758675,0.006348609924316406,-0.24617239832878113,-0.036771733694365594,0.005760610103607178,-0.16078752279281616,-0.030276524283578965,-0.0012150406837463379,-0.10121214389801025,-0.01386678536294994,0.03894853591918945,-0.19711226224899292,-0.008758495942345235,0.04477792978286743,-0.23570787906646729,-0.03063169904856977,0.04081070423126221,-0.1765924096107483,-0.02240273394494352,0.032218337059020996,-0.13325607776641846,-0.008470363364210698
A with wrist,0.0,0.0,0.0,-0.07185184955596924,-0.04286700487136841,-0.022828343977664645,-0.11627423763275146,-0.1457952857017517,-0.027366859560345347,-0.12688034772872925,-0.23435726761817932,-0.032311726083491976,-0.14106738567352295,-0.2995309829711914,-0.03275896953556412,-0.08570170402526855,-0.20397287607192993,0.0006737091331956435,-0.07925087213516235,-0.26258885860443115,-0.028473108728860552,-0.06754189729690552,-0.18973690271377563,-0.04380175443503731,-0.06270098686218262,-0.13072454929351807,-0.04774346174809807,-0.03861796855926514,-0.20725470781326294,0.0011343267266852308,-0.033061325550079346,-0.2591928243637085,-0.03308896320078247,-0.02518707513809204,-0.17278873920440674,-0.04215652095291489,-0.02542322874069214,-0.10835051536560059,-0.037789296080802615,0.0034355521202087402,-0.204664409160614,-0.0043093852712559055,0.008983194828033447,-0.24596476554870605,-0.03881867574665421,0.007906615734100342,-0.16100138425827026,-0.03237347277018898,0.0007506608963012695,-0.09960711002349854,-0.016463799124096568,0.04122191667556763,-0.19610953330993652,-0.011558337790404494,0.04672229290008545,-0.2335374653339386,-0.0336197984418618,0.04245048761367798,-0.17380374670028687,-0.025553298836086924,0.033677518367767334,-0.1288440227508545,-0.011877091323469813
A with wrist,0.0,0.0,0.0,-0.07171517610549927,-0.043060898780822754,-0.02285295966163403,-0.11606109142303467,-0.14684617519378662,-0.02732669058337933,-0.12552237510681152,-0.23569801449775696,-0.032280991404206816,-0.1384381651878357,-0.3016062378883362,-0.03271583709016568,-0.0844307541847229,-0.205957293510437,0.0016488348218786086,-0.07783913612365723,-0.2645769715309143,-0.027444707780034605,-0.06634277105331421,-0.19072866439819336,-0.04289405289188153,-0.06205326318740845,-0.1326422095298767,-0.04705182704225308,-0.036922335624694824,-0.20916330814361572,0.0018408740024256076,-0.031774818897247314,-0.2611863613128662,-0.03209539744153744,-0.02458357810974121,-0.17366701364517212,-0.041178661017568174,-0.025724291801452637,-0.11040240526199341,-0.03687346595421559,0.0055730342864990234,-0.20597368478775024,-0.003945182627887789,0.01006990671157837,-0.24751096963882446,-0.038577130614669386,0.008696913719177246,-0.16126024723052979,-0.03160802143707997,0.0010181069374084473,-0.1007387638092041,-0.015292324676067892,0.04376566410064697,-0.19645154476165771,-0.01151322349056727,0.0483742356300354,-0.23506957292556763,-0.03334512057796246,0.04379987716674805,-0.17474877834320068,-0.02440594750538594,0.03474712371826172,-0.13041365146636963,-0.010125863916130129
A with wrist,0.0,0.0,0.0,-0.07351070642471313,-0.04243159294128418,-0.02302307818990812,-0.1193193793296814,-0.1466197371482849,-0.027049489291130158,-0.12930846214294434,-0.23707032203674316,-0.03167761859458551,-0.14292484521865845,-0.30359235405921936,-0.031751602859912964,-0.08802777528762817,-0.20741140842437744,0.0038494358586831368,-0.08138459920883179,-0.26515403389930725,-0.02564760853510961,-0.06996846199035645,-0.19139063358306885,-0.041845239670692536,-0.06585747003555298,-0.13345927000045776,-0.04641637203258142,-0.04040616750717163,-0.2107839584350586,0.004003229113550333,-0.035092294216156006,-0.26231569051742554,-0.030241606728850456,-0.028103351593017578,-0.17477548122406006,-0.03996086117786035,-0.029511094093322754,-0.11167562007904053,-0.035832673283039185,0.0022690296173095703,-0.20785146951675415,-0.0020643914767788374,0.007122457027435303,-0.24762636423110962,-0.03738421943944559,0.00522381067276001,-0.16092634201049805,-0.03112246279579267,-0.002830803394317627,-0.10092556476593018,-0.014900482231496426,0.04103362560272217,-0.19851291179656982,-0.009939414420841786,0.046327292919158936,-0.23539966344833374,-0.03219712150257692,0.04115331172943115,-0.1745554804801941,-0.023523816810666176,0.03155010938644409,-0.13044029474258423,-0.009157947236417385
A with wrist,0.0,0.0,0.0,-0.07327896356582642,-0.041777074337005615,-0.021881090676913573,-0.11882424354553223,-0.14648926258087158,-0.026211677318940474,-0.12828385829925537,-0.23647978901863098,-0.03131248821927102,-0.1413174271583557,-0.30306726694107056,-0.03213449587536843,-0.0866042971611023,-0.20789605379104614,0.001834234721457051,-0.08013498783111572,-0.26557305455207825,-0.02814921756697686,-0.06859970092773438,-0.19141483306884766,-0.044713098755607916,-0.064231276512146,-0.13135439157485962,-0.049588669291267706,-0.03830999135971069,-0.2110500931739807,0.001013346864340292,-0.034214913845062256,-0.2620506286621094,-0.03350570445371659,-0.0270349383354187,-0.17430758476257324,-0.043266929885874106,-0.027957797050476074,-0.10959148406982422,-0.03939854373646767,0.005285203456878662,-0.20787179470062256,-0.005714383176098181,0.008638381958007812,-0.24829509854316711,-0.0409933852167228,0.007117927074432373,-0.16072380542755127,-0.03424133007837327,-0.0008164048194885254,-0.0990985631942749,-0.018003542176018072,0.04504519701004028,-0.1981692910194397,-0.014120112373063876,0.04790306091308594,-0.23570865392684937,-0.03657434155655892,0.042795538902282715,-0.17353922128677368,-0.027346495738754584,0.03326290845870972,-0.12781566381454468,-0.012730637765059782
A with wrist,0.0,0.0,0.0,-0.07367807626724243,-0.04247760772705078,-0.02268320353556419,-0.11905926465988159,-0.14598417282104492,-0.027001191245801692,-0.12824159860610962,-0.2362416684627533,-0.03208909960318351,-0.1423131823539734,-0.30246782302856445,-0.03291547329951072,-0.08660078048706055,-0.20745325088500977,0.0026865617014095733,-0.08038020133972168,-0.26344093680381775,-0.027796052711494212,-0.06842654943466187,-0.18994396924972534,-0.04505999790359283,-0.06374311447143555,-0.1306074857711792,-0.05032584847737098,-0.038330793380737305,-0.21118128299713135,0.0022773907161877105,-0.033670902252197266,-0.2609710693359375,-0.032826431410796886,-0.025945544242858887,-0.17309844493865967,-0.04316708849597717,-0.026639580726623535,-0.10890066623687744,-0.039560333209522014,0.005104184150695801,-0.20810961723327637,-0.004234099144525771,0.010087370872497559,-0.24764561653137207,-0.04029628293443466,0.008549511432647705,-0.15968847274780273,-0.03379927234578872,0.0005987882614135742,-0.09807896614074707,-0.01742778377462173,0.044317424297332764,-0.19835400581359863,-0.012525459135360961,0.049698829650878906,-0.23454657196998596,-0.03528849067021156,0.04436725378036499,-0.17288267612457275,-0.026210505830533748,0.03441518545150757,-0.12809038162231445,-0.011540150585062747
A with wrist,0.0,0.0,0.0,-0.07363104820251465,-0.042671799659729004,-0.022230372694423295,-0.11958283185958862,-0.14661526679992676,-0.02637116138367901,-0.1283971071243286,-0.23599699139595032,-0.031224767607739068,-0.1420973539352417,-0.30142802000045776,-0.03169359725444565,-0.0860280990600586,-0.2075076699256897,0.0011816768207495443,-0.08093637228012085,-0.2614242434501648,-0.02933996629445801,-0.0689275860786438,-0.18735051155090332,-0.045928285387446977,-0.06374132633209229,-0.12792932987213135,-0.05074464988439331,-0.03790324926376343,-0.21110403537750244,0.0003632077247743837,-0.03477257490158081,-0.2593269348144531,-0.03503016096084366,-0.02713865041732788,-0.17099225521087646,-0.04442542877524147,-0.026545226573944092,-0.10704201459884644,-0.04011605393617401,0.0056594014167785645,-0.20788300037384033,-0.006465888978084422,0.009150266647338867,-0.24798160791397095,-0.04270622592895279,0.007681548595428467,-0.15926259756088257,-0.03510817599027405,0.0009227395057678223,-0.09723013639450073,-0.017986898240735627,0.04547661542892456,-0.19774901866912842,-0.015087719936957456,0.04943603277206421,-0.2341587245464325,-0.038388245669295884,0.04401355981826782,-0.17208236455917358,-0.0289496769431139,0.03500378131866455,-0.12724334001541138,-0.013940619235029317
A with wrist,0.0,0.0,0.0,-0.07536303997039795,-0.040528059005737305,-0.021598534130816915,-0.12233614921569824,-0.14387154579162598,-0.025435417362814405,-0.1310167908668518,-0.23386681079864502,-0.030275828608637312,-0.14443033933639526,-0.29991209506988525,-0.030820007839565733,-0.08925831317901611,-0.2054305076599121,0.0022431361178405496,-0.0849047303199768,-0.2601175308227539,-0.029288216897612074,-0.07321721315383911,-0.18649184703826904,-0.04655171132958458,-0.06758803129196167,-0.12590056657791138,-0.051506947198276976,-0.04134589433670044,-0.20853203535079956,0.0008214967713229271,-0.039437711238861084,-0.2581368088722229,-0.0352315711168103,-0.03189975023269653,-0.16951870918273926,-0.04468918166435287,-0.03013378381729126,-0.10540908575057983,-0.040212656774883726,0.002460777759552002,-0.20531606674194336,-0.006811895345663288,0.004943251609802246,-0.24783951044082642,-0.043889592805271604,0.003354191780090332,-0.1584210991859436,-0.036338306435709455,-0.002464771270751953,-0.09568047523498535,-0.018926474669342497,0.0434492826461792,-0.19549858570098877,-0.01621730200326965,0.04596215486526489,-0.23412245512008667,-0.040340642848377684,0.04012274742126465,-0.17207622528076172,-0.031068583422666052,0.03133034706115723,-0.12650185823440552,-0.015955106758838156
A with wrist,0.0,0.0,0.0,-0.07675153017044067,-0.04190415143966675,-0.02046315619509187,-0.12379235029220581,-0.14316785335540771,-0.02443022342185941,-0.13227075338363647,-0.2324475646018982,-0.029759199039745,-0.14508110284805298,-0.29874587059020996,-0.031029711158680584,-0.08887475728988647,-0.206240713596344,0.0030233160055104236,-0.08615773916244507,-0.25957512855529785,-0.02798886285881963,-0.07450240850448608,-0.1858077049255371,-0.04549910375635591,-0.06915897130966187,-0.12558406591415405,-0.05091950544874635,-0.040905773639678955,-0.21008634567260742,0.0010122382941517571,-0.040902554988861084,-0.257504403591156,-0.03398183235685792,-0.03332012891769409,-0.16923308372497559,-0.043676579983639385,-0.031771183013916016,-0.1053362488746643,-0.039982332529234554,0.0034602880477905273,-0.20694005489349365,-0.00701286565299597,0.003751993179321289,-0.24980899691581726,-0.04316567132036653,0.002826213836669922,-0.16058015823364258,-0.0354796710030314,-0.00234067440032959,-0.09729200601577759,-0.01847391450564828,0.04496842622756958,-0.19621020555496216,-0.016704127805041935,0.04528301954269409,-0.2361268699169159,-0.04019393646876779,0.03994375467300415,-0.17493844032287598,-0.03048173771958318,0.03198075294494629,-0.12929391860961914,-0.015315784753966
A with wrist,0.0,0.0,0.0,-0.07646924257278442,-0.040390968322753906,-0.021844522805963607,-0.12424325942993164,-0.14155805110931396,-0.026388296635900588,-0.13319140672683716,-0.23146986961364746,-0.0319763810952054,-0.14615648984909058,-0.2985188663005829,-0.03332052916482553,-0.09066903591156006,-0.20507270097732544,0.0014318809732003501,-0.08793830871582031,-0.26034361124038696,-0.030652262048874945,-0.07568955421447754,-0.1869741678237915,-0.04847356468633279,-0.06961166858673096,-0.12559419870376587,-0.05376895308688745,-0.042446911334991455,-0.20933985710144043,-8.085546539859934e-05,-0.04304558038711548,-0.25841236114501953,-0.036102099122558684,-0.03471648693084717,-0.16975563764572144,-0.04573405698135957,-0.031922101974487305,-0.10479652881622314,-0.04166989192560777,0.0022987723350524902,-0.20659023523330688,-0.007827977428291888,0.0018640756607055664,-0.2504380941390991,-0.04510244518712625,0.0015546679496765137,-0.16072583198547363,-0.037320108862672896,-0.0024797916412353516,-0.09588867425918579,-0.019858248310242743,0.044352054595947266,-0.19647687673568726,-0.01735974081054792,0.043404459953308105,-0.23759806156158447,-0.04202871188715562,0.03801816701889038,-0.17549020051956177,-0.032529989035879225,0.03069889545440674,-0.12782591581344604,-0.017202293278728575
A with wrist,0.0,0.0,0.0,-0.0770033597946167,-0.04082334041595459,-0.02132995422738304,-0.1258140206336975,-0.14037418365478516,-0.026189213579471016,-0.1356852650642395,-0.22955629229545593,-0.03223957303720226,-0.14839881658554077,-0.2967047393321991,-0.03415204394417515,-0.09264785051345825,-0.20559754967689514,0.0018802879304189446,-0.09046483039855957,-0.2596060633659363,-0.03097346048610916,-0.07752740383148193,-0.1861153244972229,-0.04969195831375828,-0.07095378637313843,-0.12480580806732178,-0.05554781291442623,-0.04405486583709717,-0.20985263586044312,-6.403909804930663e-05,-0.045395493507385254,-0.2587903141975403,-0.03660444352584591,-0.03662604093551636,-0.17002463340759277,-0.04673402938800564,-0.033834755420684814,-0.10497725009918213,-0.0429450999553751,0.0015219449996948242,-0.20732229948043823,-0.00822497062193861,-0.0003078579902648926,-0.2515089511871338,-0.045961650049264335,-0.00014394521713256836,-0.16154956817626953,-0.03827714729862919,-0.0039855241775512695,-0.09678620100021362,-0.020748920699531936,0.04460275173187256,-0.1973111629486084,-0.01808482218342533,0.041336774826049805,-0.23818311095237732,-0.04292310211616268,0.03632068634033203,-0.17563903331756592,-0.033238848632151985,0.029703974723815918,-0.1282411813735962,-0.017688838725860023
A with wrist,0.0,0.0,0.0,-0.07700449228286743,-0.03944873809814453,-0.020913999909282666,-0.12628090381622314,-0.13821393251419067,-0.02570851744127367,-0.13718611001968384,-0.2276986837387085,-0.03177076802563761,-0.15023541450500488,-0.29512959718704224,-0.03387302012157534,-0.09281158447265625,-0.2040960192680359,0.001625839704900045,-0.09184688329696655,-0.25860196352005005,-0.030586578333497982,-0.07855546474456787,-0.18603068590164185,-0.04882325083923433,-0.07202029228210449,-0.12417817115783691,-0.05443190262627695,-0.04461175203323364,-0.20909860730171204,-0.00039452500965353465,-0.047000765800476074,-0.25821852684020996,-0.03633440510344599,-0.037921905517578125,-0.17051208019256592,-0.046703974166632634,-0.03537797927856445,-0.10458439588546753,-0.043280912944794636,0.0008731484413146973,-0.20703956484794617,-0.008440313311041336,-0.0021822452545166016,-0.25073403120040894,-0.04581425563407038,-0.0016957521438598633,-0.16166597604751587,-0.038888441780329686,-0.005448341369628906,-0.09649866819381714,-0.022039052480579358,0.04407256841659546,-0.19731974601745605,-0.018059442201376896,0.039515674114227295,-0.2383982539176941,-0.042883826801300984,0.03489464521408081,-0.17638134956359863,-0.03365629390788172,0.02881830930709839,-0.12839186191558838,-0.01850964167130087
A with wrist,0.0,0.0,0.0,-0.07826733589172363,-0.03889667987823486,-0.020548769759273,-0.127702534198761,-0.13842356204986572,-0.02516329616520352,-0.13804900646209717,-0.22822725772857666,-0.031123050974940725,-0.1513696312904358,-0.29591113328933716,-0.03324640684041924,-0.09447932243347168,-0.20525214076042175,0.0021952122708057686,-0.0943981409072876,-0.259704053401947,-0.03004332401070542,-0.08075135946273804,-0.18634653091430664,-0.04854338385376877,-0.07349324226379395,-0.12534862756729126,-0.05440794445786423,-0.04593163728713989,-0.21047326922416687,-8.704016920546565e-06,-0.04939079284667969,-0.2594388723373413,-0.03559379421386666,-0.04004162549972534,-0.17099374532699585,-0.04582061760339684,-0.03665083646774292,-0.10600394010543823,-0.042349351125096746,9.226799011230469e-05,-0.2085212767124176,-0.008247468175625272,-0.004138767719268799,-0.25271591544151306,-0.045361512827014394,-0.003456413745880127,-0.16271084547042847,-0.03816530995283074,-0.00636368989944458,-0.09791707992553711,-0.02117586091372914,0.044094622135162354,-0.19893431663513184,-0.01803962096784062,0.037748634815216064,-0.24003064632415771,-0.042620738523339696,0.0330204963684082,-0.17748045921325684,-0.03315381102476067,0.027535319328308105,-0.12991565465927124,-0.017851944567894407
A with wrist,0.0,0.0,0.0,-0.0781635046005249,-0.03837233781814575,-0.019973418635515827,-0.12832677364349365,-0.13793331384658813,-0.024495226291207928,-0.1392226219177246,-0.22775715589523315,-0.03040652252474274,-0.15218722820281982,-0.2954339385032654,-0.032483716455487865,-0.09470140933990479,-0.2049332857131958,0.001860438536652964,-0.09538322687149048,-0.25945791602134705,-0.029918930453447956,-0.08190321922302246,-0.1867099404335022,-0.04784144177773442,-0.07460582256317139,-0.12564003467559814,-0.053388231394080776,-0.04605555534362793,-0.21028441190719604,-0.0005258563507481995,-0.0504070520401001,-0.25958383083343506,-0.035612327006845135,-0.041012346744537354,-0.1715489625930786,-0.0454853372249886,-0.03758209943771362,-0.10663080215454102,-0.04195345282295193,0.0001252889633178711,-0.2086743712425232,-0.008792427328614849,-0.005179107189178467,-0.25299641489982605,-0.045241371688632626,-0.004379391670227051,-0.16328823566436768,-0.037795954344062466,-0.007082819938659668,-0.09878474473953247,-0.020926267800120968,0.04453420639038086,-0.19952630996704102,-0.018562233966974873,0.03697919845581055,-0.24019989371299744,-0.04232649221756901,0.032171785831451416,-0.17810940742492676,-0.03262851103880848,0.026860475540161133,-0.131244957447052,-0.017464081716923374
A with wrist,0.0,0.0,0.0,-0.07853078842163086,-0.039572179317474365,-0.01921673347089836,-0.12839078903198242,-0.13839101791381836,-0.023508856490593644,-0.1393427848815918,-0.22748148441314697,-0.02930877772007534,-0.15305095911026,-0.29453206062316895,-0.03132184450362274,-0.09471732378005981,-0.20501771569252014,0.002189771087500958,-0.09592229127883911,-0.25934815406799316,-0.02892399248514721,-0.08272969722747803,-0.18639588356018066,-0.04654280696843216,-0.07537627220153809,-0.12474691867828369,-0.05196939636800835,-0.04615223407745361,-0.21075871586799622,-0.0004015053665398227,-0.05115377902984619,-0.2594141662120819,-0.034835206762295456,-0.04193150997161865,-0.17185276746749878,-0.04454581294987747,-0.03821021318435669,-0.10642558336257935,-0.04107219208810875,8.356571197509766e-05,-0.2093506157398224,-0.008736486032944413,-0.005982935428619385,-0.2531468868255615,-0.044387842014771195,-0.005307316780090332,-0.16403347253799438,-0.03696248535845825,-0.007787466049194336,-0.0988922119140625,-0.020352393806319924,0.04453164339065552,-0.2000894844532013,-0.018541850567203255,0.036293745040893555,-0.24109038710594177,-0.042011755004864426,0.030960381031036377,-0.17895066738128662,-0.032360764637928696,0.025392532348632812,-0.13088345527648926,-0.01731759910319397
A with wrist,0.0,0.0,0.0,-0.0786886215209961,-0.03956747055053711,-0.01922751742085893,-0.12864810228347778,-0.13831961154937744,-0.023291350925774168,-0.13979214429855347,-0.22757911682128906,-0.02904100681325872,-0.15459030866622925,-0.2952694892883301,-0.03113963978967149,-0.0948975682258606,-0.2055395543575287,0.003913958904831816,-0.09669458866119385,-0.2595769166946411,-0.027864930803389143,-0.08364558219909668,-0.18764722347259521,-0.04632598499438245,-0.07599824666976929,-0.1263003945350647,-0.0521610263981529,-0.04638606309890747,-0.21146759390830994,0.0012709153802461515,-0.05196881294250488,-0.2600773572921753,-0.03359169850727994,-0.04272109270095825,-0.17258906364440918,-0.04405004868885953,-0.03864234685897827,-0.1074783205986023,-0.04092460463425596,-9.506940841674805e-05,-0.2105187475681305,-0.0073162136845894565,-0.007063508033752441,-0.25462085008621216,-0.04339051211854894,-0.0063825249671936035,-0.16544592380523682,-0.036545049051255774,-0.0082588791847229,-0.10069847106933594,-0.02010758745154817,0.0446774959564209,-0.20199346542358398,-0.017401143560618948,0.035258352756500244,-0.2431585192680359,-0.040953747580260824,0.03036409616470337,-0.18141478300094604,-0.03156696597716291,0.026047229766845703,-0.1342090368270874,-0.01660305413088281
A with wrist,0.0,0.0,0.0,-0.0790361762046814,-0.040515244007110596,-0.018668488372384218,-0.12859433889389038,-0.13864463567733765,-0.022656460065661577,-0.13972198963165283,-0.2273927927017212,-0.028482419211684373,-0.15512776374816895,-0.29468607902526855,-0.030755485181032327,-0.09551310539245605,-0.2057112753391266,0.004151785041869971,-0.09724235534667969,-0.25977519154548645,-0.027244441915570405,-0.08419877290725708,-0.18794018030166626,-0.045508992631255296,-0.07657879590988159,-0.1263357400894165,-0.051287718821583894,-0.04645282030105591,-0.21168389916419983,0.0011587652784896818,-0.05265212059020996,-0.2607436180114746,-0.033543807227431444,-0.043626368045806885,-0.17381995916366577,-0.044254381913958696,-0.03973042964935303,-0.1079409122467041,-0.04136568378311267,0.0002167224884033203,-0.21070852875709534,-0.007648135774104503,-0.007433891296386719,-0.25569072365760803,-0.04363498534661403,-0.0069509148597717285,-0.16694140434265137,-0.03715968202453723,-0.00904238224029541,-0.10107487440109253,-0.02101564850312343,0.04516822099685669,-0.2019992172718048,-0.017887561355053094,0.03487205505371094,-0.24331402778625488,-0.04175360943776241,0.029675543308258057,-0.18129968643188477,-0.03267011116844287,0.02504950761795044,-0.13260036706924438,-0.017890537862001565
A with wrist,0.0,0.0,0.0,-0.07944685220718384,-0.040198326110839844,-0.018468328468202344,-0.12987291812896729,-0.1382371187210083,-0.022138423002957097,-0.14160799980163574,-0.2268678843975067,-0.027669300041793576,-0.156882643699646,-0.29423952102661133,-0.029668827257751218,-0.09731602668762207,-0.20499122142791748,0.005784796368629941,-0.09862017631530762,-0.25856804847717285,-0.024908172614573232,-0.08588892221450806,-0.18716388940811157,-0.04322793213248133,-0.07835584878921509,-0.12620967626571655,-0.04928731796860575,-0.04854923486709595,-0.21220070123672485,0.003025040081070074,-0.05441015958786011,-0.25975775718688965,-0.03079394874691843,-0.04547375440597534,-0.17328613996505737,-0.041675808556078664,-0.04163515567779541,-0.10771453380584717,-0.039200368053911916,-0.0020051002502441406,-0.2123824954032898,-0.005578372344075433,-0.009621202945709229,-0.255784273147583,-0.040669212765692464,-0.009210288524627686,-0.16814064979553223,-0.034689462460278264,-0.011374592781066895,-0.10264462232589722,-0.01923110587119936,0.04285883903503418,-0.20472067594528198,-0.015638860590456716,0.03269010782241821,-0.24449169635772705,-0.03905705241083979,0.02759915590286255,-0.18268299102783203,-0.0303344435018289,0.022868871688842773,-0.13382267951965332,-0.015980300210117093
A with wrist,0.0,0.0,0.0,-0.07953900098800659,-0.03975868225097656,-0.019056699536861288,-0.13047540187835693,-0.13688921928405762,-0.0230234668777598,-0.14338058233261108,-0.22565463185310364,-0.028739136941851484,-0.15746569633483887,-0.2931653559207916,-0.030676561705888616,-0.0982828140258789,-0.20372512936592102,0.005033552348493231,-0.09985798597335815,-0.2599126994609833,-0.02514156077069174,-0.0866193175315857,-0.18746650218963623,-0.04247144918900858,-0.07900267839431763,-0.1264193058013916,-0.04797275301081072,-0.04944807291030884,-0.21146336197853088,0.002577664265288604,-0.05545598268508911,-0.2607201635837555,-0.031484841667236196,-0.04593062400817871,-0.17376691102981567,-0.042064584158481466,-0.04224950075149536,-0.1082717776298523,-0.039203538857520925,-0.003120243549346924,-0.2120869755744934,-0.005686291325957882,-0.01068037748336792,-0.2560526430606842,-0.04111862864357363,-0.009705662727355957,-0.16786819696426392,-0.03490469541412722,-0.011931896209716797,-0.10215818881988525,-0.019100758545221197,0.04147005081176758,-0.2048073410987854,-0.015420614108563768,0.03165918588638306,-0.24386972188949585,-0.03910979192716013,0.02678549289703369,-0.18191677331924438,-0.030527993403495657,0.021762430667877197,-0.13293063640594482,-0.01617348317068945
A with wrist,0.0,0.0,0.0,-0.0801803469657898,-0.03982973098754883,-0.018102117245689442,-0.13123023509979248,-0.13800108432769775,-0.02156714945067506,-0.14377635717391968,-0.2271299660205841,-0.027044890811339428,-0.15819913148880005,-0.2946181297302246,-0.02871524206329923,-0.0968705415725708,-0.20476707816123962,0.00563561833496351,-0.10104405879974365,-0.2616156041622162,-0.023998828967705776,-0.08847105503082275,-0.18770354986190796,-0.04059580191005807,-0.07965123653411865,-0.12724018096923828,-0.045688519617215206,-0.0478329062461853,-0.2119435966014862,0.002765908707260678,-0.05585235357284546,-0.26096826791763306,-0.030639071380392124,-0.04732471704483032,-0.17344588041305542,-0.04035636632670503,-0.04189640283584595,-0.10956138372421265,-0.037080528577462246,-0.0015957355499267578,-0.21150708198547363,-0.005868034800187161,-0.011165738105773926,-0.25606009364128113,-0.040367516120568325,-0.010657668113708496,-0.16738295555114746,-0.03308497591842752,-0.01066368818283081,-0.10271584987640381,-0.016852833693519642,0.04307836294174194,-0.2038913369178772,-0.016000759219423344,0.03121286630630493,-0.24378466606140137,-0.03861094488729577,0.025705397129058838,-0.18258726596832275,-0.029343452667490055,0.022406399250030518,-0.13473927974700928,-0.014755005379811337
A with wrist,0.0,0.0,0.0,-0.0801311731338501,-0.040661752223968506,-0.01788356257469559,-0.1318376064300537,-0.14000588655471802,-0.020886137242030145,-0.14462125301361084,-0.22988760471343994,-0.025961429903816224,-0.15975284576416016,-0.2974070906639099,-0.027356474752139093,-0.09630447626113892,-0.2051047384738922,0.006827433501769065,-0.10028582811355591,-0.26241350173950195,-0.02286562425882721,-0.0886886715888977,-0.1889648139476776,-0.03971975026519203,-0.08017051219940186,-0.12809008359909058,-0.044869226495336534,-0.04726499319076538,-0.21203583478927612,0.003931650800097941,-0.05510592460632324,-0.26326146721839905,-0.0300399447777977,-0.0474013090133667,-0.17501944303512573,-0.04015480829269791,-0.04230654239654541,-0.10911637544631958,-0.03669185666234398,-0.0014594793319702148,-0.2118234634399414,-0.004782360604565383,-0.009946644306182861,-0.25724565982818604,-0.03994689611585045,-0.010523676872253418,-0.16809213161468506,-0.03321021525056267,-0.011357307434082031,-0.10222327709197998,-0.016852195466469766,0.04263883829116821,-0.20491206645965576,-0.014919522310208322,0.03146255016326904,-0.2447212040424347,-0.03775560958177948,0.025574803352355957,-0.18280601501464844,-0.02855594744772816,0.021908998489379883,-0.1342877745628357,-0.013768922629367353
A with wrist,0.0,0.0,0.0,-0.07990562915802002,-0.038522422313690186,-0.01803235285694882,-0.13192647695541382,-0.13816291093826294,-0.02112407558377072,-0.1449730396270752,-0.22859379649162292,-0.026139338917687382,-0.16063851118087769,-0.2961291968822479,-0.0273344511609821,-0.09750837087631226,-0.20411941409111023,0.005416476216510091,-0.10216093063354492,-0.2622581124305725,-0.024219341061666455,-0.08913475275039673,-0.18794846534729004,-0.040439968414261784,-0.07989639043807983,-0.12694710493087769,-0.04505815491791054,-0.048893094062805176,-0.21164503693580627,0.00269388342496768,-0.056700050830841064,-0.26297593116760254,-0.030974430448964085,-0.04758250713348389,-0.1746111512184143,-0.040082888163283314,-0.04184925556182861,-0.10957413911819458,-0.03592492029781624,-0.0034433603286743164,-0.2114000916481018,-0.005757301531389203,-0.01175624132156372,-0.25606849789619446,-0.04038335890288636,-0.010736048221588135,-0.16624248027801514,-0.032633469856932606,-0.010500490665435791,-0.10177236795425415,-0.015743294216349568,0.04056638479232788,-0.20448625087738037,-0.015682732171967473,0.029950320720672607,-0.24345025420188904,-0.0377621366154699,0.02449500560760498,-0.1820327639579773,-0.02808246337588116,0.021220862865447998,-0.1357315182685852,-0.013130176297977414
A with wrist,0.0,0.0,0.0,-0.07989484071731567,-0.03975653648376465,-0.017554048563283686,-0.1309727430343628,-0.13850533962249756,-0.02076775778357387,-0.1441439390182495,-0.22844675183296204,-0.026010546947759394,-0.16027864813804626,-0.29560187458992004,-0.027666129286330943,-0.09680330753326416,-0.2059672772884369,0.0053409984121799425,-0.10112178325653076,-0.2623426914215088,-0.024088671545428042,-0.0881500244140625,-0.18956345319747925,-0.04042080987517238,-0.07917308807373047,-0.12846767902374268,-0.045097062478703265,-0.04819691181182861,-0.21308064460754395,0.0022519816430985884,-0.054950177669525146,-0.26120153069496155,-0.031042778978985552,-0.045745849609375,-0.17266172170639038,-0.040218195061129336,-0.04010862112045288,-0.10728293657302856,-0.03627802629296184,-0.002682626247406006,-0.21232560276985168,-0.006479175410163407,-0.010284245014190674,-0.2542448341846466,-0.04099956352536083,-0.009364664554595947,-0.16463392972946167,-0.03327870939199329,-0.00901097059249878,-0.0998658537864685,-0.01653758820418716,0.041504502296447754,-0.20452451705932617,-0.016600379834812884,0.0313260555267334,-0.2437056005001068,-0.03882169176165462,0.025591731071472168,-0.1810956597328186,-0.02870542567495704,0.021993637084960938,-0.13311821222305298,-0.013384666408342127
A with wrist,0.0,0.0,0.0,-0.07974201440811157,-0.04010474681854248,-0.01826180660339105,-0.13105905055999756,-0.13836634159088135,-0.021889674972612738,-0.14519089460372925,-0.2278636395931244,-0.02718664662154424,-0.16128891706466675,-0.29471439123153687,-0.028755554493386626,-0.09698379039764404,-0.2050253450870514,0.0033428936434347634,-0.10143214464187622,-0.26221638917922974,-0.025396154757459044,-0.08823931217193604,-0.18938606977462769,-0.04113116630526292,-0.07882702350616455,-0.12865793704986572,-0.045602472063023924,-0.04831963777542114,-0.21243184804916382,0.0008034048654508297,-0.05506241321563721,-0.2612892985343933,-0.03226540007801759,-0.04553544521331787,-0.173126220703125,-0.04108464115472543,-0.039338529109954834,-0.1067122220993042,-0.03694198795767534,-0.003112196922302246,-0.21148425340652466,-0.007202880486715912,-0.010693371295928955,-0.25168001651763916,-0.041307704087216734,-0.009538829326629639,-0.1632692813873291,-0.03357165076943147,-0.008933007717132568,-0.09825050830841064,-0.01693851084621656,0.04038071632385254,-0.20336368680000305,-0.01665409238250959,0.030897974967956543,-0.24255520105361938,-0.038945821609218,0.025113224983215332,-0.18045228719711304,-0.029078488733489394,0.02147388458251953,-0.13176065683364868,-0.013961125660557627
A with wrist,0.0,0.0,0.0,-0.0799950361251831,-0.04111957550048828,-0.017493235087954417,-0.1313907504081726,-0.14070522785186768,-0.020891836053692714,-0.14526653289794922,-0.22971540689468384,-0.026056815079414264,-0.1624317169189453,-0.2956641912460327,-0.02776227532979192,-0.0958937406539917,-0.20610973238945007,0.002897253817877754,-0.10113292932510376,-0.2619822919368744,-0.02618599138315858,-0.08924812078475952,-0.1891057789325714,-0.04250700785871686,-0.08016502857208252,-0.1288759708404541,-0.04751075073238553,-0.04721575975418091,-0.21243271231651306,-0.00013127544173130445,-0.05532872676849365,-0.2615587115287781,-0.033450521669351474,-0.046635568141937256,-0.17396527528762817,-0.04256946607586087,-0.03997659683227539,-0.10670644044876099,-0.03871392472740354,-0.0018537640571594238,-0.2107011377811432,-0.00850913222041072,-0.010167419910430908,-0.2514411509037018,-0.042318638554775134,-0.009802460670471191,-0.16394388675689697,-0.03511831550952138,-0.009294629096984863,-0.09877914190292358,-0.01906200512405576,0.04225039482116699,-0.20215058326721191,-0.01825815080758275,0.031063437461853027,-0.2416853904724121,-0.04026287808176221,0.02518773078918457,-0.18079888820648193,-0.03086109287198724,0.022172510623931885,-0.1327453851699829,-0.016298018536531345
A with wrist,0.0,0.0,0.0,-0.07924622297286987,-0.0404697060585022,-0.018046857755166457,-0.12964880466461182,-0.13934922218322754,-0.021766344051343367,-0.1432284116744995,-0.2280791699886322,-0.027103310416919157,-0.16042697429656982,-0.29381412267684937,-0.028974546085578368,-0.09422916173934937,-0.20526167750358582,0.0016211548694400335,-0.09873175621032715,-0.2604582905769348,-0.027652263607365057,-0.08678197860717773,-0.18753540515899658,-0.04394911039946692,-0.07774186134338379,-0.12794482707977295,-0.04891423318861143,-0.045451581478118896,-0.21124470233917236,-0.001234493766446576,-0.052655041217803955,-0.25993794202804565,-0.03465198908327238,-0.04373687505722046,-0.17223411798477173,-0.04350744743226187,-0.0372920036315918,-0.10516583919525146,-0.03948008824465887,-0.00014907121658325195,-0.20939117670059204,-0.009426804225427077,-0.007715880870819092,-0.24942195415496826,-0.04337736774562018,-0.007186532020568848,-0.16217350959777832,-0.03587658141134398,-0.0070403218269348145,-0.09761816263198853,-0.01965057287691252,0.04382312297821045,-0.20056816935539246,-0.019036680425983832,0.03407490253448486,-0.2405073344707489,-0.04121071283100264,0.028269529342651367,-0.17951124906539917,-0.031705243478995726,0.024630308151245117,-0.13139355182647705,-0.017072649638635085
A with wrist,0.0,0.0,0.0,-0.079143226146698,-0.03932839632034302,-0.01819387543270068,-0.12925243377685547,-0.1382232904434204,-0.022176095277757213,-0.14246279001235962,-0.22770169377326965,-0.027625218958348796,-0.1603792905807495,-0.293720006942749,-0.02963639329442458,-0.09385877847671509,-0.20412904024124146,-0.00035608265221753754,-0.09852874279022217,-0.25844013690948486,-0.030214780003518626,-0.08654665946960449,-0.1843239665031433,-0.04608310478994326,-0.07741373777389526,-0.1249956488609314,-0.05052630695769267,-0.04502511024475098,-0.2094554901123047,-0.003438981708825395,-0.05283075571060181,-0.25862371921539307,-0.03763270098039584,-0.04387688636779785,-0.17008382081985474,-0.04595188888976054,-0.037077903747558594,-0.10353046655654907,-0.0412486502833076,0.000493168830871582,-0.20739179849624634,-0.011737278655857608,-0.007712721824645996,-0.2481098473072052,-0.046523665071219966,-0.006646692752838135,-0.158932626247406,-0.03805977571079211,-0.005615651607513428,-0.09460920095443726,-0.020855887786240146,0.044871985912323,-0.19883039593696594,-0.021409953937620685,0.0337831974029541,-0.23951956629753113,-0.04402460995385127,0.028570353984832764,-0.17671042680740356,-0.0337967844612308,0.02633070945739746,-0.1285678744316101,-0.018446381197065875
A with wrist,0.0,0.0,0.0,-0.0794605016708374,-0.038826942443847656,-0.01803054381758784,-0.1291370391845703,-0.13810127973556519,-0.02153972816319083,-0.1419316530227661,-0.22838649153709412,-0.026588429702826488,-0.1603182554244995,-0.2939258813858032,-0.02824759018272971,-0.09355044364929199,-0.20209774374961853,0.00048662127795751076,-0.0978236198425293,-0.25771665573120117,-0.02953315247447108,-0.08603382110595703,-0.1837601661682129,-0.04543529917151545,-0.07715487480163574,-0.12491649389266968,-0.049805046065159786,-0.044614553451538086,-0.2067907452583313,-0.002604571177073467,-0.05200260877609253,-0.2572168707847595,-0.03697461728603457,-0.04336291551589966,-0.16876333951950073,-0.04526990745813464,-0.03673940896987915,-0.10330575704574585,-0.04044856969863986,0.0007836818695068359,-0.2046717405319214,-0.011022329336412895,-0.0067906975746154785,-0.24641740322113037,-0.04607239831835841,-0.00615614652633667,-0.15736353397369385,-0.037589319987603176,-0.005350768566131592,-0.09419697523117065,-0.0202466761753044,0.04495859146118164,-0.19644325971603394,-0.020802718593188274,0.034825921058654785,-0.2378603219985962,-0.04318930674941157,0.029603123664855957,-0.1753203272819519,-0.03282338102013682,0.027349352836608887,-0.1283116340637207,-0.01742349099964713
A with wrist,0.0,0.0,0.0,-0.07973301410675049,-0.03970146179199219,-0.01829200021899169,-0.12926363945007324,-0.13896220922470093,-0.0218425501880688,-0.14212799072265625,-0.22939133644104004,-0.026936517730121068,-0.15950310230255127,-0.2952750325202942,-0.028567101508144788,-0.09299921989440918,-0.20445585250854492,0.0019732886648284875,-0.09663254022598267,-0.25886619091033936,-0.027865705713395528,-0.08542871475219727,-0.18490338325500488,-0.043981996997956685,-0.0772087574005127,-0.1266695261001587,-0.04859260626113837,-0.044486165046691895,-0.20910975337028503,-0.0009420371425790108,-0.05151242017745972,-0.25845909118652344,-0.03520049683726256,-0.04323476552963257,-0.17016327381134033,-0.04387735731876319,-0.03675013780593872,-0.1051478385925293,-0.039282845034961156,0.00043016672134399414,-0.2068244218826294,-0.009304803497855119,-0.0067198872566223145,-0.24739360809326172,-0.04432736493623679,-0.006408274173736572,-0.1584632396697998,-0.036088915243510655,-0.005841612815856934,-0.09559047222137451,-0.0188695077595753,0.04431992769241333,-0.1982370913028717,-0.019084281921152524,0.03503119945526123,-0.23871272802352905,-0.04146724723256057,0.029573500156402588,-0.17562121152877808,-0.03121052093780463,0.026939868927001953,-0.12830418348312378,-0.015827564224366597
A with wrist,0.0,0.0,0.0,-0.07881969213485718,-0.04159599542617798,-0.01793552298056511,-0.12837094068527222,-0.1408907175064087,-0.02144448567139534,-0.14165431261062622,-0.2298172116279602,-0.0265745661776009,-0.159032940864563,-0.29548221826553345,-0.028287899829024354,-0.09233748912811279,-0.2069772183895111,0.0033529187463727794,-0.09677261114120483,-0.25901514291763306,-0.0262055743108931,-0.0856168270111084,-0.18619519472122192,-0.04293468330013184,-0.07761210203170776,-0.12827253341674805,-0.04806215796577362,-0.043991804122924805,-0.21115803718566895,0.00028862763122106116,-0.05164903402328491,-0.2585044205188751,-0.03305868539916901,-0.0431671142578125,-0.17205798625946045,-0.042229973859662095,-0.03706115484237671,-0.10720837116241455,-0.03828958902465729,0.0009818077087402344,-0.2081456184387207,-0.008221710249358694,-0.006285309791564941,-0.2474309802055359,-0.04237257424699692,-0.006024599075317383,-0.1603628396987915,-0.03465818349229721,-0.005968570709228516,-0.09747391939163208,-0.01813299130606083,0.044805705547332764,-0.19881987571716309,-0.018167351521128694,0.034997761249542236,-0.23733174800872803,-0.04029207412111191,0.029727041721343994,-0.17508727312088013,-0.030344669855708162,0.027248919010162354,-0.12816202640533447,-0.015263087264770547
A with wrist,0.0,0.0,0.0,-0.07879596948623657,-0.04168081283569336,-0.018806132372333195,-0.1283702254295349,-0.14055556058883667,-0.02266162901730695,-0.14175617694854736,-0.2300465703010559,-0.028004663880778935,-0.15935617685317993,-0.2957073450088501,-0.029763110797716763,-0.09354907274246216,-0.20628857612609863,0.0032818816827102637,-0.0963432788848877,-0.25937360525131226,-0.02674822032065549,-0.0846894383430481,-0.1867145299911499,-0.043731749873472836,-0.07699763774871826,-0.12859797477722168,-0.04888925410421052,-0.0452919602394104,-0.2105327844619751,0.0006340192040852344,-0.05136901140213013,-0.25866466760635376,-0.03337470523626962,-0.04233318567276001,-0.1725899577140808,-0.04291311733038583,-0.036798715591430664,-0.1075361967086792,-0.039014846902205136,-0.0006499290466308594,-0.20791780948638916,-0.007586406893892672,-0.006045639514923096,-0.24696069955825806,-0.04253773472817102,-0.005562126636505127,-0.16019290685653687,-0.03524787433059373,-0.006445109844207764,-0.09708261489868164,-0.01867942034812131,0.04248124361038208,-0.198906809091568,-0.01728065207214513,0.03457033634185791,-0.23768019676208496,-0.03995059139640489,0.029927372932434082,-0.17572206258773804,-0.030302571948482182,0.026915132999420166,-0.1284056305885315,-0.015212035622312214
A with wrist,0.0,0.0,0.0,-0.07769542932510376,-0.04320412874221802,-0.018594358775487763,-0.127092182636261,-0.14198321104049683,-0.022553904641142708,-0.1409609317779541,-0.2301512360572815,-0.02806511028455816,-0.158391535282135,-0.2955045700073242,-0.029982306722274643,-0.0929110050201416,-0.20567145943641663,0.0033925364653555334,-0.09606057405471802,-0.25927701592445374,-0.026900940302482468,-0.08369922637939453,-0.18791672587394714,-0.04435101031111799,-0.07553434371948242,-0.1297939419746399,-0.049765760738125664,-0.04462665319442749,-0.21050652861595154,0.0007970793333811343,-0.050556719303131104,-0.25819528102874756,-0.03328986345576368,-0.040837228298187256,-0.17246705293655396,-0.04303683220194898,-0.03493201732635498,-0.1077764630317688,-0.03931948049711309,8.273124694824219e-05,-0.20806854963302612,-0.007339745022079569,-0.005233645439147949,-0.24719896912574768,-0.041900555330983025,-0.004229843616485596,-0.16070151329040527,-0.03446515901731573,-0.004845023155212402,-0.09801781177520752,-0.01791399410711847,0.043024659156799316,-0.1989770531654358,-0.016971888679734093,0.03567403554916382,-0.23771333694458008,-0.038910000312796456,0.0311090350151062,-0.17670553922653198,-0.029026853579750878,0.02783048152923584,-0.1304965615272522,-0.013938332635632378
A with wrist,0.0,0.0,0.0,-0.07782989740371704,-0.04198867082595825,-0.019593641800099704,-0.1280161738395691,-0.14053761959075928,-0.023879025769645068,-0.14246147871017456,-0.2290627658367157,-0.029475697023087832,-0.15890604257583618,-0.29483357071876526,-0.03141148079674849,-0.09389716386795044,-0.20432475209236145,0.003007035297116545,-0.09638738632202148,-0.25818291306495667,-0.02769740362208495,-0.08377516269683838,-0.18749970197677612,-0.04563436721008429,-0.07586628198623657,-0.12938451766967773,-0.051358812195474,-0.04593378305435181,-0.20920330286026,0.0009060831528699964,-0.05070239305496216,-0.25716841220855713,-0.03365149412792334,-0.04099053144454956,-0.1719488501548767,-0.0438183030907453,-0.03632557392120361,-0.10689520835876465,-0.04031559888761649,-0.0015845894813537598,-0.20702770352363586,-0.006851601586902234,-0.0056954026222229,-0.24623426795005798,-0.04198771406453261,-0.004733443260192871,-0.1602739691734314,-0.035063822460585925,-0.006367743015289307,-0.09753304719924927,-0.01871527981501231,0.04095566272735596,-0.1984451413154602,-0.016161455479675624,0.03461951017379761,-0.23583894968032837,-0.03881626267474303,0.03090435266494751,-0.1748245358467102,-0.029462904376202914,0.027689874172210693,-0.12897330522537231,-0.014588067946249339
A with wrist,0.0,0.0,0.0,-0.07701396942138672,-0.042897820472717285,-0.018698013864764107,-0.126437246799469,-0.14171099662780762,-0.022552001767166985,-0.14065682888031006,-0.22942137718200684,-0.027899991266735924,-0.1570112109184265,-0.2949398159980774,-0.029582771949776543,-0.09289604425430298,-0.20350974798202515,0.004124528251281845,-0.0959097146987915,-0.2585529386997223,-0.026252822496303452,-0.08322572708129883,-0.1889052391052246,-0.04404944322288884,-0.07550877332687378,-0.13148462772369385,-0.04967893800915135,-0.045214951038360596,-0.20850127935409546,0.0015744758887876742,-0.049579501152038574,-0.25703275203704834,-0.03227595753253354,-0.0400465726852417,-0.17234379053115845,-0.04217055208266629,-0.035875797271728516,-0.10876685380935669,-0.03863671562851323,-0.001058042049407959,-0.20646005868911743,-0.006629756663301123,-0.004988968372344971,-0.24664801359176636,-0.04073157302320851,-0.00391000509262085,-0.16155177354812622,-0.03339204705537213,-0.005476832389831543,-0.10051345825195312,-0.01708571008623494,0.04160881042480469,-0.19789141416549683,-0.01639727271378888,0.035810768604278564,-0.23666790127754211,-0.03778632126034154,0.03212457895278931,-0.17665952444076538,-0.027840995706924332,0.028837621212005615,-0.132329523563385,-0.012863495864280594
A with wrist,0.0,0.0,0.0,-0.07730162143707275,-0.04451113939285278,-0.018448716660202535,-0.12585210800170898,-0.142645001411438,-0.02222436170762876,-0.13916897773742676,-0.23013874888420105,-0.027645864223302397,-0.15558987855911255,-0.29502737522125244,-0.029385874678553137,-0.0922134518623352,-0.20149016380310059,0.004520169294266907,-0.09424835443496704,-0.2573714852333069,-0.025845861693085226,-0.08187329769134521,-0.18817386031150818,-0.04361827920860151,-0.0745576024055481,-0.13080686330795288,-0.04918166871851781,-0.04483520984649658,-0.20595642924308777,0.0018104419091855561,-0.048657000064849854,-0.2569127380847931,-0.03228307764715055,-0.03942149877548218,-0.17323243618011475,-0.04252840827888349,-0.03590571880340576,-0.10900336503982544,-0.039211305489004644,-0.0010555386543273926,-0.20414355397224426,-0.006508873940617832,-0.004460573196411133,-0.24682196974754333,-0.04102152090257505,-0.0032070279121398926,-0.1620073914527893,-0.033970973153770956,-0.0051247477531433105,-0.09972071647644043,-0.017665401731790098,0.04091596603393555,-0.19603407382965088,-0.01636920001095632,0.035755038261413574,-0.23663672804832458,-0.038296649863184484,0.032637715339660645,-0.17702096700668335,-0.028598596041263136,0.029305636882781982,-0.13132762908935547,-0.013660512563944849
A with wrist,0.0,0.0,0.0,-0.07740163803100586,-0.043041229248046875,-0.018740567851807555,-0.12577933073043823,-0.14206379652023315,-0.022187917966391524,-0.13798606395721436,-0.23052722215652466,-0.027122638661410292,-0.15425944328308105,-0.2953156530857086,-0.02814837313070484,-0.09243369102478027,-0.20039260387420654,0.004416856907312194,-0.09330350160598755,-0.25644853711128235,-0.025581391070033987,-0.08070147037506104,-0.18541741371154785,-0.04280799767747112,-0.07307237386703491,-0.12815028429031372,-0.04810470855608173,-0.04512757062911987,-0.20497417449951172,0.0019201256725978055,-0.04750978946685791,-0.25631704926490784,-0.03184574237837978,-0.038423359394073486,-0.17130792140960693,-0.041388289544727286,-0.03516590595245361,-0.10760122537612915,-0.037687791053201636,-0.0018581748008728027,-0.20305564999580383,-0.006285040646787365,-0.004079997539520264,-0.24669009447097778,-0.04021384334936329,-0.002831876277923584,-0.16191226243972778,-0.03248253977670856,-0.005182981491088867,-0.10044074058532715,-0.01599198906495758,0.03972756862640381,-0.19496771693229675,-0.01614164328947254,0.03638416528701782,-0.23652130365371704,-0.03752804687991329,0.03287792205810547,-0.1771554946899414,-0.02757353289797493,0.028443872928619385,-0.13189822435379028,-0.012697078760709246
A with wrist,0.0,0.0,0.0,-0.07533204555511475,-0.042937517166137695,-0.019804287107717755,-0.12337714433670044,-0.142863929271698,-0.023851882072221997,-0.13563621044158936,-0.23073875904083252,-0.029070434497725728,-0.15031343698501587,-0.29592782258987427,-0.03028198085917211,-0.0891873836517334,-0.20147699117660522,0.002512961056027052,-0.08929026126861572,-0.2570471167564392,-0.027491328643691304,-0.07717573642730713,-0.1863299310207367,-0.0444505096991179,-0.07037431001663208,-0.12906503677368164,-0.04962637216044641,-0.04218924045562744,-0.20519056916236877,0.0005018245549308631,-0.044222474098205566,-0.2563408613204956,-0.033254354598057034,-0.03593939542770386,-0.17130696773529053,-0.04247232839657045,-0.03347271680831909,-0.1078302264213562,-0.038676916958820584,0.0007222294807434082,-0.2023736834526062,-0.0072105087917861965,-0.0014470219612121582,-0.24747473001480103,-0.041396807285082104,-0.00041866302490234375,-0.16275477409362793,-0.0333675438184855,-0.0029224157333374023,-0.10129421949386597,-0.016678317787182095,0.04166823625564575,-0.19365376234054565,-0.016601366328131917,0.038525521755218506,-0.2368069887161255,-0.038389443757068875,0.03549754619598389,-0.17807447910308838,-0.028398855926525357,0.031475067138671875,-0.13338899612426758,-0.013470533641111615
A with wrist,0.0,0.0,0.0,-0.0751456618309021,-0.0444185733795166,-0.01988282278398401,-0.12220144271850586,-0.1453874707221985,-0.023559943216241663,-0.1336713433265686,-0.2332639992237091,-0.028313678132690256,-0.14956629276275635,-0.29815810918807983,-0.028989354523218935,-0.0891537070274353,-0.20321011543273926,0.003266448013164336,-0.08799177408218384,-0.258779376745224,-0.02606519907931215,-0.07612389326095581,-0.1875973641872406,-0.0425834435991419,-0.06996673345565796,-0.13038158416748047,-0.04739512913147337,-0.041959941387176514,-0.20660638809204102,0.00179938573637628,-0.04259836673736572,-0.2564888000488281,-0.03168253638068563,-0.035023272037506104,-0.1713024377822876,-0.041028876232303446,-0.033442139625549316,-0.10768651962280273,-0.03713814951697714,0.0009074211120605469,-0.20343279838562012,-0.005314132107741898,-0.00011754035949707031,-0.2471226453781128,-0.0393115323058737,-0.00010341405868530273,-0.1623438596725464,-0.03197100796023733,-0.003492116928100586,-0.10038518905639648,-0.015585556069709128,0.04139488935470581,-0.1944693922996521,-0.014049507120944327,0.03891289234161377,-0.23540115356445312,-0.03595464341560728,0.03511643409729004,-0.17607241868972778,-0.026559798421658343,0.03065347671508789,-0.13098645210266113,-0.011842468196846312
A with wrist,0.0,0.0,0.0,-0.0749635100364685,-0.0408247709274292,-0.022121738417979486,-0.12215912342071533,-0.14320999383926392,-0.026248922347065218,-0.13362085819244385,-0.23242056369781494,-0.03093155078494192,-0.1497015357017517,-0.29725533723831177,-0.03129369184279085,-0.08920621871948242,-0.20087715983390808,0.0010689421240499541,-0.08764505386352539,-0.257159024477005,-0.028773501290913828,-0.07540637254714966,-0.18571752309799194,-0.04505948886179567,-0.06887835264205933,-0.128598153591156,-0.04969896912479044,-0.04209423065185547,-0.2042434811592102,0.00039643837118319425,-0.04186660051345825,-0.2553309202194214,-0.03453221708440424,-0.03387099504470825,-0.16939407587051392,-0.04392634123468042,-0.03245723247528076,-0.10550427436828613,-0.039746729432579286,0.0001761913299560547,-0.20153823494911194,-0.006144748310532577,0.0007610321044921875,-0.24522385001182556,-0.04155850201749445,0.0005853176116943359,-0.1595572829246521,-0.03422752559089304,-0.0038086771965026855,-0.09773218631744385,-0.017597479521270998,0.039895474910736084,-0.19350147247314453,-0.014519381112393148,0.03990060091018677,-0.23281249403953552,-0.03788257554077745,0.035966694355010986,-0.17207711935043335,-0.029150189607378252,0.03009212017059326,-0.12673908472061157,-0.01474558167063833
A with wrist,0.0,0.0,0.0,-0.07510119676589966,-0.04293912649154663,-0.020513144563551577,-0.12129062414169312,-0.1426827311515808,-0.02409774554860178,-0.13203871250152588,-0.2305700182914734,-0.02869650093805376,-0.14707911014556885,-0.29485177993774414,-0.029151604752655658,-0.08722609281539917,-0.19813686609268188,0.0035137690048259174,-0.08607244491577148,-0.2543233633041382,-0.025798185970302256,-0.07453042268753052,-0.18346074223518372,-0.0419129331220347,-0.06769067049026489,-0.12663352489471436,-0.046468057911511096,-0.04059475660324097,-0.20081904530525208,0.002136247922067014,-0.04067051410675049,-0.25231775641441345,-0.03236662341248575,-0.03320157527923584,-0.16709625720977783,-0.04179270310294214,-0.030918478965759277,-0.10372412204742432,-0.037657224815006884,0.0011136531829833984,-0.1976528763771057,-0.0050470682416516865,0.0018608570098876953,-0.24204173684120178,-0.039753855447884234,0.0012026429176330566,-0.15714573860168457,-0.03227856500041071,-0.002440929412841797,-0.09610682725906372,-0.015640241335745486,0.04021596908569336,-0.18886429071426392,-0.013987445514317187,0.040527939796447754,-0.22915306687355042,-0.03619616223465982,0.036630094051361084,-0.16963165998458862,-0.026986678372736606,0.03179287910461426,-0.125324547290802,-0.012459517698403033
