A,0.0,0.0,0.0,0.04014425724744797,-0.01814502477645874,-0.02631881174552575,0.06932836025953293,-0.025567173957824707,-0.05329795268285409,0.08231949061155319,-0.02570885419845581,-0.0774189130674614,0.08592160791158676,-0.010830819606781006,-0.10118006628859177,0.05585717409849167,0.012478113174438477,-0.06485436570751801,0.06506863981485367,-0.015779316425323486,-0.09099043619740144,0.06854105740785599,-0.010881960391998291,-0.10585003060209885,0.06708910316228867,0.0011082887649536133,-0.1157070965777649,0.025144778192043304,0.017641544342041016,-0.06372385931122437,0.024767786264419556,-0.029755771160125732,-0.08310882461178437,0.03147681802511215,-0.023132741451263428,-0.08480899494993821,0.03025924414396286,-0.004691720008850098,-0.08934164506304398,-0.006265215575695038,0.015845179557800293,-0.06309028428900376,-0.012588918209075928,-0.028187096118927002,-0.07743355345833436,-0.006708942353725433,-0.019684970378875732,-0.07363388401377335,-0.008243538439273834,-0.0009137392044067383,-0.073952984930159,-0.03494708985090256,0.009403824806213379,-0.06476844561207429,-0.04225797951221466,-0.01511770486831665,-0.07200926256287232,-0.03760819882154465,-0.009133636951446533,-0.0681725637327446,-0.036693885922431946,0.006866097450256348,-0.06813557905066148
A,0.0,0.0,0.0,0.03775431215763092,0.013056695461273193,-0.027504262890190034,0.06620590388774872,0.02631312608718872,-0.04893817510780707,0.07248866558074951,0.025051116943359375,-0.06747864690002814,0.05109940469264984,0.013765335083007812,-0.08867733683761969,0.02818840742111206,0.004899084568023682,-0.059994389678806215,0.009523123502731323,0.05714982748031616,-0.08887620028433219,0.008125022053718567,0.04561859369277954,-0.11453132834610358,0.010579392313957214,0.029474973678588867,-0.13196589555916205,-0.01766669750213623,0.007522940635681152,-0.059909087981552034,-0.03462657332420349,0.08045178651809692,-0.0799299156325759,-0.030875355005264282,0.05613607168197632,-0.09026974942860022,-0.02751244604587555,0.029577672481536865,-0.10216144230541602,-0.05661531537771225,0.01165539026260376,-0.060095095451444536,-0.06879648566246033,0.07981419563293457,-0.07838455345806494,-0.0650443583726883,0.054284632205963135,-0.07613511141714469,-0.05953817814588547,0.028089284896850586,-0.07632297780689612,-0.08799460530281067,0.01584911346435547,-0.06378400083956137,-0.09991883486509323,0.06541311740875244,-0.07919963952478781,-0.09859650582075119,0.04992640018463135,-0.07642254736599341,-0.09535954892635345,0.03015458583831787,-0.07469381150183096
A,0.0,0.0,0.0,0.049949921667575836,-0.0020145177841186523,-0.03810938937047581,0.08291236311197281,-0.023400068283081055,-0.06233596546033482,0.08146951347589493,-0.0700540542602539,-0.08096415666321377,0.07481587678194046,-0.11899030208587646,-0.0977226060388432,0.0483609214425087,-0.11080920696258545,-0.060573925500904124,0.04859489947557449,-0.05030214786529541,-0.09475119528750042,0.04440464824438095,0.0036676526069641113,-0.11390518513897518,0.043931178748607635,0.03902554512023926,-0.12225277838686566,0.0024939700961112976,-0.11197167634963989,-0.0522569764910088,0.004010774195194244,-0.026948094367980957,-0.0801360022781239,0.005496524274349213,0.01898205280303955,-0.08720235643366436,0.010457627475261688,0.04329043626785278,-0.09063139674643139,-0.037246882915496826,-0.10229700803756714,-0.04657067847827534,-0.036255188286304474,-0.02759784460067749,-0.07127494481781582,-0.031387388706207275,0.0016449689865112305,-0.06831093994358639,-0.025271691381931305,0.014991939067840576,-0.06371040759066204,-0.07173004001379013,-0.08740401268005371,-0.04408091050962071,-0.07339052110910416,-0.039298057556152344,-0.06037290883639912,-0.0692850649356842,-0.017168402671813965,-0.0578826267776833,-0.0653693899512291,-0.011265397071838379,-0.052739189243112605
A,0.0,0.0,0.0,0.052305109798908234,-0.04929494857788086,-0.04166199276022553,0.0897480770945549,-0.11035722494125366,-0.08383974069528222,0.10113566368818283,-0.16464030742645264,-0.1213337742703402,0.09544757753610611,-0.21064448356628418,-0.15850036227874398,0.10140039771795273,-0.036119699478149414,-0.11066262805633187,0.10109623521566391,-0.12324517965316772,-0.15982923293285012,0.0878845676779747,-0.18505728244781494,-0.18562505030803322,0.07517125457525253,-0.2307918667793274,-0.19982457542590737,0.060601554811000824,-0.012133002281188965,-0.10825624698571801,0.043373607099056244,-0.12080526351928711,-0.15196922803096413,0.034664399921894073,-0.1898708939552307,-0.15998731935195565,0.03058212250471115,-0.2302185297012329,-0.16624442124538064,0.01421569287776947,-0.003389716148376465,-0.10613315934114098,-0.005557149648666382,-0.11040979623794556,-0.1424819865243876,-0.005863219499588013,-0.17042171955108643,-0.1410217472331965,-0.0010598823428153992,-0.20462310314178467,-0.13762905085258126,-0.0316801592707634,-0.007885277271270752,-0.10734980189971566,-0.050856441259384155,-0.09114223718643188,-0.12799591207675576,-0.0482177808880806,-0.14344024658203125,-0.1260662117021525,-0.04081225395202637,-0.1753021478652954,-0.12411975497178673
A,0.0,0.0,0.0,0.05383200943470001,-0.04115700721740723,-0.03460719463043915,0.08842611312866211,-0.11981087923049927,-0.047749128459031454,0.08781862258911133,-0.18916374444961548,-0.05767083567195641,0.08497345447540283,-0.2516571879386902,-0.06488677140885102,0.05267530679702759,-0.2217828631401062,-0.024413660435016027,0.0412454754114151,-0.1909436583518982,-0.059539687154824605,0.03390480577945709,-0.125616192817688,-0.0821181091349672,0.03263157606124878,-0.08111274242401123,-0.09049011793547379,0.006976500153541565,-0.2258058786392212,-0.01585356545263039,-0.0015736371278762817,-0.17252427339553833,-0.04955375966244446,-0.0006863176822662354,-0.10106778144836426,-0.06079484176450478,0.004732683300971985,-0.05518484115600586,-0.06049741831236588,-0.032851919531822205,-0.2110353708267212,-0.012614736599857679,-0.041598230600357056,-0.16082561016082764,-0.04801605295949685,-0.030769631266593933,-0.09446322917938232,-0.04914074045234429,-0.01822693645954132,-0.051942288875579834,-0.039360542116696706,-0.0697752833366394,-0.18648797273635864,-0.012015288030738702,-0.07438343018293381,-0.1612316370010376,-0.03628356408887612,-0.06278850138187408,-0.10569190979003906,-0.034580860553319326,-0.05153153836727142,-0.07013988494873047,-0.024453742695982328
A,0.0,0.0,0.0,0.055725887417793274,-0.042777955532073975,-0.029183653016389144,0.09441281855106354,-0.12211161851882935,-0.041270659138263,0.09658484160900116,-0.19573283195495605,-0.05131388904601408,0.0960446149110794,-0.2620376944541931,-0.058919128794968856,0.05280141532421112,-0.21461039781570435,-0.01985908748656584,0.06132936477661133,-0.22357356548309326,-0.052225247789920104,0.053737953305244446,-0.15851283073425293,-0.0731368333294995,0.04650832712650299,-0.10312741994857788,-0.0804295435741551,0.012274637818336487,-0.218828022480011,-0.013639239427448047,0.02223198115825653,-0.20142602920532227,-0.043106087316573394,0.018281012773513794,-0.1303119659423828,-0.05271656887680365,0.01691432297229767,-0.07653617858886719,-0.05221222790032698,-0.024701222777366638,-0.2082163691520691,-0.012524570171535743,-0.015213966369628906,-0.18568915128707886,-0.04288292752653433,-0.011606693267822266,-0.12028849124908447,-0.04171226250082327,-0.007195338606834412,-0.07142901420593262,-0.03176955955177618,-0.06099862605333328,-0.19007456302642822,-0.013695255686343444,-0.048786088824272156,-0.1867160201072693,-0.03357305826693846,-0.041121706366539,-0.13483011722564697,-0.029249305669964087,-0.0375361442565918,-0.0956372618675232,-0.018574458380044234
A,0.0,0.0,0.0,0.0545383095741272,-0.049130141735076904,-0.023184923692525672,0.0928201675415039,-0.12864112854003906,-0.03146781051057701,0.09753942489624023,-0.2038547396659851,-0.038246505199850844,0.09375852346420288,-0.26573556661605835,-0.04245597892898445,0.04780566692352295,-0.21289652585983276,-0.006488625197590636,0.058122068643569946,-0.21942472457885742,-0.03389507928389435,0.051850929856300354,-0.1546870470046997,-0.05148668983477478,0.04474551975727081,-0.10633498430252075,-0.05625121691721802,0.009961351752281189,-0.2188887596130371,-0.0003700429270168115,0.024294883012771606,-0.20411449670791626,-0.021985205127776908,0.01993560791015625,-0.1359468698501587,-0.027562026171864318,0.017768636345863342,-0.09141355752944946,-0.024863649397076415,-0.02547614276409149,-0.20985567569732666,0.0005130642630035709,-0.009943276643753052,-0.19370943307876587,-0.021819768710912513,-0.009736865758895874,-0.13120663166046143,-0.01679551625150566,-0.00806032121181488,-0.08913177251815796,-0.005767744271935271,-0.06157495081424713,-0.19229936599731445,-0.0006390356620897819,-0.044601842761039734,-0.19340842962265015,-0.014330221577466773,-0.0376727432012558,-0.14200013875961304,-0.007755366391421603,-0.034822866320610046,-0.10504412651062012,0.003831082019104315
A,0.0,0.0,0.0,0.0554470419883728,-0.05156129598617554,-0.02663112681364055,0.09566828608512878,-0.1309070587158203,-0.03673382725571628,0.10490241646766663,-0.20946329832077026,-0.045230677984704926,0.10021647810935974,-0.2717902660369873,-0.051014124117841675,0.05547194182872772,-0.20923662185668945,-0.005196178033997967,0.06539231538772583,-0.2278686761856079,-0.03563360746954913,0.058897554874420166,-0.16423827409744263,-0.055571007244338944,0.04902620613574982,-0.11652559041976929,-0.06149106722330089,0.01801440119743347,-0.21333086490631104,0.0015693788369617323,0.030521735548973083,-0.21890240907669067,-0.024536632634749367,0.02609768509864807,-0.14885485172271729,-0.03255995612596507,0.019439101219177246,-0.10402488708496094,-0.030375885479202225,-0.0169694721698761,-0.20574796199798584,0.002318074759045885,-0.0037771016359329224,-0.21263152360916138,-0.02372110512112613,-0.0038886070251464844,-0.14833027124404907,-0.01843095075344081,-0.005723506212234497,-0.10657763481140137,-0.0061245683394872685,-0.05354142189025879,-0.18970483541488647,0.0008991227438173155,-0.03844776749610901,-0.21005326509475708,-0.015247704163243725,-0.031750619411468506,-0.1588212251663208,-0.007820079736461594,-0.030527561902999878,-0.12316900491714478,0.004958565179208563
A,0.0,0.0,0.0,0.05922873318195343,-0.05067962408065796,-0.022659146959739473,0.101486936211586,-0.12580180168151855,-0.03016957807059839,0.1113223284482956,-0.20140373706817627,-0.03711615482981756,0.11339329183101654,-0.26397523283958435,-0.04150365645702436,0.06637044250965118,-0.2030538022518158,-0.0004945145680892438,0.07575784623622894,-0.23412755131721497,-0.02612047808881357,0.06502647697925568,-0.17127305269241333,-0.04245932380374029,0.05395163595676422,-0.1223067045211792,-0.04662920514758184,0.03083452582359314,-0.207675963640213,0.004942048539561483,0.03835479915142059,-0.2233404815196991,-0.01999439279254034,0.028247609734535217,-0.1513042449951172,-0.027697106624799517,0.020446553826332092,-0.10372412204742432,-0.024945929447966364,-0.0036489516496658325,-0.20280930399894714,0.005100288626891825,0.003707990050315857,-0.21930217742919922,-0.020636046106773165,0.0001806020736694336,-0.15141183137893677,-0.015183997141974714,-0.0014961212873458862,-0.1049838662147522,-0.0022802099462921888,-0.04041557013988495,-0.19127511978149414,0.0036488843273048133,-0.03072310984134674,-0.22012707591056824,-0.01274738440926626,-0.026948675513267517,-0.16728341579437256,-0.0043258814018543035,-0.02498796582221985,-0.12775063514709473,0.009477098670942041
A,0.0,0.0,0.0,0.060191795229911804,-0.04704320430755615,-0.021016132459635628,0.10242129862308502,-0.12003278732299805,-0.027473032847638024,0.11413221061229706,-0.1941889524459839,-0.03404289893865098,0.11824779212474823,-0.2573108673095703,-0.038013413921589745,0.06697140634059906,-0.1928575336933136,0.002097458671187269,0.079098179936409,-0.22692739963531494,-0.025058998168105973,0.06890101730823517,-0.1659882664680481,-0.04251522608160485,0.05753903090953827,-0.11862343549728394,-0.0472438786184739,0.03291867673397064,-0.19701945781707764,0.0062408336432326905,0.04209102690219879,-0.21619844436645508,-0.021121686697597397,0.030971646308898926,-0.14489853382110596,-0.02955724522530545,0.021941378712654114,-0.09756988286972046,-0.026801402122373474,-0.0007188618183135986,-0.19304078817367554,0.00492561850637685,0.007431134581565857,-0.21421194076538086,-0.023002840951676262,0.0035364627838134766,-0.14510375261306763,-0.01717570833920945,0.0007917732000350952,-0.09799855947494507,-0.003273766162465108,-0.036536335945129395,-0.18421459197998047,0.0020759963424552552,-0.025694578886032104,-0.2124156951904297,-0.015130357258613003,-0.023378029465675354,-0.15922129154205322,-0.006373954844320906,-0.02318941056728363,-0.12083125114440918,0.007807015068237888
A,0.0,0.0,0.0,0.059245288372039795,-0.035633206367492676,-0.022889860484639257,0.10447326302528381,-0.10700780153274536,-0.029264120895305723,0.11672666668891907,-0.18225908279418945,-0.03513895212475404,0.12106671929359436,-0.24519681930541992,-0.03810572116438493,0.07147693634033203,-0.1794496774673462,-0.001281156482065171,0.08372470736503601,-0.21921223402023315,-0.029506613079348654,0.07057523727416992,-0.16007977724075317,-0.04598976908985719,0.05929884314537048,-0.11534303426742554,-0.050013719636837095,0.03786516189575195,-0.18470951914787292,0.0034933287670071422,0.04702341556549072,-0.20836833119392395,-0.025950218129793257,0.033000677824020386,-0.13791480660438538,-0.033524299550691694,0.024349302053451538,-0.09379047155380249,-0.029655522245803922,0.004840061068534851,-0.18258529901504517,0.0026477123164738714,0.012072816491127014,-0.20481690764427185,-0.027450744572917074,0.00548022985458374,-0.13637888431549072,-0.020895397800842375,0.002761244773864746,-0.09276378154754639,-0.0061287121361885966,-0.030142024159431458,-0.1760270595550537,0.00024588250286683433,-0.019686490297317505,-0.20509687066078186,-0.018157853323856443,-0.02010205388069153,-0.15108349919319153,-0.009070558052400202,-0.02029743790626526,-0.11440175771713257,0.005384142931660563
A,0.0,0.0,0.0,0.05915166437625885,-0.03248333930969238,-0.022604451632531664,0.1043948084115982,-0.10106617212295532,-0.029105135357411882,0.11859135329723358,-0.1735815405845642,-0.03465549193921902,0.12446810305118561,-0.2332693636417389,-0.037613815745743295,0.07622115314006805,-0.16698896884918213,-0.006249861443819782,0.08698992431163788,-0.21084320545196533,-0.03380126424733021,0.07055000960826874,-0.15615367889404297,-0.05024341412487843,0.056792840361595154,-0.10937538743019104,-0.054756875267656824,0.04224000871181488,-0.173886239528656,-0.0013998321969381777,0.048056796193122864,-0.20436903834342957,-0.03099926293495514,0.03403545916080475,-0.13699305057525635,-0.03894461982551434,0.02612374722957611,-0.08789283037185669,-0.03553897806111195,0.00914667546749115,-0.1748352348804474,-0.0016011360580421297,0.013430744409561157,-0.20268753170967102,-0.03067885257902958,0.007659360766410828,-0.13601160049438477,-0.025205101004274866,0.006191998720169067,-0.08881759643554688,-0.011737906491788408,-0.02511012554168701,-0.17009302973747253,-0.0034468591925076453,-0.016268372535705566,-0.20007243752479553,-0.022858112236889383,-0.016828805208206177,-0.14815372228622437,-0.0160388416856847,-0.016344770789146423,-0.1109113097190857,-0.0035635441322199313
A,0.0,0.0,0.0,0.06064480543136597,-0.03283548355102539,-0.016476935879325083,0.10473999381065369,-0.09611505270004272,-0.019989072517489603,0.11984604597091675,-0.1661388874053955,-0.024340554312800577,0.12483510375022888,-0.22480809688568115,-0.02683131507131975,0.07710441946983337,-0.15807044506072998,0.0021910237288125245,0.08698877692222595,-0.20462530851364136,-0.02298188692424219,0.07204434275627136,-0.1541973352432251,-0.03834388142917078,0.0597170889377594,-0.11064359545707703,-0.04245147964451235,0.045171916484832764,-0.16429752111434937,0.00419454399030883,0.05176997184753418,-0.1992909014225006,-0.02435082121286314,0.03719592094421387,-0.13587653636932373,-0.03343577793333452,0.028333544731140137,-0.09000056982040405,-0.030995303005909136,0.013285398483276367,-0.1647873818874359,0.0016449057171143977,0.01936933398246765,-0.1992257833480835,-0.02739898784551542,0.011728793382644653,-0.13379895687103271,-0.022517354399894884,0.008195459842681885,-0.08749809861183167,-0.009298951537346056,-0.020932644605636597,-0.16054341197013855,-0.001953980592077187,-0.011390596628189087,-0.19370025396347046,-0.021808448419903925,-0.012240171432495117,-0.1418668031692505,-0.014977145181035212,-0.012197807431221008,-0.1039535403251648,-0.0023609890462807925
A,0.0,0.0,0.0,0.05933600664138794,-0.031255245208740234,-0.01761857043405257,0.10224831104278564,-0.09410703182220459,-0.02121562692721568,0.1160992681980133,-0.16410061717033386,-0.02534579108854018,0.1211327612400055,-0.22272533178329468,-0.02731246310671054,0.07576969265937805,-0.1525154411792755,0.0009533942056521028,0.08477756381034851,-0.20398402214050293,-0.026048585729796514,0.07216259837150574,-0.15657275915145874,-0.04109008419712268,0.06091555953025818,-0.11187335848808289,-0.04412146467169009,0.04339730739593506,-0.15885916352272034,0.002731646221008077,0.04897615313529968,-0.19793635606765747,-0.026844846041996107,0.035640865564346313,-0.13302510976791382,-0.034500719936687574,0.028584182262420654,-0.08687227964401245,-0.030499987261492834,0.011574894189834595,-0.1596468687057495,-0.0005913355426230282,0.016507387161254883,-0.19638431072235107,-0.030425051184494123,0.009283512830734253,-0.13079217076301575,-0.024589167865116224,0.007190197706222534,-0.08625197410583496,-0.010299494447309598,-0.02254471182823181,-0.15473699569702148,-0.005195621358353719,-0.013041213154792786,-0.19224891066551208,-0.023652559103567228,-0.014019370079040527,-0.14352354407310486,-0.01564021031757079,-0.014371886849403381,-0.10807552933692932,-0.002548989098642096
A,0.0,0.0,0.0,0.05937090516090393,-0.03059762716293335,-0.01817662680008425,0.10185569524765015,-0.09274360537528992,-0.021523310257578032,0.11468672752380371,-0.16378915309906006,-0.0253034480051042,0.11852288246154785,-0.22336149215698242,-0.026823403699779647,0.07504779100418091,-0.14794927835464478,0.0009380828919915984,0.08441004157066345,-0.20298582315444946,-0.026033852635407584,0.07188919186592102,-0.15428608655929565,-0.04057316148140444,0.06047022342681885,-0.1093001663684845,-0.043135874359393256,0.04316803812980652,-0.1543641984462738,0.0033509613345472644,0.0481986403465271,-0.19568082690238953,-0.02700996064999117,0.035209983587265015,-0.13034287095069885,-0.034989908723616736,0.028121501207351685,-0.08462712168693542,-0.03089923636474623,0.011497169733047485,-0.155746191740036,0.0006564313294461499,0.015761107206344604,-0.19383972883224487,-0.03015267142512812,0.008592426776885986,-0.12681391835212708,-0.024663173048281806,0.006633549928665161,-0.08205625414848328,-0.01021058057852997,-0.022700980305671692,-0.15219548344612122,-0.003271965696001189,-0.013657033443450928,-0.18842154741287231,-0.022377619905853408,-0.014835461974143982,-0.13912907242774963,-0.014939215420270102,-0.015109196305274963,-0.10398533940315247,-0.0021047877748401334
A,0.0,0.0,0.0,0.05897808074951172,-0.030561387538909912,-0.019332155097742998,0.101400226354599,-0.09328430891036987,-0.023467104394455873,0.11453920602798462,-0.16510701179504395,-0.02768919381918522,0.11800631880760193,-0.22569504380226135,-0.029643550027628862,0.07510268688201904,-0.1471792757511139,-0.0012563270065015786,0.08420780301094055,-0.20249861478805542,-0.02900697055878254,0.0722702145576477,-0.15401262044906616,-0.044055468846579515,0.06137740612030029,-0.1095697283744812,-0.04704010437848183,0.04283741116523743,-0.15392142534255981,0.0015272160745212204,0.04825234413146973,-0.19594809412956238,-0.03002187933446976,0.035828739404678345,-0.1292652189731598,-0.03801580469729515,0.02915439009666443,-0.08236062526702881,-0.033782708902379,0.01095813512802124,-0.15564307570457458,-0.0008107270477353268,0.015625059604644775,-0.19550636410713196,-0.03253504212619873,0.008688777685165405,-0.127451092004776,-0.026617295552512132,0.006752222776412964,-0.08161705732345581,-0.011754353974481546,-0.023149460554122925,-0.15262457728385925,-0.004499674752821647,-0.014064133167266846,-0.18845093250274658,-0.02462287757219883,-0.015081092715263367,-0.1387414038181305,-0.017434333894868814,-0.015320554375648499,-0.10356289148330688,-0.004672877934297048
A,0.0,0.0,0.0,0.05847585201263428,-0.03144693374633789,-0.019573351914999648,0.10114896297454834,-0.0948934555053711,-0.024029704357502624,0.11511403322219849,-0.1665668487548828,-0.028605443040845557,0.11752203106880188,-0.2276858687400818,-0.030941738362429305,0.07550716400146484,-0.15034997463226318,-0.0009116793745249652,0.08419531583786011,-0.20384317636489868,-0.029013366053817435,0.07153341174125671,-0.1541965901851654,-0.04477120245527999,0.060650140047073364,-0.1093980073928833,-0.048273254732606574,0.043083250522613525,-0.15702283382415771,0.0018315746337123073,0.048818379640579224,-0.1979612112045288,-0.03043186160456912,0.036112070083618164,-0.1305428147315979,-0.039014656643388435,0.02934473752975464,-0.08250054717063904,-0.034936152945277854,0.010805308818817139,-0.15840834379196167,-0.0005769412610732161,0.015376478433609009,-0.19716474413871765,-0.032932017545221015,0.008542507886886597,-0.12850919365882874,-0.02734716663789527,0.006633549928665161,-0.08165919780731201,-0.012439799110410377,-0.02355879545211792,-0.1553615927696228,-0.004346325143245622,-0.01445181667804718,-0.19081616401672363,-0.02487330938410537,-0.015339195728302002,-0.1411610245704651,-0.01777429002058284,-0.015641897916793823,-0.10584801435470581,-0.004888804244814082
A,0.0,0.0,0.0,0.059016257524490356,-0.03312188386917114,-0.02057926193253934,0.10139122605323792,-0.09612137079238892,-0.025650054443644876,0.1152341365814209,-0.16903290152549744,-0.030572472367452974,0.11795550584793091,-0.2308882176876068,-0.03311348542945325,0.07568091154098511,-0.15213289856910706,-0.0017218212541365574,0.08420383930206299,-0.20528829097747803,-0.029814934585260744,0.07153570652008057,-0.15477612614631653,-0.04549006209151685,0.06066083908081055,-0.11021429300308228,-0.04900152072684705,0.0433938205242157,-0.15907728672027588,0.0016766332611268808,0.04866725206375122,-0.1994272768497467,-0.03111465111749112,0.03594785928726196,-0.13136816024780273,-0.0400742723085159,0.02933603525161743,-0.08347469568252563,-0.03624991909043729,0.0112667977809906,-0.16036704182624817,-3.556110266345058e-05,0.015553295612335205,-0.19845014810562134,-0.03258785814421117,0.008961886167526245,-0.12952616810798645,-0.02693066954986989,0.0071905553340911865,-0.08249583840370178,-0.011984833743440504,-0.023472756147384644,-0.15708446502685547,-0.003167862299847002,-0.014351695775985718,-0.1923711895942688,-0.02381574198977887,-0.01523616909980774,-0.14234331250190735,-0.016649624560045595,-0.015360057353973389,-0.10686385631561279,-0.003659580828639264
A,0.0,0.0,0.0,0.05886965990066528,-0.03102707862854004,-0.021055362491892993,0.10137614607810974,-0.09533247351646423,-0.026013584180759608,0.11460468173027039,-0.16865035891532898,-0.030701308815764605,0.11685791611671448,-0.23030981421470642,-0.03287087877004069,0.0740395188331604,-0.15186065435409546,-0.0028861659365020387,0.08272230625152588,-0.2048456072807312,-0.03132740904300135,0.07017412781715393,-0.15260574221611023,-0.04660383735506457,0.059583425521850586,-0.10724964737892151,-0.049685229851888835,0.04149985313415527,-0.15815570950508118,0.0006245231353432246,0.047146111726760864,-0.1988213062286377,-0.03215969104974192,0.034747153520584106,-0.13032132387161255,-0.040399332835363566,0.02806028723716736,-0.08272495865821838,-0.03602470208613795,0.009131103754043579,-0.15898972749710083,-0.001077609092021703,0.013760358095169067,-0.19716128706932068,-0.03387846176235598,0.007511943578720093,-0.1278705894947052,-0.02795594681708735,0.005832403898239136,-0.08135765790939331,-0.012757862291323363,-0.02560526132583618,-0.15532565116882324,-0.004211585807638585,-0.016433924436569214,-0.19027367234230042,-0.024945476396965205,-0.01681634783744812,-0.1398511528968811,-0.017804491638230502,-0.016686737537384033,-0.10441812872886658,-0.00485268405361694
A,0.0,0.0,0.0,0.05872431397438049,-0.031311213970184326,-0.021366507293976156,0.10157197713851929,-0.09560960531234741,-0.026364194708264677,0.11497274041175842,-0.16934803128242493,-0.03102550144711813,0.11721891164779663,-0.23139071464538574,-0.03321303661385855,0.07504162192344666,-0.1520746648311615,-0.002317030461824743,0.08309173583984375,-0.20635700225830078,-0.031011473866499273,0.07038849592208862,-0.15495067834854126,-0.04666794325629553,0.06023889780044556,-0.10962840914726257,-0.049979938673175184,0.042618244886398315,-0.15863382816314697,0.0013008802064291558,0.04741227626800537,-0.1991802155971527,-0.03219972412506422,0.0347001850605011,-0.1304025948047638,-0.04093712802449545,0.02851945161819458,-0.08222949504852295,-0.03659593548098883,0.01029697060585022,-0.15990537405014038,-0.00041329067488504734,0.01364678144454956,-0.19800227880477905,-0.03385898332516035,0.007497996091842651,-0.12825870513916016,-0.02838086943546614,0.006678491830825806,-0.08121970295906067,-0.013208726900018064,-0.024255409836769104,-0.15677329897880554,-0.0035850957635261693,-0.016774490475654602,-0.19093170762062073,-0.02504759702304682,-0.016874462366104126,-0.1399996280670166,-0.018413855241931287,-0.01563134789466858,-0.10427173972129822,-0.0055743456020422855
A,0.0,0.0,0.0,0.05839568376541138,-0.032018065452575684,-0.021247378472821765,0.10143235325813293,-0.09739398956298828,-0.026446512822644763,0.11493238806724548,-0.17068201303482056,-0.03141664426459556,0.11645486950874329,-0.23294201493263245,-0.03386784430279022,0.0735999047756195,-0.15353864431381226,-0.0036298666769880583,0.08193492889404297,-0.20725029706954956,-0.0327498846842218,0.0690024197101593,-0.15432173013687134,-0.04819966192974334,0.05871960520744324,-0.10900360345840454,-0.05129607107176071,0.04096469283103943,-0.15896040201187134,-0.00038227570860271953,0.04630151391029358,-0.2000526785850525,-0.03409218873514419,0.033834218978881836,-0.1304079294204712,-0.04222565602196937,0.027509450912475586,-0.08249303698539734,-0.037513856698410564,0.008315682411193848,-0.15933507680892944,-0.0024308261150736143,0.012321710586547852,-0.1985856294631958,-0.03624743681086784,0.0063367486000061035,-0.12810242176055908,-0.030138864104287677,0.005287110805511475,-0.08108198642730713,-0.014478004459874683,-0.02656671404838562,-0.1556832194328308,-0.005904377360479884,-0.018112123012542725,-0.1913258135318756,-0.027412415404455714,-0.017783477902412415,-0.14071762561798096,-0.020300974060432964,-0.01695685088634491,-0.10504946112632751,-0.007155134264962726
A,0.0,0.0,0.0,0.05932703614234924,-0.03262072801589966,-0.020591440037293296,0.10181659460067749,-0.0966235101222992,-0.025157964215082984,0.11525127291679382,-0.17023572325706482,-0.029557438925309043,0.11722075939178467,-0.2316792607307434,-0.0314575064782332,0.07458913326263428,-0.1521466076374054,-0.0027980831306706477,0.08292001485824585,-0.2074536681175232,-0.031126674622697692,0.07022565603256226,-0.15486106276512146,-0.04577625206152902,0.05983060598373413,-0.10924956202507019,-0.04831872543732629,0.042014241218566895,-0.15807417035102844,0.0004499009722565006,0.04663795232772827,-0.19891545176506042,-0.03251627123395906,0.034094393253326416,-0.12940603494644165,-0.04035214370529161,0.027789205312728882,-0.08214381337165833,-0.03561814165155397,0.009486675262451172,-0.15856701135635376,-0.0015225375624652315,0.012792438268661499,-0.19733619689941406,-0.034576703221006255,0.006771177053451538,-0.1272130012512207,-0.02840056306163774,0.005780220031738281,-0.08092767000198364,-0.012922704577846389,-0.025629907846450806,-0.15438693761825562,-0.004856347930086713,-0.01763191819190979,-0.19112783670425415,-0.02574342338780866,-0.01711954176425934,-0.14056500792503357,-0.018429590747160773,-0.015904366970062256,-0.10505402088165283,-0.00527050987298594
A,0.0,0.0,0.0,0.059165120124816895,-0.03364354372024536,-0.020264531756481574,0.10130158066749573,-0.09740585088729858,-0.024896418015202926,0.11476361751556396,-0.1707741916179657,-0.029405319402656005,0.1174914538860321,-0.23211202025413513,-0.03144107879205649,0.0739918053150177,-0.1527760624885559,-0.0022916791874081355,0.08214324712753296,-0.2074132263660431,-0.030277009392818854,0.06990218162536621,-0.15519919991493225,-0.04513118908806746,0.05942121148109436,-0.10970252752304077,-0.047938452372989104,0.04129132628440857,-0.1588032841682434,0.000888978209616198,0.045752376317977905,-0.19912868738174438,-0.03165209786101286,0.03348666429519653,-0.13010263442993164,-0.039728422919949935,0.027019917964935303,-0.0825982391834259,-0.035375454733809875,0.008819758892059326,-0.15916121006011963,-0.001055981303295539,0.012427091598510742,-0.19826176762580872,-0.03341776997848456,0.006551682949066162,-0.12864941358566284,-0.0272091583262295,0.005171239376068115,-0.0819908082485199,-0.011990057575246738,-0.026210755109786987,-0.15456479787826538,-0.00439739300935571,-0.01816532015800476,-0.190364271402359,-0.025093783895215438,-0.017505556344985962,-0.13989686965942383,-0.017889638702115462,-0.016454726457595825,-0.10433259606361389,-0.004881294714948581
A,0.0,0.0,0.0,0.058134257793426514,-0.029678821563720703,-0.021376552362596613,0.10156077146530151,-0.09448084235191345,-0.026192890782510858,0.11562922596931458,-0.16842985153198242,-0.03060337931350432,0.11772730946540833,-0.23019108176231384,-0.032450694893157106,0.07412055134773254,-0.15211769938468933,-0.003703471342703324,0.08295592665672302,-0.2063063085079193,-0.032092865858828645,0.07069236040115356,-0.15422645211219788,-0.0465663078470584,0.06047186255455017,-0.10892060399055481,-0.04895597726539336,0.04168194532394409,-0.15806058049201965,2.689483295625905e-05,0.04695087671279907,-0.19822946190834045,-0.03292612761691771,0.034754395484924316,-0.1289481818675995,-0.040697615896021944,0.02814146876335144,-0.08203288912773132,-0.035917859826838594,0.009460687637329102,-0.1588941216468811,-0.0014992925102319532,0.013227462768554688,-0.19614174962043762,-0.03480327904657088,0.007585853338241577,-0.1258094310760498,-0.028836984489714723,0.006394714117050171,-0.0799248218536377,-0.01346655872151814,-0.025295734405517578,-0.15542101860046387,-0.004405979369437318,-0.01660245656967163,-0.19028428196907043,-0.02550689161256514,-0.016480952501296997,-0.13888663053512573,-0.018480358947670084,-0.015798717737197876,-0.10349464416503906,-0.005528675228958946
A,0.0,0.0,0.0,0.058621615171432495,-0.029828369617462158,-0.021003715668001632,0.10209837555885315,-0.09344753623008728,-0.025800147999206047,0.11646842956542969,-0.1672826111316681,-0.030195118833461265,0.11818474531173706,-0.2288781702518463,-0.032096168000379066,0.07489204406738281,-0.15084975957870483,-0.0037158487570820853,0.08312001824378967,-0.20415011048316956,-0.031806541580834846,0.07044064998626709,-0.1517939567565918,-0.046443065602460365,0.060358792543411255,-0.10696479678153992,-0.049232905704656105,0.042292267084121704,-0.15691184997558594,-0.0001477274958858743,0.04697874188423157,-0.19707763195037842,-0.032824764002242546,0.03493982553482056,-0.1281890571117401,-0.040717070896306495,0.028729736804962158,-0.08125999569892883,-0.036322684932628135,0.01005244255065918,-0.15740889310836792,-0.0016994302600039646,0.013465464115142822,-0.19599905610084534,-0.034606168020644645,0.007957041263580322,-0.1259811818599701,-0.028450436864176254,0.0068888068199157715,-0.0798022449016571,-0.013275008622684936,-0.02457307279109955,-0.15325048565864563,-0.00462788061437891,-0.01669846475124359,-0.18836921453475952,-0.02589391914395378,-0.016577482223510742,-0.1372106671333313,-0.0190363824108033,-0.01569811999797821,-0.10167473554611206,-0.006317162860312919
A,0.0,0.0,0.0,0.058660686016082764,-0.03001505136489868,-0.020535210556658967,0.1016688346862793,-0.09309706091880798,-0.02495700720635341,0.11572399735450745,-0.16608425974845886,-0.02914782468167232,0.11825966835021973,-0.22690176963806152,-0.03091737668898986,0.07471179962158203,-0.1498710811138153,-0.002743075079592927,0.08296850323677063,-0.20310786366462708,-0.030518221146735414,0.0708838701248169,-0.1513657569885254,-0.04488275799837993,0.06091699004173279,-0.1062634289264679,-0.047379615194472535,0.04208940267562866,-0.15600484609603882,0.0005754269060389561,0.046870797872543335,-0.19624945521354675,-0.03184704709735797,0.03516539931297302,-0.12734141945838928,-0.03966609988299297,0.028961479663848877,-0.07968401908874512,-0.03507208306280063,0.009684652090072632,-0.15658369660377502,-0.0012503328633783894,0.013158142566680908,-0.19476905465126038,-0.034106212145957215,0.007762491703033447,-0.12483656406402588,-0.028224144540104135,0.0066526830196380615,-0.07833689451217651,-0.013045383095118268,-0.025250405073165894,-0.15217667818069458,-0.0043902592168478805,-0.016935274004936218,-0.18828821182250977,-0.02546834241536544,-0.016365140676498413,-0.13764691352844238,-0.018543849177035554,-0.015436485409736633,-0.10203602910041809,-0.005706461089971526
A,0.0,0.0,0.0,0.058011412620544434,-0.027083516120910645,-0.020197879704824118,0.101093590259552,-0.09212061762809753,-0.024318464282146124,0.1146390438079834,-0.1657104790210724,-0.02820529620646539,0.11786621809005737,-0.22601062059402466,-0.02971158008574548,0.07366493344306946,-0.14831149578094482,-0.002964026243603257,0.08216273784637451,-0.20221930742263794,-0.030983472424736647,0.07016372680664062,-0.15022295713424683,-0.04561865534185472,0.06007632613182068,-0.1046520471572876,-0.04830372165440622,0.04129377007484436,-0.15383219718933105,0.0002447547668680272,0.04666587710380554,-0.1946846842765808,-0.0323309546291739,0.03459697961807251,-0.1259135603904724,-0.04021812434791627,0.027611136436462402,-0.07874312996864319,-0.03566844965814653,0.009258508682250977,-0.15454000234603882,-0.0016576925480649152,0.013220161199569702,-0.1940375566482544,-0.03466624971031251,0.007438153028488159,-0.12375348806381226,-0.028711734521380095,0.005680441856384277,-0.07739236950874329,-0.01352181676327291,-0.025219470262527466,-0.15124517679214478,-0.004835813488057283,-0.017214342951774597,-0.1868646740913391,-0.026124132978907255,-0.017155706882476807,-0.1358085572719574,-0.019328061673036245,-0.016676172614097595,-0.10047498345375061,-0.006642818632712988
A,0.0,0.0,0.0,0.05784487724304199,-0.03045964241027832,-0.020446895967694445,0.10029822587966919,-0.09438014030456543,-0.0250136231738054,0.11391723155975342,-0.16715997457504272,-0.029438103895159884,0.11745396256446838,-0.22841036319732666,-0.03155995288071267,0.07403421401977539,-0.14990854263305664,-0.0016734279892318682,0.08258765935897827,-0.20410680770874023,-0.02985835761901967,0.07018566131591797,-0.1534631848335266,-0.04529312753257386,0.05973184108734131,-0.10762590169906616,-0.048514345075460596,0.04200437664985657,-0.15646463632583618,0.0015235160277313753,0.047274768352508545,-0.19683459401130676,-0.03131204598722093,0.03443115949630737,-0.12857869267463684,-0.03983491786894433,0.027509182691574097,-0.07991302013397217,-0.035492786552282496,0.009844392538070679,-0.1578647494316101,-0.0005458004856393472,0.0137157142162323,-0.19693344831466675,-0.033637346114488764,0.007215410470962524,-0.12720778584480286,-0.028265518482299967,0.0055062174797058105,-0.07959595322608948,-0.01324725278792016,-0.024757102131843567,-0.15478450059890747,-0.003970941874655409,-0.01679125428199768,-0.18960922956466675,-0.025478692139955683,-0.016827434301376343,-0.13890042901039124,-0.018945935528250857,-0.01614135503768921,-0.10289266705513,-0.0062084611239754395
A,0.0,0.0,0.0,0.058754682540893555,-0.03078681230545044,-0.020445088545841372,0.10109314322471619,-0.09393996000289917,-0.0249598069740955,0.1150931715965271,-0.16735738515853882,-0.029317433635753787,0.11831146478652954,-0.22840920090675354,-0.03128299738006035,0.07463371753692627,-0.14924052357673645,-0.00221148288534323,0.0830327570438385,-0.2036900520324707,-0.03029050181345383,0.0707348883152008,-0.1523161232471466,-0.045253376166385806,0.06051036715507507,-0.10687533020973206,-0.04820136974291245,0.04234468936920166,-0.15583407878875732,0.0010351519640039442,0.04724210500717163,-0.1961313784122467,-0.03185840199427048,0.03481090068817139,-0.1276054084300995,-0.0401828723652784,0.028324544429779053,-0.07992821931838989,-0.03586598361567894,0.010193407535552979,-0.15711498260498047,-0.0009129912751291158,0.013784945011138916,-0.1961725950241089,-0.033865722517532504,0.00767827033996582,-0.12663131952285767,-0.028126456464690364,0.006265014410018921,-0.07989427447319031,-0.013043650115889704,-0.024440765380859375,-0.1536605954170227,-0.004232695016128218,-0.016672223806381226,-0.18905740976333618,-0.025518561403316653,-0.016578540205955505,-0.13857606053352356,-0.0187835122151796,-0.01571427285671234,-0.10288757085800171,-0.006028737562758124
A,0.0,0.0,0.0,0.05804923176765442,-0.0309256911277771,-0.021596581529934156,0.10107702016830444,-0.09499680995941162,-0.0268188536578009,0.11495146155357361,-0.16748374700546265,-0.031738615449626195,0.11765849590301514,-0.22942936420440674,-0.034147637751061666,0.07474759221076965,-0.15226754546165466,-0.0025340203141013262,0.08320504426956177,-0.20564478635787964,-0.031725703593451726,0.07035642862319946,-0.15466922521591187,-0.04768995087977146,0.059916019439697266,-0.10935291647911072,-0.05105673786636089,0.042478471994400024,-0.15858334302902222,0.0009856075336074355,0.04753574728965759,-0.1984383761882782,-0.032834465470273244,0.03460431098937988,-0.12968850135803223,-0.04152050506706928,0.028157025575637817,-0.08126106858253479,-0.03701236363883709,0.010144531726837158,-0.15978726744651794,-0.0009299725937808034,0.01374727487564087,-0.19758862257003784,-0.03469660770531391,0.007270604372024536,-0.12801572680473328,-0.029203832935650098,0.00615808367729187,-0.08088043332099915,-0.013881543506045091,-0.024539440870285034,-0.1567407250404358,-0.004338760249424922,-0.01680608093738556,-0.19078198075294495,-0.025984308537204015,-0.016773119568824768,-0.14010262489318848,-0.019319626357514608,-0.015670716762542725,-0.10434380173683167,-0.006361439678926217
A,0.0,0.0,0.0,0.05919864773750305,-0.030593454837799072,-0.021489553284112617,0.10191115736961365,-0.09455564618110657,-0.026640972253147766,0.11566424369812012,-0.16860798001289368,-0.03142201727277438,0.1189262866973877,-0.23029983043670654,-0.03363508557922046,0.07524740695953369,-0.15073055028915405,-0.00357312698869805,0.08371585607528687,-0.20591753721237183,-0.03263943841702144,0.07106980681419373,-0.15409094095230103,-0.04796134879833858,0.06080523133277893,-0.10846492648124695,-0.05091720273739497,0.04266884922981262,-0.15691161155700684,5.926998747440848e-05,0.04789641499519348,-0.19787397980690002,-0.033831978347365066,0.03506481647491455,-0.12878569960594177,-0.04205526983386676,0.028597742319107056,-0.08124673366546631,-0.03738197883612315,0.010354191064834595,-0.15798011422157288,-0.0016374453112746323,0.014150440692901611,-0.19642192125320435,-0.035346014555756256,0.007822245359420776,-0.12686997652053833,-0.02929512238151233,0.006681293249130249,-0.08061838150024414,-0.013722449671689674,-0.024235844612121582,-0.1546531319618225,-0.00478942565641205,-0.016080349683761597,-0.19050389528274536,-0.026102528106633827,-0.016346797347068787,-0.14007243514060974,-0.01902786469108264,-0.01551482081413269,-0.10485848784446716,-0.005944364369128152
A,0.0,0.0,0.0,0.0590745210647583,-0.03217029571533203,-0.021033162073024414,0.10148632526397705,-0.09570911526679993,-0.026022834525235794,0.11523878574371338,-0.16873520612716675,-0.030760679215916298,0.11838549375534058,-0.2301730513572693,-0.032991304815539024,0.07477813959121704,-0.15171587467193604,-0.0028655971947841863,0.08362597227096558,-0.20568689703941345,-0.031396981150635384,0.07074916362762451,-0.15387850999832153,-0.04671173152399888,0.059944987297058105,-0.1085391640663147,-0.04977189359141221,0.042302072048187256,-0.15816152095794678,0.0005933683167427262,0.04757273197174072,-0.19826921820640564,-0.03244396281314721,0.034567177295684814,-0.12952837347984314,-0.040561433703430794,0.027667462825775146,-0.08180847764015198,-0.03601692226601472,0.00982317328453064,-0.15904420614242554,-0.0012117740081407646,0.014055579900741577,-0.1973273754119873,-0.03397575375510087,0.007523655891418457,-0.12817180156707764,-0.027847450048454903,0.005842357873916626,-0.08173835277557373,-0.012473934151955746,-0.025218039751052856,-0.15515965223312378,-0.004490837276705406,-0.0163278728723526,-0.19072744250297546,-0.02525917422843804,-0.016461998224258423,-0.14056187868118286,-0.018027230919130943,-0.01601347327232361,-0.10525256395339966,-0.0049316373735450725
A,0.0,0.0,0.0,0.05891251564025879,-0.03081536293029785,-0.021243382203266492,0.10173332691192627,-0.0946786105632782,-0.0261685587045406,0.11543029546737671,-0.16786658763885498,-0.03074578377871262,0.11834856867790222,-0.2293320894241333,-0.03285628739266144,0.07523497939109802,-0.15073201060295105,-0.0037969771817927267,0.08371469378471375,-0.20546886324882507,-0.03247743654517876,0.0707693099975586,-0.15378451347351074,-0.04762161705164658,0.060055553913116455,-0.10817170143127441,-0.050499780061528554,0.04249128699302673,-0.15695637464523315,-0.00020363042293070066,0.04723560810089111,-0.19716566801071167,-0.03338907096056687,0.0345233678817749,-0.12830710411071777,-0.041335446718022695,0.027845919132232666,-0.0807226300239563,-0.036684764507100454,0.009883284568786621,-0.1578252911567688,-0.001875020754397383,0.01343148946762085,-0.1962066888809204,-0.03501579347519623,0.007315516471862793,-0.12662118673324585,-0.028967300387904515,0.005994588136672974,-0.08030378818511963,-0.01359759639470326,-0.02517518401145935,-0.1540718376636505,-0.0049813435923908855,-0.01681765913963318,-0.19008409976959229,-0.026148175778672567,-0.016719937324523926,-0.13945522904396057,-0.019113784613892904,-0.015970051288604736,-0.10404336452484131,-0.006128929979041686
A,0.0,0.0,0.0,0.05921292304992676,-0.033009111881256104,-0.020742031354131996,0.10135594010353088,-0.0954974889755249,-0.02590041102808982,0.11492547392845154,-0.16842696070671082,-0.030946985426965057,0.11732175946235657,-0.22994187474250793,-0.03349192680758506,0.07493624091148376,-0.15092438459396362,-0.0025179000381854166,0.08322703838348389,-0.20514389872550964,-0.031160111147585212,0.07001757621765137,-0.15311822295188904,-0.04665269942921668,0.05946660041809082,-0.10799282789230347,-0.049852217156114875,0.04223763942718506,-0.1574033498764038,0.0007776244150932143,0.047212064266204834,-0.19780048727989197,-0.032512395251217185,0.03418418765068054,-0.12935635447502136,-0.04094209762257606,0.02761855721473694,-0.08193790912628174,-0.03662766011399299,0.009685397148132324,-0.15838691592216492,-0.0011390271407094588,0.013634741306304932,-0.19658616185188293,-0.03394210206312209,0.007141768932342529,-0.1279311180114746,-0.027885037082853614,0.005749106407165527,-0.08172082901000977,-0.012568096238794624,-0.025161951780319214,-0.15481191873550415,-0.004508022758784591,-0.01666015386581421,-0.19078510999679565,-0.025061961803260147,-0.016835227608680725,-0.14114660024642944,-0.017729875240149795,-0.016253873705863953,-0.10597014427185059,-0.004599157794984876
A,0.0,0.0,0.0,0.05898275971412659,-0.03168767690658569,-0.0205772440829719,0.10118237137794495,-0.0946061909198761,-0.02534351087598452,0.11449617147445679,-0.16747257113456726,-0.029946833471342416,0.11706504225730896,-0.22868573665618896,-0.03207890837876448,0.07458490133285522,-0.14954456686973572,-0.0029148097099209735,0.08279898762702942,-0.2042902410030365,-0.031266381586476655,0.06977382302284241,-0.15254533290863037,-0.04623337238518843,0.05939432978630066,-0.10705175995826721,-0.04906536414711127,0.04190373420715332,-0.1558237373828888,0.0003652930019484302,0.04669198393821716,-0.19650626182556152,-0.03256743549792418,0.0338749885559082,-0.12812021374702454,-0.040566371376201005,0.027459144592285156,-0.08069533109664917,-0.036029615993186326,0.00931084156036377,-0.15678957104682922,-0.0015498795262942622,0.01295846700668335,-0.19565263390541077,-0.034308423841878266,0.0067491233348846436,-0.1267874836921692,-0.028215299914165826,0.005582869052886963,-0.08062434196472168,-0.012926652649923653,-0.02568398416042328,-0.15317869186401367,-0.004866875796153636,-0.01722116768360138,-0.18955782055854797,-0.025566454599186272,-0.017017245292663574,-0.13963544368743896,-0.018357276538893075,-0.016226306557655334,-0.10428982973098755,-0.005359787581994624
A,0.0,0.0,0.0,0.058445364236831665,-0.029857158660888672,-0.02090419232317231,0.10139566659927368,-0.09291917085647583,-0.025741748133981446,0.11528968811035156,-0.1658167839050293,-0.030344014609539727,0.11779981851577759,-0.22732484340667725,-0.032452834392273644,0.07527753710746765,-0.14849898219108582,-0.003058376809889296,0.08333799242973328,-0.2028510868549347,-0.03188451528021119,0.06975030899047852,-0.1507388949394226,-0.04722362160154603,0.05942919850349426,-0.10533750057220459,-0.05028045698472283,0.04282519221305847,-0.1548890471458435,0.000259115243721908,0.04724934697151184,-0.19609203934669495,-0.03346042483516953,0.03433367609977722,-0.1274169683456421,-0.04178442209430955,0.028235167264938354,-0.07966262102127075,-0.03717883824774049,0.010395795106887817,-0.15611481666564941,-0.0016646823792996202,0.013277024030685425,-0.19500157237052917,-0.03525586202212594,0.007007986307144165,-0.12531143426895142,-0.029415215919101456,0.006292104721069336,-0.07880455255508423,-0.014002237091148118,-0.024323180317878723,-0.15315690636634827,-0.004976494791293362,-0.01716504991054535,-0.18790274858474731,-0.026301558683002213,-0.01704023778438568,-0.1371675729751587,-0.019421673933351258,-0.015549451112747192,-0.10162174701690674,-0.006490672560715893
A,0.0,0.0,0.0,0.057855188846588135,-0.030386149883270264,-0.02137819038389921,0.10023602843284607,-0.09517985582351685,-0.026552970648396013,0.11364102363586426,-0.16751164197921753,-0.03142006801127195,0.11679044365882874,-0.2289137840270996,-0.03379930289148092,0.07375174760818481,-0.15075981616973877,-0.0036438341593623136,0.08175191283226013,-0.20404601097106934,-0.032786564097392557,0.0686272382736206,-0.15225350856781006,-0.048584305808532235,0.05841714143753052,-0.10660877823829651,-0.051922352180469034,0.04105314612388611,-0.156537264585495,-0.00025302976055741055,0.046076029539108276,-0.19625768065452576,-0.033932355359780786,0.03353342413902283,-0.12762221693992615,-0.04215165706037283,0.027130037546157837,-0.0788954496383667,-0.03744920449017286,0.00847277045249939,-0.15725412964820862,-0.002230531197625396,0.012026846408843994,-0.19520875811576843,-0.035758470312345025,0.006241738796234131,-0.12605243921279907,-0.030026611999261377,0.005364745855331421,-0.07891756296157837,-0.01468576876132488,-0.026061654090881348,-0.1536942720413208,-0.005690480709660051,-0.018213406205177307,-0.18810877203941345,-0.027294787705528734,-0.01754102110862732,-0.1379522979259491,-0.02069856704829931,-0.016303226351737976,-0.1022360622882843,-0.007895629048931596
A,0.0,0.0,0.0,0.057921260595321655,-0.03164994716644287,-0.02110622176360266,0.09986484050750732,-0.09577924013137817,-0.02608100050520079,0.1131310760974884,-0.1681031584739685,-0.030939874289742875,0.1148119866847992,-0.2297283113002777,-0.03341167145799773,0.07294705510139465,-0.15104198455810547,-0.0018052694426842208,0.08055931329727173,-0.2046060562133789,-0.03067951375078337,0.06797215342521667,-0.15329742431640625,-0.0467597926540293,0.057983607053756714,-0.10765427350997925,-0.05032682517003195,0.04069599509239197,-0.1567586064338684,0.0014698855306960468,0.04507216811180115,-0.19685500860214233,-0.03218665072154181,0.032959043979644775,-0.12882426381111145,-0.04119038307499068,0.02676922082901001,-0.08029431104660034,-0.03698459738325255,0.008280783891677856,-0.15739452838897705,-0.0006368899989865895,0.011085152626037598,-0.19571223855018616,-0.03420139202307837,0.005736678838729858,-0.12678661942481995,-0.029025566814652848,0.005142092704772949,-0.07951462268829346,-0.013973234271816182,-0.026362836360931396,-0.15396350622177124,-0.0041922275481738325,-0.019416257739067078,-0.18871337175369263,-0.025792676074615883,-0.018365904688835144,-0.13890793919563293,-0.01928103254567759,-0.01659490168094635,-0.10301774740219116,-0.006469865845701861
A,0.0,0.0,0.0,0.058053791522979736,-0.03252047300338745,-0.021050746971241097,0.09935039281845093,-0.09646099805831909,-0.026223219418398003,0.11223629117012024,-0.16919854283332825,-0.031221193680039505,0.11417803168296814,-0.23048332333564758,-0.033801964902750115,0.07252824306488037,-0.15213888883590698,-0.0025750388851975003,0.07931023836135864,-0.20557564496994019,-0.03137016245113955,0.06717312335968018,-0.15322402119636536,-0.047122667962185005,0.05790978670120239,-0.10773235559463501,-0.05055969157206164,0.040200620889663696,-0.1578652262687683,0.0007647239142443141,0.04428479075431824,-0.19756948947906494,-0.03332347371565447,0.03224456310272217,-0.12884530425071716,-0.04231293820726023,0.02624523639678955,-0.08045470714569092,-0.038074790918699364,0.007977545261383057,-0.15827378630638123,-0.0011439111078743736,0.010314643383026123,-0.1957101821899414,-0.034837524825206856,0.005265980958938599,-0.12648552656173706,-0.029502663248649696,0.005009442567825317,-0.0794113278388977,-0.014376186253002743,-0.026455789804458618,-0.1543477475643158,-0.004472901997587542,-0.020095497369766235,-0.18830114603042603,-0.026068718591204743,-0.018767863512039185,-0.13829663395881653,-0.01960103535043345,-0.01646752655506134,-0.10295295715332031,-0.0068630659482096235
A,0.0,0.0,0.0,0.05769240856170654,-0.03263002634048462,-0.020293458773039674,0.09852024912834167,-0.097116619348526,-0.02498489007189164,0.11073756217956543,-0.17037445306777954,-0.029591466708325243,0.1128527820110321,-0.23123440146446228,-0.03179277986123452,0.07068240642547607,-0.15161210298538208,-0.002293685859285688,0.0784444808959961,-0.20664039254188538,-0.030610922200821733,0.06708920001983643,-0.15480199456214905,-0.04561694845392594,0.05757206678390503,-0.10901090502738953,-0.048477047531150674,0.03844785690307617,-0.15686875581741333,0.0007555210024747794,0.043313294649124146,-0.1975327730178833,-0.03220611944630036,0.031678348779678345,-0.12858986854553223,-0.04035182058646569,0.025567293167114258,-0.08087968826293945,-0.03582083567812333,0.00613895058631897,-0.15696606040000916,-0.0013972735621337051,0.009641766548156738,-0.19592499732971191,-0.034525403229736185,0.004483640193939209,-0.12631431221961975,-0.028599244950555658,0.0036267638206481934,-0.07978785037994385,-0.013255091792188978,-0.028728097677230835,-0.15256944298744202,-0.004886278825097179,-0.020819202065467834,-0.18860992789268494,-0.026053821144842004,-0.019525989890098572,-0.13814899325370789,-0.018963904528163766,-0.01813805103302002,-0.10271760821342468,-0.0059130233137238974
A,0.0,0.0,0.0,0.058375537395477295,-0.03375059366226196,-0.0208674017379451,0.09902492165565491,-0.09790647029876709,-0.025891305882709048,0.11136075854301453,-0.17156058549880981,-0.030775148425476573,0.11379975080490112,-0.2327803373336792,-0.03321787529088738,0.07198339700698853,-0.1529531478881836,-0.0020203217903542736,0.07882735133171082,-0.2070678472518921,-0.030518187213914416,0.06718456745147705,-0.1547020971775055,-0.045942159373538516,0.057897329330444336,-0.10865193605422974,-0.04913060926295998,0.039601415395736694,-0.1583339273929596,0.001342453524245002,0.04372704029083252,-0.1985168159008026,-0.03220363893009903,0.03224092721939087,-0.12952622771263123,-0.040890434760825656,0.026372820138931274,-0.08129525184631348,-0.03660605289437058,0.0072838664054870605,-0.15844586491584778,-0.0005652338771540144,0.01004791259765625,-0.19659405946731567,-0.03395069949723961,0.00526803731918335,-0.12709912657737732,-0.02834946848847153,0.004745453596115112,-0.08008038997650146,-0.013114348989205382,-0.027511149644851685,-0.1539520025253296,-0.0038810633162427166,-0.020259052515029907,-0.18999016284942627,-0.025292323906199954,-0.01890556514263153,-0.139745831489563,-0.018497444693224452,-0.017156004905700684,-0.10410326719284058,-0.0055404594207573155
A,0.0,0.0,0.0,0.05756989121437073,-0.03265655040740967,-0.020179972172286398,0.0984409749507904,-0.09760650992393494,-0.024682648599650747,0.11036369204521179,-0.1706545650959015,-0.02912832436015833,0.11244255304336548,-0.23124510049819946,-0.03120691527476538,0.07013210654258728,-0.15261122584342957,-0.002504077394064552,0.07717829942703247,-0.20698314905166626,-0.030559847251083738,0.06602385640144348,-0.15461304783821106,-0.045339422420170195,0.057059645652770996,-0.10872742533683777,-0.04811109055629004,0.03749352693557739,-0.15754148364067078,0.0005261301379277938,0.0420345664024353,-0.19784891605377197,-0.03215754230370749,0.03083750605583191,-0.12880516052246094,-0.040165552989151365,0.02484351396560669,-0.08076918125152588,-0.035638751581814176,0.005158483982086182,-0.1572631597518921,-0.001598673177454657,0.008535295724868774,-0.19607269763946533,-0.03443705861320723,0.003789961338043213,-0.12618213891983032,-0.028466245279219038,0.0030760467052459717,-0.07916653156280518,-0.013197853349652178,-0.029495924711227417,-0.15229299664497375,-0.005074629214163906,-0.02134762704372406,-0.1886816918849945,-0.02621993061950434,-0.02011394500732422,-0.1381436288356781,-0.019242722660806066,-0.018919795751571655,-0.10221096873283386,-0.006308236279096491
A,0.0,0.0,0.0,0.05803033709526062,-0.032472074031829834,-0.021094716340684272,0.09894445538520813,-0.0976826548576355,-0.025870469585441924,0.11084908246994019,-0.17092537879943848,-0.03041380010583339,0.11259353160858154,-0.231805682182312,-0.03258558101990161,0.07116630673408508,-0.15320712327957153,-0.0024786847181701432,0.07859402894973755,-0.20742195844650269,-0.030844777077817298,0.06713378429412842,-0.15603622794151306,-0.046200477704786636,0.05773511528968811,-0.1098482608795166,-0.0492702435705894,0.03889918327331543,-0.1584082543849945,0.001105994381561004,0.043495893478393555,-0.1975770890712738,-0.03193023167588649,0.03177487850189209,-0.129020094871521,-0.040380486473821975,0.025650054216384888,-0.08065742254257202,-0.03600549437143741,0.006695806980133057,-0.1584760844707489,-0.0006324878315524529,0.00969165563583374,-0.1960529088973999,-0.03375377617814479,0.004755645990371704,-0.1268393099308014,-0.028454263881229735,0.00420263409614563,-0.0796775221824646,-0.0134926244620317,-0.027975022792816162,-0.15409311652183533,-0.0037857656836592923,-0.020395174622535706,-0.19003331661224365,-0.02510979324617324,-0.01900249719619751,-0.13995656371116638,-0.018516523018860198,-0.01732155680656433,-0.10398894548416138,-0.005760500859850026
A,0.0,0.0,0.0,0.05807662010192871,-0.03183466196060181,-0.02131513948094721,0.09945163130760193,-0.09704193472862244,-0.026184013807295514,0.11148783564567566,-0.17050528526306152,-0.030730093591927243,0.11323520541191101,-0.23158907890319824,-0.03275387617301817,0.07166275382041931,-0.15315890312194824,-0.0032374565443831216,0.0794413685798645,-0.2072213888168335,-0.031979786926029874,0.06749862432479858,-0.15497225522994995,-0.047150167399166776,0.057911962270736694,-0.10900059342384338,-0.050015187584875775,0.03921571373939514,-0.15828686952590942,0.00039069177458372906,0.04405099153518677,-0.19803503155708313,-0.03320303442430372,0.03224363923072815,-0.12881013751029968,-0.041380795412777616,0.026439279317855835,-0.08100295066833496,-0.03665885957431669,0.006923764944076538,-0.15826469659805298,-0.0012861116510691772,0.010150015354156494,-0.19550448656082153,-0.03474743174862738,0.005025416612625122,-0.12602096796035767,-0.028910760530351354,0.004613518714904785,-0.07985609769821167,-0.013483524085103227,-0.027854159474372864,-0.15389147400856018,-0.004391297460614396,-0.019966572523117065,-0.18922322988510132,-0.025572712295769406,-0.018867388367652893,-0.138860821723938,-0.018559236773370458,-0.01723410189151764,-0.10360532999038696,-0.005509947654871894
A,0.0,0.0,0.0,0.05797278881072998,-0.03173452615737915,-0.021584418247584836,0.09920871257781982,-0.09648001194000244,-0.02677823660815193,0.11167636513710022,-0.16974559426307678,-0.03165038732731773,0.11363127827644348,-0.2312893569469452,-0.034023140202407376,0.0725526213645935,-0.15288010239601135,-0.0030690481598867336,0.07967862486839294,-0.20618224143981934,-0.0322126193150325,0.0672810971736908,-0.1541323959827423,-0.048017368297223584,0.0578056275844574,-0.10837557911872864,-0.051364929060582654,0.039854347705841064,-0.1584450602531433,0.0004601507735060295,0.044015973806381226,-0.19832110404968262,-0.033492666314486996,0.032280415296554565,-0.1295183300971985,-0.0420262037023349,0.02686282992362976,-0.0812256932258606,-0.03748660592282249,0.007222920656204224,-0.1585659384727478,-0.0013905619216529885,0.009869784116744995,-0.19628363847732544,-0.03520930243576004,0.004978835582733154,-0.12682056427001953,-0.029541206191424862,0.005015045404434204,-0.08014065027236938,-0.014159404317979352,-0.027622103691101074,-0.1539766788482666,-0.004709612689111964,-0.02043233811855316,-0.18900522589683533,-0.02640853693628742,-0.019207388162612915,-0.1382991075515747,-0.019643134082798497,-0.017195552587509155,-0.10259702801704407,-0.006659338361714617
A,0.0,0.0,0.0,0.05829218029975891,-0.03264361619949341,-0.020969048756285247,0.09903338551521301,-0.09704899787902832,-0.02586802901618057,0.1110835075378418,-0.17048364877700806,-0.030479448530002173,0.11283311247825623,-0.23124274611473083,-0.03261529901914173,0.07129073143005371,-0.15203353762626648,-0.0031991956374781694,0.07846096158027649,-0.20588505268096924,-0.03150944286875301,0.06656616926193237,-0.1534143090248108,-0.04653104642324024,0.057199627161026,-0.10814574360847473,-0.04951235154561573,0.0386604368686676,-0.15750855207443237,0.00028639245743988795,0.043096303939819336,-0.19714194536209106,-0.03291807943872982,0.03147795796394348,-0.1282854676246643,-0.041121045741363105,0.025587469339370728,-0.08090132474899292,-0.036639342698379096,0.006330698728561401,-0.15740126371383667,-0.0014088256602349247,0.009304553270339966,-0.1949964165687561,-0.03451388204388195,0.004401177167892456,-0.12579256296157837,-0.028661376479192313,0.0038628578186035156,-0.07978719472885132,-0.013412710893078383,-0.028346523642539978,-0.1525196135044098,-0.0044959840915339555,-0.020791679620742798,-0.1877135932445526,-0.025639551374240455,-0.019458144903182983,-0.13756787776947021,-0.018721052128000792,-0.017788082361221313,-0.1025131344795227,-0.0058175429321067895
A,0.0,0.0,0.0,0.0574263334274292,-0.03038942813873291,-0.022025274394763983,0.09929049015045166,-0.09522324800491333,-0.02713808818043617,0.11196741461753845,-0.16850391030311584,-0.03175484417261032,0.11365166306495667,-0.23020100593566895,-0.033782527132643736,0.07257616519927979,-0.15163573622703552,-0.00323035922156123,0.07976672053337097,-0.20550993084907532,-0.032138094587935484,0.06705299019813538,-0.1533856987953186,-0.04769661678255943,0.057321697473526,-0.10750585794448853,-0.050869029297246016,0.040165066719055176,-0.1572677195072174,0.0006409657162294025,0.04346203804016113,-0.19699034094810486,-0.032759584768427885,0.03182896971702576,-0.12849906086921692,-0.04113897336901573,0.026476740837097168,-0.08068674802780151,-0.03661885885776428,0.007973730564117432,-0.15764424204826355,-0.0009464387458137935,0.009408056735992432,-0.1947619616985321,-0.03431784017266182,0.0047092437744140625,-0.12556037306785583,-0.028908685131682432,0.005043357610702515,-0.07943981885910034,-0.013849783970727003,-0.026256456971168518,-0.15347915887832642,-0.004047379179610289,-0.020370393991470337,-0.18785914778709412,-0.0253688453722134,-0.01917724311351776,-0.1376463770866394,-0.018863981871618307,-0.01685771346092224,-0.10248923301696777,-0.006198841429068125
A,0.0,0.0,0.0,0.05743160843849182,-0.029961466789245605,-0.021218715841968105,0.09911632537841797,-0.09562832117080688,-0.026096687327225254,0.111046701669693,-0.16895794868469238,-0.030618318031628178,0.11319303512573242,-0.22978687286376953,-0.03258188315768962,0.07150152325630188,-0.15108183026313782,-0.0036265090118092758,0.07863545417785645,-0.20461517572402954,-0.03250456475754504,0.06649702787399292,-0.15192940831184387,-0.04776503020067935,0.05726271867752075,-0.10589584708213806,-0.0507209884478641,0.03884163498878479,-0.15587422251701355,-0.00023756396942076208,0.04340168833732605,-0.1961318552494049,-0.033941930766303585,0.0316215455532074,-0.12718400359153748,-0.042057963694531963,0.025889486074447632,-0.07922166585922241,-0.037228210504252957,0.0064254701137542725,-0.15576711297035217,-0.0021350950944167835,0.009291410446166992,-0.1936790943145752,-0.03574304157038455,0.0043475329875946045,-0.12417632341384888,-0.02990565323372607,0.004268169403076172,-0.07784414291381836,-0.01444852599044566,-0.028116777539253235,-0.15166237950325012,-0.005446420191873358,-0.02102246880531311,-0.1864587366580963,-0.02676636227508311,-0.019934117794036865,-0.1361968219280243,-0.01987082385559802,-0.018030211329460144,-0.10098221898078918,-0.0069124662793171865
A,0.0,0.0,0.0,0.05811987817287445,-0.03225642442703247,-0.020900265841447663,0.09906302392482758,-0.09706830978393555,-0.025766282870137047,0.11089222133159637,-0.17024505138397217,-0.030387816547118973,0.11313362419605255,-0.23135501146316528,-0.032641049070917916,0.07203249633312225,-0.15157252550125122,-0.002540734425821256,0.07867692410945892,-0.20540255308151245,-0.03099110495921309,0.06658057868480682,-0.15378612279891968,-0.04655087698873217,0.05755262076854706,-0.10754701495170593,-0.04990899895008738,0.03927190601825714,-0.1569846272468567,0.0007598529880112892,0.04335196316242218,-0.19720205664634705,-0.032812848283612084,0.03161279857158661,-0.12875038385391235,-0.04152459238346751,0.026164934039115906,-0.07960480451583862,-0.037191755666100335,0.006684586405754089,-0.15725019574165344,-0.0012024014179417009,0.00945921242237091,-0.19547078013420105,-0.03451944474753077,0.004547044634819031,-0.126326322555542,-0.029139129041396927,0.004558011889457703,-0.07877105474472046,-0.014084156199061226,-0.028028741478919983,-0.15311864018440247,-0.004586663624905896,-0.021109655499458313,-0.18823575973510742,-0.025921295924746346,-0.019884437322616577,-0.1383005976676941,-0.019337083740794014,-0.01780720055103302,-0.10266822576522827,-0.006618982708715748
A,0.0,0.0,0.0,0.05791236460208893,-0.032297372817993164,-0.02092757785769095,0.09866435825824738,-0.09699758887290955,-0.025902259741741318,0.1107182651758194,-0.17047297954559326,-0.030641911198216576,0.11273963749408722,-0.23169183731079102,-0.03291355224402537,0.07138247787952423,-0.1519215703010559,-0.0029838205043404287,0.07803668081760406,-0.2060069441795349,-0.03170774282963862,0.06612129509449005,-0.1534099578857422,-0.04705669881852259,0.057154491543769836,-0.1073911190032959,-0.05015767144115557,0.03871951997280121,-0.15705811977386475,0.00024038675863380377,0.04301021993160248,-0.19788411259651184,-0.03345974685700526,0.031632110476493835,-0.12886777520179749,-0.04185816051514735,0.02621997892856598,-0.08046036958694458,-0.03726353274734606,0.006149753928184509,-0.15683048963546753,-0.001783887851814825,0.00898800790309906,-0.1953398585319519,-0.03528800757678141,0.004523053765296936,-0.1259351372718811,-0.02957090513856997,0.004524782299995422,-0.07924479246139526,-0.014203734342771668,-0.028676629066467285,-0.15216031670570374,-0.005200495124626059,-0.02146683633327484,-0.18790000677108765,-0.026458954085427422,-0.019612416625022888,-0.13791239261627197,-0.01954975502641787,-0.017460674047470093,-0.10255086421966553,-0.006562105026858944
A,0.0,0.0,0.0,0.057988569140434265,-0.03251773118972778,-0.020901759566612554,0.09899403154850006,-0.09752717614173889,-0.025889204295225454,0.11042524874210358,-0.17099419236183167,-0.030616478474684072,0.11201305687427521,-0.23219934105873108,-0.03289842367345841,0.07139952480792999,-0.15305295586585999,-0.003010978402443243,0.07797874510288239,-0.2070150077342987,-0.03170427441770585,0.06642653048038483,-0.15481960773468018,-0.04721000924880059,0.05745552480220795,-0.10844075679779053,-0.050411892535038305,0.038691893219947815,-0.1581033170223236,0.00023962840671742924,0.04281054437160492,-0.19792354106903076,-0.033286908121652914,0.031631216406822205,-0.12894269824028015,-0.04180843517357857,0.026380226016044617,-0.0802316665649414,-0.03738029807979615,0.006206437945365906,-0.1578059196472168,-0.0017264931852594145,0.008957073092460632,-0.19559335708618164,-0.03502892092043908,0.004423096776008606,-0.12625932693481445,-0.02931284852499516,0.00448201596736908,-0.0791940689086914,-0.01406636409635098,-0.02853997051715851,-0.15283972024917603,-0.005106221364684416,-0.021455049514770508,-0.18814706802368164,-0.026529615225143743,-0.01981094479560852,-0.1377200484275818,-0.019659397603817297,-0.017653629183769226,-0.10187959671020508,-0.006668013932056738
A,0.0,0.0,0.0,0.05816368758678436,-0.03168380260467529,-0.021566002590674316,0.09965653717517853,-0.09643283486366272,-0.02663902841331378,0.11136771738529205,-0.1702696979045868,-0.03139758758069888,0.1121838241815567,-0.23181965947151184,-0.033623426182288085,0.07180644571781158,-0.15185564756393433,-0.003243125470447694,0.07835055887699127,-0.20681044459342957,-0.032465602232235824,0.06626631319522858,-0.15422764420509338,-0.047999407125729476,0.05714966356754303,-0.10788533091545105,-0.05105680130245105,0.03925035893917084,-0.15704676508903503,0.00029758455175965537,0.04303593933582306,-0.19747695326805115,-0.033862116707581436,0.03129877150058746,-0.12824669480323792,-0.04235809944393054,0.02596057951450348,-0.08014774322509766,-0.03769685976030246,0.00691552460193634,-0.1572665572166443,-0.001546348056848501,0.009059175848960876,-0.19529202580451965,-0.03555225111367122,0.004005059599876404,-0.12559860944747925,-0.029905036984104072,0.00419248640537262,-0.07906311750411987,-0.014455193614679729,-0.027713850140571594,-0.15312781929969788,-0.004836185796278869,-0.0211058109998703,-0.18819791078567505,-0.02642610758366004,-0.019918084144592285,-0.13778361678123474,-0.01962354495944396,-0.0176163911819458,-0.10237482190132141,-0.00661544311614648
A,0.0,0.0,0.0,0.057099148631095886,-0.030042052268981934,-0.021364344775179234,0.098720982670784,-0.09575903415679932,-0.026277453198531475,0.11102558672428131,-0.1696300208568573,-0.03089654122243246,0.11211435496807098,-0.2307947278022766,-0.03304990243861994,0.07152821123600006,-0.15168321132659912,-0.003328416754925456,0.07787533104419708,-0.20498478412628174,-0.03245230999539217,0.06535832583904266,-0.15272894501686096,-0.048163692026832905,0.05617921054363251,-0.10661795735359192,-0.05147828397105059,0.03873796761035919,-0.15649333596229553,0.00010726292737217591,0.04244707524776459,-0.19623464345932007,-0.03410427880237421,0.030884787440299988,-0.12716889381408691,-0.042591764151552525,0.02555657923221588,-0.07864242792129517,-0.03795737263510546,0.006310269236564636,-0.15633279085159302,-0.0017965865810083415,0.008565858006477356,-0.1945839524269104,-0.03584794563005289,0.003922626376152039,-0.12484923005104065,-0.030254088833430615,0.004069074988365173,-0.07779169082641602,-0.014898204735914078,-0.028221234679222107,-0.1520385444164276,-0.005145051542172041,-0.021688416600227356,-0.18625956773757935,-0.02715288338015398,-0.020192965865135193,-0.1359141767024994,-0.02078050237844309,-0.01780100166797638,-0.10054680705070496,-0.008082324198880997
A,0.0,0.0,0.0,0.05667911469936371,-0.030794739723205566,-0.020764262677204215,0.0979340523481369,-0.09598729014396667,-0.02556318536497315,0.11012814939022064,-0.16860297322273254,-0.030230836273204886,0.11090604960918427,-0.22968173027038574,-0.03263728067375382,0.07128177583217621,-0.15103766322135925,-0.0026575180525298947,0.07752971351146698,-0.2045418620109558,-0.031574481428634726,0.06489326059818268,-0.15387514233589172,-0.047667158097993934,0.055495575070381165,-0.10795441269874573,-0.051241976470720374,0.03840966522693634,-0.15602567791938782,0.0004418138125572568,0.0418768972158432,-0.1953875720500946,-0.0331573461005803,0.030178412795066833,-0.12753203511238098,-0.04181450352169236,0.02468205988407135,-0.07828295230865479,-0.037362558097612464,0.005837365984916687,-0.15595027804374695,-0.001776685385067367,0.007859066128730774,-0.1931154429912567,-0.03521939113832673,0.0029775500297546387,-0.12438943982124329,-0.030041829944622123,0.0030929595232009888,-0.07693427801132202,-0.01504348896540364,-0.028557613492012024,-0.15153488516807556,-0.005412283615243041,-0.022282689809799194,-0.18583250045776367,-0.027037102059495055,-0.020956531167030334,-0.13587504625320435,-0.02066201835967263,-0.018685221672058105,-0.09975385665893555,-0.007971078419160449
A,0.0,0.0,0.0,0.056852951645851135,-0.031530916690826416,-0.021775049215136733,0.0981045812368393,-0.09743055701255798,-0.026847397034941878,0.1102752834558487,-0.1700667142868042,-0.03154287772434827,0.11138786375522614,-0.23160600662231445,-0.03374705003756162,0.07156555354595184,-0.15335217118263245,-0.0028425055201637406,0.0774090439081192,-0.20574554800987244,-0.03188727708715078,0.06516031920909882,-0.1545514166355133,-0.04787174897450086,0.05603797733783722,-0.10861784219741821,-0.05133164214151975,0.039136603474617004,-0.158336341381073,0.0007482468504917961,0.042332813143730164,-0.19669368863105774,-0.033144175132690634,0.030858114361763,-0.12856295704841614,-0.041809133311687674,0.025616183876991272,-0.07944035530090332,-0.03719773801225301,0.006716832518577576,-0.1581827700138092,-0.0011515793734702129,0.008046522736549377,-0.1938830316066742,-0.03485933976429578,0.0037211179733276367,-0.1255267858505249,-0.0298575601186144,0.004413381218910217,-0.07856523990631104,-0.014860664552031722,-0.027731269598007202,-0.15357047319412231,-0.004560107422946658,-0.02211873233318329,-0.18692243099212646,-0.02638427825826284,-0.02057477831840515,-0.13720235228538513,-0.020310635736166205,-0.017827928066253662,-0.10164052248001099,-0.007744127476541962
A,0.0,0.0,0.0,0.05723327398300171,-0.03227967023849487,-0.02078975440977615,0.09822291135787964,-0.09742659330368042,-0.025629830379472196,0.11048471927642822,-0.16988703608512878,-0.030406216923580587,0.11119607090950012,-0.2311980426311493,-0.03284271696625751,0.07152143120765686,-0.15225395560264587,-0.0021589426980028747,0.07773420214653015,-0.20531609654426575,-0.031006810088143766,0.06510031223297119,-0.15375208854675293,-0.046884766612635076,0.0557173490524292,-0.10777348279953003,-0.05027271697341007,0.03893265128135681,-0.1571628451347351,0.0009316040594455899,0.04242873191833496,-0.19669616222381592,-0.032454388980255544,0.030747801065444946,-0.12859031558036804,-0.04101460317193073,0.025449663400650024,-0.07975238561630249,-0.03652636596976322,0.006365090608596802,-0.1569647490978241,-0.0013381895334134697,0.008246243000030518,-0.19461369514465332,-0.034621882085190236,0.0033735036849975586,-0.12596267461776733,-0.029313902203426778,0.0035937726497650146,-0.0788414478302002,-0.014243782330737531,-0.02824985980987549,-0.15238440036773682,-0.005036335736946285,-0.021930187940597534,-0.18752729892730713,-0.026371943597183645,-0.020360395312309265,-0.13804221153259277,-0.01976242737887901,-0.01801641285419464,-0.10221746563911438,-0.006929898467348039
A,0.0,0.0,0.0,0.057336896657943726,-0.03062891960144043,-0.021369973870520198,0.09847494959831238,-0.09659874439239502,-0.026148204433326327,0.11169245839118958,-0.16918733716011047,-0.030685019420985782,0.11246928572654724,-0.23037701845169067,-0.03275667943299254,0.07178691029548645,-0.15205127000808716,-0.002828996137310469,0.07816362380981445,-0.20371031761169434,-0.03145910121739348,0.06543761491775513,-0.1516815423965454,-0.046922565179471576,0.056022584438323975,-0.1064068078994751,-0.05013802342355689,0.03947564959526062,-0.15693435072898865,0.00055256325512687,0.04343688488006592,-0.19583654403686523,-0.032949709075097644,0.03173670172691345,-0.1277085542678833,-0.04117829419911345,0.02589726448059082,-0.07929962873458862,-0.03638508238137206,0.0069919973611831665,-0.15663817524909973,-0.0014797646762474415,0.009012162685394287,-0.1927296221256256,-0.034728956150416934,0.004565924406051636,-0.12444332242012024,-0.02937109649420222,0.004712700843811035,-0.0781559944152832,-0.014254589306716525,-0.027639374136924744,-0.15212494134902954,-0.004988686854545676,-0.02132520079612732,-0.18583595752716064,-0.02611775204778155,-0.019534170627593994,-0.13705122470855713,-0.019697592335347736,-0.01707954704761505,-0.10232409834861755,-0.007085560562615001
A,0.0,0.0,0.0,0.05694596469402313,-0.02840203046798706,-0.022410048953588557,0.09866656363010406,-0.09513682126998901,-0.027348155937488627,0.11190949380397797,-0.16845116019248962,-0.03166422884851272,0.11248968541622162,-0.22933515906333923,-0.03319424655228431,0.07108302414417267,-0.15139222145080566,-0.004321241601701331,0.07785572111606598,-0.20339035987854004,-0.033059938661153865,0.06559447944164276,-0.15016767382621765,-0.04777794968276794,0.056353285908699036,-0.10509508848190308,-0.05042079355507667,0.03901098668575287,-0.15589481592178345,-0.00047312737615357037,0.04294653236865997,-0.19489717483520508,-0.03431420665174301,0.031741663813591,-0.12605440616607666,-0.04217063154965217,0.026181325316429138,-0.07900255918502808,-0.037037878147657466,0.0069456398487091064,-0.15535297989845276,-0.0020773658429789066,0.008732572197914124,-0.19107180833816528,-0.03595979403644378,0.00467623770236969,-0.12209746241569519,-0.030357383973296237,0.0051141828298568726,-0.07701277732849121,-0.014997522197063518,-0.0272187739610672,-0.15086179971694946,-0.005179279334242892,-0.02120475471019745,-0.18380117416381836,-0.026826382465060306,-0.019621312618255615,-0.13427585363388062,-0.020481270588334155,-0.017090782523155212,-0.10019472241401672,-0.007888164221640181
A,0.0,0.0,0.0,0.057405948638916016,-0.028492748737335205,-0.02107163330603612,0.09948784112930298,-0.09423714876174927,-0.02534215709258092,0.11059960722923279,-0.16545969247817993,-0.029223520290742044,0.11479568481445312,-0.2253251075744629,-0.030696082842240457,0.07058775424957275,-0.153364896774292,-0.0015930821939207362,0.08061406016349792,-0.2032482922077179,-0.028783794474492197,0.06885743141174316,-0.15417954325675964,-0.04393685234774125,0.058054178953170776,-0.10915392637252808,-0.04703916234959138,0.03909468650817871,-0.1583368182182312,0.0021519996405743314,0.04550847411155701,-0.19329804182052612,-0.02858338875759614,0.03351464867591858,-0.12684082984924316,-0.036885220539460306,0.02666381001472473,-0.080515056848526,-0.032839074712882166,0.0077447593212127686,-0.15783721208572388,0.0006083505175240589,0.011767596006393433,-0.1904093325138092,-0.030686523747334604,0.006342053413391113,-0.12349516153335571,-0.026332439836750154,0.0052568018436431885,-0.07847461104393005,-0.012565803696105604,-0.026058107614517212,-0.15328946709632874,-0.0023534148751593875,-0.019334927201271057,-0.18286952376365662,-0.022861478832254534,-0.01739954948425293,-0.13378852605819702,-0.01697959004033578,-0.015140384435653687,-0.09975534677505493,-0.0049379109225071716
A,0.0,0.0,0.0,0.055959731340408325,-0.027472853660583496,-0.021565383401082272,0.09869632124900818,-0.09252217411994934,-0.026303358476923222,0.11098989844322205,-0.16434291005134583,-0.030465142902301068,0.11383071541786194,-0.22445976734161377,-0.032000159945653195,0.07063719630241394,-0.1516304910182953,-0.0036228083617402262,0.08019766211509705,-0.20212623476982117,-0.031420784171984906,0.06790405511856079,-0.1521190106868744,-0.04584457549111676,0.0572952926158905,-0.10862353444099426,-0.04846554073350262,0.03931021690368652,-0.15624934434890747,-6.862114145178566e-05,0.04528447985649109,-0.19374588131904602,-0.03151450502531361,0.03265044093132019,-0.126693457365036,-0.03899364369766545,0.025931790471076965,-0.08304628729820251,-0.034373359855578656,0.00807519257068634,-0.15527629852294922,-0.001789254237280602,0.011247396469116211,-0.18897300958633423,-0.03417606848137211,0.005566045641899109,-0.12165766954421997,-0.028704069655702824,0.0049117207527160645,-0.07933956384658813,-0.014077602986560578,-0.025735080242156982,-0.15045839548110962,-0.004859560735837931,-0.019315600395202637,-0.1820356249809265,-0.025509165700839276,-0.017769604921340942,-0.1325545310974121,-0.01856422434406113,-0.015444248914718628,-0.09952887892723083,-0.005868970517383332
A,0.0,0.0,0.0,0.05617810785770416,-0.02762085199356079,-0.021025191850839065,0.09840764105319977,-0.09276220202445984,-0.025431586287794516,0.10913394391536713,-0.16437026858329773,-0.02938088946777384,0.11320753395557404,-0.22364497184753418,-0.030840098716197417,0.06854341924190521,-0.152088463306427,-0.0016619339332635263,0.0788557380437851,-0.20222842693328857,-0.028513217203197883,0.06683902442455292,-0.1531592309474945,-0.043549487225590156,0.055770739912986755,-0.10862073302268982,-0.046696869514761374,0.03728802502155304,-0.15661472082138062,0.0021655386333634397,0.04301442205905914,-0.19135919213294983,-0.027910951383290694,0.03080916404724121,-0.12570542097091675,-0.03618472986656229,0.023734301328659058,-0.08091661334037781,-0.03249385379987757,0.006920218467712402,-0.15562403202056885,0.0007612423758303066,0.010446175932884216,-0.18818217515945435,-0.029867494337139533,0.004875734448432922,-0.12219813466072083,-0.025443993367133544,0.0035684555768966675,-0.07840612530708313,-0.012014574229596064,-0.025565147399902344,-0.15081092715263367,-0.0020595871357897977,-0.019661277532577515,-0.18093538284301758,-0.021946899451194213,-0.01821257174015045,-0.131995290517807,-0.01584544763701956,-0.016118690371513367,-0.09797170758247375,-0.00391927021357219
A,0.0,0.0,0.0,0.05478736758232117,-0.0253298282623291,-0.021415127100709697,0.09740442037582397,-0.09013906121253967,-0.025677155362728854,0.10801860690116882,-0.1622001826763153,-0.029163131149772425,0.11189407110214233,-0.2211393117904663,-0.030164563687804957,0.06960073113441467,-0.15003034472465515,-0.0023250099125391444,0.07863003015518188,-0.19957363605499268,-0.028868741946581622,0.06562808156013489,-0.15132617950439453,-0.043722459705833217,0.054718613624572754,-0.1074739396572113,-0.04688466119981172,0.03845684230327606,-0.15485471487045288,0.002085374543156604,0.042578622698783875,-0.19052934646606445,-0.02790008078730466,0.030059725046157837,-0.12547403573989868,-0.035998632790807505,0.023837566375732422,-0.08116888999938965,-0.03215451690769555,0.008444204926490784,-0.15427473187446594,0.0013518998079860012,0.009928226470947266,-0.18600064516067505,-0.029454931276205798,0.004088267683982849,-0.12000221014022827,-0.025177858429316302,0.00366036593914032,-0.07697418332099915,-0.01181461721128585,-0.02364295721054077,-0.1502300202846527,-0.0007409906916393538,-0.01915554702281952,-0.17824190855026245,-0.02080796438670518,-0.01852133870124817,-0.12888219952583313,-0.015045143323305865,-0.01582685112953186,-0.0960751473903656,-0.003382133910719176
A,0.0,0.0,0.0,0.0539725124835968,-0.025204837322235107,-0.02217137823689086,0.09603950381278992,-0.08956336975097656,-0.026837136697650976,0.10705137252807617,-0.16188231110572815,-0.030629601430774755,0.11155864596366882,-0.22109586000442505,-0.031758405369402,0.0704987645149231,-0.1507376730442047,-0.002445396835611291,0.07792630791664124,-0.20036062598228455,-0.029973471638442106,0.06490033864974976,-0.1516113579273224,-0.044983182203651495,0.05455595254898071,-0.10796341300010681,-0.047876395386339254,0.03939187526702881,-0.15508773922920227,0.002163371668501668,0.041805580258369446,-0.19081813097000122,-0.02899278524208171,0.029878363013267517,-0.1248980164527893,-0.03709543879020316,0.024156823754310608,-0.08040907979011536,-0.032737497341514654,0.009432271122932434,-0.15444031357765198,0.0013929637068201828,0.009527429938316345,-0.18691569566726685,-0.03071753690826995,0.00408443808555603,-0.12013274431228638,-0.026509756323576994,0.004009366035461426,-0.07672682404518127,-0.012628260169805117,-0.022317439317703247,-0.15005269646644592,-0.0007734116364019883,-0.01903325319290161,-0.17985662817955017,-0.021765288066745825,-0.0186690092086792,-0.1306248903274536,-0.016278596696139402,-0.01617307960987091,-0.09752494096755981,-0.004409181520969696
A,0.0,0.0,0.0,0.0547461062669754,-0.02887636423110962,-0.02082897488639901,0.09622940421104431,-0.0938282310962677,-0.0247723064260299,0.10640886425971985,-0.16576454043388367,-0.028049440576296547,0.11096540093421936,-0.22428175806999207,-0.028471465675693253,0.07062259316444397,-0.15200898051261902,-0.00113963718672494,0.07606512308120728,-0.20181235671043396,-0.02792532507942269,0.0624488890171051,-0.1510176658630371,-0.04191838343308518,0.05304864048957825,-0.10826659202575684,-0.044312724365454415,0.03956332802772522,-0.156081885099411,0.0029352966355418175,0.039692074060440063,-0.19369295239448547,-0.027217743440132836,0.028650715947151184,-0.12799277901649475,-0.03447657589481423,0.024569347500801086,-0.08522200584411621,-0.029858070878844956,0.010013431310653687,-0.15504947304725647,0.0017433264417832106,0.008025631308555603,-0.19006845355033875,-0.02942553114758084,0.0032436251640319824,-0.12323203682899475,-0.02432134885953019,0.00446850061416626,-0.08096969127655029,-0.010184629342120388,-0.02107524871826172,-0.1498005986213684,-0.0008081819271410495,-0.019618898630142212,-0.18163073062896729,-0.021012389554243782,-0.01884680986404419,-0.13282909989356995,-0.01506149162219117,-0.015337824821472168,-0.10038432478904724,-0.0030906032645816595
A,0.0,0.0,0.0,0.054839834570884705,-0.02917933464050293,-0.02101441044609942,0.09574975073337555,-0.09234946966171265,-0.025517144615463394,0.10657913982868195,-0.1647670865058899,-0.02965729814272322,0.11114217340946198,-0.22426632046699524,-0.031069375018290657,0.07024325430393219,-0.1495082676410675,-0.0005516101049067856,0.07672028243541718,-0.2009042203426361,-0.0287034319738666,0.06269071996212006,-0.15066006779670715,-0.04390556309621729,0.05239896476268768,-0.10719004273414612,-0.0468146422902862,0.03931693732738495,-0.15424352884292603,0.003378399971239787,0.04041244089603424,-0.1925225555896759,-0.027992799321822304,0.028302356600761414,-0.12721794843673706,-0.03591344449918665,0.02352440357208252,-0.08411502838134766,-0.03144877720873751,0.009677767753601074,-0.15357065200805664,0.0018277127270778237,0.008721813559532166,-0.18875601887702942,-0.030157759229354042,0.0028267502784729004,-0.12266412377357483,-0.02524866853158869,0.0036940574645996094,-0.08035227656364441,-0.010872626120857376,-0.021453723311424255,-0.14882278442382812,-0.0011256828696275534,-0.01918630301952362,-0.1810680627822876,-0.021161583627275604,-0.018751055002212524,-0.13290944695472717,-0.014870536888651031,-0.01525212824344635,-0.1001812219619751,-0.002573020665607828
A,0.0,0.0,0.0,0.05289997160434723,-0.030077457427978516,-0.024167043656262877,0.094035804271698,-0.09200233221054077,-0.029844790265116217,0.10612353682518005,-0.1649094820022583,-0.03409881101563883,0.10915768146514893,-0.22367987036705017,-0.034815862342867376,0.0705517828464508,-0.15098834037780762,-0.0035806496498764773,0.07434956729412079,-0.20250177383422852,-0.03143551529959154,0.05846266448497772,-0.1496548354625702,-0.04609449909642649,0.049754366278648376,-0.1072593629360199,-0.049058466717752935,0.03964856266975403,-0.15501496195793152,0.002299423063021777,0.03578934073448181,-0.19435423612594604,-0.029130344778451445,0.02566388249397278,-0.12818628549575806,-0.036960258647951605,0.024079829454421997,-0.08738678693771362,-0.03281535165027094,0.010347843170166016,-0.15438029170036316,0.0026198760269551258,0.005161285400390625,-0.190559983253479,-0.029811588615331175,0.001239389181137085,-0.12368950247764587,-0.02523514957741213,0.00396314263343811,-0.0821995735168457,-0.011340037487599375,-0.02042175829410553,-0.14992386102676392,0.0013523387851535063,-0.022099196910858154,-0.18047118186950684,-0.02027984665349436,-0.020910054445266724,-0.13168495893478394,-0.015598061062547686,-0.015730038285255432,-0.09948444366455078,-0.004253790747526409
A,0.0,0.0,0.0,0.0543535053730011,-0.03160041570663452,-0.02126878778574337,0.09380234777927399,-0.09581482410430908,-0.025998280375574723,0.10475264489650726,-0.1691286265850067,-0.030323603182409897,0.10756592452526093,-0.22876304388046265,-0.031483384772514,0.06918199360370636,-0.14933699369430542,-0.0011272729526581315,0.07162187993526459,-0.20196357369422913,-0.030277148812388077,0.058526307344436646,-0.1506696343421936,-0.0450709788048016,0.05114877223968506,-0.108784019947052,-0.0477536087774979,0.0383872389793396,-0.15324226021766663,0.0026880425947410913,0.036943912506103516,-0.19429078698158264,-0.031099962993835106,0.02657058835029602,-0.12773054838180542,-0.039154696270202294,0.024077042937278748,-0.0855674147605896,-0.03423950354692806,0.009398579597473145,-0.1525379717350006,0.000962871367732987,0.00571499764919281,-0.1892586350440979,-0.03327210526106228,0.002041563391685486,-0.12233930826187134,-0.02799883204636444,0.004950344562530518,-0.08099868893623352,-0.012787831939135685,-0.02094481885433197,-0.14770099520683289,-0.002167154561107054,-0.021118685603141785,-0.17999309301376343,-0.023705118327711716,-0.01978394389152527,-0.13173231482505798,-0.018025842487190857,-0.015115931630134583,-0.09988638758659363,-0.005867378312473193
A,0.0,0.0,0.0,0.052819088101387024,-0.027642130851745605,-0.022506844567061535,0.09219954907894135,-0.0933469831943512,-0.027813628630639187,0.10391668975353241,-0.16763979196548462,-0.03236008653223621,0.10601334273815155,-0.22761648893356323,-0.03382216239154445,0.06855495274066925,-0.14879733324050903,-0.003847629612238279,0.07098560035228729,-0.20073869824409485,-0.03355583393752681,0.05772636830806732,-0.14992564916610718,-0.04865811982929813,0.05008971691131592,-0.1074916422367096,-0.051425105275512806,0.03750590980052948,-0.15208813548088074,0.0005056096469786553,0.03587073087692261,-0.19153627753257751,-0.03421027803599941,0.025169506669044495,-0.12431225180625916,-0.04227764377176868,0.02217605710029602,-0.08090236783027649,-0.03712070578515636,0.008353084325790405,-0.15119260549545288,-0.0007070122174184235,0.004437386989593506,-0.1866278350353241,-0.03555488059103595,0.0009622424840927124,-0.11902382969856262,-0.030438844429255596,0.003673657774925232,-0.07694581151008606,-0.015208622755409351,-0.022115468978881836,-0.14660632610321045,-0.003390297841207257,-0.022357866168022156,-0.17764705419540405,-0.025468284578920475,-0.020817071199417114,-0.12869393825531006,-0.020147249417306057,-0.01606331765651703,-0.0966443121433258,-0.008182939456702343
A,0.0,0.0,0.0,0.05232979357242584,-0.02639561891555786,-0.02253774637122774,0.09209379553794861,-0.09297946095466614,-0.027554529623586177,0.10463154315948486,-0.16696733236312866,-0.03156137922545099,0.1054004430770874,-0.2264062762260437,-0.032479681910473346,0.06912848353385925,-0.1474008560180664,-0.005349725855040788,0.07114176452159882,-0.1986122727394104,-0.03412867048521662,0.05741472542285919,-0.14795687794685364,-0.04845519074936533,0.05001923441886902,-0.106424480676651,-0.05100502902408266,0.0378122478723526,-0.1508951187133789,-0.0008347833272921434,0.03556975722312927,-0.1900593638420105,-0.03464881786842966,0.025033369660377502,-0.12331089377403259,-0.04198709213872576,0.02235358953475952,-0.08027160167694092,-0.036657371462780475,0.008489325642585754,-0.15030330419540405,-0.0017015641997488729,0.004167079925537109,-0.18548676371574402,-0.035622586400705814,0.0008272230625152588,-0.11815306544303894,-0.030189962030846118,0.003633826971054077,-0.07620662450790405,-0.015139315181869506,-0.02180713415145874,-0.14605286717414856,-0.004053056144613265,-0.021937116980552673,-0.17688071727752686,-0.02561786295612478,-0.02082383632659912,-0.12847164273262024,-0.020260087118941783,-0.016547083854675293,-0.09674209356307983,-0.008531880469519137
A,0.0,0.0,0.0,0.051569968461990356,-0.02185922861099243,-0.022626789151956928,0.09231115877628326,-0.08751034736633301,-0.027828596397569072,0.10436595976352692,-0.16150003671646118,-0.03182263286345233,0.10454075038433075,-0.2191954255104065,-0.0328336617492937,0.06662715971469879,-0.14510580897331238,-0.008395836553802383,0.0688934177160263,-0.19626158475875854,-0.03701114268534411,0.055845096707344055,-0.14630252122879028,-0.050508815660407436,0.04874792695045471,-0.1046118438243866,-0.052545524998834026,0.03507751226425171,-0.1476636826992035,-0.003956650714656007,0.033889040350914,-0.18660211563110352,-0.03743023039334048,0.0238732248544693,-0.1202927827835083,-0.04397603855960597,0.020941346883773804,-0.07807755470275879,-0.03840684877269496,0.006145775318145752,-0.14596903324127197,-0.0046590625823341725,0.002421244978904724,-0.18184450268745422,-0.03799908594720591,-0.00044539570808410645,-0.1153489351272583,-0.03187564001910914,0.0018869489431381226,-0.07476690411567688,-0.016838220744659793,-0.024111658334732056,-0.14096984267234802,-0.006828395515015018,-0.024721384048461914,-0.17247924208641052,-0.02818924175136317,-0.02223782241344452,-0.12460431456565857,-0.022667707740595233,-0.017117813229560852,-0.09357264637947083,-0.011097488790085208
A,0.0,0.0,0.0,0.05106267333030701,-0.020655274391174316,-0.022279367638219583,0.09260830283164978,-0.08762878179550171,-0.02699308362363695,0.10549414157867432,-0.16065222024917603,-0.03034335453568815,0.1064876914024353,-0.21751615405082703,-0.030721475226272332,0.06658755242824554,-0.1449824869632721,-0.008679498774398553,0.06948521733283997,-0.1957148313522339,-0.03637093570588945,0.05640073120594025,-0.14554226398468018,-0.049111357746113526,0.04927445948123932,-0.10424640774726868,-0.05078951906918405,0.035141780972480774,-0.1479828655719757,-0.004089374416906821,0.03483740985393524,-0.185528963804245,-0.03621498015283464,0.02448943257331848,-0.11937123537063599,-0.04189931493758081,0.021112695336341858,-0.07792481780052185,-0.03608635705469965,0.005911767482757568,-0.14648646116256714,-0.0045308459973227855,0.0034123510122299194,-0.18259194493293762,-0.0365561049854648,0.0002780407667160034,-0.11595305800437927,-0.029878043425668466,0.0022078007459640503,-0.07520762085914612,-0.014930818085957753,-0.024616926908493042,-0.14151310920715332,-0.006432283060092914,-0.024012252688407898,-0.17183354496955872,-0.027430529562224137,-0.021942436695098877,-0.12360644340515137,-0.02197543051599382,-0.017331376671791077,-0.09262016415596008,-0.010598381837297666
A,0.0,0.0,0.0,0.05084645748138428,-0.023326098918914795,-0.021589349818896153,0.09214213490486145,-0.0885162353515625,-0.02670078152186761,0.1054331362247467,-0.15929323434829712,-0.03078418025143037,0.10700252652168274,-0.21643328666687012,-0.03235702202982793,0.06684097647666931,-0.14624923467636108,-0.007457500652890303,0.07038021087646484,-0.19566336274147034,-0.03537353487081418,0.05656008422374725,-0.1473471224308014,-0.04951042295760999,0.04876957833766937,-0.10530322790145874,-0.05211035521097074,0.03521129488945007,-0.14976313710212708,-0.0031969250212569023,0.03575490415096283,-0.1849803626537323,-0.03445823104448209,0.024106353521347046,-0.12024497985839844,-0.04066480682558904,0.019993901252746582,-0.07803291082382202,-0.03554332242674718,0.005601152777671814,-0.14786890149116516,-0.00394578310988436,0.003902912139892578,-0.18218740820884705,-0.035105701399515965,-0.0005089044570922852,-0.116921067237854,-0.028710985419820645,0.0007449090480804443,-0.07559305429458618,-0.014155828257571557,-0.025167882442474365,-0.14184191823005676,-0.0061223389147926355,-0.023790910840034485,-0.17292195558547974,-0.026523480055402615,-0.022308796644210815,-0.12461289763450623,-0.020567992565702298,-0.018197834491729736,-0.09237125515937805,-0.008834880640279152
A,0.0,0.0,0.0,0.051962584257125854,-0.024568557739257812,-0.02115239415218184,0.0932590663433075,-0.08801010251045227,-0.02640294682134936,0.10703083872795105,-0.15826648473739624,-0.0307968969260628,0.10891127586364746,-0.21497678756713867,-0.03283264513959239,0.06988891959190369,-0.1456478238105774,-0.006489956079917647,0.07187028229236603,-0.19353032112121582,-0.034220256171124674,0.05775460600852966,-0.14600881934165955,-0.048698060474293925,0.05038537085056305,-0.10437309741973877,-0.051738627514737345,0.03790169954299927,-0.14974799752235413,-0.0024863505074108616,0.03675001859664917,-0.18469542264938354,-0.03359781231631587,0.025324761867523193,-0.1207621693611145,-0.04001405488600085,0.022083625197410583,-0.07832157611846924,-0.03520350929250071,0.007844924926757812,-0.148143470287323,-0.003476112409430243,0.0049135684967041016,-0.18243145942687988,-0.03464031990517924,0.0003763139247894287,-0.11779037117958069,-0.02822561774303267,0.002094939351081848,-0.0763653814792633,-0.013739816172915198,-0.023190200328826904,-0.14157837629318237,-0.005858395974087216,-0.022462189197540283,-0.1742415726184845,-0.026420960462587573,-0.021756276488304138,-0.12598848342895508,-0.020302998161810137,-0.017780214548110962,-0.09332919120788574,-0.00845490422000239
A,0.0,0.0,0.0,0.05179642140865326,-0.024055123329162598,-0.020111641052352525,0.09351526200771332,-0.08762598037719727,-0.024897642570721246,0.10641469061374664,-0.15805429220199585,-0.029164744678126908,0.11023558676242828,-0.21488869190216064,-0.031291365760552026,0.0707358568906784,-0.14564752578735352,-0.0045086393572262295,0.07188406586647034,-0.19359788298606873,-0.03180378316639576,0.05743794143199921,-0.14729297161102295,-0.04630916951893482,0.05001582205295563,-0.10537376999855042,-0.04940164847968731,0.03884226083755493,-0.14961743354797363,-0.0008964979412837693,0.03701867163181305,-0.18414700031280518,-0.031311299788939095,0.025267526507377625,-0.12109369039535522,-0.03784163309930477,0.021958887577056885,-0.07849663496017456,-0.033266630160795785,0.008708178997039795,-0.14763593673706055,-0.0022667072687170275,0.0053548663854599,-0.18208426237106323,-0.033220879870640374,0.0004359632730484009,-0.11821109056472778,-0.027163522455083466,0.0018859058618545532,-0.07659560441970825,-0.01296496963797722,-0.02269481122493744,-0.14068418741226196,-0.004912394701676703,-0.021986767649650574,-0.17459985613822937,-0.025555201011883355,-0.021465405821800232,-0.1265614628791809,-0.019579233738767243,-0.01763032376766205,-0.0934995710849762,-0.007808660759764052
A,0.0,0.0,0.0,0.051413267850875854,-0.024771690368652344,-0.020396104574956553,0.09395572543144226,-0.08600953221321106,-0.02499559198395218,0.10650104284286499,-0.1556568145751953,-0.028818805263199465,0.11201989650726318,-0.21218210458755493,-0.03010855105594601,0.06999392807483673,-0.14490485191345215,-0.00218293632269706,0.0747060775756836,-0.1938951015472412,-0.02853064474538769,0.060208603739738464,-0.147213876247406,-0.04318920572177376,0.051215678453445435,-0.10464805364608765,-0.04614790950790848,0.0393892377614975,-0.14893847703933716,0.0026337909243920876,0.03893697261810303,-0.18443715572357178,-0.02581893701926674,0.02621394395828247,-0.12261027097702026,-0.03291476939693894,0.022061660885810852,-0.08096429705619812,-0.02898111988679375,0.010042861104011536,-0.147975355386734,0.0024207497212955786,0.007453009486198425,-0.17887601256370544,-0.026414681718506472,0.0018275678157806396,-0.11721020936965942,-0.021161726237096445,0.002780050039291382,-0.07719290256500244,-0.007935062543310778,-0.021167203783988953,-0.143047034740448,0.0009056972653525008,-0.0201541930437088,-0.17186248302459717,-0.017773386583485262,-0.020133420825004578,-0.12357920408248901,-0.011874762856223242,-0.016306504607200623,-0.0910860002040863,-0.0004772611114276515
A,0.0,0.0,0.0,0.05200423300266266,-0.024705439805984497,-0.019650728190498512,0.09411518275737762,-0.08689579367637634,-0.02423587695713536,0.10705356299877167,-0.15666410326957703,-0.028429734269337814,0.11202593147754669,-0.21399635076522827,-0.03052000396903054,0.07055166363716125,-0.14460882544517517,-0.002836579205649059,0.0749521404504776,-0.19457855820655823,-0.02885554053838746,0.05974160134792328,-0.15098270773887634,-0.0432842008119394,0.05020856857299805,-0.10972285270690918,-0.04664489322360055,0.039493829011917114,-0.14919182658195496,0.0008319737574140618,0.038954854011535645,-0.18363723158836365,-0.02780048058386342,0.026065915822982788,-0.12179198861122131,-0.034505688334064644,0.0218982994556427,-0.07991483807563782,-0.03064490550215737,0.009862542152404785,-0.14751192927360535,-0.00041953699448527004,0.008122831583023071,-0.18341600894927979,-0.0295016362613012,0.0016104131937026978,-0.1210997998714447,-0.023804601961927574,0.0019024461507797241,-0.0800129771232605,-0.010509424591617744,-0.021138042211532593,-0.14077332615852356,-0.002996949227707546,-0.019894152879714966,-0.17346403002738953,-0.022593880752282303,-0.019853487610816956,-0.12620660662651062,-0.016937448391871612,-0.01632426679134369,-0.09335675835609436,-0.005788023332314651
A,0.0,0.0,0.0,0.05224891006946564,-0.024257034063339233,-0.01918641796294196,0.09407684206962585,-0.08639883995056152,-0.023526176269683674,0.10748869180679321,-0.15605518221855164,-0.02763135863426669,0.11235055327415466,-0.21301952004432678,-0.029662088881764248,0.07042288780212402,-0.14352470636367798,-0.002086124773654774,0.07484300434589386,-0.1940232515335083,-0.028096781502995327,0.05990457534790039,-0.15110361576080322,-0.04283548464957221,0.05050159990787506,-0.10979798436164856,-0.04642359113279326,0.039480507373809814,-0.14785435795783997,0.001407207646821007,0.038931265473365784,-0.18347600102424622,-0.02701143680098994,0.026112496852874756,-0.12247258424758911,-0.03405262475791915,0.02198001742362976,-0.08079394698143005,-0.0305595671940182,0.01000453531742096,-0.1462087631225586,-1.1854848366965598e-05,0.008396700024604797,-0.18294298648834229,-0.028699285741481617,0.0020357072353363037,-0.12151831388473511,-0.023325871135625675,0.0023210644721984863,-0.08048444986343384,-0.010455770808789566,-0.020677626132965088,-0.13985973596572876,-0.002771769808191493,-0.019576221704483032,-0.17246049642562866,-0.02211615016642554,-0.019459545612335205,-0.12592509388923645,-0.016749720479879215,-0.015812382102012634,-0.09319445490837097,-0.005982318352494076
A,0.0,0.0,0.0,0.05294400453567505,-0.02405717968940735,-0.019034439149066884,0.09519258141517639,-0.08659341931343079,-0.02283299100653835,0.1082044243812561,-0.15678194165229797,-0.026448171037003476,0.11317276954650879,-0.213704913854599,-0.028125916990205724,0.07103836536407471,-0.14387518167495728,-0.001208884209148664,0.07527393102645874,-0.19357061386108398,-0.026840693699881513,0.06001642346382141,-0.15057340264320374,-0.0414180806006641,0.05044439435005188,-0.10928303003311157,-0.04502041024224468,0.039943814277648926,-0.14822918176651,0.0022580684994011335,0.03957627713680267,-0.18397915363311768,-0.02621733901159473,0.026523500680923462,-0.1224793791770935,-0.03340151664869495,0.022070154547691345,-0.0800260603427887,-0.029901910024449307,0.010390877723693848,-0.14626002311706543,0.0008378002925439887,0.008885413408279419,-0.18418104946613312,-0.028238294097349126,0.00206129252910614,-0.12186187505722046,-0.022836725610062558,0.001843467354774475,-0.07997754216194153,-0.009772455702290017,-0.02056559920310974,-0.13934779167175293,-0.0018686157751233168,-0.01907104253768921,-0.1726309061050415,-0.02172570993261047,-0.019354701042175293,-0.1258736550807953,-0.01631670949117847,-0.016128748655319214,-0.09292927384376526,-0.00537207434953757
A,0.0,0.0,0.0,0.054282382130622864,-0.023850321769714355,-0.019172836081196465,0.0970819890499115,-0.08673927187919617,-0.022842496619631447,0.1107717752456665,-0.15659132599830627,-0.026256855563332238,0.11581990122795105,-0.21260587871074677,-0.027770128087212242,0.07283677160739899,-0.14290204644203186,-0.0017852113676042336,0.07677480578422546,-0.19251343607902527,-0.027493087560941376,0.061116427183151245,-0.1495189368724823,-0.04214166662197272,0.05133667588233948,-0.10775238275527954,-0.04585446602206389,0.041179001331329346,-0.14766746759414673,0.001734574688526891,0.04110226035118103,-0.18419155478477478,-0.02748980930547873,0.028075695037841797,-0.12257227301597595,-0.034951610476781525,0.023390069603919983,-0.07871392369270325,-0.03140112197499434,0.0112687349319458,-0.1460694670677185,0.00038946389329908015,0.01010274887084961,-0.18427667021751404,-0.02919275871019522,0.0037351101636886597,-0.12150347232818604,-0.02405590562622706,0.0036707520484924316,-0.07860985398292542,-0.010977827929963269,-0.019918859004974365,-0.13929343223571777,-0.0022505035019264596,-0.017514660954475403,-0.17315137386322021,-0.022557213888575234,-0.01783105731010437,-0.1262950301170349,-0.017469201223065056,-0.014751076698303223,-0.0930074155330658,-0.006668323171396651
A,0.0,0.0,0.0,0.054504573345184326,-0.0256078839302063,-0.01956996286816093,0.09885711967945099,-0.08541035652160645,-0.023201387026972498,0.11467884480953217,-0.155525341629982,-0.026688249433107103,0.11829958856105804,-0.2132169008255005,-0.027720564627713884,0.0745505839586258,-0.14366593956947327,0.002455258857764875,0.0790993720293045,-0.19377681612968445,-0.023479811498589243,0.06368164718151093,-0.1488993763923645,-0.03813958878225776,0.05460523068904877,-0.1084296703338623,-0.04142976517385932,0.04428562521934509,-0.14805851876735687,0.006442627752505814,0.04516744613647461,-0.18579959869384766,-0.02328138204819652,0.03081345558166504,-0.1240079402923584,-0.03159594128436538,0.025642290711402893,-0.08340245485305786,-0.028049034649200166,0.015380486845970154,-0.1469612419605255,0.005218498757415091,0.014368876814842224,-0.18159276247024536,-0.024699072936243738,0.007218495011329651,-0.11940574645996094,-0.01979707519120666,0.006848752498626709,-0.07952633500099182,-0.006304665120012487,-0.015434443950653076,-0.14177684485912323,0.0026696549023768057,-0.012761160731315613,-0.174194797873497,-0.01614361221498939,-0.014493390917778015,-0.1274622082710266,-0.010084468522734369,-0.012508675456047058,-0.09564632177352905,0.001554885878533696
A,0.0,0.0,0.0,0.055667534470558167,-0.02641928195953369,-0.018711425029778184,0.09880737960338593,-0.08616948127746582,-0.022196171471023263,0.1139884740114212,-0.1554083526134491,-0.025883847513341607,0.11911393702030182,-0.2119245082139969,-0.027600483634614648,0.07508938014507294,-0.1435135453939438,0.001814873874081968,0.07969273626804352,-0.19357562065124512,-0.02411396581783265,0.06378749012947083,-0.15086080133914948,-0.03917128186776608,0.05385853350162506,-0.10943645238876343,-0.04285940867021054,0.044153109192848206,-0.1491224318742752,0.005159138104772865,0.0450303852558136,-0.18615344166755676,-0.024658612572693528,0.03057675063610077,-0.12522727251052856,-0.03303002160146207,0.024568676948547363,-0.08230838179588318,-0.02961819585516423,0.015095919370651245,-0.14875827729701996,0.003435522884956299,0.014455661177635193,-0.1863570511341095,-0.026473104619526566,0.0065422505140304565,-0.12388485670089722,-0.021776424386644067,0.00514550507068634,-0.08128449320793152,-0.008428317160451115,-0.01573564112186432,-0.14348317682743073,0.0003888574278789747,-0.012553110718727112,-0.17878277599811554,-0.0192105655009982,-0.0138673335313797,-0.13271768391132355,-0.013625650332414807,-0.012029305100440979,-0.09932532906532288,-0.002201839481585921
A,0.0,0.0,0.0,0.056189119815826416,-0.025679588317871094,-0.01783684458848711,0.1005169153213501,-0.08490446209907532,-0.020823990966050587,0.1158357560634613,-0.15342077612876892,-0.02406216416773077,0.12086603045463562,-0.2093411684036255,-0.025470592121450863,0.07703715562820435,-0.14184457063674927,0.0015949609988865632,0.08170583844184875,-0.1918494999408722,-0.023542100603549443,0.06556776165962219,-0.1499403864145279,-0.03801240775999304,0.05557292699813843,-0.10907265543937683,-0.04145719114956137,0.046075671911239624,-0.14787405729293823,0.004694174003930129,0.04685252904891968,-0.1852644681930542,-0.02402627472099539,0.03218129277229309,-0.12486660480499268,-0.03177367527302977,0.0264408141374588,-0.08184352517127991,-0.028195839415161572,0.017168089747428894,-0.14795924723148346,0.0029071182544839758,0.016401618719100952,-0.1854049563407898,-0.02599892210480448,0.007925018668174744,-0.12353703379631042,-0.021189846138327084,0.006441101431846619,-0.08102479577064514,-0.00809230566289898,-0.013283222913742065,-0.1428043693304062,-0.0001342776048431915,-0.01059432327747345,-0.17730769515037537,-0.019248230422704182,-0.01257467269897461,-0.13134008646011353,-0.013716868164806328,-0.011014923453330994,-0.09801825881004333,-0.0025092754912066084
A,0.0,0.0,0.0,0.05651929974555969,-0.023707926273345947,-0.017910435934112456,0.10042831301689148,-0.08340871334075928,-0.020714102451250938,0.11620599031448364,-0.15208683907985687,-0.02371453135137358,0.12151482701301575,-0.20820942521095276,-0.024854479495928672,0.07677191495895386,-0.13973943889141083,0.0010704678497006626,0.08206045627593994,-0.1898343861103058,-0.02399974702720442,0.06621822714805603,-0.14832402765750885,-0.038368728150175,0.056099310517311096,-0.10734598338603973,-0.041833218325422195,0.04532282054424286,-0.1458408534526825,0.004170139647527549,0.046838149428367615,-0.18412557244300842,-0.02477264045600691,0.032404109835624695,-0.12375223636627197,-0.032546743888900664,0.02655564248561859,-0.0804254412651062,-0.028991591323659804,0.016000300645828247,-0.14601999521255493,0.0024320398005386323,0.01635420322418213,-0.1848566234111786,-0.026644621182725814,0.00812484323978424,-0.1227429211139679,-0.021743754063294318,0.006480380892753601,-0.0796370804309845,-0.008623581517980483,-0.0146293044090271,-0.141322061419487,-0.0005812422242286175,-0.010998353362083435,-0.17573752999305725,-0.019942689825342086,-0.012802556157112122,-0.13009139895439148,-0.014561029289410499,-0.01138758659362793,-0.09681081771850586,-0.0035290938322702914
A,0.0,0.0,0.0,0.05510041117668152,-0.021410346031188965,-0.019266173133843267,0.10000625252723694,-0.08034136891365051,-0.022642580682628477,0.11614322662353516,-0.14886058866977692,-0.02575730335175308,0.12079155445098877,-0.2055143266916275,-0.026742735767953718,0.07676401734352112,-0.1387244611978531,-0.0009871958822316174,0.08225637674331665,-0.1893702745437622,-0.026654273161881292,0.06637772917747498,-0.14653943479061127,-0.04093459051310333,0.05658450722694397,-0.10534802079200745,-0.044180950040214384,0.04559096693992615,-0.14485976099967957,0.002601917942769205,0.04737293720245361,-0.1836504340171814,-0.026818407589786375,0.03299105167388916,-0.12277673184871674,-0.034251859301917875,0.027181044220924377,-0.0798933207988739,-0.030300117919438208,0.016415700316429138,-0.1449524611234665,0.001270603498227274,0.016495048999786377,-0.18392807245254517,-0.02830254089295181,0.008397594094276428,-0.1213236004114151,-0.023109147215478743,0.007077842950820923,-0.07890686392784119,-0.009659366572492445,-0.014030858874320984,-0.14031392335891724,-0.0014094625434211139,-0.010915279388427734,-0.17438116669654846,-0.0211903936064175,-0.012828260660171509,-0.12798427045345306,-0.015788137803070867,-0.011283248662948608,-0.09463229775428772,-0.004609092960350836
A,0.0,0.0,0.0,0.053878337144851685,-0.016390591859817505,-0.019718858412403506,0.10012184083461761,-0.07702043652534485,-0.02269196417083208,0.11607174575328827,-0.1471540629863739,-0.024987860581774157,0.11956469714641571,-0.2030261605978012,-0.024913842788834017,0.07667537033557892,-0.1358831226825714,-0.0031441005402541577,0.08218072354793549,-0.18772420287132263,-0.0289331236844248,0.0666237324476242,-0.14418229460716248,-0.0426499200974888,0.057133302092552185,-0.10314430296421051,-0.04550443496455614,0.04509519040584564,-0.14147019386291504,0.0006948054079600752,0.04653787612915039,-0.1822420060634613,-0.029342629945773524,0.03303375840187073,-0.12027452886104584,-0.03649414610018198,0.027871400117874146,-0.07796540856361389,-0.03218698035826151,0.01612640917301178,-0.1419207602739334,-0.00028173567162070867,0.015658527612686157,-0.18085289001464844,-0.030551414004463595,0.008486643433570862,-0.11692118644714355,-0.025207207537192744,0.007641017436981201,-0.07542651891708374,-0.011573811992008132,-0.014079958200454712,-0.13874700665473938,-0.0025868171350396096,-0.011286333203315735,-0.17171049118041992,-0.022659984416264933,-0.013308495283126831,-0.12456205487251282,-0.017350594512123507,-0.011839956045150757,-0.09239494800567627,-0.0063385218371934116
A,0.0,0.0,0.0,0.053940653800964355,-0.01777249574661255,-0.01883398080812526,0.09918150305747986,-0.0766105055809021,-0.021876062179075006,0.11499100923538208,-0.14591142535209656,-0.02453539604888988,0.11998331546783447,-0.20192763209342957,-0.024803980166183237,0.07761484384536743,-0.13455863296985626,-0.0014734581635309496,0.08314704895019531,-0.18810737133026123,-0.02790272133992744,0.06785982847213745,-0.14596103131771088,-0.04263352687107158,0.0581587553024292,-0.10458767414093018,-0.04597751135574413,0.04614385962486267,-0.14056243002414703,0.0018557008299069366,0.047039031982421875,-0.18365979194641113,-0.028406758705244783,0.03416883945465088,-0.12348350882530212,-0.03618670711861682,0.029435396194458008,-0.08016803860664368,-0.032262821594343905,0.017231836915016174,-0.14207342267036438,0.0002811659070687256,0.017207175493240356,-0.18395602703094482,-0.030401640484200243,0.009842902421951294,-0.12028034031391144,-0.025537448847757105,0.008961960673332214,-0.07698839902877808,-0.012037708336578135,-0.012703180313110352,-0.1390598714351654,-0.0026052651518000403,-0.009503558278083801,-0.17378400266170502,-0.02380621890173984,-0.012648329138755798,-0.12579484283924103,-0.019121278921232943,-0.012187778949737549,-0.09154966473579407,-0.008232577616439585
A,0.0,0.0,0.0,0.053331658244132996,-0.017109543085098267,-0.019903094843755298,0.09988944232463837,-0.07500588893890381,-0.022954379544387393,0.11668716371059418,-0.1448064148426056,-0.02554504141284042,0.12075822055339813,-0.20205436646938324,-0.025895913467536502,0.08006800711154938,-0.13407357037067413,-0.0015185745300527742,0.08586834371089935,-0.1871008425951004,-0.02829198852253967,0.06946076452732086,-0.1445036381483078,-0.04340606123281532,0.0582992285490036,-0.10298968851566315,-0.04701076760960632,0.049217209219932556,-0.14048434793949127,0.002263797576745219,0.04999132454395294,-0.18350091576576233,-0.029482647181282573,0.035420939326286316,-0.12203402817249298,-0.038412112147341304,0.02909448742866516,-0.07743903994560242,-0.03478482306076103,0.020575478672981262,-0.14218546450138092,0.0010961785579297612,0.018924430012702942,-0.18280944228172302,-0.03132378250433021,0.010325103998184204,-0.11750222742557526,-0.0273229790486198,0.008734643459320068,-0.07340216636657715,-0.013795910739133888,-0.009636759757995605,-0.1403915286064148,-0.001337242299484842,-0.008234009146690369,-0.17338702082633972,-0.02352221064342075,-0.01153343915939331,-0.12537184357643127,-0.019208076745997005,-0.010530814528465271,-0.09161043167114258,-0.008332429789732032
A,0.0,0.0,0.0,0.05526880919933319,-0.020219653844833374,-0.018455485172552244,0.1002880185842514,-0.07919323444366455,-0.02155939704923071,0.11733178794384003,-0.1478402316570282,-0.024700489185732977,0.12172003090381622,-0.20529809594154358,-0.025650289200228826,0.07925005257129669,-0.1358652412891388,-0.0012235675817180436,0.08629067242145538,-0.18891002237796783,-0.028032159723323957,0.06991343200206757,-0.1452847123146057,-0.04313035897163786,0.05811147391796112,-0.103786900639534,-0.0467330276146356,0.047920629382133484,-0.14210379123687744,0.001567237952741607,0.05035306513309479,-0.18477974832057953,-0.02967276453225054,0.035987719893455505,-0.12346433103084564,-0.03805339551715292,0.028881758451461792,-0.07832324504852295,-0.034307157911342756,0.018292143940925598,-0.14341264963150024,-0.0005225571798916917,0.018908455967903137,-0.184661865234375,-0.03200734994558729,0.010931834578514099,-0.12036460638046265,-0.02756547398118414,0.008793622255325317,-0.07578659057617188,-0.014062617264670507,-0.012501642107963562,-0.14070919156074524,-0.0038585898577991884,-0.008826673030853271,-0.17521926760673523,-0.025356734462064878,-0.010963425040245056,-0.12767693400382996,-0.02076032228021063,-0.010299697518348694,-0.09277892112731934,-0.009885413862747328
A,0.0,0.0,0.0,0.05533728003501892,-0.018552064895629883,-0.018782721722033102,0.10021182894706726,-0.07712504267692566,-0.021955663227942068,0.11633762717247009,-0.14650030434131622,-0.025075800606515486,0.1203356683254242,-0.2033817172050476,-0.026024214813020308,0.07898807525634766,-0.1356482356786728,-0.0015252081272194573,0.08579641580581665,-0.18818522989749908,-0.0288234966634775,0.06993439793586731,-0.14426222443580627,-0.044363712781574804,0.05846896767616272,-0.1021183431148529,-0.048144889885094244,0.04782703518867493,-0.1416899561882019,0.001501217478420358,0.04967716336250305,-0.18411067128181458,-0.030382418894674856,0.035468846559524536,-0.12254700064659119,-0.039149323367979605,0.028876706957817078,-0.07733628153800964,-0.035494191461708624,0.018604382872581482,-0.14305850863456726,-0.00035952029307395605,0.018526136875152588,-0.18316300213336945,-0.0323259885250593,0.010417699813842773,-0.11875255405902863,-0.028023101279046614,0.008671030402183533,-0.0743359625339508,-0.014456378185656149,-0.011973842978477478,-0.14063626527786255,-0.003476506454404671,-0.008885025978088379,-0.17460407316684723,-0.024981392437126715,-0.011618167161941528,-0.1269673854112625,-0.020281350129749853,-0.010946482419967651,-0.0922640860080719,-0.009300155454781134
A,0.0,0.0,0.0,0.05442515015602112,-0.01651880145072937,-0.019656176896830857,0.10020044445991516,-0.07675746083259583,-0.022989738019248307,0.11602184176445007,-0.14765354990959167,-0.025918021084805787,0.12009117007255554,-0.2046494483947754,-0.026515298741003335,0.07857149839401245,-0.13713008165359497,-0.0025137013141716125,0.08557534217834473,-0.1895887553691864,-0.030201926114102662,0.0703820288181305,-0.14486931264400482,-0.045800556646725,0.05925455689430237,-0.10241466760635376,-0.049545970963379204,0.047170042991638184,-0.14244237542152405,0.000967586660692632,0.04975143074989319,-0.18463468551635742,-0.031287838922878564,0.03580072522163391,-0.12184262275695801,-0.039999296175381005,0.029227837920188904,-0.07673507928848267,-0.03624989207281715,0.017990872263908386,-0.1434350609779358,-0.0005089139301048817,0.018445774912834167,-0.18383634090423584,-0.03283961604728347,0.01052887737751007,-0.11855475604534149,-0.028231992604276,0.008543550968170166,-0.0744103491306305,-0.014458580160578549,-0.012712255120277405,-0.14087316393852234,-0.0032950450983548762,-0.009453922510147095,-0.17497023940086365,-0.02504928338720447,-0.012041881680488586,-0.12642639875411987,-0.020298379691382706,-0.011443793773651123,-0.09212413430213928,-0.009289825553139508
A,0.0,0.0,0.0,0.05757293105125427,-0.025083214044570923,-0.01639422752512587,0.10153073072433472,-0.08226123452186584,-0.01871528827203406,0.11501416563987732,-0.14815063774585724,-0.02183343075765265,0.12032890319824219,-0.20424103736877441,-0.02316724487198485,0.07865855097770691,-0.1425444632768631,0.00615523917051064,0.08654546737670898,-0.18854153156280518,-0.018611682360898385,0.07112845778465271,-0.14646708965301514,-0.03429133795751227,0.058547794818878174,-0.10548415780067444,-0.03872882552994383,0.048597097396850586,-0.14852535724639893,0.008200716445315948,0.052411824464797974,-0.1844484657049179,-0.0210348868425001,0.03677526116371155,-0.12598133087158203,-0.030600169455539117,0.02822929620742798,-0.0812096893787384,-0.02800020553721083,0.018859028816223145,-0.149073988199234,0.005305178681481948,0.01920519769191742,-0.18506333231925964,-0.02384003602517737,0.010780781507492065,-0.12411661446094513,-0.020372086917888055,0.008654817938804626,-0.0795762836933136,-0.007977545974682698,-0.013070449233055115,-0.1453401893377304,0.0011741266204978729,-0.009964391589164734,-0.17895649373531342,-0.0182505229170431,-0.011574134230613708,-0.13262811303138733,-0.013164818068872819,-0.009446024894714355,-0.09775495529174805,-0.0021732670868743753
A,0.0,0.0,0.0,0.0574975311756134,-0.02144894003868103,-0.017470424085473724,0.10289260745048523,-0.07934486865997314,-0.020008617102718063,0.11612677574157715,-0.1465502679347992,-0.022779057755684562,0.1207420825958252,-0.20220720767974854,-0.02365542671046228,0.07840898633003235,-0.13768471777439117,0.0012512689935135768,0.08802619576454163,-0.1881342977285385,-0.02328902019522161,0.07281503081321716,-0.14528167247772217,-0.03816402053794832,0.059583187103271484,-0.10183429718017578,-0.04183654209933252,0.04709142446517944,-0.14382271468639374,0.0037899170782509373,0.05192923545837402,-0.18407967686653137,-0.025199634044980712,0.03659829497337341,-0.12429243326187134,-0.03396040669045419,0.02728208899497986,-0.07745909690856934,-0.03069689965209932,0.01701948046684265,-0.14525054395198822,0.001639201633082621,0.01939523220062256,-0.18397699296474457,-0.026834766402458854,0.011184900999069214,-0.12189683318138123,-0.02284549458286733,0.00827839970588684,-0.07585835456848145,-0.010235855377828784,-0.014867335557937622,-0.14237239956855774,-0.0017973217401561215,-0.009212255477905273,-0.177980437874794,-0.020536233692979522,-0.011326253414154053,-0.13281533122062683,-0.014916589505588718,-0.011104300618171692,-0.09838885068893433,-0.003794579555830069
A,0.0,0.0,0.0,0.058519989252090454,-0.021740734577178955,-0.017063880701101652,0.1042376160621643,-0.080349862575531,-0.01924102230790936,0.11662143468856812,-0.14717741310596466,-0.021788556490577093,0.12245845794677734,-0.20282772183418274,-0.022537928436435095,0.07937359809875488,-0.13871435821056366,0.0028193654599419915,0.08921900391578674,-0.18879523873329163,-0.02163490875486218,0.07516330480575562,-0.14675825834274292,-0.036902645964659087,0.06214934587478638,-0.10289058089256287,-0.040797779698408476,0.04788634181022644,-0.1454363912343979,0.005166993580274948,0.05315062403678894,-0.18505945801734924,-0.02349403536740624,0.03826400637626648,-0.1253334879875183,-0.03243535234454953,0.028975576162338257,-0.07735320925712585,-0.029258488107956282,0.017447978258132935,-0.14721041917800903,0.0027453786334774577,0.020398259162902832,-0.18543216586112976,-0.02554721793953263,0.012029886245727539,-0.12331277132034302,-0.021761276189721457,0.00911828875541687,-0.07680249214172363,-0.009217809316254488,-0.01473778486251831,-0.14427749812602997,-0.0009580606254928625,-0.008467108011245728,-0.17982086539268494,-0.01946186496738278,-0.010878592729568481,-0.13451801240444183,-0.013706810202933184,-0.010997265577316284,-0.09968554973602295,-0.002458675195015303
A,0.0,0.0,0.0,0.05938181281089783,-0.021762847900390625,-0.015968447979673783,0.10565304756164551,-0.080466628074646,-0.017764144074305932,0.11847269535064697,-0.14738863706588745,-0.020304916855081956,0.12446340918540955,-0.2025737166404724,-0.02143890267251436,0.0781945288181305,-0.1393602192401886,0.004009957462415059,0.08911043405532837,-0.18782931566238403,-0.019764300864324014,0.07663172483444214,-0.14702795445919037,-0.03538896931348745,0.06390774250030518,-0.10283651947975159,-0.03976495234309141,0.04651734232902527,-0.14608095586299896,0.005805271249130328,0.05439704656600952,-0.1845119595527649,-0.02228862090049688,0.039463192224502563,-0.12511861324310303,-0.03181779054938261,0.02835029363632202,-0.07568836212158203,-0.029344788249716203,0.015851229429244995,-0.14767372608184814,0.0029976982994526225,0.021334022283554077,-0.18617013096809387,-0.024761110972747247,0.013138115406036377,-0.12455037236213684,-0.021562243309006135,0.008433789014816284,-0.07636108994483948,-0.009686861615762155,-0.017182588577270508,-0.14484183490276337,-0.0010290351557955546,-0.00908881425857544,-0.1809132844209671,-0.019749645572289865,-0.010165870189666748,-0.13642972707748413,-0.014504234735056798,-0.010613560676574707,-0.10070532560348511,-0.0037340563350767297
A,0.0,0.0,0.0,0.061721980571746826,-0.021832317113876343,-0.01660656298722074,0.10855430364608765,-0.07929429411888123,-0.01817500147248552,0.12351348996162415,-0.146123468875885,-0.020687812224281288,0.12975433468818665,-0.20100542902946472,-0.021551857918751693,0.0817890465259552,-0.14213234186172485,0.006582770280289196,0.09336358308792114,-0.18754421174526215,-0.01699420738245294,0.0785723626613617,-0.14616799354553223,-0.0320410479160671,0.06506145000457764,-0.10208195447921753,-0.03600464503492162,0.050489842891693115,-0.15045955777168274,0.008797201111661934,0.05756658315658569,-0.1849433332681656,-0.018889897719276405,0.041320860385894775,-0.12442731857299805,-0.02833263132001207,0.031113237142562866,-0.07643958926200867,-0.02571065838660047,0.018870532512664795,-0.1529296636581421,0.006097237363206887,0.0240098237991333,-0.18549175560474396,-0.02217706221367166,0.015012532472610474,-0.12400835752487183,-0.019246534660709358,0.010427266359329224,-0.07787305116653442,-0.007209900517267442,-0.016024768352508545,-0.15037721395492554,0.0021689408623899453,-0.005855947732925415,-0.18484194576740265,-0.016449646309268928,-0.007545262575149536,-0.13973543047904968,-0.010876688391221023,-0.00921618938446045,-0.10400444269180298,0.00039062286865032547
A,0.0,0.0,0.0,0.060629963874816895,-0.021264374256134033,-0.016282469894065343,0.10865586996078491,-0.07940816879272461,-0.01812557403303572,0.12304463982582092,-0.14605998992919922,-0.02073388073898741,0.12937217950820923,-0.2020518034696579,-0.021740631128920995,0.07832306623458862,-0.14131221175193787,0.0041482328220467934,0.09280961751937866,-0.18765833973884583,-0.019085730354561292,0.08094668388366699,-0.14557218551635742,-0.03342286210812517,0.06741812825202942,-0.10186043381690979,-0.036937878395690404,0.047136664390563965,-0.14824172854423523,0.005986088026986636,0.059165894985198975,-0.18614709377288818,-0.021676854159011327,0.04272833466529846,-0.12557947635650635,-0.030515617619528257,0.02984967827796936,-0.07782420516014099,-0.027689306925310575,0.015560686588287354,-0.1501757800579071,0.003197448632420219,0.0255204439163208,-0.19007490575313568,-0.024847854788674795,0.015944302082061768,-0.12682494521141052,-0.02067313429273554,0.009035855531692505,-0.07905209064483643,-0.008017940375282251,-0.019374877214431763,-0.14819225668907166,-0.0007911302831757894,-0.007276713848114014,-0.18638303875923157,-0.019570839519872152,-0.00826379656791687,-0.14169231057167053,-0.013549225333406412,-0.01006212830543518,-0.1059785783290863,-0.002198369170798742
A,0.0,0.0,0.0,0.06001931428909302,-0.018558084964752197,-0.01732316800331546,0.10909885168075562,-0.07760348916053772,-0.019638976090902815,0.12499156594276428,-0.1451408565044403,-0.022321281963343154,0.1309502124786377,-0.20222976803779602,-0.023369805896038542,0.0794793963432312,-0.14140769839286804,0.001840033326914181,0.09414950013160706,-0.18710295855998993,-0.021896503874415885,0.08208140730857849,-0.14382347464561462,-0.03639759869253112,0.0682748556137085,-0.09878784418106079,-0.039915584036464224,0.04772526025772095,-0.14964807033538818,0.004111587061231603,0.060296326875686646,-0.186044842004776,-0.023954166108126174,0.04377147555351257,-0.1251174509525299,-0.0329326912847705,0.030397355556488037,-0.07669240236282349,-0.030149430045241843,0.0157395601272583,-0.15244001150131226,0.0018209010508485335,0.026033610105514526,-0.19185693562030792,-0.026477478453273307,0.01670438051223755,-0.12776979804039001,-0.022339979195351134,0.009797751903533936,-0.07912403345108032,-0.009772065104300509,-0.019721239805221558,-0.15083619952201843,-0.0016960768348894817,-0.006616950035095215,-0.1873965561389923,-0.0215056743559785,-0.008236169815063477,-0.13948780298233032,-0.015673968949670325,-0.010509997606277466,-0.10172674059867859,-0.00420225412523223
A,0.0,0.0,0.0,0.06052964925765991,-0.018993467092514038,-0.017803727954373016,0.1096487045288086,-0.07781943678855896,-0.02025313985322441,0.12473773956298828,-0.14584311842918396,-0.02295317251954998,0.1317676305770874,-0.2032155692577362,-0.023894730329260483,0.08153319358825684,-0.14083239436149597,0.0017176366385740494,0.09467515349388123,-0.1881885826587677,-0.022423531234011307,0.08270162343978882,-0.14384645223617554,-0.036622223749503746,0.06894400715827942,-0.09817159175872803,-0.039689653858289375,0.04927420616149902,-0.14950737357139587,0.004039445586755619,0.06095314025878906,-0.18838396668434143,-0.024637882902965202,0.044822871685028076,-0.12675222754478455,-0.03353820119772877,0.03190582990646362,-0.07755064964294434,-0.030330100401982918,0.016796022653579712,-0.15274500846862793,0.0017064278221425866,0.026695609092712402,-0.19354113936424255,-0.027326955765232697,0.0169963538646698,-0.1281062364578247,-0.022969405472025528,0.010366350412368774,-0.07916301488876343,-0.009866546213373795,-0.019048690795898438,-0.15126842260360718,-0.0018469783968555475,-0.00587192177772522,-0.18788115680217743,-0.021827492236837998,-0.008274704217910767,-0.1390153467655182,-0.01570159320507969,-0.010909020900726318,-0.10153192281723022,-0.0038685124160053874
A,0.0,0.0,0.0,0.0602036714553833,-0.018833696842193604,-0.018326020975507618,0.10942533612251282,-0.07641315460205078,-0.02128956577638519,0.1250554621219635,-0.14491009712219238,-0.024480956782497287,0.13121643662452698,-0.20390602946281433,-0.025875737135208965,0.08279654383659363,-0.14077425003051758,0.0010643231785820717,0.09588247537612915,-0.19045287370681763,-0.024204633374608875,0.08344727754592896,-0.14436718821525574,-0.039262172941960216,0.06959757208824158,-0.09665188193321228,-0.04250952339629066,0.05014529824256897,-0.14978575706481934,0.0034607905532197947,0.06167188286781311,-0.1904774308204651,-0.025396897633470417,0.04563257098197937,-0.12813889980316162,-0.034399246041573406,0.03320303559303284,-0.07735607028007507,-0.031133285899556995,0.016909390687942505,-0.15325641632080078,0.001050967197954833,0.02721896767616272,-0.19467084109783173,-0.028079343204296947,0.017300337553024292,-0.12874025106430054,-0.023762387399472118,0.010720372200012207,-0.0787132978439331,-0.010566402402616859,-0.019542306661605835,-0.1517738699913025,-0.0026531484340353018,-0.005700975656509399,-0.18858227133750916,-0.022693243984974742,-0.00833803415298462,-0.13909977674484253,-0.016484474007882,-0.011271864175796509,-0.10055696964263916,-0.004457383592523456
A,0.0,0.0,0.0,0.06050163507461548,-0.020035386085510254,-0.019666669295844486,0.10933104157447815,-0.0771988034248352,-0.02334007747631972,0.12487572431564331,-0.1470743715763092,-0.026981975288805415,0.13149648904800415,-0.2069387435913086,-0.028436084614810397,0.0822102427482605,-0.14063426852226257,-0.00015520738307372994,0.09583139419555664,-0.19289663434028625,-0.0261720822767586,0.08289358019828796,-0.14497056603431702,-0.04092868358057444,0.06873342394828796,-0.09757530689239502,-0.043866913171228816,0.0496903657913208,-0.14949548244476318,0.002635147085669587,0.06121358275413513,-0.19253939390182495,-0.027355431915935924,0.04645422101020813,-0.12943047285079956,-0.03652321487825816,0.034731656312942505,-0.07874351739883423,-0.033222555519756725,0.016563057899475098,-0.15361812710762024,0.00043154765225494884,0.027188122272491455,-0.19656851887702942,-0.029953982086595943,0.018517255783081055,-0.12974512577056885,-0.025728556664404323,0.012524992227554321,-0.07949447631835938,-0.01230555340808337,-0.01979851722717285,-0.15325435996055603,-0.003166868921113064,-0.0061050355434417725,-0.19086605310440063,-0.024180266411718776,-0.008291780948638916,-0.1406407356262207,-0.018382818774995258,-0.011294811964035034,-0.10136732459068298,-0.006486595479515245
A,0.0,0.0,0.0,0.06308642029762268,-0.0266149640083313,-0.018151202979964864,0.1122581958770752,-0.08888876438140869,-0.021476553562564504,0.1296597719192505,-0.1580190658569336,-0.025999337244314802,0.13729679584503174,-0.21722371876239777,-0.028477236438078535,0.08373263478279114,-0.15135234594345093,0.002264041411223161,0.09676516056060791,-0.20131546258926392,-0.025814061793965948,0.08267700672149658,-0.1537771224975586,-0.04239438268868412,0.06894683837890625,-0.10801848769187927,-0.046591115924996984,0.048825234174728394,-0.15849626064300537,0.003158578839617121,0.06063145399093628,-0.19676783680915833,-0.02866856734780754,0.045113325119018555,-0.1305561065673828,-0.03802561927167858,0.034232258796691895,-0.08086669445037842,-0.03496140781371082,0.014402180910110474,-0.1603049635887146,-0.0013445954960786821,0.025586187839508057,-0.20035278797149658,-0.03340128231374706,0.016226112842559814,-0.1315249800682068,-0.028164049420041692,0.010339558124542236,-0.08230921626091003,-0.013860208723230016,-0.022770404815673828,-0.15747234225273132,-0.0073504059533604504,-0.007748633623123169,-0.19681811332702637,-0.027910068440718305,-0.009444057941436768,-0.14818629622459412,-0.020590742859525335,-0.012529224157333374,-0.11098206043243408,-0.007810125402642143
A,0.0,0.0,0.0,0.04866987466812134,0.012284994125366211,-0.03389396336481809,0.0865713357925415,0.019747018814086914,-0.060736728874900336,0.09195542335510254,0.012515127658843994,-0.08305531930730581,0.07634472846984863,-0.008466720581054688,-0.1038879324178481,0.058330386877059937,-0.05291479825973511,-0.07217768770263433,0.053023189306259155,0.03194910287857056,-0.10745262545154333,0.05580851435661316,0.06664621829986572,-0.12619126033590078,0.05636635422706604,0.056241631507873535,-0.13728624772832632,0.010055869817733765,-0.05370885133743286,-0.07160662305162191,0.011784970760345459,0.060629844665527344,-0.10084294718311071,0.018036842346191406,0.08344495296478271,-0.10492082130716085,0.019081205129623413,0.05512261390686035,-0.1102954168300414,-0.030344843864440918,-0.04021722078323364,-0.07253173929260015,-0.027125686407089233,0.06093549728393555,-0.09822874706790685,-0.017461538314819336,0.0749976634979248,-0.08845313083932638,-0.0138186514377594,0.04669684171676636,-0.08216449808881521,-0.061759233474731445,-0.023415803909301758,-0.07701754015491247,-0.05972397327423096,0.052234530448913574,-0.09378932606981039,-0.05260738730430603,0.06527471542358398,-0.08724650931165456,-0.05165855586528778,0.049965739250183105,-0.08240363192365407
A,0.0,0.0,0.0,0.04860270023345947,-0.015717744827270508,-0.03745677661066793,0.08623531460762024,-0.06630593538284302,-0.05741937052374624,0.0891253650188446,-0.12135660648345947,-0.07266704331999563,0.08756828308105469,-0.17115908861160278,-0.08627931367522024,0.04648527503013611,-0.16998273134231567,-0.05414847996001981,0.053320080041885376,-0.10486233234405518,-0.09053593467837118,0.0468505322933197,-0.02780771255493164,-0.1127548698700025,0.038889914751052856,0.023932695388793945,-0.12255405973559164,0.0010675489902496338,-0.17209601402282715,-0.046290345153863655,0.006302207708358765,-0.07657194137573242,-0.07673452388411306,0.008007645606994629,0.0002567768096923828,-0.08547522466545843,0.009812712669372559,0.04442596435546875,-0.08818666975861333,-0.03942331671714783,-0.15660661458969116,-0.04147284071808599,-0.03491394221782684,-0.06231969594955444,-0.0716544721639707,-0.026115715503692627,0.0025377869606018066,-0.069851729682739,-0.020005375146865845,0.039894938468933105,-0.06321579556828283,-0.0770726203918457,-0.12947934865951538,-0.03969836573963903,-0.07452420890331268,-0.06311458349227905,-0.05941152911549352,-0.0625026673078537,-0.01108461618423462,-0.05578517880206846,-0.05379617214202881,0.01760953664779663,-0.047957162967975364
A,0.0,0.0,0.0,0.05008411407470703,-0.03107166290283203,-0.028738738281390397,0.08297508955001831,-0.09854376316070557,-0.04155972158696386,0.0850655734539032,-0.16220581531524658,-0.05021102285172674,0.06919023394584656,-0.2065974473953247,-0.05554455449964735,0.0414946973323822,-0.20674419403076172,-0.03556569969441625,0.052245110273361206,-0.14821267127990723,-0.06678113645102712,0.046936869621276855,-0.08173561096191406,-0.0819743380525324,0.03959709405899048,-0.04724043607711792,-0.08616439556863043,-0.004892289638519287,-0.2073003649711609,-0.02979846974994871,0.010772138833999634,-0.12311357259750366,-0.05600609189059469,0.017191559076309204,-0.05933189392089844,-0.05844112044360372,0.017735004425048828,-0.024547278881072998,-0.055516026226541726,-0.04635956883430481,-0.19013077020645142,-0.028002755028865067,-0.029986262321472168,-0.10687243938446045,-0.052217032072803704,-0.018345952033996582,-0.05213874578475952,-0.04634897714640829,-0.013708025217056274,-0.020238935947418213,-0.03669603845264646,-0.0809602439403534,-0.1611345410346985,-0.029144848940632073,-0.07120412588119507,-0.10677951574325562,-0.04470574414517614,-0.058728501200675964,-0.06947952508926392,-0.04184297776009771,-0.05098913609981537,-0.04963892698287964,-0.03424113920118543
A,0.0,0.0,0.0,0.05127304792404175,-0.05973362922668457,-0.025569209457898978,0.0839560329914093,-0.1277523636817932,-0.038815974818135146,0.08749079704284668,-0.20047783851623535,-0.04868080057349289,0.07897776365280151,-0.25477612018585205,-0.055324464665318374,0.035973966121673584,-0.2200726866722107,-0.022013891117239837,0.05173340439796448,-0.19549626111984253,-0.04831341616954887,0.047551751136779785,-0.13895660638809204,-0.06526850871887291,0.0407370924949646,-0.1019904613494873,-0.07148729972686851,-0.0070070624351501465,-0.22350209951400757,-0.015068975837493781,0.013740718364715576,-0.1726270318031311,-0.03535987027134979,0.013340801000595093,-0.11676889657974243,-0.04153536968078697,0.01265290379524231,-0.08057606220245361,-0.04154201559867943,-0.043710917234420776,-0.211087167263031,-0.011894395203853492,-0.02240997552871704,-0.15911918878555298,-0.0288086213186034,-0.01949337124824524,-0.113522469997406,-0.025716626645589713,-0.016233831644058228,-0.08026129007339478,-0.018576360867882613,-0.07556237280368805,-0.18811661005020142,-0.011561198720301036,-0.06182561814785004,-0.1599559783935547,-0.0206600684687146,-0.054775699973106384,-0.12602436542510986,-0.017251923309231643,-0.05051735043525696,-0.10279452800750732,-0.009327257612312678
A,0.0,0.0,0.0,0.05942738056182861,-0.046423912048339844,-0.030670125240760626,0.09436291456222534,-0.1169934868812561,-0.0446609279311474,0.09436190128326416,-0.18647831678390503,-0.05512345788844186,0.09164249897003174,-0.2467355728149414,-0.0629954582250889,0.05411958694458008,-0.21202361583709717,-0.03424980325468141,0.05714866518974304,-0.16782665252685547,-0.06679015813239175,0.04956147074699402,-0.1013648509979248,-0.0874623006380375,0.04278355836868286,-0.05779576301574707,-0.0959326198495205,0.008437126874923706,-0.21883678436279297,-0.027215667272287192,0.011232614517211914,-0.14940357208251953,-0.0549128970301922,0.010142773389816284,-0.0850600004196167,-0.06380049345858652,0.012041449546813965,-0.04159730672836304,-0.06565214900143701,-0.03067028522491455,-0.20862436294555664,-0.023961369151550116,-0.02814653515815735,-0.13974887132644653,-0.051222896406727614,-0.02051040530204773,-0.08432257175445557,-0.05105326158769685,-0.011753588914871216,-0.044901907444000244,-0.044443628022747816,-0.06579433381557465,-0.1888730525970459,-0.023534637147861304,-0.06283396482467651,-0.14522814750671387,-0.04260457141168672,-0.05387258529663086,-0.09684789180755615,-0.04131196273334581,-0.04615774750709534,-0.06478488445281982,-0.03397095037468034
A,0.0,0.0,0.0,0.053222835063934326,-0.06432580947875977,-0.026506778902017913,0.08662161231040955,-0.13607722520828247,-0.03937513486167177,0.09091731905937195,-0.20740044116973877,-0.04877537221332773,0.08652147650718689,-0.26079344749450684,-0.05559473589678987,0.039613962173461914,-0.20984405279159546,-0.024577292731606803,0.04755207896232605,-0.19596433639526367,-0.05082557082792505,0.04425475001335144,-0.14656513929367065,-0.06804871291538461,0.03868478536605835,-0.10696297883987427,-0.07409939647337183,-0.0021662116050720215,-0.21475648880004883,-0.016439261964166008,0.010415047407150269,-0.17582446336746216,-0.03808501840254053,0.010220974683761597,-0.125585675239563,-0.04689719632884248,0.010788679122924805,-0.08482378721237183,-0.04846132279058679,-0.03762561082839966,-0.20598697662353516,-0.011849941803717456,-0.022302836179733276,-0.16616809368133545,-0.03137467906495317,-0.019889146089553833,-0.12397110462188721,-0.03170490742346033,-0.015109151601791382,-0.08720344305038452,-0.026133780485594116,-0.06864793598651886,-0.18902349472045898,-0.009831309436464153,-0.056835055351257324,-0.1777634620666504,-0.02188662171980127,-0.05020719766616821,-0.1483439803123474,-0.020431202954256378,-0.04490688443183899,-0.12200313806533813,-0.013598157210850559
A,0.0,0.0,0.0,0.0523434579372406,-0.0664638876914978,-0.01590581605114494,0.08609983325004578,-0.14093828201293945,-0.02374013880171333,0.09234568476676941,-0.21003317832946777,-0.029999647232671123,0.09162008762359619,-0.2652062177658081,-0.034434474947829585,0.046330004930496216,-0.1818852424621582,-0.013157768118162494,0.048740118741989136,-0.20221728086471558,-0.0326397120384172,0.0450100302696228,-0.1744394302368164,-0.045988358500380855,0.04058179259300232,-0.14144527912139893,-0.05028775701202903,0.007051557302474976,-0.1839137077331543,-0.008554402681966167,0.012080878019332886,-0.18844711780548096,-0.023119838851471286,0.011274248361587524,-0.15938681364059448,-0.030511733087678294,0.01218259334564209,-0.12628871202468872,-0.03278595203437362,-0.02786386013031006,-0.1790153980255127,-0.006421353145469766,-0.021536946296691895,-0.18619215488433838,-0.01948232384302173,-0.019991755485534668,-0.16525059938430786,-0.018175708073158603,-0.01549801230430603,-0.1377556324005127,-0.013133698086221557,-0.059835582971572876,-0.16995084285736084,-0.005737612898428779,-0.05585002899169922,-0.19854766130447388,-0.01511346915640388,-0.04953064024448395,-0.19008994102478027,-0.011934017705698352,-0.04375322163105011,-0.1748695969581604,-0.004759081582506042
A,0.0,0.0,0.0,0.05186045169830322,-0.053803086280822754,-0.021505960717377093,0.08614039421081543,-0.12996435165405273,-0.03126263011949959,0.0922054648399353,-0.19794988632202148,-0.0406673489953846,0.09577655792236328,-0.2580108642578125,-0.048447185650047686,0.055171430110931396,-0.2117372453212738,-0.016185098781761553,0.05959126353263855,-0.20926398038864136,-0.044528295740065005,0.05060800909996033,-0.1528274416923523,-0.06452076275604668,0.04255452752113342,-0.10364997386932373,-0.07230556149738732,0.0172843337059021,-0.21815729141235352,-0.013059079169806864,0.020359456539154053,-0.18035241961479187,-0.0394745035912365,0.015039771795272827,-0.11422663927078247,-0.04904959116834107,0.014675021171569824,-0.0626329779624939,-0.049458434328016665,-0.017642319202423096,-0.20877739787101746,-0.013711389608261015,-0.013761043548583984,-0.16865497827529907,-0.039814346924003985,-0.012811213731765747,-0.10881692171096802,-0.03852371264952126,-0.008512943983078003,-0.06218200922012329,-0.029589497938331988,-0.052451908588409424,-0.19227874279022217,-0.01643229600745144,-0.04430133104324341,-0.17725688219070435,-0.03267918293136063,-0.04025217890739441,-0.12733739614486694,-0.02745842513400021,-0.037100255489349365,-0.08971565961837769,-0.016881808161315348
A,0.0,0.0,0.0,0.050760090351104736,-0.05120581388473511,-0.021167464848645068,0.08928173780441284,-0.12492269277572632,-0.028543006923086978,0.10149016976356506,-0.19550079107284546,-0.03467612184215341,0.10115814208984375,-0.2544008195400238,-0.03821777395535264,0.05582186579704285,-0.19689685106277466,-0.0056842452064529425,0.065715491771698,-0.20957449078559875,-0.030871242579110003,0.05499592423439026,-0.14609673619270325,-0.046675129156596995,0.046001285314559937,-0.10326206684112549,-0.05083066068220887,0.02142435312271118,-0.20331242680549622,-0.0005338116931170589,0.02834618091583252,-0.19017282128334045,-0.024125103201754428,0.018809974193572998,-0.12050467729568481,-0.030091835480220652,0.014030873775482178,-0.07774215936660767,-0.026605047579892016,-0.011811017990112305,-0.19669729471206665,-0.00022603528088893654,-0.0049950480461120605,-0.1823192536830902,-0.02396640583503995,-0.007941335439682007,-0.11726045608520508,-0.018851477947123385,-0.00657576322555542,-0.07637745141983032,-0.006624761331863738,-0.045037686824798584,-0.18423914909362793,-0.00156462815687064,-0.03729742765426636,-0.18887394666671753,-0.015127335969395972,-0.03400331735610962,-0.1372600793838501,-0.007324576672203875,-0.030578941106796265,-0.10252785682678223,0.005543077070228719
A,0.0,0.0,0.0,0.050392597913742065,-0.04618370532989502,-0.025270926609664457,0.08791565895080566,-0.11802423000335693,-0.03328079248967697,0.09989866614341736,-0.18955394625663757,-0.03956526036563446,0.10018455982208252,-0.24787980318069458,-0.04303623627129127,0.057393878698349,-0.18475216627120972,-0.006532957620947855,0.06652393937110901,-0.21241465210914612,-0.03357719893756439,0.05545690655708313,-0.14996719360351562,-0.049311662867694395,0.04732680320739746,-0.10526183247566223,-0.052807356074481504,0.023693859577178955,-0.1884600818157196,0.00032866604669834487,0.03009551763534546,-0.19584286212921143,-0.026949108421831625,0.019926637411117554,-0.1249125599861145,-0.033569554641871946,0.015216022729873657,-0.08046925067901611,-0.02933278384807636,-0.008444517850875854,-0.18279844522476196,0.0016577979949943256,-0.004109054803848267,-0.18654155731201172,-0.02708116810026695,-0.007181048393249512,-0.11990517377853394,-0.022513490945129888,-0.005496174097061157,-0.07746487855911255,-0.009019491106300848,-0.04097318649291992,-0.17276456952095032,0.0014024972151673865,-0.03489986062049866,-0.19305986166000366,-0.01628344210985233,-0.03241312503814697,-0.14219364523887634,-0.008908293053536909,-0.029578685760498047,-0.10705003142356873,0.004491182666242821
A,0.0,0.0,0.0,0.050503671169281006,-0.039602696895599365,-0.023981242360292754,0.08891993761062622,-0.1113479733467102,-0.030948956416665396,0.10146409273147583,-0.1827380359172821,-0.03649069826465734,0.10407659411430359,-0.2409791350364685,-0.039172765718518576,0.05679023265838623,-0.17337390780448914,-0.008695922711609683,0.06537497043609619,-0.20705577731132507,-0.03558184664112218,0.054546356201171875,-0.14469245076179504,-0.049479258166371665,0.04775086045265198,-0.10262304544448853,-0.0520969041751016,0.024061888456344604,-0.17580533027648926,-0.002969300992532453,0.029502838850021362,-0.19082456827163696,-0.031464298175393424,0.019607752561569214,-0.12037286162376404,-0.03687962974768766,0.01540103554725647,-0.07889872789382935,-0.03189337711197027,-0.0069092512130737305,-0.17063838243484497,-0.0024259380658406826,-0.0042266845703125,-0.1811075508594513,-0.03168366561990865,-0.006500065326690674,-0.11477228999137878,-0.025322166191159567,-0.004412174224853516,-0.07553410530090332,-0.011066390121101222,-0.03838115930557251,-0.16124725341796875,-0.003384812421842298,-0.03429955244064331,-0.1849406659603119,-0.02101515691143163,-0.03129318356513977,-0.1340673565864563,-0.012668707327662787,-0.02758324146270752,-0.10019493103027344,0.00086946287078149
A,0.0,0.0,0.0,0.05005073547363281,-0.03461959958076477,-0.02343497555744989,0.08916252851486206,-0.10675492882728577,-0.029817057215097975,0.10114428400993347,-0.1783718466758728,-0.034803656302813124,0.1019178032875061,-0.23665747046470642,-0.0375287359584604,0.05641564726829529,-0.16634100675582886,-0.009434862435284685,0.06378903985023499,-0.20279216766357422,-0.03667101021898134,0.0525534451007843,-0.14585605263710022,-0.051589240692976546,0.04443386197090149,-0.10196572542190552,-0.0547169161964689,0.023968547582626343,-0.1686425805091858,-0.003955827467564177,0.029716581106185913,-0.18585407733917236,-0.03277313094628198,0.018767952919006348,-0.1181897222995758,-0.039068219624880385,0.012804120779037476,-0.07441473007202148,-0.03461022060406549,-0.006885409355163574,-0.16377311944961548,-0.003495494043875169,-0.0032733678817749023,-0.17817896604537964,-0.03290656339419229,-0.006867200136184692,-0.11218920350074768,-0.02723053786945684,-0.006299614906311035,-0.07032033801078796,-0.013356752135280203,-0.03865385055541992,-0.15482676029205322,-0.004489416163835358,-0.033214718103408813,-0.1811833381652832,-0.022436843626621794,-0.03112611174583435,-0.13247689604759216,-0.014518186822954249,-0.028970688581466675,-0.09907487034797668,-0.001393752661954295
A,0.0,0.0,0.0,0.049674034118652344,-0.028162509202957153,-0.02388424582920834,0.09076184034347534,-0.10158801078796387,-0.029829390050394977,0.10264211893081665,-0.17274704575538635,-0.034078461752756084,0.10275781154632568,-0.22870784997940063,-0.0357285604640083,0.05944794416427612,-0.1583496332168579,-0.01104512501649424,0.06583377718925476,-0.1996554434299469,-0.038586659060342754,0.053229063749313354,-0.14434805512428284,-0.052087342069967235,0.04476284980773926,-0.1022912859916687,-0.05399217985711857,0.026436209678649902,-0.16011321544647217,-0.005268834700359548,0.030773311853408813,-0.18434154987335205,-0.035263659135921444,0.0196058452129364,-0.11647167801856995,-0.040575893299205745,0.014889508485794067,-0.07451450824737549,-0.03500004641853138,-0.00408017635345459,-0.15663623809814453,-0.004560863768233503,-0.0015709996223449707,-0.1769534945487976,-0.03522992663226887,-0.005653262138366699,-0.10987189412117004,-0.02890898443899914,-0.004376262426376343,-0.06889075040817261,-0.014334755653067077,-0.035160988569259644,-0.1506531536579132,-0.005270512012316431,-0.02972191572189331,-0.17974740266799927,-0.023683514149411167,-0.02936360239982605,-0.12980103492736816,-0.01580859132252499,-0.02758181095123291,-0.09653103351593018,-0.0028253511353568683
A,0.0,0.0,0.0,0.05046647787094116,-0.029086291790008545,-0.023336194092991036,0.09073013067245483,-0.09840783476829529,-0.02972109579539506,0.10245206952095032,-0.16946688294410706,-0.034755559275509995,0.10498046875,-0.22571247816085815,-0.03739493862784116,0.06208229064941406,-0.15287604928016663,-0.010736523764791173,0.06787315011024475,-0.1990944743156433,-0.039592114845873994,0.05447286367416382,-0.14659935235977173,-0.05348006413376538,0.045260459184646606,-0.10470539331436157,-0.0554203070799133,0.029469430446624756,-0.15485915541648865,-0.005782076726319474,0.0332874059677124,-0.1838926374912262,-0.036891212324263734,0.020445942878723145,-0.1165735125541687,-0.04224909246957509,0.014768362045288086,-0.07563319802284241,-0.036489633480670136,-0.0009435415267944336,-0.15211737155914307,-0.006025625495823306,6.67273998260498e-05,-0.17553943395614624,-0.038010334233405274,-0.005445271730422974,-0.10831618309020996,-0.031345052281977814,-0.004359692335128784,-0.0692034363746643,-0.016157665858628434,-0.03232598304748535,-0.14621126651763916,-0.007583523737849873,-0.02866441011428833,-0.17791584134101868,-0.026491690064432305,-0.028355896472930908,-0.1277570128440857,-0.018057552734973115,-0.025680720806121826,-0.0951802134513855,-0.004572024671944064
A,0.0,0.0,0.0,0.051308125257492065,-0.031057119369506836,-0.023088590382172924,0.09144535660743713,-0.0970112681388855,-0.02936269636316524,0.10555368661880493,-0.16825014352798462,-0.034603596805169445,0.10652416944503784,-0.22625017166137695,-0.037151013641192776,0.06544828414916992,-0.15153789520263672,-0.008072237624361378,0.0703754723072052,-0.19899103045463562,-0.03689275044067131,0.05781710147857666,-0.14697691798210144,-0.05059648412330375,0.049560993909835815,-0.10788258910179138,-0.05251347380740867,0.03395065665245056,-0.15526771545410156,-0.0033931824383728326,0.03568592667579651,-0.1867457628250122,-0.03571181106431709,0.023881375789642334,-0.1195717453956604,-0.04178500655157791,0.01887604594230652,-0.08031982183456421,-0.03614214914901481,0.0037749409675598145,-0.1537298560142517,-0.004076788807793719,0.002802520990371704,-0.17852196097373962,-0.03713768827779518,-0.001630544662475586,-0.11117330193519592,-0.030945501430466038,6.216764450073242e-05,-0.07242584228515625,-0.01566773946447597,-0.027446895837783813,-0.14867350459098816,-0.006107911607756478,-0.02456793189048767,-0.1793886125087738,-0.02577194678647743,-0.023700863122940063,-0.1296996772289276,-0.018081254466011387,-0.020723193883895874,-0.09746268391609192,-0.004907738557591301
A,0.0,0.0,0.0,0.05163922905921936,-0.03234344720840454,-0.022448956803629017,0.09152674674987793,-0.09769642353057861,-0.028009602637240505,0.1050652265548706,-0.16794395446777344,-0.0327452829342576,0.10654658079147339,-0.22551962733268738,-0.034693121747324085,0.06551158428192139,-0.1504676342010498,-0.0065404026072712895,0.07094863057136536,-0.19824892282485962,-0.03458542733008585,0.057388246059417725,-0.14699199795722961,-0.047943468974182224,0.04878014326095581,-0.10790759325027466,-0.04972653074676714,0.03417438268661499,-0.15397384762763977,-0.0020033701557906625,0.036096930503845215,-0.18630722165107727,-0.033752698288509464,0.024136632680892944,-0.12015387415885925,-0.0396538859468194,0.019062459468841553,-0.07996180653572083,-0.03388995660955629,0.003938019275665283,-0.15226665139198303,-0.002828048612201428,0.0030527114868164062,-0.1786925494670868,-0.0351048296552392,-0.0015971958637237549,-0.11308744549751282,-0.02901136858875475,-0.00020420551300048828,-0.07403564453125,-0.013828716078052139,-0.02731946110725403,-0.14692151546478271,-0.00504550135249815,-0.022688299417495728,-0.17932507395744324,-0.024000253365585422,-0.02225780487060547,-0.13177943229675293,-0.016425711871335125,-0.020310968160629272,-0.09993493556976318,-0.003442635364109492
A,0.0,0.0,0.0,0.051600515842437744,-0.03258860111236572,-0.021328576351180573,0.09101840853691101,-0.09620606899261475,-0.026404995913281937,0.10419446229934692,-0.16550928354263306,-0.030916896159425278,0.10619831085205078,-0.22270482778549194,-0.03267154700554897,0.06611475348472595,-0.14689752459526062,-0.005139310820624132,0.07140257954597473,-0.19771572947502136,-0.03315242610372593,0.05814546346664429,-0.1485409438610077,-0.04670268155135204,0.04947498440742493,-0.1093679666519165,-0.04848627976573994,0.03539836406707764,-0.1504894495010376,-0.0010031211186571909,0.03699618577957153,-0.1853734850883484,-0.03294786296285679,0.024838238954544067,-0.1200793981552124,-0.03925961486496021,0.019801706075668335,-0.0795743465423584,-0.03361759565271427,0.005801290273666382,-0.15010547637939453,-0.002217527455314894,0.004853397607803345,-0.1783074140548706,-0.034343878249302406,-0.00032216310501098633,-0.11316603422164917,-0.028748043323531647,0.0009570121765136719,-0.07376274466514587,-0.013796895253136654,-0.024978041648864746,-0.14649289846420288,-0.004797553619965811,-0.02049422264099121,-0.17877912521362305,-0.023412226210012932,-0.020506680011749268,-0.1319131851196289,-0.01620814062155773,-0.018661797046661377,-0.1003168523311615,-0.0035355274794994784
A,0.0,0.0,0.0,0.05163806676864624,-0.030200690031051636,-0.020709783314543984,0.09064486622810364,-0.09342017769813538,-0.025426662071424744,0.10312515497207642,-0.16286858916282654,-0.02955545532591941,0.10551092028617859,-0.2200300395488739,-0.03093710589297416,0.06709963083267212,-0.14351558685302734,-0.005913782874870321,0.07248181104660034,-0.19599834084510803,-0.03374084877856376,0.0593869686126709,-0.1470927596092224,-0.0470081460762799,0.050831109285354614,-0.10706409811973572,-0.048649423300105354,0.03630852699279785,-0.1471850574016571,-0.0018506589213416191,0.037423938512802124,-0.18324166536331177,-0.033653710513192436,0.02560192346572876,-0.1177583634853363,-0.03972683894522788,0.021031737327575684,-0.07692542672157288,-0.03406033712514045,0.007014214992523193,-0.14719796180725098,-0.0029397027201980563,0.005943804979324341,-0.17730790376663208,-0.034876503526049873,0.000593036413192749,-0.11206549406051636,-0.02907548147328498,0.0019075870513916016,-0.07267481088638306,-0.014202327943223736,-0.0233004093170166,-0.14400750398635864,-0.005323977685350201,-0.019361048936843872,-0.17625722289085388,-0.024075920237976334,-0.020113080739974976,-0.12909340858459473,-0.01704286272712352,-0.018595576286315918,-0.09764119982719421,-0.004618809568512461
A,0.0,0.0,0.0,0.0513228178024292,-0.03073817491531372,-0.020501548356349986,0.09042507410049438,-0.09360677003860474,-0.02505005889290146,0.10286498069763184,-0.1620868444442749,-0.029181117123897593,0.10499763488769531,-0.2194211184978485,-0.030632680213983576,0.0665876567363739,-0.14295372366905212,-0.004835333607132952,0.07242685556411743,-0.1957031786441803,-0.03282451622837357,0.05937772989273071,-0.14754801988601685,-0.04653161012285523,0.05060487985610962,-0.10789752006530762,-0.04844828315728478,0.03602856397628784,-0.1469796895980835,-0.0009759564320290792,0.03748053312301636,-0.18275457620620728,-0.033017631552155535,0.02531614899635315,-0.1180824339389801,-0.03961016230934433,0.02048969268798828,-0.07674482464790344,-0.03416483097427658,0.006947129964828491,-0.1474984586238861,-0.0023600691249328065,0.0059584081172943115,-0.17728722095489502,-0.03453117229693703,0.00038871169090270996,-0.11245399713516235,-0.02915002957635693,0.001640409231185913,-0.07235559821128845,-0.014398380114670317,-0.02318429946899414,-0.14489135146141052,-0.005066555391039174,-0.01908215880393982,-0.1768493354320526,-0.024127710542614977,-0.02028214931488037,-0.12995532155036926,-0.01736769632154278,-0.01912224292755127,-0.09796875715255737,-0.005005267846371453
A,0.0,0.0,0.0,0.05122518539428711,-0.029883116483688354,-0.020862468285656632,0.0901910662651062,-0.09314736723899841,-0.02557491767237252,0.10316851735115051,-0.1615389585494995,-0.02980512077937192,0.10574424266815186,-0.21880140900611877,-0.031292277155614556,0.06693688035011292,-0.14333492517471313,-0.005173247074878873,0.07321375608444214,-0.19566479325294495,-0.03340380149910516,0.060000330209732056,-0.14764341711997986,-0.0471358846409089,0.05102944374084473,-0.10808849334716797,-0.049004873959518136,0.03630638122558594,-0.14715397357940674,-0.0012070450467831506,0.03841680288314819,-0.18281403183937073,-0.033379464177585305,0.026158958673477173,-0.11799558997154236,-0.03975488501617974,0.021259278059005737,-0.07700300216674805,-0.03411260130832261,0.007008194923400879,-0.14750927686691284,-0.0025472987910575284,0.007038146257400513,-0.17796897888183594,-0.03484146553108758,0.0012772977352142334,-0.11299359798431396,-0.029219402698970498,0.0021611154079437256,-0.07309514284133911,-0.014260536758399667,-0.02340400218963623,-0.14471882581710815,-0.0052483549808926,-0.018384724855422974,-0.17708441615104675,-0.02439357596466607,-0.01946234703063965,-0.1304219365119934,-0.017547518713570298,-0.01854071021080017,-0.09893569350242615,-0.005095580825752677
A,0.0,0.0,0.0,0.05201411247253418,-0.030446261167526245,-0.020350333727236602,0.09150847792625427,-0.09257909655570984,-0.02495779325747094,0.10421097278594971,-0.16083639860153198,-0.029220911166902397,0.1073693335056305,-0.21809741854667664,-0.03086321284555993,0.0678040087223053,-0.14269280433654785,-0.004529332234795902,0.07447588443756104,-0.19510319828987122,-0.03257827689432702,0.06136181950569153,-0.14695793390274048,-0.04653413822435937,0.05209958553314209,-0.10662120580673218,-0.04858157639884553,0.037340641021728516,-0.14691516757011414,-0.0007014376044196524,0.03932568430900574,-0.18258684873580933,-0.032724699429508064,0.027050763368606567,-0.11779016256332397,-0.03931702157044015,0.022029250860214233,-0.07598528265953064,-0.03388251592897973,0.008111000061035156,-0.14738139510154724,-0.0021108004313816764,0.008136332035064697,-0.17769482731819153,-0.034051264128919456,0.0022805333137512207,-0.11301025748252869,-0.028482515788908813,0.002987414598464966,-0.07262226939201355,-0.013667504727180813,-0.022333353757858276,-0.14451158046722412,-0.004854198037918422,-0.01729908585548401,-0.17701482772827148,-0.02366392170571885,-0.018602043390274048,-0.1302596628665924,-0.016660891897316787,-0.01785483956336975,-0.09825631976127625,-0.004175068768944357
A,0.0,0.0,0.0,0.052072763442993164,-0.030643731355667114,-0.019855998959059207,0.09106987714767456,-0.09291589260101318,-0.024294307958001582,0.10386291146278381,-0.16063910722732544,-0.028494203965777842,0.10676801204681396,-0.21763870120048523,-0.03020236877691218,0.06726115942001343,-0.14336085319519043,-0.004018374755645482,0.07391580939292908,-0.1941920816898346,-0.031717602666134326,0.06072121858596802,-0.14658710360527039,-0.04579411124777266,0.05117020010948181,-0.1063096821308136,-0.04799160039019057,0.03694036602973938,-0.14745080471038818,-0.0004427448226067554,0.03955218195915222,-0.18223336338996887,-0.03201579352807471,0.026844501495361328,-0.1183498203754425,-0.03881043991040656,0.021029412746429443,-0.07617136836051941,-0.033599883820528476,0.0077796876430511475,-0.1478235125541687,-0.002024123482073037,0.00810307264328003,-0.17748573422431946,-0.033616014327520816,0.0019760727882385254,-0.1135610044002533,-0.028421490024442164,0.0021879971027374268,-0.07292494177818298,-0.013930669556970088,-0.02269849181175232,-0.1449691355228424,-0.0048926230889208,-0.017498046159744263,-0.17749163508415222,-0.023674289267177073,-0.01868346333503723,-0.13103127479553223,-0.016813474278563945,-0.018096953630447388,-0.0986577570438385,-0.004429078697825162
A,0.0,0.0,0.0,0.05255118012428284,-0.030028998851776123,-0.019780131829719494,0.09140041470527649,-0.09182292222976685,-0.024329422814588497,0.10462799668312073,-0.15912571549415588,-0.028646799577217053,0.10738438367843628,-0.21585586667060852,-0.030532470745782803,0.06796002388000488,-0.14171183109283447,-0.004438133751790474,0.07437434792518616,-0.192643404006958,-0.03228022980485434,0.06127256155014038,-0.14567071199417114,-0.046611473737101505,0.05139201879501343,-0.10528528690338135,-0.048961204318146656,0.03727635741233826,-0.14613735675811768,-0.0009689228770355385,0.03976824879646301,-0.1807417869567871,-0.032258742330412815,0.027179211378097534,-0.11728397011756897,-0.039050620822052906,0.021104902029037476,-0.07530927658081055,-0.034023699192147205,0.00788891315460205,-0.146712064743042,-0.002637277897264312,0.008141636848449707,-0.1764868199825287,-0.033812858937125156,0.0019064247608184814,-0.11294993758201599,-0.028623473672013233,0.0020422935485839844,-0.07262307405471802,-0.014341318821351479,-0.022480428218841553,-0.14383873343467712,-0.005612974827926109,-0.017423242330551147,-0.17653897404670715,-0.02413025016878123,-0.018595129251480103,-0.13039419054985046,-0.017229298902492474,-0.017782509326934814,-0.09817826747894287,-0.004936196217130373
A,0.0,0.0,0.0,0.05186620354652405,-0.029218167066574097,-0.01967851824929312,0.09129580855369568,-0.09100213646888733,-0.024183221234579833,0.10524395108222961,-0.15830248594284058,-0.02846714302768305,0.1079622209072113,-0.21527805924415588,-0.030303148625989706,0.06785023212432861,-0.14111271500587463,-0.004671666844387801,0.07453781366348267,-0.1923089325428009,-0.032374836577673705,0.06121474504470825,-0.14518484473228455,-0.04630908377339438,0.05156046152114868,-0.10513424873352051,-0.04844465859105185,0.03733360767364502,-0.1456063687801361,-0.00137720974498734,0.040573716163635254,-0.18044885993003845,-0.03292726732661322,0.02713257074356079,-0.1166476309299469,-0.03950441263486937,0.020603150129318237,-0.07489246129989624,-0.03420329101254538,0.007924884557723999,-0.14624112844467163,-0.0031918020254124713,0.008569955825805664,-0.17577072978019714,-0.03471727304031447,0.0018471181392669678,-0.11188885569572449,-0.02931471362580851,0.0017747879028320312,-0.07177972793579102,-0.014751433468063624,-0.02254509925842285,-0.14387741684913635,-0.006272199636896403,-0.016989171504974365,-0.17602452635765076,-0.024854170231719763,-0.018360018730163574,-0.1300969123840332,-0.01777286089827612,-0.01766064763069153,-0.09843212366104126,-0.0053302595192690205
A,0.0,0.0,0.0,0.051851093769073486,-0.029848307371139526,-0.019580882594397053,0.09104004502296448,-0.09165456891059875,-0.024071349382808194,0.10471031069755554,-0.15850567817687988,-0.028395630971004948,0.1071968674659729,-0.21524804830551147,-0.030335737944056973,0.0680195689201355,-0.14212918281555176,-0.004343044564535603,0.07428732514381409,-0.1924130618572235,-0.0320262486044669,0.060783445835113525,-0.14517566561698914,-0.046213983178546414,0.0511593222618103,-0.1048649251461029,-0.04854526612203358,0.037348031997680664,-0.1465078592300415,-0.0011238533467405887,0.04053869843482971,-0.18127337098121643,-0.03297370168607472,0.027200043201446533,-0.1173626184463501,-0.039876426190545544,0.020677924156188965,-0.07443639636039734,-0.03464209157269238,0.0077273547649383545,-0.14695295691490173,-0.002984152727236733,0.008414030075073242,-0.17637312412261963,-0.034660483330895886,0.0018579661846160889,-0.11242863535881042,-0.029492935717513546,0.0017577409744262695,-0.07139456272125244,-0.01495569533895491,-0.02303999662399292,-0.14427447319030762,-0.006114465270599112,-0.017157942056655884,-0.17651933431625366,-0.024932396218588337,-0.018434107303619385,-0.13063794374465942,-0.018041322559525952,-0.01773083209991455,-0.09851297736167908,-0.005630721424182639
A,0.0,0.0,0.0,0.05173656344413757,-0.02995660901069641,-0.02008453543402311,0.09083545207977295,-0.09166085720062256,-0.024748027055636612,0.10351419448852539,-0.15869590640068054,-0.02913312028266546,0.10627326369285583,-0.21556970477104187,-0.031199309705868927,0.06688207387924194,-0.14268827438354492,-0.004526908240393368,0.07414770126342773,-0.1922132968902588,-0.03233293417014238,0.06128782033920288,-0.14495739340782166,-0.04703528034605142,0.05092322826385498,-0.10390833020210266,-0.04966824474848863,0.036363035440444946,-0.14728233218193054,-0.0009377324824413336,0.03987932205200195,-0.18058079481124878,-0.032702307879105774,0.027247518301010132,-0.1169445812702179,-0.04007964554347154,0.020477652549743652,-0.07312089204788208,-0.035215500473157135,0.007016777992248535,-0.14769259095191956,-0.002448392762914864,0.007973432540893555,-0.17603522539138794,-0.03390965583838579,0.0022066831588745117,-0.1124928891658783,-0.029230734064356056,0.002053976058959961,-0.07059311866760254,-0.015097690477148262,-0.023585021495819092,-0.1445658802986145,-0.005290350142047373,-0.017794251441955566,-0.17590120434761047,-0.024257285251394478,-0.01860964298248291,-0.13010120391845703,-0.017798049106374947,-0.01795893907546997,-0.09765264391899109,-0.005670720907971827
A,0.0,0.0,0.0,0.05166974663734436,-0.0311698317527771,-0.02059397857095746,0.09084269404411316,-0.09321877360343933,-0.025313995884914675,0.10333031415939331,-0.1602098047733307,-0.029499285029430666,0.10614088177680969,-0.21626847982406616,-0.03129268448259381,0.06554275751113892,-0.1428697407245636,-0.005731893809695521,0.0727071762084961,-0.1927674412727356,-0.033404640959759035,0.05966383218765259,-0.14573708176612854,-0.047850452469845095,0.049390196800231934,-0.10480210185050964,-0.050388522552509585,0.03522571921348572,-0.14754533767700195,-0.0017632435673817781,0.03823298215866089,-0.1813061535358429,-0.03372002031113652,0.025496691465377808,-0.11722823977470398,-0.04098357643391637,0.019236981868743896,-0.0732874870300293,-0.036026585953493395,0.006163507699966431,-0.14822089672088623,-0.002844843886975923,0.006652504205703735,-0.17645922303199768,-0.03426856930758504,0.0007374584674835205,-0.1127733588218689,-0.029502878071923533,0.0008047521114349365,-0.07082676887512207,-0.015327982710857668,-0.02425992488861084,-0.14527642726898193,-0.005300873065550604,-0.01860332489013672,-0.17636579275131226,-0.024069331692714968,-0.019645333290100098,-0.1306397020816803,-0.01757884222473649,-0.01900339126586914,-0.0983617901802063,-0.005490362284888306
A,0.0,0.0,0.0,0.051619529724121094,-0.03155741095542908,-0.020836076114534308,0.09139883518218994,-0.09382280707359314,-0.025666969243644644,0.10453879833221436,-0.16140514612197876,-0.02996462804472344,0.10665473341941833,-0.21837449073791504,-0.03189188835418122,0.06489765644073486,-0.14380291104316711,-0.005517656795888115,0.07277572154998779,-0.19380199909210205,-0.0333572573701133,0.05966547131538391,-0.14658167958259583,-0.04794721526300805,0.04926726222038269,-0.10563436150550842,-0.050541067842601706,0.03459784388542175,-0.14829713106155396,-0.001563597700766195,0.038738250732421875,-0.18162217736244202,-0.03375450370108979,0.025754988193511963,-0.11703774333000183,-0.041194068614601065,0.019067227840423584,-0.07303681969642639,-0.03623291325962441,0.005519896745681763,-0.14867714047431946,-0.002723544717042614,0.006954193115234375,-0.1762973964214325,-0.03441718814170258,0.0011556744575500488,-0.11222821474075317,-0.029705532241820265,0.0010261237621307373,-0.0703294575214386,-0.015419899832664896,-0.024990886449813843,-0.14559900760650635,-0.005257435955314804,-0.01818251609802246,-0.17697679996490479,-0.0239643886426677,-0.01895657181739807,-0.13090935349464417,-0.017140156004785467,-0.01855599880218506,-0.09833985567092896,-0.004748963166235853
A,0.0,0.0,0.0,0.05173134803771973,-0.03164908289909363,-0.02129026486136354,0.09142804145812988,-0.09424442052841187,-0.02629611624934114,0.10464084148406982,-0.16199100017547607,-0.030629521073478827,0.10716497898101807,-0.21921712160110474,-0.03233791685261167,0.06497266888618469,-0.14417296648025513,-0.006248105155009398,0.07315719127655029,-0.19501015543937683,-0.034015836031812796,0.059912264347076416,-0.14563822746276855,-0.047791907401460776,0.04939943552017212,-0.10477498173713684,-0.049769257964271674,0.034834057092666626,-0.1484525203704834,-0.0020866643876615854,0.038571298122406006,-0.1818062961101532,-0.03368901631392873,0.025670230388641357,-0.11673691868782043,-0.04025818950094617,0.019085973501205444,-0.07442536950111389,-0.034929672093767294,0.005801767110824585,-0.14858433604240417,-0.003124422231394419,0.007137268781661987,-0.17578142881393433,-0.034461201937574515,0.001264125108718872,-0.11134350299835205,-0.028990315111059317,0.001331925392150879,-0.07077780365943909,-0.014394763694781432,-0.024608343839645386,-0.14536362886428833,-0.005563248717862734,-0.018529564142227173,-0.17716827988624573,-0.023658854724544653,-0.019422829151153564,-0.13080710172653198,-0.01624067297734655,-0.018837571144104004,-0.09872168302536011,-0.003596571810248861
A,0.0,0.0,0.0,0.05177763104438782,-0.03163236379623413,-0.020516269786327257,0.0908460021018982,-0.09564465284347534,-0.025243828950493707,0.10344398021697998,-0.16283148527145386,-0.029460390044420137,0.10591509938240051,-0.21982082724571228,-0.031196939704983606,0.06453573703765869,-0.1467275619506836,-0.005770530497699156,0.07317906618118286,-0.19564592838287354,-0.033044709770052805,0.059759825468063354,-0.14760470390319824,-0.047060920802920236,0.04846853017807007,-0.1065884530544281,-0.04937406903323449,0.03407067060470581,-0.15051022171974182,-0.0021866994835875175,0.038447797298431396,-0.18318378925323486,-0.03280600061830796,0.02576315402984619,-0.11908087134361267,-0.03951212665256776,0.01861467957496643,-0.07572880387306213,-0.03456608852562226,0.00468018651008606,-0.1503191888332367,-0.003706203952475562,0.0068419575691223145,-0.17737725377082825,-0.03400566330370225,0.0013667941093444824,-0.11384180188179016,-0.02877010865327634,0.0008135437965393066,-0.07252693176269531,-0.0147106786650113,-0.026300281286239624,-0.1465691328048706,-0.006623030120550766,-0.019380688667297363,-0.1785733997821808,-0.024357742575972452,-0.01971837878227234,-0.1325370967388153,-0.017034078894226923,-0.01935526728630066,-0.09997925162315369,-0.00462435459908761
A,0.0,0.0,0.0,0.05186113715171814,-0.02972230315208435,-0.020098602383455955,0.0914289653301239,-0.09408724308013916,-0.024327203615627013,0.10297054052352905,-0.16218644380569458,-0.028080331145844184,0.10541892051696777,-0.21833539009094238,-0.029449034466466628,0.0637316107749939,-0.14596682786941528,-0.004757842033228599,0.07321673631668091,-0.19345298409461975,-0.030865419640264236,0.05952289700508118,-0.14512524008750916,-0.044196518122276984,0.04801511764526367,-0.10423505306243896,-0.04627107641013595,0.032957375049591064,-0.14958924055099487,-0.0012029181076798068,0.03803187608718872,-0.18271785974502563,-0.030957624300441466,0.0252838134765625,-0.11933782696723938,-0.03775449281843635,0.017786294221878052,-0.07659360766410828,-0.03303474372538062,0.003494054079055786,-0.14919143915176392,-0.0025865165358993636,0.006318867206573486,-0.17762461304664612,-0.03238250127347442,0.0006548464298248291,-0.11366486549377441,-0.027224354430160247,-0.0003916025161743164,-0.0724036693572998,-0.01334985623421403,-0.027747243642807007,-0.14544925093650818,-0.005260820950439893,-0.020378947257995605,-0.17871195077896118,-0.022753080337366782,-0.02089327573776245,-0.132284015417099,-0.015276784061512672,-0.020700305700302124,-0.09946531057357788,-0.002862529813370429
A,0.0,0.0,0.0,0.05226662755012512,-0.02470490336418152,-0.02023417771326308,0.0937650203704834,-0.09028726816177368,-0.023862725947964236,0.1064312756061554,-0.15904712677001953,-0.026781639908421084,0.10771146416664124,-0.21400243043899536,-0.027291425396668956,0.06533762812614441,-0.14495867490768433,-0.005655188937652156,0.07499489188194275,-0.19022095203399658,-0.030873398189413592,0.060754626989364624,-0.14096108078956604,-0.04367908172773127,0.04883489012718201,-0.09957730770111084,-0.045676377494800136,0.03455159068107605,-0.1484263837337494,-0.0016356638027161807,0.040373414754867554,-0.17999771237373352,-0.031130467434394404,0.027247756719589233,-0.11705988645553589,-0.03800355352925067,0.018835991621017456,-0.07426372170448303,-0.03347155906723742,0.005169421434402466,-0.1478126049041748,-0.002347201234641716,0.008292078971862793,-0.17436715960502625,-0.03164844669865374,0.0029324889183044434,-0.11086732149124146,-0.026880598519909427,0.0013248026371002197,-0.06929096579551697,-0.013613535915482089,-0.026215463876724243,-0.14473387598991394,-0.004328913413900182,-0.019201606512069702,-0.17522591352462769,-0.022090381835567996,-0.01957455277442932,-0.12932506203651428,-0.015549288955497786,-0.01913231611251831,-0.09717866778373718,-0.003945599202978656
A,0.0,0.0,0.0,0.05310007929801941,-0.025665462017059326,-0.017548940542525315,0.09461036324501038,-0.0921914279460907,-0.02009281276482966,0.10610660910606384,-0.15860265493392944,-0.022577348563260102,0.1076945960521698,-0.2124384343624115,-0.02318354270178702,0.06545048952102661,-0.14563649892807007,-0.003270053237116599,0.07638108730316162,-0.18959254026412964,-0.027300692561453843,0.06299898028373718,-0.14300432801246643,-0.04004521055836108,0.050724953413009644,-0.10058644413948059,-0.04210376499909785,0.03421658277511597,-0.14904198050498962,-0.00045510267014492456,0.04244449734687805,-0.1799371838569641,-0.028580126750654244,0.028423339128494263,-0.11793160438537598,-0.03532096876520541,0.018784523010253906,-0.07287538051605225,-0.030739625382608438,0.0039027631282806396,-0.1480495035648346,-0.0020499249709757805,0.009353697299957275,-0.17445677518844604,-0.03020059264022734,0.003046005964279175,-0.11170518398284912,-0.02562441437262919,0.0003819465637207031,-0.0687456727027893,-0.012581894572264218,-0.02829417586326599,-0.14406231045722961,-0.004674057874268556,-0.018895506858825684,-0.1749638319015503,-0.021823623615688348,-0.01907554268836975,-0.12937432527542114,-0.014845670598930383,-0.019324690103530884,-0.09678784012794495,-0.0029679680498304606
A,0.0,0.0,0.0,0.053751140832901,-0.02661195397377014,-0.015924931344613924,0.09421253204345703,-0.09346985816955566,-0.017468846243843927,0.10457244515419006,-0.1597050428390503,-0.01950077417217244,0.10767415165901184,-0.2124151587486267,-0.01966271440409173,0.06318143010139465,-0.14670509099960327,0.0004160671515478498,0.07588455080986023,-0.18955853581428528,-0.02271546873174657,0.06422653794288635,-0.14312505722045898,-0.03486591282211293,0.05220067501068115,-0.10154253244400024,-0.036664963540658846,0.03285357356071472,-0.149810791015625,0.002676420305817828,0.042958587408065796,-0.1797477900981903,-0.024657926362976923,0.029218226671218872,-0.11684542894363403,-0.0312237412007903,0.018798410892486572,-0.07414495944976807,-0.026783446622118845,0.0030585527420043945,-0.148561030626297,0.0005024016564334488,0.010382920503616333,-0.17630165815353394,-0.027420387444124117,0.004044771194458008,-0.11240813136100769,-0.02236189397893895,0.00028321146965026855,-0.07092201709747314,-0.009106808182821169,-0.029563724994659424,-0.1446150243282318,-0.0025790481167291546,-0.01810353994369507,-0.1771329939365387,-0.01923888253890027,-0.01840779185295105,-0.13176807761192322,-0.011668833744749918,-0.01975688338279724,-0.10063090920448303,0.0004386755018117583
A,0.0,0.0,0.0,0.05473130941390991,-0.026732683181762695,-0.01479922459611771,0.09566572308540344,-0.09278970956802368,-0.015889078762029385,0.10498043894767761,-0.15920516848564148,-0.017747093375419354,0.108014315366745,-0.21227487921714783,-0.01781356373021481,0.06447449326515198,-0.14775195717811584,0.0020058817121935135,0.07543745636940002,-0.19013574719429016,-0.020971976603959774,0.06427162885665894,-0.14402970671653748,-0.03300964311847565,0.054641127586364746,-0.10257357358932495,-0.03495734409580109,0.03395742177963257,-0.1501023769378662,0.003612179857100273,0.0437009334564209,-0.17988088726997375,-0.022645423572157597,0.02983185648918152,-0.11675786972045898,-0.028405722614024853,0.020905762910842896,-0.07591080665588379,-0.024004070471619343,0.0035893619060516357,-0.14810913801193237,0.0007382119897556549,0.01071956753730774,-0.1775667667388916,-0.027074516202901577,0.004185736179351807,-0.11377784609794617,-0.02121774704346535,0.0009537935256958008,-0.07401049137115479,-0.007798016454671597,-0.03009459376335144,-0.1432611346244812,-0.002931214088221168,-0.01847463846206665,-0.17886120080947876,-0.0196195714283931,-0.018787145614624023,-0.13404178619384766,-0.011458175640200352,-0.020272165536880493,-0.10342812538146973,0.0008907862015803403
A,0.0,0.0,0.0,0.05668717622756958,-0.029554694890975952,-0.013565508441843122,0.09856116771697998,-0.09614291787147522,-0.014770336242236226,0.10629165172576904,-0.16123583912849426,-0.0168903989510909,0.11147123575210571,-0.21459046006202698,-0.017598414586700528,0.06609505414962769,-0.15329378843307495,0.0015059594038575597,0.08007782697677612,-0.1910039484500885,-0.0202570220249072,0.06837975978851318,-0.14716020226478577,-0.032434273304261296,0.05543088912963867,-0.1045619547367096,-0.034276980699814885,0.03456062078475952,-0.1575038731098175,0.002831784749560029,0.04530033469200134,-0.18128171563148499,-0.020897136794246762,0.032096028327941895,-0.11821457743644714,-0.02608178535274419,0.02217233180999756,-0.07217049598693848,-0.021749181466020673,0.003422468900680542,-0.15627655386924744,-0.00010303256976840203,0.01238444447517395,-0.17878320813179016,-0.023704407529749005,0.007144570350646973,-0.11747685074806213,-0.01805825324527177,0.003465205430984497,-0.07417750358581543,-0.005904919260956376,-0.03056231141090393,-0.15082120895385742,-0.0039891021119728975,-0.015674889087677002,-0.18276959657669067,-0.017247935550130933,-0.015379577875137329,-0.13984748721122742,-0.008663090670324891,-0.018734067678451538,-0.10839483141899109,0.0032276706510856457
A,0.0,0.0,0.0,0.05606403946876526,-0.029213786125183105,-0.01589339670050549,0.0964575707912445,-0.0953722894191742,-0.018018110434297796,0.10410454869270325,-0.16062644124031067,-0.02103853855538773,0.10915163159370422,-0.21413767337799072,-0.022108602116588827,0.06397038698196411,-0.15336084365844727,0.002421412139426593,0.07784432172775269,-0.19205030798912048,-0.02132288996386933,0.06762364506721497,-0.14677661657333374,-0.03431041796017098,0.056408584117889404,-0.10375019907951355,-0.03665201623249459,0.03323158621788025,-0.1558845341205597,0.004037675203051094,0.04625818133354187,-0.18182510137557983,-0.022565622593049284,0.03360441327095032,-0.11751872301101685,-0.028708376700762983,0.023870795965194702,-0.07364296913146973,-0.0245230652045052,0.0023538172245025635,-0.1543964147567749,0.0008026450986449163,0.013897418975830078,-0.1801156997680664,-0.027117975766543623,0.007591694593429565,-0.11610239744186401,-0.021879306773428198,0.0028085708618164062,-0.07400104403495789,-0.008717531117383714,-0.0315459668636322,-0.14964869618415833,-0.003462423815165039,-0.015685439109802246,-0.18398147821426392,-0.0201398010950129,-0.015307068824768066,-0.14056172966957092,-0.012399941461865183,-0.018459469079971313,-0.10951933264732361,-0.0002975592624920864
A,0.0,0.0,0.0,0.05574539303779602,-0.029430866241455078,-0.015409636753844325,0.09583115577697754,-0.09446507692337036,-0.017635254631983344,0.10329359769821167,-0.15842470526695251,-0.020900050620781485,0.1078755259513855,-0.21169432997703552,-0.022271747212158743,0.06333884596824646,-0.15318390727043152,0.002430770336417254,0.07789391279220581,-0.19092831015586853,-0.021053320239531104,0.06826645135879517,-0.14600154757499695,-0.03407054811273724,0.05685725808143616,-0.10235273838043213,-0.03643000542675168,0.0326865017414093,-0.15575075149536133,0.0038154518927910885,0.04644197225570679,-0.18125194311141968,-0.021933341841446463,0.034181833267211914,-0.11701160669326782,-0.027937667886959616,0.024154067039489746,-0.07254129648208618,-0.023936711694346968,0.0015534460544586182,-0.15425994992256165,0.00045249031367688985,0.014281213283538818,-0.17990288138389587,-0.026672309707151953,0.007838845252990723,-0.11635282635688782,-0.02133784487401158,0.0023419857025146484,-0.0739499032497406,-0.008368549379753176,-0.03287065029144287,-0.149492084980011,-0.003913371335016791,-0.015636742115020752,-0.184280127286911,-0.019815883110510413,-0.015125453472137451,-0.14183467626571655,-0.011681509646820132,-0.018993884325027466,-0.11079913377761841,0.0005138821082653067
A,0.0,0.0,0.0,0.0558837354183197,-0.028623491525650024,-0.014661103198136516,0.09553024172782898,-0.09465941786766052,-0.016243807682599254,0.1024617850780487,-0.1580345332622528,-0.018900522673334308,0.1064668595790863,-0.21034207940101624,-0.01968843088468475,0.06339886784553528,-0.15220558643341064,0.0029388522358431146,0.07818815112113953,-0.1902419924736023,-0.01983442687412662,0.0688040554523468,-0.1464157998561859,-0.032517062211240955,0.05734404921531677,-0.10210412740707397,-0.03474417858740253,0.03259536623954773,-0.15481385588645935,0.004173327526245885,0.04688310623168945,-0.18151724338531494,-0.021002204799856372,0.034399837255477905,-0.11736881732940674,-0.026799861052836604,0.023687303066253662,-0.07131260633468628,-0.022677475297655292,0.001170724630355835,-0.15361762046813965,0.0007508285322046504,0.01461726427078247,-0.17978113889694214,-0.025615535387601085,0.007824420928955078,-0.11694663763046265,-0.02040728525241775,0.0015545785427093506,-0.07419580221176147,-0.007708796942438312,-0.033587127923965454,-0.14907321333885193,-0.0036164766082720234,-0.015316486358642578,-0.18341955542564392,-0.018924673730339236,-0.015378206968307495,-0.14166676998138428,-0.010891478219832607,-0.020298808813095093,-0.1110042929649353,0.0009914327507658527
A,0.0,0.0,0.0,0.05522415041923523,-0.02782738208770752,-0.01467081509983359,0.09461858868598938,-0.09390920400619507,-0.01641981933718739,0.10111209750175476,-0.15738874673843384,-0.019183584269939047,0.10495290160179138,-0.2100701630115509,-0.02006986622220097,0.062338680028915405,-0.15047687292099,0.0014776461619305792,0.07737353444099426,-0.19055327773094177,-0.021064777639566046,0.06907078623771667,-0.14648696780204773,-0.03312461521929322,0.057993561029434204,-0.10132330656051636,-0.03490289744442521,0.03189602494239807,-0.15301457047462463,0.0026801009524035635,0.04632362723350525,-0.18129467964172363,-0.02246327583199559,0.03432658314704895,-0.11672466993331909,-0.027850017663894278,0.023479551076889038,-0.06994912028312683,-0.023440574076829535,0.0002734959125518799,-0.15205007791519165,-0.0006395991215129015,0.014308243989944458,-0.17977088689804077,-0.02719499428278027,0.007600516080856323,-0.11554467678070068,-0.02175679315334378,0.0008566677570343018,-0.07137435674667358,-0.00884383243030129,-0.03490710258483887,-0.1479310393333435,-0.004865230773447138,-0.016073167324066162,-0.1820504367351532,-0.020734152537642103,-0.015642285346984863,-0.13899219036102295,-0.012862877701280695,-0.020608335733413696,-0.10717117786407471,-0.0009949520601537643
A,0.0,0.0,0.0,0.05392536520957947,-0.027756959199905396,-0.01503603575073953,0.09312567114830017,-0.09327015280723572,-0.017273875375025227,0.10164943337440491,-0.15638688206672668,-0.0205039628341126,0.10391005873680115,-0.2099812626838684,-0.021923043255441144,0.06009116768836975,-0.15161871910095215,0.0003652338204176431,0.07592162489891052,-0.19087296724319458,-0.02223617253147836,0.06878045201301575,-0.14709672331809998,-0.034302033905618146,0.057782143354415894,-0.10232263803482056,-0.03613317427479501,0.03003641963005066,-0.1540534496307373,0.0015487000786436056,0.04545578360557556,-0.1820690631866455,-0.02403263789855714,0.03395184874534607,-0.11762040853500366,-0.029810140331022694,0.022422105073928833,-0.07027614116668701,-0.025663676161997273,-0.0017580091953277588,-0.15297862887382507,-0.0017207945489587928,0.013369083404541016,-0.1799997091293335,-0.028698107649319127,0.007179200649261475,-0.1157912015914917,-0.023683133025400593,-0.00024011731147766113,-0.0703355073928833,-0.010970579881899312,-0.03747916221618652,-0.14915186166763306,-0.005913692948155358,-0.01751568913459778,-0.18169045448303223,-0.022436825980179265,-0.015875637531280518,-0.138602614402771,-0.015063832004301503,-0.02080562710762024,-0.10577937960624695,-0.0034117456085311915
A,0.0,0.0,0.0,0.0533924400806427,-0.0284196138381958,-0.015359423084362334,0.0918133556842804,-0.09535670280456543,-0.017553232571287936,0.09954974055290222,-0.15836814045906067,-0.020583722701474017,0.10219737887382507,-0.21194013953208923,-0.021534245422287768,0.05821302533149719,-0.1522766351699829,-0.0003588780138557013,0.07528206706047058,-0.19175556302070618,-0.022777209019466227,0.0681522786617279,-0.14680087566375732,-0.033964881634517496,0.05693897604942322,-0.10218474268913269,-0.03522161204199392,0.028272539377212524,-0.15471625328063965,0.0008394235435957853,0.04582121968269348,-0.1834436058998108,-0.025277472993536776,0.03351745009422302,-0.11841073632240295,-0.030593702530666178,0.020697861909866333,-0.0712435245513916,-0.025852348616524523,-0.003436833620071411,-0.1539013385772705,-0.0024389498477717098,0.013849645853042603,-0.1808796226978302,-0.030098766049547976,0.006880611181259155,-0.11612018942832947,-0.024880988484426325,-0.0017015039920806885,-0.0710003674030304,-0.011723714841707533,-0.039241403341293335,-0.15046477317810059,-0.006613630296840256,-0.01783674955368042,-0.1826285421848297,-0.02369059990923006,-0.016759544610977173,-0.13839861750602722,-0.016317872291608637,-0.02266135811805725,-0.10503411293029785,-0.004488919357015675
A,0.0,0.0,0.0,0.0541500449180603,-0.030405431985855103,-0.016020755233796535,0.0914149284362793,-0.09637308120727539,-0.01856097294631809,0.09838199615478516,-0.15854814648628235,-0.02210527001562923,0.09950339794158936,-0.21226578950881958,-0.02362753911558002,0.059549152851104736,-0.15494346618652344,0.0009961526872643844,0.07759428024291992,-0.193309485912323,-0.021781439843209682,0.06925255060195923,-0.14679935574531555,-0.03391509591284603,0.05589693784713745,-0.10029634833335876,-0.035248597102793155,0.029514074325561523,-0.1585732400417328,0.0026421740682849304,0.045784056186676025,-0.18581441044807434,-0.02341122827175468,0.03348672389984131,-0.12182977795600891,-0.030014273660810886,0.020593762397766113,-0.07251569628715515,-0.025834190609486996,-0.0025231242179870605,-0.1574823558330536,-0.0002948868871612831,0.014277756214141846,-0.1845850646495819,-0.027974395962985454,0.008409559726715088,-0.12020227313041687,-0.024137438225181995,0.0005856156349182129,-0.07100236415863037,-0.01147215994689077,-0.03877052664756775,-0.15284553170204163,-0.004222784141632019,-0.016559481620788574,-0.187267005443573,-0.02232734947148174,-0.014523625373840332,-0.14329591393470764,-0.01569117693844646,-0.020038068294525146,-0.10580471158027649,-0.0036806889777949436
A,0.0,0.0,0.0,0.05440962314605713,-0.033954620361328125,-0.014434365579546693,0.09078043699264526,-0.09945836663246155,-0.016559014120758775,0.09772080183029175,-0.16068798303604126,-0.019954126352132562,0.09858173131942749,-0.2137446254491806,-0.02111069487935424,0.05669742822647095,-0.15408366918563843,0.001834644912122485,0.07234030961990356,-0.1940900683403015,-0.020517537394226792,0.06683307886123657,-0.14820459485054016,-0.031409233832420114,0.05676579475402832,-0.10318300127983093,-0.0322453454375875,0.026997148990631104,-0.15636900067329407,0.0022775584127145976,0.04456830024719238,-0.18558427691459656,-0.024378797063292268,0.03318363428115845,-0.12197619676589966,-0.030377520272196534,0.020424962043762207,-0.07586711645126343,-0.025792175927819017,-0.004591226577758789,-0.15519976615905762,-0.001706602192172113,0.012829303741455078,-0.1848335862159729,-0.029750820273221734,0.006551384925842285,-0.12005800008773804,-0.02443663405782104,-0.0015544891357421875,-0.07461810111999512,-0.010851018154681924,-0.04065290093421936,-0.150831401348114,-0.00657992952099562,-0.019776225090026855,-0.18564504384994507,-0.023989081406654122,-0.017885804176330566,-0.1409188210964203,-0.016194857680858377,-0.022419273853302002,-0.10638710856437683,-0.0036860222701591283
A,0.0,0.0,0.0,0.054495036602020264,-0.03361445665359497,-0.015175779569062797,0.09116178750991821,-0.09777143597602844,-0.01780899077198228,0.09744083881378174,-0.15944278240203857,-0.021688472698542682,0.09820055961608887,-0.2131662666797638,-0.02337343826434335,0.056843340396881104,-0.15293744206428528,0.0017031926101935824,0.07282114028930664,-0.19355610013008118,-0.02098226382872781,0.0679018497467041,-0.14829158782958984,-0.03230700104973039,0.05785048007965088,-0.10277339816093445,-0.033359306152078716,0.027345895767211914,-0.15542861819267273,0.0025332681973395665,0.04532402753829956,-0.18478605151176453,-0.02511996611497125,0.03398019075393677,-0.12189587950706482,-0.03208409085414132,0.02087247371673584,-0.07477971911430359,-0.02793121546051225,-0.003998100757598877,-0.15484842658042908,-0.001124958843092827,0.014149844646453857,-0.18426838517189026,-0.030014217118832676,0.007401704788208008,-0.12012770771980286,-0.025687655652973262,-0.001127004623413086,-0.07384398579597473,-0.012483543004009334,-0.04002100229263306,-0.15131500363349915,-0.0056908416888745705,-0.017912089824676514,-0.18493202328681946,-0.0239384958847495,-0.016737043857574463,-0.14011156558990479,-0.016968535478326885,-0.02238166332244873,-0.10456568002700806,-0.004808621234360544
A,0.0,0.0,0.0,0.05468326807022095,-0.033235400915145874,-0.015053323246831951,0.09172052145004272,-0.09623995423316956,-0.017537249960298595,0.09817570447921753,-0.15686249732971191,-0.021221200712318478,0.09798967838287354,-0.21009469032287598,-0.022751065679187832,0.057962000370025635,-0.15210050344467163,0.0019620645229565525,0.07336580753326416,-0.19191306829452515,-0.01996806334733492,0.0684402585029602,-0.1474951207637787,-0.031088479571337757,0.0584220290184021,-0.10205727815628052,-0.032163577862377224,0.02865767478942871,-0.15482386946678162,0.0027803208117234135,0.04611372947692871,-0.18431922793388367,-0.024264008514876423,0.034735023975372314,-0.12267544865608215,-0.031441784240598736,0.02157813310623169,-0.07459965348243713,-0.02750376869022375,-0.0025314688682556152,-0.15426722168922424,-0.0007704946424951231,0.01524364948272705,-0.18368768692016602,-0.029191893302197514,0.008480846881866455,-0.12029936909675598,-0.0253455012667132,-4.869699478149414e-05,-0.07277077436447144,-0.012538188845212517,-0.03822880983352661,-0.15039759874343872,-0.0052306403036368465,-0.01644611358642578,-0.18341577053070068,-0.023789797686333714,-0.014819085597991943,-0.13866937160491943,-0.017360583655829487,-0.019745171070098877,-0.10182836651802063,-0.0055064272697222805
A,0.0,0.0,0.0,0.05449211597442627,-0.030586719512939453,-0.01486049406085499,0.09207373857498169,-0.0927627682685852,-0.017328968270163614,0.09892904758453369,-0.15417921543121338,-0.02095391228650101,0.09858936071395874,-0.20776855945587158,-0.022551666943769533,0.05918210744857788,-0.14831379055976868,0.0012430070215430078,0.07489699125289917,-0.19101420044898987,-0.021095918490033227,0.0701589584350586,-0.14723968505859375,-0.03246479667578228,0.06006741523742676,-0.10203614830970764,-0.033712519331317026,0.02991640567779541,-0.1516587734222412,0.0017139194547723946,0.04770928621292114,-0.18267816305160522,-0.02570450492058285,0.03578901290893555,-0.1202203631401062,-0.032985476775508005,0.022447049617767334,-0.07351246476173401,-0.029168264938931543,-0.0012056231498718262,-0.1516892910003662,-0.0021259766057539764,0.016744136810302734,-0.1826654076576233,-0.03078962676082142,0.009535610675811768,-0.11841577291488647,-0.02652215957496651,0.0009092092514038086,-0.07256245613098145,-0.013514812102954465,-0.03679293394088745,-0.14878374338150024,-0.006830110213201124,-0.015545487403869629,-0.1834532916545868,-0.024994285775761682,-0.014159858226776123,-0.13816186785697937,-0.017820080740790445,-0.018505752086639404,-0.10252875089645386,-0.00565843237419017
A,0.0,0.0,0.0,0.05448824167251587,-0.030411094427108765,-0.013647405882608155,0.09199374914169312,-0.09031370282173157,-0.01598549865676091,0.10174375772476196,-0.15082082152366638,-0.019954512347709397,0.10038328170776367,-0.20409990847110748,-0.022130227168332794,0.05953735113143921,-0.1446514129638672,0.0028607978157140224,0.07601338624954224,-0.18906062841415405,-0.02017500669253991,0.07059144973754883,-0.14515668153762817,-0.03281487383438275,0.06051212549209595,-0.10078427195549011,-0.034957731594573715,0.030659019947052002,-0.14831525087356567,0.0025099611512757747,0.04886651039123535,-0.18160873651504517,-0.025260476847421387,0.03691893815994263,-0.11990576982498169,-0.033168534268867234,0.023810863494873047,-0.07340753078460693,-0.02974004157377408,-0.000522911548614502,-0.14891284704208374,-0.0021443569429777654,0.01794743537902832,-0.18278023600578308,-0.030732062165867546,0.010966479778289795,-0.11883121728897095,-0.02631552748871968,0.0023984909057617188,-0.07273516058921814,-0.013173056287001828,-0.03589099645614624,-0.14680573344230652,-0.007646948085408667,-0.014509081840515137,-0.18227756023406982,-0.025694894124995926,-0.013161659240722656,-0.13670116662979126,-0.01824438058329747,-0.017479360103607178,-0.10038420557975769,-0.005861800150256613
A,0.0,0.0,0.0,0.05372041463851929,-0.029057204723358154,-0.015503703941732283,0.09218090772628784,-0.08897438645362854,-0.01862664180728757,0.10321211814880371,-0.15079349279403687,-0.023156473738282557,0.1022721529006958,-0.20565640926361084,-0.026022922572821017,0.060304105281829834,-0.14252662658691406,0.0019568667289320274,0.07713252305984497,-0.18944694101810455,-0.022688450616925593,0.07167410850524902,-0.14541754126548767,-0.036943156597345705,0.0613521933555603,-0.10116079449653625,-0.03989095645877683,0.03164112567901611,-0.14650958776474,0.0024594638038877292,0.04971468448638916,-0.1814531683921814,-0.026551504013269778,0.03735536336898804,-0.11926215887069702,-0.03520303252074086,0.02401512861251831,-0.07181277871131897,-0.03199934619399869,0.0006098747253417969,-0.14739397168159485,-0.0016506624865826325,0.01947075128555298,-0.1836029589176178,-0.03162902626129949,0.011936843395233154,-0.1183132529258728,-0.027646225270956393,0.0033921003341674805,-0.06986945867538452,-0.014286304217904444,-0.034421443939208984,-0.1458081603050232,-0.006774838407665129,-0.01275646686553955,-0.18157395720481873,-0.026455374759763117,-0.011867105960845947,-0.13541483879089355,-0.019899256852596636,-0.01620197296142578,-0.09727299213409424,-0.007711152871280547
A,0.0,0.0,0.0,0.05502581596374512,-0.03242993354797363,-0.01468446293603165,0.09152829647064209,-0.09214654564857483,-0.017321812936472725,0.09989702701568604,-0.15385586023330688,-0.021650367432641815,0.10101687908172607,-0.20767363905906677,-0.024385009908485245,0.060552120208740234,-0.14372649788856506,0.00487651068959849,0.07620102167129517,-0.1874074935913086,-0.019874966719555687,0.07066696882247925,-0.14301389455795288,-0.0347443791268347,0.060262858867645264,-0.09895399212837219,-0.03804098909478171,0.03099644184112549,-0.14736449718475342,0.005046358315837551,0.04815399646759033,-0.18254944682121277,-0.024248401650595497,0.03789782524108887,-0.1217774748802185,-0.03379212042074187,0.02622920274734497,-0.07268893718719482,-0.031038953938889335,-0.00018650293350219727,-0.14791563153266907,0.0004950713320681643,0.01775890588760376,-0.18373215198516846,-0.029805543848681282,0.012235939502716064,-0.11987918615341187,-0.027030549028324913,0.005118429660797119,-0.0700245201587677,-0.014261804537284206,-0.03487873077392578,-0.14596500992774963,-0.005038756427723001,-0.0134238600730896,-0.18147072196006775,-0.025219711491274666,-0.011466503143310547,-0.13558480143547058,-0.019584636220145057,-0.01522839069366455,-0.0961199402809143,-0.007881373183238338
A,0.0,0.0,0.0,0.05433320999145508,-0.034013330936431885,-0.015204826070686295,0.0891980528831482,-0.09387105703353882,-0.018332677594145252,0.09668350219726562,-0.15462854504585266,-0.023009755349477246,0.09799820184707642,-0.20813296735286713,-0.02606123190255971,0.05808067321777344,-0.1447119116783142,0.004232844637016342,0.07377243041992188,-0.18674227595329285,-0.02083023514481397,0.06823062896728516,-0.14296585321426392,-0.036016032731851055,0.058169007301330566,-0.09901043772697449,-0.0394939637544951,0.028486669063568115,-0.1479528248310089,0.00458669599262862,0.045748114585876465,-0.1821630597114563,-0.024928412100990727,0.03597337007522583,-0.12211993336677551,-0.034569230562766506,0.02503371238708496,-0.07236015796661377,-0.03177481207879396,-0.0026747584342956543,-0.1480729877948761,0.00016786970897442188,0.015529036521911621,-0.18221810460090637,-0.03017522644134374,0.010592281818389893,-0.11964845657348633,-0.027679119891246273,0.004033982753753662,-0.06985390186309814,-0.015003962143083527,-0.03715550899505615,-0.14552178978919983,-0.005281168202628805,-0.01541823148727417,-0.1798965036869049,-0.025544483846744015,-0.012922883033752441,-0.13455656170845032,-0.02011520106228204,-0.0164145827293396,-0.09508094191551208,-0.008447303137501194
A,0.0,0.0,0.0,0.051964759826660156,-0.032927364110946655,-0.015340271678041972,0.08628934621810913,-0.09588223695755005,-0.018275626275908508,0.09488016366958618,-0.15589642524719238,-0.022456538204323806,0.09730017185211182,-0.20960643887519836,-0.02472252984739498,0.05659681558609009,-0.1463978886604309,0.0028341549520973786,0.0711556077003479,-0.18966421484947205,-0.021578729424845733,0.06729143857955933,-0.1473008394241333,-0.035858501021039046,0.05879896879196167,-0.10468712449073792,-0.038894057546031036,0.027417302131652832,-0.14952754974365234,0.0032793015313927754,0.04519754648208618,-0.18241921067237854,-0.025453875113498725,0.035658180713653564,-0.1222468912601471,-0.033710528437268295,0.024481117725372314,-0.07388189435005188,-0.0301009680072184,-0.00359421968460083,-0.14907783269882202,-0.001014399381574549,0.014224648475646973,-0.1818235218524933,-0.030611461300622977,0.009596288204193115,-0.11855348944664001,-0.02702566263474182,0.0036035776138305664,-0.06950491666793823,-0.013876285676133193,-0.037859320640563965,-0.14559563994407654,-0.006423188179951467,-0.0165519118309021,-0.17785504460334778,-0.02609071535266594,-0.013336479663848877,-0.13353502750396729,-0.020223895360004462,-0.015967130661010742,-0.09594696760177612,-0.00839868028856472
A,0.0,0.0,0.0,0.05295151472091675,-0.03417783975601196,-0.01514619123349803,0.0870400071144104,-0.09764063358306885,-0.01828289311538356,0.093769371509552,-0.15858739614486694,-0.022614306771856718,0.09565258026123047,-0.21264712512493134,-0.024979452604156904,0.05637890100479126,-0.1475999653339386,0.002246316055106945,0.07138651609420776,-0.18829309940338135,-0.022000084632736616,0.06589752435684204,-0.1440897285938263,-0.03598586376915591,0.05621695518493652,-0.1012403666973114,-0.038893482649427824,0.02694571018218994,-0.14997848868370056,0.0027084853484211635,0.04501450061798096,-0.18089738488197327,-0.025566090831262045,0.034802913665771484,-0.1204376220703125,-0.033397312277656965,0.023490071296691895,-0.07314717769622803,-0.029721594417196684,-0.003863692283630371,-0.14896395802497864,-0.001446104377237134,0.014694273471832275,-0.18111926317214966,-0.030206861907345228,0.009774625301361084,-0.11810508370399475,-0.02601277176449912,0.003685891628265381,-0.07003724575042725,-0.012781810017031603,-0.03767448663711548,-0.14493513107299805,-0.006709342824024134,-0.016255319118499756,-0.17719924449920654,-0.025390426629883223,-0.013504564762115479,-0.13259467482566833,-0.018941569143635206,-0.01638394594192505,-0.09568655490875244,-0.006934687496823244
A,0.0,0.0,0.0,0.05280160903930664,-0.0357511043548584,-0.013953327856825126,0.08523982763290405,-0.09953048825263977,-0.016359500311182273,0.09111559391021729,-0.15969723463058472,-0.020131397716568245,0.09255552291870117,-0.21214702725410461,-0.022158870197699798,0.056092143058776855,-0.14564698934555054,0.002433440923823582,0.07020753622055054,-0.18681851029396057,-0.020802946485446228,0.06461834907531738,-0.14267563819885254,-0.0337721367402537,0.05440777540206909,-0.10053357481956482,-0.036075405500696434,0.027002394199371338,-0.14789602160453796,0.0026881776714162697,0.04385477304458618,-0.17958956956863403,-0.02411087761061026,0.03328573703765869,-0.11989444494247437,-0.03133476870493723,0.021730363368988037,-0.07417678833007812,-0.027638727523253692,-0.003377199172973633,-0.1467340886592865,-0.0014539674891693721,0.013546228408813477,-0.17959797382354736,-0.029070244826243652,0.00807642936706543,-0.11766740679740906,-0.02468867944912745,0.002072930335998535,-0.07114878296852112,-0.011706025995181335,-0.036725640296936035,-0.1424034833908081,-0.006543082374946607,-0.01668071746826172,-0.17640867829322815,-0.024044042177365554,-0.014658153057098389,-0.13299161195755005,-0.017099927835033668,-0.01806718111038208,-0.09693235158920288,-0.005133010636882318
A,0.0,0.0,0.0,0.05146527290344238,-0.03421396017074585,-0.01585015155177416,0.08480578660964966,-0.09765410423278809,-0.018951669929435866,0.08971327543258667,-0.15792101621627808,-0.022805894387772696,0.09083390235900879,-0.2104698121547699,-0.024789203552415984,0.05483865737915039,-0.14529147744178772,-0.0004364093012441117,0.0686039924621582,-0.18424063920974731,-0.023871156049779074,0.06261646747589111,-0.14007216691970825,-0.03630232684116663,0.052047133445739746,-0.09798622131347656,-0.038143398834279196,0.025555729866027832,-0.14724859595298767,0.0008341770615629684,0.04239732027053833,-0.17811241745948792,-0.025901128200700896,0.03264009952545166,-0.11772990226745605,-0.03242542095284762,0.021793782711029053,-0.07109451293945312,-0.028248288331440108,-0.004439651966094971,-0.14536145329475403,-0.002373203530794399,0.012272953987121582,-0.17593282461166382,-0.03016253433924021,0.007870376110076904,-0.11411264538764954,-0.02562444902758898,0.0027918219566345215,-0.0675419270992279,-0.012516973202934878,-0.03748202323913574,-0.14002448320388794,-0.006628981919845955,-0.017440199851989746,-0.17309564352035522,-0.024028229189923422,-0.01494067907333374,-0.13090047240257263,-0.01717638842563929,-0.018201887607574463,-0.09606549143791199,-0.005404210312178748
A,0.0,0.0,0.0,0.049717485904693604,-0.03271886706352234,-0.01712275501716931,0.08312147855758667,-0.094626784324646,-0.02068009060252507,0.08880925178527832,-0.15404480695724487,-0.024671407606490448,0.0889553427696228,-0.20623141527175903,-0.026569200869687393,0.05393344163894653,-0.14103591442108154,-0.0016634056382258677,0.06681656837463379,-0.18156930804252625,-0.024987632598765686,0.06026947498321533,-0.13689947128295898,-0.03711620550978978,0.050133705139160156,-0.0947452187538147,-0.03877260741222699,0.025506138801574707,-0.14253705739974976,0.0004000544277573681,0.04091536998748779,-0.17393708229064941,-0.026405640136488273,0.031270384788513184,-0.11408838629722595,-0.03276275676120122,0.021387219429016113,-0.06817328929901123,-0.028470607664473846,-0.003996789455413818,-0.1407005786895752,-0.0020929011088242078,0.011493206024169922,-0.17048504948616028,-0.029775520976670578,0.007040500640869141,-0.10986283421516418,-0.025363274108656242,0.0025016069412231445,-0.06453967094421387,-0.012374759841748073,-0.03658747673034668,-0.13619178533554077,-0.005738044347651794,-0.01727503538131714,-0.16797417402267456,-0.02270560544360478,-0.015402138233184814,-0.1273994743824005,-0.01603233274448712,-0.018836259841918945,-0.0941283106803894,-0.004524926845022037
A,0.0,0.0,0.0,0.049474895000457764,-0.0322137176990509,-0.01646424338710517,0.08297795057296753,-0.0933682918548584,-0.01964403383922786,0.08794057369232178,-0.15200212597846985,-0.023209291254403297,0.08796960115432739,-0.202633798122406,-0.024726339360000793,0.05330079793930054,-0.13893640041351318,-0.0023327066798231044,0.06576591730117798,-0.17906194925308228,-0.02472586438548774,0.05932652950286865,-0.13486945629119873,-0.03591495633614272,0.04916989803314209,-0.09333008527755737,-0.03706537068379134,0.025227606296539307,-0.14020267128944397,-0.00038667856156848757,0.04010039567947388,-0.1710866093635559,-0.026145457034232322,0.030592918395996094,-0.1119081974029541,-0.03191772357118339,0.020623207092285156,-0.06703248620033264,-0.0274812641788742,-0.0036710500717163086,-0.1380719542503357,-0.0027634727072438636,0.011067211627960205,-0.16704389452934265,-0.029445438389899437,0.0066893696784973145,-0.10753107070922852,-0.024815845047356788,0.0020697712898254395,-0.06352090835571289,-0.012019971129717533,-0.03570181131362915,-0.13325315713882446,-0.00620052332547516,-0.016857504844665527,-0.1653536558151245,-0.022182627325179283,-0.015120446681976318,-0.12608006596565247,-0.015134609048487846,-0.018874287605285645,-0.09389051795005798,-0.003656721650855843
A,0.0,0.0,0.0,0.048714637756347656,-0.032049983739852905,-0.016412678964115912,0.08280825614929199,-0.09205469489097595,-0.019310807667352492,0.08805322647094727,-0.1494734287261963,-0.02259005033192807,0.08826053142547607,-0.19830095767974854,-0.023758830360748107,0.05373823642730713,-0.1356852948665619,-0.001856203864008421,0.06477934122085571,-0.17731839418411255,-0.02426941306111985,0.05909836292266846,-0.13470885157585144,-0.035400809578277403,0.05030393600463867,-0.09458446502685547,-0.03651102804360562,0.02621781826019287,-0.13711678981781006,0.0002757848378678318,0.039598166942596436,-0.1674656867980957,-0.025665964789368445,0.030605614185333252,-0.10824456810951233,-0.03122751586852246,0.021598994731903076,-0.064645916223526,-0.02658133194563561,-0.0017865896224975586,-0.13540172576904297,-0.002016226851992542,0.011196434497833252,-0.16421276330947876,-0.02870642193374806,0.0066449642181396484,-0.10544443130493164,-0.02414959468660527,0.0023137927055358887,-0.06291812658309937,-0.01138665512917214,-0.03289565443992615,-0.13073614239692688,-0.005416071831859881,-0.015801429748535156,-0.1618688702583313,-0.021550966284848982,-0.014603137969970703,-0.12397199869155884,-0.0150894940343278,-0.018559813499450684,-0.09379717707633972,-0.004030105981655652
A,0.0,0.0,0.0,0.046469151973724365,-0.031958192586898804,-0.015690117743616838,0.08040261268615723,-0.09046491980552673,-0.018524896022682924,0.08630251884460449,-0.1469702422618866,-0.021938915964966554,0.08706039190292358,-0.19524654746055603,-0.02337630805075719,0.05152374505996704,-0.13377338647842407,-0.0017010985359604547,0.06374406814575195,-0.1751713752746582,-0.02386647616029336,0.05836611986160278,-0.13313785195350647,-0.03503863852918698,0.049959659576416016,-0.09380552172660828,-0.03627730127871587,0.02474290132522583,-0.13457739353179932,-0.00011657581879376266,0.03813713788986206,-0.1647174060344696,-0.02583292093575551,0.029380202293395996,-0.10718995332717896,-0.0316307951182182,0.020525634288787842,-0.06496104598045349,-0.027197971609240312,-0.0028039216995239258,-0.13245311379432678,-0.002828379296516914,0.010084569454193115,-0.15957260131835938,-0.02944799665809228,0.0054662227630615234,-0.10286581516265869,-0.02538836155534341,0.0007193684577941895,-0.0623704195022583,-0.01295863151997878,-0.03355851769447327,-0.12769871950149536,-0.00653029153571083,-0.01752394437789917,-0.1584068238735199,-0.022394861695175905,-0.015662550926208496,-0.12175321578979492,-0.01583846252859189,-0.01928800344467163,-0.09191718697547913,-0.0047298754982705304
A,0.0,0.0,0.0,0.04631984233856201,-0.03313499689102173,-0.014665389859032985,0.07969099283218384,-0.09053072333335876,-0.017195747659457084,0.08611404895782471,-0.14539971947669983,-0.020456542686474677,0.08652132749557495,-0.19275149703025818,-0.02189880186404025,0.05186331272125244,-0.13154757022857666,-0.00047074498786514596,0.06293100118637085,-0.17090487480163574,-0.021890559659254905,0.0566975474357605,-0.13044068217277527,-0.03307444365407264,0.048393845558166504,-0.09263554215431213,-0.034581096337092276,0.025421440601348877,-0.1325531005859375,0.0008127504662525098,0.037623822689056396,-0.16198241710662842,-0.023987771437418814,0.028739511966705322,-0.10686054825782776,-0.03008325533653533,0.02037900686264038,-0.06566247344017029,-0.02611991712535655,-0.0015586018562316895,-0.1307600736618042,-0.00202446287210023,0.010114610195159912,-0.1564164161682129,-0.027632604778659697,0.005329787731170654,-0.10166940093040466,-0.02395707318271434,0.001085042953491211,-0.06227096915245056,-0.01208814276094472,-0.031515687704086304,-0.12656190991401672,-0.005775759422135707,-0.016626805067062378,-0.15575042366981506,-0.020857229323041793,-0.01522478461265564,-0.11940795183181763,-0.014313808136535044,-0.01851239800453186,-0.08994534611701965,-0.0033934700367126425
A,0.0,0.0,0.0,0.04603457450866699,-0.03135031461715698,-0.013745745308710866,0.07853013277053833,-0.08679139614105225,-0.015789662152542405,0.08515697717666626,-0.1409432291984558,-0.01886846557260924,0.08544087409973145,-0.18755003809928894,-0.020470141097916894,0.052241384983062744,-0.1279858946800232,0.0020552697684479426,0.062220990657806396,-0.16706830263137817,-0.019286808222545915,0.05583614110946655,-0.1278800368309021,-0.031583261340870195,0.04800909757614136,-0.09001165628433228,-0.03396529391409331,0.026233136653900146,-0.12861457467079163,0.0029759994800997447,0.03694576025009155,-0.15798068046569824,-0.021441681906594567,0.02852451801300049,-0.10483554005622864,-0.028292254209532075,0.021122336387634277,-0.0637599527835846,-0.024964942261590295,-0.0002529025077819824,-0.12624657154083252,-0.00026930156980142783,0.009560346603393555,-0.15198740363121033,-0.02529858671130114,0.005415499210357666,-0.0987803041934967,-0.022245996296419435,0.002243340015411377,-0.05962255597114563,-0.010982795283211999,-0.029390305280685425,-0.12175163626670837,-0.004418032839907937,-0.01633751392364502,-0.14968910813331604,-0.019227484837188058,-0.014918029308319092,-0.11399140954017639,-0.013087787330164247,-0.017266154289245605,-0.08496209979057312,-0.002558849882348113
A,0.0,0.0,0.0,0.04428267478942871,-0.031734198331832886,-0.01329442780621548,0.07418465614318848,-0.0846913754940033,-0.015940038637893394,0.08182871341705322,-0.1369384527206421,-0.019222827778833107,0.08289414644241333,-0.1814424991607666,-0.02076839298166533,0.04842078685760498,-0.12411978840827942,-0.0007820391088557699,0.058692991733551025,-0.1604112684726715,-0.021092396380083756,0.05055326223373413,-0.12045040726661682,-0.03224081933655043,0.04228651523590088,-0.08566403388977051,-0.0345008821801116,0.02376091480255127,-0.12508806586265564,0.00045674092910985564,0.032241106033325195,-0.1518031358718872,-0.02165669590391417,0.023681044578552246,-0.10047155618667603,-0.02697276339091559,0.017585694789886475,-0.06434378027915955,-0.024044633062260345,-0.0008407831192016602,-0.12301617860794067,-0.0021415913120677033,0.006968170404434204,-0.14754927158355713,-0.025149297119753555,0.0030020177364349365,-0.0965038537979126,-0.021076293812768654,0.0004925131797790527,-0.06035792827606201,-0.010446868987457947,-0.02757290005683899,-0.11838412284851074,-0.005633385071234898,-0.01741468906402588,-0.14615094661712646,-0.019927621038334564,-0.01634886860847473,-0.11074182391166687,-0.014087218010502056,-0.017920583486557007,-0.08298179507255554,-0.004428481368051962
A,0.0,0.0,0.0,0.04391247034072876,-0.029758989810943604,-0.014447612532961784,0.07427424192428589,-0.08068156242370605,-0.016985479587305008,0.0822954773902893,-0.13240376114845276,-0.020041584813583313,0.08197188377380371,-0.17734688520431519,-0.02161489411591333,0.05123966932296753,-0.11793527007102966,0.0006601535518768742,0.05817413330078125,-0.1567266583442688,-0.019723512077320038,0.050534725189208984,-0.12009599804878235,-0.031208621183026253,0.043106913566589355,-0.08551496267318726,-0.033516542831051765,0.026315033435821533,-0.11943650245666504,0.002331022793811144,0.032296061515808105,-0.14952725172042847,-0.02206398344932836,0.024634957313537598,-0.09898090362548828,-0.02900976485906881,0.019437342882156372,-0.060419172048568726,-0.02585524305104059,0.0011850595474243164,-0.11787116527557373,2.1792608464465957e-05,0.006279170513153076,-0.1436617374420166,-0.024711537951219498,0.0030864477157592773,-0.09261724352836609,-0.02188185400663656,0.0019155144691467285,-0.05633974075317383,-0.010988131941843449,-0.025813192129135132,-0.11438798904418945,-0.0032342382088188515,-0.017409086227416992,-0.14092257618904114,-0.018158893877256332,-0.016478300094604492,-0.1054036021232605,-0.012747492486226975,-0.017171472311019897,-0.07812458276748657,-0.002862264247227131
A,0.0,0.0,0.0,0.042948246002197266,-0.02887597680091858,-0.01376352180051299,0.07236611843109131,-0.07969185709953308,-0.016408653001064977,0.08005350828170776,-0.13046985864639282,-0.01958499197172614,0.08015984296798706,-0.17475152015686035,-0.021302568728799542,0.050362229347229004,-0.11486992239952087,-0.0009948298127824273,0.056589722633361816,-0.15523138642311096,-0.021378829146499356,0.049949049949645996,-0.1192634105682373,-0.03247931879269572,0.04293137788772583,-0.0852019190788269,-0.03441839199768992,0.02574014663696289,-0.11632299423217773,0.0005024870599186215,0.031316161155700684,-0.14559125900268555,-0.023620228285665235,0.02344202995300293,-0.09609124064445496,-0.030060601423258504,0.017499178647994995,-0.05887103080749512,-0.026771898383969983,0.0011524856090545654,-0.11508536338806152,-0.00176464754878225,0.005589991807937622,-0.1407531499862671,-0.025876394475574216,0.002579808235168457,-0.0908207893371582,-0.022617985496992787,0.0013234615325927734,-0.055323898792266846,-0.011735594833965024,-0.025058895349502563,-0.11209368705749512,-0.004954080565596541,-0.01692354679107666,-0.139682799577713,-0.019496454859847745,-0.015404939651489258,-0.10517340898513794,-0.013999239544148168,-0.01576957106590271,-0.07821127772331238,-0.004209919835204801
A,0.0,0.0,0.0,0.04259791970252991,-0.028864294290542603,-0.014967224643186228,0.07118043303489685,-0.07846397161483765,-0.01806121979709019,0.07828822731971741,-0.12920865416526794,-0.02129225534255852,0.07936343550682068,-0.17293718457221985,-0.02286427196915497,0.049059659242630005,-0.11377766728401184,-0.001239219413690762,0.056407541036605835,-0.15171578526496887,-0.021726031870201723,0.04912039637565613,-0.11682191491127014,-0.03287488882298817,0.04139527678489685,-0.08389067649841309,-0.034875641659454004,0.025055676698684692,-0.11556541919708252,0.0010749035621131497,0.029956072568893433,-0.14450621604919434,-0.02329251457805981,0.02243819832801819,-0.09617549180984497,-0.02999080260153164,0.01762208342552185,-0.05922505259513855,-0.02685718526001324,0.0013946592807769775,-0.11508640646934509,-0.0005299269348313373,0.0050817131996154785,-0.1393251121044159,-0.024568735704377787,0.0022624731063842773,-0.0907575786113739,-0.021700742737010614,0.0017762482166290283,-0.05579760670661926,-0.011090787210122244,-0.02381870150566101,-0.1128421425819397,-0.0031980281589483184,-0.017142295837402344,-0.13937735557556152,-0.017318901688412325,-0.016152560710906982,-0.10591554641723633,-0.012217999518469469,-0.015960872173309326,-0.07969588041305542,-0.00282096614930083
A,0.0,0.0,0.0,0.041878193616867065,-0.026794880628585815,-0.014507986093008185,0.07014474272727966,-0.07570004463195801,-0.017409888515317107,0.07661375403404236,-0.12558147311210632,-0.020387097681009436,0.07774040102958679,-0.16818934679031372,-0.02170811169787612,0.04830119013786316,-0.11193013191223145,-0.001444931677610839,0.055080562829971313,-0.148872971534729,-0.021368341008269454,0.04781702160835266,-0.1131373941898346,-0.03218563781126704,0.040304034948349,-0.07977667450904846,-0.03404965759261813,0.024273931980133057,-0.11395171284675598,0.0008700761710542793,0.029398173093795776,-0.14114493131637573,-0.022174965078079367,0.021958619356155396,-0.09301820397377014,-0.02807332710369792,0.016845405101776123,-0.0563524067401886,-0.024734954768860007,0.000661015510559082,-0.1131879985332489,-0.0006696112221789008,0.004549592733383179,-0.1352674961090088,-0.023311927402460242,0.0018872618675231934,-0.08780476450920105,-0.02020955034538474,0.0014327168464660645,-0.0537869930267334,-0.009925916278803015,-0.024283111095428467,-0.11021879315376282,-0.0032345505431976562,-0.0172480046749115,-0.1346716582775116,-0.016258289525353575,-0.016262978315353394,-0.1018655002117157,-0.011087632225894595,-0.01620030403137207,-0.07672029733657837,-0.0019887936767872816
A,0.0,0.0,0.0,0.041693925857543945,-0.025548070669174194,-0.014239249526639242,0.0698157548904419,-0.07371389865875244,-0.016989500968833227,0.07713425159454346,-0.12361142039299011,-0.019795041306991834,0.07804632186889648,-0.16636523604393005,-0.021061032786150236,0.04894775152206421,-0.10861638188362122,-0.001536106932093162,0.055644989013671875,-0.14681586623191833,-0.02127941302873637,0.04771411418914795,-0.11288034915924072,-0.031805908083100576,0.040239691734313965,-0.08066031336784363,-0.03357879236259009,0.02526429295539856,-0.11071941256523132,0.0006498203644298428,0.029796898365020752,-0.13908904790878296,-0.02211298584856536,0.022097676992416382,-0.09126833081245422,-0.027633314727921743,0.017514914274215698,-0.05535659193992615,-0.024164180978317518,0.0017934143543243408,-0.11028501391410828,-0.0009914474879622048,0.00530397891998291,-0.13424932956695557,-0.02361040353693511,0.0021433234214782715,-0.08626061677932739,-0.019996894299168844,0.001734614372253418,-0.05269646644592285,-0.009468059762497205,-0.023015618324279785,-0.10739237070083618,-0.003621499761123914,-0.016249805688858032,-0.13364678621292114,-0.016614574714679975,-0.015788942575454712,-0.10072001814842224,-0.011057861856301088,-0.015975892543792725,-0.07614517211914062,-0.0017979194029464907
A,0.0,0.0,0.0,0.04072582721710205,-0.024764418601989746,-0.01484276490637626,0.06885993480682373,-0.07309365272521973,-0.017841574236541646,0.07617413997650146,-0.12285417318344116,-0.02085357388833131,0.07786208391189575,-0.1652228832244873,-0.022263866349845784,0.048261821269989014,-0.10891389846801758,-0.0018284027127322133,0.05512744188308716,-0.14604002237319946,-0.02203143803754415,0.047505736351013184,-0.11232668161392212,-0.03277599295952882,0.03975355625152588,-0.0802507996559143,-0.034576980829029935,0.024614185094833374,-0.11083745956420898,0.0005114255228306774,0.02890944480895996,-0.13773545622825623,-0.02320297478118505,0.021540015935897827,-0.08984571695327759,-0.02914794391372766,0.016719400882720947,-0.054047226905822754,-0.025690595119982618,0.0013154149055480957,-0.11036643385887146,-0.001053505543410438,0.0043351054191589355,-0.13334742188453674,-0.02455611011365022,0.0017622709274291992,-0.08506202697753906,-0.021439357161312955,0.001224517822265625,-0.05111807584762573,-0.010930710904091256,-0.023312538862228394,-0.10762742161750793,-0.003643802566244858,-0.017819315195083618,-0.13217806816101074,-0.01743696486929025,-0.016372591257095337,-0.09970200061798096,-0.012537790894299405,-0.015912175178527832,-0.07552069425582886,-0.0034861189441528495
A,0.0,0.0,0.0,0.04060518741607666,-0.025761812925338745,-0.014462155530566179,0.06911271810531616,-0.07391652464866638,-0.017469042221421205,0.07678437232971191,-0.12271672487258911,-0.02041901020180603,0.07795906066894531,-0.1645442247390747,-0.02179610473882576,0.048191726207733154,-0.10939860343933105,-0.002442778095939957,0.0546494722366333,-0.1458040475845337,-0.021993295530194246,0.0470118522644043,-0.11109668016433716,-0.03254342568885704,0.03941750526428223,-0.07879912853240967,-0.03444877011548897,0.024739176034927368,-0.11123234033584595,-0.00019529973411636092,0.02926158905029297,-0.1377769410610199,-0.022867112661117517,0.021586358547210693,-0.09044474363327026,-0.028518799001687967,0.016251713037490845,-0.05525839328765869,-0.025214939618820154,0.0015436112880706787,-0.11023518443107605,-0.0016385169079171646,0.004937171936035156,-0.13384878635406494,-0.02411556547355076,0.001940011978149414,-0.0864902138710022,-0.020698207671159707,0.0008895695209503174,-0.053267985582351685,-0.01040664525550028,-0.022953540086746216,-0.1067817211151123,-0.004073982367629014,-0.01711064577102661,-0.13136762380599976,-0.017626301626080476,-0.015877485275268555,-0.09862902760505676,-0.012537204901093446,-0.01574188470840454,-0.07417869567871094,-0.0034752974830212224
A,0.0,0.0,0.0,0.04034543037414551,-0.0237046480178833,-0.01372965502642387,0.06892973184585571,-0.07194164395332336,-0.01609814337544435,0.07674235105514526,-0.1212867796421051,-0.01850375517361158,0.07736188173294067,-0.16271254420280457,-0.01945786907427305,0.04756230115890503,-0.10750901699066162,-0.0026104877059935916,0.05406445264816284,-0.14523398876190186,-0.021672285935807167,0.04674792289733887,-0.11096474528312683,-0.031555095530080735,0.039312660694122314,-0.07872849702835083,-0.03300634197049135,0.024412989616394043,-0.10914111137390137,-0.0005867157769046116,0.029169738292694092,-0.13654017448425293,-0.02311542055659288,0.021255314350128174,-0.08895662426948547,-0.02841192095630163,0.01576375961303711,-0.05388668179512024,-0.024807512602734505,0.0014217793941497803,-0.10810074210166931,-0.0021183775560587037,0.004909217357635498,-0.13133639097213745,-0.0245538184707641,0.0014987587928771973,-0.08384659886360168,-0.021172405994462906,0.00021639466285705566,-0.051127731800079346,-0.010877130395698487,-0.022972911596298218,-0.105070561170578,-0.00453328046106094,-0.017182260751724243,-0.12967905402183533,-0.017800511634874283,-0.01596030592918396,-0.09726524353027344,-0.01265905781738752,-0.01560315489768982,-0.0729808509349823,-0.003662307356449901
A,0.0,0.0,0.0,0.04062119126319885,-0.023769646883010864,-0.013944701563588069,0.06902459263801575,-0.07236579060554504,-0.016311217371395514,0.07662484049797058,-0.12168937921524048,-0.018736902896336005,0.07733151316642761,-0.16326946020126343,-0.019585611570647643,0.04736098647117615,-0.10704100131988525,-0.0020138430800500373,0.05381825566291809,-0.1456925868988037,-0.021686770293882773,0.047117918729782104,-0.11135208606719971,-0.0316641389318022,0.03993448615074158,-0.07929399609565735,-0.03302326639371245,0.024314135313034058,-0.10845926403999329,-0.00010828720681388404,0.02908232808113098,-0.13621044158935547,-0.023574417728951857,0.021479696035385132,-0.08776706457138062,-0.02906304625051348,0.015948712825775146,-0.0536540150642395,-0.02530066882448523,0.0015386641025543213,-0.10740995407104492,-0.0019185225637841086,0.004869729280471802,-0.1316385269165039,-0.025525849584511207,0.0017809569835662842,-0.08295562863349915,-0.02195807014780371,0.000617682933807373,-0.051137566566467285,-0.011176598530283854,-0.02268826961517334,-0.10442349314689636,-0.004605305653086589,-0.017071038484573364,-0.12954357266426086,-0.01871920963006346,-0.01596084237098694,-0.09594729542732239,-0.013447089392712996,-0.01575183868408203,-0.07217240333557129,-0.004123716887107776
A,0.0,0.0,0.0,0.03994688391685486,-0.025072604417800903,-0.014928686297679405,0.06863436102867126,-0.07299491763114929,-0.01821431317850397,0.07668593525886536,-0.12207657098770142,-0.02130651833041952,0.07678082585334778,-0.16456186771392822,-0.022783242031181317,0.04785272479057312,-0.10686787962913513,-0.004268518979841929,0.053644806146621704,-0.1454210877418518,-0.024392086877668362,0.046316176652908325,-0.11048293113708496,-0.034779950841510754,0.039540618658065796,-0.07857045531272888,-0.036534372582281094,0.0244562029838562,-0.1086033284664154,-0.0020488913685028365,0.028662919998168945,-0.13678902387619019,-0.02579878443404482,0.021227359771728516,-0.08896026015281677,-0.031389810010040264,0.01649576425552368,-0.05422109365463257,-0.02780388468428896,0.0015855729579925537,-0.10771751403808594,-0.00350024165138052,0.003996849060058594,-0.13112282752990723,-0.02709810049756811,0.0013402998447418213,-0.08325240015983582,-0.023550780355179768,0.001133352518081665,-0.050867944955825806,-0.012880142643297177,-0.02240508794784546,-0.10495656728744507,-0.00592475464119957,-0.017159342765808105,-0.12926039099693298,-0.020242577283823948,-0.01611766219139099,-0.09577268362045288,-0.015133853866899472,-0.015623778104782104,-0.0712900459766388,-0.005897151637071829
A,0.0,0.0,0.0,0.03933984041213989,-0.024534374475479126,-0.015411355771760782,0.0664905309677124,-0.0724266767501831,-0.018949249998371442,0.07400006055831909,-0.12197744846343994,-0.022112976998727163,0.07492852210998535,-0.1641433835029602,-0.023529492557685217,0.04630488157272339,-0.10767456889152527,-0.004198265966664394,0.052005231380462646,-0.14444869756698608,-0.024153936893384298,0.0441591739654541,-0.11007285118103027,-0.034384068340699514,0.03694552183151245,-0.07864466309547424,-0.03607440763775571,0.02302059531211853,-0.10959199070930481,-0.0015429250259728633,0.026497602462768555,-0.13623258471488953,-0.024687418953220686,0.019149690866470337,-0.08884406089782715,-0.02990354062680467,0.014607012271881104,-0.05441206693649292,-0.026296744362156232,0.0003826022148132324,-0.10889777541160583,-0.002664868027608236,0.0025536715984344482,-0.13104495406150818,-0.0256446937627004,-0.000110626220703125,-0.08402872085571289,-0.021969786152880033,-0.0004488825798034668,-0.05206379294395447,-0.011465130612890562,-0.023270726203918457,-0.10592681169509888,-0.0048390298678384625,-0.018283337354660034,-0.13006484508514404,-0.01859605149988397,-0.017471522092819214,-0.0972917377948761,-0.013543296844403585,-0.01718616485595703,-0.0735316276550293,-0.004540204309563478
A,0.0,0.0,0.0,0.03996661305427551,-0.025020211935043335,-0.014724766410068924,0.06740429997444153,-0.0728996992111206,-0.01778302485413974,0.07442697882652283,-0.1218729317188263,-0.020545698276833946,0.07540103793144226,-0.1633266806602478,-0.02171671534247821,0.04667636752128601,-0.10738766193389893,-0.0036560204281670394,0.052702635526657104,-0.14385974407196045,-0.02298072310455268,0.04507139325141907,-0.10991072654724121,-0.03306896010704463,0.037633806467056274,-0.07851973176002502,-0.03473449269600337,0.023414164781570435,-0.10954663157463074,-0.001076433032864088,0.02706184983253479,-0.13585442304611206,-0.023505499160961563,0.019965320825576782,-0.08892813324928284,-0.028740185818747932,0.015394121408462524,-0.054408371448516846,-0.025284137151317054,0.0008327364921569824,-0.10888209939002991,-0.0021476913645130935,0.0030418038368225098,-0.13105520606040955,-0.024298304266409332,0.0006147921085357666,-0.08429566025733948,-0.020919201470093185,0.0003711283206939697,-0.05187639594078064,-0.010801456443147117,-0.02271851897239685,-0.10575595498085022,-0.0042120614490670505,-0.01795974373817444,-0.1296960413455963,-0.017358043736891204,-0.01658228039741516,-0.09756749868392944,-0.012458166613356525,-0.015845507383346558,-0.07374453544616699,-0.0037040112476063314
A,0.0,0.0,0.0,0.039724111557006836,-0.024240970611572266,-0.014111065326261496,0.06664657592773438,-0.0721764862537384,-0.016922405010092234,0.07323336601257324,-0.12118479609489441,-0.01956344584189651,0.0749710202217102,-0.16224151849746704,-0.02072492802702186,0.04619038105010986,-0.10575196146965027,-0.003510227447378611,0.05222445726394653,-0.14313086867332458,-0.02275938915275333,0.044627487659454346,-0.10999274253845215,-0.032671729123222804,0.03699660301208496,-0.07876026630401611,-0.034218387698757624,0.02306276559829712,-0.10783740878105164,-0.0012211828930333013,0.026555001735687256,-0.13415876030921936,-0.023633338531482195,0.019053876399993896,-0.08720418810844421,-0.028683749979364848,0.014175266027450562,-0.05276265740394592,-0.025114441310989832,0.00039640069007873535,-0.10716792941093445,-0.002534328281882381,0.0025333762168884277,-0.12993326783180237,-0.024989848976957774,-8.90195369720459e-05,-0.08287915587425232,-0.021524615606296038,-0.0003407895565032959,-0.0504472553730011,-0.011304176433014845,-0.02325230836868286,-0.10393455624580383,-0.00474262472428677,-0.018653690814971924,-0.12887820601463318,-0.018221003955233073,-0.017165154218673706,-0.09622597694396973,-0.013245837783443903,-0.016225695610046387,-0.07192659378051758,-0.004420326111841177
A,0.0,0.0,0.0,0.039090901613235474,-0.024584293365478516,-0.014421822918393445,0.06622341275215149,-0.07215464115142822,-0.01747773256693108,0.07303681969642639,-0.12059122323989868,-0.02031903941724522,0.07453230023384094,-0.1614518165588379,-0.021628158582188917,0.045674294233322144,-0.10617563128471375,-0.0037075515797369007,0.05129370093345642,-0.143111914396286,-0.023055246515014005,0.04383763670921326,-0.10932108759880066,-0.033160074097850156,0.03682926297187805,-0.07786470651626587,-0.03484848369453175,0.022555828094482422,-0.10768404603004456,-0.001357686422579718,0.025828242301940918,-0.1344066858291626,-0.023733439339139295,0.01892983913421631,-0.08763918280601501,-0.028871514318325353,0.014603257179260254,-0.05302652716636658,-0.02537537221405728,9.799003601074219e-05,-0.10666447877883911,-0.0026320593392483715,0.0020586252212524414,-0.12956774234771729,-0.025030190540292097,-0.00025728344917297363,-0.08285990357398987,-0.021642957297899557,-0.00038486719131469727,-0.05037221312522888,-0.011477383268811536,-0.02314785122871399,-0.1032705307006836,-0.004846659438499046,-0.018952518701553345,-0.12853264808654785,-0.01832789410445912,-0.017546534538269043,-0.09640973806381226,-0.013415315603651834,-0.016761690378189087,-0.07215717434883118,-0.004618877960183454
A,0.0,0.0,0.0,0.03907907009124756,-0.02399599552154541,-0.014601409119393338,0.06656402349472046,-0.07125404477119446,-0.01779221525492858,0.07340759038925171,-0.11965319514274597,-0.020750244763519277,0.07449424266815186,-0.16062751412391663,-0.022231498417284,0.04575425386428833,-0.10594263672828674,-0.0036036965072412386,0.05109590291976929,-0.14218810200691223,-0.023071722742940892,0.0436021089553833,-0.1086387038230896,-0.033553488236691464,0.03671151399612427,-0.07709547877311707,-0.035470254403378476,0.02273118495941162,-0.10762667655944824,-0.0011247126719240441,0.026361286640167236,-0.13326257467269897,-0.023632175904538144,0.019139140844345093,-0.08688756823539734,-0.02907116865816306,0.014554709196090698,-0.05201214551925659,-0.025726122465755452,0.00041857361793518066,-0.10681244730949402,-0.002293124711911787,0.0027935802936553955,-0.1288730800151825,-0.024650074225689877,0.00021079182624816895,-0.08251392841339111,-0.021569458451892842,-6.67273998260498e-05,-0.049680858850479126,-0.011586492565299977,-0.02274501323699951,-0.10365819931030273,-0.004428365417595614,-0.01797419786453247,-0.1276472806930542,-0.017904162091042508,-0.016832023859024048,-0.09557515382766724,-0.013215874937202443,-0.01625359058380127,-0.07125812768936157,-0.004540024940695275
A,0.0,0.0,0.0,0.03949308395385742,-0.023879557847976685,-0.014661194365842789,0.06761187314987183,-0.0713539719581604,-0.017716831136866062,0.07516282796859741,-0.11986583471298218,-0.020399662275238484,0.07562857866287231,-0.16121235489845276,-0.0215307125639157,0.04596322774887085,-0.10634595155715942,-0.0039860849086181815,0.05256253480911255,-0.14285749197006226,-0.022940414566917866,0.04520273208618164,-0.10947716236114502,-0.03271547758988902,0.03762716054916382,-0.07785001397132874,-0.034197986666484326,0.02320823073387146,-0.10841569304466248,-0.0014677469901727136,0.027788996696472168,-0.13410916924476624,-0.023726150934024304,0.02023559808731079,-0.0867266058921814,-0.028819729183240383,0.01506313681602478,-0.05206766724586487,-0.02523176612369582,0.000860750675201416,-0.10752049088478088,-0.0025058659542338546,0.004052311182022095,-0.12941062450408936,-0.024682799894733876,0.0011109709739685059,-0.08233636617660522,-0.02122534306757018,0.0002726614475250244,-0.05009964108467102,-0.0110597308542566,-0.022621750831604004,-0.10407558083534241,-0.004476801101489514,-0.01689368486404419,-0.12750926613807678,-0.017780298907680958,-0.01570945978164673,-0.09502962231636047,-0.012722824309392422,-0.015327244997024536,-0.0715322196483612,-0.0038432856839136775
A,0.0,0.0,0.0,0.03987666964530945,-0.022001951932907104,-0.014994265557390918,0.06858405470848083,-0.06950923800468445,-0.01793587491766857,0.07675871253013611,-0.11867499351501465,-0.02044534222142147,0.07773402333259583,-0.16028964519500732,-0.021230484404725303,0.048301905393600464,-0.105133056640625,-0.0036435549139355317,0.05411538481712341,-0.14248722791671753,-0.02298202835874008,0.046368688344955444,-0.10783475637435913,-0.03274970971898483,0.03915718197822571,-0.07644602656364441,-0.03418186777190613,0.0254533588886261,-0.10727816820144653,-0.0009630849111204043,0.02906385064125061,-0.13450315594673157,-0.023607631259721984,0.021266639232635498,-0.08659645915031433,-0.02867428497330593,0.01631799340248108,-0.053491175174713135,-0.024939703800839652,0.0030325353145599365,-0.10657575726509094,-0.0019370507673670545,0.005018502473831177,-0.12982133030891418,-0.024639708035749663,0.001777350902557373,-0.0818188488483429,-0.020917327189010848,0.0011594891548156738,-0.05121117830276489,-0.010434800804716815,-0.020691096782684326,-0.10379830002784729,-0.0038502745322261944,-0.016848504543304443,-0.127019464969635,-0.017376513266128768,-0.015796273946762085,-0.09380605816841125,-0.012244865344030131,-0.014736562967300415,-0.0714501142501831,-0.0032543885047857657
A,0.0,0.0,0.0,0.04003852605819702,-0.02264779806137085,-0.014522393488960006,0.06860598921775818,-0.07067984342575073,-0.017337759280280807,0.07681098580360413,-0.11910590529441833,-0.019924319604115226,0.07775792479515076,-0.1602160930633545,-0.020878243514971473,0.0477127730846405,-0.10544028878211975,-0.003814474235923626,0.05287119746208191,-0.14204061031341553,-0.02331345646985028,0.045341283082962036,-0.1076529324054718,-0.033306936988310554,0.038604289293289185,-0.07633382081985474,-0.034909132191614844,0.024466365575790405,-0.10702210664749146,-0.0016575829579323909,0.028184235095977783,-0.13397562503814697,-0.024416129359678962,0.020850956439971924,-0.08663669228553772,-0.029506820508913734,0.015972554683685303,-0.05256617069244385,-0.025844930926041343,0.0019050836563110352,-0.10594707727432251,-0.003143472386227586,0.004174649715423584,-0.12917795777320862,-0.025731186637358405,0.0012299120426177979,-0.0818362832069397,-0.022007408806757667,0.0006213784217834473,-0.050177156925201416,-0.011596719057934024,-0.021472245454788208,-0.10292404890060425,-0.005619802767114379,-0.01701483130455017,-0.12622985243797302,-0.019302993336395957,-0.016186147928237915,-0.09349089860916138,-0.014328825542406776,-0.015704959630966187,-0.07010215520858765,-0.005459562664555051
A,0.0,0.0,0.0,0.039469778537750244,-0.020957112312316895,-0.01590293823369393,0.0688844621181488,-0.0680307149887085,-0.01916095605679402,0.0782482922077179,-0.1178627610206604,-0.021833056496461722,0.07988789677619934,-0.1602378785610199,-0.022839505137881133,0.048633188009262085,-0.10605740547180176,-0.004162948025395963,0.055040448904037476,-0.1414284110069275,-0.02434454104491124,0.04699048399925232,-0.10769656300544739,-0.03472507550009141,0.039681822061538696,-0.07632705569267273,-0.03642598717101464,0.026162832975387573,-0.10833653807640076,-0.0013631001636440487,0.030802100896835327,-0.1337987780570984,-0.024738635780295226,0.022071003913879395,-0.08593195676803589,-0.02997343047150025,0.017013520002365112,-0.05277237296104431,-0.026181787164887282,0.004071146249771118,-0.10754275321960449,-0.0024470462519730063,0.006834596395492554,-0.12830457091331482,-0.026195347221573684,0.002515166997909546,-0.08064112067222595,-0.0228347442168797,0.0018204152584075928,-0.049991071224212646,-0.01232061340101609,-0.019398272037506104,-0.10467016696929932,-0.0045420507956350775,-0.01498037576675415,-0.1264137327671051,-0.019284486683091018,-0.01506948471069336,-0.09237980842590332,-0.01459522629716048,-0.01453980803489685,-0.06921637058258057,-0.005599941970785949
A,0.0,0.0,0.0,0.03930467367172241,-0.019397974014282227,-0.014536572527703129,0.06944480538368225,-0.06662872433662415,-0.016814590339180313,0.07864335179328918,-0.11685812473297119,-0.018741576839801155,0.08097699284553528,-0.15861505270004272,-0.019185780454989754,0.05023479461669922,-0.10570791363716125,-0.00237857517842599,0.05565282702445984,-0.14036494493484497,-0.021730535571094833,0.04682797193527222,-0.10717672109603882,-0.032124648709412895,0.039530009031295776,-0.07599574327468872,-0.03400108115803846,0.027559787034988403,-0.10755419731140137,0.00012104383293376486,0.03137010335922241,-0.13289853930473328,-0.02202499182951101,0.0221710205078125,-0.08657374978065491,-0.027260075230714165,0.016875624656677246,-0.053531646728515625,-0.02375080520343431,0.005470454692840576,-0.10632151365280151,-0.0011255755327681527,0.006842553615570068,-0.1273065209388733,-0.02387295188438543,0.002617746591567993,-0.08087748289108276,-0.0209007103933061,0.0019984841346740723,-0.050268977880477905,-0.010984315444346748,-0.01791974902153015,-0.1032455563545227,-0.0032732038764322624,-0.01486542820930481,-0.12553289532661438,-0.01764062875938066,-0.015017211437225342,-0.09216481447219849,-0.013299203385230385,-0.014198392629623413,-0.06899982690811157,-0.0047300037933553085
A,0.0,0.0,0.0,0.03979301452636719,-0.021245718002319336,-0.015037651630066762,0.06942787766456604,-0.06796270608901978,-0.017855592528306374,0.07885095477104187,-0.11632424592971802,-0.02004763343366278,0.08132979273796082,-0.15596282482147217,-0.02068465248676432,0.04857650399208069,-0.10419651865959167,-0.003687416892447004,0.05397459864616394,-0.13786527514457703,-0.021986652621947655,0.045130372047424316,-0.10448655486106873,-0.03152270474465979,0.03846141695976257,-0.0752224326133728,-0.0334053211751808,0.026303857564926147,-0.10530292987823486,-0.0005072546097864006,0.02796262502670288,-0.1284935474395752,-0.02109795295628203,0.019341468811035156,-0.08294904232025146,-0.025766594791733155,0.015218973159790039,-0.053680598735809326,-0.022851096922479996,0.005008310079574585,-0.10388115048408508,-0.0009362171892490778,0.0049301981925964355,-0.12131661176681519,-0.023076326111279855,0.0007588565349578857,-0.07644742727279663,-0.019843304986082444,0.0004591941833496094,-0.04874902963638306,-0.0102734262961377,-0.017572522163391113,-0.10099384188652039,-0.0021975543256331775,-0.014566212892532349,-0.12236768007278442,-0.016209623301350007,-0.015293002128601074,-0.08904856443405151,-0.01156310875894917,-0.015024274587631226,-0.06647270917892456,-0.0030303085129190777
A,0.0,0.0,0.0,0.03926348686218262,-0.014653593301773071,-0.014827693702301303,0.07032829523086548,-0.06170809268951416,-0.01656156301649503,0.07875025272369385,-0.1120535135269165,-0.017364759819230358,0.08178439736366272,-0.15085649490356445,-0.01636755362304143,0.05036863684654236,-0.10046795010566711,-0.0036121696528255143,0.05646157264709473,-0.13460463285446167,-0.02095565281959466,0.04572582244873047,-0.10039448738098145,-0.029653484822830478,0.03870275616645813,-0.06980150938034058,-0.031056740210971157,0.028166919946670532,-0.101620614528656,-2.6394923025918615e-05,0.02944570779800415,-0.12512454390525818,-0.02023086220177106,0.020649045705795288,-0.07964015007019043,-0.02433012694271497,0.017047196626663208,-0.049039870500564575,-0.02088623762281827,0.007332056760787964,-0.10118657350540161,-1.0865379920232954e-06,0.006626814603805542,-0.1187940239906311,-0.021121279226264278,0.0025868117809295654,-0.0744398832321167,-0.017823546083292285,0.0023374557495117188,-0.04599940776824951,-0.008577551582476417,-0.014870375394821167,-0.09975752234458923,-0.0008654954206406273,-0.012879341840744019,-0.11915934085845947,-0.014707326778790275,-0.01450774073600769,-0.0855877697467804,-0.010875861050209323,-0.014391690492630005,-0.06316161155700684,-0.0030999804210125603
A,0.0,0.0,0.0,0.038190215826034546,-0.013697057962417603,-0.015429986499583492,0.0688568651676178,-0.06003069877624512,-0.0175726738277433,0.07888361811637878,-0.11031380295753479,-0.01854786169562317,0.08137106895446777,-0.14917859435081482,-0.017675264597272644,0.04983815550804138,-0.09849214553833008,-0.004841274440622101,0.05567800998687744,-0.13345220685005188,-0.022862520858978996,0.04513213038444519,-0.10125681757926941,-0.03163749431107021,0.03778064250946045,-0.07246851921081543,-0.03304721494052387,0.027975887060165405,-0.09981057047843933,-0.0011537775614840484,0.02791827917098999,-0.12483924627304077,-0.02159862485561348,0.01947590708732605,-0.08034363389015198,-0.025685055971479187,0.01625046133995056,-0.05257844924926758,-0.022341304317450295,0.007382303476333618,-0.09930166602134705,-0.0010472875771654344,0.00460505485534668,-0.11646035313606262,-0.023121663228010902,0.0011539757251739502,-0.07235217094421387,-0.020016561121082077,0.001799255609512329,-0.04672786593437195,-0.01075428710166193,-0.014454632997512817,-0.09788176417350769,-0.0017582048646715975,-0.01393929123878479,-0.11672541499137878,-0.01590297636423088,-0.014949411153793335,-0.08311709761619568,-0.011913062863385449,-0.013986766338348389,-0.061960190534591675,-0.004033825219011078
A,0.0,0.0,0.0,0.03753417730331421,-0.011382997035980225,-0.01549797980780454,0.06847244501113892,-0.059647321701049805,-0.01715744669283481,0.0786350667476654,-0.11040964722633362,-0.01747666868115516,0.08069345355033875,-0.14703166484832764,-0.015509779664824919,0.04796910285949707,-0.09790575504302979,-0.004298537138055281,0.052978724241256714,-0.13170316815376282,-0.022567523743163065,0.04449683427810669,-0.09744766354560852,-0.03076341758216472,0.038844794034957886,-0.06924974918365479,-0.03168316754246803,0.0264417827129364,-0.09846910834312439,-0.00046046914732755795,0.026290923357009888,-0.12331652641296387,-0.0211505499734983,0.02008882164955139,-0.07775062322616577,-0.02469189847553821,0.01771262288093567,-0.05252835154533386,-0.020947164024363474,0.0065715014934539795,-0.09737488627433777,-0.00038158999606707766,0.0039646923542022705,-0.11408296227455139,-0.022888098011861757,0.0021195709705352783,-0.06943348050117493,-0.019435426320086435,0.002949446439743042,-0.046387284994125366,-0.009979982960174993,-0.014706701040267944,-0.09596988558769226,-0.0011076750067502417,-0.014668554067611694,-0.11322283744812012,-0.015294458816896395,-0.014952212572097778,-0.07897597551345825,-0.01153424578453155,-0.013773441314697266,-0.059372395277023315,-0.003981038096497969
A,0.0,0.0,0.0,0.036294400691986084,-0.009618788957595825,-0.016318653314868925,0.06745478510856628,-0.05717414617538452,-0.01851094381467533,0.07705312967300415,-0.10788437724113464,-0.019124502852122305,0.07962831854820251,-0.14494580030441284,-0.017575886636535643,0.04794806241989136,-0.09747964143753052,-0.005946484930376528,0.05241069197654724,-0.12976238131523132,-0.024796708091656683,0.04318937659263611,-0.09526011347770691,-0.033306725859205244,0.03774064779281616,-0.06700113415718079,-0.034403246432106016,0.026137501001358032,-0.09811168909072876,-0.0017846364765716771,0.026056915521621704,-0.12103298306465149,-0.023220200627605436,0.01867467164993286,-0.07548436522483826,-0.026725480868975637,0.016424179077148438,-0.05014204978942871,-0.02277380840436649,0.006219059228897095,-0.09674808382987976,-0.0013812398077277521,0.0032232999801635742,-0.11213228106498718,-0.02461702243940067,0.0006943941116333008,-0.06752309203147888,-0.021048119827668188,0.002058267593383789,-0.044390588998794556,-0.011340433336357592,-0.014870643615722656,-0.09491658210754395,-0.0018017602390898446,-0.015630364418029785,-0.11144697666168213,-0.016822705581347464,-0.016058355569839478,-0.07661747932434082,-0.013192330091754911,-0.014134913682937622,-0.05668577551841736,-0.005484839971671818
A,0.0,0.0,0.0,0.035782068967819214,-0.009637236595153809,-0.016733172758904402,0.06619399785995483,-0.05696907639503479,-0.01868995785662264,0.07660499215126038,-0.1069837212562561,-0.019039807319131796,0.07865089178085327,-0.14296546578407288,-0.017089882343498175,0.04843693971633911,-0.09554994106292725,-0.004925501010802691,0.05031418800354004,-0.1284698247909546,-0.023630955665794318,0.041278332471847534,-0.09455421566963196,-0.03194047272154421,0.037243932485580444,-0.06732147932052612,-0.03289993986436457,0.02725684642791748,-0.09646680951118469,-0.00034024036904156674,0.02425175905227661,-0.11961367726325989,-0.021722213774410193,0.01802992820739746,-0.07548108696937561,-0.025397464110938017,0.017173796892166138,-0.05178061127662659,-0.021583588271823828,0.0076680779457092285,-0.09568092226982117,0.0003245140233048005,0.002256542444229126,-0.11141875386238098,-0.023110737502065604,0.0005820691585540771,-0.06772097945213318,-0.020117902606216376,0.002845257520675659,-0.045539647340774536,-0.010767177156594698,-0.013264834880828857,-0.09443509578704834,0.00013187115655455273,-0.01598939299583435,-0.11033928394317627,-0.01528705604323477,-0.015914976596832275,-0.07611185312271118,-0.012500902115789359,-0.013140976428985596,-0.056669652462005615,-0.005314308627930586
A,0.0,0.0,0.0,0.03514108061790466,-0.00960463285446167,-0.016292488485817103,0.06512266397476196,-0.05626577138900757,-0.018071972117070345,0.0749494731426239,-0.10605287551879883,-0.018293047607187418,0.07723909616470337,-0.14133626222610474,-0.016187247172240404,0.045653849840164185,-0.09446245431900024,-0.004082596212867884,0.04868409037590027,-0.12701469659805298,-0.02232407806837955,0.04034078121185303,-0.09425562620162964,-0.03041433571303287,0.03582721948623657,-0.06822514533996582,-0.03129760018015304,0.025000661611557007,-0.09510281682014465,0.00041412685135355787,0.02272471785545349,-0.11846205592155457,-0.02013833662891784,0.017107993364334106,-0.07563656568527222,-0.02380204601610103,0.015927672386169434,-0.05373081564903259,-0.020298566952590136,0.006080538034439087,-0.09415152668952942,0.0010346929270212968,0.0013275742530822754,-0.11098754405975342,-0.021790828839186815,0.00011160969734191895,-0.06828901171684265,-0.018855987400058893,0.0019617974758148193,-0.04754546284675598,-0.009832039758805422,-0.014164835214614868,-0.09321588277816772,0.000827875810898604,-0.016711443662643433,-0.11056569218635559,-0.014082158267740397,-0.01615282893180847,-0.07723996043205261,-0.011182414651159434,-0.013539105653762817,-0.058426082134246826,-0.004137781732026724
A,0.0,0.0,0.0,0.03325483202934265,-0.006796509027481079,-0.018319844981675715,0.0639674961566925,-0.05327826738357544,-0.020584732076173395,0.07404142618179321,-0.10436859726905823,-0.02077671677434978,0.07648122310638428,-0.13963714241981506,-0.01798346058095035,0.04724416136741638,-0.09214913845062256,-0.0046702677067571585,0.04880842566490173,-0.12606334686279297,-0.02384472802842197,0.03900265693664551,-0.09218642115592957,-0.03148923233712253,0.03516578674316406,-0.06707826256752014,-0.03177043587530193,0.026730239391326904,-0.09337353706359863,0.0007832273691690261,0.02238401770591736,-0.11760300397872925,-0.02053145856226024,0.016771942377090454,-0.0744820237159729,-0.02336966783369121,0.017572134733200073,-0.05538114905357361,-0.01887646481955585,0.007757127285003662,-0.0930599570274353,0.0018932395465469654,0.0011682510375976562,-0.10887393355369568,-0.022005779450779528,-3.9517879486083984e-05,-0.06624108552932739,-0.01868556045556602,0.0033699870109558105,-0.04819241166114807,-0.008964510416632265,-0.012799292802810669,-0.09262627363204956,0.0020041046514904792,-0.016475766897201538,-0.10815161466598511,-0.013405551916008562,-0.015989959239959717,-0.07501837611198425,-0.010792022353058428,-0.012564986944198608,-0.05808538198471069,-0.0036880117990278904
A,0.0,0.0,0.0,0.033501386642456055,-0.00941312313079834,-0.017705468697045035,0.06281536817550659,-0.05404883623123169,-0.02014541090795774,0.07279306650161743,-0.10302665829658508,-0.020675340903494543,0.07530233263969421,-0.1384517252445221,-0.018361181256864256,0.04633837938308716,-0.0923621654510498,-0.00479490985492248,0.047013700008392334,-0.125718355178833,-0.02352222823867578,0.037801891565322876,-0.09246784448623657,-0.030945550886485762,0.03443622589111328,-0.06739866733551025,-0.031168153745625204,0.025799214839935303,-0.09340265393257141,0.00030937118242491124,0.02089005708694458,-0.11790052056312561,-0.020801963520739264,0.015977978706359863,-0.07398760318756104,-0.02369748638341207,0.017050117254257202,-0.05330190062522888,-0.019304856894109435,0.006600469350814819,-0.09274506568908691,0.00129517260609191,-0.0005678832530975342,-0.10830017924308777,-0.022527151045892424,-0.0015415847301483154,-0.06509190797805786,-0.019259760392401404,0.001856297254562378,-0.04615849256515503,-0.009532121246252245,-0.013716340065002441,-0.09181219339370728,0.001380811907779389,-0.017286479473114014,-0.10850343108177185,-0.013830770043227858,-0.01736012101173401,-0.07538893818855286,-0.010830665243361182,-0.014863580465316772,-0.057978272438049316,-0.0034941765512712664
A,0.0,0.0,0.0,0.03371584415435791,-0.010348230600357056,-0.01812513153784323,0.06305056810379028,-0.055159687995910645,-0.02075647730164576,0.07254746556282043,-0.10468664765357971,-0.02145881373219538,0.07546734809875488,-0.1411610245704651,-0.019356775840449814,0.04661482572555542,-0.09275802969932556,-0.005125564334619526,0.048127710819244385,-0.1275554895401001,-0.024153284540105346,0.0374392569065094,-0.094463050365448,-0.03195047545962382,0.03309500217437744,-0.06859323382377625,-0.03233135659031916,0.025925785303115845,-0.09398826956748962,0.0002463654520141745,0.020797789096832275,-0.11885833740234375,-0.021322449480820183,0.014951437711715698,-0.07567879557609558,-0.024645538812208656,0.01588079333305359,-0.05392634868621826,-0.020357282643843178,0.0066616833209991455,-0.09377238154411316,0.0014779017794097626,-0.00042960047721862793,-0.1096879243850708,-0.022332262059379104,-0.0020268261432647705,-0.06697878241539001,-0.019421532561707977,0.0013465583324432373,-0.04680269956588745,-0.009825786387253288,-0.013588011264801025,-0.09296151995658875,0.0017530509059469068,-0.016645759344100952,-0.10880899429321289,-0.013464885575402263,-0.016975730657577515,-0.07592442631721497,-0.010824999583590511,-0.014091521501541138,-0.05784308910369873,-0.0036123518810455835
A,0.0,0.0,0.0,0.03452959656715393,-0.010640203952789307,-0.017109050504188872,0.06329816579818726,-0.057267457246780396,-0.01911195283315692,0.07139590382575989,-0.10961499810218811,-0.019628916955809927,0.07331451773643494,-0.14621958136558533,-0.01769291339002166,0.04604122042655945,-0.09570741653442383,-0.0025758425195476775,0.04567146301269531,-0.12909731268882751,-0.021535526118498183,0.035485655069351196,-0.09611737728118896,-0.030143800280313826,0.031235158443450928,-0.0699012279510498,-0.031122324145655966,0.024424195289611816,-0.09597006440162659,0.002316079013723993,0.01904425024986267,-0.12076535820960999,-0.020071231848817206,0.013026773929595947,-0.0768517553806305,-0.024878555066209174,0.012756705284118652,-0.052958667278289795,-0.021311937920074797,0.005107581615447998,-0.09451919794082642,0.003099071937356257,-0.0024344921112060547,-0.11243876814842224,-0.02128618498824153,-0.0037095248699188232,-0.06849285960197449,-0.019108570269565917,-0.0006377696990966797,-0.04556220769882202,-0.009691462009470797,-0.015025019645690918,-0.09218135476112366,0.0030262874483355517,-0.019440889358520508,-0.11142587661743164,-0.012915465138178206,-0.019241690635681152,-0.07836470007896423,-0.010740480474453307,-0.01535731554031372,-0.058447450399398804,-0.003624550388451553
A,0.0,0.0,0.0,0.034406036138534546,-0.011820614337921143,-0.02009128596441201,0.06319460272789001,-0.05782267451286316,-0.02378204654709748,0.0709015429019928,-0.10955503582954407,-0.025107823347610747,0.07514891028404236,-0.14792943000793457,-0.023443849792641913,0.046435028314590454,-0.09643149375915527,-0.006541904563022172,0.04637226462364197,-0.13069400191307068,-0.02596640217856816,0.03513661026954651,-0.09455284476280212,-0.034404672717613494,0.03052365779876709,-0.06701165437698364,-0.03510394695953778,0.024683892726898193,-0.09772840142250061,-4.901231190501676e-05,0.018992573022842407,-0.12348568439483643,-0.023016426747602736,0.012799650430679321,-0.07773905992507935,-0.02727039720670632,0.012825936079025269,-0.05266904830932617,-0.023016791826051985,0.005207151174545288,-0.09711748361587524,0.0022750787549341567,-0.002392202615737915,-0.11434468626976013,-0.021863346954745566,-0.0038650035858154297,-0.0701633095741272,-0.019076796283883368,-0.0003712773323059082,-0.04728090763092041,-0.009136021172565734,-0.01414141058921814,-0.09558320045471191,0.00346371481387564,-0.01782497763633728,-0.11360186338424683,-0.011619805393678462,-0.018356353044509888,-0.08075729012489319,-0.008799808135194098,-0.015393257141113281,-0.06153029203414917,-0.0012507859272261612
A,0.0,0.0,0.0,0.034916460514068604,-0.012657523155212402,-0.02052054249887192,0.06350010633468628,-0.059601813554763794,-0.024170019414469834,0.07130745053291321,-0.1126120388507843,-0.02550493062679493,0.0754808783531189,-0.15182828903198242,-0.02349956029300415,0.04653024673461914,-0.0984891951084137,-0.0053142781669350825,0.047242164611816406,-0.13398253917694092,-0.02518076704089367,0.03630492091178894,-0.0966440737247467,-0.033439391043231126,0.03166007995605469,-0.07028192281723022,-0.03381422230248177,0.025206327438354492,-0.09992578625679016,0.001310806039526824,0.01980474591255188,-0.12614065408706665,-0.02157387764398777,0.014476686716079712,-0.08017468452453613,-0.025499426510378953,0.01495245099067688,-0.057706475257873535,-0.020940943371698495,0.005952328443527222,-0.09921714663505554,0.003474048821061615,-0.00178489089012146,-0.11656805872917175,-0.021073384892389413,-0.0022929906845092773,-0.07183820009231567,-0.01839651794378483,0.0018471777439117432,-0.05063173174858093,-0.008326583292529222,-0.013264864683151245,-0.09729138016700745,0.004461419552370671,-0.017001867294311523,-0.1148298978805542,-0.010736913170859452,-0.01642894744873047,-0.081828773021698,-0.008115878079280492,-0.012716174125671387,-0.06336769461631775,-0.0006092716191972158
A,0.0,0.0,0.0,0.03518480062484741,-0.013768285512924194,-0.019794955228519484,0.06292089819908142,-0.05955299735069275,-0.023660398398590132,0.07131978869438171,-0.11254265904426575,-0.02558683914418225,0.07451844215393066,-0.15316051244735718,-0.02448864405329232,0.04574558138847351,-0.09897959232330322,-0.004726978329074427,0.04744112491607666,-0.13371294736862183,-0.0254133002209187,0.03692558407783508,-0.09728118777275085,-0.03485434067721371,0.031429558992385864,-0.07028612494468689,-0.0359115817892075,0.024615317583084106,-0.10040134191513062,0.0013352324412494454,0.020916402339935303,-0.12579268217086792,-0.022126344342780158,0.015223830938339233,-0.08041754364967346,-0.026896854241442725,0.014615625143051147,-0.057434290647506714,-0.02297206347162728,0.005513906478881836,-0.09988141059875488,0.002986642221856073,-0.0005137324333190918,-0.1191110908985138,-0.021343351651978537,-0.0014020800590515137,-0.07446667551994324,-0.018466475729894682,0.0019779205322265625,-0.052308738231658936,-0.008471047815930888,-0.014044404029846191,-0.09810066223144531,0.003401316625001982,-0.01716625690460205,-0.1159304678440094,-0.011766723667335555,-0.016660869121551514,-0.0829760730266571,-0.009032897961390063,-0.013156652450561523,-0.06412088871002197,-0.0014957884168893543
A,0.0,0.0,0.0,0.034365296363830566,-0.013846635818481445,-0.0201715648499885,0.06324481964111328,-0.060581326484680176,-0.024329178812877217,0.0718441903591156,-0.11358669400215149,-0.026542001250163594,0.07525482773780823,-0.1543903946876526,-0.026059915157929936,0.04695269465446472,-0.10180056095123291,-0.005712465695069113,0.04687976837158203,-0.1353032886981964,-0.026517492565290013,0.035928159952163696,-0.09921905398368835,-0.03635145615317015,0.030941098928451538,-0.07105773687362671,-0.0376698773679891,0.025315910577774048,-0.10241571068763733,0.000439217089478916,0.02087104320526123,-0.12677261233329773,-0.023709296095148602,0.014674127101898193,-0.08131927251815796,-0.028893158617393055,0.013963699340820312,-0.05546042323112488,-0.024993232297674695,0.005985766649246216,-0.1010172963142395,0.002240187875031552,-0.0005950033664703369,-0.11960238218307495,-0.02271011363245634,-0.0015106797218322754,-0.07482188940048218,-0.020457303929106274,0.0018152594566345215,-0.05009758472442627,-0.010607614028231183,-0.013776153326034546,-0.0984746515750885,0.002837777524291596,-0.017146289348602295,-0.1166430115699768,-0.01323279909320263,-0.01586797833442688,-0.0832895040512085,-0.011106598037258664,-0.011567413806915283,-0.06295168399810791,-0.0037159974081077962
A,0.0,0.0,0.0,0.035482972860336304,-0.017481625080108643,-0.018452151051661758,0.06289595365524292,-0.0644693672657013,-0.022301221570870666,0.07145059108734131,-0.11617580056190491,-0.02481288307060936,0.07427212595939636,-0.1574246883392334,-0.02506057948519924,0.04598301649093628,-0.1044846773147583,-0.0037609916896883533,0.04651948809623718,-0.13695114850997925,-0.024465527689955024,0.036142706871032715,-0.10161787271499634,-0.03516907089104393,0.03048759698867798,-0.07213279604911804,-0.03708918609370926,0.024075031280517578,-0.10519471764564514,0.0013698117556657508,0.0204600989818573,-0.1285821497440338,-0.022788774526617317,0.014719277620315552,-0.08307516574859619,-0.02873715416242817,0.013289183378219604,-0.05411812663078308,-0.02532089904596546,0.004436224699020386,-0.10337990522384644,0.002279021239900203,-0.0011577904224395752,-0.12171423435211182,-0.022575926340124397,-0.0016157925128936768,-0.07680252194404602,-0.020895595035455017,0.0011641383171081543,-0.04954764246940613,-0.011342340453467159,-0.015175282955169678,-0.09977349638938904,0.0021084595220770552,-0.01725354790687561,-0.11888226866722107,-0.014204697056612758,-0.016018569469451904,-0.08516055345535278,-0.012078983082375316,-0.01244547963142395,-0.06290090084075928,-0.004574159930399446
A,0.0,0.0,0.0,0.03482827544212341,-0.01952570676803589,-0.018434882983171974,0.062254875898361206,-0.06512179970741272,-0.022208277955257927,0.07035702466964722,-0.11614099144935608,-0.024643215238654648,0.07315650582313538,-0.15687885880470276,-0.024708765446746384,0.0461040735244751,-0.10512813925743103,-0.0027031585383952006,0.045152902603149414,-0.13852950930595398,-0.022773458510243927,0.03504645824432373,-0.10347524285316467,-0.032856299429738556,0.030714690685272217,-0.07500314712524414,-0.03448714584072832,0.02437150478363037,-0.10592132806777954,0.0024542325366496698,0.019771814346313477,-0.13067615032196045,-0.02142864175101522,0.013862669467926025,-0.08548370003700256,-0.027335137948000465,0.013277381658554077,-0.05734884738922119,-0.023795000165307556,0.0046922266483306885,-0.10432988405227661,0.003392160982286896,-0.002095341682434082,-0.12273696064949036,-0.02148032829126123,-0.0024406611919403076,-0.07785928249359131,-0.01987561106642488,0.0013617277145385742,-0.051012665033340454,-0.010214377082490955,-0.01514551043510437,-0.10092201828956604,0.0032747177131682292,-0.018258243799209595,-0.12055346369743347,-0.012722845077121292,-0.01713716983795166,-0.0873139500617981,-0.010384245663487945,-0.01304692029953003,-0.06567367911338806,-0.002691714213767682
A,0.0,0.0,0.0,0.035068005323410034,-0.020864009857177734,-0.017102887721648585,0.06183311343193054,-0.0668725073337555,-0.02081325264452971,0.07063564658164978,-0.11649435758590698,-0.023490603880873095,0.07291671633720398,-0.15673232078552246,-0.02403632165669478,0.04626196622848511,-0.10475161671638489,-0.0034853165111599083,0.045176565647125244,-0.1375705897808075,-0.023503705726852786,0.0353182852268219,-0.10333552956581116,-0.03363000215767897,0.031259685754776,-0.07472708821296692,-0.035467762367716205,0.024246186017990112,-0.10545903444290161,0.0007917599446045642,0.02044135332107544,-0.12936824560165405,-0.022716481106272113,0.014221787452697754,-0.0844440758228302,-0.02814978347896613,0.013538599014282227,-0.05570206046104431,-0.024606747420421016,0.004091531038284302,-0.10382145643234253,0.0010637288373800402,-0.0018004775047302246,-0.12147542834281921,-0.023223746435633075,-0.002794504165649414,-0.07731613516807556,-0.020991559939375293,0.0003528892993927002,-0.050871849060058594,-0.011224412226965796,-0.016237467527389526,-0.10025128722190857,0.0003564840458238905,-0.01832243800163269,-0.12017428874969482,-0.01509792158185519,-0.01748824119567871,-0.08694508671760559,-0.012039807492783439,-0.014276385307312012,-0.06514334678649902,-0.004057033786466491
