D,0.6654289364814758,0.9876237511634827,-2.7427631721366197e-07,0.6260468363761902,0.9604576826095581,-0.02610945701599121,0.5890448093414307,0.918046772480011,-0.05102605000138283,0.5578981637954712,0.8884655833244324,-0.07553158700466156,0.5355745553970337,0.8665410876274109,-0.10209549963474274,0.6524225473403931,0.8190247416496277,-0.05634896084666252,0.644974946975708,0.7218530178070068,-0.08706825226545334,0.6441477537155151,0.66655433177948,-0.10753811150789261,0.645534873008728,0.6224313974380493,-0.12175005674362183,0.6713067889213562,0.8347027897834778,-0.059778664261102676,0.5983976125717163,0.7968620657920837,-0.10716591775417328,0.5471082925796509,0.8270791172981262,-0.12271720916032791,0.5190280079841614,0.8634811639785767,-0.12466032803058624,0.6811911463737488,0.8680029511451721,-0.06433528661727905,0.6130889058113098,0.8252063393592834,-0.10635819286108017,0.5684537291526794,0.8449370861053467,-0.11110641062259674,0.5428487658500671,0.8696136474609375,-0.10504861921072006,0.6861874461174011,0.9081113338470459,-0.07015933841466904,0.6440472602844238,0.892094612121582,-0.10256662219762802,0.6224852800369263,0.897719144821167,-0.10714923590421677,0.6103747487068176,0.9067001938819885,-0.10255835950374603
D,0.6854900121688843,0.9846329092979431,-5.752926313107309e-07,0.6298555731773376,0.9439945816993713,0.0006390671478584409,0.5928758978843689,0.8855808973312378,-0.007317972835153341,0.5668308734893799,0.8494417667388916,-0.021081307902932167,0.5476393699645996,0.8217779397964478,-0.03438219428062439,0.6344245076179504,0.7893246412277222,0.00294883013702929,0.5877130031585693,0.7477255463600159,-0.023680305108428,0.545609712600708,0.7782355546951294,-0.04363678768277168,0.523240864276886,0.814462423324585,-0.053448550403118134,0.6504225730895996,0.7890248894691467,-0.010813768021762371,0.5847159624099731,0.7447310090065002,-0.03831581026315689,0.5404869318008423,0.7844040989875793,-0.05397554486989975,0.5197587609291077,0.8262636661529541,-0.05975897237658501,0.6644602417945862,0.8018915057182312,-0.027063334360718727,0.6032596230506897,0.7511758804321289,-0.05214517191052437,0.5597536563873291,0.7866353392601013,-0.057017941027879715,0.5381343364715576,0.824829638004303,-0.05431375652551651,0.6706241965293884,0.8237288594245911,-0.04320437088608742,0.6309908628463745,0.7809339165687561,-0.058611273765563965,0.6121768951416016,0.7734550833702087,-0.059311673045158386,0.6039912700653076,0.7735426425933838,-0.05596690624952316
D,0.6886824369430542,0.9434773921966553,8.99994532232995e-08,0.6271536350250244,0.9057873487472534,0.00012770481407642365,0.5908370614051819,0.8522865176200867,-0.007465466391295195,0.5627691149711609,0.8186426162719727,-0.020537734031677246,0.5361796617507935,0.799369752407074,-0.03420749306678772,0.6551496386528015,0.7347351908683777,0.002959033939987421,0.6512079834938049,0.6637981534004211,-0.014246837235987186,0.6480531692504883,0.6143953800201416,-0.02783985435962677,0.6484410166740417,0.5759228467941284,-0.03745424374938011,0.6706199645996094,0.7393954396247864,-0.010624252259731293,0.5973575711250305,0.6949619054794312,-0.03527390584349632,0.5464616417884827,0.7277272939682007,-0.04755561053752899,0.5229775309562683,0.7649304866790771,-0.050990793853998184,0.6768543720245361,0.7596009969711304,-0.026117458939552307,0.5991027355194092,0.7187272310256958,-0.05149627849459648,0.5492316484451294,0.7502409219741821,-0.05689480900764465,0.5271594524383545,0.7852042317390442,-0.053899023681879044,0.6744701862335205,0.7897201776504517,-0.04177967831492424,0.611663818359375,0.7587238550186157,-0.06239466369152069,0.5770628452301025,0.7735533118247986,-0.06620931625366211,0.561338484287262,0.7984937429428101,-0.06341401487588882
D,0.6891313195228577,0.9121052026748657,-3.5798628061911586e-08,0.6290786862373352,0.8706439137458801,0.0018999683670699596,0.595255970954895,0.8149667382240295,-0.005921750329434872,0.5653906464576721,0.7798519730567932,-0.020394528284668922,0.5360937714576721,0.7516394853591919,-0.035560186952352524,0.65678471326828,0.704627275466919,0.004323442000895739,0.6460661888122559,0.6203142404556274,-0.012255134992301464,0.6392751932144165,0.5664571523666382,-0.024204669520258904,0.6358387470245361,0.5229829549789429,-0.032731618732213974,0.6723802089691162,0.7066124081611633,-0.01022280566394329,0.5961109399795532,0.6622065305709839,-0.0368804968893528,0.5474244356155396,0.6932137608528137,-0.04914277046918869,0.5266473293304443,0.7282429933547974,-0.052158091217279434,0.6787490844726562,0.7209293842315674,-0.0264144167304039,0.5995619297027588,0.6796596646308899,-0.051795050501823425,0.553618848323822,0.711270272731781,-0.05514959245920181,0.5350202322006226,0.7468295097351074,-0.05108737573027611,0.677057683467865,0.7435145974159241,-0.04293413087725639,0.6131294965744019,0.7187018394470215,-0.062365464866161346,0.580062210559845,0.7356036901473999,-0.06473791599273682,0.5651650428771973,0.7629206776618958,-0.06087764352560043
D,0.6980926990509033,0.887732744216919,-6.67696866685219e-08,0.6326607465744019,0.8450950384140015,0.002975903218612075,0.5987495183944702,0.7879128456115723,-0.004730419721454382,0.566925048828125,0.7528949975967407,-0.019248344004154205,0.5380103588104248,0.7218165993690491,-0.034063827246427536,0.6632003784179688,0.6756131649017334,0.007137062028050423,0.6475332975387573,0.5913238525390625,-0.006823134142905474,0.6416069269180298,0.5389251708984375,-0.0178484246134758,0.6378623247146606,0.4951803386211395,-0.02610423043370247,0.6771500110626221,0.6777733564376831,-0.007487156428396702,0.6019677519798279,0.6325756311416626,-0.03199973329901695,0.5586761236190796,0.6590522527694702,-0.044871099293231964,0.5389148592948914,0.6886659860610962,-0.04911699518561363,0.681742250919342,0.6914799213409424,-0.02345338650047779,0.6053458452224731,0.6488474011421204,-0.046889666467905045,0.5576507449150085,0.6759822368621826,-0.0514976903796196,0.532988965511322,0.708955705165863,-0.04930155724287033,0.675801157951355,0.7145779728889465,-0.03952791914343834,0.6129215955734253,0.6856710314750671,-0.05623544007539749,0.5753142833709717,0.6990801692008972,-0.05816923826932907,0.5523149371147156,0.7239227890968323,-0.05508970469236374
D,0.7011463642120361,0.8597724437713623,-7.960892389746732e-08,0.6342092752456665,0.814490556716919,0.005163957830518484,0.6027858853340149,0.7571918368339539,-0.0025952081196010113,0.5735645294189453,0.7214845418930054,-0.017303740605711937,0.5454323291778564,0.6907751560211182,-0.03252023458480835,0.6697222590446472,0.6487346887588501,0.007181833032518625,0.6502608060836792,0.5668394565582275,-0.006083667278289795,0.6443651914596558,0.5174667835235596,-0.016820866614580154,0.640722393989563,0.47464752197265625,-0.02503756806254387,0.6815871596336365,0.6521070003509521,-0.00818725861608982,0.6050958633422852,0.6041264533996582,-0.03147859871387482,0.5618898868560791,0.6310522556304932,-0.044307857751846313,0.5421634316444397,0.6607310771942139,-0.04927614703774452,0.6833914518356323,0.6674985885620117,-0.024464238435029984,0.6069964170455933,0.6222277879714966,-0.04613938927650452,0.5594351291656494,0.6494495868682861,-0.05072377249598503,0.5350751876831055,0.6815152764320374,-0.04941561445593834,0.675062894821167,0.6917896866798401,-0.040570616722106934,0.6144862174987793,0.6603007316589355,-0.05528312921524048,0.5741019248962402,0.6690734624862671,-0.05718817934393883,0.5472749471664429,0.6896101832389832,-0.055049967020750046
D,0.7017565965652466,0.8382786512374878,-1.1856472070803648e-07,0.638560950756073,0.7972024083137512,0.0030947064515203238,0.6059331297874451,0.7409407496452332,-0.004977275617420673,0.574629008769989,0.7043749094009399,-0.019873986020684242,0.5448830127716064,0.6704440116882324,-0.03514132276177406,0.6717111468315125,0.6307423114776611,0.007219614926725626,0.6515389084815979,0.5512728691101074,-0.006451143883168697,0.6447923183441162,0.5017452836036682,-0.01700088195502758,0.6413140892982483,0.4601272940635681,-0.025037122890353203,0.6838234066963196,0.6329477429389954,-0.007546806707978249,0.6091426014900208,0.5841953158378601,-0.030423983931541443,0.5652167201042175,0.6092836856842041,-0.042300790548324585,0.5448998808860779,0.6357405781745911,-0.046764474362134933,0.6863413453102112,0.6456007361412048,-0.023828351870179176,0.6104151606559753,0.5993454456329346,-0.04624733328819275,0.562616765499115,0.6261193752288818,-0.051135748624801636,0.5382577776908875,0.6572622060775757,-0.050077710300683975,0.6792808771133423,0.6669580936431885,-0.040153712034225464,0.6161211133003235,0.6358259320259094,-0.05641763657331467,0.5754123330116272,0.645315945148468,-0.059490691870450974,0.5492830276489258,0.6652422547340393,-0.0581095851957798
D,0.7021867036819458,0.8217495083808899,-1.3183230862523487e-07,0.6405489444732666,0.782538115978241,0.0037929692771285772,0.6072691082954407,0.7277503609657288,-0.003154045669361949,0.5743035078048706,0.6915090084075928,-0.01706148497760296,0.5451737642288208,0.6553563475608826,-0.03136562183499336,0.6726043224334717,0.617093563079834,0.009675453417003155,0.6525668501853943,0.538211464881897,-0.0021711220033466816,0.6454129815101624,0.48968613147735596,-0.011542296968400478,0.6409572958946228,0.44875216484069824,-0.019079256802797318,0.6848628520965576,0.6184880137443542,-0.005221192259341478,0.6106973886489868,0.5706246495246887,-0.026627307757735252,0.568049967288971,0.5936435461044312,-0.03859720006585121,0.5478337407112122,0.6177011728286743,-0.04341256245970726,0.6875920295715332,0.6294116973876953,-0.02159668691456318,0.6110585927963257,0.5810030698776245,-0.043707385659217834,0.5640803575515747,0.6082020998001099,-0.04906173422932625,0.5398688316345215,0.6400202512741089,-0.0483291894197464,0.6804256439208984,0.6488890647888184,-0.03789171203970909,0.6159127950668335,0.6143262982368469,-0.05462994426488876,0.5755101442337036,0.6247677206993103,-0.05789075046777725,0.5494900345802307,0.6467869281768799,-0.056558892130851746
D,0.70457524061203,0.8058382272720337,-1.2289991957459279e-07,0.6429266333580017,0.7653611898422241,0.005837125703692436,0.6077408194541931,0.7141668200492859,-0.0004471888532862067,0.5726639628410339,0.6789043545722961,-0.014200761914253235,0.545404851436615,0.6402549743652344,-0.02841315232217312,0.673444926738739,0.6044857501983643,0.014158994890749454,0.6529090404510498,0.5269723534584045,0.005172436125576496,0.6463922262191772,0.4803435802459717,-0.0033183519262820482,0.6411750912666321,0.4400116503238678,-0.011051065288484097,0.6861562728881836,0.6053122878074646,-0.0017605741741135716,0.6115930080413818,0.5579878091812134,-0.02071511000394821,0.5702091455459595,0.5797392725944519,-0.03406739607453346,0.5501253604888916,0.6030689477920532,-0.040883421897888184,0.6890076398849487,0.615504801273346,-0.018905993551015854,0.6136419177055359,0.5693709850311279,-0.038154199719429016,0.5680614709854126,0.5949564576148987,-0.04490857198834419,0.5436977744102478,0.6261271834373474,-0.04627223685383797,0.6814785003662109,0.6348085999488831,-0.0358954481780529,0.6181942820549011,0.601280152797699,-0.050371360033750534,0.5782152414321899,0.6096628904342651,-0.05423472821712494,0.5509317517280579,0.6301567554473877,-0.054298922419548035
D,0.7068704962730408,0.7949339747428894,-1.2679696226314263e-07,0.6436802744865417,0.7552770972251892,0.007318353746086359,0.6083123683929443,0.7045212388038635,0.0016316131222993135,0.5736405849456787,0.6689854264259338,-0.01205886248499155,0.5462693572044373,0.6307028532028198,-0.026313191279768944,0.6727750897407532,0.596411406993866,0.01634116843342781,0.6534196138381958,0.5200642347335815,0.007421610876917839,0.6484211087226868,0.4733807444572449,-0.0010314033133909106,0.6448323726654053,0.43347781896591187,-0.008707541972398758,0.6862382888793945,0.5957525968551636,-0.00044389194226823747,0.612518846988678,0.5475201606750488,-0.019553564488887787,0.5708650946617126,0.5700367093086243,-0.03249211981892586,0.5510599613189697,0.5945363640785217,-0.0388319231569767,0.6902014017105103,0.6052294969558716,-0.01846602000296116,0.6149592399597168,0.5586651563644409,-0.037666644901037216,0.570426881313324,0.5856130123138428,-0.04387877508997917,0.5478832721710205,0.6181305646896362,-0.044700078666210175,0.6838348507881165,0.6238253116607666,-0.03634045645594597,0.619307279586792,0.5926021337509155,-0.05102667585015297,0.5800942778587341,0.6020072102546692,-0.055106621235609055,0.5550950765609741,0.6229901313781738,-0.055208589881658554
D,0.7099915146827698,0.7873266339302063,-1.34056605816113e-07,0.6464783549308777,0.7495648860931396,0.011770464479923248,0.6099507808685303,0.6975548267364502,0.008537881076335907,0.5747671723365784,0.6620343327522278,-0.0032279796432703733,0.5476765632629395,0.6245724558830261,-0.015662265941500664,0.674257218837738,0.5894641280174255,0.021604005247354507,0.6538287401199341,0.5136361718177795,0.015909571200609207,0.6487970352172852,0.4687277674674988,0.009481634944677353,0.644773006439209,0.429690957069397,0.0028329824563115835,0.6874566674232483,0.5883549451828003,0.003349408507347107,0.6121262907981873,0.5410645008087158,-0.01217611413449049,0.5711997747421265,0.5635623931884766,-0.02385253645479679,0.5523549318313599,0.5879154801368713,-0.030034545809030533,0.6906027793884277,0.598182737827301,-0.015707258135080338,0.6155107021331787,0.5522129535675049,-0.03157978877425194,0.5717154145240784,0.5796570777893066,-0.036991216242313385,0.5497304201126099,0.6116654276847839,-0.03812277317047119,0.6828956604003906,0.617179811000824,-0.034263014793395996,0.6191952228546143,0.585117518901825,-0.04649633169174194,0.5807607173919678,0.5949034690856934,-0.04980390891432762,0.5560144782066345,0.615460991859436,-0.049938708543777466
D,0.7109301686286926,0.7827967405319214,-1.1576000247259799e-07,0.6476266980171204,0.7465882897377014,0.007585653103888035,0.6104888916015625,0.6959066390991211,0.001996861770749092,0.5748765468597412,0.6596142053604126,-0.011127793230116367,0.5486392974853516,0.6210224032402039,-0.024438710883259773,0.675534725189209,0.585597813129425,0.01679418236017227,0.6546939015388489,0.5113266110420227,0.009298090822994709,0.6497989892959595,0.46676307916641235,0.0016700326232239604,0.6460119485855103,0.428112268447876,-0.005597611423581839,0.6887013912200928,0.5835602283477783,0.0007007353706285357,0.6136105060577393,0.5366311073303223,-0.016473116353154182,0.5739580392837524,0.5591760873794556,-0.02830037660896778,0.5562846660614014,0.5830774307250977,-0.034330327063798904,0.6917038559913635,0.5933924317359924,-0.016414981335401535,0.6172572374343872,0.548835813999176,-0.032995883375406265,0.5740857720375061,0.5749180912971497,-0.037888213992118835,0.5524995923042297,0.6057564616203308,-0.03844962641596794,0.6835689544677734,0.6131429672241211,-0.03339472413063049,0.6205495595932007,0.5817891359329224,-0.045641135424375534,0.5824849605560303,0.5907154679298401,-0.04868209362030029,0.557703971862793,0.6108114123344421,-0.0485297366976738
D,0.7105287909507751,0.7769153714179993,-1.0483444157216582e-07,0.6488117575645447,0.741357684135437,0.00662471866235137,0.6108114719390869,0.6922010779380798,0.0003796735836658627,0.5740522742271423,0.656983494758606,-0.013010010123252869,0.5477776527404785,0.6186690926551819,-0.02652413211762905,0.6747596263885498,0.584143877029419,0.014923891983926296,0.6545356512069702,0.5096351504325867,0.0072258287109434605,0.6502580642700195,0.4652419686317444,-0.00034568941919133067,0.6467800140380859,0.4266679286956787,-0.007506577763706446,0.688036322593689,0.5817629098892212,-0.00040007143979892135,0.6139243841171265,0.5346658229827881,-0.017451180145144463,0.5752902030944824,0.5573192834854126,-0.028713004663586617,0.5582952499389648,0.5808144211769104,-0.034333132207393646,0.6910513639450073,0.5912648439407349,-0.016704626381397247,0.617817223072052,0.5471841096878052,-0.032863929867744446,0.5757073760032654,0.5729488730430603,-0.03703182935714722,0.5547343492507935,0.6028925180435181,-0.037143200635910034,0.6831772923469543,0.6105431914329529,-0.03294257074594498,0.6205827593803406,0.5802862644195557,-0.04480968788266182,0.582996666431427,0.589785099029541,-0.04735877737402916,0.558639407157898,0.6096274852752686,-0.04684409871697426
D,0.7086814045906067,0.773605465888977,-9.495426667172069e-08,0.6483360528945923,0.7388747930526733,0.0045127482153475285,0.6101335287094116,0.6918858885765076,-0.003038233146071434,0.5737835168838501,0.6560149788856506,-0.017672786489129066,0.5484644770622253,0.6151182651519775,-0.032287098467350006,0.6733071804046631,0.5829750895500183,0.014371550641953945,0.6539732217788696,0.5103196501731873,0.005236791912466288,0.6494216918945312,0.4658045768737793,-0.0031476770527660847,0.6461653113365173,0.42764419317245483,-0.010680576786398888,0.6870957016944885,0.580754816532135,-0.00048727323883213103,0.6149638295173645,0.5351191759109497,-0.01911437138915062,0.5758536458015442,0.55687415599823,-0.031190402805805206,0.5584230422973633,0.5789676904678345,-0.0371575653553009,0.69083172082901,0.5895005464553833,-0.016766756772994995,0.6184154748916626,0.5463758707046509,-0.034976791590452194,0.5756770372390747,0.571528434753418,-0.039914071559906006,0.554552435874939,0.6006443500518799,-0.04003936052322388,0.6840817332267761,0.6080034971237183,-0.03312581032514572,0.6212493181228638,0.5770344138145447,-0.04678124934434891,0.5838879346847534,0.5852570533752441,-0.05013492703437805,0.5603331327438354,0.6035323143005371,-0.04985952377319336
D,0.7081573009490967,0.7714658379554749,-9.741783202343868e-08,0.6480996012687683,0.7375597953796387,0.0031126150861382484,0.6106637120246887,0.6906551718711853,-0.004924564156681299,0.5746744871139526,0.6553537845611572,-0.01965947262942791,0.5484858155250549,0.6155375838279724,-0.034276675432920456,0.6736067533493042,0.5836898684501648,0.01188266184180975,0.654387354850769,0.5117494463920593,0.0017102406127378345,0.64966881275177,0.4673375189304352,-0.007077930029481649,0.6465802192687988,0.4294445216655731,-0.014598973095417023,0.6872280240058899,0.5813597440719604,-0.002264520153403282,0.6155431270599365,0.5357272624969482,-0.02171543799340725,0.5758808851242065,0.5571424961090088,-0.033689722418785095,0.5578638315200806,0.5791219472885132,-0.039334140717983246,0.6911837458610535,0.5896710753440857,-0.01790563203394413,0.6189767122268677,0.5466755032539368,-0.03694915026426315,0.5761157870292664,0.571397066116333,-0.04192685708403587,0.5549709796905518,0.6003347039222717,-0.04175395146012306,0.6849330067634583,0.6074278354644775,-0.03368702158331871,0.6228064298629761,0.575550377368927,-0.047750074416399,0.5854743719100952,0.5831961035728455,-0.05094015970826149,0.562126874923706,0.6012195348739624,-0.0503687746822834
D,0.7084181904792786,0.7697482109069824,-8.902431147816969e-08,0.6497369408607483,0.7377943992614746,0.0021601722110062838,0.6122037172317505,0.691601574420929,-0.00639920961111784,0.5760655403137207,0.6566120982170105,-0.021432027220726013,0.5498121976852417,0.616540253162384,-0.036203447729349136,0.6746134757995605,0.5848271250724792,0.010955428704619408,0.6551859974861145,0.5132008790969849,0.0008435446652583778,0.6497229933738708,0.46894752979278564,-0.007632975932210684,0.6462031006813049,0.4314177632331848,-0.014880859293043613,0.6879523992538452,0.5826814770698547,-0.0026074328925460577,0.6179314255714417,0.5355591773986816,-0.02166583016514778,0.5784554481506348,0.5561996102333069,-0.032780181616544724,0.5611396431922913,0.577691376209259,-0.03783976659178734,0.6915909051895142,0.5909729599952698,-0.01773783192038536,0.6213930249214172,0.5457723140716553,-0.03654759004712105,0.5787614583969116,0.5699408650398254,-0.04067756235599518,0.5584718585014343,0.5986405611038208,-0.03992265462875366,0.6849841475486755,0.6086148023605347,-0.03310487046837807,0.6238932013511658,0.5750569105148315,-0.04708701744675636,0.5869960188865662,0.582682192325592,-0.04985872656106949,0.5645771026611328,0.6008005738258362,-0.048956990242004395
D,0.7095850110054016,0.7690621614456177,-8.00696184910521e-08,0.6506640911102295,0.738254189491272,0.0036863693967461586,0.6129935383796692,0.691563069820404,-0.00424859719350934,0.5769143104553223,0.6567429900169373,-0.018956683576107025,0.5504820346832275,0.616910994052887,-0.03360515832901001,0.674406111240387,0.5858095288276672,0.012119928374886513,0.655644953250885,0.5129789113998413,0.0023676708806306124,0.6509366631507874,0.46793973445892334,-0.005973622668534517,0.6475547552108765,0.4301433563232422,-0.013154630549252033,0.6882548928260803,0.5834683775901794,-0.002107539214193821,0.6185863018035889,0.5372639894485474,-0.02080702781677246,0.578550398349762,0.5568294525146484,-0.03192557767033577,0.5604361295700073,0.5774255394935608,-0.03714311122894287,0.6922636032104492,0.5915523171424866,-0.017753086984157562,0.6228139996528625,0.5465265512466431,-0.036062054336071014,0.5796816945075989,0.5698763132095337,-0.04012763500213623,0.5586547255516052,0.5976290702819824,-0.039547402411699295,0.6859863996505737,0.6086422801017761,-0.03351234272122383,0.6257999539375305,0.5755302906036377,-0.047069959342479706,0.5891200304031372,0.5836851000785828,-0.049616701900959015,0.5666913390159607,0.6019067764282227,-0.04865465313196182
D,0.7109987735748291,0.7695643305778503,-9.310723925182174e-08,0.6521385312080383,0.7389249801635742,0.004528018180280924,0.6140674948692322,0.6913235187530518,-0.002165633486583829,0.5783910155296326,0.6561127305030823,-0.01592525839805603,0.5529276132583618,0.616042971611023,-0.029622051864862442,0.6754019856452942,0.5851343870162964,0.014884957112371922,0.6565995216369629,0.5120912194252014,0.0052970233373343945,0.6520732641220093,0.46756288409233093,-0.002960776211693883,0.6491994857788086,0.42983460426330566,-0.010048411786556244,0.6896718740463257,0.5828050374984741,-1.0280139576934744e-05,0.6191610097885132,0.5376371741294861,-0.019159788265824318,0.5791084170341492,0.5583496689796448,-0.03105352446436882,0.5615909099578857,0.5793697237968445,-0.03651217371225357,0.6940902471542358,0.5908319354057312,-0.016441231593489647,0.6234458684921265,0.545918345451355,-0.036052342504262924,0.5795853734016418,0.5709057450294495,-0.0409495085477829,0.5585355758666992,0.5986545085906982,-0.040343690663576126,0.6882449388504028,0.6078346967697144,-0.032802991569042206,0.6271246671676636,0.5718078017234802,-0.04758971184492111,0.5902054309844971,0.5801028609275818,-0.0503927618265152,0.567943811416626,0.5980644822120667,-0.04920192062854767
D,0.7122450470924377,0.768034815788269,-8.619165470236112e-08,0.6524761319160461,0.735051155090332,0.004824495408684015,0.6149033308029175,0.6885398030281067,-0.002218483481556177,0.5793341398239136,0.6542783975601196,-0.016404571011662483,0.5546934008598328,0.6138477325439453,-0.030543789267539978,0.6768520474433899,0.583657443523407,0.014523129910230637,0.6580135226249695,0.5107470154762268,0.004978272598236799,0.6536097526550293,0.46695661544799805,-0.003519044490531087,0.6503767967224121,0.429243266582489,-0.010935875587165356,0.6909157633781433,0.5816924571990967,-0.0006009676726534963,0.6198707818984985,0.5367288589477539,-0.020058076828718185,0.5803853869438171,0.5565443634986877,-0.03282224014401436,0.5627222061157227,0.5771903991699219,-0.03911290317773819,0.6952245235443115,0.5900230407714844,-0.017114870250225067,0.624489963054657,0.5451048612594604,-0.03668106719851494,0.5812987089157104,0.5692458152770996,-0.04231072589755058,0.5601929426193237,0.5974281430244446,-0.04241064935922623,0.6891834735870361,0.6071568131446838,-0.033507466316223145,0.6282951831817627,0.571557879447937,-0.048050232231616974,0.5917896628379822,0.5792558789253235,-0.051198285073041916,0.5693278908729553,0.5974099636077881,-0.050470221787691116
D,0.7129915356636047,0.7659107446670532,-8.772045845262255e-08,0.6539293527603149,0.7342514395713806,0.0025892280973494053,0.6163557767868042,0.6880645155906677,-0.00555388443171978,0.5805833339691162,0.6534702777862549,-0.02017585001885891,0.5556403398513794,0.6128467321395874,-0.03466207534074783,0.6774110198020935,0.5818479657173157,0.010898594744503498,0.6587883234024048,0.5100125074386597,0.00025426733191125095,0.6543473601341248,0.4668174684047699,-0.008922598324716091,0.6510323882102966,0.4298470616340637,-0.016618117690086365,0.6909621953964233,0.5798624157905579,-0.002976567018777132,0.6205658316612244,0.5342932343482971,-0.023269660770893097,0.5806058645248413,0.5545259714126587,-0.035949014127254486,0.5623440146446228,0.5760821104049683,-0.0420045368373394,0.695113480091095,0.5886155962944031,-0.01829896681010723,0.6246780157089233,0.5443342924118042,-0.038398437201976776,0.581880509853363,0.568872332572937,-0.043727610260248184,0.56119704246521,0.5971218943595886,-0.043471552431583405,0.6896128058433533,0.6063429117202759,-0.033646680414676666,0.6294798254966736,0.5710432529449463,-0.04847642779350281,0.592780351638794,0.5790699124336243,-0.05143050104379654,0.5703299045562744,0.5973914861679077,-0.050436507910490036
D,0.712374746799469,0.764729380607605,-8.226076886330702e-08,0.6533000469207764,0.7327962517738342,0.0029316823929548264,0.6147916316986084,0.68580561876297,-0.00480346754193306,0.578885018825531,0.6502223014831543,-0.019190765917301178,0.555080771446228,0.6089490056037903,-0.03332890197634697,0.6772953271865845,0.5818712711334229,0.01292057428508997,0.6583412885665894,0.5093894600868225,0.0026000970974564552,0.6540812849998474,0.46618136763572693,-0.006573737598955631,0.6508779525756836,0.4287723898887634,-0.014358293265104294,0.6911299228668213,0.5799789428710938,-0.0013608859153464437,0.621105968952179,0.5345132350921631,-0.021812835708260536,0.5818144679069519,0.5547889471054077,-0.035092681646347046,0.5641160011291504,0.5754454135894775,-0.04143552854657173,0.6955796480178833,0.5881206393241882,-0.017166752368211746,0.6262035369873047,0.5423194169998169,-0.03745553269982338,0.5832356214523315,0.5666354298591614,-0.04316796362400055,0.5620825886726379,0.5947016477584839,-0.043001510202884674,0.6901459097862244,0.6051974296569824,-0.032972268760204315,0.6302629113197327,0.5685758590698242,-0.04790801554918289,0.5938320755958557,0.5753213167190552,-0.051010146737098694,0.5711948871612549,0.5927124619483948,-0.05005316808819771
D,0.7133724689483643,0.7629810571670532,-7.584107208913338e-08,0.6547886729240417,0.732461154460907,0.005388092715293169,0.6166642904281616,0.6863036751747131,-0.0012237883638590574,0.5805442333221436,0.6517813801765442,-0.015462826937437057,0.5550495982170105,0.6109582185745239,-0.029795845970511436,0.6760467290878296,0.5803132057189941,0.01855544187128544,0.6580671072006226,0.5077008008956909,0.01028988603502512,0.6541211605072021,0.4643958806991577,0.0025914961006492376,0.6514641046524048,0.42748117446899414,-0.004288890864700079,0.6902334094047546,0.5778619050979614,0.0028639656957238913,0.6218817234039307,0.533393919467926,-0.01547613088041544,0.5820248126983643,0.5542914867401123,-0.027825746685266495,0.5644915103912354,0.5753504037857056,-0.033595010638237,0.6950622797012329,0.5853744745254517,-0.014481640420854092,0.6264272332191467,0.5410819053649902,-0.03330212086439133,0.5830532312393188,0.566051185131073,-0.03873730078339577,0.5620189905166626,0.5938320755958557,-0.038582418113946915,0.6901185512542725,0.6020230054855347,-0.03175407648086548,0.6305715441703796,0.5654371380805969,-0.045802269130945206,0.5940112471580505,0.572668194770813,-0.04857579246163368,0.5716026425361633,0.5905099511146545,-0.04746853560209274
D,0.7136572003364563,0.7594903707504272,-7.065040819043134e-08,0.6547576785087585,0.7292030453681946,0.0036943573504686356,0.6166532635688782,0.6836621165275574,-0.003926925826817751,0.5812866687774658,0.6493039131164551,-0.018723219633102417,0.5577540993690491,0.6076167225837708,-0.0333135724067688,0.6767946481704712,0.5783130526542664,0.015699133276939392,0.6583521962165833,0.5058298110961914,0.006026215851306915,0.6544074416160583,0.46297159790992737,-0.0026683371979743242,0.6517629623413086,0.4263734817504883,-0.010134113021194935,0.690662145614624,0.5761218070983887,0.0006323205889202654,0.6212211847305298,0.5308887362480164,-0.019203534349799156,0.5819185972213745,0.5514947175979614,-0.032381653785705566,0.564375102519989,0.5728617310523987,-0.03861178457736969,0.6958304643630981,0.5836500525474548,-0.016144633293151855,0.6265159845352173,0.5381530523300171,-0.03612079471349716,0.5831389427185059,0.5628871321678162,-0.04210114851593971,0.5617433190345764,0.5913602113723755,-0.04216131195425987,0.6915631294250488,0.6004270315170288,-0.03291633352637291,0.6313751935958862,0.5640510320663452,-0.04793455824255943,0.5947904586791992,0.5716145634651184,-0.0511917918920517,0.5722002387046814,0.5901373028755188,-0.05030391365289688
D,0.7148531675338745,0.7563402652740479,-6.21038580561617e-08,0.6561294794082642,0.7263240814208984,0.004069395363330841,0.6168567538261414,0.6806504130363464,-0.0035155147779732943,0.5806075930595398,0.6469529867172241,-0.018099170178174973,0.5569679141044617,0.6061286330223083,-0.032496754080057144,0.6787526607513428,0.5761043429374695,0.0155690498650074,0.6603200435638428,0.503097653388977,0.007292638998478651,0.6555038094520569,0.4606351852416992,-0.00037646913551725447,0.6514504551887512,0.4250587224960327,-0.007337838876992464,0.6920439004898071,0.5737388134002686,0.000863963330630213,0.6223382353782654,0.5269822478294373,-0.017456667497754097,0.5829200744628906,0.5470883846282959,-0.02994045801460743,0.565243124961853,0.5683218836784363,-0.0359959676861763,0.6968085169792175,0.5815173983573914,-0.01530365739017725,0.6280642151832581,0.5354349613189697,-0.03362215682864189,0.5844780802726746,0.5587044954299927,-0.03922818601131439,0.5627154111862183,0.5862791538238525,-0.039465226233005524,0.6922377943992615,0.5985255837440491,-0.031385380774736404,0.6326744556427002,0.5616603493690491,-0.045092660933732986,0.5963836312294006,0.5688461661338806,-0.047887735068798065,0.5740299820899963,0.5870967507362366,-0.04693841189146042
D,0.7157104015350342,0.752273440361023,-6.698802224036626e-08,0.6566294431686401,0.7224642634391785,0.005697667598724365,0.6184986233711243,0.6777334213256836,-0.0004953596508130431,0.5825839042663574,0.6446368098258972,-0.014246798120439053,0.5579808354377747,0.6043388247489929,-0.028065036982297897,0.6778286099433899,0.5741165280342102,0.019216196611523628,0.6597655415534973,0.5013380646705627,0.012166223488748074,0.6553980112075806,0.45941606163978577,0.005116708111017942,0.6521103978157043,0.4235501289367676,-0.001447365153580904,0.6918780207633972,0.5711506605148315,0.004049072042107582,0.6237879991531372,0.5257991552352905,-0.012891088612377644,0.5841736793518066,0.545619785785675,-0.025315944105386734,0.5664089322090149,0.566742479801178,-0.031548671424388885,0.6974666714668274,0.5778432488441467,-0.012624763883650303,0.6291313767433167,0.5332773923873901,-0.029790248721837997,0.585701048374176,0.5568099617958069,-0.035823091864585876,0.5641084909439087,0.5846567153930664,-0.03662688657641411,0.6935697197914124,0.5935532450675964,-0.0291465874761343,0.6344711780548096,0.5578566789627075,-0.041699931025505066,0.5982768535614014,0.5649005770683289,-0.044505227357149124,0.5758084058761597,0.5832183361053467,-0.043814755976200104
D,0.7172878980636597,0.747260332107544,-7.198809015562802e-08,0.6585058569908142,0.7190351486206055,0.004038196988403797,0.6185923218727112,0.6735199689865112,-0.002455888781696558,0.5824230909347534,0.6397337317466736,-0.015678802505135536,0.55899977684021,0.6000055074691772,-0.02882581576704979,0.6790812015533447,0.5706579089164734,0.015347220003604889,0.660464346408844,0.49698615074157715,0.007466545794159174,0.655601441860199,0.45585116744041443,0.00010661444684956223,0.6515873074531555,0.42079615592956543,-0.0064657642506062984,0.6930214166641235,0.5673774480819702,0.0014536019880324602,0.6245766282081604,0.5203032493591309,-0.01651586964726448,0.5846797823905945,0.5414440035820007,-0.029137492179870605,0.5669052600860596,0.5646601915359497,-0.03508283197879791,0.6989094018936157,0.574627697467804,-0.013789083808660507,0.6305950284004211,0.5294554829597473,-0.03151775896549225,0.5869925022125244,0.5537522435188293,-0.03750902786850929,0.5654275417327881,0.582213819026947,-0.037848085165023804,0.6957212090492249,0.5914584994316101,-0.02883913181722164,0.6370387077331543,0.5545609593391418,-0.04171565920114517,0.60107421875,0.560778021812439,-0.04439747706055641,0.5789691209793091,0.5784027576446533,-0.043273892253637314
D,0.7179111242294312,0.743321418762207,-6.28566994009816e-08,0.6614076495170593,0.7153876423835754,-0.0005922600394114852,0.6213513612747192,0.6695839166641235,-0.008669184520840645,0.5852732062339783,0.6359542608261108,-0.022434215992689133,0.5618041753768921,0.5964400768280029,-0.03573475778102875,0.6800721287727356,0.5676673650741577,0.009842565283179283,0.6626633405685425,0.49410566687583923,-0.0002816976048052311,0.6581409573554993,0.4528322219848633,-0.008851238526403904,0.6543197631835938,0.4173455238342285,-0.01616642437875271,0.6934716701507568,0.5642839670181274,-0.001964741852134466,0.6269161701202393,0.516899049282074,-0.022522782906889915,0.587832510471344,0.5377255082130432,-0.036079250276088715,0.5696741342544556,0.5607011914253235,-0.042367782443761826,0.6995134353637695,0.5710786581039429,-0.015461509115993977,0.6328467726707458,0.524492621421814,-0.03593003377318382,0.5898539423942566,0.5484412908554077,-0.043014004826545715,0.5679858326911926,0.5774126648902893,-0.043570879846811295,0.6969005465507507,0.5873928070068359,-0.029048191383481026,0.6389932632446289,0.5502263307571411,-0.04438130930066109,0.6030206680297852,0.5568432807922363,-0.048462796956300735,0.5804427862167358,0.5750845670700073,-0.04800816997885704
D,0.7198149561882019,0.7379257678985596,-6.946824271381047e-08,0.6628593802452087,0.7098052501678467,0.00017366951215080917,0.6223976612091064,0.6638239622116089,-0.006833782885223627,0.5865480303764343,0.630273699760437,-0.019678128883242607,0.5638458132743835,0.59129399061203,-0.032093096524477005,0.6817587018013,0.5627180337905884,0.012071753852069378,0.6646436452865601,0.48990684747695923,0.003482786240056157,0.65982985496521,0.4495123028755188,-0.00425797700881958,0.6555256247520447,0.41459500789642334,-0.011276833713054657,0.6952857375144958,0.5593966245651245,6.0189089708728716e-05,0.6299132704734802,0.5127400159835815,-0.01924591138958931,0.590928316116333,0.5327098965644836,-0.032734017819166183,0.5721696615219116,0.5557094216346741,-0.03917666897177696,0.7017463445663452,0.5662904381752014,-0.013625292107462883,0.6359943747520447,0.519262969493866,-0.03335937112569809,0.5928919911384583,0.5426884889602661,-0.04085685685276985,0.5704187750816345,0.5718172192573547,-0.041825730353593826,0.6994581818580627,0.5827093124389648,-0.02732749655842781,0.6421574354171753,0.5448778867721558,-0.042439885437488556,0.60588538646698,0.550756573677063,-0.04685153439640999,0.5825399160385132,0.5687023997306824,-0.046728696674108505
D,0.7218583822250366,0.7321975827217102,-7.661162726435577e-08,0.6649753451347351,0.7047916054725647,0.0009615757153369486,0.6248925924301147,0.659871518611908,-0.005624338518828154,0.5892064571380615,0.6269521713256836,-0.018173255026340485,0.5662605166435242,0.5875436067581177,-0.030393850058317184,0.6831524968147278,0.5577932596206665,0.013043477199971676,0.6666763424873352,0.48557019233703613,0.004343436099588871,0.661603569984436,0.4451291263103485,-0.003437793580815196,0.6572604775428772,0.4104275405406952,-0.01036725752055645,0.6969670653343201,0.5546435117721558,0.0007256036624312401,0.6324692368507385,0.5065265893936157,-0.018460500985383987,0.592660129070282,0.5268818140029907,-0.031909432262182236,0.5738258957862854,0.550760805606842,-0.03829006850719452,0.7037291526794434,0.561688244342804,-0.013276229612529278,0.6391240954399109,0.5141043066978455,-0.03328581526875496,0.5953521132469177,0.5375745892524719,-0.04090089723467827,0.5729539394378662,0.5665830373764038,-0.04181467369198799,0.7019611597061157,0.578008234500885,-0.027171596884727478,0.6450413465499878,0.5396836996078491,-0.04265618696808815,0.6082903146743774,0.5452693700790405,-0.04722251370549202,0.5850047469139099,0.5623772740364075,-0.04709998890757561
D,0.7228639125823975,0.7270137071609497,-7.449282435345594e-08,0.6668094396591187,0.6985086798667908,0.001729648094624281,0.6274097561836243,0.6530566215515137,-0.004106397740542889,0.5926191806793213,0.6205042004585266,-0.01642521284520626,0.5693946480751038,0.5815008282661438,-0.02831030637025833,0.6843839883804321,0.5518279075622559,0.015998607501387596,0.6690704822540283,0.48161596059799194,0.008166095241904259,0.6636181473731995,0.44108128547668457,0.0013923756778240204,0.6591024398803711,0.4065224230289459,-0.004821285605430603,0.6985062956809998,0.5485607385635376,0.002872506156563759,0.6373097896575928,0.5009686946868896,-0.015321215614676476,0.5985221266746521,0.5191993117332458,-0.027480969205498695,0.5790582895278931,0.5416305065155029,-0.032823994755744934,0.7058022022247314,0.5546460747718811,-0.012267063371837139,0.6422543525695801,0.5076515674591064,-0.03225685656070709,0.5988947153091431,0.5299042463302612,-0.03981631621718407,0.5758985877037048,0.5587802529335022,-0.0405363067984581,0.7040801048278809,0.5695534348487854,-0.0273650623857975,0.6470649838447571,0.5321764945983887,-0.043211959302425385,0.6100969910621643,0.5380226373672485,-0.04825620353221893,0.586286723613739,0.5557684898376465,-0.04847253859043121
D,0.7249757051467896,0.718343198299408,-5.96207527792103e-08,0.6700180768966675,0.6922987103462219,0.00029676416306756437,0.6300974488258362,0.6468346118927002,-0.005905477330088615,0.5948956608772278,0.6149635314941406,-0.01840977743268013,0.5722313523292542,0.5754303932189941,-0.03053961880505085,0.6850793957710266,0.5458194613456726,0.015649817883968353,0.6694821119308472,0.4750237762928009,0.00791833084076643,0.663862407207489,0.4342379570007324,0.0013192467158660293,0.659359872341156,0.40034833550453186,-0.004559805151075125,0.6992602944374084,0.5426685214042664,0.003226661588996649,0.6392679214477539,0.49376994371414185,-0.01494983397424221,0.599711000919342,0.5125719308853149,-0.02692287601530552,0.5803400278091431,0.5366936922073364,-0.031668879091739655,0.7070300579071045,0.5486025810241699,-0.01136287022382021,0.6448073983192444,0.5004534125328064,-0.03123536705970764,0.601127028465271,0.5231958627700806,-0.03840864822268486,0.5786844491958618,0.5528624653816223,-0.0384538397192955,0.7061105966567993,0.5636290907859802,-0.02606569230556488,0.6498549580574036,0.5247414112091064,-0.04166879504919052,0.6128399968147278,0.5303829908370972,-0.04616660252213478,0.5897272825241089,0.5489071607589722,-0.045722752809524536
D,0.7259055376052856,0.7104535102844238,-6.36540846699063e-08,0.6719440221786499,0.6838672757148743,-0.0009239754290319979,0.6328853368759155,0.6395211815834045,-0.007328152656555176,0.5978173017501831,0.6070619225502014,-0.019814053550362587,0.5744107365608215,0.5679796934127808,-0.03161804378032684,0.6853036880493164,0.5398060083389282,0.015335801057517529,0.672055721282959,0.470669150352478,0.006808700505644083,0.6666133403778076,0.4301726520061493,-0.00020100113761145622,0.6623919606208801,0.39623481035232544,-0.0063612754456698895,0.6992879509925842,0.535895049571991,0.0033695984166115522,0.6426336765289307,0.4870341718196869,-0.015748169273138046,0.6038339138031006,0.5046356320381165,-0.027867920696735382,0.5835999846458435,0.5272746682167053,-0.03257280960679054,0.7079916000366211,0.5407346487045288,-0.011049218475818634,0.6481917500495911,0.49322620034217834,-0.03235860541462898,0.6056217551231384,0.5159589052200317,-0.04014145955443382,0.5832784175872803,0.5460019111633301,-0.04026995226740837,0.7083871364593506,0.554313600063324,-0.025712070986628532,0.6524932980537415,0.5190882682800293,-0.04277709499001503,0.6157323718070984,0.5253461003303528,-0.048521168529987335,0.592629075050354,0.5436083078384399,-0.04883294925093651
D,0.7268021106719971,0.7030736804008484,-6.320301793039107e-08,0.6751276254653931,0.6778752207756042,-0.00047770855599083006,0.6359461545944214,0.6309235095977783,-0.006062036845833063,0.6007744669914246,0.5979593396186829,-0.017938027158379555,0.5767822265625,0.5587213635444641,-0.029298486188054085,0.687538206577301,0.5334484577178955,0.017439354211091995,0.6746625900268555,0.4642515778541565,0.010010218247771263,0.6691650152206421,0.4231371283531189,0.004154874477535486,0.6648924946784973,0.3902010917663574,-0.0010514728492125869,0.7012909650802612,0.5298442244529724,0.005035674665123224,0.6450038552284241,0.47807514667510986,-0.013192265294492245,0.6043639779090881,0.4973370134830475,-0.024076158180832863,0.5828944444656372,0.5235353112220764,-0.027306489646434784,0.7101327776908875,0.5349681377410889,-0.009903586469590664,0.6517893075942993,0.48495423793792725,-0.030573097988963127,0.6095080375671387,0.5084872245788574,-0.03723805397748947,0.5874801278114319,0.540041446685791,-0.03613501414656639,0.7110485434532166,0.5485498905181885,-0.025119516998529434,0.6572691202163696,0.5097187757492065,-0.04202726110816002,0.6207545399665833,0.5157122611999512,-0.046982865780591965,0.5978652238845825,0.5353084206581116,-0.046362027525901794
D,0.7299466133117676,0.6937794089317322,-6.588945211660757e-08,0.6791496872901917,0.6699296832084656,-0.0009065152262337506,0.6399869322776794,0.6231756806373596,-0.006439045537263155,0.604779839515686,0.5902374982833862,-0.018060512840747833,0.5802474021911621,0.5511742234230042,-0.02912890538573265,0.6893205046653748,0.5263345241546631,0.016293980181217194,0.6759689450263977,0.45678576827049255,0.008495720103383064,0.6704221963882446,0.4156574010848999,0.0026611792854964733,0.6663980484008789,0.3824204206466675,-0.0024645081721246243,0.7029412388801575,0.5228910446166992,0.0041594114154577255,0.6486596465110779,0.4711422026157379,-0.01449932437390089,0.6086031198501587,0.48921099305152893,-0.02512311562895775,0.5870895385742188,0.5144591331481934,-0.028054920956492424,0.7118182182312012,0.5277974009513855,-0.010586496442556381,0.6547833681106567,0.47745591402053833,-0.03178597614169121,0.6126720905303955,0.49995672702789307,-0.03854632005095482,0.5901457667350769,0.530642569065094,-0.03744238615036011,0.7132983207702637,0.5408497452735901,-0.025637978687882423,0.6601793766021729,0.5025725364685059,-0.043117836117744446,0.6240780353546143,0.5078685283660889,-0.04851052165031433,0.6009660959243774,0.5262864828109741,-0.04818350821733475
D,0.7319761514663696,0.6846232414245605,-6.147300979364445e-08,0.6811909079551697,0.6614367961883545,-0.00040269354940392077,0.64264976978302,0.6153144240379333,-0.005780292209237814,0.6080082058906555,0.5818886756896973,-0.017425455152988434,0.5839009881019592,0.542605996131897,-0.028517941012978554,0.6915915012359619,0.5192695260047913,0.018169205635786057,0.6795077919960022,0.4511255621910095,0.011144284158945084,0.6740268468856812,0.4102209210395813,0.005757070612162352,0.6699658632278442,0.37761008739471436,0.000876735255587846,0.704928994178772,0.5148614645004272,0.005883994046598673,0.6514280438423157,0.46307486295700073,-0.011872244998812675,0.611603856086731,0.48098793625831604,-0.02198513224720955,0.5900274515151978,0.5066179633140564,-0.024542827159166336,0.7139359712600708,0.5187448263168335,-0.009048927575349808,0.6568557620048523,0.4691580832004547,-0.029405971989035606,0.6152823567390442,0.49169760942459106,-0.03575563430786133,0.5931675434112549,0.5225704312324524,-0.03439437970519066,0.7158574461936951,0.530754566192627,-0.024324607104063034,0.6622439622879028,0.4940609037876129,-0.04127676412463188,0.6265321373939514,0.49998629093170166,-0.04653669893741608,0.6042398810386658,0.5189617276191711,-0.04612373188138008
D,0.735061764717102,0.6745762228965759,-5.944427172721589e-08,0.6844226121902466,0.6531915664672852,0.00040041047031991184,0.6451675891876221,0.6057240962982178,-0.0046075438149273396,0.6110145449638367,0.572401762008667,-0.015695281326770782,0.5865630507469177,0.5346932411193848,-0.026312392204999924,0.6953431963920593,0.5095251798629761,0.016881804913282394,0.6814029216766357,0.44181570410728455,0.009520621038973331,0.67633455991745,0.40015289187431335,0.004204121883958578,0.6733670830726624,0.36756202578544617,-0.0002638828009366989,0.708820104598999,0.505102276802063,0.004497412592172623,0.653684139251709,0.4533787965774536,-0.012481416575610638,0.6134528517723083,0.4729345738887787,-0.02102707326412201,0.5928901433944702,0.5006118416786194,-0.022370345890522003,0.7172966003417969,0.5099490880966187,-0.01040295697748661,0.6585986018180847,0.460366427898407,-0.029559975489974022,0.6169192790985107,0.4826793968677521,-0.03429349884390831,0.5957748293876648,0.5130360126495361,-0.03197241947054863,0.7182418704032898,0.5233847498893738,-0.025620359927415848,0.6643913984298706,0.48476269841194153,-0.04168013483285904,0.6306197643280029,0.49160146713256836,-0.04559379816055298,0.6112134456634521,0.5118716955184937,-0.04412606731057167
D,0.737392783164978,0.6654338240623474,-6.710384781172252e-08,0.6880520582199097,0.6447674036026001,-0.00013392699474934489,0.6488862633705139,0.597706139087677,-0.004562080837786198,0.6143998503684998,0.5641028881072998,-0.015071161091327667,0.5912476181983948,0.5246986150741577,-0.02507825195789337,0.6965134739875793,0.5041989684104919,0.018276397138834,0.6844996213912964,0.4363340437412262,0.011130375787615776,0.6793869137763977,0.39502936601638794,0.005825124680995941,0.6759165525436401,0.3622075319290161,0.0011962557910010219,0.7097524404525757,0.4993252158164978,0.006070308852940798,0.6578198671340942,0.4464711546897888,-0.011569070629775524,0.6183682084083557,0.46415966749191284,-0.02137422375380993,0.5968965888023376,0.49101999402046204,-0.02345372550189495,0.718822717666626,0.5029152631759644,-0.00877282116562128,0.6634007096290588,0.4526710510253906,-0.029210204258561134,0.6218618154525757,0.47428053617477417,-0.03558863326907158,0.5992566347122192,0.5043284893035889,-0.03404136747121811,0.7211741209030151,0.514479398727417,-0.023854214698076248,0.6688790321350098,0.47617167234420776,-0.04097898304462433,0.6346354484558105,0.4817051291465759,-0.04608733206987381,0.6134551763534546,0.5001081228256226,-0.04540276527404785
D,0.7388828992843628,0.6559401154518127,-4.81407766983466e-08,0.6902271509170532,0.635932445526123,0.0018805511062964797,0.6507763266563416,0.5882107615470886,-0.0017659487202763557,0.6172657012939453,0.5546376705169678,-0.01194037776440382,0.5944769978523254,0.5165719389915466,-0.021538883447647095,0.6982554793357849,0.4963558614253998,0.021109193563461304,0.6861162185668945,0.4282560348510742,0.015189334750175476,0.6812905669212341,0.38646388053894043,0.010835514403879642,0.6785882711410522,0.3537956476211548,0.006860107183456421,0.7105929255485535,0.49157944321632385,0.007894812151789665,0.6613941788673401,0.4374818801879883,-0.007660561241209507,0.6229114532470703,0.4544318914413452,-0.015629667788743973,0.6020763516426086,0.4811757802963257,-0.016588114202022552,0.7194481492042542,0.49458253383636475,-0.008016486652195454,0.666323184967041,0.4432111382484436,-0.026224005967378616,0.6241602301597595,0.46353679895401,-0.03149128705263138,0.6008638739585876,0.49259674549102783,-0.029753820970654488,0.7220645546913147,0.5054833889007568,-0.024225302040576935,0.6706349849700928,0.46771806478500366,-0.03981338441371918,0.636403501033783,0.47504857182502747,-0.04438718408346176,0.6156920194625854,0.4951234459877014,-0.04373391345143318
D,0.7416682839393616,0.6476038098335266,-6.605718994023846e-08,0.6935752630233765,0.6288576126098633,0.0012519753072410822,0.6538712978363037,0.5806289911270142,-0.0016681335400789976,0.6209503412246704,0.5463534593582153,-0.011047550477087498,0.5983887910842896,0.5076561570167542,-0.019931208342313766,0.7005186080932617,0.4891733229160309,0.021578937768936157,0.688689112663269,0.42168858647346497,0.015659824013710022,0.6834996342658997,0.38022416830062866,0.011161277070641518,0.68059241771698,0.34762442111968994,0.0070993029512465,0.7129197716712952,0.4841630458831787,0.008883027359843254,0.6658688187599182,0.43095630407333374,-0.007188452873378992,0.6267931461334229,0.4473482370376587,-0.016099078580737114,0.6049705147743225,0.4737233817577362,-0.017521049827337265,0.7220789194107056,0.4866316318511963,-0.006591833662241697,0.6706778407096863,0.43636617064476013,-0.025701988488435745,0.6292139291763306,0.45761942863464355,-0.03202776983380318,0.6064130663871765,0.48704177141189575,-0.03055078350007534,0.7253872156143188,0.49677544832229614,-0.022324316203594208,0.6744197607040405,0.45928508043289185,-0.03838067874312401,0.6404650211334229,0.46639397740364075,-0.043424688279628754,0.6201367378234863,0.486011266708374,-0.04290281608700752
D,0.7442577481269836,0.6403350830078125,-5.4019277939687527e-08,0.6967340707778931,0.6223161220550537,0.0014181704027578235,0.6569684743881226,0.5738673806190491,-0.0016541910590603948,0.6236311793327332,0.5399356484413147,-0.011248931288719177,0.6004330515861511,0.501724123954773,-0.020338216796517372,0.7031232118606567,0.4821028709411621,0.021865157410502434,0.6916003227233887,0.41550421714782715,0.016385290771722794,0.6864150762557983,0.37393683195114136,0.012293319217860699,0.6837539672851562,0.3415438234806061,0.008474411442875862,0.7154284119606018,0.4769788980484009,0.008982361294329166,0.6691163778305054,0.42319655418395996,-0.006298412103205919,0.6304978132247925,0.43943265080451965,-0.0142326969653368,0.6089345812797546,0.46517133712768555,-0.015002447180449963,0.7248544096946716,0.4794650673866272,-0.006700026802718639,0.6736292839050293,0.42880159616470337,-0.025053977966308594,0.6323701739311218,0.449372798204422,-0.030523380264639854,0.6095929741859436,0.478201299905777,-0.02864883653819561,0.7284621000289917,0.4899775981903076,-0.02272677607834339,0.67767333984375,0.45208078622817993,-0.03838663175702095,0.6437409520149231,0.4589401185512543,-0.04308173805475235,0.6235265135765076,0.4785093069076538,-0.0424201674759388
D,0.7472599148750305,0.6327497363090515,-5.7148898946479676e-08,0.7000058889389038,0.6149107813835144,0.001944824238307774,0.6595686078071594,0.5666765570640564,-0.0006474484107457101,0.6264402270317078,0.532341480255127,-0.009876616299152374,0.6048141717910767,0.49350303411483765,-0.018536118790507317,0.7062126398086548,0.4751377999782562,0.023556364700198174,0.6945158243179321,0.40894389152526855,0.018758172169327736,0.6889320611953735,0.3679655194282532,0.015071151778101921,0.6860461831092834,0.3359431028366089,0.011409797705709934,0.7182754874229431,0.46997347474098206,0.010487154126167297,0.6731263995170593,0.41598746180534363,-0.0042012226767838,0.6349491477012634,0.43186238408088684,-0.011915605515241623,0.613596498966217,0.45728304982185364,-0.01255396381020546,0.7274806499481201,0.471942663192749,-0.00544249452650547,0.6772352457046509,0.4214674234390259,-0.023239154368638992,0.6360118985176086,0.44151729345321655,-0.0286736898124218,0.6129189729690552,0.46958020329475403,-0.026877418160438538,0.7311464548110962,0.4817763864994049,-0.021724821999669075,0.6804041266441345,0.44524508714675903,-0.036998990923166275,0.6465256214141846,0.451890766620636,-0.04181993380188942,0.6262173652648926,0.47034117579460144,-0.04134576395153999
D,0.75117427110672,0.6260879635810852,-5.313905049320056e-08,0.7033295631408691,0.608964204788208,0.003068250836804509,0.6631523370742798,0.5602070689201355,0.0014117597602307796,0.6298967599868774,0.5250617265701294,-0.007231685798615217,0.6076213717460632,0.4860481917858124,-0.015479026362299919,0.7080058455467224,0.4695679843425751,0.02677372843027115,0.6970733404159546,0.4032430052757263,0.02290443144738674,0.691779375076294,0.36228784918785095,0.01942693069577217,0.6888564229011536,0.3303889036178589,0.015824204310774803,0.7201386094093323,0.46421700716018677,0.013312621042132378,0.6765478849411011,0.40887561440467834,-0.0008052884368225932,0.6383724212646484,0.4238407015800476,-0.009029284119606018,0.6161049008369446,0.4498398005962372,-0.009955874644219875,0.7297725081443787,0.46570703387260437,-0.003015879075974226,0.6810200810432434,0.41475626826286316,-0.02050778828561306,0.6402090787887573,0.4348987936973572,-0.02652369812130928,0.6166882514953613,0.463274747133255,-0.02500472404062748,0.7344881296157837,0.4748646914958954,-0.019609060138463974,0.6839970350265503,0.43891656398773193,-0.034523893147706985,0.6498746871948242,0.4449344277381897,-0.03961952030658722,0.6288616061210632,0.462194561958313,-0.03936384990811348
D,0.7537930607795715,0.6192359924316406,-4.450533452882155e-08,0.7056297063827515,0.601208508014679,0.00418047932907939,0.6658790111541748,0.5531481504440308,0.0028129173442721367,0.6331470608711243,0.5188735723495483,-0.006023569498211145,0.6111764907836914,0.4792064428329468,-0.014488199725747108,0.7105501890182495,0.4632423520088196,0.029593229293823242,0.6994579434394836,0.39741212129592896,0.026695728302001953,0.6940962076187134,0.3571603298187256,0.023630665615200996,0.6909884810447693,0.32557767629623413,0.02008756250143051,0.7227098941802979,0.45775026082992554,0.015215597115457058,0.6787181496620178,0.4035184681415558,0.00221993587911129,0.6404216289520264,0.41929060220718384,-0.005696798674762249,0.6187066435813904,0.44527149200439453,-0.006758949253708124,0.7323639988899231,0.4593029022216797,-0.0021235293243080378,0.6836071610450745,0.4086555540561676,-0.018567897379398346,0.6425495743751526,0.42877525091171265,-0.02423505112528801,0.6194142699241638,0.45712870359420776,-0.02290838025510311,0.7369649410247803,0.46871018409729004,-0.019772041589021683,0.6873303055763245,0.43168967962265015,-0.03406541422009468,0.653121829032898,0.43817138671875,-0.03882918134331703,0.6325411200523376,0.4569041132926941,-0.03861827775835991
D,0.7574788331985474,0.6153032779693604,-4.171736733837861e-08,0.7082440853118896,0.5970059633255005,0.0069581493735313416,0.6681619882583618,0.5488988161087036,0.007280001416802406,0.6351339817047119,0.515116274356842,-0.0005376894841901958,0.6142500638961792,0.47431236505508423,-0.008122860454022884,0.7141047716140747,0.459114134311676,0.036509525030851364,0.7031643390655518,0.39387914538383484,0.03651033714413643,0.6974547505378723,0.3542417883872986,0.034581106156110764,0.6937233209609985,0.3230940103530884,0.03136344254016876,0.7261393666267395,0.45298251509666443,0.021010877564549446,0.6822754740715027,0.39876440167427063,0.010686074383556843,0.6438617706298828,0.4135564863681793,0.002563351532444358,0.621951699256897,0.43983960151672363,0.0009260567021556199,0.7355143427848816,0.45399701595306396,0.002614343538880348,0.6866418719291687,0.4042665362358093,-0.011382373049855232,0.64566969871521,0.423967182636261,-0.017504677176475525,0.6224697232246399,0.45226919651031494,-0.01701360195875168,0.7401176691055298,0.4628778398036957,-0.01596507802605629,0.6903604865074158,0.4266771078109741,-0.028356775641441345,0.6562042832374573,0.43328648805618286,-0.03300568833947182,0.635507345199585,0.4520467221736908,-0.03312940523028374
D,0.7592565417289734,0.6130242943763733,-3.761425304560362e-08,0.7096071243286133,0.5939143300056458,0.01002883818000555,0.669858455657959,0.5468156933784485,0.011498816311359406,0.6368108987808228,0.5131375193595886,0.00384406722150743,0.6158972978591919,0.47155460715293884,-0.0038556037470698357,0.716474175453186,0.45734646916389465,0.04173309728503227,0.705917477607727,0.39164018630981445,0.043751660734415054,0.6997554898262024,0.3520396649837494,0.04302766174077988,0.6955992579460144,0.32096099853515625,0.040270544588565826,0.7289637327194214,0.4511670172214508,0.024334333837032318,0.6863415241241455,0.395596981048584,0.015569156967103481,0.6473090052604675,0.40903404355049133,0.00803047139197588,0.6252084970474243,0.4346342086791992,0.006488298997282982,0.7383502721786499,0.4522084593772888,0.0040161279030144215,0.6903122067451477,0.40126970410346985,-0.008879675529897213,0.6489317417144775,0.42054200172424316,-0.014676067978143692,0.6257109045982361,0.44883713126182556,-0.014357625506818295,0.7424312829971313,0.46106186509132385,-0.01635991409420967,0.6932124495506287,0.42349663376808167,-0.028302958235144615,0.6588078141212463,0.4299960434436798,-0.03293203189969063,0.6379929184913635,0.4488348364830017,-0.03336372971534729
D,0.7605838179588318,0.6118478178977966,-3.256704772525154e-08,0.7107293605804443,0.5926965475082397,0.009034676477313042,0.671431839466095,0.545935869216919,0.009707114659249783,0.6386005878448486,0.5122967958450317,0.0013822742039337754,0.6172791123390198,0.47057652473449707,-0.006848697550594807,0.7167677283287048,0.45626991987228394,0.03987591341137886,0.7069118618965149,0.3895200490951538,0.04037042334675789,0.701466977596283,0.3493972420692444,0.03879576548933983,0.6977683901786804,0.3178563117980957,0.035682350397109985,0.7295114994049072,0.45037025213241577,0.022690363228321075,0.6869724988937378,0.39377009868621826,0.012094455771148205,0.6478609442710876,0.40779587626457214,0.0037514022551476955,0.6255056858062744,0.43426352739334106,0.0020246992353349924,0.7393215894699097,0.4516119062900543,0.002560771070420742,0.6914909482002258,0.40028971433639526,-0.01180193293839693,0.6501027345657349,0.42017862200737,-0.017901470884680748,0.6268134117126465,0.4492431879043579,-0.01727781444787979,0.7440716028213501,0.4607163071632385,-0.01766243577003479,0.6955198645591736,0.422647625207901,-0.030389783903956413,0.6609009504318237,0.4279870390892029,-0.035225167870521545,0.6396564245223999,0.446114718914032,-0.035480797290802
D,0.7609362006187439,0.6137229204177856,-2.573200497124617e-08,0.7110624313354492,0.594072163105011,0.008422154933214188,0.6719586253166199,0.5475689172744751,0.00857799407094717,0.6391966938972473,0.5128324627876282,-0.00039999140426516533,0.6185134053230286,0.46941322088241577,-0.009330414235591888,0.7176610231399536,0.45894649624824524,0.04068298637866974,0.7076486945152283,0.3916266858577728,0.041056450456380844,0.7020426988601685,0.35084712505340576,0.03910306096076965,0.69846510887146,0.3182429075241089,0.03557493910193443,0.7307548522949219,0.45272982120513916,0.02342403493821621,0.6885715126991272,0.39536064863204956,0.012579021044075489,0.6495079398155212,0.4091043174266815,0.0034532544668763876,0.6267863512039185,0.4346308708190918,0.0010679292026907206,0.7408855557441711,0.4533519148826599,0.003091653576120734,0.6932358741760254,0.399489164352417,-0.011564777232706547,0.6512552499771118,0.4202139377593994,-0.018208157271146774,0.6271587014198303,0.45006150007247925,-0.018097903579473495,0.7456164956092834,0.46219760179519653,-0.017404574900865555,0.6964850425720215,0.423764169216156,-0.03042369708418846,0.6608299612998962,0.42958158254623413,-0.035707440227270126,0.6382453441619873,0.44800084829330444,-0.036473348736763
D,0.762413740158081,0.6178632378578186,-2.8838885057780317e-08,0.7108427882194519,0.5975035429000854,0.012265847064554691,0.6718962788581848,0.5506110191345215,0.01454744953662157,0.6396713852882385,0.5155287981033325,0.006674773059785366,0.6185318827629089,0.47224438190460205,-0.0014805427053943276,0.7167795896530151,0.46170997619628906,0.04633338004350662,0.7075366377830505,0.3943423330783844,0.048435911536216736,0.7023754119873047,0.352924644947052,0.04723644256591797,0.6989214420318604,0.319694459438324,0.0440339557826519,0.7303152084350586,0.45519959926605225,0.02714449353516102,0.6890031695365906,0.39846712350845337,0.017596537247300148,0.6490604281425476,0.4110207259654999,0.008434349671006203,0.6252287030220032,0.4360201954841614,0.005837057717144489,0.7407194972038269,0.45573297142982483,0.005006696563214064,0.6940969228744507,0.4014909267425537,-0.00882653333246708,0.6515607237815857,0.421550989151001,-0.01587287336587906,0.6268571019172668,0.4510716199874878,-0.016243577003479004,0.7455382347106934,0.4638078510761261,-0.01703064702451229,0.6966975927352905,0.4251919388771057,-0.029735900461673737,0.6607874631881714,0.4311821758747101,-0.03523225337266922,0.6381000280380249,0.4494669735431671,-0.03624322637915611
D,0.761135995388031,0.6225717067718506,-2.2429778923083177e-08,0.7098109722137451,0.60130774974823,0.010354352183640003,0.6709511280059814,0.5544047355651855,0.011337179690599442,0.6386475563049316,0.5197906494140625,0.002526294207200408,0.6179414391517639,0.4759765565395355,-0.006438535638153553,0.7161081433296204,0.46484988927841187,0.04271550104022026,0.7070088386535645,0.3968849778175354,0.04260716587305069,0.7017205953598022,0.35495004057884216,0.040039218962192535,0.6981551647186279,0.3215014934539795,0.03613361343741417,0.7295038104057312,0.45871397852897644,0.024086980149149895,0.6875399947166443,0.40192821621894836,0.012181486934423447,0.6475909352302551,0.4157729148864746,0.0021088842768222094,0.6241178512573242,0.44200149178504944,-0.0007464264053851366,0.7399222254753113,0.4595958888530731,0.0024415175430476665,0.6928730010986328,0.40486443042755127,-0.01317386981099844,0.6497485041618347,0.4253537058830261,-0.020450515672564507,0.6248012185096741,0.4555412530899048,-0.020530372858047485,0.7448644638061523,0.4680008292198181,-0.019199209287762642,0.6967843770980835,0.42774537205696106,-0.03291276469826698,0.6608546376228333,0.4337382912635803,-0.03837085887789726,0.6381912231445312,0.45291587710380554,-0.03906373307108879
D,0.7584936022758484,0.6277872323989868,-6.317530054644749e-09,0.7077443599700928,0.6070576906204224,0.005642580799758434,0.6692643165588379,0.5603303909301758,0.004126422572880983,0.6371493339538574,0.5250463485717773,-0.006048228126019239,0.616411566734314,0.4814349412918091,-0.015993643552064896,0.714614987373352,0.46926987171173096,0.03522145375609398,0.7058426737785339,0.40152889490127563,0.033079661428928375,0.7005805373191833,0.359291136264801,0.02979367785155773,0.6973817944526672,0.32539671659469604,0.025611648336052895,0.7279946804046631,0.4641048312187195,0.018964815884828568,0.6877424716949463,0.40834546089172363,0.005927941296249628,0.6492689251899719,0.41978558897972107,-0.003916943445801735,0.6257151365280151,0.4418794512748718,-0.006867399904876947,0.7388889789581299,0.46505194902420044,-0.0005299992626532912,0.6928415894508362,0.4099944829940796,-0.01788562349975109,0.6500508785247803,0.42999938130378723,-0.02551375702023506,0.6246970295906067,0.4598815143108368,-0.025737086310982704,0.7440413236618042,0.47305452823638916,-0.02028154581785202,0.6957542300224304,0.4338560402393341,-0.035517603158950806,0.6595860123634338,0.43970081210136414,-0.04179148003458977,0.636124849319458,0.4585908055305481,-0.04301188141107559
D,0.7545742392539978,0.6346042156219482,-2.172310509251929e-08,0.7052671909332275,0.61573326587677,0.0005574182723648846,0.6667152047157288,0.5684606432914734,-0.003180593019351363,0.6337176561355591,0.5332565903663635,-0.013794108293950558,0.6137478947639465,0.4902456998825073,-0.02376522310078144,0.7147284746170044,0.4743199944496155,0.02497953176498413,0.7056947946548462,0.40562862157821655,0.019676318392157555,0.7002845406532288,0.36292794346809387,0.014683591201901436,0.697389543056488,0.32908618450164795,0.009784597903490067,0.7277696132659912,0.4696720242500305,0.011734207160770893,0.6839195489883423,0.41382282972335815,-0.0035062115639448166,0.6447612643241882,0.42706942558288574,-0.013385462574660778,0.6223823428153992,0.4499051570892334,-0.01615312322974205,0.7383628487586975,0.47198644280433655,-0.004664960782974958,0.6906840801239014,0.4160628914833069,-0.023491842672228813,0.6480443477630615,0.43610620498657227,-0.030404865741729736,0.6239768862724304,0.4653208255767822,-0.029805799946188927,0.7427167892456055,0.4820069372653961,-0.021567869931459427,0.6938747763633728,0.44057613611221313,-0.037871912121772766,0.6577170491218567,0.4457596242427826,-0.04379381984472275,0.63460773229599,0.4640207886695862,-0.04431323707103729
D,0.7527278661727905,0.6424179077148438,-4.3583362696608674e-08,0.7032404541969299,0.624310314655304,-0.002856634557247162,0.6648226380348206,0.5777565836906433,-0.008693957701325417,0.6313000321388245,0.5421561598777771,-0.020150957629084587,0.6096305847167969,0.5002447962760925,-0.030836114659905434,0.7137991189956665,0.4791141152381897,0.016581082716584206,0.7028151750564575,0.4100932776927948,0.00816700141876936,0.6967717409133911,0.3676871955394745,0.001294460380449891,0.6935772895812988,0.3339904248714447,-0.0044809491373598576,0.7270985245704651,0.47443124651908875,0.005528046749532223,0.6799153685569763,0.42102569341659546,-0.01290429662913084,0.640513002872467,0.4359378516674042,-0.0242746714502573,0.6192229986190796,0.4587940573692322,-0.027764752507209778,0.736908495426178,0.47800326347351074,-0.00841048639267683,0.6863437294960022,0.42755913734436035,-0.029297327622771263,0.643161416053772,0.44795385003089905,-0.03689251467585564,0.6195286512374878,0.4751521646976471,-0.03652384504675865,0.7403716444969177,0.4904903769493103,-0.022847183048725128,0.690101683139801,0.4526858925819397,-0.04016994684934616,0.6535944938659668,0.45737090706825256,-0.04619864746928215,0.6304345726966858,0.4728958010673523,-0.04645828157663345
D,0.7509212493896484,0.6523743867874146,-4.36942997339429e-08,0.700167179107666,0.6341539621353149,-0.003185912733897567,0.6619596481323242,0.5861536264419556,-0.00920878630131483,0.6280557513237,0.550095796585083,-0.02073264680802822,0.6054781079292297,0.5084891319274902,-0.031575992703437805,0.7106860280036926,0.4865664839744568,0.01543009839951992,0.6998409032821655,0.4165055453777313,0.006554323714226484,0.6940547227859497,0.37391889095306396,-0.0006703071994706988,0.6916438341140747,0.3398763835430145,-0.006613429635763168,0.7240689396858215,0.4821698069572449,0.004819826222956181,0.6760834455490112,0.42853879928588867,-0.013623436912894249,0.6362608075141907,0.4445246160030365,-0.025242572650313377,0.6160733103752136,0.4665570557117462,-0.029007216915488243,0.7338285446166992,0.48618367314338684,-0.008576900698244572,0.6830477118492126,0.435832142829895,-0.029361028224229813,0.6385982632637024,0.45679378509521484,-0.03705229237675667,0.6150845885276794,0.48352450132369995,-0.03682345151901245,0.7367958426475525,0.4994033873081207,-0.022417128086090088,0.6858121752738953,0.46170565485954285,-0.03896467760205269,0.6489856839179993,0.4686512351036072,-0.04427430033683777,0.6263641715049744,0.4864967167377472,-0.044111959636211395
D,0.7494039535522461,0.6649691462516785,-5.125996693777779e-08,0.6971883773803711,0.645138144493103,0.0005055823130533099,0.6590880155563354,0.5962769389152527,-0.004324291832745075,0.6252155303955078,0.5602574944496155,-0.016012050211429596,0.6023849248886108,0.5175519585609436,-0.027169354259967804,0.7092406153678894,0.495501309633255,0.021570483222603798,0.698784589767456,0.4251915216445923,0.014161861501634121,0.6920630931854248,0.38242992758750916,0.007958839647471905,0.6894057393074036,0.3481622338294983,0.002426442690193653,0.7231419682502747,0.4906577467918396,0.008259455673396587,0.6747104525566101,0.4371628761291504,-0.008906339295208454,0.6332521438598633,0.4535369873046875,-0.01979094184935093,0.6124837398529053,0.47561246156692505,-0.023372383788228035,0.7325208187103271,0.49419426918029785,-0.00796370767056942,0.6799983978271484,0.4433818459510803,-0.028139851987361908,0.6345440149307251,0.46579018235206604,-0.0352952815592289,0.6111555099487305,0.4936498701572418,-0.03502710908651352,0.7342252731323242,0.5068541765213013,-0.02450983040034771,0.6807583570480347,0.4699481725692749,-0.04104744270443916,0.6439522504806519,0.4788125455379486,-0.04626709595322609,0.6224072575569153,0.4981875419616699,-0.04623032361268997
D,0.7479615807533264,0.6756395101547241,-5.703243743937492e-08,0.6944889426231384,0.6548513174057007,-0.0007464679074473679,0.656692385673523,0.6061640977859497,-0.006668753456324339,0.6223925948143005,0.5706425905227661,-0.018995333462953568,0.599401593208313,0.5279541015625,-0.030790554359555244,0.707882285118103,0.5039776563644409,0.017731139436364174,0.6964771151542664,0.4323020577430725,0.008853710256516933,0.6898022294044495,0.38873839378356934,0.0014949269825592637,0.6870022416114807,0.3535342216491699,-0.0048162625171244144,0.7219849228858948,0.49941837787628174,0.004997617099434137,0.6711578369140625,0.4455587863922119,-0.013897856697440147,0.6295526027679443,0.4631381630897522,-0.025625834241509438,0.6090561747550964,0.4863511621952057,-0.029689211398363113,0.7312307953834534,0.5040536522865295,-0.010482251644134521,0.6771937608718872,0.4524514973163605,-0.03171730786561966,0.6312299370765686,0.4744883179664612,-0.039036158472299576,0.607611894607544,0.5024202466011047,-0.03882027044892311,0.7324659824371338,0.518221378326416,-0.02631242200732231,0.6789665818214417,0.480258584022522,-0.04338027909398079,0.6414605379104614,0.48880892992019653,-0.04855303093791008,0.6190299987792969,0.5085139274597168,-0.04842148721218109
D,0.7465067505836487,0.6880146265029907,-7.246812572248018e-08,0.6931286454200745,0.6666626930236816,-0.002295664045959711,0.6547699570655823,0.6179189682006836,-0.008707823231816292,0.620017409324646,0.5818172097206116,-0.020978303626179695,0.5974416136741638,0.5389803051948547,-0.03264135494828224,0.7069738507270813,0.5130104422569275,0.01468057930469513,0.6957182288169861,0.44205033779144287,0.004901830572634935,0.6889182925224304,0.3984033465385437,-0.0027959386352449656,0.6862080693244934,0.3632398247718811,-0.009136216714978218,0.7208746075630188,0.5084702372550964,0.0032767963130027056,0.6682280898094177,0.4565381407737732,-0.015981264412403107,0.6261520981788635,0.4748537540435791,-0.02737433835864067,0.605847954750061,0.4980218708515167,-0.031212057918310165,0.729647696018219,0.5134837627410889,-0.010877614840865135,0.6741737127304077,0.463511198759079,-0.03269025683403015,0.6277450919151306,0.48587220907211304,-0.03991316631436348,0.604266345500946,0.5140705704689026,-0.039512354880571365,0.7301905751228333,0.5282261967658997,-0.025415249168872833,0.6761370301246643,0.4918612837791443,-0.04270753636956215,0.6387099027633667,0.5019673109054565,-0.047740861773490906,0.61653733253479,0.5230115056037903,-0.0473557710647583
D,0.7444374561309814,0.701789140701294,-6.881256808810576e-08,0.6909713745117188,0.6794723272323608,-0.0027476605027914047,0.652550995349884,0.6307766437530518,-0.010060897096991539,0.6179401278495789,0.5942151546478271,-0.02315077930688858,0.5946183204650879,0.5512520670890808,-0.03555293753743172,0.7055768370628357,0.5229415893554688,0.012560339644551277,0.6931751370429993,0.4515404999256134,0.0021922129672020674,0.6860896348953247,0.40708285570144653,-0.005277467425912619,0.6833903193473816,0.37174999713897705,-0.011261599138379097,0.7196435928344727,0.5187116861343384,0.0011606893967837095,0.665992021560669,0.46709829568862915,-0.018122553825378418,0.6237433552742004,0.486270010471344,-0.028120890259742737,0.6037989854812622,0.5093001127243042,-0.030934210866689682,0.7279912829399109,0.5244097709655762,-0.013035882264375687,0.6711739301681519,0.47454833984375,-0.03493771702051163,0.624872088432312,0.49801531434059143,-0.0406159870326519,0.6023042798042297,0.5271776914596558,-0.03914547711610794,0.7277609705924988,0.5399864315986633,-0.02774394303560257,0.6733823418617249,0.5034062266349792,-0.04513751342892647,0.6358863711357117,0.5138886570930481,-0.04948171228170395,0.6142309308052063,0.5354710221290588,-0.04850190132856369
D,0.7441942095756531,0.7173563241958618,-8.469193346627435e-08,0.6907354593276978,0.694300651550293,-0.0015094256959855556,0.6527247428894043,0.6454890966415405,-0.008565285243093967,0.6173890233039856,0.6091352105140686,-0.021835174411535263,0.5920848846435547,0.5665585398674011,-0.03457586467266083,0.7033053040504456,0.535436749458313,0.01335397269576788,0.6909655928611755,0.4632362425327301,0.0027580943424254656,0.6840012073516846,0.41814619302749634,-0.0045867739245295525,0.6812909245491028,0.38170939683914185,-0.010491959750652313,0.7177711725234985,0.5307572484016418,0.0009336267248727381,0.6624851822853088,0.4796528220176697,-0.018764358013868332,0.6209667325019836,0.4998590052127838,-0.028774874284863472,0.6011826395988464,0.5236756205558777,-0.031536854803562164,0.7263471484184265,0.5364838242530823,-0.014264839701354504,0.6674602627754211,0.48829805850982666,-0.03679675981402397,0.6221487522125244,0.5126185417175293,-0.04252549260854721,0.5998647212982178,0.5420252680778503,-0.04100332036614418,0.7263579368591309,0.5516960620880127,-0.02986236847937107,0.6699368953704834,0.5154035091400146,-0.047731589525938034,0.6327006816864014,0.5267425775527954,-0.05212632939219475,0.6112387776374817,0.548643171787262,-0.051149025559425354
D,0.7428766489028931,0.7328611016273499,-9.548088542032929e-08,0.6882506608963013,0.7079191207885742,-0.0007647367310710251,0.6506299376487732,0.6595310568809509,-0.0076760235242545605,0.6149501800537109,0.623363196849823,-0.020844990387558937,0.5889949798583984,0.5820617079734802,-0.03351201117038727,0.702846348285675,0.5490341782569885,0.013513988815248013,0.6892755627632141,0.4755684733390808,0.0031393549870699644,0.6821701526641846,0.43036675453186035,-0.0041183847934007645,0.6791427135467529,0.3935314118862152,-0.009884706698358059,0.7170007228851318,0.5441709160804749,0.0011080056428909302,0.6580179929733276,0.4940568208694458,-0.0182353425770998,0.6168469190597534,0.5160180330276489,-0.02827555686235428,0.5978794693946838,0.5404081344604492,-0.031152337789535522,0.7250339388847351,0.5498787760734558,-0.013892951421439648,0.6633848547935486,0.5032267570495605,-0.03575107455253601,0.6185091137886047,0.5283634066581726,-0.041477274149656296,0.5966530442237854,0.5581026673316956,-0.04009971395134926,0.7242587804794312,0.564766526222229,-0.029189275577664375,0.6664078831672668,0.5293684601783752,-0.04602070152759552,0.6294916272163391,0.5415270924568176,-0.04987465217709541,0.6083734631538391,0.5643734931945801,-0.048626966774463654
D,0.7401460409164429,0.7468359470367432,-1.0269618400116087e-07,0.6847133636474609,0.7206273078918457,-0.0023517354857176542,0.6470547318458557,0.6728922724723816,-0.00983395241200924,0.6115810871124268,0.6371015310287476,-0.02313864603638649,0.585918128490448,0.5968768000602722,-0.035927001386880875,0.7012040019035339,0.5614782571792603,0.011423429474234581,0.6871772408485413,0.48812174797058105,0.0007421999471262097,0.679154634475708,0.4431116580963135,-0.006836774293333292,0.6746857762336731,0.4060826301574707,-0.012855644337832928,0.7151787281036377,0.557054340839386,5.725289884139784e-05,0.6547713279724121,0.506985068321228,-0.020054234191775322,0.6133124828338623,0.5299155712127686,-0.030975783243775368,0.5934928059577942,0.5548097491264343,-0.034271955490112305,0.7229364514350891,0.5633634924888611,-0.013821220956742764,0.6609569787979126,0.5170342326164246,-0.03635116294026375,0.6162460446357727,0.5431050658226013,-0.0428636372089386,0.5939207673072815,0.5741352438926697,-0.04173335060477257,0.7215112447738647,0.5792351365089417,-0.02800113335251808,0.6641043424606323,0.5444754958152771,-0.04489649459719658,0.6274518370628357,0.5570555925369263,-0.04891514033079147,0.6060017347335815,0.580386757850647,-0.047627002000808716
D,0.7375727891921997,0.7628557682037354,-1.2043777530834632e-07,0.6814849376678467,0.7368547916412354,-0.0009548708912916481,0.6444937586784363,0.6877716779708862,-0.007908923551440239,0.6091260313987732,0.6513152122497559,-0.020956002175807953,0.5824342370033264,0.6118701696395874,-0.03366967290639877,0.6979169845581055,0.5766085386276245,0.011072327382862568,0.6835000514984131,0.5022075772285461,-0.00021983702026773244,0.6761633157730103,0.45548832416534424,-0.008090509101748466,0.6726123690605164,0.4178938865661621,-0.014192398637533188,0.7121452689170837,0.5716986060142517,-0.0010703228181228042,0.6503382325172424,0.5205843448638916,-0.02097288705408573,0.6085607409477234,0.5447108745574951,-0.030887329950928688,0.5894633531570435,0.571685254573822,-0.03374301269650459,0.7201253175735474,0.577787458896637,-0.015669872984290123,0.656873881816864,0.5309317708015442,-0.037759266793727875,0.6129451394081116,0.5582535862922668,-0.04308301582932472,0.592232882976532,0.5902777910232544,-0.04149673506617546,0.7188223600387573,0.5936808586120605,-0.030575376003980637,0.6608036160469055,0.5586196184158325,-0.04713080823421478,0.6250126957893372,0.5723879933357239,-0.050527408719062805,0.605516791343689,0.597025454044342,-0.048995550721883774
D,0.735440194606781,0.777773916721344,-1.1780571185227018e-07,0.6786766648292542,0.750037670135498,-3.8161564589245245e-05,0.6419578790664673,0.7017179727554321,-0.007180807180702686,0.60664963722229,0.6668710708618164,-0.02061403915286064,0.5791346430778503,0.6286135315895081,-0.03388269618153572,0.6966663002967834,0.5888584852218628,0.011039422824978828,0.6811712384223938,0.5140647292137146,-0.0003380953276064247,0.6742364764213562,0.4672930836677551,-0.008672099560499191,0.6703884601593018,0.4292069673538208,-0.015208534896373749,0.7107124924659729,0.5846648812294006,-0.001800101832486689,0.64680016040802,0.5346778035163879,-0.021899154409766197,0.6047963500022888,0.5585224032402039,-0.03254245966672897,0.5849764347076416,0.5855196714401245,-0.036160826683044434,0.7179011106491089,0.5916574001312256,-0.01693153940141201,0.6533186435699463,0.5459146499633789,-0.03878382220864296,0.6092798113822937,0.5730715394020081,-0.04451998323202133,0.587914228439331,0.6052224636077881,-0.04352576658129692,0.7156552672386169,0.6083382964134216,-0.03231054171919823,0.6579087972640991,0.5730447769165039,-0.04866761714220047,0.6220685839653015,0.5870057940483093,-0.05209401622414589,0.6018158197402954,0.6121729612350464,-0.050763409584760666
D,0.7353453636169434,0.7941073179244995,-1.339668642685865e-07,0.6760321259498596,0.7635610103607178,0.003794739255681634,0.6391286253929138,0.7148572206497192,-0.0023501762188971043,0.6027297377586365,0.6803135871887207,-0.015536166727542877,0.5756430625915527,0.641434371471405,-0.028830543160438538,0.6972740888595581,0.6018642783164978,0.014541298151016235,0.6795228719711304,0.5261820554733276,0.004552360624074936,0.6727307438850403,0.4796358346939087,-0.0036033615469932556,0.668013870716095,0.4408677816390991,-0.01051334198564291,0.71129310131073,0.5982757210731506,-0.00011843987158499658,0.6426568031311035,0.548140823841095,-0.01872561126947403,0.6005474925041199,0.5728148221969604,-0.02983267791569233,0.5811082124710083,0.6002902984619141,-0.03460533916950226,0.7175973057746887,0.6062188148498535,-0.01662418432533741,0.6503245830535889,0.5600834488868713,-0.03614203259348869,0.6058279275894165,0.5870024561882019,-0.041557133197784424,0.5842581391334534,0.6193442344665527,-0.041367627680301666,0.7138313055038452,0.6234267950057983,-0.03315553814172745,0.6559929251670837,0.588029146194458,-0.047475673258304596,0.6194213032722473,0.6008586883544922,-0.05040620267391205,0.5981048345565796,0.6253414750099182,-0.04943743348121643
D,0.7342207431793213,0.8038586378097534,-1.394775210883381e-07,0.6754748821258545,0.7743851542472839,0.004093735478818417,0.6390261054039001,0.7248484492301941,-0.002095577074214816,0.602143406867981,0.6893549561500549,-0.015477224253118038,0.5721719264984131,0.6513196229934692,-0.02912203222513199,0.6944761276245117,0.6111074686050415,0.014062413945794106,0.6764681339263916,0.5352827310562134,0.003943916410207748,0.6698312163352966,0.4885866343975067,-0.00394779909402132,0.665919303894043,0.44944125413894653,-0.010723287239670753,0.7089459896087646,0.6081545352935791,-0.0008223004988394678,0.6405776143074036,0.5581657290458679,-0.01978008821606636,0.5981574654579163,0.5821822285652161,-0.03024885058403015,0.5784156322479248,0.6085304021835327,-0.0346638448536396,0.7156581282615662,0.6168926954269409,-0.01759866066277027,0.6471318602561951,0.5710839629173279,-0.03771631047129631,0.6029008626937866,0.598311722278595,-0.04263035207986832,0.5816037654876709,0.6300709247589111,-0.04217594861984253,0.7125421762466431,0.6346184015274048,-0.03441770002245903,0.653039813041687,0.5997358560562134,-0.04960838705301285,0.6167807579040527,0.6124756336212158,-0.05293382704257965,0.5959603786468506,0.6361272931098938,-0.052296727895736694
D,0.7328214049339294,0.8098925352096558,-1.4052157837340928e-07,0.6729010343551636,0.7798866033554077,0.005067762918770313,0.6362267732620239,0.7317299842834473,-0.0016517805634066463,0.5990362763404846,0.6971039175987244,-0.015532808378338814,0.5700412392616272,0.6586078405380249,-0.029872601851820946,0.6955243349075317,0.6183851957321167,0.012627801857888699,0.6757771372795105,0.5420330762863159,0.0027765471022576094,0.6696003675460815,0.49551042914390564,-0.005027818027883768,0.6656875610351562,0.4562159776687622,-0.01172649022191763,0.7099401354789734,0.6159504652023315,-0.0023193289525806904,0.6383139491081238,0.564876139163971,-0.020711341872811317,0.5952819585800171,0.5898693799972534,-0.03093673847615719,0.5758594274520874,0.6172376871109009,-0.03540915250778198,0.7156000137329102,0.6259050369262695,-0.018720747902989388,0.6441377997398376,0.5799404978752136,-0.03757452592253685,0.5997960567474365,0.6080759167671204,-0.04174627736210823,0.579339861869812,0.6402707099914551,-0.04110470041632652,0.7110830545425415,0.6446154713630676,-0.03499927744269371,0.6500184535980225,0.6097510457038879,-0.049111396074295044,0.6132171154022217,0.6224991083145142,-0.05175041779875755,0.5925160050392151,0.6460939049720764,-0.050745889544487
D,0.7323565483093262,0.8164763450622559,-1.38040164188169e-07,0.6726784706115723,0.7846599221229553,0.005943208001554012,0.635610818862915,0.7359894514083862,-0.0009063074830919504,0.5972204804420471,0.7024303078651428,-0.014900721609592438,0.5672948360443115,0.6645927429199219,-0.02943861111998558,0.6948086619377136,0.6243923902511597,0.011992938816547394,0.674130380153656,0.5462195873260498,0.0019636773504316807,0.6682295799255371,0.49948784708976746,-0.006199034862220287,0.6641663908958435,0.4598827660083771,-0.013190915808081627,0.7094014883041382,0.6225595474243164,-0.003353389911353588,0.636330783367157,0.5709115266799927,-0.021703029051423073,0.5938045382499695,0.596579909324646,-0.03216554969549179,0.5748746991157532,0.6250126361846924,-0.03699629381299019,0.7148615121841431,0.6333736777305603,-0.019899284467101097,0.6423497200012207,0.5870354175567627,-0.03792251646518707,0.5984636545181274,0.6152573227882385,-0.04159940406680107,0.5783591270446777,0.6471559405326843,-0.04093819484114647,0.71003657579422,0.6530975103378296,-0.03625870123505592,0.6488714218139648,0.6170058250427246,-0.04923218861222267,0.6120805144309998,0.6289215087890625,-0.05108114704489708,0.5911163091659546,0.6517323851585388,-0.04976055398583412
D,0.7336766123771667,0.8196218609809875,-1.4255044789024396e-07,0.6720665097236633,0.7873634099960327,0.007737637497484684,0.6349706053733826,0.7400419116020203,0.001135319354943931,0.597698450088501,0.7060992121696472,-0.01323889009654522,0.568964421749115,0.6675081253051758,-0.02833210863173008,0.6949910521507263,0.626680850982666,0.014453090727329254,0.6740643382072449,0.5500410795211792,0.005543495994061232,0.6683453321456909,0.5040209293365479,-0.0016351202502846718,0.6645395755767822,0.4645763039588928,-0.008113103918731213,0.7100261449813843,0.6247779130935669,-0.0019767796620726585,0.6351845860481262,0.5752298831939697,-0.019568664953112602,0.5928446054458618,0.6020474433898926,-0.02936575748026371,0.5743954181671143,0.6291941404342651,-0.03387044742703438,0.715357780456543,0.6355289816856384,-0.019573446363210678,0.6412966251373291,0.5902109742164612,-0.03755313158035278,0.5970591902732849,0.6187280416488647,-0.04087274521589279,0.5767945647239685,0.6502355933189392,-0.04008103907108307,0.7099901437759399,0.6547888517379761,-0.036855410784482956,0.6471226811408997,0.6197100281715393,-0.050279419869184494,0.6100280284881592,0.6322502493858337,-0.052240073680877686,0.5889766216278076,0.6552166938781738,-0.051017552614212036
D,0.7339447736740112,0.8197840452194214,-1.190827205732603e-07,0.671730101108551,0.788375973701477,0.00797672662883997,0.634945273399353,0.7423262596130371,0.0016693354118615389,0.5976027250289917,0.7082701921463013,-0.01250280998647213,0.5691816806793213,0.6687454581260681,-0.02746463194489479,0.6934041976928711,0.6277215480804443,0.017124168574810028,0.6735203266143799,0.5513699054718018,0.009802301414310932,0.6679971814155579,0.5056206583976746,0.002808538032695651,0.663699746131897,0.46623408794403076,-0.0039048008620738983,0.7088181376457214,0.6252095699310303,0.0008521535783074796,0.6361401081085205,0.5774310231208801,-0.0152286347001791,0.5933029055595398,0.601826548576355,-0.025673650205135345,0.5735992193222046,0.6281207799911499,-0.031174389645457268,0.7141714692115784,0.635325014591217,-0.016586730256676674,0.6422700881958008,0.5925334692001343,-0.032830338925123215,0.5980995893478394,0.6199584603309631,-0.03683847561478615,0.5769173502922058,0.6513975858688354,-0.03712823987007141,0.7089419960975647,0.6546008586883545,-0.03382422402501106,0.6478275060653687,0.6235812902450562,-0.045968104153871536,0.6103846430778503,0.6345875263214111,-0.048468735069036484,0.5879056453704834,0.6555618047714233,-0.04808696359395981
D,0.7347701191902161,0.8214463591575623,-1.1359970386592977e-07,0.6716216206550598,0.7877734899520874,0.0100843645632267,0.6337187886238098,0.7398567795753479,0.004516805522143841,0.5963305234909058,0.7050673961639404,-0.009740856476128101,0.5681886672973633,0.6644941568374634,-0.0246978010982275,0.6940084099769592,0.62824547290802,0.020617393776774406,0.6737499237060547,0.5517159700393677,0.013127477839589119,0.6681738495826721,0.5058320760726929,0.005627526436001062,0.6634997725486755,0.46581047773361206,-0.001694902079179883,0.7097213864326477,0.625986635684967,0.0021761988755315542,0.6368507146835327,0.5788525938987732,-0.015000834129750729,0.5953646898269653,0.6015097498893738,-0.026968495920300484,0.576008677482605,0.6248538494110107,-0.033459752798080444,0.7153197526931763,0.6354295611381531,-0.017456039786338806,0.6428284049034119,0.5915846228599548,-0.03467075526714325,0.5989485383033752,0.6180778741836548,-0.039345815777778625,0.5771360397338867,0.6481071710586548,-0.03990650177001953,0.7098940014839172,0.6544284820556641,-0.03682070970535278,0.6471766233444214,0.622327983379364,-0.049817416816949844,0.6088110208511353,0.6315975785255432,-0.0527641735970974,0.5848381519317627,0.6506736278533936,-0.05270005017518997
D,0.73624587059021,0.8201236724853516,-9.823140345588399e-08,0.6725277304649353,0.7848011255264282,0.010297970846295357,0.6362943053245544,0.7346530556678772,0.005248504690825939,0.6002312898635864,0.6991472244262695,-0.00870269350707531,0.570430338382721,0.6588524580001831,-0.023291364312171936,0.6948041319847107,0.6253213882446289,0.02184593491256237,0.6755608320236206,0.5492929816246033,0.014028648845851421,0.6702272295951843,0.5028843879699707,0.006001051049679518,0.6660539507865906,0.4625599980354309,-0.0016304408200085163,0.7095339298248291,0.6230850219726562,0.003032540902495384,0.6384716033935547,0.5771644711494446,-0.014354975894093513,0.5969029664993286,0.5983259081840515,-0.0267496258020401,0.5769025087356567,0.6201899647712708,-0.03356759622693062,0.7145999073982239,0.6314921975135803,-0.01716304011642933,0.6420396566390991,0.5878759622573853,-0.03518690541386604,0.5984027981758118,0.6146948337554932,-0.04064663127064705,0.5767173171043396,0.6457017064094543,-0.04164724797010422,0.7091052532196045,0.6491431593894958,-0.03714325651526451,0.646384596824646,0.6170831918716431,-0.05117645487189293,0.6085931062698364,0.6271648406982422,-0.054675132036209106,0.5852378606796265,0.6479306221008301,-0.05492646247148514
D,0.7374125719070435,0.8147040009498596,-1.0802249050811952e-07,0.672850489616394,0.7783069014549255,0.010011157020926476,0.6351553797721863,0.7284420728683472,0.0056612445041537285,0.598907470703125,0.6942552328109741,-0.006951236631721258,0.5720924735069275,0.6544595956802368,-0.02011689729988575,0.696540355682373,0.6199186444282532,0.020030759274959564,0.6755087971687317,0.5442983508110046,0.012414761818945408,0.6701417565345764,0.500328004360199,0.004238728899508715,0.6654083728790283,0.46089187264442444,-0.003498522797599435,0.7113058567047119,0.6189959049224854,0.0023092019837349653,0.6382774710655212,0.5726042985916138,-0.015174285508692265,0.5968098640441895,0.5948458909988403,-0.028734760358929634,0.5774993300437927,0.6177513003349304,-0.03636739030480385,0.716422438621521,0.629133939743042,-0.016413932666182518,0.6438472867012024,0.5837088227272034,-0.03427617996931076,0.5989314317703247,0.6100642085075378,-0.04086259752511978,0.5765985250473022,0.6404282450675964,-0.04248273745179176,0.710882306098938,0.6483623385429382,-0.03461509197950363,0.6491815447807312,0.6123121380805969,-0.048202335834503174,0.6104395985603333,0.6207348108291626,-0.051609739661216736,0.5862233638763428,0.6407963037490845,-0.05163116008043289
D,0.7354562282562256,0.8069836497306824,-8.696956399489864e-08,0.6726224422454834,0.7712516188621521,0.005419814959168434,0.6348876953125,0.7223820090293884,-0.0011314296862110496,0.5985877513885498,0.6885331869125366,-0.015270384959876537,0.5730922222137451,0.6484853625297546,-0.02966793067753315,0.6974893808364868,0.6137131452560425,0.016812972724437714,0.6765863299369812,0.5385021567344666,0.007851398549973965,0.6713079214096069,0.4952550530433655,-0.0011416171910241246,0.6661959886550903,0.4569384455680847,-0.009333676658570766,0.7114070653915405,0.6127018332481384,0.0007948143756948411,0.6385263204574585,0.5647702217102051,-0.019055236130952835,0.5977491140365601,0.5881221890449524,-0.03402923792600632,0.5786201357841492,0.6127287745475769,-0.04190348461270332,0.7164434194564819,0.6225631833076477,-0.016537705436348915,0.6439482569694519,0.5758695006370544,-0.03672381117939949,0.5994762182235718,0.6026287078857422,-0.04432861879467964,0.5771315097808838,0.6336945295333862,-0.04570259153842926,0.7116067409515381,0.6418296098709106,-0.03361159563064575,0.650316059589386,0.6032590866088867,-0.04885632172226906,0.6117737293243408,0.6111472845077515,-0.0527266189455986,0.5874935984611511,0.6321315765380859,-0.05246928706765175
D,0.7345008850097656,0.7974300384521484,-8.404030893416348e-08,0.6725884675979614,0.7606717348098755,0.007289244793355465,0.6352962255477905,0.7127307653427124,0.0020891327876597643,0.599310040473938,0.6799299716949463,-0.011245261877775192,0.574702262878418,0.6399959921836853,-0.02481604740023613,0.6958348751068115,0.606629490852356,0.02084607072174549,0.6765839457511902,0.5326453447341919,0.01349913701415062,0.6714254021644592,0.4897105395793915,0.0053689200431108475,0.6662800908088684,0.4513074457645416,-0.0025379846338182688,0.7097967863082886,0.6052047610282898,0.003826615633442998,0.6409218311309814,0.5582102537155151,-0.014529753476381302,0.6016301512718201,0.5788558721542358,-0.02930193953216076,0.5822771191596985,0.6013922691345215,-0.03741326555609703,0.7152185440063477,0.6138737201690674,-0.014630524441599846,0.6458425521850586,0.5681107640266418,-0.033855948597192764,0.6016978621482849,0.5930611491203308,-0.04219621792435646,0.5782642364501953,0.6232667565345764,-0.044493287801742554,0.7107304334640503,0.6316109299659729,-0.032757844775915146,0.6508216261863708,0.5952609181404114,-0.047255367040634155,0.6128212809562683,0.6032651662826538,-0.05165323615074158,0.5880331993103027,0.6238304972648621,-0.05222110077738762
D,0.7340303063392639,0.7873305678367615,-8.641434590117569e-08,0.6733303666114807,0.7521514892578125,0.005853871814906597,0.6343618035316467,0.7035176753997803,0.0011655048001557589,0.5981890559196472,0.671170711517334,-0.01112719438970089,0.5749941468238831,0.6325637102127075,-0.02354283817112446,0.6947110891342163,0.5977945923805237,0.0190395787358284,0.6754773855209351,0.5243425369262695,0.01152770221233368,0.6703596711158752,0.48272180557250977,0.003401083406060934,0.6652352809906006,0.4455631971359253,-0.004274525213986635,0.7087187767028809,0.5961815714836121,0.003222281113266945,0.64061439037323,0.5503188371658325,-0.015437324531376362,0.6012178659439087,0.5717381238937378,-0.030197154730558395,0.5818683505058289,0.5945076942443848,-0.037867285311222076,0.7150228023529053,0.6051309108734131,-0.014030121266841888,0.6459775567054749,0.5603007674217224,-0.033248141407966614,0.6014244556427002,0.5852880477905273,-0.04155079275369644,0.5779107809066772,0.61484295129776,-0.043395817279815674,0.7117459774017334,0.6237679123878479,-0.03101007454097271,0.6526833772659302,0.5861894488334656,-0.04524638503789902,0.6136582493782043,0.5925357341766357,-0.04929216951131821,0.588043749332428,0.6119052767753601,-0.04930177703499794
D,0.7351031303405762,0.7787831425666809,-8.810383178570191e-08,0.6738451719284058,0.7424718141555786,0.01020187046378851,0.6336998343467712,0.6931736469268799,0.007487229071557522,0.5976483225822449,0.6610385775566101,-0.004008833784610033,0.5750504732131958,0.6223288774490356,-0.015884684398770332,0.6940638422966003,0.5893688797950745,0.025544656440615654,0.6757339239120483,0.5146998763084412,0.02051960490643978,0.6703084111213684,0.4730539917945862,0.014247240498661995,0.6650546193122864,0.43660175800323486,0.007807462941855192,0.7083432078361511,0.5875086188316345,0.007583245635032654,0.6400869488716125,0.5407118797302246,-0.008432582952082157,0.6006455421447754,0.5625178217887878,-0.021703390404582024,0.5823231935501099,0.5865651965141296,-0.028395283967256546,0.7150704264640808,0.5959489345550537,-0.011687800288200378,0.645751953125,0.5495596528053284,-0.028427323326468468,0.6020148992538452,0.5749216675758362,-0.0352056585252285,0.5801724791526794,0.6052946448326111,-0.03624582290649414,0.7127097249031067,0.6138261556625366,-0.03047773987054825,0.6533628702163696,0.5734267234802246,-0.042852360755205154,0.6145320534706116,0.5791231393814087,-0.04564540460705757,0.5897903442382812,0.5985490083694458,-0.044862210750579834
D,0.733498752117157,0.7665492296218872,-8.88927900177805e-08,0.6747258901596069,0.7309743762016296,0.008137350901961327,0.6346722841262817,0.6822574734687805,0.00433456851169467,0.598750650882721,0.6495822668075562,-0.007963906042277813,0.575169563293457,0.6106447577476501,-0.020476095378398895,0.6921836733818054,0.5773524045944214,0.02329910732805729,0.6744983792304993,0.5053373575210571,0.017132608219981194,0.6689437627792358,0.46429210901260376,0.011026309803128242,0.6646073460578918,0.4282851815223694,0.005046414211392403,0.7068231105804443,0.5760005116462708,0.006004409398883581,0.6411072611808777,0.530022144317627,-0.010867321863770485,0.6015889644622803,0.551977813243866,-0.022573569789528847,0.583437979221344,0.5760511755943298,-0.027670441195368767,0.7143468856811523,0.5849511623382568,-0.013023894280195236,0.6460468769073486,0.5392791628837585,-0.03121905028820038,0.6024828553199768,0.5646860599517822,-0.03682614117860794,0.5813074707984924,0.5949388742446899,-0.036466434597969055,0.7132495045661926,0.6030088067054749,-0.03177718445658684,0.6542955636978149,0.5627098083496094,-0.04569201171398163,0.615254282951355,0.5671454668045044,-0.04867051914334297,0.5909740328788757,0.5853441953659058,-0.04755014926195145
D,0.7335724830627441,0.7528230547904968,-7.894901443705749e-08,0.6749299764633179,0.7185236215591431,0.007263400126248598,0.6343094706535339,0.6706815958023071,0.003539877710863948,0.59809809923172,0.6390924453735352,-0.008389178663492203,0.5753442645072937,0.6007084250450134,-0.020449794828891754,0.6919361352920532,0.5670494437217712,0.0232009869068861,0.6746568083763123,0.49573349952697754,0.017629072070121765,0.6687010526657104,0.45503973960876465,0.011784275062382221,0.6634296774864197,0.41959822177886963,0.005817025434225798,0.7059742212295532,0.5654256939888,0.006621329579502344,0.641470730304718,0.518298864364624,-0.009953304193913937,0.6020435690879822,0.5400984287261963,-0.02159285359084606,0.5837714076042175,0.5644341707229614,-0.026594849303364754,0.7131336331367493,0.5743087530136108,-0.011706373654305935,0.6461937427520752,0.5270103216171265,-0.02953406795859337,0.6029600501060486,0.5524305701255798,-0.03513950854539871,0.5819565057754517,0.5826964378356934,-0.03477947786450386,0.7116539478302002,0.5927155613899231,-0.029834425076842308,0.6535598039627075,0.5522750616073608,-0.04362422972917557,0.6149169206619263,0.5574831962585449,-0.046687137335538864,0.5912087559700012,0.5762969255447388,-0.04562851041555405
D,0.7332247495651245,0.7398685216903687,-5.76215342107389e-08,0.6753076314926147,0.7075564861297607,0.0059217908419668674,0.634391188621521,0.6602936387062073,0.0014899633824825287,0.5979083776473999,0.6283560395240784,-0.011025777086615562,0.574452817440033,0.5888045430183411,-0.023681456223130226,0.6914940476417542,0.5566906332969666,0.02373051457107067,0.673943817615509,0.4858379065990448,0.01811094582080841,0.6676889061927795,0.4456227123737335,0.012273211032152176,0.6627077460289001,0.4109325706958771,0.006595030426979065,0.7058994174003601,0.5549209117889404,0.007904053665697575,0.6417105793952942,0.5068492889404297,-0.008809142746031284,0.6016298532485962,0.5282271504402161,-0.02079407498240471,0.5833673477172852,0.553338348865509,-0.025643927976489067,0.7133254408836365,0.562892735004425,-0.009871914982795715,0.6462037563323975,0.516602635383606,-0.027901582419872284,0.6032773852348328,0.5419139266014099,-0.03388629108667374,0.5829291343688965,0.5725163221359253,-0.0332958959043026,0.7125499844551086,0.579997181892395,-0.027533479034900665,0.6545079350471497,0.5396177768707275,-0.0409533828496933,0.6172509789466858,0.5447679758071899,-0.04388001933693886,0.5947928428649902,0.5640458464622498,-0.042508549988269806
D,0.7318916916847229,0.7269404530525208,-5.7434181854887356e-08,0.6747443675994873,0.6969793438911438,0.005794471595436335,0.6340880393981934,0.6500157713890076,0.001954440725967288,0.5981987118721008,0.6188650131225586,-0.010028881020843983,0.5746913552284241,0.5791785717010498,-0.022139744833111763,0.6898242831230164,0.5467780828475952,0.025626176968216896,0.673098087310791,0.4767676591873169,0.020767996087670326,0.6666565537452698,0.4366056025028229,0.015493455342948437,0.6616367101669312,0.4023987650871277,0.010226354002952576,0.7041522860527039,0.5445354580879211,0.009803416207432747,0.642427384853363,0.4962890148162842,-0.006020082160830498,0.6020395159721375,0.5166583061218262,-0.01765654981136322,0.583191990852356,0.5422083139419556,-0.022225389257073402,0.7118549942970276,0.5516629219055176,-0.008169409818947315,0.6469331979751587,0.5059716105461121,-0.025770945474505424,0.60394287109375,0.5309287905693054,-0.0321202389895916,0.5833848714828491,0.5615489482879639,-0.0317440889775753,0.7115898728370667,0.5676923990249634,-0.026098227128386497,0.6547712683677673,0.5278198719024658,-0.03942132741212845,0.6178169250488281,0.5328564643859863,-0.04270634800195694,0.5955750346183777,0.5519052743911743,-0.041618578135967255
D,0.7320390343666077,0.7154043316841125,-5.181102480378286e-08,0.6743956208229065,0.6857396960258484,0.006347674410790205,0.6342158317565918,0.6391124725341797,0.0030438259709626436,0.5979998707771301,0.6091365218162537,-0.008447202853858471,0.5743110775947571,0.5703104734420776,-0.020227760076522827,0.6898142099380493,0.5380303859710693,0.026937777176499367,0.6727089881896973,0.46819835901260376,0.02316872961819172,0.6665670275688171,0.4289747178554535,0.018038885667920113,0.6610645651817322,0.3949516713619232,0.012494378723204136,0.7042728662490845,0.534942626953125,0.010980954393744469,0.6417173743247986,0.48692888021469116,-0.004223845899105072,0.601431667804718,0.5069446563720703,-0.01714455522596836,0.5820858478546143,0.5326414704322815,-0.022998202592134476,0.7120204567909241,0.5416907072067261,-0.006908501964062452,0.6468274593353271,0.4963844418525696,-0.023804135620594025,0.6036511659622192,0.5207004547119141,-0.03158552944660187,0.5821518898010254,0.5512171983718872,-0.03254242241382599,0.7111302614212036,0.5577834844589233,-0.02462010085582733,0.6541877388954163,0.5183399319648743,-0.03729366138577461,0.6176267862319946,0.5233532190322876,-0.04108871892094612,0.5951218605041504,0.5424016714096069,-0.04073513299226761
D,0.7322744131088257,0.7056469321250916,-4.812619991412248e-08,0.6747888326644897,0.6774681210517883,0.008412942290306091,0.6344836354255676,0.6318350434303284,0.005634215660393238,0.5984340310096741,0.601661741733551,-0.006127840373665094,0.5745097398757935,0.5617156624794006,-0.018221907317638397,0.6892772316932678,0.5293631553649902,0.03126535937190056,0.6726094484329224,0.46034079790115356,0.02876792475581169,0.6658162474632263,0.42099741101264954,0.024675605818629265,0.6599159836769104,0.38760772347450256,0.019724130630493164,0.703698456287384,0.5261646509170532,0.013629326596856117,0.6415581703186035,0.4785299301147461,-0.00011302483471808955,0.6011126637458801,0.4981681704521179,-0.011734198778867722,0.5821225047111511,0.5235008597373962,-0.016752777621150017,0.7115247845649719,0.532237708568573,-0.006136937998235226,0.6466107368469238,0.48684072494506836,-0.02231430821120739,0.6034582257270813,0.5114513635635376,-0.029014574363827705,0.5824605226516724,0.5420469641685486,-0.029346566647291183,0.7109037637710571,0.5473699569702148,-0.02574043720960617,0.6533442139625549,0.5083109140396118,-0.038366205990314484,0.6169353127479553,0.5143548250198364,-0.041711073368787766,0.5952085256576538,0.5340402722358704,-0.04105442389845848
D,0.7302834987640381,0.695414662361145,-4.127850061763638e-08,0.6751648783683777,0.669373631477356,0.004582641646265984,0.6344566941261292,0.6239518523216248,0.00021868910698685795,0.5984289646148682,0.591238796710968,-0.012189840897917747,0.573796272277832,0.5507023334503174,-0.02454117126762867,0.6892004013061523,0.5219284892082214,0.02807500958442688,0.672444760799408,0.4550129771232605,0.024965431541204453,0.6649016737937927,0.41498392820358276,0.02081112377345562,0.6590226888656616,0.38211551308631897,0.01607394590973854,0.7034581303596497,0.5181745886802673,0.012786121107637882,0.6430737376213074,0.4704543650150299,-0.0007278888369910419,0.602716326713562,0.4894223213195801,-0.01098592858761549,0.5829560160636902,0.5137121081352234,-0.014830892905592918,0.7113081216812134,0.5232563614845276,-0.004975080490112305,0.648087739944458,0.4771794080734253,-0.020835870876908302,0.6049983501434326,0.5000213384628296,-0.02643096074461937,0.5830416083335876,0.5295246243476868,-0.02594877779483795,0.7106531262397766,0.5376070737838745,-0.022968867793679237,0.6535705327987671,0.4995648264884949,-0.03568270802497864,0.6175819039344788,0.5045592784881592,-0.038978833705186844,0.5956623554229736,0.5232958197593689,-0.03812894970178604
D,0.7313802242279053,0.6850570440292358,-3.8504651911352994e-08,0.6757356524467468,0.660646915435791,0.008448859676718712,0.6360779404640198,0.6160683035850525,0.006094642449170351,0.6006291508674622,0.5853830575942993,-0.005332200322300196,0.5754498243331909,0.545537531375885,-0.017084697261452675,0.688633143901825,0.5158640742301941,0.03379770740866661,0.6707834601402283,0.4485771656036377,0.03295454382896423,0.6630123853683472,0.4077412188053131,0.030121469870209694,0.6568913459777832,0.3745517134666443,0.02596644125878811,0.7029063105583191,0.5115101337432861,0.016366519033908844,0.6433639526367188,0.46388012170791626,0.004962808918207884,0.6025124192237854,0.4814809262752533,-0.004786365665495396,0.5824323892593384,0.5058791637420654,-0.008687108755111694,0.7105244398117065,0.5155340433120728,-0.003435659222304821,0.647938072681427,0.4689510464668274,-0.017832307144999504,0.6048547029495239,0.4913983941078186,-0.02366185374557972,0.58316570520401,0.5210309624671936,-0.02384207583963871,0.7094125151634216,0.5282658338546753,-0.023256739601492882,0.6529159545898438,0.4900171458721161,-0.035241298377513885,0.6177586317062378,0.4962341785430908,-0.03859245032072067,0.5969365239143372,0.5165216326713562,-0.03817199170589447
D,0.7316046953201294,0.6766974925994873,-2.3723817577092632e-08,0.6766821146011353,0.6547166109085083,0.008475862443447113,0.6355670094490051,0.6099264621734619,0.006154448725283146,0.5996905565261841,0.5781534314155579,-0.005176268517971039,0.5761138200759888,0.5370882153511047,-0.016693580895662308,0.6877332925796509,0.5099531412124634,0.03548044338822365,0.6709550619125366,0.4432615637779236,0.035306040197610855,0.6632458567619324,0.4024968147277832,0.03296544775366783,0.6576502323150635,0.36967241764068604,0.029105568304657936,0.701518714427948,0.5045071840286255,0.01802929863333702,0.6420240998268127,0.45589637756347656,0.007795632351189852,0.6022552847862244,0.47398221492767334,-0.0008944142609834671,0.5835728049278259,0.49898236989974976,-0.003933934960514307,0.7092839479446411,0.5076897144317627,-0.001931746257469058,0.6465165615081787,0.4612494707107544,-0.014925756491720676,0.6043412089347839,0.4836575388908386,-0.01966792345046997,0.5833775401115417,0.5126807689666748,-0.019264275208115578,0.7090688943862915,0.5200575590133667,-0.02204233966767788,0.6517987847328186,0.4823794364929199,-0.03301238268613815,0.6171769499778748,0.48907700181007385,-0.03568849340081215,0.5970299243927002,0.5092213749885559,-0.034891530871391296
D,0.7309688329696655,0.6689329743385315,-2.656694775282631e-08,0.6768892407417297,0.6476479768753052,0.01293880958110094,0.635833203792572,0.6021308302879333,0.013554388657212257,0.600466787815094,0.5714288949966431,0.0039115045219659805,0.5764808654785156,0.5308687090873718,-0.006169498432427645,0.6856940984725952,0.5040478706359863,0.04333426058292389,0.669599711894989,0.4377151131629944,0.04546615108847618,0.6624323129653931,0.3971235752105713,0.04436706379055977,0.6573002338409424,0.36380529403686523,0.04101407900452614,0.6994913816452026,0.4976322650909424,0.02344473823904991,0.643161952495575,0.449607789516449,0.015150811523199081,0.603838324546814,0.4677794277667999,0.007118964567780495,0.5851911306381226,0.4939972758293152,0.0044213770888745785,0.7073971629142761,0.4999246597290039,0.0009588991524651647,0.6474893689155579,0.4535312354564667,-0.010974552482366562,0.6046202182769775,0.4763599634170532,-0.01587611995637417,0.5826261639595032,0.5060805678367615,-0.015792911872267723,0.7074635624885559,0.5114622116088867,-0.021485015749931335,0.6518427133560181,0.47539156675338745,-0.03225705772638321,0.616750955581665,0.4832690358161926,-0.0355248786509037,0.5958007574081421,0.503910481929779,-0.03537509962916374
D,0.7297948002815247,0.6607036590576172,-3.1365555486218e-08,0.6769229173660278,0.6405436396598816,0.008954602293670177,0.6355957984924316,0.5957105755805969,0.008122948929667473,0.5999574065208435,0.5646181106567383,-0.0017223270842805505,0.5762255787849426,0.5245745182037354,-0.011549845337867737,0.6841392517089844,0.49760574102401733,0.03701397404074669,0.6692095398902893,0.4317888617515564,0.03681211546063423,0.6618123054504395,0.3911687731742859,0.03457128256559372,0.6565678715705872,0.3585641384124756,0.030829740688204765,0.6975146532058716,0.49134400486946106,0.019485386088490486,0.6422600150108337,0.44232064485549927,0.009144330397248268,0.6033138036727905,0.4608295261859894,0.0009896423434838653,0.5842775702476501,0.4882591962814331,-0.0013536741025745869,0.7058200836181641,0.4936203062534332,-0.0008030395256355405,0.646480917930603,0.44773346185684204,-0.014369061216711998,0.6037711501121521,0.46956074237823486,-0.01956751197576523,0.5814871788024902,0.49891921877861023,-0.01920028030872345,0.7069725394248962,0.5049113035202026,-0.02127043716609478,0.6516692042350769,0.47027140855789185,-0.033343374729156494,0.6165103912353516,0.47783130407333374,-0.0373065322637558,0.5956814885139465,0.4979778826236725,-0.03727956861257553
D,0.7286459803581238,0.6529299020767212,-3.8286511738760964e-08,0.6765334010124207,0.63468337059021,0.006225329823791981,0.6351348161697388,0.5897447466850281,0.0042557744309306145,0.5995587706565857,0.5584666728973389,-0.0060441461391747,0.5763553977012634,0.518362283706665,-0.016087938100099564,0.6837632060050964,0.49118179082870483,0.03378075361251831,0.6695147156715393,0.42684701085090637,0.03186042979359627,0.6619594693183899,0.3869389295578003,0.028384974226355553,0.6569461822509766,0.35518020391464233,0.02406788058578968,0.6962286233901978,0.4848673939704895,0.017570147290825844,0.6430615186691284,0.4350481629371643,0.005490019451826811,0.6033725738525391,0.4541275203227997,-0.003345717675983906,0.5831656455993652,0.48246634006500244,-0.005707370582967997,0.7040740251541138,0.4869270324707031,-0.001570928143337369,0.646513044834137,0.4403274655342102,-0.016511421650648117,0.6037012338638306,0.4628342390060425,-0.02215593121945858,0.5811588764190674,0.4930902123451233,-0.02158752828836441,0.70525062084198,0.4981994926929474,-0.021056082099676132,0.6507280468940735,0.46364033222198486,-0.03389468416571617,0.6153938174247742,0.4719279110431671,-0.038040317595005035,0.5945508480072021,0.4928014278411865,-0.0378718376159668
D,0.7267894744873047,0.6445658206939697,-4.2754191298399746e-08,0.6759589314460754,0.6272640824317932,0.0033991471864283085,0.6343001127243042,0.5827527642250061,0.0003702051180880517,0.5991966724395752,0.5512261986732483,-0.010020703077316284,0.5760787725448608,0.5120442509651184,-0.0198601596057415,0.681953489780426,0.485690176486969,0.02788919396698475,0.6683233976364136,0.42116549611091614,0.024372005835175514,0.6610417366027832,0.3814767003059387,0.020653193816542625,0.6564064025878906,0.3502670228481293,0.016497870907187462,0.6942711472511292,0.47940677404403687,0.013502511195838451,0.642124593257904,0.4296652376651764,0.00013524854148272425,0.6027164459228516,0.4489552080631256,-0.00794849544763565,0.582331657409668,0.47722721099853516,-0.009551535360515118,0.7026788592338562,0.48129063844680786,-0.0038664876483380795,0.646117091178894,0.4339582622051239,-0.0203092023730278,0.6038403511047363,0.4563771188259125,-0.0257412176579237,0.5815247297286987,0.486948162317276,-0.02469652332365513,0.7048555612564087,0.49205833673477173,-0.02166839689016342,0.6509289145469666,0.4577908515930176,-0.03605791553854942,0.6159082055091858,0.46634727716445923,-0.04071958363056183,0.5954355001449585,0.4872128367424011,-0.0405956469476223
D,0.7254706025123596,0.6361626386642456,-5.455021323541587e-08,0.6750695705413818,0.619812548160553,0.002890802687034011,0.634103536605835,0.5766280293464661,-0.0006446323823183775,0.5992976427078247,0.5450350046157837,-0.011164898052811623,0.5769191384315491,0.5062130689620972,-0.021084506064653397,0.6819262504577637,0.4798421561717987,0.025768525898456573,0.6682226061820984,0.4157654941082001,0.021867703646421432,0.6609135866165161,0.37688708305358887,0.01826685667037964,0.6563222408294678,0.34659281373023987,0.014370903372764587,0.6940242052078247,0.4735109210014343,0.01197078824043274,0.6419515013694763,0.42359086871147156,-0.0017406150000169873,0.6029218435287476,0.44325074553489685,-0.00946508627384901,0.5827689170837402,0.4712883532047272,-0.010624426417052746,0.7023453116416931,0.4752679765224457,-0.004680535290390253,0.6456760764122009,0.42828094959259033,-0.021137768402695656,0.6038822531700134,0.450949102640152,-0.026304280385375023,0.581805408000946,0.4808349907398224,-0.024998148903250694,0.7047905325889587,0.4857657253742218,-0.021704506129026413,0.650650143623352,0.45263469219207764,-0.036046143621206284,0.616031289100647,0.4613112211227417,-0.040632832795381546,0.5959235429763794,0.48107069730758667,-0.040352847427129745
D,0.7271119952201843,0.6295896172523499,-4.916799056786658e-08,0.6765793561935425,0.6144313812255859,0.002898499136790633,0.6356130242347717,0.5712401270866394,-0.00042643563938327134,0.6004772782325745,0.539358913898468,-0.010786359198391438,0.577678382396698,0.49970895051956177,-0.020595533773303032,0.682292103767395,0.47577765583992004,0.02682485058903694,0.667978823184967,0.4122249186038971,0.02364368364214897,0.6608859300613403,0.37296217679977417,0.020316792652010918,0.6561645269393921,0.3425995111465454,0.01642567478120327,0.6941575407981873,0.4690083861351013,0.01297694444656372,0.6426960229873657,0.41899698972702026,-8.81255473359488e-05,0.6040951013565063,0.4374088644981384,-0.0081722941249609,0.5834566354751587,0.4648437201976776,-0.009766743518412113,0.7027327418327332,0.4701376259326935,-0.0036997117567807436,0.6468822360038757,0.4232023358345032,-0.019727997481822968,0.6054326891899109,0.4453752934932709,-0.025287603959441185,0.5829673409461975,0.4752965569496155,-0.0244098212569952,0.7057175040245056,0.4797724485397339,-0.020760685205459595,0.6522724032402039,0.44688671827316284,-0.03484869375824928,0.6176541447639465,0.45479851961135864,-0.03967488557100296,0.5969299674034119,0.4740804135799408,-0.03971973434090614
D,0.7273193597793579,0.6234824657440186,-5.23998266999115e-08,0.677791953086853,0.6090736985206604,0.0024171110708266497,0.6364027857780457,0.5665374994277954,-0.0008432563627138734,0.6012353897094727,0.5348007678985596,-0.011059558019042015,0.5792389512062073,0.4946225881576538,-0.02067868784070015,0.6822446584701538,0.47099176049232483,0.026587530970573425,0.6689338684082031,0.40792956948280334,0.022986141964793205,0.6616082191467285,0.3689625859260559,0.019498668611049652,0.6570273637771606,0.33867642283439636,0.015588671900331974,0.6941195130348206,0.4639856517314911,0.013140842318534851,0.6439654231071472,0.41484886407852173,-0.0003870823420584202,0.6055794954299927,0.43290311098098755,-0.008496765978634357,0.5849552154541016,0.45979753136634827,-0.00996139645576477,0.7028971910476685,0.464710533618927,-0.0032653959933668375,0.6475732922554016,0.4187610447406769,-0.020030701532959938,0.606440544128418,0.44103652238845825,-0.025847570970654488,0.5841661691665649,0.47093987464904785,-0.02485610917210579,0.7063181400299072,0.4736628830432892,-0.020059749484062195,0.6526502966880798,0.44185885787010193,-0.034829702228307724,0.6180367469787598,0.45039376616477966,-0.04007603973150253,0.597467839717865,0.46999287605285645,-0.040242817252874374
D,0.7260979413986206,0.61868816614151,-4.9778030586367095e-08,0.6774359941482544,0.6047834157943726,0.003036464098840952,0.6370290517807007,0.5626688003540039,0.0001911263825604692,0.6025497913360596,0.5309085845947266,-0.009818916209042072,0.5800174474716187,0.4910450577735901,-0.01925528235733509,0.68282151222229,0.4691573679447174,0.027642302215099335,0.6698184609413147,0.40522193908691406,0.024737900123000145,0.6622301936149597,0.3658263683319092,0.0222338754683733,0.6576351523399353,0.3353557288646698,0.019029999151825905,0.694994330406189,0.46172094345092773,0.013859513215720654,0.646095335483551,0.41127121448516846,0.0007583116530440748,0.6079192161560059,0.4286399185657501,-0.006545678246766329,0.5873106718063354,0.45460012555122375,-0.00729192653670907,0.7038701772689819,0.4614890515804291,-0.0029247740749269724,0.6488547921180725,0.41435205936431885,-0.019673096016049385,0.6075223684310913,0.43642422556877136,-0.025258254259824753,0.5849230289459229,0.46578550338745117,-0.024031123146414757,0.7069226503372192,0.46921902894973755,-0.020045079290866852,0.652938187122345,0.43781498074531555,-0.03501180186867714,0.6186051964759827,0.44639483094215393,-0.040435224771499634,0.5981718301773071,0.46550893783569336,-0.04070977494120598
D,0.7289117574691772,0.6170835494995117,-3.8885925590648185e-08,0.6776949167251587,0.602226197719574,0.007161389570683241,0.637003481388092,0.5594584941864014,0.006173585541546345,0.6025806069374084,0.52823805809021,-0.003191846888512373,0.5795014500617981,0.4873656928539276,-0.012384950183331966,0.6847134232521057,0.46601760387420654,0.03603992611169815,0.6708932518959045,0.4023779630661011,0.035445764660835266,0.6637020111083984,0.3625824749469757,0.033247534185647964,0.6590832471847534,0.33168506622314453,0.029774047434329987,0.6968392133712769,0.4588310718536377,0.019792407751083374,0.6465988159179688,0.4087104797363281,0.008783621713519096,0.608100175857544,0.42554569244384766,0.0004310297663323581,0.5879812836647034,0.45186930894851685,-0.0015596875455230474,0.705367922782898,0.45901602506637573,0.0006385295419022441,0.6496931314468384,0.41195735335350037,-0.013979954645037651,0.6077734231948853,0.4336962103843689,-0.019961150363087654,0.5851197838783264,0.46264615654945374,-0.01959424652159214,0.7084938287734985,0.4674922823905945,-0.0186883807182312,0.6540684700012207,0.4348987340927124,-0.03186585009098053,0.6193591356277466,0.44280925393104553,-0.03681877627968788,0.5987663269042969,0.4611448645591736,-0.037211824208498
D,0.7298589944839478,0.6157495975494385,-4.2919907627947396e-08,0.6793932318687439,0.6014068722724915,0.004871353041380644,0.6380489468574524,0.5593075752258301,0.003347747027873993,0.6033223867416382,0.5275843143463135,-0.005912731867283583,0.579809844493866,0.4869292676448822,-0.014799938537180424,0.684867799282074,0.46519535779953003,0.03265884891152382,0.6717546582221985,0.4017277956008911,0.03110038861632347,0.6641767621040344,0.36194485425949097,0.028685932978987694,0.6591873168945312,0.33075451850891113,0.025153443217277527,0.6968621611595154,0.45764273405075073,0.017673669382929802,0.6476582288742065,0.407574325799942,0.005847572814673185,0.6087270379066467,0.4245234727859497,-0.0021923515014350414,0.5877658128738403,0.45049580931663513,-0.003908399026840925,0.7053481936454773,0.4577288329601288,-0.0003755124635063112,0.6508932113647461,0.40987953543663025,-0.016388291493058205,0.6083453893661499,0.43158167600631714,-0.022516310214996338,0.584909975528717,0.46044427156448364,-0.02202472649514675,0.7079215049743652,0.46606096625328064,-0.01869274117052555,0.65434730052948,0.4330614507198334,-0.03326454013586044,0.6193568706512451,0.44113704562187195,-0.03876419737935066,0.5984842777252197,0.45954644680023193,-0.03937465697526932
D,0.7313277125358582,0.6160014867782593,-3.5045943036493554e-08,0.6794509291648865,0.6014459133148193,0.009637212380766869,0.6378905773162842,0.5594165921211243,0.010305747389793396,0.603547215461731,0.5277484655380249,0.0017805317183956504,0.579630434513092,0.4866620898246765,-0.006713672541081905,0.6843428015708923,0.4661799371242523,0.041141949594020844,0.6710972785949707,0.4016938805580139,0.04258357733488083,0.663461446762085,0.36162069439888,0.04182743653655052,0.6584399938583374,0.33026382327079773,0.0391041524708271,0.6965887546539307,0.45800453424453735,0.02356898970901966,0.6484601497650146,0.4078806936740875,0.014367783442139626,0.6094876527786255,0.42382675409317017,0.006831598933786154,0.5886183977127075,0.44956907629966736,0.005126413889229298,0.7051137685775757,0.45728424191474915,0.0029614379163831472,0.6510139107704163,0.4089509844779968,-0.01102621853351593,0.6083224415779114,0.4310739040374756,-0.017218533903360367,0.5851332545280457,0.4606802761554718,-0.01722859777510166,0.7078021764755249,0.46449482440948486,-0.017664900049567223,0.6537212133407593,0.4312443137168884,-0.03093177080154419,0.6187412142753601,0.4403500258922577,-0.03630682826042175,0.5983338356018066,0.4598761200904846,-0.037212617695331573
D,0.7305504083633423,0.6172820925712585,-1.749331346445615e-08,0.678215742111206,0.603072464466095,0.007746571209281683,0.6371579766273499,0.5619043111801147,0.007111320272088051,0.6030431389808655,0.5299347639083862,-0.0024374935310333967,0.5795097351074219,0.4883219003677368,-0.011851421557366848,0.6829262971878052,0.4684818387031555,0.03903017193078995,0.6699394583702087,0.40347760915756226,0.03970485180616379,0.6624455451965332,0.36244940757751465,0.038676995784044266,0.6577336192131042,0.3309163451194763,0.03595324233174324,0.6955087780952454,0.4602839946746826,0.022337261587381363,0.6476059556007385,0.410288542509079,0.012535355985164642,0.6093534827232361,0.42668142914772034,0.0052183507941663265,0.5891258716583252,0.4519566595554352,0.003916169982403517,0.7046807408332825,0.459073930978775,0.0024734744802117348,0.6506717801094055,0.4113160967826843,-0.011819151230156422,0.6087394952774048,0.43353140354156494,-0.01771346479654312,0.5861045122146606,0.46310245990753174,-0.017329491674900055,0.7080228328704834,0.46589505672454834,-0.01761001907289028,0.6539093255996704,0.4339234232902527,-0.03106304071843624,0.6193056702613831,0.4426521956920624,-0.03649960085749626,0.5992721319198608,0.46201950311660767,-0.03730151057243347
D,0.7291786074638367,0.6213261485099792,-9.87868276070003e-09,0.6776427030563354,0.6071548461914062,0.0035873304586857557,0.6369883418083191,0.5670543909072876,0.0003587195824366063,0.6029382944107056,0.5350671410560608,-0.010775032453238964,0.5807123780250549,0.49238601326942444,-0.02144075371325016,0.6816141605377197,0.47108468413352966,0.03212945908308029,0.6695694923400879,0.40710777044296265,0.029438696801662445,0.6622458696365356,0.3659479022026062,0.026248347014188766,0.6576725244522095,0.3341856002807617,0.022369952872395515,0.694205105304718,0.46359512209892273,0.017091792076826096,0.6464618444442749,0.41326192021369934,0.0041735814884305,0.6087557673454285,0.4291776716709137,-0.004549647681415081,0.5883397459983826,0.45401084423065186,-0.006553700193762779,0.7037240266799927,0.4629734754562378,-0.0012409756891429424,0.6503013372421265,0.4150260090827942,-0.018339665606617928,0.6085935831069946,0.4373651444911957,-0.024771207943558693,0.5860610008239746,0.4674176573753357,-0.02415333315730095,0.7076568007469177,0.4705040752887726,-0.019984615966677666,0.654259204864502,0.43793702125549316,-0.03528105095028877,0.6193127632141113,0.4461424648761749,-0.04105856269598007,0.5986659526824951,0.46526679396629333,-0.04169834777712822
D,0.7282518744468689,0.6270000338554382,-2.2067087712684952e-08,0.6783749461174011,0.6125496625900269,0.0008590256329625845,0.637344479560852,0.5719460844993591,-0.0032440705690532923,0.6028611063957214,0.5400986671447754,-0.014424130320549011,0.5810949802398682,0.49873265624046326,-0.024971576407551765,0.6815547943115234,0.47443193197250366,0.026814168319106102,0.6703206896781921,0.41035276651382446,0.022407839074730873,0.662339985370636,0.36960646510124207,0.01857040449976921,0.6577122211456299,0.33792293071746826,0.014511345885694027,0.6941131949424744,0.46787258982658386,0.013549893163144588,0.6481006145477295,0.4183340072631836,-0.0007554942858405411,0.6094657778739929,0.43394577503204346,-0.009517954662442207,0.5879330039024353,0.4568060338497162,-0.011449397541582584,0.7037230134010315,0.46799707412719727,-0.0030372811015695333,0.6519711017608643,0.4196680188179016,-0.021775510162115097,0.6096787452697754,0.44194653630256653,-0.028428172692656517,0.586398720741272,0.47148972749710083,-0.027570117264986038,0.707401692867279,0.476303368806839,-0.020063605159521103,0.6543696522712708,0.4425910711288452,-0.036499276757240295,0.6187492609024048,0.45087000727653503,-0.042370375245809555,0.5971631407737732,0.4701768159866333,-0.04275065287947655
D,0.7311225533485413,0.6341288089752197,-2.015757516460326e-08,0.680245578289032,0.6184319257736206,0.002691614907234907,0.6394826173782349,0.5777056813240051,-0.0006164359510876238,0.604549765586853,0.5461974740028381,-0.011469660326838493,0.5818367004394531,0.5051366686820984,-0.021777424961328506,0.6843639016151428,0.4817717969417572,0.030448462814092636,0.6713210940361023,0.4167691171169281,0.026889221742749214,0.6636149883270264,0.37581413984298706,0.02288144640624523,0.6588316559791565,0.34357380867004395,0.01842525415122509,0.6972630023956299,0.4749406576156616,0.016220346093177795,0.6485483646392822,0.4267953634262085,0.0023247774224728346,0.6101374626159668,0.441528856754303,-0.008017942309379578,0.5888645648956299,0.4629427492618561,-0.011541282758116722,0.7063572406768799,0.4745008051395416,-0.001230857684276998,0.6531697511672974,0.42601555585861206,-0.01958857662975788,0.6102838516235352,0.4479559659957886,-0.027709610760211945,0.5862748622894287,0.4773995876312256,-0.02820880152285099,0.7086437940597534,0.48260727524757385,-0.018945686519145966,0.6551494002342224,0.4488218426704407,-0.03487584367394447,0.6196831464767456,0.4568847715854645,-0.04126851260662079,0.5976640582084656,0.4761778712272644,-0.042373158037662506
D,0.733343243598938,0.6404430866241455,-2.9020771563637027e-08,0.6828573346138,0.6254390478134155,0.0027098613791167736,0.6419099569320679,0.5844416618347168,-0.0004278489213902503,0.6070435047149658,0.5535619258880615,-0.010971562005579472,0.5843472480773926,0.5129247307777405,-0.0209055058658123,0.6871197819709778,0.4866972267627716,0.029739802703261375,0.6734026074409485,0.42227989435195923,0.026032304391264915,0.6655108332633972,0.3818654417991638,0.021909015253186226,0.6608167290687561,0.34988030791282654,0.01740878075361252,0.699608564376831,0.48054730892181396,0.015582933090627193,0.6505755186080933,0.4329971373081207,0.0016372441314160824,0.6122177243232727,0.4480069875717163,-0.00859612226486206,0.5912774205207825,0.4692903161048889,-0.012045809999108315,0.7082794308662415,0.4808880090713501,-0.0017387053230777383,0.6547731161117554,0.43278712034225464,-0.019887611269950867,0.6119409799575806,0.4544236660003662,-0.02764112874865532,0.5881215929985046,0.4833674430847168,-0.02798869088292122,0.7102783918380737,0.48970165848731995,-0.01933087408542633,0.6570186018943787,0.4554082751274109,-0.034917667508125305,0.6215601563453674,0.4636125862598419,-0.04085736721754074,0.599563479423523,0.4832759201526642,-0.04169294238090515
