D,0.0,0.0,0.0,-0.03423095867037773,-0.06151235103607178,-0.015122428780131258,-0.04846929386258125,-0.1262015700340271,-0.030379392450385012,-0.05315979942679405,-0.16777759790420532,-0.04642819823854438,-0.05686834827065468,-0.20475631952285767,-0.06291217940085403,0.015607982873916626,-0.18452590703964233,-0.03996465938323013,0.02516990527510643,-0.2546195387840271,-0.07229879336588851,0.016595426946878433,-0.30420607328414917,-0.09453689890139572,0.008068911731243134,-0.3451617360115051,-0.11003799574606887,0.03731849417090416,-0.16246753931045532,-0.04884661944740287,0.005452044308185577,-0.1925460696220398,-0.08887845115893356,-0.03619725629687309,-0.16084694862365723,-0.09860319482319824,-0.05073925480246544,-0.13064968585968018,-0.099835602810316,0.04841449484229088,-0.12416684627532959,-0.05959581421845428,0.018149595707654953,-0.1531718373298645,-0.09591775970690719,-0.02092355117201805,-0.12843668460845947,-0.09129740880959503,-0.033399876207113266,-0.10055828094482422,-0.0812908618354129,0.05323050543665886,-0.07741111516952515,-0.07181607769959442,0.02901645377278328,-0.10616469383239746,-0.10002959357731811,-0.0038214027881622314,-0.09990310668945312,-0.09793756740324966,-0.015477573499083519,-0.08390384912490845,-0.09034860717289916
D,0.0,0.0,0.0,0.03362630307674408,-0.02337700128555298,-0.03699826707486409,0.05249667167663574,-0.09764307737350464,-0.05312554424051541,0.03797952085733414,-0.15853244066238403,-0.06664480527285832,0.013100400567054749,-0.1972464919090271,-0.07913349827174443,0.03796480596065521,-0.19428282976150513,-0.029127719601433455,0.03437459468841553,-0.29416996240615845,-0.05513140444998044,0.02715180069208145,-0.3664934039115906,-0.07370618244056004,0.020344264805316925,-0.41889816522598267,-0.08622481187228459,0.002173248678445816,-0.1961190104484558,-0.026258383666913687,0.010303720831871033,-0.26916050910949707,-0.06756481786612767,0.004541926085948944,-0.24552583694458008,-0.0858711700642516,0.0017323307693004608,-0.20746076107025146,-0.08808933456782597,-0.031474074348807335,-0.1820741891860962,-0.02712614347581166,-0.02377920225262642,-0.24439293146133423,-0.06314001490716237,-0.025594353675842285,-0.22804135084152222,-0.06772790362481373,-0.025196027010679245,-0.19767040014266968,-0.060840694954436,-0.06544101610779762,-0.15539491176605225,-0.0315506074333598,-0.06430237367749214,-0.20429140329360962,-0.05636093278769749,-0.05837370082736015,-0.21234720945358276,-0.058400834699909865,-0.050949495285749435,-0.20200610160827637,-0.053469608327191054
D,0.0,0.0,0.0,0.040828511118888855,-0.034888625144958496,-0.01855681997845693,0.060888394713401794,-0.10911870002746582,-0.027258550497990086,0.05088500678539276,-0.16496491432189941,-0.036936666566234067,0.03873288631439209,-0.20230436325073242,-0.04675246377597375,0.03665915131568909,-0.21086061000823975,-0.016917016106944516,0.03745277225971222,-0.31253576278686523,-0.032638538378577664,0.038650497794151306,-0.37494638562202454,-0.04361200680146737,0.03357844054698944,-0.42733433842658997,-0.05233035584102197,0.006605684757232666,-0.20490676164627075,-0.020801158371668294,0.011288508772850037,-0.2914697825908661,-0.05339702193747087,0.04364687204360962,-0.2668483853340149,-0.06991137911687417,0.0611175000667572,-0.22616201639175415,-0.07374912847886606,-0.020908772945404053,-0.1880941390991211,-0.025892162445288136,-0.01960916817188263,-0.2696719765663147,-0.053623076278071835,0.015523508191108704,-0.25159692764282227,-0.05951046546111627,0.03579294681549072,-0.2134687900543213,-0.05640532051334901,-0.049467574805021286,-0.16245293617248535,-0.03278226752887292,-0.05042048916220665,-0.2341488003730774,-0.05486364637623353,-0.021675527095794678,-0.23873192071914673,-0.05988311370025201,0.0008844584226608276,-0.2209450602531433,-0.0586600152135901
D,0.0,0.0,0.0,0.04320940375328064,-0.04036974906921387,-0.014662574494266778,0.06445938348770142,-0.11746078729629517,-0.02118334032782343,0.060889944434165955,-0.17560380697250366,-0.02949744135328558,0.05563807487487793,-0.21435123682022095,-0.03824004389532831,0.04302746057510376,-0.21236968040466309,-0.013790501730525762,0.04520314931869507,-0.3126652240753174,-0.027310889663183957,0.04619947075843811,-0.373016357421875,-0.03698527671583918,0.04160863161087036,-0.4250071048736572,-0.04525593899377611,0.013121739029884338,-0.20865774154663086,-0.01961178377457884,0.018367931246757507,-0.29777467250823975,-0.0506963380444887,0.05178956687450409,-0.2744927406311035,-0.06725060053356913,0.07060027122497559,-0.23283517360687256,-0.07155971832760599,-0.014391258358955383,-0.19367218017578125,-0.026241571160042554,-0.01038271188735962,-0.27689456939697266,-0.052632658259952336,0.027218729257583618,-0.26113080978393555,-0.060569582955920964,0.04969039559364319,-0.22274762392044067,-0.059610454814517766,-0.04224398732185364,-0.1707707643508911,-0.034366852121436864,-0.04135425388813019,-0.2432422637939453,-0.0549637065101507,-0.012491874396800995,-0.24768173694610596,-0.060926659481609136,0.0106717050075531,-0.22763490676879883,-0.06129636846669939
D,0.0,0.0,0.0,0.04611083120107651,-0.03888678550720215,-0.014094942302691038,0.07063404470682144,-0.11490756273269653,-0.020162800380276735,0.07249949127435684,-0.17397552728652954,-0.028065858462142046,0.07543665915727615,-0.21482235193252563,-0.036075759732412394,0.051261551678180695,-0.20805573463439941,-0.010080940143453176,0.05350252240896225,-0.30450859665870667,-0.02319066604344755,0.053422071039676666,-0.36390262842178345,-0.03307842841117292,0.04907456785440445,-0.41379350423812866,-0.041526608222412165,0.021530933678150177,-0.20686089992523193,-0.01562584196894079,0.028681717813014984,-0.2961922883987427,-0.04574531322090536,0.05969793349504471,-0.2759181559085846,-0.06303983932106405,0.07825871556997299,-0.2362208366394043,-0.0681444034513703,-0.006580144166946411,-0.19452953338623047,-0.022172700667070444,-0.0025406181812286377,-0.27735722064971924,-0.04743887489406973,0.03155960887670517,-0.26561617851257324,-0.05647205194203764,0.05380936712026596,-0.23114663362503052,-0.056805718743490274,-0.035539984703063965,-0.17464548349380493,-0.03019246278076082,-0.03162195533514023,-0.24233222007751465,-0.049408402347253855,-0.006457380950450897,-0.2497665286064148,-0.05600750824181944,0.01425711065530777,-0.23459911346435547,-0.05734397848813444
D,0.0,0.0,0.0,0.047904759645462036,-0.04096853733062744,-0.0146398442168163,0.07432077825069427,-0.11319786310195923,-0.021449870460145348,0.08050775527954102,-0.17103087902069092,-0.030348242290727967,0.08647049963474274,-0.21864867210388184,-0.039024586819522256,0.05248399078845978,-0.20452499389648438,-0.006635530416332358,0.0554756224155426,-0.29787710309028625,-0.020912746929042214,0.05579961836338043,-0.35622721910476685,-0.0320696188439058,0.05261899530887604,-0.40423983335494995,-0.040971006296985024,0.02473299205303192,-0.20477896928787231,-0.012139720872454518,0.03353807330131531,-0.2901266813278198,-0.04259768038284051,0.06546513736248016,-0.27617987990379333,-0.0621512336958574,0.0869162529706955,-0.24021071195602417,-0.06904300584685075,-0.002058669924736023,-0.1936047077178955,-0.019287218369953507,0.002973705530166626,-0.2731090486049652,-0.04477652817260491,0.03618578612804413,-0.26847043633461,-0.057032453857772225,0.06138339638710022,-0.23999035358428955,-0.059836707108132714,-0.029245302081108093,-0.17505300045013428,-0.027998709150068635,-0.022610627114772797,-0.23948633670806885,-0.047474200867526406,0.001550927758216858,-0.254136323928833,-0.05662164001952874,0.024269357323646545,-0.24636727571487427,-0.05995190798532235
D,0.0,0.0,0.0,0.04757760465145111,-0.040864646434783936,-0.01434023521385086,0.07539506256580353,-0.11205023527145386,-0.02111691731504095,0.08528906106948853,-0.1700422167778015,-0.029982841867123966,0.0945548266172409,-0.2190818190574646,-0.038493614005957966,0.055167943239212036,-0.1979464292526245,-0.006327497135018234,0.05740916728973389,-0.28990286588668823,-0.021006021010791187,0.05797529220581055,-0.34761083126068115,-0.03200858767620218,0.05500657856464386,-0.39500248432159424,-0.0404754796206106,0.02956165373325348,-0.1991841197013855,-0.011779803144847278,0.03777681291103363,-0.2842366397380829,-0.04198962758771074,0.07106520235538483,-0.272885799407959,-0.060843694317256336,0.09460432827472687,-0.24057751893997192,-0.06713044207087648,0.003989040851593018,-0.1894817352294922,-0.01894818368843687,0.009804964065551758,-0.26857393980026245,-0.044618032234822635,0.04426474869251251,-0.2634316384792328,-0.055551755535518055,0.07146480679512024,-0.23658472299575806,-0.05704189773193491,-0.022615879774093628,-0.17320501804351807,-0.027666733893667583,-0.015478208661079407,-0.2368927001953125,-0.046808786052380924,0.00889548659324646,-0.25224003195762634,-0.05471405695668352,0.03200124204158783,-0.24637222290039062,-0.056846089023267155
D,0.0,0.0,0.0,0.048109009861946106,-0.03717309236526489,-0.014829316592795294,0.07703380286693573,-0.10384047031402588,-0.022479698478264254,0.08964282274246216,-0.16079866886138916,-0.0322018493404812,0.10114023089408875,-0.2116757333278656,-0.04152773734836046,0.05842602252960205,-0.19036179780960083,-0.0054694618536359485,0.060566097497940063,-0.2813815474510193,-0.020144446237964075,0.06208713352680206,-0.33725255727767944,-0.03133774962930147,0.059347569942474365,-0.3828311562538147,-0.03983312514333193,0.03443123400211334,-0.19262659549713135,-0.010768693356794756,0.044811904430389404,-0.2773619294166565,-0.04072900158075754,0.07711069285869598,-0.26520615816116333,-0.05976314884333078,0.09856584668159485,-0.23237046599388123,-0.06627999660281603,0.009801462292671204,-0.18510782718658447,-0.01794448350278799,0.0171339213848114,-0.2643067538738251,-0.043142736374420565,0.05058938264846802,-0.2574654221534729,-0.05340901431350176,0.07598057389259338,-0.22977060079574585,-0.05447927531508867,-0.0160847008228302,-0.17095410823822021,-0.026741043149513644,-0.007322683930397034,-0.23537635803222656,-0.045192353843731325,0.018148764967918396,-0.25016915798187256,-0.052330922751707476,0.04134812951087952,-0.24412620067596436,-0.053968243717235964
D,0.0,0.0,0.0,0.04754142463207245,-0.03532344102859497,-0.013153877823768312,0.07793934643268585,-0.10029208660125732,-0.019702978215335065,0.09317786991596222,-0.15586107969284058,-0.02856229596507376,0.10589028894901276,-0.20605957508087158,-0.036918598941682035,0.05985328555107117,-0.1884986162185669,-0.0025794624976498426,0.06375402212142944,-0.27745726704597473,-0.016528811088917905,0.06438139081001282,-0.33126550912857056,-0.027252230576394254,0.06040431559085846,-0.37641215324401855,-0.035348586521266157,0.03709222376346588,-0.1909322738647461,-0.008416810787437612,0.04945908486843109,-0.27238935232162476,-0.03644765146744078,0.0811973363161087,-0.2599388360977173,-0.05390502863299673,0.10222931206226349,-0.22861900925636292,-0.05967600249421423,0.013146817684173584,-0.18358534574508667,-0.016279032237051183,0.021770179271697998,-0.26160767674446106,-0.040154039642928296,0.05541543662548065,-0.252773642539978,-0.04836849474084204,0.08099813759326935,-0.22503304481506348,-0.048136155835507566,-0.01225125789642334,-0.1697993278503418,-0.0258141604877693,-0.003068387508392334,-0.23552551865577698,-0.0436356959558708,0.02303348481655121,-0.24851834774017334,-0.04940697901618307,0.04688231647014618,-0.2410212755203247,-0.049923758736966306
D,0.0,0.0,0.0,0.045996665954589844,-0.029874563217163086,-0.013625250927361776,0.07830893993377686,-0.0946345329284668,-0.020594797826561262,0.09644007682800293,-0.15081751346588135,-0.02999407405332022,0.11221820116043091,-0.20162039995193481,-0.038949778101596166,0.06133747100830078,-0.18148332834243774,-0.0016991501051961677,0.06558176875114441,-0.2713472247123718,-0.01514080332890444,0.06788429617881775,-0.3250071406364441,-0.02612909095660143,0.0643506646156311,-0.36951273679733276,-0.03474546017423563,0.040506914258003235,-0.18533620238304138,-0.007850725933167269,0.05605623126029968,-0.2702406346797943,-0.036586118660125067,0.08936512470245361,-0.2573578953742981,-0.05588266047016077,0.1096327006816864,-0.2240106463432312,-0.06273700090423517,0.017914116382598877,-0.1800004243850708,-0.01599774116948538,0.030993446707725525,-0.26050183176994324,-0.040303358606252004,0.06742328405380249,-0.2497020661830902,-0.050394529274853994,0.09332007169723511,-0.2189728021621704,-0.05127344074026041,-0.006028369069099426,-0.16773921251296997,-0.025794015995415975,0.006569430232048035,-0.23369723558425903,-0.043766306511315634,0.0342249721288681,-0.245827317237854,-0.050678631088885595,0.05775830149650574,-0.23635053634643555,-0.05220924111381464
D,0.0,0.0,0.0,0.04632085561752319,-0.030732810497283936,-0.012220518819589188,0.0774231106042862,-0.0976516604423523,-0.017649360157150795,0.09462682902812958,-0.1532486081123352,-0.025883777223128845,0.11204420030117035,-0.20124727487564087,-0.03346548990120368,0.05901779234409332,-0.18477389216423035,0.005014014739941786,0.06296868622303009,-0.2726343870162964,-0.006553698952842524,0.06415693461894989,-0.3255113959312439,-0.01636923492660003,0.06097494065761566,-0.369545578956604,-0.024224544100064804,0.038929879665374756,-0.18802037835121155,-0.001316569435942938,0.05646701157093048,-0.26883989572525024,-0.028680276281733086,0.08937875926494598,-0.25503647327423096,-0.04742356032838302,0.10982351005077362,-0.22129416465759277,-0.05351765096892791,0.017046421766281128,-0.18240606784820557,-0.00995061003376918,0.03107777237892151,-0.26069846749305725,-0.033340748555559685,0.06617043912410736,-0.2515689730644226,-0.04331257954945045,0.0915384441614151,-0.22346580028533936,-0.0439034329425283,-0.005824074149131775,-0.171178936958313,-0.020188272155422737,0.005668804049491882,-0.2367488145828247,-0.037575472302336266,0.03363730013370514,-0.24995270371437073,-0.044312909401554634,0.05848763883113861,-0.24273401498794556,-0.0455567056011148
D,0.0,0.0,0.0,0.047213152050971985,-0.02994978427886963,-0.011744121389526185,0.07891863584518433,-0.0993649959564209,-0.0160865470041216,0.09745422005653381,-0.1574879288673401,-0.023383301051396188,0.11689066886901855,-0.20472866296768188,-0.029966332318323907,0.06045505404472351,-0.18456441164016724,0.006761669812661353,0.06444957852363586,-0.27279093861579895,-0.004000292925226745,0.06564131379127502,-0.32669055461883545,-0.013224341275233087,0.06231975555419922,-0.3712465763092041,-0.020821579100626764,0.04101061820983887,-0.18875539302825928,0.00048531556076625293,0.057895660400390625,-0.2694893181324005,-0.026040468664902505,0.0915440022945404,-0.2575003504753113,-0.04428529769374734,0.1123863160610199,-0.22471624612808228,-0.050210271330612954,0.01941908895969391,-0.18382394313812256,-0.008178675847190675,0.03330415487289429,-0.2627895176410675,-0.03146037116839295,0.06834876537322998,-0.2533468008041382,-0.04143876239849931,0.09309142827987671,-0.22384917736053467,-0.04198794841958886,-0.0032365024089813232,-0.17390680313110352,-0.018421851398485956,0.008768171072006226,-0.2390112578868866,-0.03623951256467706,0.03684101998806,-0.2515699565410614,-0.043457459958332834,0.0615231990814209,-0.24299746751785278,-0.04493114754750138
D,0.0,0.0,0.0,0.046624526381492615,-0.030329406261444092,-0.011743126060963505,0.07886384427547455,-0.09799760580062866,-0.016379780691266888,0.09711809456348419,-0.15488922595977783,-0.023812122266889446,0.11600084602832794,-0.20130664110183716,-0.03039778545141303,0.060217276215553284,-0.18551325798034668,0.005523326251505978,0.06460662186145782,-0.27415940165519714,-0.00554055543258869,0.06629116833209991,-0.3276202976703644,-0.014590461362303131,0.06371994316577911,-0.3719348907470703,-0.021807897459865444,0.04070828855037689,-0.18910211324691772,-0.0005697297478661767,0.057831183075904846,-0.2696404457092285,-0.027136075865627163,0.09192456305027008,-0.2564818263053894,-0.04470328576505267,0.11309249699115753,-0.22261106967926025,-0.049915771555305355,0.019202247262001038,-0.18360406160354614,-0.008969739634693497,0.0331457257270813,-0.2618168294429779,-0.03208668864905917,0.06918419897556305,-0.2520587742328644,-0.04128453842938029,0.09486867487430573,-0.22246631979942322,-0.041164442520738476,-0.003524288535118103,-0.1732490062713623,-0.01894647404193961,0.00846010446548462,-0.2381066381931305,-0.03644629902780139,0.03636986017227173,-0.25009357929229736,-0.04292393438160502,0.060765042901039124,-0.2409806251525879,-0.04367113075792872
D,0.0,0.0,0.0,0.0464651882648468,-0.02978956699371338,-0.011327311715177757,0.07893598079681396,-0.09729039669036865,-0.015850560126892788,0.09839549660682678,-0.15381282567977905,-0.023211215941302044,0.11636802554130554,-0.20110434293746948,-0.02977558164118932,0.06084984540939331,-0.18577677011489868,0.005792922021754521,0.06561759114265442,-0.2747909426689148,-0.004885899687252504,0.06726983189582825,-0.3286416530609131,-0.013847160471669895,0.06467851996421814,-0.37319186329841614,-0.021210863573543293,0.04166160523891449,-0.1896103024482727,-0.000697582056346846,0.05892786383628845,-0.27121299505233765,-0.02687628692208932,0.09299877285957336,-0.2587395906448364,-0.04449719315587686,0.11429494619369507,-0.2250746786594391,-0.050014750419251186,0.020157083868980408,-0.1840599775314331,-0.009432232325963241,0.03386746346950531,-0.26347994804382324,-0.032123339681021434,0.0701199471950531,-0.25437355041503906,-0.04144569611369775,0.09633201360702515,-0.2255626916885376,-0.041806613413683635,-0.0026664137840270996,-0.1734296679496765,-0.019707306606761676,0.009739145636558533,-0.23752450942993164,-0.03701800605475114,0.03783498704433441,-0.2493337094783783,-0.04352985074936555,0.062343448400497437,-0.24082478880882263,-0.04459756365238832
D,0.0,0.0,0.0,0.04712817072868347,-0.0301511287689209,-0.011056943969705912,0.0791662186384201,-0.0978238582611084,-0.01605521811721644,0.09865854680538177,-0.15447640419006348,-0.024151624353507373,0.1185564249753952,-0.20135417580604553,-0.03151227830527148,0.06111569702625275,-0.18720918893814087,0.006524854632189658,0.06578333675861359,-0.27621135115623474,-0.004340951969751927,0.06732793152332306,-0.329979807138443,-0.01366232818541846,0.06479401886463165,-0.375037282705307,-0.021469175057390544,0.041807904839515686,-0.19088953733444214,-0.0004909005350413054,0.05914957821369171,-0.27246925234794617,-0.02701117581305823,0.09359048306941986,-0.25917401909828186,-0.04513794107911906,0.11520783603191376,-0.2255316972732544,-0.051137245433309886,0.020043447613716125,-0.1850835680961609,-0.009786195294836375,0.03458221256732941,-0.26458829641342163,-0.03282865433571658,0.07152773439884186,-0.25362056493759155,-0.04236113576767764,0.09798090159893036,-0.22394663095474243,-0.04295169113753161,-0.002679586410522461,-0.17406725883483887,-0.020607927055934283,0.009705409407615662,-0.23822221159934998,-0.03821260778782687,0.03815127909183502,-0.2488495409488678,-0.04489489568946681,0.06276439130306244,-0.23971867561340332,-0.04619067458985171
D,0.0,0.0,0.0,0.046722158789634705,-0.03019547462463379,-0.010893425061169637,0.07822690904140472,-0.09820055961608887,-0.01606242646909095,0.0975685566663742,-0.15513205528259277,-0.024298681965831292,0.11793534457683563,-0.2021520435810089,-0.03179877353346683,0.06003330647945404,-0.18950307369232178,0.005680537694331633,0.06444264948368073,-0.2787766754627228,-0.005310848443571103,0.06581713259220123,-0.3322809338569641,-0.01454606940484382,0.06292323768138885,-0.3775259852409363,-0.0222005779806409,0.04077024757862091,-0.19273900985717773,-0.0013471434077132471,0.05794982612133026,-0.2742689549922943,-0.027682547545794023,0.0927964299917221,-0.2602423131465912,-0.04524685544407703,0.11424700915813446,-0.22612923383712769,-0.050854222005966676,0.0190875381231308,-0.18628448247909546,-0.010580618954065812,0.03355398774147034,-0.2653490900993347,-0.03349794549382068,0.07129310071468353,-0.25349998474121094,-0.042360724038246644,0.097963348031044,-0.22316241264343262,-0.04245059294140674,-0.003382056951522827,-0.17452526092529297,-0.021320548928144945,0.009920522570610046,-0.23928269743919373,-0.03888784078395702,0.03884799778461456,-0.2493886649608612,-0.0451437505844865,0.06342814862728119,-0.23962333798408508,-0.04603299973047115
D,0.0,0.0,0.0,0.046473145484924316,-0.030315160751342773,-0.01083107686380913,0.07695406675338745,-0.09771883487701416,-0.016278093892736933,0.09582391381263733,-0.1548466682434082,-0.024727661374612353,0.116967111825943,-0.20161375403404236,-0.03239472045342495,0.0591968297958374,-0.1897742748260498,0.005167467773304679,0.06341391801834106,-0.28043365478515625,-0.005933545741839907,0.06501796841621399,-0.3337404727935791,-0.015066061380906604,0.061912715435028076,-0.3787965774536133,-0.022591589230700038,0.039864733815193176,-0.19232463836669922,-0.0019382658439042189,0.05701029300689697,-0.2751538157463074,-0.028604747939510844,0.09216752648353577,-0.2604398727416992,-0.04605725987593701,0.11356174945831299,-0.22660481929779053,-0.051487239289684794,0.018368661403656006,-0.18554461002349854,-0.01120978801290562,0.032732635736465454,-0.2652912735939026,-0.03462363987009098,0.07098880410194397,-0.25309810042381287,-0.043308427769346736,0.09776344895362854,-0.22335916757583618,-0.04307389466802647,-0.0037895143032073975,-0.17373013496398926,-0.021913061130447886,0.009372338652610779,-0.23928919434547424,-0.03948482333461811,0.038174524903297424,-0.24965286254882812,-0.0453684536997514,0.062451452016830444,-0.24088835716247559,-0.04596536068956425
D,0.0,0.0,0.0,0.04735526442527771,-0.03195470571517944,-0.009875962915089076,0.07852110266685486,-0.09935164451599121,-0.01467224995997185,0.09801563620567322,-0.15570330619812012,-0.0228590159064197,0.118021160364151,-0.20284420251846313,-0.030378970721926635,0.05981525778770447,-0.1899234652519226,0.006932966006729657,0.06401753425598145,-0.2791898250579834,-0.0037516997514330797,0.06568285822868347,-0.33225494623184204,-0.012717334026660865,0.06275054812431335,-0.37744566798210144,-0.020172493005361503,0.040733009576797485,-0.19286739826202393,-0.0006853617929891698,0.05786508321762085,-0.2751997411251068,-0.02723627671059603,0.09358096122741699,-0.2605991065502167,-0.0449515668993854,0.115499347448349,-0.226212739944458,-0.0504943816309833,0.01949363946914673,-0.18648922443389893,-0.010444313692119067,0.0343947559595108,-0.26604902744293213,-0.03377901151236529,0.07269030809402466,-0.2537134289741516,-0.04287049680408472,0.09946593642234802,-0.2229284942150116,-0.04278978466447825,-0.0021093785762786865,-0.17527538537979126,-0.02158282644506926,0.01176026463508606,-0.24093183875083923,-0.03903204708751673,0.041352659463882446,-0.25141236186027527,-0.04520074411686892,0.06648063659667969,-0.2420709729194641,-0.045954489553537314
D,0.0,0.0,0.0,0.047808557748794556,-0.03261607885360718,-0.011119485881209812,0.07890501618385315,-0.09969502687454224,-0.016201732728660545,0.09788945317268372,-0.15594416856765747,-0.024371501106799087,0.11784327030181885,-0.2027457356452942,-0.0317373537011747,0.059835284948349,-0.1886501908302307,0.006092226549952784,0.06466257572174072,-0.2780282199382782,-0.005139357458830318,0.06611126661300659,-0.3317604064941406,-0.014481397394121132,0.06333145499229431,-0.3769662082195282,-0.022118048790872535,0.040454864501953125,-0.1916624903678894,-0.0008546144720469329,0.05776011943817139,-0.27311164140701294,-0.028023002717674217,0.09305796027183533,-0.25874555110931396,-0.04622546588259979,0.11562824249267578,-0.22429892420768738,-0.05203286190706535,0.01915682852268219,-0.18564289808273315,-0.010098701391399345,0.034260109066963196,-0.2640179395675659,-0.03365516294914528,0.07259172201156616,-0.253445565700531,-0.04334415500241562,0.10038873553276062,-0.22382035851478577,-0.043738544035733185,-0.002477705478668213,-0.1750597357749939,-0.020836330998719177,0.01180998980998993,-0.2398098111152649,-0.03810322289544388,0.04085814952850342,-0.25087228417396545,-0.04446541150289818,0.06574535369873047,-0.24210390448570251,-0.04547817264872833
D,0.0,0.0,0.0,0.0483425110578537,-0.03198134899139404,-0.010193752182090066,0.07912972569465637,-0.10049986839294434,-0.014809467886948369,0.09892070293426514,-0.15761613845825195,-0.022763054875099442,0.12021878361701965,-0.2041950821876526,-0.030067835060322068,0.05990740656852722,-0.18811798095703125,0.006770351844465949,0.06445538997650146,-0.2780781686306,-0.004055373893493197,0.06594923138618469,-0.33192431926727295,-0.012889298667573712,0.06300410628318787,-0.3775954842567444,-0.020255670008623383,0.04107920825481415,-0.19146370887756348,-0.0006548244845134832,0.05892753601074219,-0.27383631467819214,-0.027484839839303277,0.0943499207496643,-0.2591622471809387,-0.04524993343409278,0.1164202094078064,-0.2244199514389038,-0.05071718065198638,0.01992696523666382,-0.18554657697677612,-0.010298230742478154,0.03595711290836334,-0.2644970715045929,-0.03379520593341567,0.07408639788627625,-0.2525036931037903,-0.043131129873358987,0.10117611289024353,-0.2219454050064087,-0.043180642706715844,-0.0015751123428344727,-0.1752455234527588,-0.021343546045386574,0.01264546811580658,-0.2404707968235016,-0.038857506645285866,0.042464226484298706,-0.25161659717559814,-0.045349495542609475,0.06821683049201965,-0.24305668473243713,-0.04638223169501998
D,0.0,0.0,0.0,0.04817824065685272,-0.03228491544723511,-0.009412609273780959,0.078653484582901,-0.1011841893196106,-0.013870877446819918,0.0984114408493042,-0.15769261121749878,-0.021783045726110117,0.11960852146148682,-0.20384684205055237,-0.029112910153557436,0.05927041172981262,-0.18824893236160278,0.006013401085297687,0.06388697028160095,-0.2781583070755005,-0.005330441752661841,0.06553924083709717,-0.3321411609649658,-0.014362528221894877,0.06252363324165344,-0.3777698278427124,-0.021731508197476046,0.04048173129558563,-0.1914713978767395,-0.0019178218210385012,0.05900716781616211,-0.27422451972961426,-0.029193102615167277,0.09511512517929077,-0.2590124309062958,-0.04686725069790043,0.117230623960495,-0.22313827276229858,-0.05209168721943058,0.01968725025653839,-0.1853742003440857,-0.011934874812354224,0.03631444275379181,-0.26476675271987915,-0.03552088816671528,0.07469192147254944,-0.252998024225235,-0.04457012494115986,0.10173669457435608,-0.22220832109451294,-0.044343001442243235,-0.001355096697807312,-0.17481493949890137,-0.023302055197049754,0.013325557112693787,-0.24014931917190552,-0.0408456728330151,0.04345448315143585,-0.25159746408462524,-0.04715324868469395,0.06917163729667664,-0.24298083782196045,-0.04796747793464817
D,0.0,0.0,0.0,0.047763288021087646,-0.031142473220825195,-0.009755367176268237,0.07840870320796967,-0.09921759366989136,-0.014708855883810656,0.09829051792621613,-0.15556150674819946,-0.02306227455440535,0.12016738951206207,-0.2017952799797058,-0.03089247340861334,0.05938120186328888,-0.187680184841156,0.005384953929450376,0.06391490995883942,-0.2778127193450928,-0.005789925107393401,0.06533174216747284,-0.33148515224456787,-0.014725720272991794,0.06231524050235748,-0.3771666884422302,-0.022172794440422194,0.04051494598388672,-0.19074970483779907,-0.002550318833101528,0.058379754424095154,-0.2737659811973572,-0.029445173913273948,0.09425990283489227,-0.25894251465797424,-0.047100762599740165,0.11654247343540192,-0.22354188561439514,-0.05260873469117655,0.019675731658935547,-0.18424463272094727,-0.012529429742727416,0.03573004901409149,-0.26357969641685486,-0.035702540302310126,0.07394908368587494,-0.251973032951355,-0.044702390903268,0.10116071999073029,-0.22167712450027466,-0.044788597846064704,-0.0013460516929626465,-0.17302316427230835,-0.023895970308814185,0.013009175658226013,-0.23811382055282593,-0.04115175711515917,0.043191149830818176,-0.24957382678985596,-0.04743435862067713,0.0691094845533371,-0.24137669801712036,-0.048487546616826194
D,0.0,0.0,0.0,0.04806336760520935,-0.031030714511871338,-0.00937357536307104,0.07905697822570801,-0.09956282377243042,-0.013976304705948905,0.09925863146781921,-0.15627235174179077,-0.02196385795971878,0.12181493639945984,-0.2013377845287323,-0.029369008641452865,0.05991607904434204,-0.18769705295562744,0.005914335225014611,0.0646577775478363,-0.277471125125885,-0.004805972713739948,0.0657673180103302,-0.33105558156967163,-0.013401322912187652,0.06266358494758606,-0.37675362825393677,-0.02071757699152954,0.04103150963783264,-0.190421462059021,-0.0018981497574088735,0.058967798948287964,-0.27292004227638245,-0.028228788550705985,0.09455829858779907,-0.25876450538635254,-0.04552828046283253,0.11705237627029419,-0.2249094843864441,-0.051022513683648185,0.020168453454971313,-0.1836199164390564,-0.011729879218847827,0.035636335611343384,-0.2630816698074341,-0.034881091590733604,0.07393297553062439,-0.25143736600875854,-0.04387294026813038,0.10156208276748657,-0.2215774655342102,-0.044047965582223014,-0.0008516162633895874,-0.1722772717475891,-0.022882710125060157,0.013260260224342346,-0.23730942606925964,-0.0404023555179549,0.04310229420661926,-0.24769806861877441,-0.04678508537611492,0.06886500120162964,-0.2389366328716278,-0.04795636507472523
D,0.0,0.0,0.0,0.04785074293613434,-0.03069615364074707,-0.009675333930942998,0.07908904552459717,-0.09807860851287842,-0.014681355750951752,0.09927192330360413,-0.1544128656387329,-0.02302878229210137,0.12130174040794373,-0.2014857530593872,-0.03077607481071709,0.059839457273483276,-0.18650251626968384,0.00558625934382917,0.06510359048843384,-0.2762138545513153,-0.005348857215437874,0.06617474555969238,-0.3301723897457123,-0.014145683220419869,0.0630355179309845,-0.3760890066623688,-0.02162274411210774,0.041378945112228394,-0.18977034091949463,-0.002365556967276916,0.05997896194458008,-0.27281856536865234,-0.028842246814463124,0.09561970829963684,-0.2583955228328705,-0.0464976864893174,0.11764118075370789,-0.22338110208511353,-0.05224191649148224,0.020570188760757446,-0.18336445093154907,-0.012335389575753197,0.03681255877017975,-0.2631056308746338,-0.035200531317684636,0.07516500353813171,-0.2513637840747833,-0.04440283654520272,0.10241332650184631,-0.2211146056652069,-0.044924041910860524,-0.00034402310848236084,-0.17236214876174927,-0.023655806391332135,0.013955861330032349,-0.23662909865379333,-0.04091043276974915,0.04397690296173096,-0.2468087077140808,-0.04737026123592614,0.06958380341529846,-0.23815715312957764,-0.04873033864686249
D,0.0,0.0,0.0,0.047938525676727295,-0.030144989490509033,-0.009974041858228588,0.07896307110786438,-0.09778690338134766,-0.014804703088017845,0.09926769137382507,-0.15469741821289062,-0.02292900057277336,0.1213940680027008,-0.20130965113639832,-0.0303978406800951,0.059936851263046265,-0.18762677907943726,0.006126421599176979,0.06543272733688354,-0.276831716299057,-0.004823005197110319,0.06635668873786926,-0.3306065797805786,-0.013737309628638172,0.06305825710296631,-0.37659353017807007,-0.021288533599587822,0.04130159318447113,-0.19064229726791382,-0.0015796487196411135,0.05999398231506348,-0.273133248090744,-0.028251795934053803,0.09559479355812073,-0.2580336630344391,-0.046042402179452324,0.11792412400245667,-0.22300514578819275,-0.051813204677316094,0.020442023873329163,-0.18418163061141968,-0.011421318070503617,0.03754943609237671,-0.26292115449905396,-0.03471615249058857,0.07618507742881775,-0.25040099024772644,-0.04415899971267834,0.10377538204193115,-0.21990486979484558,-0.04464295962593212,-0.00041294097900390625,-0.1732693314552307,-0.02262908490142479,0.015037477016448975,-0.23780030012130737,-0.04003598997137203,0.045111462473869324,-0.24801692366600037,-0.046589509488555336,0.07083609700202942,-0.23972231149673462,-0.047964134158107186
D,0.0,0.0,0.0,0.047301799058914185,-0.030754685401916504,-0.009127112312413033,0.07858125865459442,-0.09952735900878906,-0.013926172835923012,0.09916941821575165,-0.15561842918395996,-0.02202266289124566,0.12198849022388458,-0.20063790678977966,-0.029580490870571907,0.05870862305164337,-0.18660008907318115,0.003971352966331665,0.06406204402446747,-0.2768779993057251,-0.0073619300706155855,0.06530039012432098,-0.330763041973114,-0.016094126014209564,0.062072619795799255,-0.37629228830337524,-0.0234301241321333,0.04004146158695221,-0.18900269269943237,-0.004054502325303133,0.05931021273136139,-0.2720198333263397,-0.03101718446443158,0.09577859938144684,-0.257191002368927,-0.04850821031460839,0.11827550828456879,-0.22276419401168823,-0.05407904295454102,0.01923932135105133,-0.18179988861083984,-0.013913359699941452,0.03533078730106354,-0.2617286145687103,-0.037456261201000984,0.07445286214351654,-0.24950572848320007,-0.04685149921307641,0.10232765972614288,-0.21949219703674316,-0.04740089012513238,-0.0015887618064880371,-0.17021149396896362,-0.024973716793752487,0.01296544075012207,-0.23387151956558228,-0.042936807705260094,0.043320149183273315,-0.24381870031356812,-0.04983759133348542,0.06917555630207062,-0.23569518327713013,-0.05144254697690087
D,0.0,0.0,0.0,0.046560898423194885,-0.030072689056396484,-0.009490363710909833,0.07852083444595337,-0.09839212894439697,-0.014693205655902375,0.09874191880226135,-0.1549432873725891,-0.02308332309254979,0.12091729044914246,-0.20099705457687378,-0.030858100802987565,0.057676881551742554,-0.18592596054077148,0.00279957597015823,0.06279712915420532,-0.27692002058029175,-0.008929499836057175,0.06396737694740295,-0.33101117610931396,-0.017803839818924416,0.06030091643333435,-0.3768153190612793,-0.025168269352406014,0.03899562358856201,-0.18821561336517334,-0.005263653063565243,0.057752519845962524,-0.2731214761734009,-0.03240612656006192,0.09512919187545776,-0.2591575086116791,-0.049848244936555375,0.1180364191532135,-0.225447416305542,-0.055373714716523637,0.018408119678497314,-0.18095320463180542,-0.01515456423291539,0.03459759056568146,-0.2623017728328705,-0.03877936437854146,0.07504332065582275,-0.25010740756988525,-0.04792245984205579,0.10355210304260254,-0.22053426504135132,-0.048286688925117005,-0.0020572692155838013,-0.16923397779464722,-0.026266410426586617,0.012623593211174011,-0.23307320475578308,-0.044049927444547166,0.04318508505821228,-0.2431809902191162,-0.05061942845711087,0.06874242424964905,-0.235552579164505,-0.052015987635940064
D,0.0,0.0,0.0,0.047008201479911804,-0.029304027557373047,-0.00927488193838144,0.0788988471031189,-0.0988534688949585,-0.014095768937750108,0.09959712624549866,-0.15641498565673828,-0.02211370193390394,0.12214413285255432,-0.2024906873703003,-0.029553032154126413,0.05738016963005066,-0.18699699640274048,0.0027601468377724814,0.06189948320388794,-0.2777612805366516,-0.00882828482417608,0.06291398406028748,-0.3318619132041931,-0.01761163459150339,0.05869036912918091,-0.3778420388698578,-0.024971439177079446,0.03886152803897858,-0.1892385482788086,-0.005204860260619171,0.056941717863082886,-0.2732389569282532,-0.03219819129435564,0.09532085061073303,-0.2592904567718506,-0.049485900113268144,0.11859169602394104,-0.22565039992332458,-0.054981358954592,0.018600791692733765,-0.18190711736679077,-0.01496466682283426,0.03430376946926117,-0.26282817125320435,-0.03868300900785471,0.07564413547515869,-0.25055253505706787,-0.047814310202284105,0.10463783144950867,-0.22087964415550232,-0.04814689294425989,-0.00140458345413208,-0.1700412631034851,-0.025930474186225183,0.013676166534423828,-0.23381394147872925,-0.04418671936718965,0.04517477750778198,-0.2433818280696869,-0.051105127343817,0.07148757576942444,-0.2352343499660492,-0.0526491744908526
D,0.0,0.0,0.0,0.04699386656284332,-0.031153380870819092,-0.008700066302282039,0.07870776951313019,-0.0999559760093689,-0.01366056507484359,0.0996413379907608,-0.15596824884414673,-0.021926633138519946,0.12193973362445831,-0.20145511627197266,-0.029761397335988704,0.05699627101421356,-0.1872643232345581,0.0018622333320479356,0.06168331205844879,-0.27805519104003906,-0.010083148312133972,0.06254886090755463,-0.33232036232948303,-0.019006001819235507,0.058356091380119324,-0.3785206079483032,-0.026476833094221774,0.03847286105155945,-0.18903356790542603,-0.006606034059387866,0.05695517361164093,-0.2728424370288849,-0.034019491691452686,0.09503008425235748,-0.25871798396110535,-0.051522730905873004,0.11816273629665375,-0.22509899735450745,-0.0572351022254054,0.0180923193693161,-0.18117457628250122,-0.016728009153467838,0.03378811478614807,-0.261924684047699,-0.040683998782498065,0.07504744827747345,-0.2500121593475342,-0.050067014117104236,0.10413660109043121,-0.22052627801895142,-0.05070037307248754,-0.002049967646598816,-0.16884660720825195,-0.027970467750293437,0.013058587908744812,-0.23242002725601196,-0.046390834320646945,0.044465988874435425,-0.24221211671829224,-0.05347424658046407,0.07071582973003387,-0.23434782028198242,-0.05525167571411771
D,0.0,0.0,0.0,0.04701702296733856,-0.031010806560516357,-0.008915583999865362,0.0788777619600296,-0.10015052556991577,-0.01383860728334696,0.09978552162647247,-0.15636086463928223,-0.02207843812745125,0.12199516594409943,-0.2018343210220337,-0.029944958562069246,0.056206002831459045,-0.18716663122177124,0.001241135945505789,0.06088681519031525,-0.2784448266029358,-0.010720989132337877,0.062027707695961,-0.3325473368167877,-0.01949624011855633,0.05805407464504242,-0.3784550130367279,-0.026771054068618128,0.037814125418663025,-0.1888197660446167,-0.0070839658622077195,0.05650223791599274,-0.2728210687637329,-0.034304539138489076,0.09503869712352753,-0.25862616300582886,-0.05167727398317368,0.11820892989635468,-0.2248104214668274,-0.05734269174378426,0.017601877450942993,-0.18087822198867798,-0.017038453767113992,0.033788204193115234,-0.2612396776676178,-0.041106501990967104,0.075058713555336,-0.24861833453178406,-0.05063101875227005,0.103614941239357,-0.21812796592712402,-0.05128693061512024,-0.0023892968893051147,-0.1687726378440857,-0.028095031553917238,0.013310939073562622,-0.23251217603683472,-0.04675545396845848,0.04502229392528534,-0.24158304929733276,-0.053958876455240556,0.0710970014333725,-0.23228365182876587,-0.055712668621950456
D,0.0,0.0,0.0,0.04537227749824524,-0.03312617540359497,-0.009418412097772944,0.07675397396087646,-0.1024855375289917,-0.015300665036818373,0.09808480739593506,-0.158638596534729,-0.024422749863049376,0.12095850706100464,-0.20448821783065796,-0.033048665137073385,0.0544714629650116,-0.18884700536727905,0.0004098310158155982,0.05797293782234192,-0.28092074394226074,-0.012056808904787886,0.05867686867713928,-0.335237979888916,-0.02127058988907038,0.054350972175598145,-0.3820110261440277,-0.028923155725976812,0.03622499108314514,-0.19021755456924438,-0.007869504378220427,0.055278658866882324,-0.27436983585357666,-0.03559214434125124,0.09301808476448059,-0.2600622773170471,-0.05326349100567995,0.11575856804847717,-0.22775036096572876,-0.05923423355915247,0.016177237033843994,-0.1823369264602661,-0.017824130118867743,0.033712923526763916,-0.2619050443172455,-0.04213349706031977,0.07467716932296753,-0.2494007647037506,-0.05173720231749712,0.10333451628684998,-0.22006118297576904,-0.052532007903835165,-0.0033488422632217407,-0.17006772756576538,-0.028923057005783903,0.014031872153282166,-0.2331107258796692,-0.04723360946871935,0.04587015509605408,-0.24366870522499084,-0.05441051533915697,0.07223787903785706,-0.23698484897613525,-0.05638172289826571
D,0.0,0.0,0.0,0.046240419149398804,-0.03363722562789917,-0.009420117202921574,0.07706350088119507,-0.10253351926803589,-0.015432929459734623,0.09820502996444702,-0.15872853994369507,-0.02469598206482715,0.12071380019187927,-0.20474284887313843,-0.03349392751954383,0.05354192852973938,-0.1882765293121338,-0.0007051233693573522,0.056746721267700195,-0.280859112739563,-0.013780967172010605,0.05777353048324585,-0.33495521545410156,-0.02324246878526992,0.053150177001953125,-0.3815349340438843,-0.03102089541755504,0.03517735004425049,-0.18920624256134033,-0.009166778836174672,0.053594619035720825,-0.27425864338874817,-0.037798835735543435,0.0925239622592926,-0.2592870891094208,-0.05563066045544929,0.11559608578681946,-0.2264244556427002,-0.061572733174784844,0.015384584665298462,-0.1810084581375122,-0.01927222761116809,0.032493412494659424,-0.2612183690071106,-0.04435104022525138,0.07446208596229553,-0.24823927879333496,-0.053818336527569954,0.10327896475791931,-0.2187311053276062,-0.05434290583036727,-0.003833398222923279,-0.16848504543304443,-0.03051037604711837,0.013481110334396362,-0.23134180903434753,-0.0492875788619358,0.045578181743621826,-0.24176621437072754,-0.05651182199619598,0.07165729999542236,-0.23518845438957214,-0.05844344834588355
D,0.0,0.0,0.0,0.04527425765991211,-0.03285318613052368,-0.009347324039879368,0.07626977562904358,-0.10242271423339844,-0.015166336450818108,0.0975734293460846,-0.15897810459136963,-0.024295569177809284,0.12003782391548157,-0.20417773723602295,-0.03299717862540774,0.052359163761138916,-0.18866890668869019,-0.000566940127498583,0.055354952812194824,-0.2804013192653656,-0.013273901086392925,0.05655795335769653,-0.3339478373527527,-0.022487030144873188,0.05207696557044983,-0.38015303015708923,-0.030072125386539028,0.03412652015686035,-0.1893560290336609,-0.008841638233604954,0.05283939838409424,-0.2726179361343384,-0.03742783029014163,0.09206908941268921,-0.25718504190444946,-0.05509074662262492,0.11489620804786682,-0.2242504358291626,-0.06077832986051135,0.014462798833847046,-0.18107616901397705,-0.01867847588295035,0.03169830143451691,-0.25928306579589844,-0.04407643784219317,0.07337471842765808,-0.24443501234054565,-0.053547928821387814,0.10110506415367126,-0.2134522795677185,-0.05377355102831416,-0.004513531923294067,-0.16861939430236816,-0.0295710738413959,0.013686954975128174,-0.23061442375183105,-0.048579904031100796,0.04536660015583038,-0.23940640687942505,-0.055671925436797665,0.07019367814064026,-0.23106670379638672,-0.05726124603683047
D,0.0,0.0,0.0,0.04446081817150116,-0.031876444816589355,-0.01001855781704819,0.075362429022789,-0.10046958923339844,-0.016991232097453235,0.09652270376682281,-0.15659624338150024,-0.027109040454334377,0.11960203945636749,-0.2023698091506958,-0.03682476705343163,0.05273415148258209,-0.18906080722808838,-0.0030921376723114236,0.05435656011104584,-0.28184252977371216,-0.016938996076888202,0.05555598437786102,-0.33482521772384644,-0.02666558562249577,0.051232919096946716,-0.38102149963378906,-0.03455120003253853,0.033864155411720276,-0.18901276588439941,-0.011377931148118137,0.052778586745262146,-0.273114949464798,-0.04096095687181389,0.09271512925624847,-0.2565382122993469,-0.05882212197811043,0.11582563817501068,-0.22397273778915405,-0.06457877582342064,0.013543173670768738,-0.17984551191329956,-0.021158449858731387,0.030993729829788208,-0.25838935375213623,-0.04751383563906586,0.0729203075170517,-0.24227896332740784,-0.056425516069239734,0.10047872364521027,-0.21180307865142822,-0.05612061223418152,-0.006249949336051941,-0.16568320989608765,-0.031975552946633456,0.012201294302940369,-0.2272571325302124,-0.05169503814012444,0.04392613470554352,-0.236331045627594,-0.05854019945890343,0.06854890286922455,-0.22972282767295837,-0.0598387313488189
D,0.0,0.0,0.0,0.04545493423938751,-0.03182798624038696,-0.008766217413324284,0.07615765929222107,-0.1007847785949707,-0.015278418804484772,0.09733185172080994,-0.15664011240005493,-0.025278762238997388,0.12079879641532898,-0.20229250192642212,-0.03503450031854527,0.05261579155921936,-0.18907594680786133,-0.0017581928055392382,0.054486483335494995,-0.2825261056423187,-0.015005065384286809,0.056239932775497437,-0.33557289838790894,-0.024353163572925496,0.052749454975128174,-0.381706178188324,-0.03212377082087414,0.03411459922790527,-0.1889769434928894,-0.010845524514991212,0.05266660451889038,-0.2741289734840393,-0.0398726689396085,0.09287670254707336,-0.25838541984558105,-0.05777256961442845,0.1164720356464386,-0.22588121891021729,-0.06375133644320385,0.014106348156929016,-0.17991673946380615,-0.02134470108427422,0.032254040241241455,-0.2594061493873596,-0.04709418143607991,0.0743323564529419,-0.2443023920059204,-0.05621326740362065,0.10196560621261597,-0.21403715014457703,-0.05630786742545979,-0.005159154534339905,-0.16591984033584595,-0.03280319671608822,0.013705357909202576,-0.22785186767578125,-0.0522557872114362,0.04598453640937805,-0.23779436945915222,-0.05944067265369313,0.07118427753448486,-0.23173338174819946,-0.06118584077336209
D,0.0,0.0,0.0,0.045928940176963806,-0.03273427486419678,-0.00885313069133531,0.0771779865026474,-0.10162287950515747,-0.015080094054923165,0.09886009991168976,-0.15790337324142456,-0.024907829888746846,0.12240077555179596,-0.2040027379989624,-0.03435779986588727,0.053291335701942444,-0.18830418586730957,-8.129535075340755e-06,0.05543304979801178,-0.2814135253429413,-0.012781765029416192,0.0571528822183609,-0.33476442098617554,-0.021933949269936193,0.053813233971595764,-0.3811933994293213,-0.02957945940701734,0.035548776388168335,-0.18898719549179077,-0.008922890477464307,0.05464376509189606,-0.27314096689224243,-0.03780576092808019,0.09503985941410065,-0.2572944760322571,-0.05577882630436193,0.11903895437717438,-0.22442999482154846,-0.06171541912166845,0.016002178192138672,-0.18088996410369873,-0.019395175107405294,0.0347270667552948,-0.26049262285232544,-0.045169806756661046,0.07651127874851227,-0.24460241198539734,-0.05469026667682897,0.10412187874317169,-0.21279442310333252,-0.05489433807937871,-0.0029114633798599243,-0.1685228943824768,-0.030874703728244413,0.016372278332710266,-0.2303772270679474,-0.050418226697132695,0.04885609447956085,-0.23961997032165527,-0.05794229237048398,0.07435132563114166,-0.23200523853302002,-0.059798146315500844
D,0.0,0.0,0.0,0.046279460191726685,-0.03341621160507202,-0.008503214323681618,0.07791168987751007,-0.10229730606079102,-0.014517512971323754,0.10056553781032562,-0.15737849473953247,-0.02415275560484531,0.12408791482448578,-0.20203059911727905,-0.033455110953909184,0.05336420238018036,-0.1881849765777588,-0.0001356258420486256,0.05631028115749359,-0.28057661652565,-0.01285516364292505,0.05800987780094147,-0.33429116010665894,-0.022132087366443898,0.054645463824272156,-0.38039541244506836,-0.029821382703048016,0.0353827029466629,-0.18882733583450317,-0.009174466931980874,0.05518518388271332,-0.27207380533218384,-0.037723645435434605,0.09562571346759796,-0.25719529390335083,-0.05572904633150699,0.12004958093166351,-0.22443482279777527,-0.061819985376459385,0.015858128666877747,-0.18058109283447266,-0.019715133921963002,0.03455673158168793,-0.2596887946128845,-0.0449032856689513,0.07625822722911835,-0.24527981877326965,-0.054699677841526295,0.10454089939594269,-0.21422600746154785,-0.055367164181333806,-0.0026411116123199463,-0.16815662384033203,-0.031287874894005085,0.016170591115951538,-0.23006966710090637,-0.05043299110398891,0.04850812256336212,-0.23986750841140747,-0.057967092709404255,0.0744234174489975,-0.23219388723373413,-0.05996779339180591
D,0.0,0.0,0.0,0.04654790461063385,-0.03183317184448242,-0.009158266948148253,0.07744459807872772,-0.100932776927948,-0.015383160912975313,0.0996939092874527,-0.1573413610458374,-0.025105387212320807,0.12392221391201019,-0.20226538181304932,-0.034421606229230406,0.05379851162433624,-0.18800115585327148,-0.00025085523499512874,0.05634315311908722,-0.28027647733688354,-0.013126501122101786,0.057883307337760925,-0.33445030450820923,-0.0225448312774148,0.05439586937427521,-0.3807852864265442,-0.030399944873138907,0.03599129617214203,-0.18890684843063354,-0.009034062044307234,0.05532647669315338,-0.2725035846233368,-0.03767302470056677,0.09583236277103424,-0.25821924209594727,-0.055481935159846785,0.1201782077550888,-0.2258092761039734,-0.06144984649269247,0.016415581107139587,-0.18078255653381348,-0.019468868391200544,0.03479720652103424,-0.2612895369529724,-0.04499665857998991,0.07684208452701569,-0.24696314334869385,-0.054581253097936155,0.10502763092517853,-0.21594345569610596,-0.055022450403853895,-0.00230543315410614,-0.168512225151062,-0.030993398518845083,0.016038015484809875,-0.23160243034362793,-0.05062630610315466,0.048191145062446594,-0.2405948042869568,-0.0581701083645072,0.07359106838703156,-0.23200660943984985,-0.06006984622923994
D,0.0,0.0,0.0,0.047740817070007324,-0.03337574005126953,-0.008020675999404148,0.07774436473846436,-0.10319751501083374,-0.013452778828622058,0.09984463453292847,-0.15973806381225586,-0.022643974309147552,0.12498927116394043,-0.20352154970169067,-0.03133708264428492,0.05317544937133789,-0.1892581582069397,0.0027943968052852597,0.05632597208023071,-0.2809949517250061,-0.009434306321026042,0.058054566383361816,-0.3353427052497864,-0.018386530016840652,0.055027008056640625,-0.3814048171043396,-0.025766635571898178,0.03584545850753784,-0.18977248668670654,-0.006353231405199722,0.05552294850349426,-0.27244552969932556,-0.03456734146672602,0.09681308269500732,-0.25997641682624817,-0.05194810431200381,0.12272599339485168,-0.22767817974090576,-0.05735636528331156,0.016733869910240173,-0.18165302276611328,-0.01728288482624407,0.03578568994998932,-0.26167571544647217,-0.04259968202310915,0.07803359627723694,-0.24895620346069336,-0.051954839636863426,0.10730099678039551,-0.21885532140731812,-0.05198620285588618,-0.0014789104461669922,-0.16984516382217407,-0.029253419746936515,0.017046183347702026,-0.23326420783996582,-0.04857288326817866,0.04931548237800598,-0.24347147345542908,-0.05567979465919848,0.0754375159740448,-0.2360292673110962,-0.05706790860492106
D,0.0,0.0,0.0,0.048728495836257935,-0.034748375415802,-0.007887727151512536,0.07772478461265564,-0.10297149419784546,-0.013693879860340985,0.10000047087669373,-0.15857642889022827,-0.023246243166624936,0.12415823340415955,-0.20340639352798462,-0.03211727509170714,0.05342403054237366,-0.18943625688552856,0.0030504795360570824,0.05628859996795654,-0.282598614692688,-0.009574727657138737,0.058116376399993896,-0.3370323181152344,-0.018750056194960507,0.05510944128036499,-0.38339322805404663,-0.026164965274631413,0.03624582290649414,-0.19003278017044067,-0.006101680955737265,0.05711367726325989,-0.27278250455856323,-0.035001975986062916,0.09769681096076965,-0.2587755024433136,-0.052375105711519154,0.12304261326789856,-0.22616896033287048,-0.057573554607927235,0.017128467559814453,-0.18244630098342896,-0.017104409205614957,0.038315415382385254,-0.26072195172309875,-0.04298534015089217,0.08096912503242493,-0.24708014726638794,-0.05192790696293059,0.11043429374694824,-0.21722790598869324,-0.051415061148702534,-0.0009590387344360352,-0.17103928327560425,-0.02910408334702197,0.019949927926063538,-0.23274105787277222,-0.0481957770314807,0.05272310972213745,-0.2444968819618225,-0.05483724692732039,0.07933878898620605,-0.24004334211349487,-0.05587606275349799
D,0.0,0.0,0.0,0.05070123076438904,-0.03789776563644409,-0.00480639158568863,0.0807901918888092,-0.10723412036895752,-0.009646327391337195,0.10441800951957703,-0.16157019138336182,-0.019063016556273737,0.13138145208358765,-0.20299330353736877,-0.02805026822544221,0.052067190408706665,-0.1900855302810669,0.004974158789892158,0.05572187900543213,-0.2843370735645294,-0.007153327267687359,0.0582350492477417,-0.3378466069698334,-0.015777278848062792,0.05642792582511902,-0.38389307260513306,-0.02297056481994275,0.03529980778694153,-0.18937474489212036,-0.0062156605236936,0.05891859531402588,-0.27235543727874756,-0.034947687916528025,0.10154110193252563,-0.25811687111854553,-0.05254627221084718,0.12866634130477905,-0.22638601064682007,-0.058125475578080454,0.01695530116558075,-0.18105900287628174,-0.019060511298548022,0.04091748595237732,-0.2589243948459625,-0.04501972921944741,0.08664140105247498,-0.24426448345184326,-0.054545862756739893,0.1181395947933197,-0.21433791518211365,-0.05456686594344262,1.6689300537109375e-06,-0.16944539546966553,-0.03265447371460084,0.02148604393005371,-0.2326573133468628,-0.05142517589784745,0.0546286404132843,-0.244949072599411,-0.058186246238719264,0.08117717504501343,-0.24079284071922302,-0.0596265440509427
D,0.0,0.0,0.0,0.05203177034854889,-0.03958487510681152,-0.004439712220289493,0.08175696432590485,-0.10603171586990356,-0.009719011092045093,0.10570894181728363,-0.16033244132995605,-0.020196191684760834,0.13367964327335358,-0.20173561573028564,-0.030307143644847656,0.05480869114398956,-0.19175374507904053,0.009051016813657498,0.057538703083992004,-0.2843879461288452,-0.0029099769400886544,0.059015676379203796,-0.33798444271087646,-0.012225072549142624,0.056722864508628845,-0.38488882780075073,-0.020072417051949287,0.03834964334964752,-0.19167011976242065,-0.002746706546702171,0.061662331223487854,-0.2733258605003357,-0.031838692442931915,0.10423736274242401,-0.2591892182826996,-0.05028076069191911,0.1320907324552536,-0.22828549146652222,-0.056215479688205505,0.019705623388290405,-0.183821439743042,-0.0165168435289047,0.043871209025382996,-0.26177629828453064,-0.043078943805255676,0.08961276710033417,-0.24613460898399353,-0.05344547303155878,0.12193857133388519,-0.2150995433330536,-0.053602158741512085,0.0022771507501602173,-0.1726551055908203,-0.031067888901986862,0.024534016847610474,-0.23638755083084106,-0.050215575562276626,0.058990225195884705,-0.24674096703529358,-0.057352233396329666,0.08744357526302338,-0.24064165353775024,-0.05876407744125345
D,0.0,0.0,0.0,0.05314955115318298,-0.03915286064147949,-0.003879186324496686,0.08350703120231628,-0.1037909984588623,-0.008773650834058344,0.10784533619880676,-0.15645623207092285,-0.0186914250717507,0.13432303071022034,-0.19903680682182312,-0.028151086391602576,0.05497637391090393,-0.18940049409866333,0.008236040501202524,0.05837935209274292,-0.2822948694229126,-0.003818004717771828,0.05999046564102173,-0.33628255128860474,-0.012949758069311201,0.05786260962486267,-0.38303130865097046,-0.020500768767391264,0.03935614228248596,-0.1894565224647522,-0.003675770573039472,0.06377390027046204,-0.27179065346717834,-0.032071529747639715,0.10624474287033081,-0.25840049982070923,-0.04994774130145174,0.1338682472705841,-0.22781991958618164,-0.05577442315379244,0.02152305841445923,-0.18209302425384521,-0.017509781615530073,0.04811912775039673,-0.2592349052429199,-0.04344403636613947,0.09439066052436829,-0.2444966733455658,-0.05340825286666018,0.12660956382751465,-0.21442154049873352,-0.053603767277394354,0.004805251955986023,-0.17159390449523926,-0.03205427792826754,0.027470290660858154,-0.23554441332817078,-0.05042068925658327,0.062190353870391846,-0.24690201878547668,-0.05700669703045946,0.09068259596824646,-0.24179962277412415,-0.0582776915744887
D,0.0,0.0,0.0,0.05442756414413452,-0.040546715259552,-0.002666363376818026,0.08500540256500244,-0.10737532377243042,-0.006477511139280523,0.10925453901290894,-0.1614195704460144,-0.015698063770003046,0.1369512975215912,-0.20300355553627014,-0.024376559653944696,0.05493289232254028,-0.19113940000534058,0.011756524792247092,0.05792701244354248,-0.28405269980430603,0.0006755015340900172,0.05977737903594971,-0.3387218713760376,-0.008066047565705503,0.05769771337509155,-0.38555726408958435,-0.01536705868846866,0.03904634714126587,-0.19154083728790283,-0.0003143646760577212,0.0628838837146759,-0.2724234461784363,-0.02758748049444648,0.1043795645236969,-0.2603318989276886,-0.044964346686072076,0.13133463263511658,-0.2309892475605011,-0.05048521200723144,0.021222054958343506,-0.18461370468139648,-0.014428259456224168,0.048170655965805054,-0.26111871004104614,-0.03966433147496673,0.0949644148349762,-0.246782124042511,-0.049549590447611536,0.1278597116470337,-0.21678459644317627,-0.049646544852919305,0.004836603999137878,-0.17419642210006714,-0.029214592301912035,0.02887168526649475,-0.237868070602417,-0.04713340813822242,0.064846932888031,-0.24909931421279907,-0.05370059574551078,0.09466156363487244,-0.24357733130455017,-0.054880555370516504
D,0.0,0.0,0.0,0.054771631956100464,-0.039720118045806885,-0.0020061178858981066,0.0855591893196106,-0.10698521137237549,-0.005242923673208111,0.11005350947380066,-0.1604909896850586,-0.013985190939123981,0.1370745599269867,-0.20184975862503052,-0.02218912861120259,0.055550456047058105,-0.192407488822937,0.011973654452745564,0.05777803063392639,-0.2852110266685486,0.0014761187574237056,0.05939143896102905,-0.3395928144454956,-0.006824027214165085,0.05758890509605408,-0.3864727020263672,-0.014014422360773438,0.03935176134109497,-0.19321447610855103,-0.0003863207150374137,0.06130385398864746,-0.27512189745903015,-0.026860707838054054,0.10163286328315735,-0.2628427743911743,-0.043452578995342606,0.12764579057693481,-0.23339387774467468,-0.0487541774548248,0.021608054637908936,-0.18634092807769775,-0.014731438297744148,0.04916295409202576,-0.26364803314208984,-0.03977835125100171,0.09634926915168762,-0.24803122878074646,-0.049032356057281845,0.1287994682788849,-0.21633070707321167,-0.048904545072431915,0.0051559507846832275,-0.17532068490982056,-0.02971740199994599,0.03020930290222168,-0.2386724352836609,-0.04790566808354413,0.06703546643257141,-0.24909541010856628,-0.05441366082798993,0.09711956977844238,-0.24271410703659058,-0.05564910865199124
D,0.0,0.0,0.0,0.05615553259849548,-0.03970229625701904,-0.000836631598744475,0.08823895454406738,-0.10758864879608154,-0.003456781177177959,0.11359196901321411,-0.16118907928466797,-0.01220677469517284,0.14064612984657288,-0.20272782444953918,-0.02059955664570623,0.05788826942443848,-0.195356547832489,0.014904867367491192,0.05940040946006775,-0.28776320815086365,0.004340268646970458,0.061076074838638306,-0.34308749437332153,-0.0045906324184983305,0.0590970516204834,-0.3901940584182739,-0.012279518438830905,0.041976720094680786,-0.19647860527038574,0.0015432530535832711,0.06719672679901123,-0.27647754549980164,-0.025551411813452773,0.10966426134109497,-0.26266971230506897,-0.04342248991723352,0.13642653822898865,-0.23168611526489258,-0.04938857213254266,0.02411210536956787,-0.19015216827392578,-0.013876710577264362,0.05356031656265259,-0.26678356528282166,-0.03962993205185228,0.10139003396034241,-0.24905389547348022,-0.049756399846032195,0.13354119658470154,-0.2157326340675354,-0.04994220615024858,0.007430970668792725,-0.17964226007461548,-0.029892799934700065,0.03334861993789673,-0.24299851059913635,-0.048803984677746826,0.07100909948348999,-0.25184229016304016,-0.055733236974433,0.10144281387329102,-0.24349871277809143,-0.05699132711286836
D,0.0,0.0,0.0,0.05460411310195923,-0.03567004203796387,5.1196285852483925e-05,0.09015911817550659,-0.10621190071105957,-0.002684488212622682,0.11746048927307129,-0.1575797200202942,-0.01141809301444141,0.14751634001731873,-0.1949315369129181,-0.020390298236094395,0.05757501721382141,-0.1945286989212036,0.007635440658845027,0.060895174741744995,-0.29099664092063904,-0.004214221164517085,0.06471371650695801,-0.34900015592575073,-0.012762996386669556,0.06532648205757141,-0.39640524983406067,-0.02034390719600765,0.04135209321975708,-0.19719171524047852,-0.006857719290934483,0.07344099879264832,-0.2764533460140228,-0.03639508226879684,0.12014856934547424,-0.2589486837387085,-0.054644366744838635,0.14925101399421692,-0.22377777099609375,-0.060631165299497525,0.023555785417556763,-0.1912711262702942,-0.022624880094014088,0.05768135190010071,-0.265227347612381,-0.05049407670267669,0.1072189211845398,-0.24490982294082642,-0.0612914692796096,0.14016607403755188,-0.2099069356918335,-0.06199715474613754,0.006720989942550659,-0.18023109436035156,-0.03864843958982078,0.03387829661369324,-0.24058520793914795,-0.06019582414992897,0.07228568196296692,-0.24366670846939087,-0.06788697281845657,0.1026202142238617,-0.22927197813987732,-0.06944300422438232
D,0.0,0.0,0.0,0.057991981506347656,-0.040005266666412354,0.0028671719942963136,0.0916348397731781,-0.1104997992515564,0.0014171942480629696,0.11853155493736267,-0.1635202169418335,-0.007576008572357296,0.1510164439678192,-0.19995737075805664,-0.01647907520003855,0.06222543120384216,-0.19920587539672852,0.019945913680714966,0.06778958439826965,-0.2914004921913147,0.010483607404751183,0.07092615962028503,-0.3476284146308899,0.0026567845948761715,0.07047238945960999,-0.3964753746986389,-0.004638828116583227,0.04706406593322754,-0.20165592432022095,0.0037812713877087845,0.07794708013534546,-0.28155389428138733,-0.024216417468267082,0.12247419357299805,-0.26420220732688904,-0.04257090786762774,0.14986702799797058,-0.22914254665374756,-0.04818716297216952,0.029768794775009155,-0.19652259349822998,-0.01425806550599873,0.06627896428108215,-0.27142518758773804,-0.04123874033160746,0.11408522725105286,-0.24825742840766907,-0.05237520510621607,0.14498725533485413,-0.20982342958450317,-0.05243944401212275,0.013712197542190552,-0.18783527612686157,-0.032562677062230705,0.043329983949661255,-0.2499810755252838,-0.05220789486833155,0.0827118456363678,-0.2550707757472992,-0.05994286412663996,0.11423683166503906,-0.2423582375049591,-0.06142447540827334
D,0.0,0.0,0.0,0.06096404790878296,-0.040320754051208496,0.00306649524887348,0.0960274338722229,-0.10923922061920166,0.0009047655172764735,0.12665870785713196,-0.16217845678329468,-0.009461970113392226,0.16093888878822327,-0.2014332413673401,-0.019821681127126567,0.06770926713943481,-0.19693905115127563,0.022423027038399823,0.07289275527000427,-0.28997963666915894,0.01182098495942796,0.07616609334945679,-0.3476218581199646,0.0023601401614143924,0.07555508613586426,-0.39870384335517883,-0.0062605436408773585,0.05290648341178894,-0.20156726241111755,0.005609107624565013,0.08387449383735657,-0.28346118330955505,-0.023461666003044,0.12972688674926758,-0.2651151418685913,-0.042978717059071414,0.15777111053466797,-0.2291795015335083,-0.04941708785312926,0.03483372926712036,-0.19835886359214783,-0.01342905224132096,0.07116103172302246,-0.27544131875038147,-0.04088968229311263,0.12021675705909729,-0.2501606345176697,-0.05220358264463698,0.1517932415008545,-0.20947253704071045,-0.05239891824143683,0.017648279666900635,-0.19043436646461487,-0.03292373758571898,0.048471421003341675,-0.2526005506515503,-0.05304383304732596,0.08932027220726013,-0.25358617305755615,-0.06097183567302977,0.12101587653160095,-0.23592549562454224,-0.06255196225660598
D,0.0,0.0,0.0,0.06072843074798584,-0.040607750415802,0.007449353189372232,0.09584161639213562,-0.10744297504425049,0.00560678642352741,0.12513595819473267,-0.15799295902252197,-0.00491454118753154,0.15806591510772705,-0.19744858145713806,-0.015881287789738963,0.06849551200866699,-0.19885575771331787,0.021473641582929304,0.07230594754219055,-0.2945902347564697,0.009419382625424078,0.07686632871627808,-0.3525010049343109,-0.0010715153010778522,0.0782192051410675,-0.4031408429145813,-0.010316618642605135,0.054070889949798584,-0.20469480752944946,0.002027585479595473,0.08738407492637634,-0.2878538966178894,-0.02741223659256775,0.1324627697467804,-0.2662602365016937,-0.04651645656565506,0.15915703773498535,-0.22808074951171875,-0.05288780938724358,0.036198198795318604,-0.20236656069755554,-0.019040142110384295,0.07336851954460144,-0.27971547842025757,-0.04518579404691536,0.12206697463989258,-0.25451603531837463,-0.05393786068896134,0.15378421545028687,-0.21605879068374634,-0.053348586818970034,0.018671363592147827,-0.1929425299167633,-0.040312812588013,0.048832714557647705,-0.2544412314891815,-0.059398134163416216,0.08997154235839844,-0.2567462623119354,-0.06542018514016945,0.122256338596344,-0.24218881130218506,-0.066057291737593
D,0.0,0.0,0.0,0.060860276222229004,-0.03767037391662598,0.002853642166115833,0.09669357538223267,-0.10426640510559082,-0.00021912372253041212,0.12706616520881653,-0.15744811296463013,-0.01140830391599934,0.16305413842201233,-0.19837909936904907,-0.022663055970809864,0.07048895955085754,-0.1973991096019745,0.022347996890999866,0.07439640164375305,-0.2918351888656616,0.010495415837027622,0.07939460873603821,-0.35101181268692017,-0.0004956407873066837,0.08103504776954651,-0.401894211769104,-0.010015769913337635,0.05694854259490967,-0.20393487811088562,0.005720807653375459,0.08984911441802979,-0.2868747413158417,-0.02348759496166508,0.1361868679523468,-0.2683129906654358,-0.043683075397751736,0.16417542099952698,-0.2318745255470276,-0.05080638551666539,0.03920745849609375,-0.20261171460151672,-0.013179839640400814,0.07513201236724854,-0.2802489101886749,-0.04034158685757916,0.12330663204193115,-0.25610631704330444,-0.051330954819462704,0.1543450653553009,-0.2163602113723755,-0.05169364163234036,0.02142709493637085,-0.19551557302474976,-0.032585457950375485,0.05284041166305542,-0.2566555440425873,-0.052899942785046505,0.09505236148834229,-0.25585365295410156,-0.06053923541261952,0.12790659070014954,-0.23690378665924072,-0.061858185618660855
D,0.0,0.0,0.0,0.060997188091278076,-0.03663688898086548,0.0037247096522605716,0.09718284010887146,-0.10403764247894287,0.000694941762731105,0.12741303443908691,-0.15702319145202637,-0.010318532319843143,0.1619783639907837,-0.2003476321697235,-0.02138811695772347,0.07181230187416077,-0.19769471883773804,0.02096294452053371,0.07806655764579773,-0.29414933919906616,0.00936215024989906,0.08315780758857727,-0.35437512397766113,-0.001007895184784502,0.08532151579856873,-0.40585857629776,-0.010192497367143005,0.05741342902183533,-0.2044295370578766,0.0032095495014345943,0.09218105673789978,-0.28772103786468506,-0.025555172668873638,0.13794147968292236,-0.2693617641925812,-0.04500351633328137,0.16625159978866577,-0.232771098613739,-0.05185107673901257,0.03883635997772217,-0.20248156785964966,-0.016650071101366848,0.07710519433021545,-0.2813355624675751,-0.0431430802811974,0.1273132860660553,-0.2582252025604248,-0.053078645574032635,0.16092783212661743,-0.22033432126045227,-0.053420467035948604,0.020832151174545288,-0.19419217109680176,-0.036934701459585995,0.05226674675941467,-0.2580648362636566,-0.05653765957254109,0.0933799147605896,-0.26103675365448,-0.06299127052920994,0.12605023384094238,-0.2467796504497528,-0.06401291649240193
D,0.0,0.0,0.0,0.06210097670555115,-0.038400352001190186,0.005591800885923703,0.09806692600250244,-0.10566365718841553,0.0030317567127724487,0.12858617305755615,-0.15848493576049805,-0.008283897784821193,0.16171076893806458,-0.20378270745277405,-0.019889756587616603,0.07319897413253784,-0.19717273116111755,0.02461234711361726,0.08213788270950317,-0.2938601076602936,0.012707966829367479,0.08766734600067139,-0.35453659296035767,0.0018266206446071465,0.09055587649345398,-0.4064571261405945,-0.007838211504093806,0.05902153253555298,-0.20458051562309265,0.004964737671144803,0.09251853823661804,-0.2918819785118103,-0.024896859673134486,0.13751360774040222,-0.2748616933822632,-0.04540146469818751,0.16706958413124084,-0.23808827996253967,-0.05271938398229281,0.040355294942855835,-0.20358124375343323,-0.016961097267738978,0.0784432590007782,-0.2851133644580841,-0.04428997218357722,0.1299254596233368,-0.2622523307800293,-0.05478343695151011,0.16643407940864563,-0.22457072138786316,-0.05543205842124621,0.0224744975566864,-0.19559726119041443,-0.039275094417206446,0.05365675687789917,-0.26070284843444824,-0.05923801988112132,0.09528303146362305,-0.26512062549591064,-0.06615505322562854,0.12970766425132751,-0.25261595845222473,-0.06770712092267672
D,0.0,0.0,0.0,0.05717107653617859,-0.0364687442779541,-0.003658813073258216,0.09583160281181335,-0.10457760095596313,-0.008088861706625039,0.1272469460964203,-0.15796113014221191,-0.01888595067239862,0.15784543752670288,-0.2052764594554901,-0.02946533553577524,0.0747707188129425,-0.1960136592388153,0.015240243521560615,0.0803520679473877,-0.2928730249404907,0.0018937593577845746,0.08620604872703552,-0.3547348976135254,-0.009824351522098596,0.08891734480857849,-0.40774720907211304,-0.019698242771397645,0.060103923082351685,-0.2026720941066742,0.0010671282671808058,0.0906146764755249,-0.29076117277145386,-0.030022510441909844,0.13354334235191345,-0.27478861808776855,-0.05134086229182344,0.16170746088027954,-0.2394530177116394,-0.05884860001779657,0.041074156761169434,-0.20078906416893005,-0.01572283461965185,0.0738697350025177,-0.28280848264694214,-0.04420728899813753,0.12185555696487427,-0.26470208168029785,-0.05607515864349466,0.15692663192749023,-0.22916573286056519,-0.057006078886757905,0.021355897188186646,-0.1931760609149933,-0.03350644104457956,0.04947438836097717,-0.25853773951530457,-0.05426456697560411,0.08810681104660034,-0.26703080534935,-0.062027598845730836,0.12041938304901123,-0.2572251558303833,-0.06369610049105745
D,0.0,0.0,0.0,0.06018185615539551,-0.039029717445373535,0.0004077689613239954,0.09792804718017578,-0.10923093557357788,-0.0004008312003662695,0.12817507982254028,-0.16236746311187744,-0.008355288916916948,0.15773263573646545,-0.21033579111099243,-0.01626655381330977,0.07333502173423767,-0.19345980882644653,0.02125992331495752,0.0817895233631134,-0.28697922825813293,0.011325045338182349,0.08811721205711365,-0.3473029136657715,0.0024507474976616095,0.09196352958679199,-0.3980976343154907,-0.005544873105080228,0.058675915002822876,-0.2007266879081726,0.005597670877634187,0.08230447769165039,-0.2914492189884186,-0.021020435878725152,0.11969786882400513,-0.2843901515007019,-0.03954758230754862,0.14467895030975342,-0.256106972694397,-0.04641479734489451,0.03985735774040222,-0.19829720258712769,-0.012831599602193933,0.07621115446090698,-0.2814899981021881,-0.03999542925664912,0.12500524520874023,-0.2611944079399109,-0.05246977616259585,0.15802305936813354,-0.22300612926483154,-0.05437709871837626,0.021300971508026123,-0.1911093294620514,-0.031769857892484765,0.050454795360565186,-0.2605299949645996,-0.052173187175483804,0.09125730395317078,-0.26760950684547424,-0.060777397045583825,0.12503695487976074,-0.2549405097961426,-0.06363345418283473
D,0.0,0.0,0.0,0.03916141390800476,-0.00854504108428955,-0.009363102657317768,0.0788729190826416,-0.07340914011001587,-0.014123325166821132,0.10952872037887573,-0.11956632137298584,-0.02144888502132858,0.1332499384880066,-0.16029825806617737,-0.029049421591281543,0.05559951066970825,-0.16321662068367004,-0.0028812528360333545,0.0627298355102539,-0.2489025890827179,-0.01659525644552673,0.0707944929599762,-0.3093883991241455,-0.02816504698765243,0.07613834738731384,-0.35549813508987427,-0.03751429815363849,0.04012969136238098,-0.17108622193336487,-0.01107554596435989,0.06627348065376282,-0.24029254913330078,-0.03792657975625957,0.11097484827041626,-0.23388582468032837,-0.056249055010795246,0.14187026023864746,-0.20578595995903015,-0.0639628385431763,0.020535022020339966,-0.17215126752853394,-0.021382340160727153,0.05249258875846863,-0.24127811193466187,-0.04696259547543491,0.09992018342018127,-0.22888118028640747,-0.060972611350536,0.13357242941856384,-0.198860764503479,-0.06553367425274814,-1.4901161193847656e-06,-0.16436216235160828,-0.032594616455554615,0.026622772216796875,-0.22267109155654907,-0.05613033745956386,0.06401321291923523,-0.2297513782978058,-0.06819008935761417,0.0947037935256958,-0.21598869562149048,-0.07326171447110141
D,0.0,0.0,0.0,0.05858525633811951,-0.03493964672088623,-0.0028992474185258743,0.09483003616333008,-0.10647940635681152,-0.004849915356743395,0.12438920140266418,-0.16215217113494873,-0.012848165315944016,0.1544269323348999,-0.20482882857322693,-0.020578179006832897,0.06816449761390686,-0.19099530577659607,0.014839510934990585,0.07583534717559814,-0.28470665216445923,0.0028047524752139452,0.08219718933105469,-0.3454972803592682,-0.007501741369623005,0.08433929085731506,-0.3959115743637085,-0.01631634818519956,0.05354854464530945,-0.1965051293373108,0.0016928052423565987,0.08107027411460876,-0.2845613956451416,-0.027766864245194256,0.12563619017601013,-0.2726810872554779,-0.047309284528154194,0.15458497405052185,-0.24023401737213135,-0.05407305197920209,0.035580724477767944,-0.19392061233520508,-0.013971470726090729,0.06709730625152588,-0.2788920998573303,-0.04206190021838552,0.11633536219596863,-0.26122230291366577,-0.05453222753610021,0.15033531188964844,-0.2244257926940918,-0.05587838726248151,0.016777068376541138,-0.18740251660346985,-0.03044704483951932,0.043001383543014526,-0.25492727756500244,-0.05182335289325124,0.08205124735832214,-0.26300695538520813,-0.06116005541886693,0.11387154459953308,-0.2512872815132141,-0.06401398169006711
D,0.0,0.0,0.0,0.0550154447555542,-0.03189051151275635,-0.006323544633119127,0.09331825375556946,-0.10592156648635864,-0.00836479556608083,0.12207648158073425,-0.16300368309020996,-0.01523439851450803,0.14869561791419983,-0.20553791522979736,-0.02175691523450496,0.06680628657341003,-0.19103068113327026,0.011668525777281502,0.0748443603515625,-0.2850301265716553,0.0007066889330644699,0.0817389190196991,-0.34425321221351624,-0.007817786045848152,0.08494654297828674,-0.39200717210769653,-0.015099821471153518,0.051424652338027954,-0.19558483362197876,0.0011644083089095147,0.07882413268089294,-0.2818356454372406,-0.027561822765051147,0.12104341387748718,-0.26884058117866516,-0.0465151740689862,0.14894014596939087,-0.23486846685409546,-0.0523643715758908,0.032790690660476685,-0.19200894236564636,-0.011787691012500545,0.061228424310684204,-0.2751026153564453,-0.039608251162349006,0.10715210437774658,-0.2601097524166107,-0.052627779402314445,0.14076870679855347,-0.22587621212005615,-0.054125685103713295,0.01246035099029541,-0.184466153383255,-0.02558973044949653,0.03588113188743591,-0.25042033195495605,-0.04708839938837173,0.07212269306182861,-0.26198330521583557,-0.05705755562382819,0.1032426655292511,-0.2542974352836609,-0.06020573512512328
D,0.0,0.0,0.0,0.05292600393295288,-0.03403043746948242,-0.00883191098156999,0.09073469042778015,-0.10764765739440918,-0.011776345043216452,0.1205567717552185,-0.16482031345367432,-0.018672188005183443,0.14949312806129456,-0.2062930166721344,-0.024830484024022326,0.0667315423488617,-0.19236615300178528,0.009034640894498125,0.07515561580657959,-0.28571391105651855,-0.0020625225331230013,0.0812663733959198,-0.3430359959602356,-0.010546688182984099,0.08476147055625916,-0.38957279920578003,-0.01754718945059608,0.04982900619506836,-0.19610747694969177,0.0005028032285565587,0.07345202565193176,-0.2778334617614746,-0.025782103842828974,0.11228576302528381,-0.2700081169605255,-0.042893110967014536,0.1408771574497223,-0.24427595734596252,-0.0487949654522879,0.030259907245635986,-0.1914694905281067,-0.01079861373338531,0.05479919910430908,-0.272249698638916,-0.03760559410486053,0.0976182222366333,-0.2626149654388428,-0.04984788522753547,0.13170307874679565,-0.23495525121688843,-0.05162337348494361,0.009142786264419556,-0.18349352478981018,-0.023154656595323786,0.0324549674987793,-0.25000202655792236,-0.044007226085994944,0.06702125072479248,-0.2642889618873596,-0.05326008722815345,0.09781548380851746,-0.2609502375125885,-0.05625636429223846
D,0.0,0.0,0.0,0.05111168324947357,-0.0342068076133728,-0.007091012107565575,0.08759121596813202,-0.10881668329238892,-0.009028181223555976,0.11685626208782196,-0.16677331924438477,-0.0149925544619407,0.1446593552827835,-0.2068905532360077,-0.02031212092785495,0.06709446012973785,-0.19131147861480713,0.007972461381569929,0.07508580386638641,-0.28580328822135925,-0.0028806468698974186,0.08049668371677399,-0.3422066569328308,-0.010725999040886336,0.08344893157482147,-0.38793009519577026,-0.01716575191764491,0.04950232803821564,-0.1952659785747528,-0.0008287177415411406,0.07229714095592499,-0.2791581153869629,-0.026742910756155425,0.11147703230381012,-0.27048957347869873,-0.04253852905182498,0.13985039293766022,-0.24301719665527344,-0.047303961379810744,0.02915997803211212,-0.19028499722480774,-0.012007569684072905,0.05118300020694733,-0.2725366950035095,-0.037811444862171584,0.09174732863903046,-0.2614401876926422,-0.04829440803675311,0.12349654734134674,-0.23262706398963928,-0.04887724087981837,0.006712585687637329,-0.181819885969162,-0.024178461892887526,0.026718422770500183,-0.247399240732193,-0.04483050273208278,0.05922628939151764,-0.26018092036247253,-0.05352350489644664,0.08830423653125763,-0.25557342171669006,-0.055886590643211775
D,0.0,0.0,0.0,0.04933430254459381,-0.03540593385696411,-0.007565068003529518,0.08474503457546234,-0.10994118452072144,-0.010262600534403532,0.11266155540943146,-0.16744160652160645,-0.016834657096111982,0.13828279078006744,-0.20884856581687927,-0.022978780248010366,0.06397230923175812,-0.1914820373058319,0.004680603354429991,0.0714968889951706,-0.2858237326145172,-0.007162870761746376,0.07719267904758453,-0.3412787914276123,-0.01568218825086376,0.08042864501476288,-0.3859540820121765,-0.02260361930056831,0.04625160992145538,-0.1948205828666687,-0.0042267031192722015,0.06791169941425323,-0.27908384799957275,-0.030957890131318777,0.10776309669017792,-0.26944583654403687,-0.04741470088883659,0.1362067610025406,-0.24044203758239746,-0.05276936983391067,0.02569250762462616,-0.189007967710495,-0.015303373724961489,0.04520396888256073,-0.2706153094768524,-0.04062919264360687,0.08510591089725494,-0.2602914571762085,-0.05141693299337646,0.1160924881696701,-0.23205995559692383,-0.0527627686195018,0.002874121069908142,-0.17928215861320496,-0.02746715901120922,0.01977972686290741,-0.2443355917930603,-0.04765068312808296,0.05042023956775665,-0.2570415437221527,-0.056495487146818846,0.07765133678913116,-0.2515425980091095,-0.05933586081191322
D,0.0,0.0,0.0,0.04628559947013855,-0.03739708662033081,-0.010098306797075907,0.08139848709106445,-0.10832244157791138,-0.015237965955961386,0.10650277137756348,-0.16429907083511353,-0.023454797789085546,0.129393070936203,-0.20857778191566467,-0.031201009973514715,0.06256666779518127,-0.1891932487487793,-0.00191551852934424,0.07061710953712463,-0.2836865782737732,-0.015437718815732637,0.07485830783843994,-0.33816200494766235,-0.024995648637045065,0.07619637250900269,-0.38320261240005493,-0.032532179131735006,0.04275868833065033,-0.19106081128120422,-0.009836401193965116,0.06354424357414246,-0.274320125579834,-0.038264715447652975,0.10089948773384094,-0.2614443302154541,-0.055356954559314886,0.12719929218292236,-0.2303767204284668,-0.06105799727104966,0.020703181624412537,-0.18396493792533875,-0.01960960157178704,0.03687414526939392,-0.26554352045059204,-0.04457675792239968,0.07438594102859497,-0.2555544972419739,-0.0543074471499807,0.10393515229225159,-0.2277936041355133,-0.05535222716592614,-0.002970263361930847,-0.17232739925384521,-0.030760872512686888,0.012528270483016968,-0.23666924238204956,-0.05030303202532593,0.041370123624801636,-0.24822527170181274,-0.05828093863986794,0.0667281448841095,-0.24072760343551636,-0.06062255181335274
D,0.0,0.0,0.0,0.04463548958301544,-0.03384608030319214,-0.010817653535724503,0.07895159721374512,-0.10101824998855591,-0.0170046175260552,0.102446049451828,-0.15496081113815308,-0.026001499070645195,0.12365502119064331,-0.20086407661437988,-0.03445270940554224,0.06223258376121521,-0.18470174074172974,-0.004308803508848769,0.07039791345596313,-0.27979832887649536,-0.018299936353088242,0.07371953129768372,-0.333809494972229,-0.02789834611010633,0.07404127717018127,-0.3794410526752472,-0.03549040391934,0.04198339581489563,-0.18703043460845947,-0.012051790988863331,0.06128840148448944,-0.2737770676612854,-0.04073377981674753,0.09618529677391052,-0.2587794065475464,-0.05790354594481073,0.11960119009017944,-0.2271319329738617,-0.06365904122483812,0.01985090970993042,-0.18026742339134216,-0.021416964976907593,0.03515543043613434,-0.26172465085983276,-0.04590541034829698,0.07182863354682922,-0.249446839094162,-0.054771556555152756,0.09932398796081543,-0.22104793787002563,-0.05534758329284273,-0.003856837749481201,-0.16822326183319092,-0.0321501745272883,0.010255560278892517,-0.23125392198562622,-0.05028638899219118,0.03817643225193024,-0.24265599250793457,-0.05723201393973909,0.06200280785560608,-0.2368507981300354,-0.059160201846481186
D,0.0,0.0,0.0,0.04429106414318085,-0.030804216861724854,-0.011278666820786043,0.07776471972465515,-0.0986093282699585,-0.017673274767062708,0.09934467077255249,-0.15393924713134766,-0.026491750296614214,0.11925011873245239,-0.20008063316345215,-0.034710835930368944,0.06165429949760437,-0.18402275443077087,-0.005715609327367588,0.06955263018608093,-0.2774037718772888,-0.019706147056481882,0.07174982130527496,-0.3310922384262085,-0.029374396693370386,0.07076758146286011,-0.3761647939682007,-0.03708776113059287,0.04044334590435028,-0.18578147888183594,-0.013033825237712904,0.05902303755283356,-0.2720666527748108,-0.04102749403979544,0.09259620308876038,-0.2581228017807007,-0.05781491127278571,0.11517420411109924,-0.22775861620903015,-0.06362519067194228,0.017800509929656982,-0.17819181084632874,-0.021930124875567003,0.03274179995059967,-0.2589847147464752,-0.04554293331172232,0.06848666071891785,-0.24754106998443604,-0.05398071211244826,0.09535229206085205,-0.2208091914653778,-0.05477811422612433,-0.006188288331031799,-0.16450858116149902,-0.03223991048004393,0.0066479891538619995,-0.22651970386505127,-0.049539231028816744,0.033177703619003296,-0.24013984203338623,-0.0562955926027513,0.05618351697921753,-0.2379138469696045,-0.058536514904758974
D,0.0,0.0,0.0,0.0429963618516922,-0.029621243476867676,-0.012531436658619555,0.07564102113246918,-0.0971481204032898,-0.019008863396166475,0.09572812914848328,-0.15321600437164307,-0.027737358263848932,0.11469331383705139,-0.1998511552810669,-0.03585433741581312,0.06072017550468445,-0.18248778581619263,-0.00494782967042795,0.06858375668525696,-0.27568185329437256,-0.01842163284790388,0.07090868055820465,-0.3292984366416931,-0.02795648356449476,0.0692700743675232,-0.3737497925758362,-0.03557929178249708,0.039702534675598145,-0.1846793293952942,-0.011568058892308386,0.05820538103580475,-0.2720617651939392,-0.03959259917509428,0.09098458290100098,-0.2576320469379425,-0.05734591340196005,0.11194366216659546,-0.22605273127555847,-0.06356926789057127,0.01702035963535309,-0.17758852243423462,-0.019829902476786287,0.03128674626350403,-0.2582325339317322,-0.04352563773763052,0.06630057096481323,-0.24662408232688904,-0.0531815864659535,0.09199735522270203,-0.21884393692016602,-0.05457289298546186,-0.007594391703605652,-0.1643315553665161,-0.029512099600552233,0.00394013524055481,-0.22585925459861755,-0.046554056606410654,0.029857411980628967,-0.24024155735969543,-0.05381745254170767,0.05231258273124695,-0.23786988854408264,-0.05642984961640707
D,0.0,0.0,0.0,0.04302367568016052,-0.031178951263427734,-0.01371707260645394,0.0743122547864914,-0.0965089201927185,-0.02065118547565703,0.09019146859645844,-0.15196466445922852,-0.02961368817872767,0.10509896278381348,-0.20153775811195374,-0.03812894929237132,0.059300556778907776,-0.1850467324256897,-0.006104429308692261,0.06593585014343262,-0.2745981812477112,-0.01999932300336127,0.0667249858379364,-0.32716310024261475,-0.030236424468824907,0.06487201154232025,-0.3714820146560669,-0.03841439593620066,0.0372338742017746,-0.18616890907287598,-0.01206768263168101,0.05287115275859833,-0.26923060417175293,-0.039634707905719324,0.08442649245262146,-0.25474122166633606,-0.05768921185321574,0.1064949631690979,-0.22537875175476074,-0.0648403647918201,0.013979882001876831,-0.17811593413352966,-0.019819708131620928,0.022756531834602356,-0.2573336660861969,-0.04394327063150172,0.05715900659561157,-0.24666231870651245,-0.05488539446182017,0.08366262912750244,-0.2187027633190155,-0.05739797610826258,-0.01070772111415863,-0.16377586126327515,-0.029038710110256716,-0.0020987391471862793,-0.22915640473365784,-0.047359041460225626,0.023964136838912964,-0.24112799763679504,-0.05552576068825488,0.047225043177604675,-0.2338797152042389,-0.05867197696156268
D,0.0,0.0,0.0,0.043625056743621826,-0.03198617696762085,-0.013780826774535626,0.07378320395946503,-0.09599292278289795,-0.02110320988774106,0.09030929207801819,-0.15085774660110474,-0.030583917235134095,0.10402077436447144,-0.1996379792690277,-0.03940874438464448,0.05778183043003082,-0.18102559447288513,-0.0029859496998767554,0.06403513252735138,-0.2715685963630676,-0.0166882342445831,0.06577731668949127,-0.3250579833984375,-0.027125158419011086,0.06408721208572388,-0.3698459267616272,-0.03562475841224,0.03691481053829193,-0.18403425812721252,-0.009197937396464795,0.05218392610549927,-0.2714366018772125,-0.038004675020573586,0.08334225416183472,-0.2568650245666504,-0.05726492132723138,0.10403965413570404,-0.22517770528793335,-0.06438569079816148,0.013931721448898315,-0.17792239785194397,-0.017278355618117303,0.02522951364517212,-0.2564370632171631,-0.04168716918408677,0.05842326581478119,-0.24523848295211792,-0.05189269881427094,0.08313040435314178,-0.21858128905296326,-0.05337903376400277,-0.010678350925445557,-0.16488808393478394,-0.026871618886588067,0.0006277114152908325,-0.22417697310447693,-0.044000924636719674,0.025974437594413757,-0.2374844253063202,-0.05105971645295426,0.04785566031932831,-0.23507538437843323,-0.053454616178868264
D,0.0,0.0,0.0,0.04323573410511017,-0.029995322227478027,-0.01625520963989402,0.07207708060741425,-0.09325891733169556,-0.024590565309154044,0.08671101927757263,-0.14881938695907593,-0.03456635256134177,0.09977124631404877,-0.19840151071548462,-0.04378445674501563,0.056777194142341614,-0.17967724800109863,-0.004707619033979427,0.062372758984565735,-0.26944100856781006,-0.01850304980598594,0.0635145753622055,-0.32218921184539795,-0.02945429873489047,0.061172083020210266,-0.36535173654556274,-0.038303489282952796,0.03586740791797638,-0.18287256360054016,-0.009512732222901832,0.0498102605342865,-0.2681581676006317,-0.03824646998964454,0.07962197065353394,-0.2546263635158539,-0.05837760721169616,0.09919361770153046,-0.2225213348865509,-0.06635428075514938,0.012937858700752258,-0.17704671621322632,-0.016305694774018775,0.021627888083457947,-0.2548346519470215,-0.04014286626897956,0.0524153858423233,-0.2445722222328186,-0.05144262169324065,0.07535305619239807,-0.21617531776428223,-0.0540372342320552,-0.01208128035068512,-0.16395199298858643,-0.024856690734850417,-0.0024545639753341675,-0.2220802903175354,-0.04203881551347877,0.021629437804222107,-0.2372037172317505,-0.050407464102136146,0.04290594160556793,-0.23524746298789978,-0.053902553811894904
D,0.0,0.0,0.0,0.04344646632671356,-0.03129744529724121,-0.013927034473951494,0.07154704630374908,-0.09716826677322388,-0.020785293913419878,0.08685390651226044,-0.15212851762771606,-0.02978944908731762,0.10010097920894623,-0.19974201917648315,-0.03822738807552639,0.055254802107810974,-0.1803026795387268,-0.00199378691517893,0.06021289527416229,-0.2702205777168274,-0.014926448835964834,0.061308443546295166,-0.3232576251029968,-0.02520975414567772,0.058594658970832825,-0.36659175157546997,-0.03352295737617794,0.03410361707210541,-0.18345946073532104,-0.007689653336043989,0.04809929430484772,-0.2691602110862732,-0.03588998448007885,0.07761377096176147,-0.256181538105011,-0.0552057972168285,0.0959882140159607,-0.22263723611831665,-0.06218435000532452,0.011163994669914246,-0.17713502049446106,-0.015216211228604948,0.020493537187576294,-0.2546432316303253,-0.03852583970778767,0.05095933377742767,-0.24406036734580994,-0.048653127065833246,0.07267411053180695,-0.21507605910301208,-0.050079242697890436,-0.013501733541488647,-0.1634562611579895,-0.024356880596812402,-0.00432230532169342,-0.2222672998905182,-0.041279615274604,0.020826414227485657,-0.2364058494567871,-0.048816373012002146,0.04305391013622284,-0.2332255244255066,-0.05136426295989338
D,0.0,0.0,0.0,0.042934149503707886,-0.03265833854675293,-0.0115503480178063,0.07114948332309723,-0.09916561841964722,-0.017102144424313792,0.08593469858169556,-0.15205252170562744,-0.0252511629354899,0.09905771911144257,-0.19720375537872314,-0.03300123079537798,0.0534641295671463,-0.18393966555595398,-0.00011406851120909778,0.05807742476463318,-0.27229052782058716,-0.012179148149186858,0.05903373658657074,-0.32374057173728943,-0.021810076896542796,0.05602385103702545,-0.3666422963142395,-0.029674198244208583,0.03256389498710632,-0.1857852041721344,-0.006801907670194396,0.04677365720272064,-0.267797589302063,-0.034131696213478335,0.07803773880004883,-0.2543095350265503,-0.05257437913536478,0.09722758829593658,-0.22107797861099243,-0.058941831578010806,0.009794443845748901,-0.17800509929656982,-0.015161600660974273,0.01899804174900055,-0.2542671859264374,-0.0380748489391749,0.05177690088748932,-0.2437218427658081,-0.047632524509424456,0.07466472685337067,-0.21489405632019043,-0.04857429652332712,-0.014575213193893433,-0.16363537311553955,-0.024954691295022258,-0.006278291344642639,-0.22353145480155945,-0.04211684851765085,0.018847674131393433,-0.23605963587760925,-0.049166979033941516,0.04063773155212402,-0.23058831691741943,-0.051055410642618426
D,0.0,0.0,0.0,0.04347515106201172,-0.03439277410507202,-0.01094665542633777,0.07169276475906372,-0.1012657880783081,-0.016185370985581926,0.08795902132987976,-0.15546536445617676,-0.024378563989117197,0.10170915722846985,-0.20177686214447021,-0.03214677773804908,0.05433717370033264,-0.18446135520935059,0.0028876124283527815,0.058607712388038635,-0.2721945643424988,-0.008464772034599832,0.05920413136482239,-0.3233160972595215,-0.017973409746005586,0.056121259927749634,-0.3669908940792084,-0.025996001217677644,0.03365325927734375,-0.1868480145931244,-0.0039862890394175565,0.04717737436294556,-0.26648521423339844,-0.03051365703733211,0.07893548905849457,-0.2543684244155884,-0.049013301510527185,0.09973205626010895,-0.22361820936203003,-0.05571927853317504,0.010804206132888794,-0.17948809266090393,-0.012728521380736879,0.019141048192977905,-0.2538881301879883,-0.03556038789839988,0.05209432542324066,-0.24471592903137207,-0.04566182919235473,0.07611702382564545,-0.21772533655166626,-0.04703972094149833,-0.01298312097787857,-0.16571182012557983,-0.022872073356225542,-0.0039980411529541016,-0.22471067309379578,-0.040155283887102655,0.021239042282104492,-0.23571836948394775,-0.04740289949269538,0.04353170096874237,-0.22892069816589355,-0.04943676270933395
D,0.0,0.0,0.0,0.042182743549346924,-0.03339630365371704,-0.011338858308789668,0.07023125886917114,-0.09808015823364258,-0.017305619458255705,0.08579331636428833,-0.1509416103363037,-0.025947903657851157,0.1006745994091034,-0.19623613357543945,-0.03416163046151155,0.05300046503543854,-0.18271088600158691,0.0001479994860176248,0.056362271308898926,-0.27178487181663513,-0.012033334376809535,0.057002872228622437,-0.32252535223960876,-0.021540581623611388,0.05382084846496582,-0.36556077003479004,-0.02923253309219831,0.03257016837596893,-0.1846119463443756,-0.006416624786851344,0.04625566303730011,-0.2649616599082947,-0.03308384809881204,0.07736004889011383,-0.25243550539016724,-0.05073771197587007,0.09672504663467407,-0.22177845239639282,-0.056775386820135054,0.010240733623504639,-0.176844984292984,-0.014744552227256236,0.017945587635040283,-0.2526865601539612,-0.0373198384442901,0.04990774393081665,-0.2434965968132019,-0.045994974116382537,0.07291977107524872,-0.21723589301109314,-0.04637829531222337,-0.013705074787139893,-0.16278117895126343,-0.024526327292022643,-0.0064636170864105225,-0.222677081823349,-0.041399560312328276,0.01766642928123474,-0.23602423071861267,-0.047804451922473845,0.03912758827209473,-0.23209461569786072,-0.049158997277316985
D,0.0,0.0,0.0,0.04243418574333191,-0.03456312417984009,-0.009403010727311312,0.06990787386894226,-0.09803980588912964,-0.015067509272540747,0.08648298680782318,-0.15025150775909424,-0.023862729677404104,0.10101392865180969,-0.19635668396949768,-0.03223297827824467,0.051768019795417786,-0.1814689338207245,0.0020166247715849295,0.05461782217025757,-0.26977211236953735,-0.009912863270784555,0.05558095872402191,-0.32077497243881226,-0.019411402651513754,0.052084073424339294,-0.36430221796035767,-0.02719663911446446,0.03183259069919586,-0.183596670627594,-0.005522840087706982,0.04525497555732727,-0.26389408111572266,-0.03193342396005505,0.078086718916893,-0.25262442231178284,-0.0496378698287856,0.09866133332252502,-0.22424748539924622,-0.055953514659250914,0.00983572006225586,-0.17642074823379517,-0.014737627366031347,0.017819762229919434,-0.251895546913147,-0.03729067080601567,0.05198568105697632,-0.2425837516784668,-0.04643533089145535,0.0765240341424942,-0.2172401249408722,-0.0472613618610751,-0.013312935829162598,-0.16298913955688477,-0.025178539463723837,-0.006051123142242432,-0.22242319583892822,-0.04178510689123982,0.019246309995651245,-0.23413822054862976,-0.04806496658309811,0.041726842522621155,-0.22896578907966614,-0.049495772355641066
D,0.0,0.0,0.0,0.04070660471916199,-0.033479392528533936,-0.010162163708685057,0.06736229360103607,-0.09559512138366699,-0.016613868248043673,0.0847105085849762,-0.14744675159454346,-0.0259598076309544,0.10157094895839691,-0.1932487189769745,-0.03483824915844025,0.049627840518951416,-0.1792806088924408,-0.001521850187657492,0.0516166090965271,-0.26715680956840515,-0.01457101404326977,0.05273674428462982,-0.3180546760559082,-0.024248738956032412,0.04897962510585785,-0.3615245819091797,-0.031904814016399996,0.030229955911636353,-0.18115505576133728,-0.008855316039500849,0.04321061074733734,-0.261731892824173,-0.03558355308729233,0.07771073281764984,-0.24984437227249146,-0.052423500638781206,0.098422572016716,-0.22157487273216248,-0.05823400728064598,0.00903843343257904,-0.17358458042144775,-0.017822000380931513,0.018062323331832886,-0.24978035688400269,-0.041362119090138094,0.053744181990623474,-0.23728781938552856,-0.04963475949722351,0.0775543600320816,-0.20922434329986572,-0.049568587165651934,-0.013394340872764587,-0.16012507677078247,-0.0279763929511887,-0.00497773289680481,-0.22082364559173584,-0.045513698082743304,0.020959094166755676,-0.22998332977294922,-0.05125074199992241,0.04222005605697632,-0.22178328037261963,-0.05196988694029869
D,0.0,0.0,0.0,0.03966480493545532,-0.031881511211395264,-0.00858533188079491,0.06844884157180786,-0.09131097793579102,-0.015686026693629174,0.08666297793388367,-0.1414443850517273,-0.025586851791786103,0.1041128933429718,-0.18636804819107056,-0.03533803197865382,0.049592524766922,-0.17397475242614746,-0.007581591991083769,0.050143465399742126,-0.264636754989624,-0.021630962298559098,0.0509667694568634,-0.3167620897293091,-0.031138307334231285,0.04751381278038025,-0.36104631423950195,-0.038583437831448464,0.030963048338890076,-0.1738278865814209,-0.015433581465231327,0.04822187125682831,-0.2555752098560333,-0.0432537523222436,0.0833301842212677,-0.24205711483955383,-0.05910649049405947,0.10439252853393555,-0.21383818984031677,-0.06419121000294581,0.011213913559913635,-0.16546028852462769,-0.02420329946403399,0.025209054350852966,-0.24368488788604736,-0.04770435291652575,0.0619509220123291,-0.23263317346572876,-0.05477290126805201,0.08723366260528564,-0.20711824297904968,-0.054153527052449135,-0.009527385234832764,-0.15126800537109375,-0.033877286047982125,0.0010550767183303833,-0.21388620138168335,-0.05077170851950541,0.027813106775283813,-0.2253272831439972,-0.05557490411524668,0.049460068345069885,-0.2204250693321228,-0.05590375039105311
D,0.0,0.0,0.0,0.040272340178489685,-0.03293430805206299,-0.007615825239696505,0.06756512820720673,-0.09347093105316162,-0.01405347844971061,0.08520792424678802,-0.14255893230438232,-0.0238535838053906,0.10243092477321625,-0.186592698097229,-0.03359042534989953,0.04757513105869293,-0.17649447917938232,-0.003883212417491677,0.04720635712146759,-0.2649140954017639,-0.017494138874241116,0.04816117882728577,-0.3156662583351135,-0.02699953372044206,0.04495151340961456,-0.35971662402153015,-0.034554802425333264,0.02967280149459839,-0.17553144693374634,-0.01268561518205047,0.044170185923576355,-0.25534066557884216,-0.040932078458496335,0.08089222013950348,-0.2420000433921814,-0.05809572765988946,0.10308636724948883,-0.21468934416770935,-0.06397578547162652,0.009930625557899475,-0.16688287258148193,-0.02257731983823419,0.02076306939125061,-0.24480873346328735,-0.04748656655115724,0.059644222259521484,-0.2308397889137268,-0.056364983864256146,0.08594392240047455,-0.20298263430595398,-0.05646861771506906,-0.01013830304145813,-0.15309983491897583,-0.03320628086490274,0.0008768290281295776,-0.21563786268234253,-0.05153700018686891,0.029220610857009888,-0.22395849227905273,-0.057575636156030896,0.05172346532344818,-0.21524757146835327,-0.05850232446951509
D,0.0,0.0,0.0,0.04141166806221008,-0.032480716705322266,-0.008578051161691747,0.06975840032100677,-0.09088307619094849,-0.015698122140690884,0.08806951344013214,-0.13860636949539185,-0.025941252988502583,0.1052381843328476,-0.18206149339675903,-0.0361325017183276,0.04922927916049957,-0.17352598905563354,-0.005817554239854417,0.04900835454463959,-0.26331064105033875,-0.019868616294786534,0.04996640980243683,-0.3148367702960968,-0.029776260536834798,0.046589210629463196,-0.35923492908477783,-0.03767343079738339,0.03188864886760712,-0.1725791096687317,-0.014165032935068211,0.048277050256729126,-0.2511584758758545,-0.043069361057803235,0.08450831472873688,-0.23814669251441956,-0.06081860726766308,0.10627569258213043,-0.21138626337051392,-0.0672437421052905,0.012577220797538757,-0.16495472192764282,-0.023587398511097035,0.024372339248657227,-0.2421499490737915,-0.04871485596589764,0.06359557807445526,-0.22934049367904663,-0.0581591746776553,0.09032820165157318,-0.20168423652648926,-0.058864580747410855,-0.007142499089241028,-0.15279620885849,-0.03382290368966778,0.004685729742050171,-0.21376067399978638,-0.05239700367741307,0.03351505100727081,-0.2213575839996338,-0.0588661751716586,0.0564095675945282,-0.2120516300201416,-0.06022345488958081
D,0.0,0.0,0.0,0.04205267131328583,-0.030833959579467773,-0.007772531553854378,0.07048237323760986,-0.09024077653884888,-0.013976555976768168,0.08967679738998413,-0.13955068588256836,-0.023704254727562102,0.10918894410133362,-0.18231183290481567,-0.03337355675895992,0.04970067739486694,-0.1734141707420349,-0.0019205559117096982,0.050532132387161255,-0.26201102137565613,-0.014981488425036105,0.052304282784461975,-0.31288594007492065,-0.024412959541876944,0.05020560324192047,-0.3570222556591034,-0.03213663372000042,0.03249819576740265,-0.1735559105873108,-0.01053342941006008,0.0490977019071579,-0.2530647814273834,-0.03805439146955791,0.08572739362716675,-0.24077391624450684,-0.055696408923466834,0.10785844922065735,-0.21436935663223267,-0.06230322616895023,0.013228893280029297,-0.16645509004592896,-0.020410725574691924,0.02765604853630066,-0.24345877766609192,-0.045102882858117255,0.06669875979423523,-0.2285311222076416,-0.05481462153395,0.09229841828346252,-0.19937551021575928,-0.05570077496369663,-0.006256029009819031,-0.15470832586288452,-0.03103971454103771,0.009106546640396118,-0.21392709016799927,-0.04960429268678013,0.038665771484375,-0.21999531984329224,-0.05647658529480282,0.06127721071243286,-0.20990914106369019,-0.058146238054831656
D,0.0,0.0,0.0,0.04301655292510986,-0.031141281127929688,-0.00690337148979836,0.07153770327568054,-0.09242475032806396,-0.012480629324173265,0.09123578667640686,-0.14225053787231445,-0.02169337933436566,0.11187973618507385,-0.1831989884376526,-0.030768110132967763,0.050422683358192444,-0.17417621612548828,0.00028354496326699064,0.051871731877326965,-0.26196426153182983,-0.011968966289614968,0.05431121587753296,-0.3123490810394287,-0.021137480340158277,0.05275726318359375,-0.35571059584617615,-0.028847171641146474,0.033379748463630676,-0.17421072721481323,-0.008692208393668466,0.050300225615501404,-0.2523097097873688,-0.035892541236435704,0.08738309144973755,-0.23898616433143616,-0.05329872918800049,0.10971936583518982,-0.211175799369812,-0.05962952849939995,0.014456897974014282,-0.16643881797790527,-0.018989962241803937,0.030305415391921997,-0.24220162630081177,-0.04320962233022385,0.06911945343017578,-0.22733855247497559,-0.052463049716507726,0.09430789947509766,-0.1983833909034729,-0.053101937002693944,-0.004561752080917358,-0.15414810180664062,-0.030074747926747136,0.011085927486419678,-0.2121443748474121,-0.04839807999805146,0.03986284136772156,-0.22015327215194702,-0.05536453304365807,0.061966150999069214,-0.21272045373916626,-0.057184776938711934
D,0.0,0.0,0.0,0.04300694167613983,-0.02936619520187378,-0.00947638721706312,0.07292807102203369,-0.09145426750183105,-0.015894430033284834,0.09199297428131104,-0.14290392398834229,-0.02542614964337986,0.1123567521572113,-0.18604087829589844,-0.03469193940551918,0.051107317209243774,-0.1756192445755005,-0.0009981296447847399,0.053690165281295776,-0.2634187936782837,-0.013286425075847319,0.05593186616897583,-0.313984215259552,-0.02249241647811573,0.05377504229545593,-0.35746562480926514,-0.030204721070248297,0.03349679708480835,-0.17583215236663818,-0.00873727006407421,0.05154019594192505,-0.2527475357055664,-0.036324659637529066,0.08853980898857117,-0.23880884051322937,-0.054257860682326964,0.11076077818870544,-0.2096502184867859,-0.06072517698200386,0.014290213584899902,-0.1678391695022583,-0.01796614592464607,0.031287431716918945,-0.24115964770317078,-0.04273982932360809,0.07046782970428467,-0.22571969032287598,-0.052582999966460875,0.09625685214996338,-0.19597530364990234,-0.05343498130829971,-0.004492998123168945,-0.1549401879310608,-0.028151504970509222,0.013718217611312866,-0.21142441034317017,-0.047034556321222,0.043362900614738464,-0.21928513050079346,-0.05451888804824989,0.06633186340332031,-0.21185928583145142,-0.05656662424595993
D,0.0,0.0,0.0,0.045458316802978516,-0.0329168438911438,-0.007857623146065862,0.07328957319259644,-0.0937853455543518,-0.013854700707980783,0.0926118791103363,-0.14393651485443115,-0.023405552477726133,0.11494377255439758,-0.18540126085281372,-0.03275484089661518,0.05063703656196594,-0.17641335725784302,0.0011232440740229777,0.052944183349609375,-0.26474037766456604,-0.011781914726981313,0.05524939298629761,-0.31638991832733154,-0.021629876093157918,0.05245360732078552,-0.36021873354911804,-0.02944830675531307,0.03356356918811798,-0.17659991979599,-0.007407702141591699,0.05172458291053772,-0.25410196185112,-0.03610482309866825,0.09020376205444336,-0.2402207851409912,-0.05432216321040073,0.11342981457710266,-0.20937997102737427,-0.060470114098080785,0.015116646885871887,-0.1692124605178833,-0.01752196495343128,0.03243471682071686,-0.2428063452243805,-0.04296716173101345,0.07336929440498352,-0.2289828062057495,-0.052836651549824865,0.10044297575950623,-0.19919812679290771,-0.05319435019899288,-0.0028990507125854492,-0.15774482488632202,-0.028518347636946828,0.015364736318588257,-0.21618974208831787,-0.047417505280265004,0.04576818645000458,-0.22547361254692078,-0.05448923875499645,0.0694665014743805,-0.2182890772819519,-0.055926679269560964
D,0.0,0.0,0.0,0.04623733460903168,-0.031152188777923584,-0.00809185729704609,0.07613052427768707,-0.09334772825241089,-0.013719766040964032,0.09508801996707916,-0.14456701278686523,-0.022719207791311646,0.1168716698884964,-0.18602979183197021,-0.031407756371123696,0.05281706154346466,-0.1792023777961731,0.0014955327020231834,0.055831536650657654,-0.26686859130859375,-0.010805383896155263,0.05830453336238861,-0.31925851106643677,-0.020128806693179513,0.055536165833473206,-0.3633236289024353,-0.027606727195603753,0.035540759563446045,-0.17972040176391602,-0.00671164608903041,0.054076895117759705,-0.25656506419181824,-0.03491656259976139,0.09250564873218536,-0.24236685037612915,-0.05264577419839611,0.11536462604999542,-0.21004807949066162,-0.05836241842590084,0.017189353704452515,-0.17219209671020508,-0.016482969386203195,0.035432517528533936,-0.24469640851020813,-0.04161318169317951,0.07609011232852936,-0.2307473123073578,-0.051179835213048364,0.10276512801647186,-0.20049744844436646,-0.05132816137157192,-0.0005437880754470825,-0.1601387858390808,-0.027145692718846703,0.019251301884651184,-0.21790459752082825,-0.04598962665878048,0.05028422176837921,-0.2273091971874237,-0.05307260678492298,0.07453729212284088,-0.2205156683921814,-0.05445829556666126
D,0.0,0.0,0.0,0.047104448080062866,-0.03047257661819458,-0.00932765537817204,0.07706263661384583,-0.09192043542861938,-0.015806289109775662,0.09658226370811462,-0.14399027824401855,-0.025519001949021458,0.11829543113708496,-0.18779385089874268,-0.03480737814624035,0.05517891049385071,-0.17871809005737305,0.00033955813324837436,0.05836969614028931,-0.26776209473609924,-0.012749257217535614,0.06099310517311096,-0.32055342197418213,-0.02251272620577538,0.05841106176376343,-0.36523014307022095,-0.030271887499282002,0.03791974484920502,-0.1796298623085022,-0.007582523580083489,0.057328104972839355,-0.2575128972530365,-0.03677356401402676,0.09579357504844666,-0.24218183755874634,-0.054967621061393857,0.11865386366844177,-0.20948898792266846,-0.060875778737852215,0.019230961799621582,-0.17244911193847656,-0.017203284147569775,0.03842414915561676,-0.24570518732070923,-0.0430947259994241,0.07888638973236084,-0.23082494735717773,-0.05283884862382138,0.1055372953414917,-0.20030981302261353,-0.052971118781158566,0.0011056214570999146,-0.16072529554367065,-0.02782011749167168,0.021370619535446167,-0.2183036208152771,-0.04710389086920941,0.052533119916915894,-0.22792348265647888,-0.0544627697201463,0.07694017887115479,-0.22193455696105957,-0.056017281207630276
D,0.0,0.0,0.0,0.04873192310333252,-0.030385911464691162,-0.008478960291569138,0.07838353514671326,-0.09158682823181152,-0.014823925019328499,0.09924870729446411,-0.14323174953460693,-0.02464965292168131,0.12100306153297424,-0.18710178136825562,-0.0341406346197175,0.05596086382865906,-0.17966961860656738,0.00022454669667126836,0.059884101152420044,-0.26944780349731445,-0.013449608617548847,0.06281796097755432,-0.3232421875,-0.023631922238593006,0.05989176034927368,-0.3688926100730896,-0.031606386684899235,0.03913503885269165,-0.1807774305343628,-0.008341822111134434,0.059993207454681396,-0.26028117537498474,-0.037565841608767414,0.0995664894580841,-0.24413058161735535,-0.055525335752491856,0.12210172414779663,-0.21035140752792358,-0.06137499519539347,0.02093791961669922,-0.1739376187324524,-0.0185878158445405,0.0425507128238678,-0.24764809012413025,-0.04446040400219431,0.08408981561660767,-0.2316986322402954,-0.05366786503148546,0.11040303111076355,-0.2001160979270935,-0.05346396499228945,0.0033110976219177246,-0.1624426245689392,-0.029807155289773846,0.025250673294067383,-0.22027471661567688,-0.04906526886773577,0.058043330907821655,-0.22871065139770508,-0.05599394746971598,0.08320572972297668,-0.22126123309135437,-0.05722979762506952
D,0.0,0.0,0.0,0.0491437166929245,-0.031590402126312256,-0.007954407334892721,0.07881315052509308,-0.0941275954246521,-0.014440202937095137,0.10091103613376617,-0.14626449346542358,-0.024712694660394163,0.12352173030376434,-0.19045835733413696,-0.0347287951415467,0.057255879044532776,-0.18216222524642944,0.0004904073750537918,0.06076718866825104,-0.27311673760414124,-0.013774989024369688,0.06377489864826202,-0.3275100290775299,-0.02448372155484435,0.060482218861579895,-0.3739435076713562,-0.032787401080696554,0.04035450518131256,-0.18320953845977783,-0.008737590015499563,0.062206730246543884,-0.26365119218826294,-0.038622360528080435,0.10325516760349274,-0.246572345495224,-0.05699969068226096,0.1262855976819992,-0.21171629428863525,-0.06299089998063323,0.021791666746139526,-0.1764233112335205,-0.019630351886718245,0.0444553941488266,-0.25118303298950195,-0.04578959554490325,0.08667401969432831,-0.23395374417304993,-0.05488034695443389,0.11310534179210663,-0.20089340209960938,-0.054492905587522955,0.0035828053951263428,-0.16486918926239014,-0.03151629850324866,0.025971055030822754,-0.2232472002506256,-0.05087944850382087,0.059613510966300964,-0.23145031929016113,-0.05768185839113471,0.08536456525325775,-0.22321799397468567,-0.05874375611600158
D,0.0,0.0,0.0,0.04902517795562744,-0.030826449394226074,-0.00851280053990422,0.07957533001899719,-0.0944095253944397,-0.01566351668822108,0.10348272323608398,-0.14652222394943237,-0.026437637376659495,0.1275642216205597,-0.1901235580444336,-0.036946994233005626,0.05732157826423645,-0.18414801359176636,-0.0017443940546968406,0.0610901415348053,-0.27659451961517334,-0.016376507449024302,0.0643223226070404,-0.3309869170188904,-0.027184597197049243,0.06112441420555115,-0.37741363048553467,-0.03558153377758799,0.04043859243392944,-0.1847274899482727,-0.010838741417103392,0.06431764364242554,-0.26585251092910767,-0.040921450573080165,0.10565099120140076,-0.247237890958786,-0.059176434743278605,0.12826114892959595,-0.211726576089859,-0.06519510315644084,0.02197164297103882,-0.17749929428100586,-0.021501245888941867,0.045998573303222656,-0.2528687119483948,-0.04779129194008647,0.08862864971160889,-0.2347548007965088,-0.056860928404205424,0.11490404605865479,-0.2010830044746399,-0.056606129723661525,0.004150092601776123,-0.16554021835327148,-0.03317539112555323,0.027367085218429565,-0.22441047430038452,-0.05291557403194247,0.061563640832901,-0.23185524344444275,-0.05989533381449519,0.08735433220863342,-0.22258800268173218,-0.06111014725553332
D,0.0,0.0,0.0,0.04982113838195801,-0.03360879421234131,-0.005910873105605674,0.08111825585365295,-0.09854525327682495,-0.012269610231598449,0.10542187094688416,-0.14957624673843384,-0.02289100519367082,0.1306450068950653,-0.19088560342788696,-0.03361718698390348,0.057478249073028564,-0.18597835302352905,-0.0016073703717864873,0.06114840507507324,-0.2790837585926056,-0.015837168013533187,0.06408250331878662,-0.3331916332244873,-0.025845314999898505,0.06137210130691528,-0.37989622354507446,-0.03377716957577093,0.040198832750320435,-0.18600130081176758,-0.012380856713136268,0.06433045864105225,-0.26769962906837463,-0.041745140841086936,0.1054823100566864,-0.24900048971176147,-0.059357858886798454,0.12818852066993713,-0.2135392725467682,-0.0651432645226322,0.021265432238578796,-0.1773715615272522,-0.02436440221019609,0.04502284526824951,-0.2529886066913605,-0.0498536971116863,0.08763322234153748,-0.2355714738368988,-0.05866025357492788,0.11455053091049194,-0.20241042971611023,-0.05860746993668897,0.0032722651958465576,-0.16412615776062012,-0.03717401220448835,0.025469109416007996,-0.22392037510871887,-0.05656984045155866,0.0597575306892395,-0.23252254724502563,-0.0636062395478092,0.086271733045578,-0.22358518838882446,-0.06508602171190603
D,0.0,0.0,0.0,0.04942910373210907,-0.03285282850265503,-0.005673617137148312,0.08215890824794769,-0.10064560174942017,-0.012050568138732842,0.10843105614185333,-0.15232479572296143,-0.02294697334386342,0.13521252572536469,-0.19231802225112915,-0.03391184752203458,0.05712093412876129,-0.1895272135734558,-0.0024132400411360777,0.0602448433637619,-0.28575271368026733,-0.01637936850406163,0.06369169056415558,-0.34147191047668457,-0.0260611428073787,0.06150595843791962,-0.38948607444763184,-0.0340503351888799,0.03934235870838165,-0.18952274322509766,-0.014003230271413258,0.06305409967899323,-0.2719624936580658,-0.04436110426999562,0.10859750211238861,-0.2514709234237671,-0.06226586272336476,0.13397030532360077,-0.21385562419891357,-0.06805839483953946,0.020291894674301147,-0.1806163191795349,-0.02672633250571721,0.04408346116542816,-0.25725257396698,-0.0536498809359216,0.09113578498363495,-0.23676258325576782,-0.06308116113163464,0.12006698548793793,-0.2010166049003601,-0.0631873393557214,0.0024949610233306885,-0.16697418689727783,-0.040174351086392335,0.02538718283176422,-0.22776460647583008,-0.06100258325554364,0.06097753345966339,-0.2319067418575287,-0.06826824789263242,0.08701281249523163,-0.21780988574028015,-0.06966295932747357
D,0.0,0.0,0.0,0.049305468797683716,-0.034826457500457764,-0.001954057945937393,0.08262753486633301,-0.1046755313873291,-0.006695444922030447,0.11025044322013855,-0.15690356492996216,-0.016951959806561945,0.1365465223789215,-0.19730693101882935,-0.027691001298904894,0.054881513118743896,-0.1941576898097992,0.0003579130635387173,0.05827397108078003,-0.29179126024246216,-0.013328950147212026,0.061952561140060425,-0.34812766313552856,-0.022673445048809526,0.060000479221343994,-0.396837055683136,-0.03063678205299425,0.03787803649902344,-0.19494515657424927,-0.013447968515635011,0.06522160768508911,-0.27805185317993164,-0.043976968380690096,0.11079782247543335,-0.25672417879104614,-0.061783882084370134,0.13513651490211487,-0.21839472651481628,-0.06748407170462656,0.01889948546886444,-0.18649905920028687,-0.028102178352952478,0.04638385772705078,-0.26347002387046814,-0.05545687139320421,0.09259149432182312,-0.24077022075653076,-0.06439284071612406,0.12011727690696716,-0.20348167419433594,-0.06406240001606989,0.0003619641065597534,-0.17299002408981323,-0.04317730129051256,0.024506211280822754,-0.2328476905822754,-0.06485397950100946,0.06062406301498413,-0.2362416684627533,-0.0722418187587266,0.08720746636390686,-0.22149357199668884,-0.07355342641758966
D,0.0,0.0,0.0,0.04610547423362732,-0.03484630584716797,-0.005817311978390194,0.07989919185638428,-0.1072738766670227,-0.012183200730433441,0.10725778341293335,-0.16053879261016846,-0.023129561147143818,0.13416016101837158,-0.20108243823051453,-0.034307697019031025,0.05243200063705444,-0.1996590495109558,-0.004198458673855043,0.054312825202941895,-0.29852423071861267,-0.019058036780407406,0.058291107416152954,-0.3561533987522125,-0.02889195380215881,0.056688547134399414,-0.4053170084953308,-0.0370066214114928,0.03463807702064514,-0.19989708065986633,-0.016169869503428913,0.06208869814872742,-0.28425392508506775,-0.04854580869381664,0.10824519395828247,-0.2622413635253906,-0.06678011005227802,0.13302788138389587,-0.22376027703285217,-0.07218357657497165,0.015146657824516296,-0.19020119309425354,-0.029102874150922275,0.041470497846603394,-0.267343670129776,-0.05859195550387142,0.08842441439628601,-0.24415835738182068,-0.06783181910817859,0.11674132943153381,-0.20723408460617065,-0.06694503610437152,-0.004451379179954529,-0.17432403564453125,-0.04260620584194896,0.018991023302078247,-0.2352398931980133,-0.06542686854903934,0.054775506258010864,-0.23882603645324707,-0.07266758119170902,0.08100625872612,-0.2245272994041443,-0.07345521931951282
D,0.0,0.0,0.0,0.045061126351356506,-0.0332375168800354,-0.00806262853737394,0.07877729833126068,-0.1063191294670105,-0.015175725772934356,0.10561268031597137,-0.1614946722984314,-0.026386318236546913,0.13104097545146942,-0.20553815364837646,-0.03777056138213197,0.053843215107917786,-0.20056256651878357,-0.006913403022991815,0.055098190903663635,-0.3018345236778259,-0.02207809451218168,0.05843527615070343,-0.35967278480529785,-0.031900818899231353,0.055865779519081116,-0.4089491367340088,-0.039942685022907654,0.03462152183055878,-0.20075979828834534,-0.01767898488040487,0.058594658970832825,-0.28905022144317627,-0.05028038422759096,0.10476218163967133,-0.268338680267334,-0.06870705957706491,0.12989048659801483,-0.23098614811897278,-0.07432954336698572,0.013803496956825256,-0.19076761603355408,-0.029428425684528747,0.03635413944721222,-0.2719615399837494,-0.05945366944368402,0.08390207588672638,-0.2499178946018219,-0.0691638695746235,0.11279867589473724,-0.21360096335411072,-0.0686036529689602,-0.007227808237075806,-0.17460405826568604,-0.04183306495841066,0.014835581183433533,-0.23853814601898193,-0.06527413751180688,0.05101071298122406,-0.241789311170578,-0.0728514152317814,0.07741405069828033,-0.226759672164917,-0.07386295820768396
D,0.0,0.0,0.0,0.04292933642864227,-0.03385215997695923,-0.010826469757489576,0.07749207317829132,-0.10833841562271118,-0.018952194959751978,0.1043320745229721,-0.1646694540977478,-0.030580999688140764,0.12925846874713898,-0.21125873923301697,-0.04221390409850301,0.052073970437049866,-0.20370793342590332,-0.009354855292372122,0.05353619158267975,-0.3064309060573578,-0.02522377146863164,0.05684812366962433,-0.3646826148033142,-0.035527119771472826,0.05400015413761139,-0.4144076704978943,-0.04382483883284749,0.03181292116641998,-0.20348814129829407,-0.019047359363071337,0.05435822904109955,-0.2945619821548462,-0.05232483370684804,0.10022102296352386,-0.27316904067993164,-0.07134858740948857,0.12519221007823944,-0.23502227663993835,-0.07728328777932347,0.010178938508033752,-0.19259807467460632,-0.029876478374831095,0.03045918047428131,-0.27719980478286743,-0.05992496980809392,0.07772265374660492,-0.25619834661483765,-0.0698073901095313,0.10694621503353119,-0.22020217776298523,-0.0694842807807845,-0.012218877673149109,-0.17504650354385376,-0.041662706420652285,0.007823154330253601,-0.24167576432228088,-0.06495286001347722,0.04352600872516632,-0.24665731191635132,-0.07268763555669011,0.07010628283023834,-0.23238465189933777,-0.07391162438773335
D,0.0,0.0,0.0,0.04330046474933624,-0.03396719694137573,-0.01091414156638848,0.07806934416294098,-0.10937589406967163,-0.01874428360991942,0.10373879969120026,-0.16652393341064453,-0.03006490252249705,0.12770019471645355,-0.21349719166755676,-0.04147016561859118,0.05266521871089935,-0.20623323321342468,-0.009754528545670382,0.052840456366539,-0.31119024753570557,-0.02575383267634379,0.05558080971240997,-0.3701344132423401,-0.03600596941345202,0.05189119279384613,-0.42105817794799805,-0.044254693456821315,0.03162190318107605,-0.20561125874519348,-0.019484405659966342,0.051979586482048035,-0.3009435534477234,-0.05289205468528735,0.09799881279468536,-0.2786220908164978,-0.07167711413734423,0.12282989919185638,-0.24033993482589722,-0.07741337574356066,0.009285703301429749,-0.19387191534042358,-0.030301844023995272,0.02806435525417328,-0.282708078622818,-0.06079632348649966,0.07516588270664215,-0.25994017720222473,-0.06995179063909518,0.10339285433292389,-0.22262883186340332,-0.06891217387550341,-0.014517709612846375,-0.17552566528320312,-0.042064114727907054,0.004155412316322327,-0.24508684873580933,-0.06559682942264544,0.03981888294219971,-0.2506115734577179,-0.0728564739906119,0.06578047573566437,-0.23677444458007812,-0.07369946993225085
D,0.0,0.0,0.0,0.045746371150016785,-0.037049293518066406,-0.008724128937302567,0.08048026263713837,-0.11410373449325562,-0.015780476963101364,0.10480780899524689,-0.1713038682937622,-0.02696193393128965,0.12695781886577606,-0.2187797725200653,-0.038540411850391365,0.053621724247932434,-0.20880737900733948,-0.008520231692074276,0.05412016808986664,-0.315152108669281,-0.02477977808374021,0.05642925202846527,-0.37322062253952026,-0.03525758173125837,0.0522504597902298,-0.42433804273605347,-0.04371109988349531,0.03241226077079773,-0.2070198953151703,-0.019625913461624123,0.05270163714885712,-0.3041929602622986,-0.053418848773418404,0.0982946902513504,-0.2801310420036316,-0.07277250673431013,0.12313322722911835,-0.2413206398487091,-0.07898402597564314,0.010035395622253418,-0.19444626569747925,-0.031633608153043724,0.029122009873390198,-0.28499218821525574,-0.0621086136605129,0.07544983923435211,-0.26060807704925537,-0.07149468000787351,0.10335205495357513,-0.22185832262039185,-0.07071982707637403,-0.013386473059654236,-0.17549079656600952,-0.044429119786201454,0.004455998539924622,-0.24586859345436096,-0.0676775985564575,0.040460169315338135,-0.25253549218177795,-0.07524390902179334,0.0672747939825058,-0.2401156723499298,-0.07657181855100248
D,0.0,0.0,0.0,0.046378135681152344,-0.037941932678222656,-0.008613450318776472,0.08027879893779755,-0.11425155401229858,-0.01603466352095495,0.1033896952867508,-0.17136210203170776,-0.027716024644874437,0.12446840107440948,-0.2194216549396515,-0.039777106471561297,0.05172736942768097,-0.20903143286705017,-0.008696302637659414,0.05269359052181244,-0.31727421283721924,-0.025443334929846628,0.0555778443813324,-0.3755871057510376,-0.03642466185262094,0.051431044936180115,-0.4271025061607361,-0.04528593165447603,0.03065834939479828,-0.20646193623542786,-0.020136768795751436,0.050191476941108704,-0.3037869334220886,-0.05486660344173799,0.09697623550891876,-0.28070181608200073,-0.07502084491422067,0.12282393872737885,-0.24337413907051086,-0.08180678901841532,0.008693650364875793,-0.19399550557136536,-0.03252534461786638,0.02620518207550049,-0.2860105633735657,-0.06343528149297128,0.07456047832965851,-0.26299983263015747,-0.07359562335183512,0.10416586697101593,-0.22542473673820496,-0.07346332339217554,-0.01363469660282135,-0.17557686567306519,-0.04570068312456499,0.0031329840421676636,-0.24694526195526123,-0.06899649170806299,0.039864957332611084,-0.2536972165107727,-0.07696629581620584,0.06743453443050385,-0.2419893443584442,-0.07879662779738794
D,0.0,0.0,0.0,0.04650464653968811,-0.03885728120803833,-0.009235233853772229,0.08056055009365082,-0.11490994691848755,-0.017094747948661393,0.10305644571781158,-0.17188411951065063,-0.029269676509514397,0.12363024055957794,-0.2212836742401123,-0.041957126784339493,0.050823211669921875,-0.2095344364643097,-0.009378244954362458,0.0518975555896759,-0.3188706636428833,-0.026161219778671807,0.05508905649185181,-0.37760186195373535,-0.037134399491563386,0.051297202706336975,-0.4295874238014221,-0.046086152869477814,0.030166730284690857,-0.20668715238571167,-0.020963553193226403,0.048635318875312805,-0.3048264682292938,-0.056135201680675095,0.09695585072040558,-0.28136739134788513,-0.07692854278089101,0.1236402839422226,-0.24337193369865417,-0.08422448657752568,0.008430391550064087,-0.1940971314907074,-0.033506998646274155,0.024798989295959473,-0.2878178060054779,-0.06487226657868916,0.07453732192516327,-0.2641924023628235,-0.07576167010070378,0.10422049462795258,-0.22499480843544006,-0.07613139771224553,-0.013756707310676575,-0.17559927701950073,-0.04686217926742131,0.002092912793159485,-0.24914011359214783,-0.07057674400807912,0.0398089736700058,-0.2550334930419922,-0.07893213801385457,0.06753711402416229,-0.2408350706100464,-0.08106754891873891
D,0.0,0.0,0.0,0.04667845368385315,-0.03910505771636963,-0.009305552635282766,0.08044232428073883,-0.11134558916091919,-0.01850168412545372,0.10166539251804352,-0.1657634973526001,-0.031929845046192895,0.12123607099056244,-0.21441864967346191,-0.045985614936739694,0.05076129734516144,-0.2080707550048828,-0.012216421831340085,0.05006024241447449,-0.31896722316741943,-0.02979498548427273,0.05345144867897034,-0.37859654426574707,-0.04142982704559017,0.04973436892032623,-0.43138840794563293,-0.05092949612060238,0.030642971396446228,-0.20474928617477417,-0.023930706139594804,0.05111095309257507,-0.30114883184432983,-0.05974426312366177,0.09903542697429657,-0.2758791744709015,-0.08042184455314327,0.124008908867836,-0.23823818564414978,-0.08793343050399471,0.009088709950447083,-0.19241392612457275,-0.03638402191916157,0.02568790316581726,-0.28538432717323303,-0.06761273188510586,0.07477910816669464,-0.2604972720146179,-0.07763733161607433,0.10298041999340057,-0.221267431974411,-0.07776647252956082,-0.013536646962165833,-0.17386066913604736,-0.04962239233771015,0.001893565058708191,-0.24699822068214417,-0.07281962973991085,0.03955061733722687,-0.25248897075653076,-0.08035355998197247,0.06645505130290985,-0.23895695805549622,-0.08214389724651028
D,0.0,0.0,0.0,0.04605796933174133,-0.040078580379486084,-0.008634491987308479,0.07903654873371124,-0.11268436908721924,-0.017930429592510677,0.10088969767093658,-0.16677546501159668,-0.03165206515767238,0.12293978035449982,-0.2141086459159851,-0.04587777161576412,0.04909791052341461,-0.20870524644851685,-0.011255877256175495,0.048662781715393066,-0.3190646767616272,-0.02881858700492046,0.05238945782184601,-0.3778020739555359,-0.040270878165742374,0.048769816756248474,-0.4305538535118103,-0.0495927242336478,0.029416248202323914,-0.20469632744789124,-0.02316193671502731,0.04926903545856476,-0.30035626888275146,-0.05888346040227077,0.09818346798419952,-0.2750304043292999,-0.07926643097378872,0.12372787296772003,-0.23852011561393738,-0.08657986873366497,0.008580178022384644,-0.19228261709213257,-0.0358256568906512,0.024283096194267273,-0.2855263352394104,-0.06730964982487819,0.07456071674823761,-0.2599602937698364,-0.07716822081782482,0.1033475250005722,-0.2207159399986267,-0.07696751707770488,-0.01284778118133545,-0.1740572452545166,-0.04920090565063617,0.0026238560676574707,-0.2480556070804596,-0.07241571897246502,0.04065127670764923,-0.2527642250061035,-0.07976859265544078,0.06746990978717804,-0.23849576711654663,-0.08130292797066829
D,0.0,0.0,0.0,0.04653894901275635,-0.04096275568008423,-0.008342368657636712,0.07936941087245941,-0.11358398199081421,-0.017298245000588963,0.10098157823085785,-0.16729485988616943,-0.030647034886229108,0.1230577677488327,-0.21342402696609497,-0.04454701686178453,0.04946586489677429,-0.20704728364944458,-0.01134038729493625,0.04922063648700714,-0.3166990876197815,-0.028701690155017445,0.05291903018951416,-0.3749855160713196,-0.04000570544873483,0.049575820565223694,-0.4274943470954895,-0.04938438082014329,0.029724225401878357,-0.2030113935470581,-0.023208375218260358,0.050059616565704346,-0.296479195356369,-0.059084835591662,0.0985986739397049,-0.2712101340293884,-0.079517084303248,0.12441398203372955,-0.23614156246185303,-0.08699966514383561,0.008739069104194641,-0.19089579582214355,-0.03577439779316194,0.024538055062294006,-0.28273874521255493,-0.06739921415125139,0.07473285496234894,-0.2579892575740814,-0.07753440285002,0.1043289452791214,-0.21979203820228577,-0.07769675845180757,-0.013011664152145386,-0.17325633764266968,-0.04903024354850061,0.003052040934562683,-0.24529069662094116,-0.07241348469530351,0.04056994616985321,-0.2503530979156494,-0.08024388844047792,0.06725819408893585,-0.23765665292739868,-0.08231079125677354
D,0.0,0.0,0.0,0.047046855092048645,-0.04158914089202881,-0.0077363669183938555,0.07893499732017517,-0.11276006698608398,-0.016726949928411727,0.0993090569972992,-0.1668689250946045,-0.030094166962513214,0.12254685163497925,-0.21224790811538696,-0.043941708026537185,0.05100427567958832,-0.208410382270813,-0.009991207836279159,0.04984399676322937,-0.3157741129398346,-0.026871388522991424,0.053201884031295776,-0.37369227409362793,-0.03808402430833269,0.049654677510261536,-0.4261717200279236,-0.047424806026825195,0.030775979161262512,-0.20461362600326538,-0.021711038170465713,0.050206258893013,-0.2964874505996704,-0.05659486141622949,0.0978643000125885,-0.2723018527030945,-0.07647332709849763,0.12316924333572388,-0.2377365231513977,-0.0836394594293921,0.009534165263175964,-0.19258058071136475,-0.03409177970708299,0.02431654930114746,-0.28290867805480957,-0.06483420145333696,0.07406166195869446,-0.25940948724746704,-0.0742729843837111,0.10375916957855225,-0.2222065031528473,-0.07402106535256792,-0.012381598353385925,-0.17440390586853027,-0.04712644752682138,0.0036220401525497437,-0.2454255223274231,-0.0699109227639525,0.04108855128288269,-0.25048673152923584,-0.07705991875947404,0.06824630498886108,-0.23798349499702454,-0.07850140493930269
