E,0.0,0.0,0.0,0.0037750303745269775,-0.08273321390151978,-0.014173732641438619,0.04897564649581909,-0.14993512630462646,-0.036204975600639955,0.11222955584526062,-0.16362088918685913,-0.051990338172117845,0.15769949555397034,-0.15414714813232422,-0.06630563041130699,0.026305466890335083,-0.14518404006958008,-0.09078234484354653,0.12393134832382202,-0.16677939891815186,-0.11954440971771874,0.1720532476902008,-0.1696135401725769,-0.13203718563477196,0.21158012747764587,-0.16774791479110718,-0.13911332985321678,0.03513661026954651,-0.0773700475692749,-0.09590425392548241,0.14459729194641113,-0.11190664768218994,-0.1266516824618975,0.12984409928321838,-0.11349046230316162,-0.12200581332604088,0.09890714287757874,-0.11083012819290161,-0.1169022997275988,0.05187307298183441,-0.022341787815093994,-0.09741957535902657,0.1505800485610962,-0.06431597471237183,-0.11251266350905098,0.1307496726512909,-0.06891876459121704,-0.09309801509539284,0.10140234231948853,-0.07096236944198608,-0.07925988783995308,0.07183271646499634,0.024654626846313477,-0.10000660320679344,0.14579087495803833,-0.019165873527526855,-0.09911768188635506,0.1292475163936615,-0.024877309799194336,-0.07997123202244438,0.10059937834739685,-0.0220186710357666,-0.06730339726368584
E,0.0,0.0,0.0,-0.006794296205043793,-0.03500276803970337,-0.011740996201851317,-0.005592111498117447,-0.09192514419555664,-0.023269202259697863,0.0047476813197135925,-0.12184524536132812,-0.036075854373493144,0.010250145569443703,-0.12774944305419922,-0.048823350739994,0.004534780979156494,-0.16612809896469116,-0.017188308460035273,0.014311658218502998,-0.22336280345916748,-0.045835544986047694,0.004891972988843918,-0.22181975841522217,-0.06536496586851115,-0.005522415041923523,-0.20200926065444946,-0.07456111319116587,0.022689294070005417,-0.15158510208129883,-0.02646808296195502,0.03219156712293625,-0.2221541404724121,-0.0550072655802154,0.0171835757791996,-0.20889496803283691,-0.06824814684442515,0.004808928817510605,-0.1804690957069397,-0.07052634067586894,0.03714079037308693,-0.1208118200302124,-0.0382647455459022,0.03220765292644501,-0.1623573899269104,-0.06598140455535884,0.009712720289826393,-0.13592809438705444,-0.06971916712574,-0.003951366990804672,-0.11210882663726807,-0.06533041007570262,0.04761234298348427,-0.07917654514312744,-0.05061030171565051,0.033430181443691254,-0.10523414611816406,-0.06888724274686808,0.010387105867266655,-0.09085190296173096,-0.06624608643106455,-0.0032761991024017334,-0.0776553750038147,-0.06002520926050181
E,0.0,0.0,0.0,0.04964996688067913,-0.044286370277404785,-0.018285590139811347,0.07845034264028072,-0.11667335033416748,-0.023845991966908286,0.044978855177760124,-0.16154634952545166,-0.028528573838656257,0.0005117487162351608,-0.14033746719360352,-0.03286044011790068,0.028300857171416283,-0.17279720306396484,-0.0012875440620234713,0.02957935445010662,-0.22510600090026855,-0.016904313964431594,0.031425630673766136,-0.23337048292160034,-0.03172237883288176,0.03206402249634266,-0.218489408493042,-0.039953441274946044,-0.011084461584687233,-0.17385047674179077,-0.0012560680365538701,-0.008574988692998886,-0.2312455177307129,-0.01402626364458115,-0.0003598202019929886,-0.2469722032546997,-0.0273896296598366,0.004569021984934807,-0.24136346578598022,-0.03464346463758261,-0.04260275140404701,-0.16177207231521606,-0.004745452114974569,-0.04496088996529579,-0.2180922031402588,-0.020672175017779182,-0.034566204994916916,-0.22686535120010376,-0.031568587673490356,-0.02774776890873909,-0.22071969509124756,-0.03568602810580046,-0.0684641171246767,-0.13879305124282837,-0.009558591907506298,-0.06513387896120548,-0.18193316459655762,-0.020603834567253898,-0.05212443508207798,-0.18149900436401367,-0.02215184356052191,-0.043691664934158325,-0.16935515403747559,-0.02144092964906008
E,0.0,0.0,0.0,0.04612612724304199,-0.04484528303146362,-0.01692144511016025,0.07294518500566483,-0.1221892237663269,-0.020004268118459123,0.03713242709636688,-0.16000598669052124,-0.024194204562622446,-0.004892893135547638,-0.14050167798995972,-0.025478543096500772,0.0348634347319603,-0.185991108417511,0.011262059828919035,0.03439784795045853,-0.25388163328170776,-0.01027204965921058,0.0352955088019371,-0.22220486402511597,-0.02636350629599704,0.030474714934825897,-0.17992329597473145,-0.03177444388838424,-0.002569250762462616,-0.18904012441635132,0.010964311345201594,-0.003330383449792862,-0.25927847623825073,-0.010004056000429529,0.001728154718875885,-0.21915572881698608,-0.022812321164924043,0.0002370700240135193,-0.17740094661712646,-0.023187118896561998,-0.033860139548778534,-0.1846025586128235,0.005832670873683554,-0.03581067267805338,-0.2439817190170288,-0.012471562565583127,-0.027769194915890694,-0.21078354120254517,-0.016055799403506654,-0.02827284298837185,-0.17753839492797852,-0.01058796824635877,-0.0634762104600668,-0.17195343971252441,-0.0011174640034319339,-0.0621939729899168,-0.22181344032287598,-0.009274472796636957,-0.052754731848835945,-0.20472067594528198,-0.004370597039628166,-0.05024097114801407,-0.18072575330734253,0.004077488708031041
E,0.0,0.0,0.0,0.04484918341040611,-0.04446595907211304,-0.01582187230707177,0.07184037193655968,-0.12010878324508667,-0.018595505533824053,0.03777479752898216,-0.16156518459320068,-0.02243418621839055,-0.003599710762500763,-0.13900548219680786,-0.023256676299581613,0.0351368747651577,-0.19637125730514526,0.011001673499038134,0.03834500536322594,-0.2624329924583435,-0.006861468805084314,0.03848330304026604,-0.22234076261520386,-0.01950089077473649,0.036800842732191086,-0.18202191591262817,-0.023946424974212732,0.00011399760842323303,-0.20141524076461792,0.009889433132400427,0.002484317868947983,-0.2732940912246704,-0.008379311328837957,0.004668336361646652,-0.21908897161483765,-0.01682502965451249,0.004489537328481674,-0.1767624020576477,-0.014816329842517462,-0.030953478068113327,-0.1962793469429016,0.004346341797997866,-0.030413027852773666,-0.26015186309814453,-0.013299450306305971,-0.023235943168401718,-0.21424412727355957,-0.013689913814971533,-0.02187741920351982,-0.1763322949409485,-0.006049414193341818,-0.061945658177137375,-0.18115323781967163,-0.002893160125324812,-0.06099211052060127,-0.23543846607208252,-0.01032133496374854,-0.04983927682042122,-0.21027129888534546,-0.0035256708786732815,-0.04528961703181267,-0.18079054355621338,0.0058186086545788385
E,0.0,0.0,0.0,0.04382045567035675,-0.04617810249328613,-0.015727678743132856,0.07337990403175354,-0.12005960941314697,-0.01811407176865032,0.038585126399993896,-0.1602691411972046,-0.022232544106373098,-0.0009504184126853943,-0.14317888021469116,-0.023745259699353483,0.04519054293632507,-0.18935078382492065,0.011936983595660422,0.04571661353111267,-0.2635997533798218,-0.003914874010661151,0.040977343916893005,-0.23442167043685913,-0.017280711290368345,0.0392242968082428,-0.19511812925338745,-0.023251699713000562,0.011188164353370667,-0.19533032178878784,0.009923593643179629,0.010379612445831299,-0.2746526598930359,-0.006987689026573207,0.006199464201927185,-0.2336938977241516,-0.01939193202269962,0.007501773536205292,-0.19191765785217285,-0.02166478937579086,-0.01764504611492157,-0.1928042769432068,0.003613888555264566,-0.021108757704496384,-0.26339685916900635,-0.010561478753515985,-0.020613394677639008,-0.231347918510437,-0.016689613890775945,-0.01785840094089508,-0.19236350059509277,-0.014944040645787027,-0.04468990117311478,-0.1825888752937317,-0.004784412645676639,-0.04725097119808197,-0.24135690927505493,-0.00988404775125673,-0.042630650103092194,-0.225297212600708,-0.007108363752195146,-0.03715020418167114,-0.19558930397033691,-0.002295386941113975
E,0.0,0.0,0.0,0.045958131551742554,-0.041245222091674805,-0.014022040247780865,0.07679790258407593,-0.11835479736328125,-0.014862785182756966,0.047245144844055176,-0.16780853271484375,-0.017576108753544872,0.007540009915828705,-0.14891713857650757,-0.017686805754763668,0.05037336051464081,-0.19102585315704346,0.014557262815671379,0.052532315254211426,-0.2651711106300354,0.0012165240972734637,0.05181191861629486,-0.24105185270309448,-0.012051101840896195,0.049721285700798035,-0.20209920406341553,-0.018206412970883434,0.018749162554740906,-0.19613158702850342,0.012846462361650879,0.017354153096675873,-0.2753978371620178,-0.00031031328542496794,0.01764831691980362,-0.24101364612579346,-0.012756587073070591,0.01835312694311142,-0.19859284162521362,-0.016250110298258846,-0.008959978818893433,-0.19289910793304443,0.007128884483265097,-0.014217451214790344,-0.26767241954803467,-0.0027281412126995974,-0.009507536888122559,-0.2423306107521057,-0.009966105289620941,-0.007227048277854919,-0.20219868421554565,-0.010454287819428032,-0.03590185195207596,-0.18287605047225952,-0.000779462812332099,-0.0390486977994442,-0.24506044387817383,-0.0036872151045628243,-0.03233862668275833,-0.2342262864112854,-0.002611202254755085,-0.027230139821767807,-0.20381206274032593,7.28597937467157e-05
E,0.0,0.0,0.0,0.04599820077419281,-0.03988593816757202,-0.013895249404313859,0.0764121264219284,-0.11592859029769897,-0.01497778244346648,0.05086442828178406,-0.16956067085266113,-0.018019765094223317,0.011898249387741089,-0.15644234418869019,-0.01860905945331126,0.053013578057289124,-0.18710637092590332,0.013694407939610187,0.05526384711265564,-0.2613210082054138,0.00019194939260103183,0.05474694073200226,-0.23895984888076782,-0.013571625985505875,0.052591338753700256,-0.1993851661682129,-0.020029857233467396,0.022295624017715454,-0.19170039892196655,0.012052897885141078,0.021442122757434845,-0.2724990248680115,-0.0006289420442868732,0.021854989230632782,-0.24051576852798462,-0.013545683063867386,0.022735819220542908,-0.19873422384262085,-0.017944614813032445,-0.005073800683021545,-0.188737690448761,0.006503872628954355,-0.009615592658519745,-0.26456040143966675,-0.002729369271847304,-0.004240065813064575,-0.24162596464157104,-0.010686971657278832,-0.0016358643770217896,-0.20134776830673218,-0.012205758542123135,-0.03187963366508484,-0.1795554757118225,-0.0012650119050618969,-0.0334017351269722,-0.24322360754013062,-0.003791407626422938,-0.026531875133514404,-0.2348652482032776,-0.0035405062980231605,-0.02195850759744644,-0.20458859205245972,-0.0019246736218434535
E,0.0,0.0,0.0,0.04976304620504379,-0.039695918560028076,-0.011295670938224589,0.08074568957090378,-0.1144019365310669,-0.011055030223459994,0.0578543022274971,-0.17049449682235718,-0.013303835239739215,0.01937086135149002,-0.1652916669845581,-0.013502316844196116,0.05889042466878891,-0.1811145544052124,0.015189112800626958,0.06450650840997696,-0.2513735294342041,0.0028882831646939167,0.06318806856870651,-0.22852259874343872,-0.009922371540696417,0.05999269336462021,-0.19157999753952026,-0.01628489356163243,0.028560511767864227,-0.18794792890548706,0.012812707278399671,0.030976735055446625,-0.26557523012161255,0.00029312248433654986,0.03257966786623001,-0.23324710130691528,-0.01251933846297959,0.032615818083286285,-0.1924654245376587,-0.016966588158638274,0.0016678720712661743,-0.18663805723190308,0.00679951643896004,-0.00014412403106689453,-0.2591978907585144,-0.002429055810452496,0.007200866937637329,-0.2349875569343567,-0.010656038593978678,0.00910262018442154,-0.19533777236938477,-0.012514378238947188,-0.02423885464668274,-0.17960768938064575,-0.001101027421199774,-0.025395601987838745,-0.240533709526062,-0.003612536998943483,-0.016905076801776886,-0.2315225601196289,-0.003922247622639929,-0.011871494352817535,-0.20238608121871948,-0.002886177335412299
E,0.0,0.0,0.0,0.04881918430328369,-0.030414283275604248,-0.013924510095904452,0.08129854500293732,-0.10592275857925415,-0.013867678929756266,0.0595785528421402,-0.16241639852523804,-0.01546832906890927,0.02108338475227356,-0.15726327896118164,-0.015265166637192351,0.062129124999046326,-0.17510849237442017,0.011638498056044,0.06576214730739594,-0.24378985166549683,-0.0008849803648729448,0.06532807648181915,-0.22714164853096008,-0.01450327212799607,0.06265182793140411,-0.1890864372253418,-0.021353612531612498,0.032809555530548096,-0.1817415952682495,0.010865819762756246,0.033810630440711975,-0.2595199942588806,-0.0009650568768222456,0.034626975655555725,-0.23441949486732483,-0.014896217611322982,0.03449536859989166,-0.19306492805480957,-0.021077628125141246,0.006426379084587097,-0.18085062503814697,0.006434672634412664,0.003058984875679016,-0.25528764724731445,-0.0027107360015463655,0.009074747562408447,-0.2369464933872223,-0.01320950954098521,0.011342436075210571,-0.19643741846084595,-0.01732976629276095,-0.020623929798603058,-0.1742936372756958,-6.496504786923651e-05,-0.021730147302150726,-0.23623371124267578,-0.004224757075945718,-0.014224119484424591,-0.23085176944732666,-0.007049118512014729,-0.009432300925254822,-0.20094537734985352,-0.008106974762569052
E,0.0,0.0,0.0,0.0492980033159256,-0.026574254035949707,-0.014468602660407726,0.08224278688430786,-0.10128724575042725,-0.01445798185776681,0.06189623475074768,-0.15662497282028198,-0.015940198499073688,0.023396864533424377,-0.1531633734703064,-0.015835530880202953,0.06319701671600342,-0.1686396598815918,0.009077388037631806,0.06784477829933167,-0.2366606593132019,-0.00423968705471367,0.06824958324432373,-0.22695228457450867,-0.01781959441613168,0.06597772240638733,-0.19040733575820923,-0.02437043172430009,0.033382534980773926,-0.17648851871490479,0.008631549951324757,0.035257428884506226,-0.2539597749710083,-0.0044458208711049,0.03571911156177521,-0.23333615064620972,-0.01892265287350625,0.03530421853065491,-0.1919042468070984,-0.025180635798086826,0.007194846868515015,-0.1764475703239441,0.004615573853889998,0.005217015743255615,-0.24999389052391052,-0.005974155674984161,0.010370984673500061,-0.23542118072509766,-0.0180286856473586,0.012322455644607544,-0.19500130414962769,-0.022846184495200816,-0.019052892923355103,-0.17065691947937012,-0.0013503158104768431,-0.019455626606941223,-0.23100978136062622,-0.0070424385474225915,-0.012232661247253418,-0.22834503650665283,-0.011780537489165965,-0.007280588150024414,-0.19895195960998535,-0.013918791721870605
E,0.0,0.0,0.0,0.05000084638595581,-0.027219176292419434,-0.015266730277858187,0.08202491700649261,-0.10016447305679321,-0.01601505355449717,0.062283724546432495,-0.15527111291885376,-0.018106828271470476,0.024085089564323425,-0.1546574831008911,-0.018702001138649393,0.06199578940868378,-0.16456365585327148,0.007640003398933004,0.06704506278038025,-0.2328951358795166,-0.006129747550062348,0.068195641040802,-0.22156184911727905,-0.020579126491270472,0.06604088842868805,-0.18476933240890503,-0.027920800088963915,0.03254728019237518,-0.17218637466430664,0.007597887129463743,0.03520916402339935,-0.24985310435295105,-0.0055349509372035754,0.03650403022766113,-0.2300339639186859,-0.021261400370917727,0.036214083433151245,-0.18953973054885864,-0.029064238830528666,0.006153121590614319,-0.17241311073303223,0.003994458527245115,0.005106210708618164,-0.24717456102371216,-0.006928310557327677,0.0109795480966568,-0.23389208316802979,-0.020704314871750285,0.012836292386054993,-0.19285255670547485,-0.027114120139799525,-0.020439259707927704,-0.167022705078125,-0.0015155157913113726,-0.01971379667520523,-0.22768637537956238,-0.008077100678406168,-0.011384785175323486,-0.22600555419921875,-0.014493497847638537,-0.006060421466827393,-0.19621825218200684,-0.018152567385754992
E,0.0,0.0,0.0,0.05011221766471863,-0.02678966522216797,-0.014754903915012108,0.08219254016876221,-0.09929877519607544,-0.015310828054929004,0.062382444739341736,-0.1541408896446228,-0.01716820843764566,0.023523107171058655,-0.15086126327514648,-0.017425661387527214,0.062315016984939575,-0.16328096389770508,0.008040649404144062,0.06761910021305084,-0.23028725385665894,-0.005131414106720911,0.06866791844367981,-0.21905171871185303,-0.018827791737997757,0.06615528464317322,-0.1827811598777771,-0.025655615555727707,0.03313380479812622,-0.17120611667633057,0.008020572883403077,0.0353604257106781,-0.2468511462211609,-0.004376477042818294,0.03719399869441986,-0.22666001319885254,-0.018622545006358848,0.036839619278907776,-0.18643295764923096,-0.02528173983343862,0.007068216800689697,-0.1714838743209839,0.004470991955464854,0.005605489015579224,-0.2447221875190735,-0.00593294337638639,0.012172847986221313,-0.23010414838790894,-0.018002034577214943,0.014096513390541077,-0.18944936990737915,-0.023150778787815796,-0.019343778491020203,-0.16632306575775146,-0.001006563839176522,-0.018487006425857544,-0.2256511151790619,-0.007349541823053585,-0.009724438190460205,-0.22265410423278809,-0.012754925007605777,-0.004371419548988342,-0.1928194761276245,-0.015474483783030735
E,0.0,0.0,0.0,0.050882488489151,-0.025371313095092773,-0.013880927105233809,0.08280901610851288,-0.0972476601600647,-0.014157528978572032,0.0641428530216217,-0.1536921262741089,-0.01586002203522696,0.02457737922668457,-0.14876574277877808,-0.015998532053814074,0.06331343948841095,-0.16344058513641357,0.009321392524256567,0.06754302978515625,-0.2298412322998047,-0.0028562303528048005,0.06886643171310425,-0.21646884083747864,-0.0156575692713119,0.0668446272611618,-0.18072110414505005,-0.022205726233110568,0.034355953335762024,-0.17145085334777832,0.008960534828915456,0.03526638448238373,-0.2457076609134674,-0.0031683333113647905,0.03772161900997162,-0.2212931215763092,-0.016338081088647982,0.0376029908657074,-0.18173235654830933,-0.02208672369717135,0.008352622389793396,-0.17184972763061523,0.005147271800055364,0.004911452531814575,-0.2437295913696289,-0.005162204139665505,0.011999666690826416,-0.22470977902412415,-0.015732404765472552,0.013824626803398132,-0.1845487356185913,-0.01973827647863402,-0.018077388405799866,-0.16725724935531616,-0.0005656859616607335,-0.01897481083869934,-0.22574546933174133,-0.006938453753278395,-0.009995698928833008,-0.21945708990097046,-0.011475488533065459,-0.004501476883888245,-0.18954390287399292,-0.013431520190820834
E,0.0,0.0,0.0,0.05090890824794769,-0.027009427547454834,-0.013317089909563151,0.08310537040233612,-0.09708946943283081,-0.013898016335318175,0.06300236284732819,-0.1534704566001892,-0.015899161258587924,0.02290967106819153,-0.14924025535583496,-0.016165092969188777,0.06406427919864655,-0.16067111492156982,0.008519723629703435,0.06872375309467316,-0.22868266701698303,-0.0036403410228587063,0.06931988894939423,-0.21060732007026672,-0.01601313092733392,0.0671541839838028,-0.1744057536125183,-0.022455005356917468,0.0351458340883255,-0.16919875144958496,0.007762040561189565,0.036489054560661316,-0.24360865354537964,-0.004483029162386742,0.03822435438632965,-0.21526116132736206,-0.016658021518836108,0.03756043314933777,-0.17570185661315918,-0.021660510832319346,0.009095415472984314,-0.1705133318901062,0.0036768853572510807,0.006139665842056274,-0.24350672960281372,-0.006577630443374005,0.012572571635246277,-0.220770925283432,-0.015111598567912665,0.013585954904556274,-0.18069523572921753,-0.017654886850962725,-0.017496109008789062,-0.16674214601516724,-0.0022838168403751524,-0.017695173621177673,-0.22549289464950562,-0.008329243780920592,-0.009200409054756165,-0.21708601713180542,-0.011256288187453833,-0.004801586270332336,-0.18732845783233643,-0.01196195689017543
E,0.0,0.0,0.0,0.050838932394981384,-0.025596320629119873,-0.014629054092537785,0.08334940671920776,-0.09693354368209839,-0.015973688312541867,0.0633573979139328,-0.15335285663604736,-0.01861371586538496,0.02301628887653351,-0.1487901210784912,-0.01948327498949709,0.0639384537935257,-0.16060972213745117,0.00753922227330861,0.06931731104850769,-0.2272528111934662,-0.005218417127352382,0.06943677365779877,-0.2115076780319214,-0.017832697578441525,0.06629243493080139,-0.17454344034194946,-0.02420226226068678,0.034121766686439514,-0.16881400346755981,0.00717491915010271,0.036181822419166565,-0.24277755618095398,-0.006037550256323243,0.03770405054092407,-0.21413809061050415,-0.018690408416759396,0.03673180937767029,-0.17330217361450195,-0.02363514455474558,0.007834076881408691,-0.16969525814056396,0.0033599115212297193,0.005825236439704895,-0.24288755655288696,-0.0076695119260961064,0.012734055519104004,-0.22114014625549316,-0.017100717150341893,0.013627186417579651,-0.1801753044128418,-0.020040276669632817,-0.01872694492340088,-0.16541337966918945,-0.0024139960060978183,-0.018179699778556824,-0.22343331575393677,-0.009024063334535981,-0.00931406021118164,-0.2154463231563568,-0.012733763293098832,-0.004969269037246704,-0.18488448858261108,-0.013915881723832513
E,0.0,0.0,0.0,0.05138598382472992,-0.024218499660491943,-0.014027394688355344,0.08426007628440857,-0.09540677070617676,-0.014754589049744027,0.06550528109073639,-0.15347599983215332,-0.016775203271436112,0.024630218744277954,-0.14864075183868408,-0.01708968110256137,0.0649404376745224,-0.16152828931808472,0.008749785499048812,0.06955862045288086,-0.2297399938106537,-0.0026984977150732448,0.07048988342285156,-0.21196898818016052,-0.014356260521935837,0.06808865070343018,-0.17604482173919678,-0.02040185533337535,0.035715341567993164,-0.16957849264144897,0.008392576725555045,0.03697329759597778,-0.24321860074996948,-0.0035644000010961463,0.0396510511636734,-0.2124512493610382,-0.01522032577418031,0.038674384355545044,-0.17322641611099243,-0.019746397955941575,0.009382203221321106,-0.17052584886550903,0.0046322840651100705,0.007451295852661133,-0.24368706345558167,-0.006370148024188893,0.014731332659721375,-0.21871823072433472,-0.014618635511624234,0.014422908425331116,-0.17824852466583252,-0.01672274373345317,-0.01796559989452362,-0.1667347550392151,-0.00098860308867188,-0.015866011381149292,-0.22651565074920654,-0.008091094306337254,-0.007232338190078735,-0.21499419212341309,-0.010845763942825215,-0.004601731896400452,-0.18377476930618286,-0.011191836892294305
E,0.0,0.0,0.0,0.051243677735328674,-0.024273216724395752,-0.013582216223156252,0.08445507287979126,-0.09395807981491089,-0.014179065470969476,0.06578397750854492,-0.15183186531066895,-0.016162984651899137,0.025333166122436523,-0.1474626064300537,-0.016561914814090528,0.06455793976783752,-0.16015684604644775,0.008804710003161631,0.0688856691122055,-0.22877347469329834,-0.0028074636323509594,0.069637730717659,-0.21254783868789673,-0.014328967427289285,0.06753924489021301,-0.17667222023010254,-0.020189447907185354,0.035153597593307495,-0.1681928038597107,0.008251568655097685,0.03569912910461426,-0.24267780780792236,-0.004263507315343418,0.038249194622039795,-0.2121269702911377,-0.015944569019055166,0.03789620101451874,-0.17215853929519653,-0.020208867845511236,0.009093284606933594,-0.1689741015434265,0.004376452303105793,0.00626121461391449,-0.24182045459747314,-0.006785666683143177,0.013527706265449524,-0.21743470430374146,-0.014907440749382772,0.014143586158752441,-0.17743909358978271,-0.01678025221583823,-0.01778218150138855,-0.16493505239486694,-0.0013099502505866667,-0.01692219078540802,-0.22454938292503357,-0.008165280913388528,-0.008566945791244507,-0.21365898847579956,-0.010702902098572054,-0.005256548523902893,-0.18274986743927002,-0.010843867083465852
E,0.0,0.0,0.0,0.051111236214637756,-0.02505725622177124,-0.013925310420191295,0.08427996933460236,-0.09434199333190918,-0.014840622628426559,0.06459447741508484,-0.15152299404144287,-0.01707818844387532,0.02361638844013214,-0.1465212106704712,-0.017648930857276923,0.06417140364646912,-0.1600220799446106,0.008820788738930219,0.06880322098731995,-0.22780907154083252,-0.0029064968324661322,0.06971310079097748,-0.21103620529174805,-0.014622396054065234,0.06731690466403961,-0.17549759149551392,-0.020588488513922698,0.034780457615852356,-0.16820937395095825,0.008374944133365148,0.035713523626327515,-0.24200406670570374,-0.004231414953565604,0.03839215636253357,-0.21135783195495605,-0.01609414183566571,0.0376257449388504,-0.17148327827453613,-0.020485022301173217,0.008705586194992065,-0.16930359601974487,0.004556616572344296,0.006251290440559387,-0.24193239212036133,-0.006827527387386567,0.013581141829490662,-0.21718111634254456,-0.015064099999463565,0.013852685689926147,-0.17700409889221191,-0.01691612900266648,-0.018199265003204346,-0.16566556692123413,-0.001091139703376598,-0.016797631978988647,-0.22478225827217102,-0.008028013827598102,-0.008266940712928772,-0.21372634172439575,-0.010560610527491576,-0.005208373069763184,-0.18287014961242676,-0.010646783011353023
E,0.0,0.0,0.0,0.05158919095993042,-0.023872852325439453,-0.014162754614062578,0.08447739481925964,-0.09398382902145386,-0.015234903406508238,0.06555241346359253,-0.15211701393127441,-0.017585234690614016,0.02451235055923462,-0.1468479037284851,-0.01822485585898903,0.06399746239185333,-0.16052180528640747,0.008351583991043299,0.06879153847694397,-0.22793763875961304,-0.0033273210024162836,0.07018086314201355,-0.21041250228881836,-0.01499509156883505,0.06782495975494385,-0.17441385984420776,-0.020944349441833765,0.03486351668834686,-0.16850680112838745,0.008030012275867193,0.03595899045467377,-0.241862952709198,-0.004320910640217335,0.03915572166442871,-0.21069499850273132,-0.015804123107500345,0.03836438059806824,-0.17091715335845947,-0.0199673417696431,0.008747011423110962,-0.16942906379699707,0.004314216811053484,0.006363928318023682,-0.2420790195465088,-0.006913874272413523,0.01430213451385498,-0.21718716621398926,-0.014939632240839273,0.014445260167121887,-0.17675071954727173,-0.016708249200291903,-0.018400758504867554,-0.1657249927520752,-0.0012697541128545708,-0.016878217458724976,-0.22505253553390503,-0.00838746872932461,-0.00775068998336792,-0.21401414275169373,-0.011054815698571474,-0.004679083824157715,-0.18302661180496216,-0.011233330678351194
E,0.0,0.0,0.0,0.05178363621234894,-0.0245550274848938,-0.013931261078056423,0.08475463092327118,-0.0940026044845581,-0.014775966927942363,0.06626515090465546,-0.1518915295600891,-0.01694760534965667,0.02579483389854431,-0.14838045835494995,-0.017500006296273796,0.06452782452106476,-0.16022974252700806,0.008894147648874196,0.06891660392284393,-0.22845414280891418,-0.002924063178312508,0.07025028765201569,-0.21278303861618042,-0.014568449631866542,0.06847673654556274,-0.1773814558982849,-0.02038591604733142,0.035193368792533875,-0.16837114095687866,0.00861520256793824,0.03625063598155975,-0.24208974838256836,-0.0042008046811190525,0.03907378017902374,-0.21194583177566528,-0.016052172221776573,0.0386195182800293,-0.17211663722991943,-0.020289259665247528,0.009143278002738953,-0.169536292552948,0.004952244758072766,0.006685361266136169,-0.2418830394744873,-0.006798058450755207,0.014293074607849121,-0.21749284863471985,-0.015207198150989143,0.01503629982471466,-0.1771898865699768,-0.017015673853990165,-0.01770670711994171,-0.16599774360656738,-0.0005034540016879419,-0.016485199332237244,-0.2250504493713379,-0.007923253514405815,-0.007772490382194519,-0.2140233814716339,-0.01076851848566207,-0.004243716597557068,-0.18293386697769165,-0.01091444928252372
E,0.0,0.0,0.0,0.051505401730537415,-0.02462911605834961,-0.01366806941958032,0.08448606729507446,-0.0948638916015625,-0.014276238893287996,0.06523357331752777,-0.15310269594192505,-0.016191215057986597,0.024355590343475342,-0.14781814813613892,-0.016521000106948236,0.06453102827072144,-0.16014212369918823,0.008611112098080298,0.06843197345733643,-0.22898247838020325,-0.002999065945985535,0.06977275013923645,-0.21377819776535034,-0.014403015178757528,0.06813691556453705,-0.17826443910598755,-0.020129092772620538,0.03506971895694733,-0.1682782769203186,0.00821049158541598,0.03565238416194916,-0.2427346408367157,-0.004333658878820756,0.03848354518413544,-0.21263647079467773,-0.015667726089375833,0.03812369704246521,-0.1725490689277649,-0.019585807611363748,0.008990377187728882,-0.16914111375808716,0.004483632939738413,0.00651097297668457,-0.24241799116134644,-0.006953797106760362,0.013945981860160828,-0.21781721711158752,-0.014691492346244672,0.014589071273803711,-0.17769449949264526,-0.01612566484989486,-0.018022209405899048,-0.16530156135559082,-0.0010467131288152132,-0.016513094305992126,-0.22509482502937317,-0.008251826082485536,-0.007890447974205017,-0.21377122402191162,-0.010655904923694948,-0.004553407430648804,-0.18250638246536255,-0.010528182414489606
E,0.0,0.0,0.0,0.05121515691280365,-0.02424180507659912,-0.013724526349548682,0.08394265174865723,-0.0954408049583435,-0.014016789343301639,0.06545846164226532,-0.15326303243637085,-0.015557505149487838,0.024900034070014954,-0.14795935153961182,-0.015527022961620673,0.06374488770961761,-0.1613064408302307,0.008422612253482953,0.06774106621742249,-0.22984212636947632,-0.002921604743320927,0.0688929557800293,-0.21352344751358032,-0.014368556398991927,0.06698554754257202,-0.17808562517166138,-0.02026392608517824,0.034412309527397156,-0.16943931579589844,0.00807267059003891,0.03490813076496124,-0.243760883808136,-0.004391273908410653,0.0376429408788681,-0.21382063627243042,-0.016315883915964946,0.03706599771976471,-0.17370367050170898,-0.020801457535569057,0.008256480097770691,-0.17046701908111572,0.004453685641195193,0.005928054451942444,-0.24335521459579468,-0.006915283814166173,0.013406112790107727,-0.21898558735847473,-0.015678971033636913,0.013939857482910156,-0.17856276035308838,-0.01793708741301714,-0.018571749329566956,-0.16679131984710693,-0.0009223458646800964,-0.017308413982391357,-0.2265070676803589,-0.008176468271855697,-0.008549854159355164,-0.21522268652915955,-0.011278529610578403,-0.005057737231254578,-0.18374037742614746,-0.011775486130360946
E,0.0,0.0,0.0,0.051037728786468506,-0.0245741605758667,-0.01402344171150105,0.08414870500564575,-0.09530878067016602,-0.014480843098894525,0.0655640959739685,-0.15359413623809814,-0.01619367663009541,0.02508684992790222,-0.14951705932617188,-0.01625321049435513,0.06401664018630981,-0.16170644760131836,0.008958222454353404,0.06794868409633636,-0.23032355308532715,-0.0024399183523513557,0.0688687264919281,-0.21304365992546082,-0.014096249716416764,0.06709957122802734,-0.17746669054031372,-0.02018358547432797,0.03478318452835083,-0.16953045129776,0.008673807715936732,0.03522363305091858,-0.2440418004989624,-0.003856865812153387,0.03777161240577698,-0.2136610746383667,-0.016039423534706998,0.03737974166870117,-0.17370057106018066,-0.020733982214764524,0.008658915758132935,-0.17028594017028809,0.005033098736717534,0.005842283368110657,-0.24313175678253174,-0.006415423361644912,0.013112068176269531,-0.21879327297210693,-0.01523505233420508,0.013738930225372314,-0.17843973636627197,-0.017549365649060178,-0.01832398772239685,-0.16646325588226318,-0.00041696025367343736,-0.017185047268867493,-0.22591763734817505,-0.00762401417090075,-0.008765190839767456,-0.2149496078491211,-0.010676042998269963,-0.005419790744781494,-0.18394315242767334,-0.011179617496267724
E,0.0,0.0,0.0,0.05036395788192749,-0.02542877197265625,-0.013791561549751918,0.08288370072841644,-0.09600746631622314,-0.014162730848639171,0.0646260529756546,-0.15363407135009766,-0.01593732037976281,0.0244378000497818,-0.14937472343444824,-0.016116560859828155,0.06350944936275482,-0.16122442483901978,0.009760556319506009,0.06695473194122314,-0.2296203076839447,-0.0016493247395743538,0.06791354715824127,-0.21402311325073242,-0.013309999792127769,0.06633204221725464,-0.1790226697921753,-0.019331810487656753,0.034079715609550476,-0.16928058862686157,0.009346472607703049,0.034378841519355774,-0.2437477707862854,-0.003328894455208342,0.03666149079799652,-0.2139110565185547,-0.015467319129257362,0.03641331195831299,-0.1742016077041626,-0.020014140246658485,0.00788639485836029,-0.1702181100845337,0.005521763624400933,0.005594432353973389,-0.24319666624069214,-0.006008798679559391,0.012483447790145874,-0.21893364191055298,-0.014659494584648769,0.013090863823890686,-0.178536057472229,-0.01675143600836293,-0.018884867429733276,-0.1664631962776184,-0.00013376789969754554,-0.01727306842803955,-0.22583380341529846,-0.007269813636540334,-0.009122088551521301,-0.21498936414718628,-0.010212198322861354,-0.005700960755348206,-0.18407952785491943,-0.01058743191346423
E,0.0,0.0,0.0,0.050832465291023254,-0.02556896209716797,-0.013566170774964803,0.08335217833518982,-0.09637510776519775,-0.013961392410664075,0.06481814384460449,-0.15318280458450317,-0.01578429988828134,0.02413250505924225,-0.1479693055152893,-0.016047871627478116,0.06311888992786407,-0.161712646484375,0.009580287195177561,0.06686584651470184,-0.23017504811286926,-0.00185183012169432,0.06820687651634216,-0.214094340801239,-0.013508912131754869,0.06636863946914673,-0.17889010906219482,-0.019512970887689107,0.033967360854148865,-0.16957634687423706,0.00908152297827769,0.03445722162723541,-0.2434326708316803,-0.003357662775187009,0.037118151783943176,-0.21323800086975098,-0.015452528328268045,0.03650221228599548,-0.17355668544769287,-0.0200827670773549,0.007871881127357483,-0.1704721450805664,0.005218993450881726,0.005494609475135803,-0.2430526614189148,-0.005967118267534488,0.012578442692756653,-0.2185707986354828,-0.014529811174242013,0.012771740555763245,-0.17827004194259644,-0.016705014698771947,-0.019038304686546326,-0.16672015190124512,-0.00046357714697364827,-0.017569631338119507,-0.22582277655601501,-0.007367449302790874,-0.009159252047538757,-0.21486937999725342,-0.01021897043344211,-0.005920112133026123,-0.18407666683197021,-0.010612405792443269
E,0.0,0.0,0.0,0.051167041063308716,-0.024869859218597412,-0.012939873078707365,0.08385398983955383,-0.09538108110427856,-0.01297673389488807,0.0655081570148468,-0.15325886011123657,-0.014487325141075758,0.024785548448562622,-0.14698439836502075,-0.014350963683668283,0.06364928185939789,-0.16124296188354492,0.010133406220134589,0.06742200255393982,-0.22977805137634277,-0.0012549501116012607,0.06864841282367706,-0.21311834454536438,-0.012680190542582181,0.0666622519493103,-0.17747914791107178,-0.0184278627129828,0.03468024730682373,-0.16934382915496826,0.009471724813934657,0.034991130232810974,-0.24333050847053528,-0.0027768138534014497,0.03760579228401184,-0.21225547790527344,-0.01386390246624103,0.03692488372325897,-0.172380268573761,-0.017587258407715467,0.00870203971862793,-0.1704525351524353,0.005434218401219937,0.005950361490249634,-0.2434801459312439,-0.005444344991687444,0.012993142008781433,-0.21796762943267822,-0.012483330370727685,0.013280168175697327,-0.1778058409690857,-0.013480096051338819,-0.01816236972808838,-0.16683447360992432,-0.000458751412210745,-0.017017439007759094,-0.22602558135986328,-0.007113177722189334,-0.008581474423408508,-0.21477144956588745,-0.00908851709390035,-0.0052405595779418945,-0.18450140953063965,-0.008697705270591882
E,0.0,0.0,0.0,0.0504765659570694,-0.024519741535186768,-0.01342847513825518,0.08308678865432739,-0.09461480379104614,-0.013958010253020348,0.06480705738067627,-0.15279674530029297,-0.015930503968604626,0.024168238043785095,-0.14762109518051147,-0.016320081789501728,0.06337860226631165,-0.16099172830581665,0.009423608529857574,0.06679165363311768,-0.2294197678565979,-0.0021876056105725183,0.06828618049621582,-0.21438953280448914,-0.013764885616012634,0.06651054322719574,-0.17883920669555664,-0.01956821455479485,0.03426779806613922,-0.1691761016845703,0.008858345087162434,0.03448912501335144,-0.24320191144943237,-0.0036155943651579037,0.037276625633239746,-0.21326309442520142,-0.014983574290283741,0.0368497371673584,-0.17338711023330688,-0.018922601256974758,0.008347705006599426,-0.1702830195426941,0.004901612281344114,0.00580751895904541,-0.2431519627571106,-0.006250480551727833,0.01304231584072113,-0.21872267127037048,-0.013872368623026432,0.013537213206291199,-0.17849493026733398,-0.015300155979105057,-0.018455207347869873,-0.16665911674499512,-0.0009200048642128422,-0.01723611354827881,-0.22566646337509155,-0.007853826869734348,-0.008770644664764404,-0.21485263109207153,-0.010278342653521122,-0.005300462245941162,-0.184245765209198,-0.010227582779236855
E,0.0,0.0,0.0,0.05059824883937836,-0.024422049522399902,-0.013293226157799154,0.08325950801372528,-0.09548783302307129,-0.013534623106494337,0.06552644073963165,-0.15394169092178345,-0.015145685432031541,0.02495667338371277,-0.14864808320999146,-0.015112584365084558,0.06390340626239777,-0.16154628992080688,0.009465011859759898,0.06767143309116364,-0.23016983270645142,-0.0020118583007899815,0.0692480057477951,-0.2149859368801117,-0.013445826155617624,0.06744132936000824,-0.1797410249710083,-0.019169435744657903,0.034949660301208496,-0.16996413469314575,0.00893393913142404,0.035674139857292175,-0.24419984221458435,-0.0032855581040678317,0.038316890597343445,-0.21422097086906433,-0.014306271357014566,0.03756338357925415,-0.1745021939277649,-0.017995643337741285,0.008980125188827515,-0.17110711336135864,0.005027111711427779,0.006846874952316284,-0.24387523531913757,-0.005915893615707546,0.013967260718345642,-0.21911001205444336,-0.013078087849095255,0.014229312539100647,-0.17915785312652588,-0.014197073785140901,-0.017922624945640564,-0.16760331392288208,-0.0007401724243720764,-0.016173958778381348,-0.2266678512096405,-0.0075548872365800435,-0.007799670100212097,-0.21540462970733643,-0.009624410328939348,-0.004590421915054321,-0.18484985828399658,-0.009287715797796636
E,0.0,0.0,0.0,0.05031284689903259,-0.02425140142440796,-0.013596752779605481,0.08326488733291626,-0.09406358003616333,-0.014257980631711575,0.06578029692173004,-0.15310883522033691,-0.016390089998068902,0.025501668453216553,-0.1489403247833252,-0.017001257399144265,0.06361980736255646,-0.1605987548828125,0.009357075085816291,0.06716471910476685,-0.22982773184776306,-0.002414520252543184,0.0691608190536499,-0.21617069840431213,-0.014161672564270589,0.06768293678760529,-0.18110352754592896,-0.020094671407761666,0.03476142883300781,-0.16889381408691406,0.008758651902851966,0.03547462821006775,-0.24347752332687378,-0.003791046217131111,0.03825397789478302,-0.21367782354354858,-0.015184736931743714,0.03763662278652191,-0.17394495010375977,-0.019203419918241593,0.008905306458473206,-0.1700439453125,0.004728960683522132,0.006818339228630066,-0.24382439255714417,-0.0065156525280798405,0.01375967264175415,-0.21941202878952026,-0.013995195860090348,0.013804644346237183,-0.17909133434295654,-0.015398693392100427,-0.01809479296207428,-0.1664748191833496,-0.0012021759804810017,-0.016473844647407532,-0.22618842124938965,-0.008379260199191663,-0.00816422700881958,-0.21546128392219543,-0.01080385328275213,-0.0051137953996658325,-0.1847730278968811,-0.01077627588999519
E,0.0,0.0,0.0,0.051270633935928345,-0.023931145668029785,-0.013790086461511919,0.0839967280626297,-0.09573149681091309,-0.013754133684841463,0.06534451246261597,-0.15459859371185303,-0.015001030257252523,0.02477562427520752,-0.1493869423866272,-0.01474620456835396,0.06363818049430847,-0.16105186939239502,0.009518646085354021,0.06784185767173767,-0.22966250777244568,-0.0017025075762546749,0.06939263641834259,-0.2142886519432068,-0.01352684720447428,0.06740717589855194,-0.17931866645812988,-0.01974956001183159,0.034604087471961975,-0.1690692901611328,0.009257481815012625,0.03563110530376434,-0.2437973916530609,-0.0031317145007676572,0.038655996322631836,-0.21475476026535034,-0.015619973270503351,0.03779558837413788,-0.17460167407989502,-0.02058356682798035,0.008508354425430298,-0.17009717226028442,0.005653852512779167,0.00687764585018158,-0.24341735243797302,-0.005318576554117271,0.01449526846408844,-0.21955570578575134,-0.014386152467039892,0.01468096673488617,-0.17883425951004028,-0.017023750199285814,-0.01843234896659851,-0.1664831042289734,0.00019990190369867378,-0.01622427999973297,-0.2257135510444641,-0.006773229772505829,-0.007312953472137451,-0.21499240398406982,-0.010157817593125174,-0.00400109589099884,-0.18404549360275269,-0.011037765620557138
E,0.0,0.0,0.0,0.0513778030872345,-0.023636698722839355,-0.013878930042935167,0.08410497009754181,-0.09591996669769287,-0.013760494682443891,0.06534348428249359,-0.15493088960647583,-0.014933721776557718,0.024811506271362305,-0.14976418018341064,-0.01465134384061173,0.06356355547904968,-0.16154849529266357,0.00943793574397489,0.06764617562294006,-0.2303747832775116,-0.00177967016070113,0.06926494836807251,-0.2154006063938141,-0.013583795781684671,0.06719602644443512,-0.18020689487457275,-0.01975652078117207,0.034494370222091675,-0.16944879293441772,0.009212565925466265,0.03521052002906799,-0.24456077814102173,-0.003170949089778219,0.03836117684841156,-0.21554815769195557,-0.01583375284398869,0.03758208453655243,-0.17516857385635376,-0.020908339563263212,0.008486643433570862,-0.17031174898147583,0.005641673543053116,0.006698712706565857,-0.24390998482704163,-0.005507622528327261,0.014466464519500732,-0.22030547261238098,-0.015052714067948614,0.014745786786079407,-0.17930757999420166,-0.017971939090145383,-0.01838342845439911,-0.16652172803878784,0.00025229988087005495,-0.016303882002830505,-0.22635290026664734,-0.0069669565739758355,-0.0073124319314956665,-0.21581164002418518,-0.010707095879567419,-0.003918081521987915,-0.1845420002937317,-0.01182040261055306
E,0.0,0.0,0.0,0.05115564167499542,-0.023421943187713623,-0.013962712255150223,0.08395479619503021,-0.09660220146179199,-0.013822138425737762,0.06517575681209564,-0.15634292364120483,-0.014967332710355663,0.024117618799209595,-0.15059560537338257,-0.01468514755818262,0.06337015330791473,-0.16277360916137695,0.009312355774611092,0.06681506335735321,-0.23199567198753357,-0.0018205825470687387,0.0686866044998169,-0.21718409657478333,-0.013682017219096565,0.06674498319625854,-0.1818619966506958,-0.01998050801906004,0.03424613177776337,-0.17041993141174316,0.009087657439678765,0.03416413068771362,-0.24541187286376953,-0.0035108440786899564,0.03773777186870575,-0.21642717719078064,-0.016600287635654354,0.036906898021698,-0.17543041706085205,-0.02199774526509657,0.008116334676742554,-0.17109012603759766,0.0055635593600271704,0.005701914429664612,-0.2450905740261078,-0.0055849818744064805,0.01387055218219757,-0.2218140959739685,-0.01561080024096384,0.014061033725738525,-0.18033593893051147,-0.018952637095779323,-0.018916651606559753,-0.16729801893234253,0.00021703928375416126,-0.01774178445339203,-0.22667163610458374,-0.007068365462899351,-0.008251607418060303,-0.2166893184185028,-0.011265318957001114,-0.004552602767944336,-0.18545502424240112,-0.012771704350441837
E,0.0,0.0,0.0,0.05047991871833801,-0.024292171001434326,-0.014122427313225216,0.08316062390804291,-0.09591251611709595,-0.014534789009587712,0.06452600657939911,-0.1545742154121399,-0.016286610497729725,0.023951023817062378,-0.1503688097000122,-0.016605009196894116,0.06334953010082245,-0.16172116994857788,0.008884039835436397,0.06680557131767273,-0.23075193166732788,-0.00261846986842329,0.06814159452915192,-0.21569746732711792,-0.01449051952232594,0.06611515581607819,-0.1800885796546936,-0.020668550266520924,0.03408239781856537,-0.16968733072280884,0.008642650337321811,0.03438475728034973,-0.24462199211120605,-0.0040227643797265955,0.03705503046512604,-0.21467068791389465,-0.016705143137471623,0.03630547225475311,-0.1741393804550171,-0.021725590212838597,0.007927477359771729,-0.17074334621429443,0.005073879973394924,0.005733698606491089,-0.24393624067306519,-0.006127792748259253,0.013081356883049011,-0.21996572613716125,-0.015424365049796052,0.01329164206981659,-0.17892324924468994,-0.01820051564146752,-0.019098013639450073,-0.16716140508651733,-0.0003391849343756803,-0.01772017776966095,-0.22648748755455017,-0.007461588701801247,-0.008948609232902527,-0.21597468852996826,-0.010963839350836224,-0.00544150173664093,-0.1847108006477356,-0.011899528897004075
E,0.0,0.0,0.0,0.05070316791534424,-0.024339735507965088,-0.014257338237356976,0.08345235884189606,-0.09609180688858032,-0.014604144137692288,0.06416381895542145,-0.15448802709579468,-0.0161763162951587,0.02356351912021637,-0.14983516931533813,-0.016250145960938767,0.06280846893787384,-0.16214501857757568,0.008419986474919483,0.06670573353767395,-0.2312133014202118,-0.002870434303176239,0.06746184825897217,-0.2138316035270691,-0.014734217305075958,0.06517606973648071,-0.17798328399658203,-0.021049746651542023,0.03345300257205963,-0.16960924863815308,0.00828121009807603,0.03395523130893707,-0.24451977014541626,-0.004147632852536276,0.03644239902496338,-0.2146262228488922,-0.017120887864720657,0.03553257882595062,-0.17433172464370728,-0.02256000914086087,0.007223144173622131,-0.1702166199684143,0.004877228416162893,0.005172565579414368,-0.24350154399871826,-0.006122910756957367,0.012476399540901184,-0.21951159834861755,-0.01587990612198098,0.012502893805503845,-0.17865383625030518,-0.019098402340304688,-0.019676655530929565,-0.16620010137557983,-0.0003361812169799805,-0.01817162334918976,-0.2255774736404419,-0.007219687909227446,-0.009339436888694763,-0.21480077505111694,-0.010827891867947415,-0.006008312106132507,-0.18350094556808472,-0.011963974092495278
E,0.0,0.0,0.0,0.051099613308906555,-0.02449619770050049,-0.014554670445221518,0.08376055955886841,-0.09684693813323975,-0.015140672579008196,0.06458660960197449,-0.15514063835144043,-0.016955975807803725,0.02315254509449005,-0.14910930395126343,-0.017285466558831786,0.062298357486724854,-0.16322821378707886,0.008694452800256158,0.06594197452068329,-0.23149171471595764,-0.0029593230146645055,0.06765396893024445,-0.2163175344467163,-0.015000642641979312,0.06551048159599304,-0.18076211214065552,-0.021228030688661192,0.03292563557624817,-0.17098474502563477,0.008603788547617341,0.03334169089794159,-0.24503883719444275,-0.0044416090395031915,0.03667573630809784,-0.21551772952079773,-0.017585363603728865,0.035823941230773926,-0.17439711093902588,-0.022814385957616423,0.00666402280330658,-0.17178219556808472,0.005142313994866754,0.004318341612815857,-0.244317889213562,-0.006308328724998091,0.012444734573364258,-0.22134947776794434,-0.016479147962826346,0.012843921780586243,-0.18012738227844238,-0.019750267631906127,-0.020231783390045166,-0.16812396049499512,-0.00015398493357565712,-0.019280314445495605,-0.2268235981464386,-0.007293196294057225,-0.009798303246498108,-0.21693605184555054,-0.011298385813432787,-0.005876228213310242,-0.1856306791305542,-0.012580380208390807
E,0.0,0.0,0.0,0.05079229176044464,-0.02525550127029419,-0.014316595206139482,0.08350256085395813,-0.09699070453643799,-0.01472736527222196,0.06441694498062134,-0.155434250831604,-0.016324645886300004,0.0232456773519516,-0.15102875232696533,-0.01651863292801181,0.06300342082977295,-0.162777841091156,0.008683784818174445,0.06654064357280731,-0.2313717007637024,-0.002752767223967112,0.0688176155090332,-0.21727532148361206,-0.014682777272639669,0.06697967648506165,-0.1825798749923706,-0.020921467850087083,0.0337308794260025,-0.17082709074020386,0.008593245362760626,0.034062013030052185,-0.24551600217819214,-0.004063446121392644,0.037385180592536926,-0.2159784734249115,-0.017077102372525133,0.036415085196495056,-0.1749745011329651,-0.02238975749361316,0.007389947772026062,-0.17172712087631226,0.005220812233062588,0.00519581139087677,-0.2442854344844818,-0.006050061481175817,0.01293693482875824,-0.22113579511642456,-0.015903106937287248,0.01305609941482544,-0.18002945184707642,-0.019076562533257402,-0.019959494471549988,-0.1680925488471985,6.358844683518328e-05,-0.018577873706817627,-0.2270933985710144,-0.007085708947954572,-0.009339138865470886,-0.2172466218471527,-0.010838446254012979,-0.0057860612869262695,-0.18595778942108154,-0.011971914256093896
E,0.0,0.0,0.0,0.050067052245140076,-0.024603843688964844,-0.01373844214873543,0.083071768283844,-0.09584605693817139,-0.013937432255318072,0.06290346384048462,-0.15399926900863647,-0.01529426959501734,0.022032827138900757,-0.14951616525650024,-0.015179578151276019,0.06335414946079254,-0.161726713180542,0.007625267438868377,0.06669770181179047,-0.2320934236049652,-0.0036778235171937013,0.06801155209541321,-0.21424627304077148,-0.015132899332513716,0.06622079014778137,-0.17819428443908691,-0.021173444512953665,0.033759236335754395,-0.16952407360076904,0.007409281626621578,0.03351980447769165,-0.24489253759384155,-0.0050811361816727185,0.03628082573413849,-0.2136356234550476,-0.017548634607067015,0.03557460010051727,-0.17237049341201782,-0.022623858350982573,0.007193341851234436,-0.1700318455696106,0.0040881699587203,0.004537105560302734,-0.2445986270904541,-0.006766101281812098,0.011870235204696655,-0.21998411417007446,-0.015778728697171118,0.012072324752807617,-0.17880821228027344,-0.01857854140149584,-0.02026793360710144,-0.16564452648162842,-0.0009554741500892305,-0.020132631063461304,-0.22497928142547607,-0.007778843335529473,-0.011129617691040039,-0.21455314755439758,-0.011033813405504134,-0.007518202066421509,-0.1835334300994873,-0.011895445111861136
E,0.0,0.0,0.0,0.05039326846599579,-0.02461707592010498,-0.014553625641838153,0.08347265422344208,-0.09665483236312866,-0.014953383749798377,0.06373476982116699,-0.1537104845046997,-0.016485095529333194,0.022870540618896484,-0.1492598056793213,-0.016686287282482226,0.06339965760707855,-0.16265547275543213,0.007777531126066606,0.06616660952568054,-0.23230788111686707,-0.0038522126083080366,0.06776484847068787,-0.21816182136535645,-0.0159647078648959,0.06631918251514435,-0.18280541896820068,-0.022358077152148326,0.0335698127746582,-0.1704699993133545,0.0077572511113430664,0.03296275436878204,-0.2457403838634491,-0.005375336895212968,0.03603662550449371,-0.21749675273895264,-0.01953984474994286,0.03571082651615143,-0.17629987001419067,-0.025796589015499194,0.006920382380485535,-0.17088371515274048,0.004534490366950195,0.003701731562614441,-0.2444506585597992,-0.007059714330807765,0.011290088295936584,-0.22298550605773926,-0.018738287074938853,0.012067541480064392,-0.1817832589149475,-0.023297897113934596,-0.02036060392856598,-0.1664140820503235,-0.0003826816496257379,-0.020816892385482788,-0.2256672978401184,-0.007764218880311091,-0.011692404747009277,-0.2170325219631195,-0.012779437510744174,-0.0074971020221710205,-0.18570029735565186,-0.014987119047418673
E,0.0,0.0,0.0,0.04987555742263794,-0.024301648139953613,-0.014051277913196714,0.08256176114082336,-0.09538447856903076,-0.014408288314982087,0.06341926753520966,-0.15357720851898193,-0.015984479129357965,0.022827833890914917,-0.15025579929351807,-0.0161971689910132,0.0632452666759491,-0.16242122650146484,0.008091022469059794,0.06590062379837036,-0.2320084571838379,-0.003702509939714105,0.06743331253528595,-0.2179383933544159,-0.015570563055618436,0.066069096326828,-0.18208575248718262,-0.02163387441639486,0.033561110496520996,-0.1705174446105957,0.007999846920327514,0.03303252160549164,-0.24565792083740234,-0.004607443954839141,0.03563797473907471,-0.21647119522094727,-0.017048651143952043,0.03546534478664398,-0.17568457126617432,-0.022005013912959726,0.006983071565628052,-0.17086368799209595,0.004648514766202538,0.003947630524635315,-0.24468177556991577,-0.006657375745518834,0.010828956961631775,-0.22146329283714294,-0.015683229804082544,0.011445924639701843,-0.18051016330718994,-0.018316549971743257,-0.020635932683944702,-0.16612839698791504,-0.000468245527983413,-0.0205247700214386,-0.22579360008239746,-0.007827187679751546,-0.01187068223953247,-0.21605879068374634,-0.011178122624798448,-0.00801500678062439,-0.18482089042663574,-0.011904804758771093
E,0.0,0.0,0.0,0.04975295066833496,-0.024826765060424805,-0.013815410680606988,0.08242286741733551,-0.09500676393508911,-0.014214519656732705,0.06241685152053833,-0.1520715355873108,-0.01590794349415603,0.021969929337501526,-0.14881300926208496,-0.016327549017503884,0.06316719949245453,-0.16137659549713135,0.0077807286162823175,0.06583283841609955,-0.23210984468460083,-0.004488644901201155,0.06728659570217133,-0.2177395522594452,-0.0165356865744144,0.06610332429409027,-0.18151849508285522,-0.022582663468554642,0.03341439366340637,-0.16929560899734497,0.007525237963065479,0.03317141532897949,-0.24532285332679749,-0.005779894314244416,0.03557676076889038,-0.21608906984329224,-0.018781209609940674,0.03527645766735077,-0.17465198040008545,-0.023960862554147866,0.006867498159408569,-0.1697874665260315,0.004076398663684699,0.003897562623023987,-0.24453586339950562,-0.007771963499024537,0.010435372591018677,-0.22125136852264404,-0.017330536864236024,0.010903939604759216,-0.17987555265426636,-0.020124005399182465,-0.020676076412200928,-0.16505098342895508,-0.0010510543487072255,-0.021231845021247864,-0.22513261437416077,-0.00882552868081632,-0.012603133916854858,-0.21560713648796082,-0.012478483154907849,-0.00873062014579773,-0.1840386688709259,-0.013256939373448517
E,0.0,0.0,0.0,0.049417927861213684,-0.025349974632263184,-0.014138680128560566,0.08236885070800781,-0.09655052423477173,-0.014749166732833885,0.06184042990207672,-0.15231668949127197,-0.016606544321582817,0.021136000752449036,-0.14769113063812256,-0.017170083886192344,0.06395155191421509,-0.16186589002609253,0.007303149262263275,0.06661936640739441,-0.23255208134651184,-0.005207589538947843,0.06743606925010681,-0.2179756760597229,-0.017452740287588142,0.06604890525341034,-0.1813167929649353,-0.02359278610925486,0.03373412787914276,-0.16957807540893555,0.007089527612372137,0.033624887466430664,-0.24559807777404785,-0.006302649332390331,0.03553272783756256,-0.21666723489761353,-0.01972090377490332,0.03524768352508545,-0.17512595653533936,-0.02526350430230906,0.006721600890159607,-0.16967540979385376,0.0036763744985748303,0.004017725586891174,-0.2446936070919037,-0.00797914265672972,0.010076731443405151,-0.22199410200119019,-0.018046983694837593,0.010523989796638489,-0.18029636144638062,-0.021317589273856186,-0.0211210697889328,-0.16442543268203735,-0.0014403554985236156,-0.022054210305213928,-0.22390145063400269,-0.008785840301023029,-0.013902515172958374,-0.21531188488006592,-0.012674639178619884,-0.010036066174507141,-0.18408024311065674,-0.013788606217310928
E,0.0,0.0,0.0,0.04975622892379761,-0.02636033296585083,-0.014139736288136362,0.08289577066898346,-0.098125159740448,-0.014741552279240011,0.06159001588821411,-0.1535329818725586,-0.016575243540948748,0.020328104496002197,-0.14828062057495117,-0.017103731849140047,0.06514197587966919,-0.16242104768753052,0.006844298697167517,0.068063884973526,-0.2337253987789154,-0.006142442797219871,0.06881293654441833,-0.2197614312171936,-0.018508004241532205,0.06757143139839172,-0.1830330789089203,-0.02452670990759742,0.034554436802864075,-0.17042481899261475,0.006526702798062445,0.034604549407958984,-0.24744337797164917,-0.0073592208632291545,0.03619503974914551,-0.219571053981781,-0.02104529015058887,0.03597263991832733,-0.17723438143730164,-0.026543531783765673,0.007293343544006348,-0.17049837112426758,0.0030091216481267224,0.004440188407897949,-0.2461656928062439,-0.008897744336074709,0.010318264365196228,-0.22481387853622437,-0.01950724630886924,0.011291176080703735,-0.18297773599624634,-0.022944294133132814,-0.020691245794296265,-0.16505730152130127,-0.002185343515968441,-0.021734178066253662,-0.22502213716506958,-0.009503387131637453,-0.013325139880180359,-0.21796143054962158,-0.013717210137194513,-0.008772000670433044,-0.18685632944107056,-0.01495959631437671
E,0.0,0.0,0.0,0.04900665581226349,-0.026909351348876953,-0.013516223433413188,0.08193567395210266,-0.09867870807647705,-0.013896521556176822,0.061486050486564636,-0.15467244386672974,-0.01580126062313525,0.020493581891059875,-0.1494022011756897,-0.016395111012258212,0.0654926598072052,-0.16415822505950928,0.008300405551693757,0.0683777779340744,-0.23522543907165527,-0.004838047458775918,0.06896021962165833,-0.22226020693778992,-0.01727271117547957,0.067731112241745,-0.18540480732917786,-0.023123549672760646,0.034850090742111206,-0.17232823371887207,0.007620697931400855,0.034890055656433105,-0.24923616647720337,-0.006697620174833219,0.036035969853401184,-0.22104093432426453,-0.02029942758659331,0.03595763444900513,-0.17767485976219177,-0.025306405874886195,0.007509589195251465,-0.17214909195899963,0.0036804171716937617,0.004651308059692383,-0.24785509705543518,-0.008438809218802135,0.010443165898323059,-0.22658413648605347,-0.0188761450378081,0.011897087097167969,-0.18409478664398193,-0.02186152003983466,-0.02054135501384735,-0.16632455587387085,-0.0019238733481472536,-0.021633073687553406,-0.22681209444999695,-0.009137299287118594,-0.0132942795753479,-0.22018536925315857,-0.013175240161814372,-0.0082598477602005,-0.1885734498500824,-0.014078476841547172
E,0.0,0.0,0.0,0.04963396489620209,-0.0276796817779541,-0.012986323292750512,0.08226093649864197,-0.09863066673278809,-0.013062512929934655,0.0621696412563324,-0.15538299083709717,-0.014836183245677148,0.02144584059715271,-0.15125149488449097,-0.015200094747740422,0.06661742925643921,-0.16460275650024414,0.009739234615665282,0.06937000155448914,-0.23634129762649536,-0.003558705755892788,0.0692823976278305,-0.22362840175628662,-0.016041445973712598,0.06792239844799042,-0.1869213879108429,-0.02185547487755457,0.03579258918762207,-0.17297834157943726,0.008984998372000064,0.035680681467056274,-0.24969124794006348,-0.005660161338198577,0.03605075180530548,-0.22106608748435974,-0.01890522936304251,0.03622898459434509,-0.17765039205551147,-0.02346031317432562,0.008347809314727783,-0.1731637716293335,0.004870839920442904,0.0055788010358810425,-0.24888825416564941,-0.007641460243064557,0.010682329535484314,-0.226698100566864,-0.017235904428559934,0.012401193380355835,-0.1840316355228424,-0.01939571039696375,-0.019687868654727936,-0.16762328147888184,-0.0009135037166174698,-0.020672671496868134,-0.22755607962608337,-0.008312293756205236,-0.012813165783882141,-0.22010460495948792,-0.011829682122368013,-0.0076208412647247314,-0.1882510483264923,-0.012148981410462056
E,0.0,0.0,0.0,0.049270033836364746,-0.0303841233253479,-0.01442447181582196,0.08132880926132202,-0.10630500316619873,-0.013820866754052474,0.06003263592720032,-0.16049301624298096,-0.014546876473126247,0.019132941961288452,-0.15106475353240967,-0.013546704945859744,0.06474684178829193,-0.16963547468185425,0.011638494508567021,0.06704835593700409,-0.24073272943496704,-0.0005853570092071436,0.0667446106672287,-0.2269124984741211,-0.013286831488606765,0.06518374383449554,-0.18979793787002563,-0.019423073788878753,0.033688560128211975,-0.1788272261619568,0.011779173577430413,0.034312903881073,-0.25595858693122864,-0.001437051969354286,0.0337880402803421,-0.22819775342941284,-0.015758835410473182,0.03303207457065582,-0.18519356846809387,-0.021177009379265144,0.006283700466156006,-0.17893531918525696,0.008301771546008752,0.0034464001655578613,-0.2532545328140259,-0.002918730655459001,0.007925257086753845,-0.23191434144973755,-0.014974123498198821,0.009129852056503296,-0.18940475583076477,-0.018909380471107795,-0.020749561488628387,-0.17225122451782227,0.003023047533112333,-0.02283783257007599,-0.2322659194469452,-0.003337612075505092,-0.015148535370826721,-0.2243225872516632,-0.008143222590682342,-0.009581372141838074,-0.19196853041648865,-0.00971866089641793
E,0.0,0.0,0.0,0.04928833246231079,-0.03200721740722656,-0.015254487897593094,0.08277755975723267,-0.10311281681060791,-0.01675523785813482,0.06012389063835144,-0.15973317623138428,-0.01969276895685823,0.018884018063545227,-0.15813273191452026,-0.02096451042159231,0.06847226619720459,-0.16970530152320862,0.008241030704837726,0.07069100439548492,-0.24561971426010132,-0.006053272317487313,0.06649240851402283,-0.23015925288200378,-0.018980761672693802,0.06502678990364075,-0.19255608320236206,-0.025166298876840187,0.036207348108291626,-0.17850255966186523,0.0078282592265424,0.03670388460159302,-0.25806406140327454,-0.00818623943193586,0.03350210189819336,-0.22599583864212036,-0.022267115916449143,0.034376367926597595,-0.1817273199558258,-0.027041641678053452,0.007771879434585571,-0.1789740025997162,0.00387091337763934,0.005109071731567383,-0.25623711943626404,-0.009875346589225842,0.00809440016746521,-0.2303713858127594,-0.01967014899416597,0.010525166988372803,-0.18642514944076538,-0.021534911970931603,-0.020840458571910858,-0.1723119020462036,-0.0019197529501724375,-0.022066965699195862,-0.23435121774673462,-0.009962860177594735,-0.015333488583564758,-0.2246803641319275,-0.012921225893634869,-0.010082483291625977,-0.19107824563980103,-0.012527878078955723
E,0.0,0.0,0.0,0.048273369669914246,-0.03030294179916382,-0.014868643618243027,0.08079807460308075,-0.1027066707611084,-0.015815455018596936,0.05930300056934357,-0.1581561267375946,-0.018237152620272923,0.01881234347820282,-0.15732622146606445,-0.019211649446802426,0.06646956503391266,-0.17039096355438232,0.007800726667923641,0.0690440684556961,-0.24692094326019287,-0.00633361983956604,0.06500411033630371,-0.23246923089027405,-0.019460048078613568,0.06308625638484955,-0.19445836544036865,-0.025922970398383427,0.03454679250717163,-0.17829304933547974,0.007263253890855026,0.034325674176216125,-0.25943833589553833,-0.008314607217030812,0.03142085671424866,-0.22790253162384033,-0.023025046586113262,0.03244452178478241,-0.18394410610198975,-0.028782467841224957,0.005979724228382111,-0.1781388819217682,0.003286246658248615,0.0034062862396240234,-0.2575988471508026,-0.010358962713794995,0.00632844865322113,-0.23291319608688354,-0.02143149964423685,0.00821329653263092,-0.1888291835784912,-0.02462284035892992,-0.022807389497756958,-0.17090612649917603,-0.0024239020599594596,-0.024474546313285828,-0.23419472575187683,-0.0107507747775486,-0.018298551440238953,-0.22540050745010376,-0.014807325339930344,-0.013912275433540344,-0.19186517596244812,-0.015606781019883442
E,0.0,0.0,0.0,0.048551708459854126,-0.03108769655227661,-0.016516423548196713,0.08216822147369385,-0.10422927141189575,-0.01789940776917831,0.05955222249031067,-0.1613268256187439,-0.020286884854172627,0.018420621752738953,-0.15875914692878723,-0.02068920316789047,0.06664149463176727,-0.1729469895362854,0.007981756006742557,0.06973250210285187,-0.24901026487350464,-0.005338502811824242,0.06333637237548828,-0.2292141318321228,-0.017886508951519886,0.06165516376495361,-0.19053715467453003,-0.02429308253023521,0.03446003794670105,-0.18107908964157104,0.00831626938041552,0.035115644335746765,-0.26180416345596313,-0.0070363620730091725,0.029903888702392578,-0.22802111506462097,-0.021108173529242436,0.030985549092292786,-0.1842430830001831,-0.026153064096902767,0.0055638328194618225,-0.18130269646644592,0.005061058563555321,0.0029603689908981323,-0.25951680541038513,-0.008329462955330769,0.00462176650762558,-0.2328478991985321,-0.018535644511317173,0.006777241826057434,-0.18909022212028503,-0.020876417631839672,-0.023283451795578003,-0.17453095316886902,-0.00011264143223854717,-0.024533137679100037,-0.23780673742294312,-0.00800420413408176,-0.01886250078678131,-0.2271912395954132,-0.01109968009087936,-0.014173634350299835,-0.1932174265384674,-0.011017708803152004
E,0.0,0.0,0.0,0.049621716141700745,-0.033168256282806396,-0.01613591781966761,0.08262354135513306,-0.10699433088302612,-0.01739157534353808,0.05914284288883209,-0.1645200550556183,-0.01972388832979277,0.018240049481391907,-0.1614883840084076,-0.02001424863152579,0.06609447300434113,-0.17410671710968018,0.008741292328011241,0.06904558837413788,-0.25051259994506836,-0.004522194463390861,0.06323492527008057,-0.22919335961341858,-0.016904121107984338,0.062220096588134766,-0.18960753083229065,-0.023104863084483895,0.033592045307159424,-0.18206679821014404,0.008985043660175052,0.033648476004600525,-0.2637791335582733,-0.006072210922468457,0.028940662741661072,-0.2296970784664154,-0.01968688502125815,0.0304127037525177,-0.18574967980384827,-0.024335661746192727,0.004645839333534241,-0.182193785905838,0.005594407365094867,0.0013218969106674194,-0.2602056860923767,-0.007736702292788777,0.0037064626812934875,-0.23274829983711243,-0.01755879244916514,0.006506383419036865,-0.1889829933643341,-0.019513206399608407,-0.02414783090353012,-0.17540335655212402,0.0003116152187772059,-0.025730028748512268,-0.2392176389694214,-0.007485864992816005,-0.019663527607917786,-0.22722727060317993,-0.01023373644017056,-0.014422759413719177,-0.19265460968017578,-0.009815054788816724
E,0.0,0.0,0.0,0.05086623877286911,-0.031454384326934814,-0.015397412388381326,0.08385974913835526,-0.10622352361679077,-0.015508131741341913,0.06233961135149002,-0.16435515880584717,-0.016797558090445364,0.021793566644191742,-0.16035786271095276,-0.016062953195330465,0.06580395251512527,-0.17456063628196716,0.010891292558255827,0.06981759518384933,-0.2499665915966034,-0.00139536956584152,0.06375495344400406,-0.23104584217071533,-0.01319133365785774,0.06206289678812027,-0.19232851266860962,-0.019055342918989027,0.033433251082897186,-0.18268471956253052,0.01098259569818083,0.034208618104457855,-0.26493626832962036,-0.003409549978357518,0.029170669615268707,-0.2318125069141388,-0.016339189058896864,0.0300336554646492,-0.18808162212371826,-0.02031226890420612,0.004724428057670593,-0.18276447057724,0.007393622619304097,0.0017365291714668274,-0.2593817114830017,-0.0053673690769642235,0.0031235143542289734,-0.23305445909500122,-0.014491463697311247,0.005154334008693695,-0.1908198595046997,-0.01591824801897701,-0.023722417652606964,-0.17611414194107056,0.0019210436960861443,-0.02485571801662445,-0.23944932222366333,-0.005069942830857599,-0.019905194640159607,-0.22767740488052368,-0.007018782350030506,-0.015481851994991302,-0.19435417652130127,-0.006106063875165546
E,0.0,0.0,0.0,0.05117867887020111,-0.03175854682922363,-0.014832884638551036,0.08417879045009613,-0.10649365186691284,-0.014954759373310367,0.0636531263589859,-0.16468414664268494,-0.016475271067562858,0.023652896285057068,-0.16002023220062256,-0.0160396840488346,0.06545846164226532,-0.17519554495811462,0.011266342730280599,0.0694839209318161,-0.2513660192489624,-0.00085327568881155,0.06411950290203094,-0.2318429946899414,-0.012597987062278548,0.06259450316429138,-0.192766934633255,-0.018478119379821578,0.03313261270523071,-0.1828838586807251,0.011092731163856229,0.03419749438762665,-0.2652663290500641,-0.0029935176549287235,0.029814019799232483,-0.2312421202659607,-0.01586646550053672,0.030705511569976807,-0.1878323256969452,-0.019960412389579574,0.004355348646640778,-0.18258237838745117,0.007320401624795636,0.0018784254789352417,-0.2604462504386902,-0.004952820117566148,0.003664366900920868,-0.23356008529663086,-0.01386492103988246,0.005423635244369507,-0.19112569093704224,-0.015362143150511542,-0.024223238229751587,-0.1755465567111969,0.0016806130465312208,-0.02521871030330658,-0.23947888612747192,-0.004954616638812581,-0.019848965108394623,-0.2278968095779419,-0.006833370874616662,-0.015393897891044617,-0.19468241930007935,-0.006006417895648042
E,0.0,0.0,0.0,0.05136559158563614,-0.033338963985443115,-0.014262276014179065,0.08396067470312119,-0.10690444707870483,-0.014386894425243213,0.06408942490816116,-0.16475465893745422,-0.01613365976312764,0.024366624653339386,-0.1605587899684906,-0.015949161035806014,0.06464990228414536,-0.1765793263912201,0.012265619577974007,0.06860057264566422,-0.25196701288223267,0.000243691192608253,0.0628485158085823,-0.2304491102695465,-0.011637499799817874,0.060983575880527496,-0.19128847122192383,-0.017613499669224097,0.03239082545042038,-0.1841762661933899,0.011876024061947987,0.032994769513607025,-0.26532062888145447,-0.0020299083663672945,0.028715617954730988,-0.23084676265716553,-0.014821613451331928,0.02961806207895279,-0.18765869736671448,-0.018858571780711486,0.003640316426753998,-0.18371957540512085,0.00790518591007583,0.0009456053376197815,-0.2612653970718384,-0.004254864772647693,0.0027736499905586243,-0.23371389508247375,-0.012738590372592284,0.004496671259403229,-0.1910557746887207,-0.013843420205503776,-0.024771317839622498,-0.1763755977153778,0.002102345449984,-0.02617468684911728,-0.24023085832595825,-0.004479604085773303,-0.020857013761997223,-0.22833847999572754,-0.00590596419000633,-0.016376368701457977,-0.19497784972190857,-0.004573618305713012
E,0.0,0.0,0.0,0.05125410854816437,-0.032421231269836426,-0.015308266134738346,0.084261953830719,-0.10803979635238647,-0.015670013243138214,0.06334398686885834,-0.16673323512077332,-0.01735801119524183,0.02313786745071411,-0.16176193952560425,-0.016963707843601128,0.06474749743938446,-0.17769372463226318,0.011120296454251388,0.06855294108390808,-0.25233760476112366,-0.0010950724610978568,0.0626227855682373,-0.2304898202419281,-0.013105149010002037,0.06120641529560089,-0.1913701295852661,-0.019233856910645386,0.03240510821342468,-0.18497532606124878,0.011036079747796634,0.033529460430145264,-0.266203910112381,-0.003369305843293091,0.028632327914237976,-0.23138189315795898,-0.016250525230347534,0.02980133891105652,-0.1881631314754486,-0.02012771796601953,0.0037163645029067993,-0.18401086330413818,0.007295676412255148,0.0008647441864013672,-0.26082056760787964,-0.004982926046281477,0.0024738460779190063,-0.23410353064537048,-0.013666860388397595,0.004675097763538361,-0.19206959009170532,-0.014855840803861042,-0.024574056267738342,-0.1763904094696045,0.0016118339479049837,-0.025662988424301147,-0.23961707949638367,-0.004771456217198988,-0.02040773630142212,-0.22854137420654297,-0.006334814803480526,-0.015659846365451813,-0.19596990942955017,-0.00517836501988711
E,0.0,0.0,0.0,0.04993193596601486,-0.03435468673706055,-0.014921993860824045,0.0826629027724266,-0.10958421230316162,-0.015122748823685583,0.05972660332918167,-0.1659000813961029,-0.01650973586909288,0.019035466015338898,-0.1608482003211975,-0.01587334825269693,0.06333775073289871,-0.17793765664100647,0.010684472596423689,0.06662724167108536,-0.25297701358795166,-0.0015373120837267606,0.06096849590539932,-0.23188066482543945,-0.013500072905642924,0.05984409898519516,-0.1930050253868103,-0.01959389811925405,0.03086642175912857,-0.1854023039340973,0.010434403171913686,0.0313626304268837,-0.26734980940818787,-0.0037786768803727,0.026872433722019196,-0.23281770944595337,-0.016709176735801634,0.027910031378269196,-0.18897664546966553,-0.020780824037117895,0.0021950677037239075,-0.18459069728851318,0.006633423356490198,-0.0015420690178871155,-0.2609892189502716,-0.005637993017060694,0.0004148036241531372,-0.23377829790115356,-0.014310512604041037,0.0027318671345710754,-0.191926509141922,-0.015554977493209776,-0.026066027581691742,-0.17684677243232727,0.0009766444858740897,-0.027893289923667908,-0.23972398042678833,-0.005335095716489491,-0.022543542087078094,-0.2276107668876648,-0.006555728992296395,-0.017748698592185974,-0.19503119587898254,-0.005203421605600056
E,0.0,0.0,0.0,0.050058797001838684,-0.03589898347854614,-0.014001327487406456,0.08261315524578094,-0.10828447341918945,-0.014436623002168858,0.05854076147079468,-0.1652573049068451,-0.016288483435985768,0.018092423677444458,-0.16192391514778137,-0.01612327239918443,0.062176257371902466,-0.1790366768836975,0.01094412625324992,0.0649307519197464,-0.2529986798763275,-0.0015822303618762135,0.05943410098552704,-0.2297951579093933,-0.013680865908739293,0.05867283046245575,-0.19112011790275574,-0.0198249294559929,0.029715895652770996,-0.18614625930786133,0.010162549172761715,0.029868170619010925,-0.26691335439682007,-0.003818803620291078,0.02585802972316742,-0.23069578409194946,-0.015841448600170338,0.02738088369369507,-0.18783432245254517,-0.01940091132628652,0.0011287480592727661,-0.18486660718917847,0.005891955071362531,-0.0030433088541030884,-0.2600346803665161,-0.006255522290942395,-0.0007438361644744873,-0.23094844818115234,-0.013148532169637406,0.0019520223140716553,-0.18973308801651,-0.013192936698672497,-0.027501150965690613,-0.1762898564338684,-0.00018784267804505816,-0.028895318508148193,-0.23942244052886963,-0.006214584144530022,-0.023374944925308228,-0.22588810324668884,-0.005944589539197409,-0.01860770583152771,-0.19346439838409424,-0.003425164767307365
E,0.0,0.0,0.0,0.04944467544555664,-0.034223079681396484,-0.013297383366875692,0.08027252554893494,-0.10925579071044922,-0.012998302160553976,0.05682721734046936,-0.1652870774269104,-0.014505820973568007,0.016840815544128418,-0.16042742133140564,-0.014287485434465452,0.061240553855895996,-0.17772528529167175,0.01157644701117988,0.06331190466880798,-0.25242799520492554,-0.0014879861108738623,0.059452444314956665,-0.23353689908981323,-0.014038214153401896,0.058411821722984314,-0.19504687190055847,-0.020137839644007727,0.029327407479286194,-0.18398180603981018,0.010605622389562086,0.02921973168849945,-0.26522013545036316,-0.003516362673394724,0.024790003895759583,-0.23159560561180115,-0.01627507868295197,0.025550678372383118,-0.18840301036834717,-0.020528587206058546,0.0009489059448242188,-0.18198594450950623,0.006075943661130623,-0.0031130462884902954,-0.2603793740272522,-0.006090710098646923,-0.0023937076330184937,-0.23408976197242737,-0.014292837745301767,-0.0008231699466705322,-0.19166359305381775,-0.015457156738989397,-0.02761739492416382,-0.1730402708053589,-0.00021320643907074555,-0.02973674237728119,-0.23693832755088806,-0.00635587486510758,-0.02473185956478119,-0.22692298889160156,-0.007632171428554102,-0.019943848252296448,-0.19508522748947144,-0.006550695906184956
E,0.0,0.0,0.0,0.05109868943691254,-0.03523361682891846,-0.012802109212188384,0.082334965467453,-0.11032253503799438,-0.012399194852022788,0.060826197266578674,-0.16940659284591675,-0.013729498811571261,0.02202807366847992,-0.1656215786933899,-0.013015756473450324,0.06353527307510376,-0.17842471599578857,0.012584288514645436,0.067329540848732,-0.25081712007522583,0.0001231855104748547,0.06287255883216858,-0.23014366626739502,-0.012058401570229194,0.06084658205509186,-0.1929299235343933,-0.01786073585650172,0.0320063978433609,-0.1849784255027771,0.011622249990196565,0.033379122614860535,-0.265353262424469,-0.001256009420885107,0.02960541844367981,-0.23418667912483215,-0.0125475154226109,0.03023436665534973,-0.1927987039089203,-0.01560842813601937,0.00375954806804657,-0.18297487497329712,0.007050448007376531,0.0008859485387802124,-0.2595111131668091,-0.00375007800435867,0.0033373385667800903,-0.2358846664428711,-0.010474708021192214,0.005352392792701721,-0.19583696126937866,-0.010595658883957526,-0.02484394609928131,-0.1744125485420227,0.0006489702765435368,-0.025921493768692017,-0.23807623982429504,-0.004224675331769845,-0.020357593894004822,-0.2285352349281311,-0.004089190714566371,-0.016186892986297607,-0.19738218188285828,-0.0018526270022078961
E,0.0,0.0,0.0,0.05532431602478027,-0.04126405715942383,-0.015210260641637774,0.08905138075351715,-0.11372798681259155,-0.016242920425597163,0.06634972989559174,-0.17271506786346436,-0.0190883511722717,0.027682870626449585,-0.1735428273677826,-0.01973427925712201,0.07030431926250458,-0.1787928342819214,0.014850363130804567,0.0742800384759903,-0.245519757270813,0.0025942374441143556,0.06723329424858093,-0.2205037772655487,-0.010568168018821211,0.06472249329090118,-0.1857680082321167,-0.01754147280460927,0.03848457336425781,-0.186428964138031,0.01465019955777791,0.0422065407037735,-0.26248788833618164,0.00037702082319412966,0.03520289063453674,-0.23361721634864807,-0.013567691673401328,0.03416745364665985,-0.192843496799469,-0.018072321084204646,0.0095883309841156,-0.1858501434326172,0.010459522712167768,0.008040472865104675,-0.2588982582092285,-0.0014215982564422802,0.00899989902973175,-0.23764413595199585,-0.010522669185760947,0.011295661330223083,-0.19709649682044983,-0.011603463445666762,-0.01873120665550232,-0.17841836810112,0.004233756098088293,-0.019404157996177673,-0.23970425128936768,-0.0007860200175713317,-0.014676377177238464,-0.23217391967773438,-0.001954705458942385,-0.01107606291770935,-0.2015811800956726,-0.0003061005308921949
E,0.0,0.0,0.0,0.05521509051322937,-0.03239527344703674,-0.011601600538085677,0.08850215375423431,-0.10337403416633606,-0.010855513366948344,0.0688084214925766,-0.16235855221748352,-0.011733989904712416,0.032815009355545044,-0.16664710640907288,-0.011070500801395156,0.07147073745727539,-0.16765877604484558,0.010912693363536619,0.07907514274120331,-0.2365693747997284,-3.093929666420081e-05,0.07359978556632996,-0.21205028891563416,-0.011321909467767455,0.0695742517709732,-0.17587068676948547,-0.01699336126733897,0.04059255123138428,-0.17730730772018433,0.00997364639948728,0.04638469219207764,-0.25747281312942505,-0.0012465764052080885,0.042066559195518494,-0.22564610838890076,-0.012179570945988871,0.03982734680175781,-0.18456104397773743,-0.015467327761541583,0.012427225708961487,-0.1787392497062683,0.00590503940071585,0.012272834777832031,-0.250306099653244,-0.0029174447740274445,0.0154571533203125,-0.2258104681968689,-0.009850311766456343,0.0157635360956192,-0.18730872869491577,-0.010750173333178736,-0.015970855951309204,-0.17414480447769165,0.00023034473593952498,-0.015213459730148315,-0.2369849681854248,-0.0028286117344009654,-0.00938984751701355,-0.22557798027992249,-0.002137067469845988,-0.007574141025543213,-0.194288969039917,-6.098166016954565e-05
E,0.0,0.0,0.0,0.055923134088516235,-0.030720263719558716,-0.010984058243693084,0.08888746798038483,-0.10034003853797913,-0.009118570697964401,0.07029004395008087,-0.15941369533538818,-0.009146944371522636,0.03580451011657715,-0.16512969136238098,-0.007764040244282455,0.07355998456478119,-0.1633211076259613,0.014337754125236302,0.08215808868408203,-0.23119384050369263,0.0042337526255238345,0.07695139944553375,-0.21341174840927124,-0.006763561846227617,0.07256917655467987,-0.17946472764015198,-0.012196337556005687,0.0429297536611557,-0.1736430525779724,0.013600524763106137,0.05019061267375946,-0.25163285434246063,0.0022409313977647116,0.045325905084609985,-0.22368580102920532,-0.010087925692559452,0.04232846200466156,-0.18272262811660767,-0.014173201968432636,0.014883846044540405,-0.17617860436439514,0.00964124711835268,0.016234010457992554,-0.24610790610313416,0.0006072739642064562,0.01862753927707672,-0.22568577527999878,-0.008802414623559685,0.018332093954086304,-0.18759116530418396,-0.011205002417327137,-0.01347661018371582,-0.17265945672988892,0.004200342825143366,-0.011348292231559753,-0.23349499702453613,0.0012889554644885948,-0.005454197525978088,-0.22607028484344482,0.00020390830549388284,-0.003420904278755188,-0.19641467928886414,0.0009598813056896915
E,0.0,0.0,0.0,0.05609266459941864,-0.02915889024734497,-0.009526672881882803,0.08859743177890778,-0.09955045580863953,-0.006555430699926035,0.07128645479679108,-0.1590835154056549,-0.005690036916028873,0.035702794790267944,-0.1624259352684021,-0.0036676438682192725,0.07330630719661713,-0.16260841488838196,0.015719118419248446,0.08112207055091858,-0.2304409146308899,0.006402226521778687,0.07672291994094849,-0.2158837616443634,-0.004289144293259994,0.07248465716838837,-0.183109849691391,-0.009631533284526483,0.04332640767097473,-0.17187613248825073,0.01476860501166044,0.04991535842418671,-0.24851948022842407,0.004337985891062601,0.045750513672828674,-0.22242200374603271,-0.007970442172926084,0.04331140220165253,-0.18176349997520447,-0.012505545389693395,0.015107065439224243,-0.17327404022216797,0.0107363861828631,0.015997037291526794,-0.24435555934906006,0.002529493424255236,0.01862625777721405,-0.2271413803100586,-0.007840227444511072,0.018275901675224304,-0.18902090191841125,-0.011344521415274755,-0.014052152633666992,-0.1690964698791504,0.0053440675913876134,-0.012191221117973328,-0.23128429055213928,0.002464087105501278,-0.005430892109870911,-0.22828474640846252,-0.00014673428781719622,-0.0024459511041641235,-0.20057642459869385,-0.0008193596073837739
E,0.0,0.0,0.0,0.056262046098709106,-0.02899259328842163,-0.010183464119933205,0.08891884982585907,-0.10273236036300659,-0.006635139546148139,0.07066449522972107,-0.16237151622772217,-0.005027504487685519,0.032920658588409424,-0.16033628582954407,-0.0023453725397359904,0.07308924198150635,-0.1606467366218567,0.016003440750040454,0.08009766042232513,-0.22842270135879517,0.006905018036462707,0.07729238271713257,-0.21818915009498596,-0.00423099271839078,0.07324889302253723,-0.1847723126411438,-0.00981180401404913,0.04298846423625946,-0.16964274644851685,0.0154869516019005,0.04707549512386322,-0.24598509073257446,0.005941562504716558,0.0450420081615448,-0.22644942998886108,-0.007511433995119887,0.043115079402923584,-0.1858624517917633,-0.013435063267849046,0.014798954129219055,-0.17081570625305176,0.011796153766312045,0.01422068476676941,-0.24214932322502136,0.003972492330916566,0.018048077821731567,-0.23079398274421692,-0.00857356594761427,0.018276512622833252,-0.1926039457321167,-0.013965070563159543,-0.01436951756477356,-0.16684305667877197,0.006694497690745038,-0.012590423226356506,-0.22898907959461212,0.003698013640217823,-0.005821645259857178,-0.22968783974647522,-0.0006343026424531217,-0.002433687448501587,-0.2027590423822403,-0.0028882730647694643
E,0.0,0.0,0.0,0.05685386061668396,-0.026976048946380615,-0.010565297744093982,0.09017820656299591,-0.1015276312828064,-0.006216459507911054,0.07356099784374237,-0.1628657877445221,-0.0036290970825092472,0.03592213988304138,-0.1591128408908844,0.00010667123520136101,0.07360294461250305,-0.15757206082344055,0.01744203262883559,0.08154092729091644,-0.2235458940267563,0.00846691236752406,0.07969744503498077,-0.21477431058883667,-0.0028829801090495266,0.07539969682693481,-0.18105867505073547,-0.008509480460404006,0.044053852558135986,-0.16653645038604736,0.01741756864744559,0.04872310161590576,-0.24233105778694153,0.008069308408678921,0.047588080167770386,-0.22528836131095886,-0.006090425020872203,0.04570060968399048,-0.18495965003967285,-0.012555536880014984,0.016279488801956177,-0.16786932945251465,0.014025790550888928,0.01589125394821167,-0.23854008316993713,0.005548688982756289,0.020484715700149536,-0.23004655539989471,-0.008777017771123496,0.021041929721832275,-0.1918068379163742,-0.015254892474828807,-0.012516692280769348,-0.16431587934494019,0.009272918970467003,-0.01099725067615509,-0.2254450023174286,0.005015111462356003,-0.003396064043045044,-0.22771479189395905,-0.001323719109265653,0.0010134875774383545,-0.2012181133031845,-0.0049671778183864035
E,0.0,0.0,0.0,0.05582129955291748,-0.02565664052963257,-0.01275606986898481,0.08997082710266113,-0.09868869185447693,-0.008915386840882888,0.07599520683288574,-0.161156564950943,-0.006673965815636507,0.038838937878608704,-0.1642816960811615,-0.0032464836055368096,0.0742231011390686,-0.15491428971290588,0.01866491443645657,0.08247321844100952,-0.221490278840065,0.008555270053264508,0.08134259283542633,-0.2177998274564743,-0.0043498936371833,0.07759878039360046,-0.185130774974823,-0.011099436998549095,0.04446394741535187,-0.1640094816684723,0.01962047374975384,0.048863768577575684,-0.23834781348705292,0.007276108741578469,0.04765129089355469,-0.22357499599456787,-0.01090089206415712,0.046683356165885925,-0.1841030716896057,-0.02023448676634132,0.016905948519706726,-0.16631251573562622,0.016796431757327923,0.017870739102363586,-0.23559194803237915,0.0049010592250198215,0.02151896059513092,-0.2301514744758606,-0.014587696388545623,0.021491438150405884,-0.19120630621910095,-0.02442190677690803,-0.011012792587280273,-0.1644521951675415,0.012661816805419335,-0.00922366976737976,-0.2234494984149933,0.0051997525354892105,-0.0026710182428359985,-0.2263278067111969,-0.005503381349328151,0.001648053526878357,-0.1987432837486267,-0.012315105393710724
E,0.0,0.0,0.0,0.05574457347393036,-0.02583080530166626,-0.014028984670133582,0.09050285816192627,-0.09825354814529419,-0.011525543023438445,0.07248210906982422,-0.1588515043258667,-0.010254383635313502,0.03284277021884918,-0.15935778617858887,-0.007668020751864901,0.07613015174865723,-0.15402206778526306,0.01636174732020379,0.08298987150192261,-0.22241976857185364,0.005799509502409705,0.08180660009384155,-0.21838386356830597,-0.007089046843887559,0.07870742678642273,-0.1854669153690338,-0.013825313736290923,0.04546597599983215,-0.16394978761672974,0.017305763821511277,0.04908362030982971,-0.23933923244476318,0.004812822129039773,0.047686636447906494,-0.22134390473365784,-0.012503053609819403,0.04638175666332245,-0.18141904473304749,-0.021120147396416655,0.01758153736591339,-0.1669503152370453,0.014485015917031774,0.017924100160598755,-0.23618118464946747,0.002572598784624347,0.02193950116634369,-0.2251153141260147,-0.015034573700816622,0.021722182631492615,-0.1851544976234436,-0.023493177805633536,-0.010648667812347412,-0.1654185652732849,0.010177640627532014,-0.009308099746704102,-0.22463315725326538,0.002683515577970752,-0.0026919692754745483,-0.2223341166973114,-0.006170003757418385,0.000992417335510254,-0.19214490056037903,-0.011441023637146941
E,0.0,0.0,0.0,0.05718067288398743,-0.023618429899215698,-0.012989834151781565,0.09336972236633301,-0.09618943929672241,-0.011597794681406981,0.07695908844470978,-0.161080002784729,-0.01126376373282767,0.03782482445240021,-0.1627938449382782,-0.009618236884094244,0.07635456323623657,-0.1552412211894989,0.01036533972659015,0.08417904376983643,-0.2242206186056137,-0.0005900388030255499,0.0821944922208786,-0.2145199179649353,-0.01238627565614081,0.07874442636966705,-0.18108031153678894,-0.018836693107701308,0.04621665179729462,-0.16636383533477783,0.010446386211000913,0.05169861018657684,-0.24478495121002197,-0.0018455475481147232,0.04971463978290558,-0.2243576943874359,-0.015286013684786326,0.046416327357292175,-0.18375268578529358,-0.021038589268542296,0.01804661750793457,-0.16925740242004395,0.007319622937970394,0.018304437398910522,-0.2427879273891449,-0.002938993708781368,0.02193722128868103,-0.2285783290863037,-0.01499550437144137,0.021342813968658447,-0.18935102224349976,-0.019982594266153342,-0.010351389646530151,-0.1663421392440796,0.0026032459311267075,-0.009383827447891235,-0.2264406383037567,-0.0033475439675072494,-0.0028602182865142822,-0.22403019666671753,-0.008995782784737116,0.00021454691886901855,-0.1962413787841797,-0.012004216402388579
E,0.0,0.0,0.0,0.05752202868461609,-0.023824602365493774,-0.012072150734098841,0.09295560419559479,-0.09997335076332092,-0.009926824037762572,0.07584549486637115,-0.1640157401561737,-0.009030599285694052,0.03534190356731415,-0.16348648071289062,-0.00660267579260676,0.07496622204780579,-0.1630481481552124,0.011346743303505491,0.08366326987743378,-0.23291069269180298,0.0016361702942901957,0.0810147076845169,-0.2179977297782898,-0.008668682676585604,0.0771968811750412,-0.1835019588470459,-0.014156578247281004,0.044034332036972046,-0.17416417598724365,0.010927040922609876,0.049203112721443176,-0.25359106063842773,-0.0008657606889812541,0.04803074896335602,-0.2280065417289734,-0.012889787693353583,0.04494208097457886,-0.18609079718589783,-0.017190574806960512,0.015444830060005188,-0.1764487624168396,0.007413083548811983,0.01579342782497406,-0.25116610527038574,-0.0027636977833083165,0.02101166546344757,-0.23145654797554016,-0.013256540660592009,0.020663142204284668,-0.19099724292755127,-0.016636722859772135,-0.013021573424339294,-0.1730126440525055,0.00238925484117658,-0.011663168668746948,-0.2349168360233307,-0.0030916562758704913,-0.004421129822731018,-0.22883103787899017,-0.00708508505377381,-0.0017801374197006226,-0.19898486137390137,-0.008528689061137129
E,0.0,0.0,0.0,0.05936403572559357,-0.026537954807281494,-0.012286359676338066,0.09407642483711243,-0.10325929522514343,-0.010661143110311855,0.07653413712978363,-0.16888153553009033,-0.010452951536692012,0.03605841100215912,-0.16953954100608826,-0.008695701369262565,0.0740155279636383,-0.1686069667339325,0.011043780251227986,0.08194181323051453,-0.24006614089012146,0.0010117017671547046,0.0789208859205246,-0.22478124499320984,-0.009660305687404502,0.0751219391822815,-0.19017386436462402,-0.015640815020717014,0.0428316593170166,-0.17934492230415344,0.010333131766699921,0.047201260924339294,-0.2613680809736252,-0.0018985911730595717,0.046164676547050476,-0.23416218161582947,-0.013838867888964046,0.04336167871952057,-0.1917797327041626,-0.017987319500363697,0.014128223061561584,-0.18114539980888367,0.006520578871302973,0.01330655813217163,-0.2582094222307205,-0.003654385683304895,0.01877520978450775,-0.23713833093643188,-0.013162368209279407,0.018668457865715027,-0.19611790776252747,-0.01585324038676106,-0.014254242181777954,-0.1763901710510254,0.001063402742900621,-0.014458328485488892,-0.23886343836784363,-0.00450595910585605,-0.0066297054290771484,-0.23229309916496277,-0.007986423791564334,-0.003534272313117981,-0.20228254795074463,-0.009017113828278411
E,0.0,0.0,0.0,0.058599427342414856,-0.029001891613006592,-0.013884254081190761,0.09302324056625366,-0.10762882232666016,-0.013723249828458961,0.07332086563110352,-0.17296800017356873,-0.014908773174525436,0.03085710108280182,-0.17254424095153809,-0.014568447416664299,0.07149535417556763,-0.17466774582862854,0.008501856306551758,0.07869097590446472,-0.24668839573860168,-0.0027961142379950843,0.07696714997291565,-0.22914844751358032,-0.014962713515402015,0.07418514788150787,-0.19389668107032776,-0.02222969783657902,0.040214791893959045,-0.18476668000221252,0.007762245086937014,0.04380147159099579,-0.26732712984085083,-0.005221050979585584,0.043446630239486694,-0.23853421211242676,-0.018024489564837154,0.041292548179626465,-0.19562691450119019,-0.023180913461388286,0.01097559928894043,-0.1855992078781128,0.003820580614714686,0.00969424843788147,-0.2648739814758301,-0.006692169981093343,0.015710070729255676,-0.2426518201828003,-0.016289118958653148,0.015982016921043396,-0.19968950748443604,-0.019388543723167118,-0.01754806935787201,-0.1791343092918396,-0.0019694662671696506,-0.017653435468673706,-0.24258992075920105,-0.007936167811990913,-0.00939205288887024,-0.23592323064804077,-0.011627350283802684,-0.006027668714523315,-0.2050565779209137,-0.013072299120963748
E,0.0,0.0,0.0,0.05797910690307617,-0.030877768993377686,-0.01449899747335337,0.0919596254825592,-0.10980597138404846,-0.015184471377367004,0.07131485641002655,-0.17436134815216064,-0.017254688770705684,0.02797900140285492,-0.17158526182174683,-0.01760307978206299,0.06995859742164612,-0.1797245442867279,0.0077803167577741306,0.07659512758255005,-0.25368577241897583,-0.004156327800089343,0.07520401477813721,-0.23210275173187256,-0.01664919126146458,0.07315446436405182,-0.1954347789287567,-0.02405811007433556,0.03841036558151245,-0.18918302655220032,0.006830242934441344,0.0416254997253418,-0.2729034423828125,-0.0067373635184111436,0.04157362878322601,-0.2410460114479065,-0.01925285253041409,0.04006129503250122,-0.19776326417922974,-0.023880370886260494,0.008751273155212402,-0.18892312049865723,0.002604096435746328,0.007024258375167847,-0.26995009183883667,-0.008256096386546119,0.01341293752193451,-0.2450999915599823,-0.016736618236834033,0.01414451003074646,-0.2016478180885315,-0.01875628809743546,-0.020135462284088135,-0.18112051486968994,-0.0035907332722189267,-0.020600751042366028,-0.24548637866973877,-0.009536114515000804,-0.012018918991088867,-0.237412691116333,-0.012159228318566306,-0.008389860391616821,-0.206110417842865,-0.012572789558404907
E,0.0,0.0,0.0,0.05490104854106903,-0.03311276435852051,-0.01261122574604201,0.08780615031719208,-0.11453330516815186,-0.012490036464697596,0.06886963546276093,-0.17708224058151245,-0.013569218605226752,0.025783613324165344,-0.16750779747962952,-0.012457673936552283,0.06554055213928223,-0.18391600251197815,0.008091707215243105,0.0702255517244339,-0.26083874702453613,-0.004063867996848103,0.06845507025718689,-0.23211544752120972,-0.016510135992831465,0.06727631390094757,-0.1907421350479126,-0.023477224200433966,0.03414139151573181,-0.19180095195770264,0.006518742967926983,0.036921098828315735,-0.2784452736377716,-0.0055122645901803935,0.03575208783149719,-0.23838263750076294,-0.014862247310048815,0.035210832953453064,-0.19300013780593872,-0.017108661621278998,0.005519062280654907,-0.19053417444229126,0.0017042457727427518,0.0032098591327667236,-0.27107539772987366,-0.0073270844625596965,0.009455963969230652,-0.24042043089866638,-0.011983307577139612,0.011321797966957092,-0.19695764780044556,-0.011544365003175017,-0.02176189422607422,-0.182872474193573,-0.005175566799408671,-0.022114798426628113,-0.24871009588241577,-0.009788181200093504,-0.014135226607322693,-0.23547431826591492,-0.009220874435669657,-0.010098472237586975,-0.20238947868347168,-0.0073098237956230605
E,0.0,0.0,0.0,0.055841222405433655,-0.03606116771697998,-0.013379143753880385,0.08842946588993073,-0.1162409782409668,-0.014920063519710425,0.06446945667266846,-0.17618051171302795,-0.01803840437703741,0.02106638252735138,-0.17053160071372986,-0.019427159072691325,0.0616910457611084,-0.18619245290756226,0.00457164112678754,0.06565840542316437,-0.2644231617450714,-0.00963158273869169,0.066642627120018,-0.23979642987251282,-0.023159817995363596,0.0658988356590271,-0.20029261708259583,-0.030805123241478327,0.02999989688396454,-0.19300714135169983,0.00251000005020785,0.0312366783618927,-0.2811163067817688,-0.01204202530705345,0.033282890915870667,-0.2453365921974182,-0.023998837189608935,0.032848283648490906,-0.199876070022583,-0.028410160185629252,0.0007993876934051514,-0.19086578488349915,-0.0026751060205043586,-0.0033971965312957764,-0.27713894844055176,-0.013723128678137186,0.00488165020942688,-0.24812409281730652,-0.020297684909635905,0.007166668772697449,-0.202237069606781,-0.02123170273178232,-0.02739603817462921,-0.1814887821674347,-0.009818352961772803,-0.030281826853752136,-0.24799785017967224,-0.01601837875121248,-0.020116478204727173,-0.23845145106315613,-0.017653548361593607,-0.01458267867565155,-0.20667779445648193,-0.017425612749391917
E,0.0,0.0,0.0,0.055898070335388184,-0.03516566753387451,-0.013759127187682907,0.08895182609558105,-0.1164088249206543,-0.015218076597108166,0.06549766659736633,-0.177839994430542,-0.018142739611818115,0.021553441882133484,-0.1692315936088562,-0.019224325495912353,0.06113407015800476,-0.19071906805038452,0.0045115316071075995,0.06401370465755463,-0.2679160237312317,-0.00887207996393613,0.06605398654937744,-0.239060640335083,-0.022028761285497467,0.0657879114151001,-0.20066124200820923,-0.029797043952299873,0.029958799481391907,-0.19667315483093262,0.0024985800747288067,0.02981296181678772,-0.28372469544410706,-0.01152830973560981,0.033494606614112854,-0.24472373723983765,-0.022769466343476097,0.03364342451095581,-0.20044627785682678,-0.026616575497342865,0.0008856505155563354,-0.19337207078933716,-0.002574405235378663,-0.004432082176208496,-0.2783167362213135,-0.013105670291139404,0.005242794752120972,-0.24724632501602173,-0.018473757731868545,0.007515162229537964,-0.2023584544658661,-0.018560612875177185,-0.02774585783481598,-0.183060884475708,-0.009699236902548591,-0.030358850955963135,-0.24962326884269714,-0.01547716401810817,-0.019482970237731934,-0.23816955089569092,-0.01601051755542926,-0.014744237065315247,-0.20621320605278015,-0.014886382336868564
E,0.0,0.0,0.0,0.054903581738471985,-0.03567171096801758,-0.013801261093874473,0.08738686144351959,-0.1148061752319336,-0.015557277258892555,0.0651031881570816,-0.17625176906585693,-0.01896943362470438,0.021462976932525635,-0.16805273294448853,-0.020608121771772403,0.05868269503116608,-0.19299641251564026,0.005035431813041669,0.061660364270210266,-0.2699527144432068,-0.008120379653234977,0.06393750011920929,-0.24101054668426514,-0.02133287327404787,0.0628887265920639,-0.202195405960083,-0.029117336739261646,0.027911826968193054,-0.19846183061599731,0.0030879424787713106,0.0271587073802948,-0.28383415937423706,-0.010270281006057758,0.031918689608573914,-0.2436467409133911,-0.02158767381723692,0.032362550497055054,-0.20030677318572998,-0.025763605032523174,-0.0008087456226348877,-0.19440850615501404,-0.001917198892158467,-0.00623774528503418,-0.2780642807483673,-0.011754815709252853,0.004170417785644531,-0.24642929434776306,-0.017042542118986148,0.006100490689277649,-0.20190304517745972,-0.01739154966588785,-0.02941666543483734,-0.18301713466644287,-0.009021483604271907,-0.0320005863904953,-0.24890130758285522,-0.014190728087385196,-0.020691588521003723,-0.23734760284423828,-0.014492657278140086,-0.01599043607711792,-0.20575779676437378,-0.013367038462718028
E,0.0,0.0,0.0,0.05447320640087128,-0.036062657833099365,-0.013205512937091157,0.08574990928173065,-0.1156308650970459,-0.014638510111652181,0.06275592744350433,-0.17623037099838257,-0.017952716488323972,0.019698351621627808,-0.1683216094970703,-0.019658659163795278,0.05660206079483032,-0.19276198744773865,0.005687603216685488,0.058811187744140625,-0.27125081419944763,-0.007937797855518625,0.061478570103645325,-0.24413573741912842,-0.021156717602096364,0.061030372977256775,-0.20493733882904053,-0.02866989052661495,0.025741398334503174,-0.19744881987571716,0.0033131718654857423,0.024755120277404785,-0.28340914845466614,-0.011309706184945867,0.0301072895526886,-0.24345552921295166,-0.02313145487376289,0.030835404992103577,-0.19928669929504395,-0.027136700738154218,-0.0025996118783950806,-0.19335228204727173,-0.002135035626523063,-0.00823509693145752,-0.27724912762641907,-0.013062301602147386,0.002480641007423401,-0.24570900201797485,-0.01862204684682922,0.004751294851303101,-0.20129793882369995,-0.018702999267659948,-0.031008347868919373,-0.18247848749160767,-0.009602280843935773,-0.03391920030117035,-0.248356431722641,-0.01539376335956888,-0.02280844748020172,-0.2367221713066101,-0.01575533724196987,-0.018276110291481018,-0.2052471935749054,-0.014374839652262494
E,0.0,0.0,0.0,0.054056376218795776,-0.03648054599761963,-0.014325837065584324,0.08471161127090454,-0.1151617169380188,-0.015952444096214435,0.060736700892448425,-0.17548102140426636,-0.019192144666916988,0.017671510577201843,-0.16712325811386108,-0.020696202685243748,0.055191606283187866,-0.1925702691078186,0.005303813683681824,0.057809486985206604,-0.27023839950561523,-0.008197435570068023,0.05905596911907196,-0.23894807696342468,-0.021288557370311878,0.057554394006729126,-0.1994565725326538,-0.028751872872120998,0.024123981595039368,-0.19801360368728638,0.003391766295649745,0.02309374511241913,-0.28341037034988403,-0.011387859863347671,0.027251332998275757,-0.2394719421863556,-0.0234665166783401,0.0279109925031662,-0.1954616904258728,-0.02746732013405051,-0.004310399293899536,-0.1940874457359314,-0.0016333517116748908,-0.009963065385818481,-0.27595585584640503,-0.012915877086228988,-0.00017754733562469482,-0.24150869250297546,-0.01875406542897906,0.0018944740295410156,-0.19757318496704102,-0.018796107192642353,-0.032911479473114014,-0.18276727199554443,-0.00866728315234866,-0.03557366132736206,-0.2482197880744934,-0.014084963520176075,-0.024858102202415466,-0.23419612646102905,-0.013895455208725593,-0.020456552505493164,-0.20227652788162231,-0.012131644805080555
E,0.0,0.0,0.0,0.05428057909011841,-0.03570282459259033,-0.014715367823541214,0.08544683456420898,-0.11634355783462524,-0.016308724775612404,0.0596589595079422,-0.17723292112350464,-0.019235091179311326,0.016738668084144592,-0.16801351308822632,-0.02033328068226581,0.05434529483318329,-0.19147640466690063,0.004440106556117485,0.05632436275482178,-0.27024000883102417,-0.009398971579670956,0.058253541588783264,-0.23907515406608582,-0.022365946218073418,0.05703079700469971,-0.19903349876403809,-0.029583478241860917,0.023208603262901306,-0.19620460271835327,0.002766894979700396,0.02125684916973114,-0.2835812568664551,-0.012709611922204544,0.02635808289051056,-0.24059033393859863,-0.024927267700135758,0.026960164308547974,-0.19536560773849487,-0.028732500865757515,-0.004838615655899048,-0.19271689653396606,-0.0020366889775544905,-0.011507183313369751,-0.2749364972114563,-0.014207694574892571,-0.0009738355875015259,-0.24109399318695068,-0.02054600407153373,0.0013677030801773071,-0.1970859169960022,-0.02061444696754222,-0.03347983956336975,-0.18268704414367676,-0.008793508529365113,-0.03688734769821167,-0.24808728694915771,-0.014988397143483212,-0.025760680437088013,-0.23338854312896729,-0.015296957350969365,-0.021059125661849976,-0.2011716365814209,-0.013719958148598721
E,0.0,0.0,0.0,0.054567620158195496,-0.036656856536865234,-0.015060284549377911,0.08535987138748169,-0.11854922771453857,-0.016884058156989568,0.058111682534217834,-0.17880278825759888,-0.019841892087839597,0.015095874667167664,-0.16709572076797485,-0.020807394200943463,0.0536506325006485,-0.19243407249450684,0.003185656245790369,0.05602674186229706,-0.2691490054130554,-0.010196078943096154,0.05832602083683014,-0.23412752151489258,-0.02333510425128793,0.05674862861633301,-0.19331127405166626,-0.031042524987839215,0.02213233709335327,-0.1961614489555359,0.0015543712982832858,0.02002739906311035,-0.28255695104599,-0.012758423948667996,0.025718554854393005,-0.2383418083190918,-0.02495459784009313,0.026842832565307617,-0.19350850582122803,-0.02936734017171716,-0.006463825702667236,-0.19124478101730347,-0.003122505640618556,-0.013348042964935303,-0.27378565073013306,-0.013766060957692616,-0.0017738938331604004,-0.24107426404953003,-0.020382075944922917,0.001164078712463379,-0.19693821668624878,-0.021359206551693433,-0.035207152366638184,-0.17987948656082153,-0.009851121718071454,-0.03848649561405182,-0.24480193853378296,-0.014819671774290555,-0.026446014642715454,-0.23259004950523376,-0.015390558542691224,-0.02134433388710022,-0.20153802633285522,-0.014580291138969415
E,0.0,0.0,0.0,0.053070276975631714,-0.03921395540237427,-0.015586894572919618,0.08389405906200409,-0.11838126182556152,-0.01875086185449959,0.058386996388435364,-0.17793941497802734,-0.023224924327081453,0.015519604086875916,-0.16612547636032104,-0.02570628059024216,0.05214717984199524,-0.19314926862716675,0.003149425742009271,0.053681328892707825,-0.2683677673339844,-0.011903793187087786,0.056406229734420776,-0.23486757278442383,-0.026292421491092455,0.05583970248699188,-0.19215905666351318,-0.03415133674556614,0.020683184266090393,-0.196672260761261,0.0015311690659984833,0.01821175217628479,-0.2800338864326477,-0.013310331487303984,0.02410663664340973,-0.2375030517578125,-0.02558558490986229,0.0256873220205307,-0.19264155626296997,-0.029981637940949213,-0.0077964067459106445,-0.1918620467185974,-0.0033705172680527085,-0.015099361538887024,-0.27296099066734314,-0.014631582991427194,-0.0034798234701156616,-0.2410198152065277,-0.020827951477116358,-0.00019349157810211182,-0.19676107168197632,-0.02139125821108223,-0.036912381649017334,-0.1802150011062622,-0.010447667547708761,-0.03991788625717163,-0.24670231342315674,-0.01621138920003773,-0.027813538908958435,-0.2333749234676361,-0.01626372394079567,-0.022305920720100403,-0.2001761794090271,-0.014729365342503797
E,0.0,0.0,0.0,0.053666919469833374,-0.037829458713531494,-0.01616863210311692,0.08361586928367615,-0.12182068824768066,-0.01868701402655404,0.05530071258544922,-0.1797088384628296,-0.02221496452203553,0.01171991229057312,-0.1641988754272461,-0.023249891145141532,0.05178454518318176,-0.1936706304550171,0.0033466738872363067,0.05351310968399048,-0.2683626413345337,-0.011379397032769134,0.05678743124008179,-0.23224666714668274,-0.025100755063803604,0.05623844265937805,-0.18892085552215576,-0.032561552269370964,0.020227208733558655,-0.19742822647094727,0.0020306594427808022,0.017636314034461975,-0.28133806586265564,-0.013020984387011936,0.023633316159248352,-0.23690810799598694,-0.024443345634253433,0.02455224096775055,-0.1898518204689026,-0.027841281635673454,-0.008114054799079895,-0.1933586597442627,-0.0027774696014688516,-0.015688031911849976,-0.2756720185279846,-0.014385942859561851,-0.003956407308578491,-0.24235543608665466,-0.019752443326623847,-0.0008753389120101929,-0.19725680351257324,-0.01940219153276246,-0.03726321458816528,-0.18325096368789673,-0.009886906040819099,-0.039976298809051514,-0.24899306893348694,-0.0159676526915149,-0.028004437685012817,-0.2350141406059265,-0.015897324798615386,-0.02289530634880066,-0.20244526863098145,-0.014154224215062072
E,0.0,0.0,0.0,0.05428805947303772,-0.03967547416687012,-0.015929396173092414,0.08453202247619629,-0.12411731481552124,-0.018530267199608375,0.05543208122253418,-0.18101030588150024,-0.022278628220888663,0.011410713195800781,-0.16293781995773315,-0.023600428274008323,0.050923556089401245,-0.19597965478897095,0.0036253012697073927,0.05217874050140381,-0.270430326461792,-0.011505201367768336,0.056766897439956665,-0.23577305674552917,-0.025685259049865294,0.05680954456329346,-0.19237464666366577,-0.03322371551963954,0.019343271851539612,-0.19948792457580566,0.002078204972562503,0.016043677926063538,-0.28298744559288025,-0.01312020225647359,0.023457571864128113,-0.23946607112884521,-0.02485536495420604,0.02477899193763733,-0.1920589804649353,-0.028437659984561492,-0.008822411298751831,-0.19492226839065552,-0.002978258675071288,-0.017177283763885498,-0.27715930342674255,-0.014785353003176738,-0.003919512033462524,-0.2448049783706665,-0.02101568961712985,-9.931623935699463e-05,-0.19904595613479614,-0.021150470620128203,-0.03776511549949646,-0.18403911590576172,-0.010306162668499042,-0.04114311933517456,-0.25072404742240906,-0.01665555397245555,-0.027666181325912476,-0.2374129295349121,-0.017242140045496512,-0.02139665186405182,-0.20347440242767334,-0.015892171209785033
E,0.0,0.0,0.0,0.054439395666122437,-0.041066884994506836,-0.015535471372118081,0.08538505434989929,-0.12727707624435425,-0.017718661919047918,0.05796310305595398,-0.18552815914154053,-0.021153111353328313,0.013204500079154968,-0.16332703828811646,-0.02201531675439128,0.05157151818275452,-0.19905424118041992,0.0051340443382059675,0.05127355456352234,-0.2751414477825165,-0.009454834617486085,0.056936800479888916,-0.2446303367614746,-0.023408044472148504,0.057678163051605225,-0.20156079530715942,-0.030767623677661504,0.019613981246948242,-0.20324599742889404,0.0035392231142168384,0.015047460794448853,-0.2871207594871521,-0.01068773434292325,0.02357710897922516,-0.24652868509292603,-0.021495361223628606,0.024862214922904968,-0.19849079847335815,-0.024546034976651754,-0.008589416742324829,-0.1988958716392517,-0.001690207973865654,-0.01722577214241028,-0.2816253900527954,-0.012421746149470891,-0.0031050890684127808,-0.2513475716114044,-0.017808962955882635,0.0009541511535644531,-0.20533329248428345,-0.01758662831764468,-0.037450164556503296,-0.188174307346344,-0.009346790022959794,-0.04140463471412659,-0.25533682107925415,-0.015263001777043428,-0.027519837021827698,-0.24394363164901733,-0.015708219602515783,-0.02060692012310028,-0.2100008726119995,-0.014271125539949026
E,0.0,0.0,0.0,0.0546514093875885,-0.04145091772079468,-0.014940895945329657,0.08635297417640686,-0.12429624795913696,-0.01752651842733144,0.05887523293495178,-0.18283611536026,-0.021493142344553462,0.014155685901641846,-0.16443705558776855,-0.02317984575827836,0.051079243421554565,-0.19785654544830322,0.004659736189495334,0.05038952827453613,-0.27677497267723083,-0.010515710212786189,0.05702003836631775,-0.2495168149471283,-0.024660307787854663,0.057619452476501465,-0.20691585540771484,-0.03193797717293023,0.01955750584602356,-0.20263761281967163,0.0029288366301614133,0.014492332935333252,-0.288720965385437,-0.011382895395655623,0.024893492460250854,-0.24878770112991333,-0.02236556621690511,0.025976747274398804,-0.2005537748336792,-0.025732990228135577,-0.008295908570289612,-0.19899022579193115,-0.0022880624649417314,-0.017087817192077637,-0.28294211626052856,-0.013115147933859816,-0.0015495717525482178,-0.25253793597221375,-0.01833726639350175,0.0024332404136657715,-0.2062685489654541,-0.018134556584556094,-0.037390828132629395,-0.18860650062561035,-0.009818225972850314,-0.04236219823360443,-0.2569526433944702,-0.016174945854146472,-0.02759575843811035,-0.24574637413024902,-0.01670448283155679,-0.020592138171195984,-0.21184343099594116,-0.015289714433748713
E,0.0,0.0,0.0,0.05780401825904846,-0.037270545959472656,-0.014348396362905191,0.09075069427490234,-0.12383073568344116,-0.015931695031170534,0.06377837061882019,-0.18517374992370605,-0.018754649238829302,0.01807078719139099,-0.16520309448242188,-0.019385210501198458,0.05348101258277893,-0.1998414397239685,0.004846958180721117,0.05223914980888367,-0.27952906489372253,-0.00984246682578771,0.0624946653842926,-0.25194013118743896,-0.024195195438508676,0.06342163681983948,-0.20868748426437378,-0.03187486462498157,0.02241462469100952,-0.20538783073425293,0.003037991903553916,0.016882985830307007,-0.29291027784347534,-0.01063493292981832,0.030873537063598633,-0.2523641288280487,-0.02155156180465667,0.03126266598701477,-0.20255839824676514,-0.02509351939166038,-0.00565965473651886,-0.20199310779571533,-0.002182470664550351,-0.014643833041191101,-0.28685814142227173,-0.012445899920706438,0.004049018025398254,-0.25593382120132446,-0.017804897653107332,0.007647991180419922,-0.20892709493637085,-0.018055624591355013,-0.03531154990196228,-0.1921931505203247,-0.00967607300931661,-0.03988794982433319,-0.26173701882362366,-0.01649499245191066,-0.022585436701774597,-0.24919188022613525,-0.017611232849006342,-0.015277579426765442,-0.2142484188079834,-0.01682509601319282
E,0.0,0.0,0.0,0.0582023561000824,-0.0370790958404541,-0.013800994301107039,0.09285464882850647,-0.12218385934829712,-0.016027923481431117,0.07042792439460754,-0.1836913824081421,-0.019689496414628138,0.024640411138534546,-0.16369342803955078,-0.021230371476974597,0.05419930815696716,-0.2035888433456421,0.004169888520721088,0.054155588150024414,-0.28180620074272156,-0.011382154928412547,0.06556841731071472,-0.25287455320358276,-0.026521516771879305,0.06584173440933228,-0.20923596620559692,-0.034603033022847285,0.023929357528686523,-0.20878809690475464,0.0017519746498351196,0.019020557403564453,-0.29610615968704224,-0.011757948243882765,0.034168094396591187,-0.2539430856704712,-0.02216095458146583,0.0340215265750885,-0.2043297290802002,-0.02563947419997703,-0.0038039684295654297,-0.20507705211639404,-0.004093735752519478,-0.012785166501998901,-0.28974300622940063,-0.013926019700136294,0.007047742605209351,-0.2572360634803772,-0.018474474357333293,0.010174155235290527,-0.21000778675079346,-0.01848249490734588,-0.03346921503543854,-0.1946965456008911,-0.012272392207648863,-0.038814008235931396,-0.265143483877182,-0.01882022413786899,-0.02064266800880432,-0.251232385635376,-0.01947828735586654,-0.013422936201095581,-0.2152206301689148,-0.018550200195875277
E,0.0,0.0,0.0,0.05869019031524658,-0.037366271018981934,-0.0134814398229679,0.09389147162437439,-0.12111365795135498,-0.015998479710574998,0.07215023040771484,-0.1824222207069397,-0.020113372044320954,0.02601081132888794,-0.1630721092224121,-0.02227851076578702,0.05508178472518921,-0.2044452428817749,0.004174139550272571,0.055765509605407715,-0.2830294370651245,-0.011601334238108052,0.06805503368377686,-0.25326257944107056,-0.026948167742844475,0.06825977563858032,-0.21003234386444092,-0.035168469683881654,0.025066643953323364,-0.2095840573310852,0.0014487037801558245,0.021038979291915894,-0.2976779341697693,-0.012314712429102315,0.03692778944969177,-0.2541111707687378,-0.023008282096739663,0.03625166416168213,-0.20434945821762085,-0.02677890359019841,-0.0028866827487945557,-0.20595186948776245,-0.004663692587669743,-0.01094391942024231,-0.2917366623878479,-0.014927152344640149,0.009564250707626343,-0.25776317715644836,-0.019703148664589776,0.01219087839126587,-0.2101196050643921,-0.019833474220391167,-0.03311699628829956,-0.19558894634246826,-0.01302021349376048,-0.038047924637794495,-0.26726579666137695,-0.019935321794505967,-0.01913626492023468,-0.25228482484817505,-0.020617662729378594,-0.011949717998504639,-0.21570730209350586,-0.019683341296072854
E,0.0,0.0,0.0,0.057680338621139526,-0.036726415157318115,-0.012891346744268617,0.09344640374183655,-0.12027782201766968,-0.01620074283984252,0.07500940561294556,-0.1812678575515747,-0.02152891938295909,0.029883086681365967,-0.16704678535461426,-0.024996086179285726,0.05739739537239075,-0.20322692394256592,0.002162738081992188,0.06198492646217346,-0.2836420238018036,-0.0138652866398985,0.0750160813331604,-0.2543962001800537,-0.02813221436646529,0.07328632473945618,-0.21072959899902344,-0.0352610770305688,0.027330338954925537,-0.20880544185638428,-0.0012799679925734608,0.027440041303634644,-0.29862725734710693,-0.015234396017163476,0.04434090852737427,-0.2524368166923523,-0.025465429916053495,0.04217490553855896,-0.20197409391403198,-0.028804586424499234,-0.0008278489112854004,-0.20567423105239868,-0.007903728789656839,-0.0049454569816589355,-0.29523128271102905,-0.01832977791038104,0.016312360763549805,-0.25701409578323364,-0.022035232900648793,0.017173856496810913,-0.2068738341331482,-0.021477678014903745,-0.03142675757408142,-0.19554364681243896,-0.01672777642217227,-0.03237238526344299,-0.269155353307724,-0.02414487969782897,-0.01267436146736145,-0.25358134508132935,-0.024368784545927724,-0.00644075870513916,-0.21692544221878052,-0.02306956720259734
E,0.0,0.0,0.0,0.061949580907821655,-0.030600428581237793,-0.015448411365241554,0.10041463375091553,-0.11855554580688477,-0.019038984921962765,0.08391618728637695,-0.18602699041366577,-0.024010656771451977,0.036439865827560425,-0.169930100440979,-0.026789535206944493,0.05966004729270935,-0.20773744583129883,0.0010746392447344988,0.06374150514602661,-0.2886403203010559,-0.01589033417144492,0.07823729515075684,-0.2533223628997803,-0.03207107670345977,0.07585495710372925,-0.206581711769104,-0.0406304415289469,0.03061273694038391,-0.21299344301223755,-0.0013856076609499723,0.02901744842529297,-0.3040176033973694,-0.015099193339437988,0.046363115310668945,-0.2563072443008423,-0.025730809566766766,0.0435757040977478,-0.20625555515289307,-0.02964955046513751,0.0023967325687408447,-0.20974236726760864,-0.00743036474773362,-0.002905040979385376,-0.2984970211982727,-0.01806638613084033,0.019332706928253174,-0.2607719600200653,-0.02279316484668925,0.0195162296295166,-0.21107202768325806,-0.02313409037628844,-0.02836015820503235,-0.2001623511314392,-0.015920063850671795,-0.02928447723388672,-0.2757120728492737,-0.02387619986870959,-0.008618265390396118,-0.25732719898223877,-0.024885792655140904,-0.0033850371837615967,-0.2177262306213379,-0.02434903420248702
E,0.0,0.0,0.0,0.06196671724319458,-0.0328211784362793,-0.015150307824484344,0.10043692588806152,-0.12053698301315308,-0.01847429960744762,0.08423864841461182,-0.18706411123275757,-0.02336754664557361,0.03675079345703125,-0.17160165309906006,-0.02599526211398029,0.05861496925354004,-0.20899450778961182,0.0012393003258637236,0.06505754590034485,-0.29124340415000916,-0.01574758082406902,0.07936683297157288,-0.2491520643234253,-0.03218548945861244,0.07594901323318481,-0.20192748308181763,-0.0411977191992321,0.02973136305809021,-0.21305972337722778,-0.0016168040760078384,0.02914169430732727,-0.30529987812042236,-0.0158429352171936,0.047147393226623535,-0.25410252809524536,-0.027865195793680186,0.044849395751953125,-0.20411711931228638,-0.032914361131958,0.0012497305870056152,-0.20941531658172607,-0.007919096534720893,-0.003350675106048584,-0.3001899719238281,-0.018450454024247165,0.01934710144996643,-0.25991302728652954,-0.02394590727763557,0.01965475082397461,-0.20978212356567383,-0.024933701527885432,-0.02939516305923462,-0.20009452104568481,-0.01661648057179832,-0.027769625186920166,-0.27609413862228394,-0.023725824577383037,-0.007062017917633057,-0.25665318965911865,-0.024644171965888972,-0.0026275217533111572,-0.21784371137619019,-0.024295196083954806
E,0.0,0.0,0.0,0.061595410108566284,-0.033312201499938965,-0.013000804053419301,0.0988537073135376,-0.11888754367828369,-0.01640749262439556,0.08461248874664307,-0.1850353479385376,-0.021708824725621412,0.038039177656173706,-0.17176592350006104,-0.025132943929904172,0.0562308132648468,-0.20425474643707275,-0.0010670814037183618,0.0621245801448822,-0.2914094924926758,-0.018267761038416097,0.07841983437538147,-0.2532200813293457,-0.03436888294088192,0.07581603527069092,-0.20722061395645142,-0.04322346212136097,0.02831992506980896,-0.20883625745773315,-0.005038215832584569,0.027958184480667114,-0.30643296241760254,-0.01871125498580284,0.04652199149131775,-0.25683751702308655,-0.029913756118887136,0.04399985074996948,-0.2074495553970337,-0.0348787559734518,0.0005121827125549316,-0.20613634586334229,-0.012035087736123273,-0.0032609403133392334,-0.29958319664001465,-0.021173383163088033,0.01952540874481201,-0.26158541440963745,-0.026043211163752744,0.01972275972366333,-0.2124527096748352,-0.027435605468028257,-0.029521316289901733,-0.1979072093963623,-0.021246505023711393,-0.02900397777557373,-0.2754533588886261,-0.02723888406323738,-0.008129656314849854,-0.2595827579498291,-0.028054100515120695,-0.0028618574142456055,-0.22272473573684692,-0.02826642343568153
E,0.0,0.0,0.0,0.06102171540260315,-0.03492838144302368,-0.012940824367987602,0.09856000542640686,-0.11876088380813599,-0.016358904876696556,0.08310618996620178,-0.18289220333099365,-0.021794382818924873,0.036587655544281006,-0.17038565874099731,-0.025670696386086433,0.056887805461883545,-0.20317590236663818,-0.0003057594454816126,0.061855465173721313,-0.2893967032432556,-0.016999990084158867,0.07775568962097168,-0.2534414529800415,-0.0328786246114845,0.07654300332069397,-0.20869016647338867,-0.04177928563295552,0.028399497270584106,-0.20747488737106323,-0.004203585312652081,0.02794674038887024,-0.3039797246456146,-0.018285893239962547,0.04553684592247009,-0.25467944145202637,-0.030291542747008293,0.0436302125453949,-0.20579761266708374,-0.03573312457739064,0.00027367472648620605,-0.20473617315292358,-0.011026928537475555,-0.003133028745651245,-0.2967491149902344,-0.020923490040885895,0.018652647733688354,-0.2589570879936218,-0.02675821852027127,0.019115447998046875,-0.2100890874862671,-0.02855713140307614,-0.03019919991493225,-0.1963045597076416,-0.01992315087555596,-0.030168205499649048,-0.27351075410842896,-0.026141388677942246,-0.010143578052520752,-0.25775232911109924,-0.027142970227586716,-0.00484427809715271,-0.22067886590957642,-0.027388135307418793
E,0.0,0.0,0.0,0.059264570474624634,-0.038185060024261475,-0.01451332897050861,0.09627100825309753,-0.12307018041610718,-0.01776421565665487,0.07710006833076477,-0.18904012441635132,-0.02254370350493673,0.03164204955101013,-0.17239153385162354,-0.02516169969095472,0.05665111541748047,-0.20736563205718994,0.0017547550880294693,0.060794830322265625,-0.2893023192882538,-0.014512982518510853,0.07528474926948547,-0.25138068199157715,-0.031208084263937508,0.07332208752632141,-0.20611846446990967,-0.04061228159918073,0.027761191129684448,-0.2123018503189087,-0.0007555246200467991,0.02703791856765747,-0.3047226369380951,-0.014295643494563137,0.0435294508934021,-0.2595065236091614,-0.02693736489965204,0.040831029415130615,-0.20871567726135254,-0.032698438801901375,-0.00033411383628845215,-0.20890593528747559,-0.006453594491915737,-0.003980368375778198,-0.29844045639038086,-0.015770797916786705,0.016996711492538452,-0.26273685693740845,-0.022054774054424797,0.017406076192855835,-0.2123669981956482,-0.0238685005541015,-0.03067079186439514,-0.1989649534225464,-0.014460995161073242,-0.03014063835144043,-0.2729971706867218,-0.019885578491823708,-0.010370194911956787,-0.256233811378479,-0.020850836598413025,-0.0046377480030059814,-0.21721023321151733,-0.02083324205233339
E,0.0,0.0,0.0,0.060098618268966675,-0.03713017702102661,-0.013844906865031703,0.09545949101448059,-0.12540662288665771,-0.015437839134008868,0.07477173209190369,-0.19070863723754883,-0.01853678799268721,0.028965622186660767,-0.17195886373519897,-0.0194442258685541,0.05725356936454773,-0.20687848329544067,0.003378248726605193,0.06299656629562378,-0.28915172815322876,-0.01109611666795729,0.07524901628494263,-0.25206637382507324,-0.02607697858509539,0.07208997011184692,-0.20757973194122314,-0.03467027521726607,0.027673155069351196,-0.21166688203811646,0.000906116398638801,0.026784658432006836,-0.30429133772850037,-0.011549313133926375,0.04205206036567688,-0.2594311535358429,-0.02334390631911276,0.03917941451072693,-0.20940065383911133,-0.028551623737783416,-0.0005706846714019775,-0.20815938711166382,-0.004636778543115838,-0.004515096545219421,-0.2985805869102478,-0.01366129848209141,0.01516994833946228,-0.26174283027648926,-0.018996891146869643,0.014780402183532715,-0.2122340202331543,-0.02008191919919966,-0.03105562925338745,-0.19841033220291138,-0.012391229672701343,-0.02992701530456543,-0.2719132900238037,-0.017586734658451064,-0.011458918452262878,-0.253600537776947,-0.01764012551900862,-0.00735810399055481,-0.21522128582000732,-0.016907312488527282
E,0.0,0.0,0.0,0.05801697075366974,-0.0430719256401062,-0.013682555622906989,0.09117798507213593,-0.12801527976989746,-0.01603703036114723,0.06674458086490631,-0.18958789110183716,-0.02035311072275192,0.02147667109966278,-0.1706598997116089,-0.022573106206507987,0.053790345788002014,-0.2050231695175171,0.00488455944552868,0.0576825886964798,-0.2876388132572174,-0.010535016871543235,0.06839506328105927,-0.2505996823310852,-0.026316698856206244,0.0663532167673111,-0.20582032203674316,-0.0350952187846616,0.02388159930706024,-0.20862966775894165,0.0021508964882031023,0.02257116138935089,-0.30109405517578125,-0.011296535126419371,0.036319002509117126,-0.2579098045825958,-0.024198727897854155,0.03437499701976776,-0.20828360319137573,-0.02993279717072994,-0.004280552268028259,-0.20464760065078735,-0.003820582508595294,-0.008825749158859253,-0.296038419008255,-0.013253473892362422,0.009731188416481018,-0.2612014412879944,-0.019596800423713034,0.01051260530948639,-0.21138876676559448,-0.0210566448341325,-0.03434213995933533,-0.19427049160003662,-0.012039330072255439,-0.03390708565711975,-0.2672250270843506,-0.016590211756081885,-0.016125380992889404,-0.2511165738105774,-0.016885746486039466,-0.010947957634925842,-0.21326154470443726,-0.01628115049705059
E,0.0,0.0,0.0,0.05608242750167847,-0.04444974660873413,-0.014592228052578093,0.08911067247390747,-0.1272348165512085,-0.01753234729673636,0.06468135118484497,-0.18896538019180298,-0.022226427276990535,0.020595014095306396,-0.1725432276725769,-0.024652572875282885,0.05363878607749939,-0.2026081085205078,0.0042305867509924155,0.05783969163894653,-0.28420042991638184,-0.011378708822093131,0.06687799096107483,-0.2482566237449646,-0.02660859615113509,0.06456112861633301,-0.2043246626853943,-0.03473855048920882,0.023451149463653564,-0.20675891637802124,0.002049357336574076,0.023014485836029053,-0.29739072918891907,-0.012074809116683127,0.03476977348327637,-0.25595957040786743,-0.02479543589558375,0.03299984335899353,-0.20634829998016357,-0.029943807577154757,-0.004417091608047485,-0.20329225063323975,-0.003443829776159646,-0.008366033434867859,-0.2915533185005188,-0.013364380752108218,0.008686691522598267,-0.25960442423820496,-0.020021535982749583,0.010095745325088501,-0.21057260036468506,-0.02134152181949389,-0.033975690603256226,-0.19337469339370728,-0.01119689044114125,-0.03470388054847717,-0.2637581527233124,-0.0155737982740618,-0.017534732818603516,-0.2505767345428467,-0.01602967508640063,-0.011150479316711426,-0.2143702507019043,-0.015316051026246669
E,0.0,0.0,0.0,0.05395519733428955,-0.04428219795227051,-0.014453589203696993,0.08619281649589539,-0.12704741954803467,-0.017468798193078783,0.06124776601791382,-0.1877855658531189,-0.022433809223514345,0.01707477867603302,-0.1715288758277893,-0.025257115471106317,0.05412289500236511,-0.20007872581481934,0.0044277112605755065,0.05660438537597656,-0.2825159728527069,-0.010820068637769964,0.06438472867012024,-0.24919408559799194,-0.025511990520101335,0.06329116225242615,-0.20602309703826904,-0.03334378752384737,0.023260533809661865,-0.2041919231414795,0.0020763112838153575,0.022504061460494995,-0.2934226989746094,-0.012071304242056158,0.03283688426017761,-0.2525709867477417,-0.02466044503722742,0.03160828351974487,-0.20399069786071777,-0.029791767927747514,-0.004747480154037476,-0.20060229301452637,-0.0035653905802632835,-0.009084492921829224,-0.2898109555244446,-0.013591774958115366,0.0064977556467056274,-0.257388174533844,-0.020053805070858743,0.007872089743614197,-0.20818066596984863,-0.02135771069202974,-0.03424420952796936,-0.19055914878845215,-0.011476403321069029,-0.035223931074142456,-0.260577917098999,-0.016063579576950815,-0.019237160682678223,-0.24746739864349365,-0.016494891825061586,-0.013135701417922974,-0.211117684841156,-0.015760454568010118
E,0.0,0.0,0.0,0.05278146266937256,-0.042520761489868164,-0.014563860696981124,0.08392509818077087,-0.12423598766326904,-0.017536280070672206,0.05827873945236206,-0.1813260316848755,-0.022520934556851557,0.01475486159324646,-0.16519111394882202,-0.02566506094230192,0.053544819355010986,-0.19528627395629883,0.004382607667466232,0.0555897057056427,-0.27459585666656494,-0.01038249987108486,0.06175649166107178,-0.2421155571937561,-0.02457539490355032,0.06103977560997009,-0.19989073276519775,-0.03227848499012964,0.022442474961280823,-0.19887703657150269,0.002145822533165642,0.0211821049451828,-0.2856158912181854,-0.011905965720544032,0.030183538794517517,-0.24432343244552612,-0.024612172832021884,0.02965104579925537,-0.19751191139221191,-0.030011304979453257,-0.0054387301206588745,-0.19509190320968628,-0.0033430709496684585,-0.01012130081653595,-0.28287312388420105,-0.013712633726427725,0.0039039701223373413,-0.2491913139820099,-0.020341023196706942,0.005136996507644653,-0.20063245296478271,-0.021834266697297267,-0.03457236289978027,-0.18484491109848022,-0.011063154180774859,-0.03557142615318298,-0.2529867887496948,-0.015972140570411852,-0.020927101373672485,-0.23862314224243164,-0.016579403867254427,-0.01580892503261566,-0.2026820182800293,-0.01607655673218744
E,0.0,0.0,0.0,0.05266121029853821,-0.03835904598236084,-0.014607591101650996,0.08374831080436707,-0.11970466375350952,-0.017235446268443866,0.060886502265930176,-0.1772567629814148,-0.021491756209854884,0.018164128065109253,-0.1642550230026245,-0.02375379345727424,0.053783953189849854,-0.1914038062095642,0.002410108909259634,0.057013899087905884,-0.270824134349823,-0.012186909572903915,0.06177288293838501,-0.2377544641494751,-0.02553330689084987,0.06044912338256836,-0.19638174772262573,-0.032725998678927226,0.0230267196893692,-0.195875883102417,0.00038609410870549254,0.02239099144935608,-0.2823229134082794,-0.013920939074580474,0.029903635382652283,-0.24010497331619263,-0.025892419287686153,0.029218032956123352,-0.1944594383239746,-0.030612317392353816,-0.004390642046928406,-0.19276636838912964,-0.004738857516770167,-0.00863143801689148,-0.278986394405365,-0.015717835644011302,0.004409134387969971,-0.2450832724571228,-0.02218085854661922,0.005490928888320923,-0.19798964262008667,-0.023452562758450313,-0.032671406865119934,-0.18330669403076172,-0.011939271831636233,-0.0340133011341095,-0.24961072206497192,-0.01780957683337192,-0.02007201313972473,-0.23465824127197266,-0.01878478146505813,-0.015393152832984924,-0.1994643211364746,-0.018370952004318042
E,0.0,0.0,0.0,0.04989968240261078,-0.040941476821899414,-0.016190311098270627,0.08186163008213043,-0.11830919981002808,-0.019612666377597066,0.05820508301258087,-0.1764763593673706,-0.024636492291264744,0.015911206603050232,-0.1665542721748352,-0.02764459528940222,0.05343818664550781,-0.1889958381652832,0.0053512997275362295,0.0556347519159317,-0.2664760649204254,-0.0092626420499613,0.05829340219497681,-0.23795080184936523,-0.02307591789382002,0.05749569833278656,-0.19763344526290894,-0.030266383820944043,0.022306591272354126,-0.19365650415420532,0.004144009510255842,0.021032586693763733,-0.27863579988479614,-0.011297284783594819,0.02670322358608246,-0.2404305636882782,-0.025121383527093144,0.027103886008262634,-0.19489341974258423,-0.03046756626086733,-0.005085840821266174,-0.1910075545310974,-0.0005071604808648544,-0.009370148181915283,-0.27477574348449707,-0.01295764573829672,0.0023825764656066895,-0.2443816065788269,-0.021848911577635022,0.004557579755783081,-0.1969832181930542,-0.023952076369695874,-0.03320048749446869,-0.18178844451904297,-0.007307433681361886,-0.035188525915145874,-0.2478407621383667,-0.01402275466340086,-0.02238398790359497,-0.2352321743965149,-0.016304005095534535,-0.01661713421344757,-0.1999228596687317,-0.016321221524648877
