F,0.6347594261169434,1.038131833076477,2.171844641907228e-07,0.5944051146507263,1.017941951751709,-0.015222454443573952,0.5576587319374084,0.9919618964195251,-0.03611520677804947,0.5252983570098877,0.9795333743095398,-0.057482507079839706,0.49317339062690735,0.9697645902633667,-0.08062778413295746,0.5843784809112549,0.896516740322113,-0.03948425129055977,0.545127272605896,0.8657633066177368,-0.07068473845720291,0.516248345375061,0.8963861465454102,-0.0948091596364975,0.4972652196884155,0.9252371788024902,-0.10878884792327881,0.6130833029747009,0.8873568773269653,-0.05042419582605362,0.5919138789176941,0.805413007736206,-0.07647775113582611,0.5731247663497925,0.7551363110542297,-0.0969843789935112,0.5582140684127808,0.709324836730957,-0.11090610176324844,0.6425508260726929,0.9035404324531555,-0.06257904320955276,0.6443202495574951,0.8184630274772644,-0.08954548090696335,0.6416164040565491,0.7680795788764954,-0.10751854628324509,0.6362468600273132,0.7212516665458679,-0.11844346672296524,0.6696257591247559,0.9384129643440247,-0.07425656914710999,0.6873247623443604,0.8852765560150146,-0.09439928829669952,0.6975996494293213,0.8511719107627869,-0.09848960489034653,0.7039716243743896,0.81837397813797,-0.10010874271392822
F,0.6285269260406494,1.0180798768997192,1.9589407429521088e-07,0.586146891117096,0.9898237586021423,-0.01462397538125515,0.5473635196685791,0.9579322338104248,-0.03540733456611633,0.5122814178466797,0.9353101849555969,-0.05685974285006523,0.48148441314697266,0.9076127409934998,-0.07936855405569077,0.5907572507858276,0.8576576709747314,-0.03185191750526428,0.5449344515800476,0.824081540107727,-0.06956290453672409,0.5073453187942505,0.8475504517555237,-0.10138478875160217,0.4822884798049927,0.876929759979248,-0.11961803585290909,0.6164135336875916,0.8493947982788086,-0.04199394956231117,0.5980664491653442,0.7681765556335449,-0.06968583166599274,0.576870858669281,0.7183065414428711,-0.09363910555839539,0.5562891960144043,0.6731329560279846,-0.11031363904476166,0.6423550844192505,0.8636342883110046,-0.05426827445626259,0.6467121243476868,0.7763287425041199,-0.08137150853872299,0.6414477825164795,0.7246235609054565,-0.10032161325216293,0.6340372562408447,0.6755909323692322,-0.11222968995571136,0.6649981141090393,0.8974624872207642,-0.06635312736034393,0.6853718757629395,0.8446934223175049,-0.08804381638765335,0.6950148344039917,0.8053427934646606,-0.09483589231967926,0.7018992900848389,0.7653192281723022,-0.09809115529060364
F,0.6194962859153748,1.0000005960464478,1.1138222788531493e-07,0.5782780051231384,0.9672558903694153,-0.011826969683170319,0.5445432662963867,0.9211203455924988,-0.026973789557814598,0.5105794668197632,0.890069842338562,-0.044084127992391586,0.4837805926799774,0.8605305552482605,-0.06170644983649254,0.5920639634132385,0.826416015625,-0.01499185897409916,0.5463489890098572,0.7892425060272217,-0.049687281250953674,0.5087076425552368,0.8060686588287354,-0.08055733889341354,0.48592549562454224,0.8318793177604675,-0.0977921113371849,0.617150068283081,0.8130428194999695,-0.024666614830493927,0.6007232069969177,0.7290008664131165,-0.0493369959294796,0.5809884071350098,0.6755491495132446,-0.07057918608188629,0.5620234608650208,0.6288455128669739,-0.08428724855184555,0.6440244913101196,0.8221052885055542,-0.037647929042577744,0.6482431292533875,0.7317260503768921,-0.062071915715932846,0.642702579498291,0.6774622201919556,-0.07818720489740372,0.6347222924232483,0.6280837059020996,-0.08686574548482895,0.6674450039863586,0.8520768880844116,-0.05093955993652344,0.6873303651809692,0.7918809652328491,-0.06789058446884155,0.6961281895637512,0.748774528503418,-0.07171865552663803,0.7017225027084351,0.7073018550872803,-0.07251386344432831
F,0.6285411715507507,0.9783745408058167,2.9551324942644897e-08,0.5832105278968811,0.9421321749687195,-0.00791092123836279,0.5510371327400208,0.8862019777297974,-0.01838141866028309,0.5212727189064026,0.8491982221603394,-0.031401004642248154,0.4943462610244751,0.8182270526885986,-0.04494251310825348,0.5956213474273682,0.796424388885498,-0.008424603380262852,0.5509563088417053,0.7578316330909729,-0.04029981419444084,0.5130712985992432,0.7736626267433167,-0.06855950504541397,0.49079251289367676,0.7999805808067322,-0.08342216163873672,0.6194913983345032,0.7814087867736816,-0.018897302448749542,0.603620707988739,0.6929425001144409,-0.039857424795627594,0.5843851566314697,0.6350528001785278,-0.057404015213251114,0.5669328570365906,0.5856109857559204,-0.06855881959199905,0.6459906101226807,0.7884880304336548,-0.03277933597564697,0.6504101157188416,0.6949355006217957,-0.05371164157986641,0.6432720422744751,0.6364855766296387,-0.06753220409154892,0.6340439319610596,0.5860642194747925,-0.0747600644826889,0.6690258383750916,0.8157626986503601,-0.04703065752983093,0.6893960237503052,0.7501859068870544,-0.060436148196458817,0.697810173034668,0.7030069231987,-0.062475793063640594,0.7015244960784912,0.6598196029663086,-0.062318719923496246
F,0.6386469602584839,0.9516252875328064,4.641690409812327e-08,0.5927068591117859,0.9120172262191772,-0.006802470423281193,0.5592572093009949,0.8549094796180725,-0.016951242461800575,0.5261000990867615,0.8161233067512512,-0.03039102628827095,0.4997934103012085,0.7841819524765015,-0.044068172574043274,0.6009308695793152,0.7644753456115723,-0.0015273990575224161,0.5581672191619873,0.7258806228637695,-0.032963838428258896,0.52069491147995,0.7409535646438599,-0.0609593465924263,0.4995376467704773,0.7688201069831848,-0.07509998232126236,0.6235519051551819,0.7471747994422913,-0.011838068254292011,0.6067929267883301,0.65836101770401,-0.030959395691752434,0.5886537432670593,0.6013273596763611,-0.045708201825618744,0.5733721852302551,0.55421382188797,-0.054356396198272705,0.6503760814666748,0.7515662312507629,-0.026274343952536583,0.6535927653312683,0.6583985686302185,-0.04497280716896057,0.6475040912628174,0.59811931848526,-0.0555669367313385,0.6397696137428284,0.547439694404602,-0.06018779054284096,0.6743630170822144,0.7764185667037964,-0.041501615196466446,0.6932032704353333,0.7082669734954834,-0.05259295552968979,0.7020692229270935,0.6592128872871399,-0.05255672335624695,0.7067789435386658,0.615811824798584,-0.050661731511354446
F,0.6464325189590454,0.9245286583900452,3.146098492834426e-09,0.5985799431800842,0.8822847604751587,-0.00449953181669116,0.5659046769142151,0.8269917368888855,-0.01318951603025198,0.5332181453704834,0.7892405390739441,-0.025870446115732193,0.5075729489326477,0.7580749988555908,-0.03880365937948227,0.6099724769592285,0.7362840175628662,0.0026141225825995207,0.566493809223175,0.6961383819580078,-0.027121582999825478,0.5278211832046509,0.7128327488899231,-0.0541432648897171,0.5067986249923706,0.7425106763839722,-0.06786096096038818,0.6308448910713196,0.7177106142044067,-0.00837103370577097,0.6134881973266602,0.6311023235321045,-0.025852715596556664,0.5945595502853394,0.5751253366470337,-0.0400598980486393,0.5789039134979248,0.5295954942703247,-0.04896797239780426,0.6557211875915527,0.7202823162078857,-0.02356129139661789,0.6597279906272888,0.6290690898895264,-0.040532879531383514,0.6537247896194458,0.568608820438385,-0.05128714069724083,0.6459178924560547,0.5184149146080017,-0.056757863610982895,0.6781859993934631,0.7430139780044556,-0.039568930864334106,0.6975260972976685,0.6748185753822327,-0.04960557073354721,0.7057963013648987,0.6241984963417053,-0.05026630312204361,0.7096942663192749,0.5798801779747009,-0.0494748055934906
F,0.6541276574134827,0.8970465660095215,-9.951896196014332e-09,0.6058746576309204,0.8553180694580078,-0.0026032908353954554,0.5728347897529602,0.8002138137817383,-0.009633757174015045,0.539932131767273,0.7625438570976257,-0.021072054281830788,0.5172592401504517,0.7289776802062988,-0.032548949122428894,0.6168270707130432,0.711452841758728,0.006504102144390345,0.5743364095687866,0.6721373796463013,-0.022048598155379295,0.5370789766311646,0.6856417059898376,-0.0477314293384552,0.5173513889312744,0.7124449610710144,-0.060434672981500626,0.6370980739593506,0.6914382576942444,-0.005021822173148394,0.6189609169960022,0.6050365567207336,-0.02165212295949459,0.6009092926979065,0.549589991569519,-0.034342989325523376,0.5861666202545166,0.5045685172080994,-0.041978735476732254,0.6615950465202332,0.6917821168899536,-0.020898455753922462,0.6636517643928528,0.6016632914543152,-0.036673445254564285,0.6581364870071411,0.5418798923492432,-0.0459161140024662,0.6508908867835999,0.49207648634910583,-0.05038284882903099,0.6843833327293396,0.7119060754776001,-0.03765012323856354,0.7015528082847595,0.643494188785553,-0.04637513309717178,0.7095959186553955,0.5938100218772888,-0.04629380628466606,0.7134647369384766,0.5506947040557861,-0.04504998028278351
F,0.6586229801177979,0.8730977177619934,-1.1451427361919286e-08,0.610326886177063,0.8319364190101624,-0.0029500608798116446,0.5780497789382935,0.7793727517127991,-0.010804301127791405,0.5465375781059265,0.7416335344314575,-0.02310812473297119,0.5244020819664001,0.7063472270965576,-0.03516315296292305,0.624439001083374,0.6911402344703674,0.006714558694511652,0.5824953317642212,0.6507573127746582,-0.021718012169003487,0.5447363257408142,0.6627036929130554,-0.047154203057289124,0.5246386528015137,0.6884481906890869,-0.05961326137185097,0.643707275390625,0.6715295314788818,-0.004532313905656338,0.6253682971000671,0.5841840505599976,-0.02064194530248642,0.6069151163101196,0.5294884443283081,-0.03234216943383217,0.5919124484062195,0.48432567715644836,-0.039259232580661774,0.6676877737045288,0.6704238057136536,-0.020274389535188675,0.6688712239265442,0.5804063677787781,-0.03486919403076172,0.6634724140167236,0.5211687684059143,-0.04227527976036072,0.6567807793617249,0.4718838334083557,-0.04555691033601761,0.6904184818267822,0.6882129907608032,-0.037160564213991165,0.7059957981109619,0.6186562776565552,-0.04442116618156433,0.7137928605079651,0.5687966346740723,-0.04301013797521591,0.7176533937454224,0.5256887674331665,-0.04088061675429344
F,0.6639394760131836,0.8506664037704468,-1.0274231243556642e-08,0.6149137020111084,0.8119091391563416,-0.0037397800479084253,0.5807570815086365,0.7624046802520752,-0.012787843123078346,0.5493482351303101,0.7244549989700317,-0.02591693587601185,0.5271333456039429,0.6864790320396423,-0.03870309516787529,0.6283198595046997,0.672979474067688,0.0038732290267944336,0.5868688225746155,0.6339888572692871,-0.02397504635155201,0.5499593019485474,0.6453617215156555,-0.04841936379671097,0.530137300491333,0.6697906255722046,-0.060282737016677856,0.6486301422119141,0.6539090275764465,-0.007094536907970905,0.6304103136062622,0.5672959089279175,-0.023075899109244347,0.6127190589904785,0.5131983160972595,-0.03380085527896881,0.5987728834152222,0.4673713445663452,-0.03998386487364769,0.6733512878417969,0.6528287529945374,-0.022386539727449417,0.6733561158180237,0.5638010501861572,-0.03673090040683746,0.6670523285865784,0.5049133896827698,-0.04297349974513054,0.6600161194801331,0.45507973432540894,-0.0454801544547081,0.6968603730201721,0.6700098514556885,-0.03882266581058502,0.7113898396492004,0.6004356145858765,-0.04633919149637222,0.718846321105957,0.5504075288772583,-0.044606175273656845,0.7224558591842651,0.5067216157913208,-0.042060863226652145
F,0.6685941815376282,0.8361287117004395,-2.2124602594431053e-08,0.6197070479393005,0.8011573553085327,-0.005130786448717117,0.5841201543807983,0.7513103485107422,-0.01387594360858202,0.5531609058380127,0.7121374607086182,-0.026063693687319756,0.5299524664878845,0.6737985014915466,-0.037875108420848846,0.6331733465194702,0.6603797078132629,0.0018601210322231054,0.5930847525596619,0.6207601428031921,-0.024737123399972916,0.5562396049499512,0.631395161151886,-0.04844246432185173,0.535580039024353,0.6533665060997009,-0.06018490716814995,0.6537948846817017,0.641005277633667,-0.007959702052175999,0.6350772976875305,0.5559784770011902,-0.023383019492030144,0.6171337962150574,0.5018118619918823,-0.0342034213244915,0.6030761003494263,0.454884797334671,-0.04076225310564041,0.6782742738723755,0.6397450566291809,-0.021913627162575722,0.678981363773346,0.5508081316947937,-0.036311130970716476,0.67253577709198,0.4914998412132263,-0.04338056966662407,0.6657535433769226,0.44109204411506653,-0.046533603221178055,0.701383650302887,0.6559947729110718,-0.03697173669934273,0.7163386940956116,0.5859031081199646,-0.04531237110495567,0.7241603136062622,0.5359386205673218,-0.04458653926849365,0.7283832430839539,0.49215465784072876,-0.04273603484034538
F,0.6750108003616333,0.8266969323158264,-2.2240161712261397e-08,0.625674843788147,0.7924497127532959,-0.004050290212035179,0.5903864502906799,0.7434861660003662,-0.012391531839966774,0.5591025948524475,0.7036272883415222,-0.02442701905965805,0.5354635715484619,0.6652491688728333,-0.03608165681362152,0.6383246779441833,0.6510791778564453,0.004272180609405041,0.5993030667304993,0.612404465675354,-0.02113921195268631,0.5631281733512878,0.6207666993141174,-0.0442824624478817,0.542430579662323,0.6397345662117004,-0.055872488766908646,0.6591458916664124,0.6313871145248413,-0.006176387891173363,0.6405096054077148,0.5467925071716309,-0.0206370260566473,0.6222325563430786,0.49220722913742065,-0.03120913729071617,0.6077776551246643,0.44435030221939087,-0.03777758404612541,0.6837739944458008,0.6301131248474121,-0.02073238603770733,0.6846814751625061,0.5412476658821106,-0.034367408603429794,0.6775344014167786,0.48132169246673584,-0.04144644737243652,0.6702017784118652,0.43067666888237,-0.044839389622211456,0.7065246105194092,0.6457892060279846,-0.03634539619088173,0.7217957973480225,0.5754907727241516,-0.04444222152233124,0.7293782830238342,0.5250400304794312,-0.044037334620952606,0.7335345149040222,0.4804691672325134,-0.042557861655950546
F,0.6805275082588196,0.821751594543457,-4.2730679439273445e-08,0.6314861178398132,0.7879316210746765,-0.0033783470280468464,0.5960724949836731,0.7384918928146362,-0.011284573003649712,0.5639382004737854,0.6982927918434143,-0.022880220785737038,0.5405235290527344,0.6596307158470154,-0.03417902812361717,0.6437567472457886,0.6462916135787964,0.004373588133603334,0.6040545105934143,0.6069377660751343,-0.02095753513276577,0.5681528449058533,0.6143118143081665,-0.0443347804248333,0.5475296974182129,0.6325481534004211,-0.05622757598757744,0.664301335811615,0.6257803440093994,-0.006038269493728876,0.6444908976554871,0.54095059633255,-0.019831152632832527,0.6258763074874878,0.48672226071357727,-0.03037697821855545,0.6112859845161438,0.4392205774784088,-0.03726630285382271,0.6888902187347412,0.62366783618927,-0.020446214824914932,0.6893459558486938,0.533558189868927,-0.03341808542609215,0.6820668578147888,0.473611444234848,-0.04085451737046242,0.675054132938385,0.42265784740448,-0.04494745284318924,0.7111843824386597,0.6387580633163452,-0.0358445905148983,0.7270708084106445,0.568855881690979,-0.04407931864261627,0.7347828149795532,0.5182667970657349,-0.044467270374298096,0.739392101764679,0.47304606437683105,-0.0438159815967083
F,0.6864707469940186,0.818543553352356,-4.741435688515594e-08,0.6369730830192566,0.784506618976593,-0.0043523539789021015,0.6017059683799744,0.7360524535179138,-0.012721337378025055,0.5691442489624023,0.6956655383110046,-0.024644097313284874,0.5463897585868835,0.6562368869781494,-0.03608115762472153,0.6486490368843079,0.6433427929878235,0.0038891665171831846,0.6093383431434631,0.6030673384666443,-0.02260185033082962,0.5731887817382812,0.6096636652946472,-0.0466124452650547,0.5524212121963501,0.6280465126037598,-0.05855927988886833,0.6691399216651917,0.6226068139076233,-0.005834178067743778,0.6492192149162292,0.5372617840766907,-0.019991541281342506,0.6307981014251709,0.4827210605144501,-0.030105575919151306,0.6163445711135864,0.43476033210754395,-0.03636382147669792,0.6941238641738892,0.6199434399604797,-0.019792329519987106,0.6933768391609192,0.5301578044891357,-0.03286462277173996,0.6858963370323181,0.47026145458221436,-0.03963598981499672,0.6791350841522217,0.41945624351501465,-0.042914632707834244,0.7167385816574097,0.6346230506896973,-0.03492656722664833,0.7319716215133667,0.5648581981658936,-0.043227359652519226,0.7392454743385315,0.5145328640937805,-0.04334433376789093,0.7441087961196899,0.4698723256587982,-0.04215823858976364
F,0.6907699108123779,0.8185941576957703,-3.541589777000809e-08,0.6407049298286438,0.7829569578170776,-0.004232876934111118,0.6054522395133972,0.7348195314407349,-0.0126518364995718,0.5726763606071472,0.6948207020759583,-0.02458905801177025,0.5497400760650635,0.6558328866958618,-0.03601132705807686,0.6522895693778992,0.6434795260429382,0.003005760256201029,0.6128907203674316,0.603059709072113,-0.02359664812684059,0.5774610638618469,0.6092149615287781,-0.047151580452919006,0.5571600198745728,0.62723308801651,-0.058733146637678146,0.6731988191604614,0.622180163860321,-0.00701984902843833,0.6532222032546997,0.5359896421432495,-0.022371049970388412,0.634688138961792,0.48058491945266724,-0.0325787290930748,0.6199563145637512,0.4323807954788208,-0.03849618509411812,0.6984331607818604,0.6193864345550537,-0.02115313522517681,0.6974469423294067,0.5290459394454956,-0.03522266447544098,0.6899042129516602,0.4692252278327942,-0.04174331575632095,0.6829013824462891,0.41820794343948364,-0.04449469596147537,0.7211423516273499,0.6346297264099121,-0.03639485314488411,0.736815333366394,0.5646488070487976,-0.045194245874881744,0.7440239191055298,0.5140786170959473,-0.045027635991573334,0.7488561868667603,0.46911025047302246,-0.04341321066021919
F,0.6933073997497559,0.822573721408844,-3.8882550512653324e-08,0.6437838673591614,0.7857727408409119,-0.0029777560848742723,0.6092627644538879,0.7363570928573608,-0.010985071770846844,0.5766128897666931,0.6961871385574341,-0.022817274555563927,0.5529149770736694,0.6575326323509216,-0.0342600978910923,0.6558510661125183,0.6439295411109924,0.00409159017726779,0.6150732636451721,0.6051868796348572,-0.02285773493349552,0.5793399810791016,0.6122113466262817,-0.046626266092061996,0.5591727495193481,0.6304445862770081,-0.05828680098056793,0.677026093006134,0.6231083273887634,-0.006742302794009447,0.6563289165496826,0.536688506603241,-0.02260153368115425,0.6379305124282837,0.4805811941623688,-0.0327303372323513,0.6233737468719482,0.4323398470878601,-0.038295548409223557,0.7023742198944092,0.6216059923171997,-0.0216177050024271,0.700957179069519,0.5309915542602539,-0.036092884838581085,0.6935243010520935,0.4705985486507416,-0.0420147180557251,0.686650276184082,0.419364869594574,-0.04405004531145096,0.7247561812400818,0.6380736231803894,-0.037515271455049515,0.7406721115112305,0.5676022171974182,-0.046698134392499924,0.7478130459785461,0.5163532495498657,-0.04621307924389839,0.7528163194656372,0.47036129236221313,-0.04406416788697243
F,0.6948002576828003,0.8262741565704346,-3.889324773354019e-08,0.6459231376647949,0.7895082235336304,-0.004723298829048872,0.6112183332443237,0.7393592596054077,-0.013699190691113472,0.5788356065750122,0.6987935304641724,-0.02641695737838745,0.5537273287773132,0.6606349945068359,-0.03881144896149635,0.657680332660675,0.6447117328643799,0.0033073064405471087,0.6175007224082947,0.6072600483894348,-0.024164235219359398,0.5822210907936096,0.6150124669075012,-0.048353180289268494,0.5623400807380676,0.6335717439651489,-0.06035817414522171,0.6788496971130371,0.6239572763442993,-0.007395943161100149,0.6585648059844971,0.538244366645813,-0.023081235587596893,0.6401883959770203,0.48248857259750366,-0.03338392451405525,0.6258174777030945,0.43431922793388367,-0.03934120014309883,0.7043378949165344,0.6232041120529175,-0.02243894897401333,0.7029016017913818,0.5331015586853027,-0.03707704693078995,0.6953408122062683,0.47421789169311523,-0.04297405853867531,0.6879047155380249,0.42452478408813477,-0.04524756222963333,0.727008581161499,0.6400880813598633,-0.0387682281434536,0.7436838150024414,0.5712056756019592,-0.048537492752075195,0.7515970468521118,0.5203143358230591,-0.048467863351106644,0.7566213607788086,0.4747422933578491,-0.046732839196920395
F,0.6966827511787415,0.828837513923645,-3.686093563715076e-08,0.6483334302902222,0.7922505140304565,-0.006331314332783222,0.612368106842041,0.7435070276260376,-0.01640014350414276,0.5796762704849243,0.7027657628059387,-0.029900329187512398,0.554999589920044,0.6629350185394287,-0.04289703443646431,0.6585448384284973,0.6484073996543884,0.0009183399379253387,0.6181738972663879,0.6101081967353821,-0.026413390412926674,0.5834786295890808,0.6194585561752319,-0.04982408881187439,0.5645204782485962,0.6388708353042603,-0.06152256950736046,0.6798288226127625,0.6271962523460388,-0.009304913692176342,0.6584809422492981,0.5416061282157898,-0.02643083594739437,0.6400679349899292,0.48606398701667786,-0.037554480135440826,0.6260923743247986,0.4377172887325287,-0.04408103972673416,0.705463707447052,0.6264263391494751,-0.02379506267607212,0.7039358019828796,0.5373106598854065,-0.03972579538822174,0.6965897083282471,0.47834330797195435,-0.04642210155725479,0.6889668107032776,0.42826586961746216,-0.04921559989452362,0.7287084460258484,0.6437445878982544,-0.039573170244693756,0.7454701066017151,0.5756968259811401,-0.0497114360332489,0.7533530592918396,0.5249375700950623,-0.04990927502512932,0.7578350901603699,0.47963404655456543,-0.04856963828206062
F,0.6982376575469971,0.8312379121780396,-2.555349176702748e-08,0.6492879986763,0.7967442870140076,-0.006952803581953049,0.6124609708786011,0.7474271059036255,-0.01679546944797039,0.5792214870452881,0.7062807083129883,-0.029917484149336815,0.5538564920425415,0.6670367121696472,-0.04242922365665436,0.6581785082817078,0.6516363024711609,0.0012353785568848252,0.6172893643379211,0.6137247681617737,-0.02611922100186348,0.5826199054718018,0.6230180859565735,-0.04937680438160896,0.5637981295585632,0.6423211693763733,-0.06079784035682678,0.6795972585678101,0.629869282245636,-0.008656442165374756,0.6583110094070435,0.5441923141479492,-0.02558640018105507,0.6398182511329651,0.48796218633651733,-0.03616150841116905,0.6256591081619263,0.43974465131759644,-0.042112547904253006,0.705170214176178,0.6285960078239441,-0.022992143407464027,0.7036319375038147,0.5397589206695557,-0.03900415450334549,0.6967376470565796,0.4806492328643799,-0.045377932488918304,0.6893920302391052,0.4305795729160309,-0.04772442579269409,0.7283446192741394,0.6455415487289429,-0.03870253637433052,0.7451474070549011,0.577903151512146,-0.04894089698791504,0.7533813118934631,0.5275111794471741,-0.04902525246143341,0.7581160664558411,0.48252761363983154,-0.04743524268269539
F,0.698985755443573,0.8334811925888062,-3.206582377401901e-08,0.6495491862297058,0.7978355288505554,-0.0056366934441030025,0.6135912537574768,0.7496610879898071,-0.015508243814110756,0.5795911550521851,0.7090586423873901,-0.028952274471521378,0.5539180040359497,0.67018723487854,-0.04206600785255432,0.65977942943573,0.6540566086769104,0.0014726468361914158,0.618045449256897,0.6160935759544373,-0.026036696508526802,0.5827024579048157,0.6252349019050598,-0.04985495284199715,0.5635827779769897,0.644464373588562,-0.06176622956991196,0.6809073686599731,0.6327423453330994,-0.008840413764119148,0.6589660048484802,0.5471231937408447,-0.025358065962791443,0.6398175954818726,0.4911724925041199,-0.03606434911489487,0.6248066425323486,0.442668616771698,-0.04245150461792946,0.706038773059845,0.6316028833389282,-0.02339334785938263,0.7036024332046509,0.5427313446998596,-0.03848744183778763,0.695822536945343,0.48301634192466736,-0.04477386176586151,0.6879584193229675,0.43239468336105347,-0.04753922298550606,0.7282159328460693,0.6483427882194519,-0.03924092277884483,0.7446783781051636,0.5804387927055359,-0.04916473478078842,0.7525825500488281,0.5298824310302734,-0.049353644251823425,0.7576501369476318,0.4845043122768402,-0.048058100044727325
F,0.6998370885848999,0.8341843485832214,-3.110123358851524e-08,0.6503418684005737,0.7986096739768982,-0.0049768490716814995,0.6135985255241394,0.7510864734649658,-0.01492764800786972,0.579023003578186,0.711212158203125,-0.02861505188047886,0.5532776117324829,0.6722140908241272,-0.041968125849962234,0.6593053340911865,0.6537734866142273,0.001717575010843575,0.6168572306632996,0.6160527467727661,-0.02642071060836315,0.5814594030380249,0.6267024278640747,-0.05108806490898132,0.5623060464859009,0.6469216346740723,-0.06351593881845474,0.6804690361022949,0.6328460574150085,-0.008856282569468021,0.6578550338745117,0.5475159287452698,-0.025176141411066055,0.6384670734405518,0.49156081676483154,-0.036013469099998474,0.6230508685112,0.4429818391799927,-0.04262186959385872,0.7057815194129944,0.6320947408676147,-0.023644907400012016,0.7029423713684082,0.5428176522254944,-0.03823363408446312,0.6953463554382324,0.4834963083267212,-0.04418365657329559,0.6877683401107788,0.43330878019332886,-0.04687804356217384,0.7281267046928406,0.6490573883056641,-0.03972208872437477,0.744481086730957,0.581681489944458,-0.04933372139930725,0.7525168657302856,0.5311661958694458,-0.04928668588399887,0.7577950358390808,0.48525571823120117,-0.04782453924417496
F,0.6989651918411255,0.8338362574577332,-3.437161311126147e-08,0.6496303081512451,0.7986844182014465,-0.00495364423841238,0.6132804155349731,0.7502007484436035,-0.014458962716162205,0.5789487361907959,0.7100534439086914,-0.027666641399264336,0.5530665516853333,0.6714481115341187,-0.040570180863142014,0.6587774753570557,0.6533339619636536,0.0023851061705499887,0.6163728833198547,0.6163583397865295,-0.02549043670296669,0.5808514356613159,0.6270270347595215,-0.05008344352245331,0.5615094304084778,0.6474219560623169,-0.06240377575159073,0.6796483397483826,0.6327922940254211,-0.00802480336278677,0.6573314070701599,0.5475152730941772,-0.023814905434846878,0.6379489898681641,0.49218040704727173,-0.03443821147084236,0.6225776076316833,0.44405150413513184,-0.04088480770587921,0.7048696875572205,0.6322309970855713,-0.022695107385516167,0.7020319700241089,0.5425293445587158,-0.036910638213157654,0.6941256523132324,0.4833037853240967,-0.04278389364480972,0.6862999796867371,0.4331313967704773,-0.04540654271841049,0.7273478507995605,0.6494688391685486,-0.038667988032102585,0.7430970668792725,0.5818815231323242,-0.047899261116981506,0.7505168318748474,0.5312855243682861,-0.04766437038779259,0.7551909685134888,0.48524677753448486,-0.04608840495347977
F,0.6993115544319153,0.8318304419517517,-4.4790606779088193e-08,0.6497769355773926,0.7977792024612427,-0.004170695785433054,0.6131935119628906,0.7491761445999146,-0.012797019444406033,0.5783864259719849,0.7093725800514221,-0.02515150047838688,0.5527114272117615,0.6709900498390198,-0.03720058873295784,0.6590218544006348,0.6535544395446777,0.0030161633621901274,0.6167538166046143,0.6165929436683655,-0.024366822093725204,0.5807687044143677,0.626503050327301,-0.04877736419439316,0.5608336925506592,0.6462743282318115,-0.06107715144753456,0.6796057224273682,0.6328229308128357,-0.007424670737236738,0.6575583815574646,0.5470989346504211,-0.022778794169425964,0.6374452710151672,0.49173009395599365,-0.03334740549325943,0.6212127208709717,0.44397419691085815,-0.03993457928299904,0.7042853832244873,0.6315814256668091,-0.022031616419553757,0.701774537563324,0.541375994682312,-0.03573690354824066,0.6931458711624146,0.4824522137641907,-0.04182880371809006,0.6847215890884399,0.43268531560897827,-0.04474867880344391,0.7259867191314697,0.6476858854293823,-0.03787495568394661,0.7418065071105957,0.5796893835067749,-0.04674040898680687,0.7487871646881104,0.5291570425033569,-0.046781931072473526,0.7529972195625305,0.4833868145942688,-0.04555489122867584
F,0.6986684799194336,0.8277666568756104,-4.075056025953927e-08,0.6491658091545105,0.7933847904205322,-0.003759502898901701,0.6125748753547668,0.7466254830360413,-0.013115943409502506,0.5776931643486023,0.7074554562568665,-0.026238836348056793,0.5522415041923523,0.6697167158126831,-0.039083901792764664,0.6594306826591492,0.6513316035270691,0.001579104457050562,0.617036759853363,0.6148684024810791,-0.02603835053741932,0.5810264945030212,0.6248377561569214,-0.050561174750328064,0.5609657764434814,0.6447533965110779,-0.06301748752593994,0.6796489357948303,0.6308735013008118,-0.009084570221602917,0.6571909785270691,0.5451590418815613,-0.024997541680932045,0.6365546584129333,0.4901636242866516,-0.035907115787267685,0.6200286149978638,0.44236958026885986,-0.042865198105573654,0.7037803530693054,0.6294938921928406,-0.02365352213382721,0.7013431787490845,0.5394789576530457,-0.037192534655332565,0.6920291781425476,0.480774462223053,-0.04307914525270462,0.6831418871879578,0.43071746826171875,-0.046125732362270355,0.7250880002975464,0.6454523205757141,-0.03939855843782425,0.740460216999054,0.5771714448928833,-0.04775427654385567,0.7467695474624634,0.5264207124710083,-0.04743829369544983,0.7503908276557922,0.48025381565093994,-0.04620494320988655
F,0.6973427534103394,0.8233184814453125,-4.3499127855284314e-08,0.648158848285675,0.789009690284729,-0.0038845150265842676,0.6118647456169128,0.7426089644432068,-0.012959618121385574,0.5774326920509338,0.7038177251815796,-0.025776388123631477,0.5516576170921326,0.6664088368415833,-0.038313064724206924,0.6586893200874329,0.6477476954460144,0.0026535047218203545,0.6164916753768921,0.6122806072235107,-0.024489233270287514,0.5802931785583496,0.6221269369125366,-0.04897230118513107,0.5599918961524963,0.6415366530418396,-0.061454836279153824,0.6787892580032349,0.6277294754981995,-0.00784245878458023,0.6568107008934021,0.5431201457977295,-0.023220010101795197,0.6361162662506104,0.48861169815063477,-0.03420240059494972,0.6195398569107056,0.44075238704681396,-0.04127558693289757,0.7027949690818787,0.6263726353645325,-0.02232692949473858,0.7001940011978149,0.5375036001205444,-0.035752397030591965,0.6904265880584717,0.4790864586830139,-0.04208705574274063,0.6813105344772339,0.42951303720474243,-0.04534866288304329,0.7239835262298584,0.6418666243553162,-0.038000188767910004,0.7387255430221558,0.5738021731376648,-0.04632723331451416,0.744510293006897,0.5232499837875366,-0.04628594219684601,0.7477662563323975,0.47768789529800415,-0.04519731178879738
F,0.6966963410377502,0.8185591101646423,-5.188485374674201e-08,0.6475927233695984,0.7852892875671387,-0.0037890677340328693,0.6112985610961914,0.7384878396987915,-0.012872671708464622,0.5771223306655884,0.6997121572494507,-0.025583047419786453,0.5513592958450317,0.6633097529411316,-0.03797343000769615,0.658068060874939,0.6446171998977661,0.0014186286134645343,0.6162678003311157,0.6081481575965881,-0.02593432553112507,0.5805894136428833,0.618120551109314,-0.050592146813869476,0.5604333877563477,0.6378068327903748,-0.06316199898719788,0.6781322956085205,0.624763011932373,-0.008833255618810654,0.6563548445701599,0.5404673218727112,-0.02406902238726616,0.6359506249427795,0.48610424995422363,-0.035105329006910324,0.619511067867279,0.4381999969482422,-0.04236316680908203,0.7022639513015747,0.6231709122657776,-0.022916819900274277,0.6989237070083618,0.5344991683959961,-0.0357673354446888,0.6892046928405762,0.4763824939727783,-0.04197898134589195,0.6803408265113831,0.42701101303100586,-0.04535263404250145,0.7238411903381348,0.6379392147064209,-0.03817024827003479,0.7373853921890259,0.5697298049926758,-0.04594104737043381,0.742607057094574,0.5196015238761902,-0.04571117088198662,0.7455720901489258,0.4743695855140686,-0.04459284991025925
F,0.6981668472290039,0.8149191737174988,-5.2572961095620485e-08,0.6483550667762756,0.7809546589851379,-0.0030068429186940193,0.6117128133773804,0.7344433665275574,-0.011720169335603714,0.5770980715751648,0.6961420178413391,-0.024284018203616142,0.5515300035476685,0.6594666242599487,-0.036481618881225586,0.658984363079071,0.6417163610458374,0.0028809814248234034,0.6170757412910461,0.6051120758056641,-0.024124769493937492,0.5809576511383057,0.6148084998130798,-0.04836401343345642,0.560549795627594,0.6345328092575073,-0.060496214777231216,0.6786994338035583,0.6217373609542847,-0.007618388626724482,0.6566173434257507,0.5380010008811951,-0.022164002060890198,0.6356046199798584,0.4838810861110687,-0.03218476101756096,0.6188919544219971,0.436484694480896,-0.03851976618170738,0.7023027539253235,0.619774341583252,-0.022041339427232742,0.6983027458190918,0.5313050150871277,-0.03448810800909996,0.6879565119743347,0.47294488549232483,-0.03972480446100235,0.6790297627449036,0.4237610101699829,-0.04218738526105881,0.723098635673523,0.633716881275177,-0.037632644176483154,0.7364728450775146,0.5650309324264526,-0.0454566664993763,0.741531491279602,0.5143466591835022,-0.04491276293992996,0.7446275949478149,0.4687032401561737,-0.043275248259305954
F,0.6962758898735046,0.8106157183647156,-4.379559825906654e-08,0.647182285785675,0.7777841091156006,-0.003936335444450378,0.6112139225006104,0.7294692993164062,-0.012043632566928864,0.5780041217803955,0.6918187141418457,-0.023961976170539856,0.5533366799354553,0.6544315814971924,-0.03543346747756004,0.659343421459198,0.6362225413322449,0.004855214152485132,0.6189186573028564,0.6007540822029114,-0.021075015887618065,0.5823327898979187,0.6101884841918945,-0.04438967630267143,0.5614380240440369,0.6299253106117249,-0.05585088953375816,0.6789247989654541,0.6166856288909912,-0.005423853173851967,0.6573956608772278,0.5340454578399658,-0.019035328179597855,0.6361035108566284,0.4804539084434509,-0.02823140285909176,0.6192765235900879,0.43344199657440186,-0.03375603258609772,0.702051043510437,0.6150561571121216,-0.019999083131551743,0.6981955766677856,0.5271947383880615,-0.032710038125514984,0.6874238848686218,0.4687577486038208,-0.03801574185490608,0.6777448058128357,0.4197353422641754,-0.04014436528086662,0.7226342558860779,0.6294437050819397,-0.03587312996387482,0.7359336614608765,0.5606476068496704,-0.04425366595387459,0.7405763864517212,0.509102463722229,-0.04397054389119148,0.7425218820571899,0.4632180631160736,-0.042294278740882874
F,0.6984364986419678,0.8041589856147766,-4.637115935679503e-08,0.6493330597877502,0.7725874185562134,-0.004958605859428644,0.6128586530685425,0.7265555262565613,-0.014126050285995007,0.5795267820358276,0.6890659928321838,-0.026906268671154976,0.5555643439292908,0.6509519219398499,-0.039194636046886444,0.6599652767181396,0.6321367621421814,0.0029751474503427744,0.619762659072876,0.5969529151916504,-0.023688072338700294,0.5834290385246277,0.6055227518081665,-0.047461092472076416,0.5626081228256226,0.6248458027839661,-0.05912233516573906,0.6794100403785706,0.6125534176826477,-0.006804841570556164,0.6584456562995911,0.5298751592636108,-0.020932283252477646,0.6372405886650085,0.476734459400177,-0.030384056270122528,0.6202373504638672,0.4298120439052582,-0.036096468567848206,0.7028138637542725,0.610460638999939,-0.02089926041662693,0.6994167566299438,0.5228042602539062,-0.03372890502214432,0.6884105801582336,0.46477532386779785,-0.039299894124269485,0.6785711646080017,0.4159954786300659,-0.041689421981573105,0.7237095832824707,0.6248222589492798,-0.036348603665828705,0.7364816665649414,0.5563006401062012,-0.04440877586603165,0.7407816648483276,0.5056513547897339,-0.04407988488674164,0.7425514459609985,0.46071040630340576,-0.04248780384659767
F,0.6988645195960999,0.7985920906066895,-4.162815159247657e-08,0.6503638625144958,0.7686405181884766,-0.0049130539409816265,0.6139015555381775,0.7216851115226746,-0.013263115659356117,0.5806832313537598,0.6845324039459229,-0.0250980444252491,0.5569660067558289,0.6466094851493835,-0.036427564918994904,0.6609069108963013,0.6284824013710022,0.003679621033370495,0.6205909252166748,0.5936427116394043,-0.02212512120604515,0.5846068859100342,0.6017688512802124,-0.045194003731012344,0.5641001462936401,0.6206052899360657,-0.056492194533348083,0.6801588535308838,0.6082364916801453,-0.005955489352345467,0.659105658531189,0.5257149934768677,-0.02004058100283146,0.6382681131362915,0.47287702560424805,-0.02947028912603855,0.621746838092804,0.4268215596675873,-0.03499933332204819,0.7034598588943481,0.6053994297981262,-0.019877685233950615,0.699408769607544,0.5170838832855225,-0.03321593627333641,0.6883405447006226,0.4593822658061981,-0.03923514485359192,0.6784480810165405,0.4109760522842407,-0.041631363332271576,0.7243534326553345,0.6190165281295776,-0.03506619483232498,0.7364964485168457,0.550073504447937,-0.04358170926570892,0.7409730553627014,0.4996640086174011,-0.04354257509112358,0.7429239749908447,0.4552597105503082,-0.042015496641397476
F,0.70205157995224,0.7948448061943054,-5.096700661511022e-08,0.6525147557258606,0.7647098898887634,-0.004059631377458572,0.6154488325119019,0.7182049751281738,-0.012213420122861862,0.5816920399665833,0.6810908913612366,-0.024084914475679398,0.5583449006080627,0.642612099647522,-0.03525368496775627,0.662531852722168,0.6248977184295654,0.004636373370885849,0.6220455169677734,0.5894781947135925,-0.021392226219177246,0.5858938694000244,0.5978434681892395,-0.044617943465709686,0.5657119154930115,0.6173340082168579,-0.055898167192935944,0.6819125413894653,0.6042599081993103,-0.005274035967886448,0.6603930592536926,0.5222454071044922,-0.018908033147454262,0.6391295790672302,0.46898317337036133,-0.02777285687625408,0.6222726702690125,0.4226531684398651,-0.03294636309146881,0.705140233039856,0.6009811162948608,-0.01950244791805744,0.7002583742141724,0.5134657621383667,-0.03175063803792,0.6892607808113098,0.45652028918266296,-0.03632725030183792,0.6795967221260071,0.40885207056999207,-0.03792014718055725,0.725792646408081,0.6140372157096863,-0.03509307652711868,0.7375616431236267,0.54558265209198,-0.04283876717090607,0.7417094111442566,0.49524959921836853,-0.04202272742986679,0.7436352372169495,0.4506380558013916,-0.03989908844232559
F,0.7029148936271667,0.7899466753005981,-3.975023332714045e-08,0.6534494161605835,0.7608752250671387,-0.005895834416151047,0.6163617372512817,0.7146037220954895,-0.014391385950148106,0.5832613706588745,0.6776508092880249,-0.026266690343618393,0.5601046085357666,0.6387478113174438,-0.03733118996024132,0.6632958054542542,0.6207732558250427,0.004482683259993792,0.6235043406486511,0.5862870812416077,-0.0216412041336298,0.587454080581665,0.5947348475456238,-0.04501555860042572,0.5672414898872375,0.6140692830085754,-0.056289978325366974,0.6826848387718201,0.6002331376075745,-0.004509689752012491,0.6614680290222168,0.5184897184371948,-0.017880810424685478,0.640347421169281,0.4657444655895233,-0.026713445782661438,0.6237221956253052,0.41964709758758545,-0.0317937396466732,0.7061882019042969,0.5967602729797363,-0.018126433715224266,0.7009873390197754,0.5097947120666504,-0.030627861618995667,0.6894496083259583,0.4526977837085724,-0.03571203351020813,0.6793266534805298,0.405038058757782,-0.03743156045675278,0.7275940179824829,0.6093841791152954,-0.033265501260757446,0.7388555407524109,0.5407037734985352,-0.041134875267744064,0.7424380779266357,0.49004822969436646,-0.04057770222425461,0.74351567029953,0.44552361965179443,-0.0385499969124794
F,0.7072099447250366,0.7865945100784302,-5.1077471141525166e-08,0.6562962532043457,0.7556643486022949,-0.0025056118611246347,0.6189067959785461,0.7108781337738037,-0.010175969451665878,0.5846514105796814,0.6740629076957703,-0.02175833284854889,0.5614320635795593,0.6356731653213501,-0.032645292580127716,0.6656897664070129,0.6179807782173157,0.005836909636855125,0.624822199344635,0.5831063389778137,-0.02009250968694687,0.5890148282051086,0.5910418033599854,-0.04342520982027054,0.5690274834632874,0.6096862554550171,-0.054799146950244904,0.6847348213195801,0.5971931219100952,-0.004496149253100157,0.6624609231948853,0.5151630640029907,-0.018197881057858467,0.6412267088890076,0.4623431861400604,-0.027112917974591255,0.624532163143158,0.4165053367614746,-0.032292164862155914,0.7077518105506897,0.593492865562439,-0.018983855843544006,0.702677845954895,0.5060587525367737,-0.03088466450572014,0.6910322308540344,0.44919681549072266,-0.03514011576771736,0.6810532212257385,0.40165528655052185,-0.03652548789978027,0.7283890247344971,0.6060847043991089,-0.03471174091100693,0.7400989532470703,0.5370676517486572,-0.04209152236580849,0.743701696395874,0.48668578267097473,-0.04099050909280777,0.7453538775444031,0.44196784496307373,-0.03862503170967102
F,0.7071491479873657,0.7812023162841797,-3.468490561431281e-08,0.6574262976646423,0.7526487112045288,-0.006064334884285927,0.6199784874916077,0.7068824172019958,-0.014850732870399952,0.5862835645675659,0.6691803336143494,-0.026990368962287903,0.561772346496582,0.6311011910438538,-0.03838866576552391,0.6659582853317261,0.6124210953712463,0.0045971074141561985,0.6258938908576965,0.5789356827735901,-0.021400580182671547,0.590301513671875,0.5874807834625244,-0.04489066079258919,0.5703465342521667,0.6063913106918335,-0.05640993267297745,0.6849932670593262,0.5915972590446472,-0.004308024421334267,0.6623107194900513,0.5110368728637695,-0.01748259738087654,0.6414980292320251,0.4595833420753479,-0.026408949866890907,0.6253218054771423,0.4143607020378113,-0.03173868730664253,0.7086794972419739,0.5877586007118225,-0.017848610877990723,0.7023675441741943,0.5015280246734619,-0.030240178108215332,0.691097617149353,0.44556060433387756,-0.0352419912815094,0.6813313961029053,0.3987354338169098,-0.03709391877055168,0.7308207154273987,0.5999212265014648,-0.032935719937086105,0.7409546971321106,0.530916154384613,-0.04079851508140564,0.7446523308753967,0.4809044301509857,-0.040179796516895294,0.7460452914237976,0.4369388818740845,-0.03824246674776077
F,0.7115892767906189,0.7774320840835571,-5.003806435865954e-08,0.6600037813186646,0.7475754022598267,-0.004033922217786312,0.6222922205924988,0.7034257054328918,-0.01224982738494873,0.5880715847015381,0.6662213802337646,-0.02408822625875473,0.564963698387146,0.6276443600654602,-0.03519764542579651,0.6683120131492615,0.6104161143302917,0.004738935735076666,0.6277301907539368,0.5751951932907104,-0.021638670936226845,0.59218430519104,0.5838044285774231,-0.04550877586007118,0.5722725987434387,0.6029145121574402,-0.057236768305301666,0.6873659491539001,0.5893614292144775,-0.0046058050356805325,0.6646327972412109,0.507976770401001,-0.018157564103603363,0.6433552503585815,0.45629727840423584,-0.027449829503893852,0.6266311407089233,0.41104423999786377,-0.03310887888073921,0.7107577919960022,0.5851036310195923,-0.018239907920360565,0.7042713761329651,0.4982232451438904,-0.03002028353512287,0.6922087073326111,0.44198551774024963,-0.03478732705116272,0.6821697950363159,0.3949013948440552,-0.036678485572338104,0.7321694493293762,0.596646249294281,-0.03323058411478996,0.7426671385765076,0.5268863439559937,-0.04057713970541954,0.7460370659828186,0.4767492115497589,-0.03979692608118057,0.7477226257324219,0.4323635399341583,-0.03776859492063522
F,0.7145849466323853,0.7722471356391907,-2.6326844704271934e-08,0.6625620722770691,0.7429088950157166,-0.004851072560995817,0.6249334216117859,0.6987027525901794,-0.013608070090413094,0.5905219316482544,0.6604207158088684,-0.026111150160431862,0.5663788914680481,0.6221330761909485,-0.03794561326503754,0.6703022122383118,0.6061928868293762,0.005906338803470135,0.6300489902496338,0.5714256763458252,-0.019938187673687935,0.5949968695640564,0.5788845419883728,-0.04317556694149971,0.5754808783531189,0.5973504781723022,-0.05444271117448807,0.6889113783836365,0.5847582221031189,-0.0032605568412691355,0.6655864715576172,0.5042890906333923,-0.016387253999710083,0.6447883248329163,0.4532741904258728,-0.025151630863547325,0.6286857724189758,0.4082752466201782,-0.030363190919160843,0.7124099731445312,0.5800040364265442,-0.017002705484628677,0.7055999040603638,0.49402642250061035,-0.028856491670012474,0.6941274404525757,0.43822431564331055,-0.03340379521250725,0.6843851804733276,0.3915015757083893,-0.03502589091658592,0.734386146068573,0.5910727977752686,-0.032217174768447876,0.7439789175987244,0.5203403234481812,-0.039606403559446335,0.7478871941566467,0.4702812135219574,-0.03869392350316048,0.7499701380729675,0.42633163928985596,-0.03655615448951721
F,0.7176885008811951,0.7666021585464478,-1.3951924948685246e-08,0.6652078628540039,0.7375383377075195,-0.004822388757020235,0.6274619698524475,0.6936801671981812,-0.01322738453745842,0.5936459302902222,0.6557764410972595,-0.02537868544459343,0.5704414248466492,0.61673504114151,-0.03690507635474205,0.6725768446922302,0.6013994812965393,0.0069198887795209885,0.6326581239700317,0.5668529272079468,-0.018249282613396645,0.5979188680648804,0.5741219520568848,-0.04107922315597534,0.5786588788032532,0.5922372937202454,-0.052094314247369766,0.6908446550369263,0.5797941088676453,-0.0021763418335467577,0.6675152778625488,0.4992203712463379,-0.01463356614112854,0.6470458507537842,0.4483755826950073,-0.023301048204302788,0.6312633156776428,0.40348145365715027,-0.028512950986623764,0.7141271829605103,0.5742670893669128,-0.015921657904982567,0.7069047093391418,0.4881286919116974,-0.02759559080004692,0.6955693960189819,0.4321386516094208,-0.03302653133869171,0.6859928965568542,0.385743111371994,-0.035350069403648376,0.7364100217819214,0.584444522857666,-0.03110169619321823,0.745944082736969,0.5139442682266235,-0.0383702851831913,0.7503376603126526,0.4641575813293457,-0.0379200279712677,0.7527540326118469,0.420893132686615,-0.03625238686800003
F,0.721542477607727,0.7613416910171509,-1.7367987936722784e-08,0.6693490147590637,0.7321463227272034,-0.004688561428338289,0.6317233443260193,0.6885232329368591,-0.01299547590315342,0.5974507331848145,0.6511616706848145,-0.02509376034140587,0.5752151012420654,0.611676812171936,-0.03654545545578003,0.6765706539154053,0.5978397130966187,0.006040905136615038,0.6362631320953369,0.5619260668754578,-0.02022148296236992,0.6010528802871704,0.5694516897201538,-0.04377049580216408,0.5815852880477905,0.5878890156745911,-0.055123068392276764,0.6945288777351379,0.5756934881210327,-0.0030305301770567894,0.6704199910163879,0.49445098638534546,-0.016563158482313156,0.6496641635894775,0.44267213344573975,-0.025795159861445427,0.6335230469703674,0.39731645584106445,-0.03117995522916317,0.7178041338920593,0.5695574283599854,-0.01666818931698799,0.710414707660675,0.48340344429016113,-0.028774747624993324,0.69903564453125,0.4272732138633728,-0.03384429216384888,0.6891402006149292,0.3805587589740753,-0.035649728029966354,0.740118682384491,0.5790174603462219,-0.031741734594106674,0.7497240304946899,0.5081157088279724,-0.03910532966256142,0.7538336515426636,0.458124577999115,-0.03825991600751877,0.7560122609138489,0.41498374938964844,-0.03607621416449547
F,0.7248702645301819,0.7559860944747925,-1.3184877190042243e-08,0.6734091639518738,0.728313148021698,-0.006198857445269823,0.6354519724845886,0.6841158866882324,-0.014692242257297039,0.6019405126571655,0.6467347741127014,-0.02679932676255703,0.58043372631073,0.6057891845703125,-0.038132838904857635,0.679589033126831,0.5918509364128113,0.006875030230730772,0.6402815580368042,0.5568767189979553,-0.01931087113916874,0.605337381362915,0.5643653273582458,-0.04315735772252083,0.5858388543128967,0.5825000405311584,-0.054754748940467834,0.6980215907096863,0.5696099400520325,-0.0016854614950716496,0.6740840673446655,0.48949506878852844,-0.014739211648702621,0.6534491777420044,0.43789055943489075,-0.02435947209596634,0.6374117136001587,0.39249593019485474,-0.03010636381804943,0.722027599811554,0.5632728338241577,-0.01511854212731123,0.7142453789710999,0.4780385494232178,-0.027340617030858994,0.7031073570251465,0.4219929575920105,-0.03312980756163597,0.6932305693626404,0.37550050020217896,-0.03539469465613365,0.7454192638397217,0.5723715424537659,-0.030136123299598694,0.7547181248664856,0.502470850944519,-0.03753777593374252,0.7589238882064819,0.45270586013793945,-0.03700456768274307,0.7607110738754272,0.4098151922225952,-0.03507952764630318
F,0.7288992404937744,0.7506185173988342,-1.657615911199173e-08,0.6779720187187195,0.7229886054992676,-0.005911828950047493,0.6398909687995911,0.6786609292030334,-0.013882274739444256,0.6062548160552979,0.6410548686981201,-0.02538062259554863,0.585121214389801,0.5998706221580505,-0.03606494888663292,0.6836100816726685,0.5874597430229187,0.007058267947286367,0.6444721221923828,0.5518075823783875,-0.018194446340203285,0.6101431250572205,0.5588701963424683,-0.04112309217453003,0.5908938646316528,0.576522946357727,-0.052167437970638275,0.7021597623825073,0.5654343366622925,-0.0014038353692740202,0.6783454418182373,0.48500877618789673,-0.01403130404651165,0.6578834652900696,0.43348321318626404,-0.023373261094093323,0.6419175267219543,0.3881290555000305,-0.02894485928118229,0.7263473272323608,0.5592511296272278,-0.014645005576312542,0.7185527682304382,0.4739013612270355,-0.02668016031384468,0.7071174383163452,0.4177664816379547,-0.032836027443408966,0.697015106678009,0.37117940187454224,-0.035366300493478775,0.7499637007713318,0.5683134198188782,-0.029385844245553017,0.7594602108001709,0.4984384775161743,-0.036674078553915024,0.7638972997665405,0.4488130211830139,-0.03648887574672699,0.7660171985626221,0.40601563453674316,-0.0348990336060524
F,0.734404444694519,0.7474778890609741,-2.4640220530613988e-08,0.6825860142707825,0.7173929810523987,-0.004232107661664486,0.6449384093284607,0.6751625537872314,-0.012386509217321873,0.6104083061218262,0.6368975043296814,-0.024239011108875275,0.5897301435470581,0.5957525372505188,-0.03549490123987198,0.6892122030258179,0.585482120513916,0.00582840433344245,0.6490693688392639,0.5484635829925537,-0.019919250160455704,0.6146904826164246,0.5547298192977905,-0.04337120056152344,0.5954980850219727,0.5716164112091064,-0.05491708964109421,0.7077716588973999,0.5627238154411316,-0.0031447182409465313,0.6835592985153198,0.4815351366996765,-0.01624869555234909,0.6626861691474915,0.42980414628982544,-0.025982635095715523,0.6465470194816589,0.3844936788082123,-0.032029345631599426,0.7317177057266235,0.556664764881134,-0.016459517180919647,0.7242426872253418,0.47070443630218506,-0.028236422687768936,0.7122989892959595,0.4146638512611389,-0.034112270921468735,0.7021336555480957,0.3678125739097595,-0.036801476031541824,0.7546805739402771,0.5665320158004761,-0.031057335436344147,0.7654674053192139,0.49604693055152893,-0.038487259298563004,0.7696421146392822,0.44649189710617065,-0.03834645077586174,0.7718780040740967,0.40291082859039307,-0.03687851503491402
F,0.7372052669525146,0.7432712316513062,-7.041789373829488e-09,0.6863934993743896,0.7149854898452759,-0.006283737253397703,0.6487010717391968,0.6711498498916626,-0.014506516046822071,0.6150903105735779,0.6334425210952759,-0.026168039068579674,0.5939953923225403,0.5922596454620361,-0.037089575082063675,0.6916360259056091,0.5805632472038269,0.006126842927187681,0.6528452038764954,0.5451128482818604,-0.019194331020116806,0.6186555624008179,0.551751434803009,-0.04206234589219093,0.599372386932373,0.5692623853683472,-0.05312062054872513,0.710654079914093,0.5579180121421814,-0.0021457814145833254,0.6874184608459473,0.47777244448661804,-0.01476156897842884,0.6670095324516296,0.42612016201019287,-0.023935843259096146,0.6510773301124573,0.3810593783855438,-0.029418157413601875,0.7351228594779968,0.5518442392349243,-0.015161627903580666,0.7281919121742249,0.4672258198261261,-0.027353500947356224,0.716991126537323,0.4111452102661133,-0.03334539011120796,0.7069407105445862,0.36481374502182007,-0.03576955571770668,0.7587546706199646,0.5615813136100769,-0.029686227440834045,0.7695012092590332,0.4918190836906433,-0.03750219568610191,0.7743952870368958,0.44231390953063965,-0.037450287491083145,0.7766721248626709,0.3995589017868042,-0.03586577996611595
F,0.7417933940887451,0.7405696511268616,-1.2062660204037456e-08,0.6907132267951965,0.7126650810241699,-0.005921500734984875,0.652664303779602,0.6693270802497864,-0.013951646164059639,0.6184587478637695,0.6319066286087036,-0.02532089874148369,0.5965816974639893,0.5916800498962402,-0.03598557785153389,0.6955966949462891,0.5775490403175354,0.006088827271014452,0.6563501358032227,0.5426071286201477,-0.018834030255675316,0.6227282285690308,0.5490347146987915,-0.041519131511449814,0.6037959456443787,0.5660198926925659,-0.052681468427181244,0.7149418592453003,0.5547934770584106,-0.002483686897903681,0.6913847327232361,0.47478780150413513,-0.015251323580741882,0.670941948890686,0.4231176972389221,-0.024753881618380547,0.6549096703529358,0.3784409761428833,-0.030596204102039337,0.7392542362213135,0.5492148995399475,-0.015678102150559425,0.7319527268409729,0.46466556191444397,-0.027850216254591942,0.7207341194152832,0.4089670777320862,-0.034151341766119,0.7106181383132935,0.3623964786529541,-0.03705661743879318,0.76253342628479,0.5599877834320068,-0.03032466024160385,0.7734246850013733,0.4911388158798218,-0.038267847150564194,0.7781718373298645,0.4419497847557068,-0.038554847240448,0.7803031802177429,0.39865225553512573,-0.03741905465722084
F,0.7458164095878601,0.7395696043968201,-8.017845054553163e-09,0.6937666535377502,0.7108185291290283,-0.005367538891732693,0.6556740999221802,0.6681722402572632,-0.013541876338422298,0.6207770109176636,0.6303439736366272,-0.025140605866909027,0.598925769329071,0.5902439951896667,-0.036084845662117004,0.698837161064148,0.5770449638366699,0.005429231561720371,0.659342348575592,0.5415371060371399,-0.020273979753255844,0.6254900097846985,0.5473910570144653,-0.04352862760424614,0.6061016917228699,0.5636060237884521,-0.055053889751434326,0.7180126309394836,0.5539669990539551,-0.00333677907474339,0.6944581866264343,0.4736219048500061,-0.016913851723074913,0.6740671992301941,0.42157745361328125,-0.026599790900945663,0.6579171419143677,0.3765130043029785,-0.032454196363687515,0.7420390844345093,0.5484822392463684,-0.016615603119134903,0.7346796989440918,0.4634505808353424,-0.0291238222271204,0.7234418988227844,0.40759140253067017,-0.03496536239981651,0.7135569453239441,0.3608468770980835,-0.037454597651958466,0.7648026943206787,0.5593922138214111,-0.03130695968866348,0.7759966850280762,0.489981085062027,-0.039711080491542816,0.781098484992981,0.44056349992752075,-0.04000936076045036,0.7842260003089905,0.39681804180145264,-0.03872046247124672
F,0.7478351593017578,0.7376129627227783,-4.420184662734528e-09,0.6957259178161621,0.709924578666687,-0.005573028698563576,0.6577218174934387,0.6678417921066284,-0.013850600458681583,0.6229658722877502,0.6294166445732117,-0.025229839608073235,0.6005462408065796,0.5897579193115234,-0.03592246398329735,0.7012409567832947,0.5768224596977234,0.0036478687543421984,0.6612000465393066,0.5413085222244263,-0.021576670929789543,0.6274538040161133,0.5466217994689941,-0.04405679553747177,0.6084527373313904,0.5624876022338867,-0.05509968847036362,0.7202311158180237,0.5538575053215027,-0.00477641774341464,0.6960111856460571,0.47234901785850525,-0.018687518313527107,0.6758703589439392,0.42006993293762207,-0.028197113424539566,0.6602396368980408,0.3751872479915619,-0.033815786242485046,0.7441248297691345,0.5483828783035278,-0.017462849617004395,0.7367297410964966,0.4629242718219757,-0.030122654512524605,0.7256587743759155,0.4069950580596924,-0.035844169557094574,0.7160711884498596,0.36014866828918457,-0.03819219022989273,0.767063319683075,0.5594378113746643,-0.031481143087148666,0.7781832814216614,0.4896236062049866,-0.03987625986337662,0.7828317880630493,0.44038695096969604,-0.0400400348007679,0.7857815623283386,0.39680540561676025,-0.038628291338682175
F,0.7497612237930298,0.7383233308792114,-1.9570173037664063e-08,0.6967007517814636,0.7086654305458069,-0.0039001205004751682,0.6588594913482666,0.6669296026229858,-0.011864220723509789,0.6229528188705444,0.6282816529273987,-0.02314978837966919,0.5999911427497864,0.5895876288414001,-0.03379272297024727,0.7044220566749573,0.577522873878479,0.0033152541145682335,0.6620752215385437,0.5414795279502869,-0.022643236443400383,0.6276134252548218,0.5481414794921875,-0.046148985624313354,0.6081807017326355,0.5646280646324158,-0.057984936982393265,0.723239004611969,0.554215133190155,-0.005318234208971262,0.6977450251579285,0.4724700450897217,-0.020069453865289688,0.6774129867553711,0.4210091233253479,-0.03006625734269619,0.661681056022644,0.3764938712120056,-0.03604169562458992,0.7464980483055115,0.5489002466201782,-0.017814652994275093,0.7387200593948364,0.4631151556968689,-0.03009810484945774,0.7271358370780945,0.4078378677368164,-0.03455119952559471,0.7176603078842163,0.3610472083091736,-0.03610483184456825,0.7682780027389526,0.5601881146430969,-0.03154205158352852,0.779315173625946,0.48986485600471497,-0.03946985304355621,0.7834126949310303,0.4408342242240906,-0.03871549665927887,0.7867496013641357,0.3966635465621948,-0.03654632717370987
F,0.7497542500495911,0.7381652593612671,-2.5074880838360514e-08,0.6970051527023315,0.7083843350410461,-0.003665139665827155,0.6591430902481079,0.6670656800270081,-0.011843685060739517,0.6232925653457642,0.6284995079040527,-0.02350303903222084,0.600455105304718,0.589418888092041,-0.034587111324071884,0.7043529748916626,0.5780516266822815,0.003227226436138153,0.6624500155448914,0.5412273406982422,-0.022911956533789635,0.6278607845306396,0.5482885837554932,-0.04663502052426338,0.6082614064216614,0.5653987526893616,-0.058675624430179596,0.7232358455657959,0.5549533367156982,-0.0055151088163256645,0.6982662081718445,0.47339749336242676,-0.020046347752213478,0.6776648163795471,0.4221002459526062,-0.030076416209340096,0.6615841388702393,0.37746620178222656,-0.036315929144620895,0.7466139197349548,0.5495303869247437,-0.018102459609508514,0.7392444014549255,0.4630834460258484,-0.02983286790549755,0.7272923588752747,0.408424437046051,-0.033913660794496536,0.7173038125038147,0.36224985122680664,-0.03552507609128952,0.7684131264686584,0.5603823661804199,-0.03196674585342407,0.7797313332557678,0.49027496576309204,-0.03971552103757858,0.783802330493927,0.44090303778648376,-0.03898751735687256,0.7867637872695923,0.39612260460853577,-0.03699076175689697
F,0.7497949004173279,0.7382388710975647,-2.277506183645528e-08,0.6974573135375977,0.7086724042892456,-0.00354587659239769,0.6592413187026978,0.6677446365356445,-0.011811316013336182,0.6230716705322266,0.6295092105865479,-0.02349051833152771,0.6002775430679321,0.5903770327568054,-0.03455968573689461,0.7043910026550293,0.5786245465278625,0.002736686961725354,0.662375807762146,0.5419211387634277,-0.02342274971306324,0.6281198263168335,0.5490278601646423,-0.04714683070778847,0.6087976694107056,0.565986156463623,-0.059245552867650986,0.7233470678329468,0.5555753111839294,-0.006138609256595373,0.6982898116111755,0.4738922119140625,-0.02101445570588112,0.6776536107063293,0.42231446504592896,-0.03141479939222336,0.6616199016571045,0.37780433893203735,-0.03794040530920029,0.7467257976531982,0.5501860976219177,-0.01875845156610012,0.7391241788864136,0.4636805057525635,-0.030650949105620384,0.7272881269454956,0.4090397357940674,-0.03501925244927406,0.717506468296051,0.3627009689807892,-0.03687180206179619,0.768463134765625,0.5611188411712646,-0.03259394317865372,0.7796300649642944,0.4909612536430359,-0.040315836668014526,0.7836123704910278,0.4415721893310547,-0.03965232893824577,0.7865020632743835,0.3966014087200165,-0.03776746988296509
F,0.7495133876800537,0.7389479279518127,-2.2480996619833604e-08,0.697622537612915,0.710490882396698,-0.004211189690977335,0.6590752005577087,0.668924868106842,-0.012318582274019718,0.6231369376182556,0.630678117275238,-0.023790422827005386,0.6002551317214966,0.5919064879417419,-0.03459420055150986,0.7035061120986938,0.578731894493103,0.0033227386884391308,0.66147780418396,0.5427111983299255,-0.022799067199230194,0.6273086667060852,0.5502822995185852,-0.0463622622191906,0.6082726716995239,0.5675055980682373,-0.058221638202667236,0.7227692008018494,0.5554066896438599,-0.005334741435945034,0.6976652145385742,0.4746280610561371,-0.020088113844394684,0.6770092248916626,0.4231661856174469,-0.03015998564660549,0.6610220670700073,0.3789771497249603,-0.03624304011464119,0.7465517520904541,0.5497676134109497,-0.017957434058189392,0.7386443614959717,0.46412238478660583,-0.030154963955283165,0.7268140316009521,0.4094521701335907,-0.03453608974814415,0.7169279456138611,0.36341986060142517,-0.03609330579638481,0.7687004804611206,0.5605713129043579,-0.031876370310783386,0.7796887159347534,0.49098095297813416,-0.03977661579847336,0.7837275266647339,0.4416632652282715,-0.03913680836558342,0.7864781618118286,0.39710313081741333,-0.03707540035247803
F,0.7495827674865723,0.7393186092376709,-2.2582820946581705e-08,0.6977956295013428,0.7108339071273804,-0.00399367418140173,0.6592104434967041,0.6699439287185669,-0.012229680083692074,0.622938871383667,0.6317059993743896,-0.023816529661417007,0.6001584529876709,0.5926019549369812,-0.034670013934373856,0.7036241292953491,0.5798723697662354,0.0029251498635858297,0.6613340973854065,0.5437275767326355,-0.02344469353556633,0.6272354125976562,0.5512632727622986,-0.04726019874215126,0.6081550717353821,0.5683824419975281,-0.0593193843960762,0.722689151763916,0.556553304195404,-0.0057153888046741486,0.69737309217453,0.47542840242385864,-0.02074289694428444,0.676946759223938,0.42403364181518555,-0.03106839582324028,0.661210834980011,0.37983542680740356,-0.03738425672054291,0.7463473081588745,0.5507687330245972,-0.018224293366074562,0.7382982969284058,0.4646872282028198,-0.030323566868901253,0.726560652256012,0.4102551341056824,-0.03447271138429642,0.7168245315551758,0.3641716539859772,-0.03593939170241356,0.7685288190841675,0.5611828565597534,-0.032012853771448135,0.7794080972671509,0.4913349747657776,-0.03961490839719772,0.7834615707397461,0.44219809770584106,-0.03872007504105568,0.7863239049911499,0.3975505232810974,-0.03653547167778015
F,0.7500120401382446,0.7398793697357178,-2.1242513525976392e-08,0.6977217793464661,0.7102892994880676,-0.0034624573308974504,0.6594303846359253,0.6698352694511414,-0.011774708516895771,0.6229752898216248,0.631619930267334,-0.023523608222603798,0.6002185940742493,0.5924115180969238,-0.034541890025138855,0.7046747207641602,0.5805023312568665,0.002787825418636203,0.6621254682540894,0.543796718120575,-0.023580538108944893,0.627668559551239,0.5509912371635437,-0.04735032841563225,0.608185350894928,0.5679344534873962,-0.05936093628406525,0.7233626246452332,0.5573840141296387,-0.005970588885247707,0.6976324915885925,0.4758443236351013,-0.021161727607250214,0.6769381761550903,0.42453527450561523,-0.03139705955982208,0.6608453392982483,0.3799436688423157,-0.0375945083796978,0.7466052770614624,0.5516886711120605,-0.018467864021658897,0.7385751605033875,0.465280145406723,-0.030432362109422684,0.7266495823860168,0.4105306565761566,-0.03417162969708443,0.7169595956802368,0.36408236622810364,-0.03533602133393288,0.76845383644104,0.5621659159660339,-0.032207079231739044,0.7793471813201904,0.49162739515304565,-0.03962007164955139,0.7834494113922119,0.442219078540802,-0.03841465339064598,0.7866770029067993,0.3973308801651001,-0.03596622124314308
F,0.7498294711112976,0.739878237247467,-2.2656656994968216e-08,0.6977302432060242,0.7109001874923706,-0.0037649215664714575,0.6593822836875916,0.6696301698684692,-0.011885028332471848,0.6231541633605957,0.6314315795898438,-0.023424971848726273,0.6001641750335693,0.5926784873008728,-0.03430004045367241,0.7041153311729431,0.5802528858184814,0.0033731262665241957,0.662117063999176,0.5439063310623169,-0.022623032331466675,0.6278301477432251,0.5511083602905273,-0.04614753648638725,0.6086656451225281,0.5681634545326233,-0.05802963301539421,0.7230788469314575,0.5571467280387878,-0.00541175389662385,0.697697103023529,0.47599396109580994,-0.020033348351716995,0.6769843101501465,0.4245418608188629,-0.030157404020428658,0.6610537171363831,0.37998437881469727,-0.036386750638484955,0.7466098666191101,0.5514834523200989,-0.018060987815260887,0.7385711669921875,0.46554550528526306,-0.029884397983551025,0.7266214489936829,0.4107741415500641,-0.03408113121986389,0.716892421245575,0.36447495222091675,-0.03566264361143112,0.7687134742736816,0.5619555115699768,-0.03197777271270752,0.7793728113174438,0.49181076884269714,-0.039471328258514404,0.7834053039550781,0.44245514273643494,-0.03859641030430794,0.7864280939102173,0.3978610634803772,-0.03648030012845993
F,0.7496379017829895,0.7397717237472534,-1.658900750101111e-08,0.6980168223381042,0.7111785411834717,-0.004406168591231108,0.6595488786697388,0.6697500348091125,-0.012836604379117489,0.6232901215553284,0.631527304649353,-0.024643324315547943,0.6003631353378296,0.5925777554512024,-0.03575056046247482,0.704064130783081,0.5802704691886902,0.003263056045398116,0.6625165343284607,0.5439325571060181,-0.022861745208501816,0.6282703280448914,0.5506544709205627,-0.046280957758426666,0.608986496925354,0.5674839019775391,-0.058005958795547485,0.7229615449905396,0.5570078492164612,-0.005362323950976133,0.6978237628936768,0.4761594831943512,-0.020158782601356506,0.6769667267799377,0.4246867299079895,-0.030139582231640816,0.6609306335449219,0.38014453649520874,-0.03611993044614792,0.7465428113937378,0.5512264370918274,-0.01798214577138424,0.7386584281921387,0.46572041511535645,-0.030118580907583237,0.7266847491264343,0.41086575388908386,-0.03432740271091461,0.716832160949707,0.3645758628845215,-0.035746339708566666,0.7686829566955566,0.5617026090621948,-0.03193434327840805,0.7794662714004517,0.49183428287506104,-0.039560385048389435,0.7836240530014038,0.44244128465652466,-0.0387234091758728,0.7866030931472778,0.39801567792892456,-0.03655767813324928
F,0.7494379878044128,0.7396301031112671,-1.3926077180315133e-08,0.6978955864906311,0.7114781141281128,-0.005020991899073124,0.6595460772514343,0.6692837476730347,-0.013525496236979961,0.6234418153762817,0.6307053565979004,-0.025264160707592964,0.6002524495124817,0.5920433402061462,-0.036329787224531174,0.7041094303131104,0.5799242854118347,0.0028216494247317314,0.6627631187438965,0.5439300537109375,-0.023218214511871338,0.6283555030822754,0.5505187511444092,-0.0465940423309803,0.6087206602096558,0.5670096278190613,-0.058348383754491806,0.7230125665664673,0.5567072629928589,-0.0056118532083928585,0.6980520486831665,0.4759255051612854,-0.02045474946498871,0.6770843863487244,0.4243983328342438,-0.03054232895374298,0.6609734296798706,0.3799252510070801,-0.03662063181400299,0.746619701385498,0.5511299967765808,-0.018086854368448257,0.7386744022369385,0.4655975103378296,-0.03054121322929859,0.7266523838043213,0.4107434153556824,-0.035104431211948395,0.7166917324066162,0.36451828479766846,-0.0367419570684433,0.7687946557998657,0.561819851398468,-0.031917184591293335,0.7796586155891418,0.4919236898422241,-0.03981686756014824,0.7840465903282166,0.44255000352859497,-0.03921874612569809,0.7870906591415405,0.39818358421325684,-0.03726513311266899
F,0.7495958805084229,0.7393530607223511,-1.2456832898521952e-08,0.6979360580444336,0.7109453082084656,-0.004934920929372311,0.6594668626785278,0.669235348701477,-0.013599910773336887,0.6233698129653931,0.6306394338607788,-0.025516634806990623,0.6002743244171143,0.5917802453041077,-0.03679997846484184,0.7039312720298767,0.5794470310211182,0.002671882975846529,0.662788987159729,0.543452799320221,-0.023202810436487198,0.6285393238067627,0.5501473546028137,-0.04646321386098862,0.6090335845947266,0.5665504932403564,-0.0582401379942894,0.723029613494873,0.5562623143196106,-0.005910808686167002,0.6982803344726562,0.4756367802619934,-0.020906904712319374,0.6772759556770325,0.42410826683044434,-0.031243909150362015,0.6611756086349487,0.37949714064598083,-0.037570562213659286,0.746639609336853,0.5509167313575745,-0.018464429304003716,0.7390041947364807,0.4654713571071625,-0.031058309599757195,0.7268308401107788,0.4106765687465668,-0.03585352376103401,0.7168059349060059,0.3644556999206543,-0.03774220496416092,0.7686687111854553,0.5618164539337158,-0.03233357518911362,0.7794865369796753,0.4920540452003479,-0.04038584604859352,0.7837737798690796,0.44265124201774597,-0.039948951452970505,0.786889910697937,0.3981439173221588,-0.038182854652404785
F,0.749208927154541,0.7389730215072632,-6.224461834847261e-09,0.6977934241294861,0.7108844518661499,-0.005566510371863842,0.6592376232147217,0.6684951782226562,-0.014243364334106445,0.6230521202087402,0.6300380825996399,-0.026137778535485268,0.5997810959815979,0.5915158987045288,-0.03737001493573189,0.7028380036354065,0.5787156224250793,0.0031551800202578306,0.6617382168769836,0.5433092713356018,-0.02298586070537567,0.6276029348373413,0.5502869486808777,-0.04648522287607193,0.6082585453987122,0.5669265985488892,-0.058349791914224625,0.722125768661499,0.555374264717102,-0.005238117650151253,0.6977156400680542,0.475094735622406,-0.020154887810349464,0.6767942905426025,0.42322829365730286,-0.030525624752044678,0.6607663035392761,0.37880638241767883,-0.03685838729143143,0.7458392381668091,0.5500431060791016,-0.017806274816393852,0.7384791374206543,0.4649185836315155,-0.03051859140396118,0.7266835570335388,0.4100726544857025,-0.03545108437538147,0.7168002128601074,0.3640586733818054,-0.037365417927503586,0.768008291721344,0.5610540509223938,-0.031779564917087555,0.778980553150177,0.49191564321517944,-0.03993667662143707,0.7833586931228638,0.4426330327987671,-0.039577145129442215,0.7861790060997009,0.3983246684074402,-0.03783271834254265
F,0.7475182414054871,0.7376368045806885,-5.6761644273706224e-09,0.696965754032135,0.7112908959388733,-0.007038494106382132,0.6578084826469421,0.668204128742218,-0.01590627059340477,0.6218308806419373,0.6301043033599854,-0.02767017111182213,0.5987991690635681,0.5906858444213867,-0.03873853757977486,0.7010219097137451,0.5773317217826843,0.0028783187735825777,0.6607525944709778,0.542718231678009,-0.022816143929958344,0.626909077167511,0.5499573349952698,-0.045961540192365646,0.6076327562332153,0.5664706230163574,-0.05771893262863159,0.7206079363822937,0.5541629791259766,-0.005141228437423706,0.6963449716567993,0.4740557372570038,-0.019851842895150185,0.6754922270774841,0.42276743054389954,-0.030479639768600464,0.6596075296401978,0.3789863586425781,-0.037091583013534546,0.7446314096450806,0.5489825010299683,-0.017526943236589432,0.7367224097251892,0.46398377418518066,-0.030909739434719086,0.7250843644142151,0.40927889943122864,-0.03705478087067604,0.7151641845703125,0.36334115266799927,-0.039787594228982925,0.7672649621963501,0.5599270462989807,-0.03134683892130852,0.7769780158996582,0.4909774363040924,-0.04016435891389847,0.781251847743988,0.4418593645095825,-0.04057764634490013,0.7835900783538818,0.3977994918823242,-0.039497051388025284
F,0.7454164028167725,0.7381607294082642,-2.8462912027293896e-09,0.6951600909233093,0.7115156650543213,-0.0071970210410654545,0.656475305557251,0.6675470471382141,-0.015830159187316895,0.6207808256149292,0.6293275356292725,-0.027371477335691452,0.5977519154548645,0.5899635553359985,-0.03813810274004936,0.6997655630111694,0.5775943398475647,0.004043803550302982,0.6600239872932434,0.5426839590072632,-0.02133062481880188,0.6261676549911499,0.5487643480300903,-0.04414007067680359,0.6067038178443909,0.5646059513092041,-0.05558013170957565,0.7191147804260254,0.5539796948432922,-0.003954153507947922,0.695237934589386,0.4739886522293091,-0.018703902140259743,0.6744101047515869,0.42248275876045227,-0.02924540638923645,0.6584932804107666,0.37866532802581787,-0.035533662885427475,0.7431581616401672,0.5482234954833984,-0.016436614096164703,0.73548424243927,0.46385902166366577,-0.03014068864285946,0.723822832107544,0.409232497215271,-0.03644075617194176,0.713690996170044,0.36372530460357666,-0.03894447907805443,0.7658673524856567,0.5588589906692505,-0.03037199378013611,0.7762088775634766,0.4900447130203247,-0.039071958512067795,0.780597448348999,0.44079113006591797,-0.03937884792685509,0.7827584743499756,0.3974595367908478,-0.03810290992259979
F,0.7426577806472778,0.7379036545753479,-6.163103805079118e-09,0.6936012506484985,0.7118473649024963,-0.008455517701804638,0.6542969346046448,0.6677477955818176,-0.01743713952600956,0.6187511086463928,0.6296568512916565,-0.02896168828010559,0.5958709120750427,0.5900455713272095,-0.03961554914712906,0.6975791454315186,0.5774820446968079,0.002626907778903842,0.6577451825141907,0.5432985424995422,-0.023211054503917694,0.6240200400352478,0.5488287210464478,-0.0464840829372406,0.604210615158081,0.5639409422874451,-0.058183703571558,0.7166652083396912,0.5537569522857666,-0.004706588573753834,0.6926695108413696,0.4737141728401184,-0.019545506685972214,0.6722744107246399,0.4221940040588379,-0.030349239706993103,0.6567463278770447,0.37850701808929443,-0.03686708211898804,0.740767240524292,0.5474346876144409,-0.016602907329797745,0.7326210737228394,0.46316057443618774,-0.030706051737070084,0.7213659286499023,0.40885162353515625,-0.037659842520952225,0.7116626501083374,0.36394190788269043,-0.04054023697972298,0.7639408111572266,0.5573132038116455,-0.030010830610990524,0.7740723490715027,0.4887661635875702,-0.038944173604249954,0.7784228324890137,0.439516544342041,-0.03964701294898987,0.7801682949066162,0.3963156044483185,-0.03864680975675583
F,0.739812433719635,0.7380739450454712,-1.3270518017804989e-08,0.6901301145553589,0.7119770050048828,-0.008082836866378784,0.6509637832641602,0.6677642464637756,-0.016741249710321426,0.6157346963882446,0.6293860077857971,-0.028126556426286697,0.5927243828773499,0.589616060256958,-0.03858397156000137,0.6953551173210144,0.57692551612854,0.004072661977261305,0.6556865572929382,0.5422871112823486,-0.021361304447054863,0.6216305494308472,0.5486955642700195,-0.044538356363773346,0.6014904379844666,0.5645034313201904,-0.05624939873814583,0.7144601941108704,0.5534238815307617,-0.0033573058899492025,0.6908893585205078,0.4738841950893402,-0.01770239695906639,0.6701489090919495,0.42247647047042847,-0.02842174656689167,0.6541143655776978,0.3786930441856384,-0.035025838762521744,0.7380988597869873,0.5471551418304443,-0.015399941243231297,0.7306333780288696,0.4631396234035492,-0.028800267726182938,0.7194857001304626,0.409185528755188,-0.03520577400922775,0.7095642685890198,0.3644826412200928,-0.03789474815130234,0.7606648802757263,0.5568140149116516,-0.029027007520198822,0.7710721492767334,0.48897236585617065,-0.03739330917596817,0.7756806015968323,0.4401150941848755,-0.037728261202573776,0.7775517702102661,0.39717286825180054,-0.03655330464243889
F,0.7370012998580933,0.7389841079711914,-1.3179061397750047e-08,0.6873683333396912,0.7133529186248779,-0.00905999168753624,0.6479801535606384,0.6681277751922607,-0.017597487196326256,0.6131301522254944,0.6297528147697449,-0.028776977211236954,0.5899888873100281,0.5902298092842102,-0.03900928795337677,0.6918025016784668,0.5771921277046204,0.00425697211176157,0.6523060202598572,0.5427020788192749,-0.021014191210269928,0.6182236671447754,0.5493284463882446,-0.0438142754137516,0.5982627868652344,0.5654900074005127,-0.05519416555762291,0.7109454870223999,0.5534761548042297,-0.002966789063066244,0.687923789024353,0.4743749499320984,-0.017470737919211388,0.667044460773468,0.42283448576927185,-0.028183413669466972,0.6510067582130432,0.37871092557907104,-0.03458617627620697,0.7347157597541809,0.54705411195755,-0.014996876008808613,0.7278409004211426,0.4634380638599396,-0.0291379913687706,0.716410219669342,0.4092400074005127,-0.03615427389740944,0.7060511112213135,0.36464017629623413,-0.038948189467191696,0.7573264241218567,0.5567772388458252,-0.028677385300397873,0.7678770422935486,0.48902249336242676,-0.037632912397384644,0.7722175717353821,0.43970823287963867,-0.038418691605329514,0.7735521793365479,0.39688873291015625,-0.03741639852523804
F,0.7320351600646973,0.7391769289970398,-6.165878474462261e-09,0.6837115287780762,0.7133890390396118,-0.010096713900566101,0.6442364454269409,0.6683413982391357,-0.019296148791909218,0.6088824272155762,0.6305826306343079,-0.030868666246533394,0.5854881405830383,0.591103732585907,-0.04145902767777443,0.6877731084823608,0.5769039392471313,0.0027683444786816835,0.648779034614563,0.5432953238487244,-0.022905590012669563,0.6146544814109802,0.5500384569168091,-0.04594003036618233,0.5941783785820007,0.5659193992614746,-0.057527828961610794,0.7065514326095581,0.5532597899436951,-0.004078430123627186,0.6836302876472473,0.47431686520576477,-0.019142480567097664,0.6629446148872375,0.42305079102516174,-0.030096903443336487,0.6468774676322937,0.3789842426776886,-0.036673638969659805,0.7301278710365295,0.5470064282417297,-0.01576891355216503,0.7238864898681641,0.46330326795578003,-0.03061821311712265,0.7130987644195557,0.4092589318752289,-0.038072481751441956,0.7028903961181641,0.36446934938430786,-0.041094858199357986,0.7527966499328613,0.5570540428161621,-0.029135700315237045,0.7638270258903503,0.48918211460113525,-0.038478221744298935,0.7683649659156799,0.43987607955932617,-0.0395054966211319,0.7693934440612793,0.39676183462142944,-0.03874996677041054
F,0.7290539145469666,0.7385436296463013,-1.1085738549354573e-08,0.679304301738739,0.7122150659561157,-0.009397265501320362,0.6400741338729858,0.6691717505455017,-0.01894066296517849,0.6048754453659058,0.6313970685005188,-0.031068556010723114,0.5813469886779785,0.591913640499115,-0.04221924766898155,0.6835607886314392,0.5774047374725342,0.0026634070090949535,0.6442157030105591,0.5432378649711609,-0.023257942870259285,0.6098545789718628,0.5508168339729309,-0.04617612436413765,0.5900863409042358,0.568234920501709,-0.057503025978803635,0.7021543383598328,0.5541200637817383,-0.004330386407673359,0.6790607571601868,0.4748435616493225,-0.019089076668024063,0.6583575010299683,0.42366060614585876,-0.02925913594663143,0.6421537399291992,0.37869492173194885,-0.03526553511619568,0.7255544662475586,0.5475205183029175,-0.01610773801803589,0.7190881371498108,0.46380192041397095,-0.030144786462187767,0.70822674036026,0.40984320640563965,-0.0364072285592556,0.697830319404602,0.365268349647522,-0.03874482586979866,0.7478933334350586,0.5570653676986694,-0.02959691919386387,0.7587077021598816,0.489236056804657,-0.038411401212215424,0.7628408074378967,0.4398547410964966,-0.03878280520439148,0.7638432383537292,0.39684152603149414,-0.03750219941139221
F,0.7240545749664307,0.7385938763618469,-7.777064325864558e-09,0.6740397810935974,0.7128489017486572,-0.009484411217272282,0.6354245543479919,0.6702057123184204,-0.019325844943523407,0.599609911441803,0.6319574117660522,-0.03157521039247513,0.5752827525138855,0.5935577750205994,-0.04294075071811676,0.6797282695770264,0.5790694952011108,0.0012787479208782315,0.6393869519233704,0.5447091460227966,-0.024450251832604408,0.6048203706741333,0.5522361397743225,-0.04746866226196289,0.5846720337867737,0.5689727663993835,-0.05923927575349808,0.6981711983680725,0.5554330348968506,-0.005643689539283514,0.6742703914642334,0.4757920205593109,-0.02120901457965374,0.6533451080322266,0.42478060722351074,-0.03238613158464432,0.6369994282722473,0.3801935613155365,-0.039352256804704666,0.7209140658378601,0.5487604141235352,-0.017094459384679794,0.714169979095459,0.46431681513786316,-0.03150893375277519,0.703101396560669,0.4102481007575989,-0.03853959962725639,0.6925003528594971,0.36494940519332886,-0.041729703545570374,0.74247807264328,0.5581381320953369,-0.030149467289447784,0.7530511617660522,0.48975157737731934,-0.0392816923558712,0.7570981979370117,0.44029730558395386,-0.04017944261431694,0.7580428123474121,0.3965110778808594,-0.039575349539518356
F,0.7182655334472656,0.7408414483070374,-9.052259386521655e-09,0.6689568758010864,0.714988112449646,-0.009946349076926708,0.6296470165252686,0.6708462834358215,-0.019220879301428795,0.5941571593284607,0.6334232687950134,-0.03094155713915825,0.5696792006492615,0.5949015617370605,-0.04153785854578018,0.6728050112724304,0.5791164636611938,0.002782184863463044,0.6329265832901001,0.5449212789535522,-0.023015139624476433,0.5986657738685608,0.5536543130874634,-0.04586019366979599,0.5785572528839111,0.5712161660194397,-0.05724939703941345,0.6910997033119202,0.5553873777389526,-0.004092121496796608,0.6681065559387207,0.4763319492340088,-0.019664600491523743,0.6473637819290161,0.4250444769859314,-0.0305807925760746,0.6310561895370483,0.3805316090583801,-0.036958321928977966,0.7140240669250488,0.5483770966529846,-0.01576782576739788,0.7071102857589722,0.4646889567375183,-0.030819745734333992,0.6967906951904297,0.41089770197868347,-0.037768445909023285,0.6866307854652405,0.3667061924934387,-0.04027068242430687,0.7361507415771484,0.557375967502594,-0.029139311984181404,0.7460721135139465,0.4892083704471588,-0.03828971087932587,0.750074028968811,0.44022175669670105,-0.03876853361725807,0.7505918145179749,0.3980005979537964,-0.03748953342437744
F,0.7139075398445129,0.7417253851890564,-1.1520741693971104e-08,0.6632573008537292,0.7151026129722595,-0.008819052949547768,0.6246093511581421,0.672645628452301,-0.018883194774389267,0.5882532596588135,0.6351981163024902,-0.03169206157326698,0.5627442598342896,0.5980804562568665,-0.04359002783894539,0.6684821844100952,0.5812128186225891,0.001870707143098116,0.6278347969055176,0.5463204383850098,-0.02438686229288578,0.5928370356559753,0.5547303557395935,-0.04764030873775482,0.5726117491722107,0.5726614594459534,-0.05935836210846901,0.686314582824707,0.5575713515281677,-0.005518856458365917,0.6622666716575623,0.477444589138031,-0.02113102748990059,0.6410261392593384,0.4264850616455078,-0.03178555518388748,0.6243503093719482,0.3820509910583496,-0.03827742114663124,0.7088143825531006,0.5505090355873108,-0.017488975077867508,0.7015807628631592,0.4658377766609192,-0.0315423347055912,0.6904603838920593,0.4118359088897705,-0.037526119500398636,0.6797842979431152,0.36726269125938416,-0.03993701562285423,0.7302544713020325,0.5594282746315002,-0.03114631026983261,0.7401536107063293,0.49013346433639526,-0.03956860303878784,0.7435624003410339,0.44037601351737976,-0.03953222557902336,0.7439107298851013,0.39716637134552,-0.03821343556046486
F,0.7074151039123535,0.7423645257949829,-1.1664545773726331e-08,0.6577041149139404,0.7163442969322205,-0.009220452047884464,0.6186977624893188,0.6731736660003662,-0.01892063580453396,0.5825896859169006,0.6360417008399963,-0.03127800300717354,0.5563309192657471,0.5991946458816528,-0.04266156256198883,0.6626107096672058,0.5813266038894653,0.002915693912655115,0.6224434971809387,0.5479707717895508,-0.022946476936340332,0.5876410603523254,0.5561708211898804,-0.04611137881875038,0.5667725801467896,0.5732104182243347,-0.05782987177371979,0.6803338527679443,0.5576056241989136,-0.004427835810929537,0.656701385974884,0.4780288338661194,-0.020026689395308495,0.635242760181427,0.42734402418136597,-0.03106534667313099,0.6182953715324402,0.3832623362541199,-0.037770286202430725,0.7029259204864502,0.5502882599830627,-0.016462622210383415,0.6955814361572266,0.4661977291107178,-0.03101198747754097,0.6841316223144531,0.41232064366340637,-0.03781763091683388,0.6732098460197449,0.36779314279556274,-0.04058072343468666,0.7247390747070312,0.558834969997406,-0.030182788148522377,0.7339911460876465,0.4897634983062744,-0.03869246318936348,0.7369095087051392,0.4401516914367676,-0.038911424577236176,0.7364993691444397,0.39735737442970276,-0.03777625411748886
F,0.7028864622116089,0.742744505405426,-3.222179500994571e-08,0.6523615121841431,0.7153030037879944,-0.0064378781244158745,0.6135584115982056,0.6735051274299622,-0.01583421602845192,0.5770366191864014,0.636479377746582,-0.028201622888445854,0.5508086681365967,0.5997699499130249,-0.039618637412786484,0.6588560938835144,0.582358181476593,0.002199507085606456,0.6175276041030884,0.547548770904541,-0.02341501973569393,0.5824705958366394,0.556170642375946,-0.046120673418045044,0.5621325373649597,0.5739145874977112,-0.057573094964027405,0.676077663898468,0.559138834476471,-0.006005579140037298,0.6509836316108704,0.47903913259506226,-0.021920567378401756,0.6290965676307678,0.42849624156951904,-0.0326751209795475,0.6121172904968262,0.38442012667655945,-0.039252523332834244,0.6979150772094727,0.5521204471588135,-0.01831071823835373,0.6903293132781982,0.46781519055366516,-0.032071422785520554,0.6784816384315491,0.4140360355377197,-0.03777027502655983,0.667494535446167,0.36919647455215454,-0.04006369784474373,0.7187098264694214,0.56084144115448,-0.0320153571665287,0.7281088829040527,0.4911867082118988,-0.03964366391301155,0.7305262088775635,0.44176575541496277,-0.039095159620046616,0.7301968336105347,0.39876917004585266,-0.03752865269780159
F,0.6972663402557373,0.7418980598449707,-3.059492215129467e-08,0.6476455926895142,0.7162960767745972,-0.007879736833274364,0.6084679365158081,0.6741439700126648,-0.0175083689391613,0.5722395181655884,0.6371692419052124,-0.029798464849591255,0.5459737777709961,0.6010710000991821,-0.04099424183368683,0.6526763439178467,0.5825478434562683,0.0017534439684823155,0.6124207377433777,0.5480362176895142,-0.024386832490563393,0.5777580738067627,0.5566720962524414,-0.04755270108580589,0.5576683878898621,0.5747356414794922,-0.0591372512280941,0.6702637076377869,0.5592465996742249,-0.005639778915792704,0.6458995938301086,0.4792879819869995,-0.021505387499928474,0.6241406798362732,0.4289078116416931,-0.03224168345332146,0.6068793535232544,0.3847692608833313,-0.038777709007263184,0.6925550699234009,0.551672637462616,-0.017373090609908104,0.685381293296814,0.4668310582637787,-0.031343359500169754,0.6733854413032532,0.4128817319869995,-0.03734879568219185,0.6621199250221252,0.36819231510162354,-0.03968484327197075,0.7137882113456726,0.5598461031913757,-0.030615584924817085,0.7222989797592163,0.48996931314468384,-0.038217294961214066,0.7243090271949768,0.4404792785644531,-0.03774692863225937,0.7233880758285522,0.39751124382019043,-0.03618204966187477
F,0.6899328827857971,0.7433730959892273,-4.402788533752755e-08,0.6422199606895447,0.7182228565216064,-0.00745521392673254,0.6029000878334045,0.673924446105957,-0.01575349271297455,0.5671814680099487,0.6375398635864258,-0.026836253702640533,0.5413801074028015,0.6007100343704224,-0.03671381622552872,0.648762047290802,0.581204891204834,0.004704684019088745,0.6087687015533447,0.5477501153945923,-0.020598826929926872,0.5737860798835754,0.5568000674247742,-0.04348372295498848,0.5533626675605774,0.5749792456626892,-0.05479522421956062,0.6655439734458923,0.5579718947410583,-0.0028026257641613483,0.6417996287345886,0.47887617349624634,-0.017171505838632584,0.6196935176849365,0.42894333600997925,-0.027208173647522926,0.6022630333900452,0.3856167793273926,-0.033135805279016495,0.6871756315231323,0.5504741072654724,-0.014892560429871082,0.6806363463401794,0.4657061696052551,-0.028343191370368004,0.6686973571777344,0.41210758686065674,-0.034236371517181396,0.6574883460998535,0.368249773979187,-0.0362132228910923,0.7077443599700928,0.5588144659996033,-0.028525719419121742,0.7167161703109741,0.4894951581954956,-0.03598124906420708,0.7184829115867615,0.4398890733718872,-0.03551224246621132,0.7170008420944214,0.39732933044433594,-0.03371802717447281
F,0.6851978302001953,0.7434086799621582,-5.914202461099194e-08,0.6360980272293091,0.7168000340461731,-0.006410610396414995,0.5984982252120972,0.6746433973312378,-0.014877432025969028,0.5629780292510986,0.6373144388198853,-0.02645537629723549,0.5388504266738892,0.5982584953308105,-0.03683936595916748,0.6440058350563049,0.5841439366340637,0.004299800843000412,0.603080689907074,0.5481486916542053,-0.021817130967974663,0.5679602026939392,0.5558821558952332,-0.04460231587290764,0.5479825139045715,0.5732473134994507,-0.055527567863464355,0.6600285172462463,0.5602715611457825,-0.0035163990687578917,0.6359607577323914,0.47963646054267883,-0.01891512982547283,0.6139333248138428,0.4288332462310791,-0.028881583362817764,0.5965081453323364,0.38458263874053955,-0.034384842962026596,0.6813879013061523,0.5517973899841309,-0.015749793499708176,0.6740273833274841,0.46744924783706665,-0.029077015817165375,0.662333071231842,0.4139025807380676,-0.034013789147138596,0.6511254906654358,0.3697969913482666,-0.03516309708356857,0.7016043066978455,0.5590917468070984,-0.029540404677391052,0.7098252177238464,0.4887550175189972,-0.03642043471336365,0.7119004130363464,0.439053475856781,-0.035248517990112305,0.7114113569259644,0.39644554257392883,-0.032746706157922745
F,0.6797107458114624,0.7420885562896729,-5.2248140036681434e-08,0.6314609050750732,0.71510910987854,-0.006498461589217186,0.593826174736023,0.6744382977485657,-0.015512928366661072,0.5581122040748596,0.638509213924408,-0.027504868805408478,0.5341255068778992,0.5999220013618469,-0.03828888013958931,0.6387872695922852,0.5829651355743408,0.0032142060808837414,0.5988290309906006,0.5488273501396179,-0.023458614945411682,0.5634707808494568,0.5569716095924377,-0.04688788205385208,0.5431394577026367,0.5744892954826355,-0.05823535472154617,0.654701828956604,0.5597928166389465,-0.004418501630425453,0.6314525008201599,0.47999846935272217,-0.019950224086642265,0.6097593903541565,0.42990362644195557,-0.029791640117764473,0.5921992063522339,0.38604122400283813,-0.035285674035549164,0.6759006977081299,0.5517805814743042,-0.01641382835805416,0.6694539189338684,0.46732333302497864,-0.029663847759366035,0.6578087210655212,0.41399669647216797,-0.03420424833893776,0.6466884016990662,0.36992913484573364,-0.03515036031603813,0.6958115100860596,0.5597314834594727,-0.029952416196465492,0.704154372215271,0.48994845151901245,-0.03673834353685379,0.7058884501457214,0.44057825207710266,-0.03527192398905754,0.7051845192909241,0.3980126678943634,-0.032580647617578506
F,0.6770116686820984,0.7422210574150085,-6.32763317298668e-08,0.6266550421714783,0.7146128416061401,-0.0038407857064157724,0.5892559289932251,0.6743305325508118,-0.011954051442444324,0.5532715320587158,0.6370221376419067,-0.023304497823119164,0.5286068916320801,0.5992777347564697,-0.033570703119039536,0.6350122094154358,0.5843069553375244,0.003581217024475336,0.5934542417526245,0.5492250323295593,-0.022426020354032516,0.5580748915672302,0.5569921135902405,-0.04546201974153519,0.5381984710693359,0.5741215348243713,-0.05670773983001709,0.6506307721138,0.5610551238059998,-0.004717419855296612,0.6266536116600037,0.4803321957588196,-0.020212097093462944,0.6047825217247009,0.4304691553115845,-0.030030982568860054,0.5872160196304321,0.38710999488830566,-0.03557784855365753,0.6714580059051514,0.553005576133728,-0.01684364676475525,0.6645214557647705,0.46770766377449036,-0.029264502227306366,0.6524655818939209,0.414215087890625,-0.03323952481150627,0.6413097977638245,0.3699187636375427,-0.03406013548374176,0.690697193145752,0.5607491135597229,-0.030218305066227913,0.6989644169807434,0.4898206293582916,-0.03627470135688782,0.7001664638519287,0.44049209356307983,-0.034358810633420944,0.6995318531990051,0.3974449038505554,-0.031451474875211716
F,0.6711065769195557,0.7436968088150024,-6.152167486561666e-08,0.6216179132461548,0.7163368463516235,-0.004614023491740227,0.5843247175216675,0.6748369932174683,-0.012494315393269062,0.5482894778251648,0.6386964917182922,-0.023670705035328865,0.5236549377441406,0.6008250117301941,-0.03366231545805931,0.6309698820114136,0.5839173793792725,0.006229089107364416,0.5900067090988159,0.5492277145385742,-0.0193882267922163,0.554138720035553,0.5581939220428467,-0.04260313883423805,0.5339322090148926,0.5765808820724487,-0.053889453411102295,0.6465095281600952,0.5607004165649414,-0.001716086408123374,0.6233577132225037,0.4810641407966614,-0.015903910622000694,0.6013486385345459,0.43172407150268555,-0.02529332973062992,0.5834094285964966,0.38863664865493774,-0.03061617538332939,0.6669366359710693,0.5524530410766602,-0.013917496427893639,0.6606486439704895,0.4685572385787964,-0.025579232722520828,0.648296594619751,0.41504353284835815,-0.02939225733280182,0.6367314457893372,0.37102532386779785,-0.030054772272706032,0.6855461001396179,0.5598214268684387,-0.027574589475989342,0.6933256983757019,0.490062952041626,-0.03317843750119209,0.6937572360038757,0.44068121910095215,-0.031022079288959503,0.6920276880264282,0.3981480300426483,-0.027896398678421974
F,0.66700679063797,0.7408477663993835,-6.374506256179302e-08,0.6164258718490601,0.7138891816139221,-0.004090773407369852,0.579353392124176,0.6744177937507629,-0.012289099395275116,0.543891429901123,0.638419508934021,-0.02391171269118786,0.5193561911582947,0.6007379293441772,-0.034423284232616425,0.6251001358032227,0.583596408367157,0.00613440154120326,0.5846332907676697,0.5498859882354736,-0.01997472532093525,0.5494012236595154,0.5585002303123474,-0.04359765350818634,0.529289960861206,0.5761966109275818,-0.05511397868394852,0.6406512260437012,0.5606490969657898,-0.0021373839117586613,0.6179378032684326,0.4806489944458008,-0.01677928864955902,0.5963444709777832,0.4313211441040039,-0.026531899347901344,0.5784451365470886,0.38779449462890625,-0.03217697516083717,0.6611618995666504,0.5522031188011169,-0.01460676733404398,0.6548594832420349,0.4676629900932312,-0.026333577930927277,0.6429802179336548,0.41493546962738037,-0.030103743076324463,0.6317647099494934,0.3710286617279053,-0.030874690040946007,0.679995059967041,0.559114933013916,-0.02847946435213089,0.6867903470993042,0.48867571353912354,-0.033752888441085815,0.6872119903564453,0.439875066280365,-0.03125246241688728,0.6856906414031982,0.3973377048969269,-0.028028514236211777
F,0.6624160408973694,0.7414076924324036,-6.199267943429732e-08,0.6126908659934998,0.7146413326263428,-0.004100531339645386,0.5758489966392517,0.6748170256614685,-0.01259879395365715,0.5393276810646057,0.6390478014945984,-0.024566862732172012,0.5141403079032898,0.6016554832458496,-0.03546469286084175,0.6213379502296448,0.5845947861671448,0.005097115878015757,0.5797872543334961,0.5507206320762634,-0.0209363903850317,0.5442379117012024,0.5599310994148254,-0.04414587467908859,0.5242505669593811,0.5783118605613708,-0.05539381504058838,0.6366481781005859,0.5617866516113281,-0.003298340830951929,0.613541305065155,0.4817134141921997,-0.017526989802718163,0.5917773842811584,0.4333491921424866,-0.026478150859475136,0.5738169550895691,0.3911880850791931,-0.03155830129981041,0.6567582488059998,0.5538155436515808,-0.01587582752108574,0.6499026417732239,0.4692094027996063,-0.02741062641143799,0.63758385181427,0.4159852862358093,-0.030763722956180573,0.6259819865226746,0.3719850778579712,-0.03128018602728844,0.6748867630958557,0.5610188245773315,-0.029850276187062263,0.6814793944358826,0.4903925359249115,-0.03553517907857895,0.6813914775848389,0.4411998987197876,-0.03331136703491211,0.679375410079956,0.39850914478302,-0.030228523537516594
F,0.658437192440033,0.7415872812271118,-7.434056925603727e-08,0.6082803010940552,0.7152664065361023,-0.0034444520715624094,0.571162760257721,0.6751815676689148,-0.011326754465699196,0.5354139804840088,0.6399117112159729,-0.022679489105939865,0.5106356143951416,0.6024954915046692,-0.032928820699453354,0.617576539516449,0.5843261480331421,0.005736940074712038,0.5761656761169434,0.551201343536377,-0.020002292469143867,0.5403125882148743,0.5607802271842957,-0.04342563450336456,0.51981121301651,0.5790243744850159,-0.054908450692892075,0.6329159736633301,0.5614728927612305,-0.0027632389683276415,0.6096135973930359,0.48196709156036377,-0.01672721654176712,0.5876492857933044,0.4336977005004883,-0.025882702320814133,0.5697121620178223,0.3920133113861084,-0.03115612082183361,0.6529775857925415,0.5533449053764343,-0.015322374179959297,0.6456273198127747,0.4681931138038635,-0.026691343635320663,0.6330981254577637,0.4154781699180603,-0.029933055862784386,0.6218265295028687,0.3719993829727173,-0.030335525050759315,0.6711269617080688,0.5605560541152954,-0.02919839136302471,0.6768755912780762,0.48955100774765015,-0.03470082953572273,0.6764684915542603,0.4407520294189453,-0.032083820551633835,0.6743926405906677,0.3981176018714905,-0.028651149943470955
F,0.6594675779342651,0.742233395576477,-9.51446921249044e-08,0.6066378951072693,0.7133978009223938,0.0023949001915752888,0.5706580281257629,0.6751646995544434,-0.003868709784001112,0.5349509716033936,0.6396966576576233,-0.01470800768584013,0.5089691281318665,0.6038879752159119,-0.02447696588933468,0.6159359812736511,0.5858139991760254,0.0095053156837821,0.5736178755760193,0.5513059496879578,-0.015193897299468517,0.5380421280860901,0.5611825585365295,-0.037631575018167496,0.5183457136154175,0.579880952835083,-0.04831765592098236,0.6311424374580383,0.5636540651321411,-0.0011698842281475663,0.6062333583831787,0.4826887547969818,-0.01492023654282093,0.5840345025062561,0.434192031621933,-0.0232925396412611,0.5658575296401978,0.39206671714782715,-0.0277552530169487,0.6508675813674927,0.5556168556213379,-0.015195480547845364,0.6419515013694763,0.46929726004600525,-0.024205239489674568,0.6285116076469421,0.4165370762348175,-0.024515897035598755,0.6168309450149536,0.3731575012207031,-0.023058582097291946,0.6687453985214233,0.5618386268615723,-0.030227134004235268,0.6731035113334656,0.48935702443122864,-0.03315373510122299,0.6717219948768616,0.4405738115310669,-0.0283395703881979,0.6696049571037292,0.398082971572876,-0.02325599454343319
F,0.6554292440414429,0.7418859004974365,-6.81558134374427e-08,0.6025593876838684,0.7139973044395447,0.00046356365783140063,0.5669733881950378,0.6748870611190796,-0.006808293983340263,0.5315939784049988,0.6388545036315918,-0.018177779391407967,0.50477135181427,0.6042911410331726,-0.02848317287862301,0.6128301620483398,0.5851753950119019,0.00627284636721015,0.5704296231269836,0.5506556630134583,-0.01948646828532219,0.5343751311302185,0.5612663626670837,-0.04262026399374008,0.5140758752822876,0.5807405114173889,-0.053718965500593185,0.6280474662780762,0.5634183287620544,-0.0035861448850482702,0.6034818887710571,0.4820188283920288,-0.018616119399666786,0.5811837911605835,0.4335933327674866,-0.027473177760839462,0.5624949336051941,0.391545832157135,-0.03216142952442169,0.6475493311882019,0.5558685660362244,-0.01681002415716648,0.6392689943313599,0.46892011165618896,-0.02684353105723858,0.6256033182144165,0.415628582239151,-0.027269883081316948,0.6134015321731567,0.37113654613494873,-0.025746826082468033,0.6651895642280579,0.5628464221954346,-0.031135819852352142,0.6694585680961609,0.4889001250267029,-0.03469286859035492,0.6679739952087402,0.43958258628845215,-0.02983769029378891,0.6653907895088196,0.3963175415992737,-0.024682888761162758
F,0.6550445556640625,0.7401214241981506,-8.132145268291424e-08,0.6020587682723999,0.7130216360092163,0.0021189902909100056,0.5666792392730713,0.6750078797340393,-0.004417903255671263,0.5313242673873901,0.6402965784072876,-0.01533552911132574,0.5050337314605713,0.6055212020874023,-0.025065533816814423,0.610852837562561,0.5840268731117249,0.007959824055433273,0.5685312747955322,0.5507733225822449,-0.017410440370440483,0.532320499420166,0.5610225200653076,-0.04028688371181488,0.512142539024353,0.580312192440033,-0.0511879101395607,0.6260392665863037,0.5621889233589172,-0.002536253072321415,0.6008191704750061,0.481448769569397,-0.017004290595650673,0.5786430239677429,0.43316471576690674,-0.025054458528757095,0.5601446032524109,0.39129525423049927,-0.02906353957951069,0.645458996295929,0.5545958876609802,-0.01631901226937771,0.6372604370117188,0.46813762187957764,-0.02543049491941929,0.6239525079727173,0.4150571823120117,-0.024345314130187035,0.6124541759490967,0.37069565057754517,-0.021793432533740997,0.6631818413734436,0.561763346195221,-0.031182434409856796,0.6676278114318848,0.48875167965888977,-0.034217070788145065,0.6659227609634399,0.4393838047981262,-0.028548594564199448,0.6633500456809998,0.39557403326034546,-0.022683702409267426
F,0.655053436756134,0.7396529912948608,-8.3421397789607e-08,0.6010825634002686,0.7109520435333252,0.004181219264864922,0.5660544633865356,0.6737588047981262,-0.0018552221590653062,0.5304231643676758,0.639240562915802,-0.012579914182424545,0.5037733912467957,0.6045438647270203,-0.022194217890501022,0.610863983631134,0.5830739140510559,0.009207791648805141,0.5682878494262695,0.5499333143234253,-0.015846237540245056,0.5319422483444214,0.5607399940490723,-0.03892669081687927,0.5116122961044312,0.5799247622489929,-0.050084952265024185,0.6260423064231873,0.5620719790458679,-0.0020330760162323713,0.60062575340271,0.48092371225357056,-0.015465334989130497,0.5782984495162964,0.43259161710739136,-0.02304110676050186,0.5595354437828064,0.3900541067123413,-0.027116835117340088,0.6451429128646851,0.5549235343933105,-0.01639307290315628,0.6365564465522766,0.46782511472702026,-0.02416945807635784,0.6225106716156006,0.41422274708747864,-0.022687673568725586,0.6105030179023743,0.36932051181793213,-0.020371876657009125,0.6625795364379883,0.5619664192199707,-0.03171645104885101,0.667147696018219,0.48844921588897705,-0.033860109746456146,0.6649340391159058,0.4390832185745239,-0.027961518615484238,0.6619144082069397,0.39496201276779175,-0.022206498309969902
F,0.6553141474723816,0.7387592792510986,-7.79151321239624e-08,0.6011479496955872,0.7101492881774902,0.004260939545929432,0.5666807293891907,0.6731792092323303,-0.0020718041341751814,0.530951976776123,0.6385804414749146,-0.013249693438410759,0.5043792724609375,0.6033820509910583,-0.023376857861876488,0.6111761331558228,0.5829768180847168,0.009188019670546055,0.5687236785888672,0.5496331453323364,-0.0159439779818058,0.5323615074157715,0.5600031614303589,-0.038782283663749695,0.5121552348136902,0.57912677526474,-0.04964390769600868,0.6259738206863403,0.5619878768920898,-0.002188481157645583,0.6007696390151978,0.48046931624412537,-0.016130032017827034,0.5783835649490356,0.43236398696899414,-0.02361098676919937,0.5594230890274048,0.3902010917663574,-0.027323320508003235,0.6448989510536194,0.5547394156455994,-0.016677916049957275,0.6361501216888428,0.467430055141449,-0.024659913033246994,0.6217949390411377,0.41352373361587524,-0.02282373607158661,0.609492838382721,0.36866697669029236,-0.02004414238035679,0.6623678803443909,0.5618012547492981,-0.032134730368852615,0.6663390398025513,0.4874882698059082,-0.034210335463285446,0.6641008257865906,0.4378562569618225,-0.028060894459486008,0.6612026691436768,0.3939651548862457,-0.022001689299941063
F,0.6563125252723694,0.7372005581855774,-6.957606757396206e-08,0.6017906069755554,0.7090033888816833,0.0038806861266493797,0.5678214430809021,0.672505259513855,-0.0029882993549108505,0.5320801734924316,0.6376280784606934,-0.014681603759527206,0.5057352781295776,0.6016643047332764,-0.0252105463296175,0.6123537421226501,0.5825668573379517,0.0077545554377138615,0.5693843960762024,0.5483943223953247,-0.017647361382842064,0.5326496362686157,0.5590518116950989,-0.04030453413724899,0.5125334858894348,0.5786827206611633,-0.05094986408948898,0.6269276738166809,0.5616110563278198,-0.0033683336805552244,0.6017945408821106,0.47941234707832336,-0.018120182678103447,0.5791729688644409,0.43166446685791016,-0.025478437542915344,0.5599159002304077,0.38977283239364624,-0.028816891834139824,0.6454049348831177,0.5543690323829651,-0.017505602911114693,0.6369466185569763,0.4665501117706299,-0.02575361542403698,0.6220144629478455,0.41213899850845337,-0.023132728412747383,0.6091979146003723,0.3671764135360718,-0.019568076357245445,0.6625578999519348,0.5614441633224487,-0.03264877200126648,0.6664015054702759,0.48658180236816406,-0.034641385078430176,0.6636135578155518,0.43655169010162354,-0.028032269328832626,0.6602596640586853,0.39276641607284546,-0.021468114107847214
F,0.6552578806877136,0.7348942756652832,-5.8265516855726673e-08,0.6036511063575745,0.7071171402931213,0.0001181187471956946,0.5692416429519653,0.669836163520813,-0.007841217331588268,0.5338059663772583,0.6368474960327148,-0.020310448482632637,0.5082404017448425,0.5999040007591248,-0.03155384585261345,0.6136210560798645,0.5779329538345337,0.008683191612362862,0.5716214179992676,0.5463266372680664,-0.01763039454817772,0.5341907739639282,0.5572348237037659,-0.041314393281936646,0.5137254595756531,0.5771797895431519,-0.05238432437181473,0.6275730729103088,0.5572542548179626,-0.0012294468469917774,0.6029388904571533,0.47786271572113037,-0.01431980263441801,0.5800739526748657,0.43037331104278564,-0.020779335871338844,0.5609256625175476,0.38853123784065247,-0.023611243814229965,0.6460707187652588,0.5498712658882141,-0.015214561484754086,0.6372777223587036,0.4647917151451111,-0.023564418777823448,0.6232072710990906,0.4111015796661377,-0.021412035450339317,0.6113433241844177,0.36725664138793945,-0.017994945868849754,0.6630144119262695,0.5567202568054199,-0.030724817886948586,0.6662479639053345,0.4837539792060852,-0.0335308201611042,0.663479208946228,0.43366050720214844,-0.027504481375217438,0.659963071346283,0.39027559757232666,-0.021206967532634735
F,0.6555826663970947,0.7316755056381226,-8.01427688656986e-08,0.6061370372772217,0.7052905559539795,-0.001109409611672163,0.57093346118927,0.6666253209114075,-0.008510620333254337,0.5354264974594116,0.634113073348999,-0.020063987001776695,0.5107484459877014,0.596537172794342,-0.03029240109026432,0.6149325966835022,0.5757346749305725,0.009720571339130402,0.574196994304657,0.5441961288452148,-0.015797413885593414,0.5377725958824158,0.554378092288971,-0.03925775736570358,0.5175315141677856,0.5733649134635925,-0.05035965144634247,0.6286033987998962,0.5543779730796814,0.0004422288329806179,0.6044316291809082,0.47497832775115967,-0.01200958527624607,0.582419753074646,0.42847174406051636,-0.019075030460953712,0.5640515685081482,0.38779789209365845,-0.022490717470645905,0.6471931338310242,0.5458300709724426,-0.01314178854227066,0.6382580399513245,0.4609420895576477,-0.02209840714931488,0.6249592900276184,0.4076891541481018,-0.02263796329498291,0.6134327054023743,0.3638800382614136,-0.02107194811105728,0.6645820736885071,0.5514180660247803,-0.02815483883023262,0.6672286987304688,0.4791569113731384,-0.031165102496743202,0.6639984250068665,0.43024271726608276,-0.026441257447004318,0.6599380373954773,0.38833969831466675,-0.021397989243268967
F,0.6608142256736755,0.7322845458984375,-1.0411022088874233e-07,0.6091154217720032,0.7039956450462341,0.0030923569574952126,0.5743740797042847,0.6659306883811951,-0.0024676225148141384,0.538151204586029,0.6331983208656311,-0.012917079962790012,0.5138088464736938,0.5953092575073242,-0.022067654877901077,0.6182966232299805,0.5756691098213196,0.013183917850255966,0.5768495798110962,0.5424618124961853,-0.01115034893155098,0.5412185788154602,0.5539838075637817,-0.03354489803314209,0.5221998691558838,0.5739364624023438,-0.04402216896414757,0.63185054063797,0.5546665787696838,0.0022210548631846905,0.6075936555862427,0.4740787744522095,-0.010205754078924656,0.5856228470802307,0.42759251594543457,-0.016975432634353638,0.5670764446258545,0.3867812752723694,-0.02007265016436577,0.6497026085853577,0.5467780828475952,-0.012666554190218449,0.6411409378051758,0.46129581332206726,-0.020829733461141586,0.6278558373451233,0.407552570104599,-0.02055983804166317,0.6165326833724976,0.3636448085308075,-0.018547147512435913,0.6657962203025818,0.5526828765869141,-0.028654882684350014,0.6685500741004944,0.47969165444374084,-0.031094009056687355,0.6654391288757324,0.4302065372467041,-0.026096953079104424,0.6621769070625305,0.38770076632499695,-0.020841291174292564
F,0.6633115410804749,0.7301397323608398,-9.396823230645168e-08,0.6128126978874207,0.7029328346252441,0.002535164589062333,0.5778381824493408,0.6639968156814575,-0.003157889936119318,0.5414876937866211,0.6315025687217712,-0.013680519536137581,0.516731858253479,0.5944026708602905,-0.022896016016602516,0.6222205758094788,0.5739785432815552,0.012811809778213501,0.5803444981575012,0.5411326885223389,-0.011111908592283726,0.5437865257263184,0.5521354079246521,-0.032953206449747086,0.524255633354187,0.5717648863792419,-0.04305252805352211,0.635600745677948,0.5527855753898621,0.002092608017846942,0.6104307770729065,0.47346580028533936,-0.009148355573415756,0.5880639553070068,0.42621684074401855,-0.014648359268903732,0.5696002244949341,0.38406994938850403,-0.017059266567230225,0.6531436443328857,0.5449807643890381,-0.01269227173179388,0.644225537776947,0.4612256586551666,-0.02020157501101494,0.6308465600013733,0.40735387802124023,-0.019026383757591248,0.6192557215690613,0.3625975251197815,-0.016544045880436897,0.6689733862876892,0.5511327385902405,-0.028706301003694534,0.6715230345726013,0.47905322909355164,-0.03093363344669342,0.6682503819465637,0.42941150069236755,-0.02554549090564251,0.6641479730606079,0.38636016845703125,-0.02005133032798767
F,0.6684406995773315,0.7279244661331177,-9.234083364617618e-08,0.6172940135002136,0.7019162774085999,0.0034427817445248365,0.5822954773902893,0.663970947265625,-0.0022190166637301445,0.5454719066619873,0.6312962174415588,-0.012807757593691349,0.5207160115242004,0.5945521593093872,-0.02208963967859745,0.6254141330718994,0.5736016631126404,0.012155389413237572,0.5841090083122253,0.5402576923370361,-0.011154357343912125,0.5478875041007996,0.5511683225631714,-0.03198627755045891,0.5289424657821655,0.5708576440811157,-0.041540052741765976,0.6387343406677246,0.5521886348724365,0.0011491329642012715,0.6141578555107117,0.47313451766967773,-0.011101496405899525,0.591916024684906,0.42582613229751587,-0.016387131065130234,0.5735961198806763,0.38389185070991516,-0.01841868832707405,0.6559011936187744,0.5442697405815125,-0.01362005714327097,0.6477414965629578,0.46099215745925903,-0.021543798968195915,0.6350082755088806,0.40752285718917847,-0.01959269493818283,0.6236852407455444,0.3629354238510132,-0.0164727121591568,0.6714246869087219,0.5502963662147522,-0.02947891876101494,0.674189567565918,0.47848206758499146,-0.03184357285499573,0.6711320877075195,0.4293651878833771,-0.0260862298309803,0.667371928691864,0.38697654008865356,-0.020278457552194595
F,0.6694711446762085,0.7263199090957642,-8.393249117943924e-08,0.6201714873313904,0.6993381381034851,0.002338654827326536,0.5857380628585815,0.6619869470596313,-0.004016139544546604,0.5493138432502747,0.6300978064537048,-0.015205181203782558,0.5243778228759766,0.5937075018882751,-0.025242328643798828,0.6302001476287842,0.5719569325447083,0.011744104325771332,0.5886109471321106,0.5417734384536743,-0.011877777054905891,0.5518179535865784,0.5514342784881592,-0.033406857401132584,0.5316153168678284,0.5696208477020264,-0.043529853224754333,0.6428701877593994,0.5508645176887512,0.0009263313841074705,0.6178777813911438,0.4729219377040863,-0.011068332009017467,0.5953174829483032,0.42658117413520813,-0.016956694424152374,0.5765907168388367,0.385405957698822,-0.019638366997241974,0.6597486138343811,0.5430132746696472,-0.013735723681747913,0.6519554853439331,0.4600171744823456,-0.022040585055947304,0.6386805176734924,0.40698379278182983,-0.02121623605489731,0.6264591217041016,0.3630927801132202,-0.018992159515619278,0.6749235391616821,0.5494400262832642,-0.029538411647081375,0.6786388158798218,0.47892963886260986,-0.03226694092154503,0.675155758857727,0.4296954870223999,-0.027100730687379837,0.6701412200927734,0.3875124156475067,-0.021859169006347656
F,0.6767985820770264,0.7280886173248291,-1.1227263030377799e-07,0.6256704926490784,0.7005540132522583,0.00676043052226305,0.5923047065734863,0.6624398231506348,0.0026545138098299503,0.5562887191772461,0.6302981376647949,-0.0069796741008758545,0.5314377546310425,0.5938286185264587,-0.01541251502931118,0.6349648833274841,0.5730944275856018,0.015346409752964973,0.5941322445869446,0.5404112935066223,-0.006772516295313835,0.5578987002372742,0.5514002442359924,-0.026527490466833115,0.5388511419296265,0.5707497596740723,-0.035353560000658035,0.6478960514068604,0.5525761842727661,0.0028173828031867743,0.623589813709259,0.4736661911010742,-0.00923848245292902,0.6008174419403076,0.42687544226646423,-0.013854673132300377,0.5819344520568848,0.3853737711906433,-0.015053100883960724,0.6645037531852722,0.5451149344444275,-0.01318348292261362,0.6562539339065552,0.46114176511764526,-0.020785344764590263,0.6426621079444885,0.4073013365268707,-0.018122868612408638,0.630718469619751,0.36293840408325195,-0.014283832162618637,0.6788974404335022,0.5509136319160461,-0.030005745589733124,0.6815510392189026,0.478488951921463,-0.032072845846414566,0.6782394647598267,0.4286598563194275,-0.025918954983353615,0.6747636795043945,0.38621026277542114,-0.019633980467915535
F,0.6780107617378235,0.7280583381652832,-9.24030203464099e-08,0.6303998827934265,0.7014954090118408,0.00249694287776947,0.5962294936180115,0.6610296368598938,-0.0026861457154154778,0.5601406097412109,0.6298739314079285,-0.012882289476692677,0.5348823070526123,0.5941252112388611,-0.021632039919495583,0.6398215293884277,0.5703672766685486,0.015379969961941242,0.5998390316963196,0.5401794910430908,-0.00807966198772192,0.5629521012306213,0.5513771176338196,-0.02926880493760109,0.5431047677993774,0.5711721777915955,-0.03873971477150917,0.6520174145698547,0.549729585647583,0.004437395837157965,0.628415048122406,0.47282180190086365,-0.006546307820826769,0.6057225465774536,0.4258910119533539,-0.011018885299563408,0.5869439244270325,0.3846665322780609,-0.012233265675604343,0.6686496734619141,0.5418528318405151,-0.010891301557421684,0.6601028442382812,0.45999640226364136,-0.018872670829296112,0.64747554063797,0.40720319747924805,-0.016806161031126976,0.6360853910446167,0.36440950632095337,-0.01309222262352705,0.683401346206665,0.5472748279571533,-0.02756345644593239,0.6858827471733093,0.4770180583000183,-0.030137378722429276,0.6826464533805847,0.42802301049232483,-0.024266980588436127,0.678271472454071,0.38664519786834717,-0.01798405684530735
F,0.6842728853225708,0.7293363809585571,-1.3696426037768106e-07,0.6360263228416443,0.7009579539299011,0.0066396757028996944,0.6025541424751282,0.6602643728256226,0.0032318937592208385,0.5664978623390198,0.6295508146286011,-0.0058090114034712315,0.5418566465377808,0.5945819020271301,-0.013579020276665688,0.6463262438774109,0.5704183578491211,0.017887478694319725,0.60614413022995,0.5395364165306091,-0.005190947558730841,0.5694799423217773,0.5508580803871155,-0.026579366996884346,0.5496323108673096,0.5706182718276978,-0.03632229566574097,0.6580570936203003,0.5508403182029724,0.005136904772371054,0.6351048946380615,0.4726390838623047,-0.006273599341511726,0.612699031829834,0.42639511823654175,-0.011490446515381336,0.5942225456237793,0.38700658082962036,-0.013204407878220081,0.6736470460891724,0.5433633327484131,-0.011512232013046741,0.665798544883728,0.4599076211452484,-0.018772564828395844,0.653567373752594,0.4068707227706909,-0.016867324709892273,0.6429433226585388,0.3638196587562561,-0.013517611660063267,0.6867855787277222,0.5488439798355103,-0.02915329858660698,0.6898464560508728,0.47765710949897766,-0.030695484951138496,0.6868219375610352,0.4289374351501465,-0.02454778365790844,0.6834937930107117,0.38819003105163574,-0.018289577215909958
F,0.6896711587905884,0.7299453616142273,-1.4781699064769782e-07,0.6418453454971313,0.7009505033493042,0.007757357321679592,0.6088091135025024,0.6590288281440735,0.0047548674046993256,0.5724021196365356,0.6278752088546753,-0.0040275100618600845,0.5464939475059509,0.5955528020858765,-0.01163048017770052,0.6533836722373962,0.5702210664749146,0.018111292272806168,0.6128122210502625,0.5388630628585815,-0.004493767395615578,0.5757448077201843,0.5508416891098022,-0.02584768831729889,0.5554431080818176,0.5710763931274414,-0.035954415798187256,0.6646548509597778,0.551372766494751,0.004715678747743368,0.6410274505615234,0.4729340672492981,-0.0076230852864682674,0.6181506514549255,0.4267151951789856,-0.014185003936290741,0.5993668437004089,0.38776442408561707,-0.01705787144601345,0.6793780326843262,0.5443575382232666,-0.012235970236361027,0.6716803312301636,0.46033844351768494,-0.019759343937039375,0.6601721048355103,0.4074243903160095,-0.018223445862531662,0.6500599384307861,0.3638721704483032,-0.015423853881657124,0.6915946006774902,0.5500577092170715,-0.03002326376736164,0.6943036317825317,0.4784267246723175,-0.03129436448216438,0.6917839646339417,0.4299927353858948,-0.024966802448034286,0.6888492107391357,0.38911473751068115,-0.018933581188321114
F,0.6992900371551514,0.7326456308364868,-1.4562459682565532e-07,0.6481214165687561,0.6984227299690247,0.012336059473454952,0.618053674697876,0.6594366431236267,0.00910282600671053,0.5820412039756775,0.6273341178894043,-0.0007597293006256223,0.5553032755851746,0.5961381196975708,-0.009401490911841393,0.6616041660308838,0.5716997385025024,0.017820896580815315,0.6205648183822632,0.5384194254875183,-0.005041864234954119,0.5837396383285522,0.5512902736663818,-0.026070285588502884,0.5635634660720825,0.5725072026252747,-0.03615061193704605,0.6722139120101929,0.5546677708625793,0.002057824982330203,0.6501279473304749,0.4733099937438965,-0.013588936999440193,0.6262656450271606,0.42710554599761963,-0.021328596398234367,0.6066397428512573,0.3889625370502472,-0.02456582710146904,0.6853883266448975,0.5499237775802612,-0.016240673139691353,0.6794639825820923,0.4623938500881195,-0.02421596087515354,0.6665869355201721,0.40844976902008057,-0.020435519516468048,0.6553332209587097,0.36422133445739746,-0.016018949449062347,0.6956630945205688,0.5573477149009705,-0.03499305620789528,0.6993038654327393,0.48284515738487244,-0.035884663462638855,0.6959220170974731,0.4334554672241211,-0.028120946139097214,0.6925507187843323,0.3919754922389984,-0.02092251367866993
F,0.706231415271759,0.7336384654045105,-1.231608450780186e-07,0.654396653175354,0.6985642313957214,0.013578751124441624,0.6242296695709229,0.6587027311325073,0.011034712195396423,0.5878850817680359,0.6267770528793335,0.0015498704742640257,0.5605321526527405,0.5957303047180176,-0.006687547545880079,0.6682555675506592,0.5722707509994507,0.02014443464577198,0.6263741850852966,0.539113461971283,-0.0017750670667737722,0.5889022350311279,0.5517532229423523,-0.02219516970217228,0.5686840415000916,0.5727559328079224,-0.03192046284675598,0.679135262966156,0.5548156499862671,0.00395906763151288,0.6556999087333679,0.47355160117149353,-0.010280005633831024,0.6315093636512756,0.4258391559123993,-0.01678178273141384,0.6116958260536194,0.38574784994125366,-0.019295278936624527,0.6921709179878235,0.5501408576965332,-0.014851890504360199,0.6848938465118408,0.46350082755088806,-0.021705754101276398,0.6721577048301697,0.408993124961853,-0.016648579388856888,0.6613277792930603,0.36469393968582153,-0.011455262079834938,0.7023265361785889,0.557948112487793,-0.03413395583629608,0.7050564289093018,0.48385703563690186,-0.034439556300640106,0.7010584473609924,0.43403875827789307,-0.025942109525203705,0.6970428228378296,0.39258843660354614,-0.018215905874967575
F,0.7128868103027344,0.733696699142456,-1.1151244194707033e-07,0.6617620587348938,0.700258731842041,0.010748136788606644,0.630983293056488,0.6596803665161133,0.007006064523011446,0.5949589014053345,0.6268038153648376,-0.003424912691116333,0.5669984221458435,0.5952708721160889,-0.012632093392312527,0.6748033165931702,0.5719636082649231,0.01997235231101513,0.6333553194999695,0.5389376878738403,-0.0024540945887565613,0.5953346490859985,0.5505486130714417,-0.023328756913542747,0.5742232799530029,0.5708280205726624,-0.03321760892868042,0.6858112215995789,0.5540769100189209,0.004769983235746622,0.6621726155281067,0.4741121232509613,-0.008131865411996841,0.6381964683532715,0.4265291094779968,-0.013989136554300785,0.6185234785079956,0.385383665561676,-0.01633330062031746,0.6989198923110962,0.549089789390564,-0.013678859919309616,0.6916259527206421,0.4639667570590973,-0.020272867754101753,0.6790316700935364,0.4097974896430969,-0.015542854554951191,0.6680989265441895,0.3659525513648987,-0.0107554467394948,0.7090747356414795,0.5563009977340698,-0.03295101970434189,0.7117100954055786,0.4842117130756378,-0.03362586349248886,0.7081001996994019,0.43470269441604614,-0.02570798434317112,0.7040212750434875,0.3932695984840393,-0.01846957392990589
F,0.7187744975090027,0.7323898673057556,-9.968745473543095e-08,0.6676145195960999,0.6993822455406189,0.009354510344564915,0.6357970237731934,0.6593923568725586,0.005149323958903551,0.5995082259178162,0.6275185346603394,-0.005501809064298868,0.5718323588371277,0.595282793045044,-0.01489062886685133,0.680233895778656,0.5700384974479675,0.019005436450242996,0.6385375261306763,0.5384303331375122,-0.00341730285435915,0.600727915763855,0.5515097379684448,-0.0244844201952219,0.5799650549888611,0.5720601677894592,-0.034572090953588486,0.6919206380844116,0.5521621704101562,0.004557587206363678,0.6685457229614258,0.4733174741268158,-0.008868064731359482,0.6446807980537415,0.4259430170059204,-0.015225215815007687,0.6249040365219116,0.38454675674438477,-0.017820464447140694,0.7057293057441711,0.5475544333457947,-0.01321110688149929,0.6986704468727112,0.46341851353645325,-0.02053302526473999,0.6862500309944153,0.4099140167236328,-0.016456088051199913,0.6752356290817261,0.3661298155784607,-0.01187184639275074,0.7162036299705505,0.5553895235061646,-0.03182990476489067,0.7188864350318909,0.48367419838905334,-0.03268256038427353,0.714984655380249,0.4345310926437378,-0.024803537875413895,0.7109061479568481,0.39292585849761963,-0.01750611513853073
F,0.722710371017456,0.7302884459495544,-9.93311104480199e-08,0.6731319427490234,0.7001320123672485,0.005417020060122013,0.6404150128364563,0.6597049832344055,0.0003350575570948422,0.6049087047576904,0.6279737949371338,-0.010353467427194118,0.5784386396408081,0.5954046845436096,-0.019725525751709938,0.6844428777694702,0.5706766843795776,0.015198343433439732,0.6436198949813843,0.5390030145645142,-0.008018513210117817,0.6063032746315002,0.5515591502189636,-0.02924616076052189,0.5856347680091858,0.5720016360282898,-0.0393199697136879,0.6969406604766846,0.5516948103904724,0.002435236470773816,0.6737739443778992,0.4739169776439667,-0.01148992870002985,0.6499680876731873,0.4263134002685547,-0.018165651708841324,0.6302120089530945,0.3849298655986786,-0.020948508754372597,0.7116698026657104,0.545949399471283,-0.013987460173666477,0.7039914727210999,0.46298205852508545,-0.022714953869581223,0.6915432214736938,0.4095302224159241,-0.020168134942650795,0.6806160807609558,0.36572033166885376,-0.016394684091210365,0.7236036062240601,0.5531912446022034,-0.031476788222789764,0.7259505391120911,0.4820532202720642,-0.033792153000831604,0.7225698828697205,0.43273991346359253,-0.027211641892790794,0.7187854647636414,0.39131367206573486,-0.020729007199406624
F,0.7272741198539734,0.7286602854728699,-1.0265230088180033e-07,0.6788149476051331,0.6988449692726135,0.004122400190681219,0.6454331278800964,0.6590848565101624,-0.0011752985883504152,0.6095232367515564,0.6278526186943054,-0.011722360737621784,0.5838849544525146,0.5945096015930176,-0.02101331390440464,0.6886982917785645,0.5697003602981567,0.013843085616827011,0.647835373878479,0.5383909940719604,-0.009631089866161346,0.6115943193435669,0.551103949546814,-0.031076829880475998,0.5920187830924988,0.5714709758758545,-0.041374322026968,0.7015605568885803,0.5502533316612244,0.0016749280039221048,0.678282618522644,0.4728681445121765,-0.012817679904401302,0.6553090214729309,0.42568930983543396,-0.020389677956700325,0.6361623406410217,0.3846891522407532,-0.02385602332651615,0.7171833515167236,0.5444203615188599,-0.014173043891787529,0.7097280621528625,0.4625258445739746,-0.023977279663085938,0.6973411440849304,0.4094087481498718,-0.023259229958057404,0.6859853863716125,0.36543601751327515,-0.02070879563689232,0.7302032113075256,0.5522205829620361,-0.031016729772090912,0.7332080006599426,0.4819163978099823,-0.034157104790210724,0.7301387190818787,0.4328460693359375,-0.0286568570882082,0.726270318031311,0.3910968005657196,-0.023059118539094925
F,0.7335431575775146,0.727327823638916,-1.0753733192814252e-07,0.6843246221542358,0.697986900806427,0.005094149149954319,0.6505022048950195,0.6590211987495422,0.00047077456838451326,0.6146615743637085,0.6274230480194092,-0.009442213922739029,0.5898953080177307,0.5931535959243774,-0.018041331321001053,0.6940118074417114,0.5703110098838806,0.014488541521131992,0.6527681946754456,0.5386618971824646,-0.008366585709154606,0.6169562935829163,0.5507484078407288,-0.02929949387907982,0.5982344150543213,0.5709523558616638,-0.03924935683608055,0.7069689035415649,0.550189197063446,0.0023470662999898195,0.6833642721176147,0.4725393056869507,-0.01135281939059496,0.6608449220657349,0.4250667989253998,-0.01856602542102337,0.6423678994178772,0.3840044140815735,-0.02194042317569256,0.7226724028587341,0.5431848764419556,-0.013311238028109074,0.7151966691017151,0.4614185690879822,-0.0221458338201046,0.702624499797821,0.40904858708381653,-0.02134617604315281,0.691214382648468,0.3657652735710144,-0.019035516306757927,0.7362869381904602,0.5496466755867004,-0.02987908385694027,0.7401217222213745,0.48038965463638306,-0.03222132846713066,0.7370843887329102,0.4321005940437317,-0.02669242024421692,0.7330591678619385,0.39123570919036865,-0.021241679787635803
F,0.738450288772583,0.7281719446182251,-9.908636400268733e-08,0.6905428171157837,0.6996372938156128,0.0013585612177848816,0.6563132405281067,0.6601223349571228,-0.004590045660734177,0.6208458542823792,0.6284945607185364,-0.015161116607487202,0.5964041948318481,0.593580424785614,-0.02434394136071205,0.6988404989242554,0.5701841115951538,0.011073491536080837,0.657658040523529,0.5379534363746643,-0.013190960511565208,0.6223654747009277,0.5508522987365723,-0.03510728105902672,0.6040501594543457,0.5719656944274902,-0.04562018811702728,0.7120276093482971,0.5498602390289307,0.00045519659761339426,0.6887127757072449,0.47287529706954956,-0.013971622101962566,0.6660529971122742,0.4256232976913452,-0.022146249189972878,0.6473188400268555,0.38456374406814575,-0.026174578815698624,0.7285637259483337,0.5431355237960815,-0.014003580436110497,0.7211922407150269,0.4617912173271179,-0.02423560991883278,0.7084755301475525,0.40940535068511963,-0.02514803223311901,0.6967755556106567,0.36612433195114136,-0.023824093863368034,0.7431608438491821,0.5504222512245178,-0.02959498204290867,0.7476387023925781,0.48226475715637207,-0.033444009721279144,0.7444306015968323,0.4336695075035095,-0.029309716075658798,0.7398517727851868,0.39233672618865967,-0.024702219292521477
