Five,0.0,0.0,0.0,-0.05186672508716583,-0.04013979434967041,-0.007986875340520783,-0.08919666707515717,-0.09586244821548462,-0.0227676994131798,-0.11840170621871948,-0.14926213026046753,-0.03637168844807093,-0.14645202457904816,-0.18317940831184387,-0.051968886606573506,-0.04233884811401367,-0.18671661615371704,-0.04292779704201166,-0.05040180683135986,-0.2882547080516815,-0.06379629587399904,-0.053177610039711,-0.3507674038410187,-0.07467345809209291,-0.05336521565914154,-0.3978720009326935,-0.08062214320170824,-0.004497706890106201,-0.1858903169631958,-0.05081526478397791,0.00965629518032074,-0.30265963077545166,-0.0700791544245476,0.020055025815963745,-0.3756256699562073,-0.07986935888993685,0.028911739587783813,-0.42911940813064575,-0.08565223877894823,0.033476799726486206,-0.17201781272888184,-0.057748018853544636,0.05622422695159912,-0.2812066078186035,-0.0770487702416176,0.07199269533157349,-0.3487381041049957,-0.08972573196160738,0.08373028039932251,-0.4001781493425369,-0.09710725312697832,0.06890517473220825,-0.148837149143219,-0.06356138651835863,0.10125496983528137,-0.2332569658756256,-0.07945708101260607,0.12131142616271973,-0.2782517969608307,-0.08516497080790941,0.1375141143798828,-0.31765586137771606,-0.08750350689160769
Five,0.0,0.0,0.0,-0.04948145151138306,-0.045855164527893066,-0.0053243036045955705,-0.08781278133392334,-0.103476881980896,-0.01814010549702516,-0.11730606853961945,-0.15756571292877197,-0.030154049362920432,-0.14433956146240234,-0.19234547019004822,-0.043932802941583304,-0.04086112976074219,-0.1932888627052307,-0.040743593092940955,-0.0480496883392334,-0.2982952892780304,-0.059505216743730216,-0.05103097856044769,-0.3602268695831299,-0.06760250773646703,-0.051942914724349976,-0.406664714217186,-0.0712799578569161,-0.0037251412868499756,-0.1915624737739563,-0.04855845492699018,0.013196393847465515,-0.311185747385025,-0.06662430610873571,0.02317023277282715,-0.38349440693855286,-0.07341018315770498,0.030937999486923218,-0.4346965253353119,-0.07699552920081487,0.03290724754333496,-0.17755046486854553,-0.05523565780737272,0.059225112199783325,-0.2853572368621826,-0.07313721623637548,0.07363900542259216,-0.3534480333328247,-0.08324605223157278,0.08273890614509583,-0.4052074998617172,-0.08880671110370031,0.06699168682098389,-0.15409022569656372,-0.06067829203226438,0.10130637884140015,-0.2391662299633026,-0.07477363940694204,0.12123379111289978,-0.2844572961330414,-0.07879421856620183,0.13640040159225464,-0.32373952865600586,-0.08011607077338567
Five,0.0,0.0,0.0,-0.04953840374946594,-0.0464591383934021,-0.0028050000802011255,-0.08802685141563416,-0.1048852801322937,-0.013536504844608999,-0.11641506105661392,-0.1588270366191864,-0.024252259547296262,-0.14396525919437408,-0.19177019596099854,-0.03685812410193989,-0.04159639775753021,-0.1949702501296997,-0.03464754801470349,-0.04915337264537811,-0.2994612455368042,-0.05212258678156445,-0.05178810656070709,-0.36082524061203003,-0.05997531246620724,-0.05200698971748352,-0.4069557785987854,-0.06370296832400868,-0.0041703879833221436,-0.194620281457901,-0.04388447236496518,0.012593328952789307,-0.31403639912605286,-0.060194381887498594,0.02253757417201996,-0.38605231046676636,-0.06680331882316182,0.03064681589603424,-0.43706460297107697,-0.07050075885135243,0.03254269063472748,-0.1813696026802063,-0.052175836081090665,0.05793739855289459,-0.28802621364593506,-0.06894845273572514,0.07148672640323639,-0.35478419065475464,-0.07882103082019398,0.08013750612735748,-0.4056374877691269,-0.0843921354063184,0.06712047755718231,-0.15860781073570251,-0.05921892579871724,0.10074476897716522,-0.2409292459487915,-0.0724757662065656,0.12065781652927399,-0.28585582971572876,-0.07623798903304646,0.13606806099414825,-0.3251992166042328,-0.07751907911378453
Five,0.0,0.0,0.0,-0.05004794895648956,-0.04635542631149292,-0.005003359623287906,-0.08886352181434631,-0.10380297899246216,-0.016900829028372755,-0.11755317449569702,-0.15838059782981873,-0.02844275998700141,-0.14497193694114685,-0.19269177317619324,-0.04173629077899932,-0.04206736385822296,-0.19545423984527588,-0.03660184236991881,-0.05069980025291443,-0.29935526847839355,-0.05465164500105857,-0.05368834733963013,-0.3607391119003296,-0.06292284744608878,-0.053848400712013245,-0.40743954479694366,-0.06698654311526298,-0.004392281174659729,-0.19589689373970032,-0.04510648640621184,0.011730805039405823,-0.31423842906951904,-0.06166344973075866,0.021465227007865906,-0.38608890771865845,-0.06837708222496985,0.029521897435188293,-0.4371519684791565,-0.07228325771916388,0.032166942954063416,-0.1825537383556366,-0.05287755372751235,0.0567999929189682,-0.2874755561351776,-0.06975508200753211,0.07025851309299469,-0.3541724681854248,-0.0796655760966587,0.07886885106563568,-0.4050484597682953,-0.08541457819569587,0.06649865210056305,-0.15958726406097412,-0.05967667418349265,0.09955443441867828,-0.2403540015220642,-0.07313035148013114,0.11914621293544769,-0.28514471650123596,-0.07703728693354606,0.13426242768764496,-0.32424432039260864,-0.07849222141135215
Five,0.0,0.0,0.0,-0.05044899880886078,-0.04658234119415283,-0.003602163785075163,-0.08932609856128693,-0.10435599088668823,-0.01470033536938331,-0.11771616339683533,-0.15877801179885864,-0.025556255982195353,-0.14524412155151367,-0.19298720359802246,-0.038248316303764796,-0.04307475686073303,-0.19645455479621887,-0.03614246930268905,-0.051853761076927185,-0.3012669086456299,-0.05369405160931251,-0.054855719208717346,-0.36219465732574463,-0.0612571136215081,-0.055223360657691956,-0.40856650471687317,-0.0647889048912873,-0.00514867901802063,-0.1967223882675171,-0.044999190525089716,0.01069207489490509,-0.3159202039241791,-0.0614954390683522,0.02021421492099762,-0.38748133182525635,-0.06791910241631172,0.027985110878944397,-0.43843691051006317,-0.07150041024473808,0.031708285212516785,-0.183305561542511,-0.05292990516213081,0.056586429476737976,-0.28833356499671936,-0.06956013004568717,0.07007865607738495,-0.3548763394355774,-0.07936180095461509,0.07873158156871796,-0.40601441264152527,-0.08499924551037452,0.06611938774585724,-0.1599663496017456,-0.05971938829210899,0.09926165640354156,-0.24121907353401184,-0.07286828468826911,0.11861486732959747,-0.286105215549469,-0.0767147437789788,0.13352711498737335,-0.3256489038467407,-0.0781173453786721
Five,0.0,0.0,0.0,-0.05009548366069794,-0.04726797342300415,-0.0033453671016445696,-0.08852414786815643,-0.1047632098197937,-0.014394191395183498,-0.11707262694835663,-0.15906566381454468,-0.025318129289587432,-0.1446584314107895,-0.19391536712646484,-0.038066456395824844,-0.04276883602142334,-0.19679370522499084,-0.035590457100113326,-0.051676660776138306,-0.30169838666915894,-0.05336160429163783,-0.05453827977180481,-0.36270707845687866,-0.06103148155256122,-0.05480530858039856,-0.4092705696821213,-0.06457560725851863,-0.005131229758262634,-0.1966908872127533,-0.044652292806347305,0.010858535766601562,-0.3160443902015686,-0.061546748805483276,0.02059599757194519,-0.387890100479126,-0.06811145909472316,0.028598308563232422,-0.43915703892707825,-0.07170354046269267,0.031447023153305054,-0.183022141456604,-0.05282194011255115,0.05691659450531006,-0.2880951762199402,-0.0695769137923321,0.07074406743049622,-0.35521993041038513,-0.07935644902630656,0.07972002029418945,-0.4071947783231735,-0.08493568219586223,0.06554841995239258,-0.15947532653808594,-0.059845688122948104,0.09909754991531372,-0.24032992124557495,-0.0728064573590359,0.1187400221824646,-0.2854428291320801,-0.0764843172614178,0.13392433524131775,-0.3253990113735199,-0.07777479507370799
Five,0.0,0.0,0.0,-0.05003470182418823,-0.04659903049468994,-0.004446764349950172,-0.08845561742782593,-0.10411518812179565,-0.01611097609998069,-0.11716033518314362,-0.15799209475517273,-0.027503461450351097,-0.14460575580596924,-0.19222262501716614,-0.04062932251395068,-0.042870938777923584,-0.1964297592639923,-0.03646201162041507,-0.051861271262168884,-0.30100566148757935,-0.05460762126745067,-0.05446498095989227,-0.3620908856391907,-0.06256046785415492,-0.05404950678348541,-0.4084260165691376,-0.0662536386996635,-0.00512242317199707,-0.196390300989151,-0.04516327275337062,0.010223940014839172,-0.3155894875526428,-0.06211060552300296,0.02024558186531067,-0.3870648145675659,-0.06860841704906306,0.028809279203414917,-0.43774837255477905,-0.07216180755199275,0.031668007373809814,-0.18272355198860168,-0.05311094118656001,0.05670765042304993,-0.28774893283843994,-0.07008758826555095,0.07051584124565125,-0.35445186495780945,-0.07977513118089519,0.0795605480670929,-0.40546946227550507,-0.08522590889037929,0.0662599503993988,-0.1592307984828949,-0.06003843887151561,0.09944263100624084,-0.24045971035957336,-0.07327868683637462,0.11894074082374573,-0.2858017086982727,-0.07700202508272014,0.13401129841804504,-0.3255075216293335,-0.07826004071534953
Five,0.0,0.0,0.0,-0.049577727913856506,-0.04757559299468994,-0.004681581710258342,-0.08762489259243011,-0.10647279024124146,-0.01631098667604647,-0.11618107557296753,-0.16077733039855957,-0.027680058576891042,-0.1438307911157608,-0.19506987929344177,-0.04075771624667368,-0.04160022735595703,-0.19769397377967834,-0.036133811422416784,-0.04978835582733154,-0.3025570511817932,-0.05428816805107317,-0.052474960684776306,-0.3640688955783844,-0.0624280651889535,-0.052493199706077576,-0.41071631014347076,-0.06632294560296259,-0.003747090697288513,-0.19766762852668762,-0.04499787146670542,0.01257990300655365,-0.31716516613960266,-0.06170202101094446,0.022480875253677368,-0.3893117904663086,-0.06826000715119562,0.030413135886192322,-0.4404761791229248,-0.07193957323653422,0.033020809292793274,-0.18422386050224304,-0.053213283964225866,0.05835901200771332,-0.28948894143104553,-0.07005469555480204,0.07197864353656769,-0.3559718728065491,-0.07963044995887003,0.08048577606678009,-0.40692080557346344,-0.08508387262446604,0.06770078837871552,-0.16100135445594788,-0.06048714423997126,0.10118363797664642,-0.24283558130264282,-0.0737810661874505,0.12077178061008453,-0.28864914178848267,-0.07751321102006159,0.1357244998216629,-0.3290255069732666,-0.07882688248975
Five,0.0,0.0,0.0,-0.048982590436935425,-0.04771590232849121,-0.0041634998974018345,-0.08671894669532776,-0.1058274507522583,-0.01597574071405461,-0.11509253084659576,-0.1600557565689087,-0.0276958485823684,-0.14304454624652863,-0.19437116384506226,-0.04124858321068814,-0.04119539260864258,-0.19722238183021545,-0.03606826530216267,-0.04964210093021393,-0.30195334553718567,-0.0543804364037328,-0.05246569216251373,-0.3636171221733093,-0.06283629403827717,-0.05258841812610626,-0.41059908270835876,-0.06694153414485982,-0.003944113850593567,-0.19756296277046204,-0.04516471268055966,0.01289665699005127,-0.3170180320739746,-0.06176405490754178,0.022974848747253418,-0.3891737461090088,-0.06847308294294407,0.031236708164215088,-0.44039008021354675,-0.07236984835384419,0.03259195387363434,-0.18435198068618774,-0.05350589842913678,0.05787281692028046,-0.29039156436920166,-0.07024907783983281,0.07141090929508209,-0.3572814166545868,-0.07997924552677205,0.0800626128911972,-0.4082542508840561,-0.08561143742321065,0.06738241016864777,-0.161752849817276,-0.06084321157453587,0.10121272504329681,-0.24380385875701904,-0.07380637244699528,0.12120167911052704,-0.28916606307029724,-0.07734356538770726,0.1366068571805954,-0.3286505341529846,-0.07859635071275761
Five,0.0,0.0,0.0,-0.04867453873157501,-0.04861116409301758,-0.0022690517600665316,-0.08695468306541443,-0.10606354475021362,-0.01331226343810954,-0.11512124538421631,-0.160366952419281,-0.024451782019440316,-0.14288479089736938,-0.1944754719734192,-0.037396009103957795,-0.04113489389419556,-0.1966184377670288,-0.035099464492503785,-0.04893292486667633,-0.302295446395874,-0.052651821659509324,-0.05140775442123413,-0.36409568786621094,-0.06015891863555112,-0.05143141746520996,-0.41090869903564453,-0.06349404810518422,-0.003938078880310059,-0.19658178091049194,-0.04462634308785596,0.013344228267669678,-0.3170653283596039,-0.06081575064510503,0.02349795401096344,-0.38952958583831787,-0.06682042686790624,0.03179582953453064,-0.440545916557312,-0.0700759729608933,0.03274746239185333,-0.18350577354431152,-0.053128979192678116,0.05810105800628662,-0.2902267277240753,-0.06924693195671239,0.07147577404975891,-0.3576076030731201,-0.07852487920374074,0.0799628496170044,-0.4089667797088623,-0.08382430581897893,0.06764009594917297,-0.16096067428588867,-0.060404471145574234,0.10122907161712646,-0.243238627910614,-0.07253220586628117,0.1210295557975769,-0.2886509597301483,-0.07560502647012868,0.13633090257644653,-0.32843929529190063,-0.0765498047933022
Five,0.0,0.0,0.0,-0.04923631250858307,-0.048036396503448486,-0.0026634357137140796,-0.08760190010070801,-0.10697805881500244,-0.013115791204711513,-0.11574891954660416,-0.16162291169166565,-0.023638417545100765,-0.14335064589977264,-0.1955259144306183,-0.03593623784496458,-0.04179935157299042,-0.19810092449188232,-0.03347488266541632,-0.04945853352546692,-0.3030863106250763,-0.05039657426192434,-0.05194254219532013,-0.3647369146347046,-0.057862815979262905,-0.05196388065814972,-0.4112951457500458,-0.0613728403778282,-0.0044505298137664795,-0.19873568415641785,-0.04294004437639387,0.012250185012817383,-0.3186025023460388,-0.058480435583135204,0.02237860858440399,-0.39095503091812134,-0.06473214325620802,0.030780628323554993,-0.4420088827610016,-0.06824091968252333,0.03234599530696869,-0.18568480014801025,-0.05156453845216902,0.05674760043621063,-0.2925785779953003,-0.06792653498365553,0.0703059583902359,-0.35987260937690735,-0.07786108699752958,0.0792246013879776,-0.4111934304237366,-0.08358274546577604,0.06726764142513275,-0.16297423839569092,-0.05899122876240881,0.10051219165325165,-0.24461445212364197,-0.07198443410112532,0.12063412368297577,-0.2898612916469574,-0.07575602975799711,0.1364951878786087,-0.32928964495658875,-0.07710953948213728
Five,0.0,0.0,0.0,-0.04859715700149536,-0.04931420087814331,-0.0027593105103846938,-0.08647146075963974,-0.10910403728485107,-0.013185462076592103,-0.11464403569698334,-0.1626293659210205,-0.023828316573428765,-0.14243821799755096,-0.1961674988269806,-0.03625874230675663,-0.04106034338474274,-0.19987449049949646,-0.031780183408784524,-0.048571839928627014,-0.30340108275413513,-0.04878648379855122,-0.051320239901542664,-0.36471742391586304,-0.05694784233384098,-0.05160902440547943,-0.411360502243042,-0.061116390023755685,-0.0038635581731796265,-0.20065352320671082,-0.041604783479499474,0.013769552111625671,-0.3191310167312622,-0.05712383249812092,0.02365049719810486,-0.3912026286125183,-0.06403983393721546,0.031749263405799866,-0.44299834966659546,-0.06811197111420597,0.032828569412231445,-0.18759149312973022,-0.05075461799316372,0.05750136077404022,-0.2942383885383606,-0.06740730265192951,0.07132543623447418,-0.3609323501586914,-0.07751072207503285,0.08053432404994965,-0.41232064366340637,-0.0832902641039368,0.06779111921787262,-0.1644251048564911,-0.05878343069963421,0.10056845843791962,-0.24629411101341248,-0.07192085692696537,0.1209423691034317,-0.29135942459106445,-0.0755368844609734,0.13714636862277985,-0.3305084705352783,-0.0767440126281258
Five,0.0,0.0,0.0,-0.04912266135215759,-0.04748642444610596,-0.002216769839975541,-0.08671092242002487,-0.10531646013259888,-0.01266545335889191,-0.11425134539604187,-0.1593329906463623,-0.0234521115118298,-0.141792893409729,-0.194228857755661,-0.0359977455729279,-0.04240018129348755,-0.1985057294368744,-0.03167795482218594,-0.05063977837562561,-0.3031314015388489,-0.048233483909967845,-0.053621336817741394,-0.36400702595710754,-0.05583939421117634,-0.05405499041080475,-0.41031599044799805,-0.05941461118996472,-0.005548223853111267,-0.19973912835121155,-0.04152105840981335,0.010923534631729126,-0.3196108341217041,-0.056233209549787944,0.020614489912986755,-0.3916436433792114,-0.06231958883941502,0.028731361031532288,-0.44231343269348145,-0.06581402289808125,0.031059637665748596,-0.1867712438106537,-0.05064785200298161,0.05599623918533325,-0.29407185316085815,-0.06631131935060353,0.0693807303905487,-0.3609600067138672,-0.07612549978435368,0.07802817225456238,-0.4114232361316681,-0.08183136302173466,0.06628057360649109,-0.16413581371307373,-0.05862114298284382,0.09999975562095642,-0.2462649941444397,-0.07070754188239903,0.1202700138092041,-0.2913728952407837,-0.07403778004587025,0.1359175145626068,-0.3299941420555115,-0.07516808527648777
Five,0.0,0.0,0.0,-0.048860833048820496,-0.04857975244522095,-0.0016055117978055478,-0.08691518008708954,-0.10608458518981934,-0.011612582640935898,-0.11473116278648376,-0.15980976819992065,-0.021992477277507305,-0.1423163264989853,-0.19430038332939148,-0.034095967808951855,-0.04267032444477081,-0.1985514760017395,-0.03132265681981039,-0.05044279992580414,-0.3035189211368561,-0.04771790901779127,-0.05314098298549652,-0.36421480774879456,-0.05497452865003538,-0.05339689552783966,-0.4104684293270111,-0.05830831328987074,-0.005630522966384888,-0.19985023140907288,-0.04122657577156019,0.011147871613502502,-0.3195253908634186,-0.05574010560869169,0.02114216983318329,-0.39142972230911255,-0.06144391621111822,0.0294816792011261,-0.4417056143283844,-0.06468165541647863,0.03112998604774475,-0.18705478310585022,-0.0503895754611392,0.05576449632644653,-0.2925109565258026,-0.06551408643483114,0.0693395733833313,-0.35916292667388916,-0.07509061569928122,0.07816284894943237,-0.4097613990306854,-0.08077166850327444,0.0664016604423523,-0.16425594687461853,-0.05838831017373991,0.09972178936004639,-0.2455100119113922,-0.07016599799155188,0.11982110142707825,-0.2906849980354309,-0.07359643901347113,0.1353854537010193,-0.3297702670097351,-0.0748685436940093
Five,0.0,0.0,0.0,-0.04949088394641876,-0.04800713062286377,-0.0003631851086822735,-0.08718489110469818,-0.10481441020965576,-0.010181223808132245,-0.1146092340350151,-0.1594662070274353,-0.020533906130395962,-0.1428709179162979,-0.19377216696739197,-0.032767042352162434,-0.043328046798706055,-0.19823026657104492,-0.03226271627684696,-0.05173519253730774,-0.3035350739955902,-0.04882722703953846,-0.05422048270702362,-0.36417627334594727,-0.05565048365136249,-0.05423131585121155,-0.41077984869480133,-0.05867932720323665,-0.0059896111488342285,-0.1993100345134735,-0.042668904943667485,0.010134324431419373,-0.31872838735580444,-0.05841407163282497,0.019792169332504272,-0.3905026316642761,-0.06453781558414562,0.027801722288131714,-0.44120630621910095,-0.06799440814396007,0.030982688069343567,-0.1859297752380371,-0.051984030587874486,0.05592498183250427,-0.2901632785797119,-0.06789278222461803,0.06972375512123108,-0.3570411205291748,-0.0775504632129298,0.07858198881149292,-0.40789493918418884,-0.0831833703651057,0.06609269976615906,-0.16275209188461304,-0.059921633286677434,0.09964856505393982,-0.24467229843139648,-0.07208823396106823,0.1197357177734375,-0.2897106409072876,-0.07549086941619976,0.13500893115997314,-0.3291248083114624,-0.07672864182134731
Five,0.0,0.0,0.0,-0.04936563968658447,-0.04789578914642334,-0.0011366672169685899,-0.0872504934668541,-0.10474133491516113,-0.011205439228405112,-0.11502759158611298,-0.15925955772399902,-0.021749846409846896,-0.14335262775421143,-0.19391080737113953,-0.03407912492363607,-0.04366748034954071,-0.1983691155910492,-0.03222121089308416,-0.052096351981163025,-0.30378204584121704,-0.04900177359192526,-0.054652199149131775,-0.364435076713562,-0.056108837719847315,-0.05497293174266815,-0.411037877202034,-0.059395970549275035,-0.006413638591766357,-0.19919297099113464,-0.042641842510391825,0.00991608202457428,-0.3185199499130249,-0.05852983682959234,0.01934202015399933,-0.3902057409286499,-0.06488553598134672,0.02673177421092987,-0.4411343038082123,-0.06848747446744596,0.0304795503616333,-0.18605199456214905,-0.05216564401595747,0.05618642270565033,-0.2896924912929535,-0.06805077358691847,0.06971396505832672,-0.3571213483810425,-0.07785355463235533,0.07794083654880524,-0.4089834839105606,-0.08366831555574095,0.06558917462825775,-0.1631331741809845,-0.06046605646221792,0.09970007836818695,-0.24391132593154907,-0.07271181955545103,0.11934275925159454,-0.2897821068763733,-0.0764461697599188,0.13403965532779694,-0.33042171597480774,-0.07796754851548826
Five,0.0,0.0,0.0,-0.049295440316200256,-0.04648888111114502,-0.0030895026805808357,-0.08782806992530823,-0.10371994972229004,-0.014032819535117369,-0.11599607765674591,-0.15887892246246338,-0.02512348372815154,-0.14450597763061523,-0.19332975149154663,-0.03789356466708682,-0.043464452028274536,-0.19811701774597168,-0.03385284286318324,-0.05255602300167084,-0.30264991521835327,-0.05138925578771136,-0.05562426149845123,-0.36370179057121277,-0.0593096886235287,-0.05602295696735382,-0.4106454700231552,-0.06322741624293826,-0.006181806325912476,-0.19918975234031677,-0.04349802177725337,0.00857861340045929,-0.31805363297462463,-0.05981821310101054,0.017642587423324585,-0.3896106481552124,-0.06637879576859973,0.02514009177684784,-0.44030842185020447,-0.07017389800725482,0.030744418501853943,-0.18619930744171143,-0.05241342377243541,0.05550093948841095,-0.2902270555496216,-0.06865937378583453,0.06873463094234467,-0.35777777433395386,-0.07835010554967425,0.07682366669178009,-0.40944239497184753,-0.0841180544751694,0.06585873663425446,-0.16323447227478027,-0.06031497311172984,0.09943155944347382,-0.24382305145263672,-0.07290596630750201,0.11886154115200043,-0.2896597385406494,-0.07664071139274142,0.13337458670139313,-0.32978224754333496,-0.07815785821853183
Five,0.0,0.0,0.0,-0.049290820956230164,-0.046823203563690186,-0.003599832966614258,-0.08833914995193481,-0.10513728857040405,-0.014863086133885872,-0.11735314130783081,-0.16052955389022827,-0.026205946892190468,-0.1464380919933319,-0.19477063417434692,-0.039175831913638604,-0.043441444635391235,-0.19941526651382446,-0.033908878653932106,-0.052761971950531006,-0.30422544479370117,-0.05145914965837051,-0.055866241455078125,-0.3651270866394043,-0.05945753419368316,-0.05651111900806427,-0.4118296056985855,-0.06336991602151443,-0.00597718358039856,-0.19991296529769897,-0.04344094657867004,0.008358657360076904,-0.31927746534347534,-0.05944537112085868,0.017358988523483276,-0.39093971252441406,-0.06576568001477767,0.02463151514530182,-0.4417435824871063,-0.06940162295072128,0.03108443319797516,-0.186451256275177,-0.05235955604879905,0.05514475703239441,-0.2913406789302826,-0.06854836010901977,0.06832629442214966,-0.3588750958442688,-0.07821448260514785,0.07632860541343689,-0.4104638546705246,-0.08393117898671676,0.06628444790840149,-0.16328132152557373,-0.060284742355037224,0.0988619327545166,-0.24506470561027527,-0.07270196193425704,0.11811751127243042,-0.29070770740509033,-0.07620202118127395,0.13247108459472656,-0.33038419485092163,-0.07758328431813766
Five,0.0,0.0,0.0,-0.04981003701686859,-0.04796326160430908,-0.0029151143741330543,-0.08888256549835205,-0.10775399208068848,-0.013679405185627047,-0.11843229085206985,-0.16321972012519836,-0.024541828292655055,-0.1471693515777588,-0.1980559527873993,-0.03700160372559935,-0.04342873394489288,-0.20202964544296265,-0.033105978253530566,-0.052876248955726624,-0.3075253367424011,-0.05050609770719916,-0.05600939691066742,-0.36916571855545044,-0.058583510550903384,-0.05646634101867676,-0.41603709757328033,-0.0624461187750569,-0.005782827734947205,-0.20277264714241028,-0.042656698706792895,0.008491232991218567,-0.3230360448360443,-0.05817384037678153,0.017536193132400513,-0.3951088786125183,-0.06427725914423377,0.024891123175621033,-0.44602784514427185,-0.06769329074327857,0.031588345766067505,-0.18953552842140198,-0.05152283746306807,0.055068209767341614,-0.2964405417442322,-0.06747148695890814,0.06792251765727997,-0.364082396030426,-0.07707050952618033,0.07575695216655731,-0.41550421714782715,-0.08264168861811072,0.06710778176784515,-0.16640672087669373,-0.05930494654481322,0.09942255914211273,-0.24973514676094055,-0.07172265413706214,0.11870674788951874,-0.29536113142967224,-0.0751160061687699,0.13335342705249786,-0.33474940061569214,-0.07625665280525595
Five,0.0,0.0,0.0,-0.051201388239860535,-0.044455111026763916,-0.005543904225419283,-0.09107561409473419,-0.1029520034790039,-0.01708257462371421,-0.12084203213453293,-0.15760034322738647,-0.028426476600657224,-0.14990349113941193,-0.1913396716117859,-0.041393517362962484,-0.04522399604320526,-0.19932764768600464,-0.03382845486987662,-0.05453987419605255,-0.3031311631202698,-0.05167212228764129,-0.0567927211523056,-0.36438655853271484,-0.0605049942015512,-0.05603209137916565,-0.4118260145187378,-0.06528371091474128,-0.006416454911231995,-0.19970980286598206,-0.042975245821367025,0.007380291819572449,-0.318430632352829,-0.05879586454022956,0.01728042960166931,-0.389178603887558,-0.06548220928300452,0.02592669427394867,-0.44047021865844727,-0.0696423303662641,0.031095340847969055,-0.18588301539421082,-0.05193166326273513,0.05453751981258392,-0.29199063777923584,-0.06835495944608283,0.0683845728635788,-0.35958611965179443,-0.07810317988980842,0.07732291519641876,-0.4118294268846512,-0.08411380167592597,0.06621028482913971,-0.16246342658996582,-0.06023288037170005,0.09789679944515228,-0.24323448538780212,-0.07396842058290076,0.11709798872470856,-0.2897634208202362,-0.07849421616185737,0.13163180649280548,-0.3308405876159668,-0.08067754175056052
Five,0.0,0.0,0.0,-0.05255445837974548,-0.0433049201965332,-0.008543285032686754,-0.09318293631076813,-0.10113579034805298,-0.021760168908116384,-0.1230275109410286,-0.155893474817276,-0.03411306762504296,-0.15243537724018097,-0.1896868348121643,-0.0478763873259993,-0.04598715901374817,-0.19747844338417053,-0.03778014653730111,-0.05546344816684723,-0.30095893144607544,-0.05658579566883759,-0.0584857314825058,-0.3626088500022888,-0.06588115119743065,-0.058563098311424255,-0.410100594162941,-0.0709208133201571,-0.006744951009750366,-0.19770970940589905,-0.045477583495852514,0.006303876638412476,-0.31523454189300537,-0.06257435256051735,0.016040503978729248,-0.3864819407463074,-0.06986756199407296,0.025010138750076294,-0.4382712095975876,-0.07437187009858803,0.030755609273910522,-0.18402031064033508,-0.05303277396964745,0.053792327642440796,-0.2886267900466919,-0.07040644013690667,0.06781598925590515,-0.35569480061531067,-0.08047069185781197,0.07730993628501892,-0.40719498693943024,-0.08653623187350945,0.0656791627407074,-0.16087394952774048,-0.060115843502757116,0.09716483950614929,-0.240317702293396,-0.07442999952840523,0.11574748158454895,-0.2866436541080475,-0.07918148064422326,0.1299426257610321,-0.3273448944091797,-0.08140678280400948
Five,0.0,0.0,0.0,-0.05250267684459686,-0.04385906457901001,-0.007784367454036101,-0.09275878965854645,-0.10230785608291626,-0.020549227398618086,-0.12275861948728561,-0.15635347366333008,-0.03250129978059135,-0.15159694850444794,-0.18976399302482605,-0.04602575759290062,-0.0445120632648468,-0.19822970032691956,-0.03780618767140709,-0.05399803817272186,-0.3017488718032837,-0.05668113092778526,-0.057417914271354675,-0.363903284072876,-0.06613456542490326,-0.058057621121406555,-0.4115174561738968,-0.07127390141485535,-0.005613729357719421,-0.19761884212493896,-0.04553639973400436,0.007720202207565308,-0.3152254819869995,-0.06309843147991501,0.01788012683391571,-0.3867875933647156,-0.07075455124376617,0.027228161692619324,-0.43863266706466675,-0.0754524850368341,0.03199230134487152,-0.1833724081516266,-0.0529692814767202,0.05511118471622467,-0.28964468836784363,-0.07101686383484207,0.06949914991855621,-0.3571367859840393,-0.0817924001335939,0.07961852848529816,-0.4089570641517639,-0.08818038637636505,0.06691904366016388,-0.15976402163505554,-0.05970703150032364,0.09939529001712799,-0.24124163389205933,-0.07470389540193878,0.11876903474330902,-0.2873307168483734,-0.07995183850525223,0.13384126126766205,-0.3277689218521118,-0.08242801661489807
Five,0.0,0.0,0.0,-0.05223812162876129,-0.04427695274353027,-0.009196741147206922,-0.09297105669975281,-0.10475820302963257,-0.0227217121182548,-0.1233203336596489,-0.16050231456756592,-0.03505344746099581,-0.153043732047081,-0.1947532594203949,-0.04868694079505076,-0.04456779360771179,-0.20087608695030212,-0.039297056025134225,-0.05447983741760254,-0.30583035945892334,-0.05822976363288035,-0.05784189701080322,-0.36826425790786743,-0.06748848838196864,-0.05824407935142517,-0.4160863906145096,-0.07244475615607371,-0.005240336060523987,-0.2001246213912964,-0.046382580524550576,0.008278042078018188,-0.31910207867622375,-0.06373957974301447,0.018677979707717896,-0.3909740447998047,-0.07092193198786845,0.028126686811447144,-0.44306717813014984,-0.07524890882359614,0.03249114751815796,-0.1857876181602478,-0.05323108342872729,0.055950671434402466,-0.29341307282447815,-0.07067648751126399,0.06984603404998779,-0.3604396879673004,-0.08050907832966914,0.07906225323677063,-0.41160857677459717,-0.08627076131688227,0.06767699122428894,-0.16246414184570312,-0.059563078558312554,0.09942382574081421,-0.2456674873828888,-0.07379243207560648,0.11778584122657776,-0.29280179738998413,-0.07833164615021815,0.13167527318000793,-0.3340851068496704,-0.08029027712927927
Five,0.0,0.0,0.0,-0.05231070518493652,-0.0444907546043396,-0.008234505473183162,-0.09382902085781097,-0.10468083620071411,-0.02137018360804177,-0.12492503225803375,-0.16013967990875244,-0.03346502774070359,-0.15400749444961548,-0.19503456354141235,-0.046820357373462684,-0.04449297487735748,-0.20258164405822754,-0.03768119581650353,-0.05464482307434082,-0.30722761154174805,-0.05619466297935105,-0.05821903049945831,-0.36952733993530273,-0.06536886461685754,-0.058882370591163635,-0.4171746075153351,-0.07021608569334603,-0.0047631412744522095,-0.2019122838973999,-0.04491164155911065,0.008679643273353577,-0.32102787494659424,-0.06097888194631196,0.018804684281349182,-0.39212486147880554,-0.0672210789532528,0.027468636631965637,-0.4433704614639282,-0.07093698152016259,0.03313584625720978,-0.18734782934188843,-0.05189609893272973,0.05672629177570343,-0.2944949269294739,-0.06783028312634087,0.06988890469074249,-0.36090511083602905,-0.07649704434584237,0.07787467539310455,-0.41146060824394226,-0.08161101110886193,0.06813810765743256,-0.1633419394493103,-0.05840984725068665,0.09949575364589691,-0.2446608543395996,-0.07133210071037865,0.11718596518039703,-0.2913492023944855,-0.07493629672239877,0.1301170438528061,-0.33203303813934326,-0.07625255354355431
Five,0.0,0.0,0.0,-0.05239984393119812,-0.046486854553222656,-0.009682479493989149,-0.09469117224216461,-0.10705941915512085,-0.02441583312369744,-0.12707528471946716,-0.16266119480133057,-0.038260531791223684,-0.15616969764232635,-0.19820493459701538,-0.05328678450800339,-0.04296618700027466,-0.2016923725605011,-0.03999779484487931,-0.054800719022750854,-0.30735549330711365,-0.06073990947820107,-0.057515278458595276,-0.37067416310310364,-0.07190966717220704,-0.05786827206611633,-0.4191490709781647,-0.07811566553331772,-0.002628624439239502,-0.20033851265907288,-0.04796281195498864,0.011498570442199707,-0.3215411305427551,-0.06555765233255784,0.021133720874786377,-0.3929938077926636,-0.07345897815443436,0.028504669666290283,-0.4452064782381058,-0.07831231615759293,0.03544825315475464,-0.18554717302322388,-0.05575822404838959,0.058553099632263184,-0.29437750577926636,-0.07303172461010377,0.07247462868690491,-0.3604487180709839,-0.0820016201517717,0.0812365710735321,-0.41001659631729126,-0.08711336664177338,0.07037821412086487,-0.161421537399292,-0.06334485224701325,0.10155954957008362,-0.24272143840789795,-0.07746797911144654,0.12065917253494263,-0.28976866602897644,-0.08105669281698624,0.1349812150001526,-0.3303244709968567,-0.08208581916309754
Five,0.0,0.0,0.0,-0.05263727903366089,-0.04695785045623779,-0.009406172598545481,-0.09538599848747253,-0.1090288758277893,-0.023663063461725642,-0.12692779302597046,-0.16563647985458374,-0.03666204858834021,-0.1565977931022644,-0.2013634741306305,-0.05084169183189147,-0.04307805001735687,-0.20278534293174744,-0.041447243581359317,-0.05408567190170288,-0.30962201952934265,-0.06114450741821997,-0.05667868256568909,-0.3733268976211548,-0.07064065981919043,-0.05616694688796997,-0.42177045345306396,-0.0756574784618067,-0.0029441118240356445,-0.2015974223613739,-0.04875157673174613,0.011303216218948364,-0.3236900568008423,-0.06609969485813849,0.02251604199409485,-0.3961709141731262,-0.0726122548084902,0.03206527233123779,-0.4485136419534683,-0.07633235205227606,0.03580978512763977,-0.18657910823822021,-0.05572602052504294,0.05947834253311157,-0.295946329832077,-0.072787619124,0.07322165369987488,-0.3632947504520416,-0.08142352748924964,0.08209976553916931,-0.4146663546562195,-0.08633273739630454,0.0721348226070404,-0.16169029474258423,-0.06228398058826201,0.10318276286125183,-0.24405407905578613,-0.07604662973696463,0.12067654728889465,-0.29164981842041016,-0.07963974673563712,0.13361403346061707,-0.3333345055580139,-0.08082798768097632
Five,0.0,0.0,0.0,-0.05325177311897278,-0.047329723834991455,-0.010418010442634795,-0.09667982161045074,-0.11048048734664917,-0.025076869442244742,-0.1289241909980774,-0.16785979270935059,-0.038339124559541915,-0.15826284885406494,-0.20501846075057983,-0.05263773867406485,-0.04440215229988098,-0.20524156093597412,-0.04205005386390326,-0.05502942204475403,-0.3122360408306122,-0.06208115214027998,-0.05760984122753143,-0.37645402550697327,-0.07198862501897452,-0.05740642547607422,-0.4254038631916046,-0.07732406774081824,-0.004205435514450073,-0.2038172483444214,-0.04901016274013159,0.009529262781143188,-0.32621249556541443,-0.06624065110005972,0.020850569009780884,-0.3982546627521515,-0.07266933241405127,0.030574172735214233,-0.45016175508499146,-0.07641350993432638,0.035089850425720215,-0.18847650289535522,-0.05577417606033919,0.057830482721328735,-0.3003672957420349,-0.07295467474975226,0.07142201066017151,-0.3676358163356781,-0.081353945224663,0.08057901263237,-0.4188053607940674,-0.08612348654784796,0.07208910584449768,-0.163030743598938,-0.062243958502193664,0.10332441329956055,-0.24646931886672974,-0.07646131285943625,0.1220068633556366,-0.2944161295890808,-0.08010185280360815,0.13669618964195251,-0.3358249068260193,-0.08120350310124991
Five,0.0,0.0,0.0,-0.053764939308166504,-0.04785799980163574,-0.01077021336254802,-0.09684985876083374,-0.11135619878768921,-0.02582086207416978,-0.12982821464538574,-0.16913431882858276,-0.03927769469169107,-0.15995343029499054,-0.2061171531677246,-0.053808208127293256,-0.044617533683776855,-0.20399534702301025,-0.04482969971445527,-0.05501855909824371,-0.31240952014923096,-0.06569176869538751,-0.05747911334037781,-0.37741798162460327,-0.07548771010783639,-0.05725385248661041,-0.4269028306007385,-0.08060023890880075,-0.003770500421524048,-0.2020130753517151,-0.05149154322293725,0.009982168674468994,-0.32601338624954224,-0.06966482060101953,0.021143794059753418,-0.39916694164276123,-0.07613006191400018,0.030730128288269043,-0.45218297839164734,-0.0798609028950068,0.035854220390319824,-0.1864718794822693,-0.05778171079305139,0.058393895626068115,-0.2991081774234772,-0.07553504364636865,0.07214325666427612,-0.3664426803588867,-0.08381201284078088,0.08153066039085388,-0.41785764694213867,-0.08840809719708886,0.07245978713035583,-0.16120731830596924,-0.06371690290120569,0.10322839021682739,-0.24555131793022156,-0.07835905211118188,0.12223100662231445,-0.29392921924591064,-0.08216956215051141,0.13733166456222534,-0.3359711766242981,-0.08333089159873452
Five,0.0,0.0,0.0,-0.05421721935272217,-0.0473179817199707,-0.012635155933736542,-0.09808427095413208,-0.11238467693328857,-0.028270742277442196,-0.13205598294734955,-0.17152619361877441,-0.04190400091820834,-0.16291068494319916,-0.20878654718399048,-0.056501293907700756,-0.04461053013801575,-0.20399260520935059,-0.04662830976658938,-0.05560140311717987,-0.31288349628448486,-0.06768605334573863,-0.05835828185081482,-0.3777332305908203,-0.07745293004327891,-0.05806240439414978,-0.4275500774383545,-0.0826201237540829,-0.0038894712924957275,-0.20184224843978882,-0.05235694197827456,0.009843707084655762,-0.32575327157974243,-0.07101869059616206,0.02123737335205078,-0.39909255504608154,-0.07780090941005824,0.03103885054588318,-0.45265287160873413,-0.08175007475429652,0.03475391864776611,-0.18631339073181152,-0.057846902291117885,0.057590216398239136,-0.29716581106185913,-0.07649047894292949,0.07172119617462158,-0.36490103602409363,-0.08571999741607783,0.08130452036857605,-0.41739514470100403,-0.09090061707311747,0.0705786645412445,-0.16176408529281616,-0.06304674072080729,0.10274648666381836,-0.24470511078834534,-0.07860896957927821,0.12220340967178345,-0.2927769422531128,-0.08331465942674754,0.1373128592967987,-0.3350997269153595,-0.08514647407346843
Five,0.0,0.0,0.0,-0.055055856704711914,-0.04830193519592285,-0.011929924469939124,-0.09836098551750183,-0.11348849534988403,-0.02712136400913323,-0.13265761733055115,-0.17273449897766113,-0.040308725890270125,-0.16407810151576996,-0.2086527943611145,-0.05469142725740994,-0.043685659766197205,-0.20524638891220093,-0.04594883030330266,-0.054963886737823486,-0.3142532706260681,-0.06646721517716969,-0.05832768976688385,-0.3798697292804718,-0.07618085747634495,-0.0583229660987854,-0.43023568391799927,-0.08148357724820698,-0.0018474459648132324,-0.20298171043395996,-0.05179763665472592,0.010609447956085205,-0.3261473476886749,-0.06938475078021611,0.020935416221618652,-0.39944350719451904,-0.07614406650935734,0.030018925666809082,-0.4533204734325409,-0.08048897689258183,0.03677627444267273,-0.1871201992034912,-0.05729955142413701,0.05868169665336609,-0.299407958984375,-0.07540140008603657,0.072366863489151,-0.36827558279037476,-0.08538105046426381,0.08159241080284119,-0.4220810532569885,-0.09153265958701695,0.07154151797294617,-0.16238445043563843,-0.062356025781980406,0.10400989651679993,-0.2448396384716034,-0.07836658215200032,0.12404078245162964,-0.2928943634033203,-0.08399653142367924,0.13971200585365295,-0.3356054127216339,-0.0866616115537795
Five,0.0,0.0,0.0,-0.055362164974212646,-0.04771924018859863,-0.011265825401096663,-0.09868001937866211,-0.1116400957107544,-0.026334283794312796,-0.13324233889579773,-0.17054569721221924,-0.039543870757370314,-0.16517417132854462,-0.20610082149505615,-0.053982216785698256,-0.04320874810218811,-0.2019065022468567,-0.04517570130064996,-0.05460067093372345,-0.3107841908931732,-0.06505930788352998,-0.05807977914810181,-0.37629371881484985,-0.07428344703748735,-0.057955652475357056,-0.42641574144363403,-0.07927083588674577,-0.0017185807228088379,-0.19968217611312866,-0.05099349088504823,0.01046454906463623,-0.3227195739746094,-0.06798833973243745,0.020858973264694214,-0.39498013257980347,-0.0741036123736194,0.030324876308441162,-0.44731664657592773,-0.07804350174501451,0.036915600299835205,-0.18352097272872925,-0.05634980640843423,0.05857568979263306,-0.2965376377105713,-0.07377939290836366,0.07218766212463379,-0.3658280074596405,-0.0828560925228885,0.08137881755828857,-0.41982927918434143,-0.0885023436649135,0.07208234071731567,-0.15847235918045044,-0.0612002498610309,0.10472863912582397,-0.24183019995689392,-0.07641770310237916,0.12455049157142639,-0.2903437614440918,-0.08128484703138383,0.13941451907157898,-0.33385494351387024,-0.08352954305246385
Five,0.0,0.0,0.0,-0.05677086114883423,-0.04843968152999878,-0.010489360867808273,-0.10013973712921143,-0.11153978109359741,-0.026619099519024303,-0.1352984756231308,-0.17072808742523193,-0.040553277796874454,-0.167256161570549,-0.20672351121902466,-0.05572415373362105,-0.04335033893585205,-0.19927722215652466,-0.05034863433874648,-0.0542452335357666,-0.3110029101371765,-0.07143538302815955,-0.05646972358226776,-0.3765583634376526,-0.08077321059144538,-0.05592896044254303,-0.42693400382995605,-0.08539969331658881,0.0003884434700012207,-0.1959601640701294,-0.05601532614863913,0.013960927724838257,-0.3211684226989746,-0.07491972155011695,0.023913860321044922,-0.3943869471549988,-0.08135876662171881,0.0321047306060791,-0.4482991695404053,-0.0851773679915766,0.039513081312179565,-0.1798793077468872,-0.0604998008076052,0.06310516595840454,-0.2929833233356476,-0.0790389761988024,0.07846623659133911,-0.362111896276474,-0.08798618472255271,0.08888602256774902,-0.41434597969055176,-0.09298004067576926,0.07343718409538269,-0.15601849555969238,-0.06412475413716834,0.10642644762992859,-0.2414310872554779,-0.07930963344014685,0.1270270049571991,-0.28834807872772217,-0.08330544686950248,0.14260250329971313,-0.32914984226226807,-0.08452485359347861
Five,0.0,0.0,0.0,-0.0578305721282959,-0.04765230417251587,-0.013112267597904292,-0.10022613406181335,-0.11112755537033081,-0.029444735615840045,-0.13419383764266968,-0.17069101333618164,-0.043264594047656146,-0.16622482240200043,-0.20770472288131714,-0.058391966044297305,-0.04063349962234497,-0.2005242109298706,-0.04948795971213826,-0.052101075649261475,-0.3103344440460205,-0.07004111272036084,-0.055410027503967285,-0.37525177001953125,-0.07932996761738309,-0.05493509769439697,-0.42544323205947876,-0.08419851225553998,0.0024111270904541016,-0.19727152585983276,-0.054033115624775974,0.015784740447998047,-0.3205069899559021,-0.07238870871006498,0.026143968105316162,-0.39271628856658936,-0.07909735304056653,0.03547951579093933,-0.4459233582019806,-0.08333262067972669,0.04102432727813721,-0.18013525009155273,-0.05791772913872251,0.06484457850456238,-0.2914232909679413,-0.07637026917873868,0.08010023832321167,-0.3610461950302124,-0.08631829929291257,0.09056809544563293,-0.41579174995422363,-0.0922793374651576,0.07486847043037415,-0.154341459274292,-0.06119399529634961,0.10789939761161804,-0.239243745803833,-0.07670441281734952,0.12726148962974548,-0.2875481843948364,-0.08170758944689283,0.1414899230003357,-0.33116987347602844,-0.08395922940908918
Five,0.0,0.0,0.0,-0.05854231119155884,-0.048413872718811035,-0.014429646803961305,-0.10146218538284302,-0.11360681056976318,-0.03141309533171466,-0.13592194020748138,-0.17318940162658691,-0.04582283113055041,-0.16783568263053894,-0.2100350260734558,-0.06152217674903682,-0.040861159563064575,-0.20365482568740845,-0.04959263492278865,-0.05299496650695801,-0.312919020652771,-0.0704829900329571,-0.056084662675857544,-0.3774222135543823,-0.08034238804034999,-0.05524471402168274,-0.427411288022995,-0.08561207193784526,0.002270340919494629,-0.2000364065170288,-0.05399752247981837,0.01598501205444336,-0.3223283588886261,-0.07272136051111033,0.02636963129043579,-0.39452260732650757,-0.07992300975971034,0.03579211235046387,-0.44822201132774353,-0.08437006760291865,0.040636271238327026,-0.18217194080352783,-0.05796601463012507,0.06458514928817749,-0.29249340295791626,-0.07650203097514918,0.0798870325088501,-0.36159342527389526,-0.08646182555608561,0.09050428867340088,-0.4156562089920044,-0.09227977532796672,0.07431614398956299,-0.15607213973999023,-0.061569752431438474,0.10651242733001709,-0.24054619669914246,-0.07688187647514155,0.12531882524490356,-0.2889487147331238,-0.08167590785674861,0.13954401016235352,-0.3318204879760742,-0.08368037480764201
Five,0.0,0.0,0.0,-0.059924423694610596,-0.048644065856933594,-0.01549609640375138,-0.10216952860355377,-0.11303085088729858,-0.03324779199198247,-0.13678699731826782,-0.17299818992614746,-0.04837421031430722,-0.16915927827358246,-0.21060967445373535,-0.06473309622839452,-0.042290180921554565,-0.20159828662872314,-0.050365273670706756,-0.053682416677474976,-0.312946081161499,-0.07146014349297047,-0.05640283226966858,-0.3785862326622009,-0.0812438659532404,-0.055565446615219116,-0.42974215745925903,-0.08627498226002217,0.0017456412315368652,-0.1980215311050415,-0.05446939991549016,0.01616808772087097,-0.3214759826660156,-0.07288823352888585,0.026668787002563477,-0.39428865909576416,-0.07996735052898885,0.03572401404380798,-0.44834399223327637,-0.08437812404469014,0.04057109355926514,-0.18038123846054077,-0.058241621421132095,0.06442466378211975,-0.2906545400619507,-0.07664620952442647,0.07921934127807617,-0.3596532344818115,-0.08655577974155904,0.08922290802001953,-0.41305798292160034,-0.09227226005629063,0.07440388202667236,-0.15566891431808472,-0.06174327881768704,0.10724830627441406,-0.24162542819976807,-0.07690154092148305,0.12738582491874695,-0.2908784747123718,-0.08158768789604665,0.1428987681865692,-0.3342260420322418,-0.08344096021488667
Five,0.0,0.0,0.0,-0.06060582399368286,-0.04938995838165283,-0.01509108505894119,-0.10271179676055908,-0.11418861150741577,-0.03289073724050695,-0.13738447427749634,-0.17470312118530273,-0.048025507663680855,-0.16991637647151947,-0.2131723165512085,-0.0643835479368704,-0.04255971312522888,-0.2031087875366211,-0.05032940972347433,-0.05270040035247803,-0.31631696224212646,-0.0710201526035803,-0.05502977967262268,-0.38277795910835266,-0.0804852137317198,-0.05430102348327637,-0.43438953161239624,-0.0852517599215048,0.0025415122509002686,-0.1999298334121704,-0.05438489857812101,0.018683969974517822,-0.3244655728340149,-0.07169047388930494,0.02874264121055603,-0.39806610345840454,-0.0781779700865286,0.036662548780441284,-0.452536404132843,-0.08225844446320707,0.04175221920013428,-0.182478666305542,-0.0579678306331175,0.0666685402393341,-0.292113333940506,-0.07503656688828642,0.08136516809463501,-0.3608461022377014,-0.08421942237515623,0.09112429618835449,-0.4134107530117035,-0.08966846409936124,0.07512682676315308,-0.15776538848876953,-0.06128143910069639,0.10850203037261963,-0.2420070767402649,-0.07551972213883573,0.12931913137435913,-0.2908826768398285,-0.07954586688180143,0.14546215534210205,-0.33364158868789673,-0.08094482514758283
Five,0.0,0.0,0.0,-0.06046551465988159,-0.051469385623931885,-0.014121622548373125,-0.10242217779159546,-0.11681830883026123,-0.031349077590675734,-0.136851966381073,-0.17737513780593872,-0.046043820449085615,-0.16894273459911346,-0.2156805396080017,-0.06198817468521156,-0.04161134362220764,-0.20502585172653198,-0.04930836311814346,-0.051457881927490234,-0.3179376721382141,-0.0696882044458107,-0.05360442399978638,-0.3843030333518982,-0.07882304094073334,-0.05256494879722595,-0.4354565739631653,-0.08335941634413757,0.0034222304821014404,-0.20140963792800903,-0.053654830672712706,0.01917019486427307,-0.32608193159103394,-0.07063761703011551,0.029731184244155884,-0.39974087476730347,-0.07671279064652481,0.0386815071105957,-0.4537462890148163,-0.08057864359852829,0.042775362730026245,-0.18349921703338623,-0.057520389326782606,0.06690916419029236,-0.29398733377456665,-0.07485651574370422,0.08120572566986084,-0.36168304085731506,-0.08390782377955475,0.09117916226387024,-0.4134650230407715,-0.0892320459270195,0.0765216052532196,-0.1583101749420166,-0.06098528555867233,0.10948047041893005,-0.24327915906906128,-0.07601310662266769,0.13066908717155457,-0.29167440533638,-0.0803037022733406,0.14756858348846436,-0.3344532251358032,-0.08178322366711654
Five,0.0,0.0,0.0,-0.059420496225357056,-0.05234163999557495,-0.014601485071807474,-0.10169899463653564,-0.11791884899139404,-0.03291519285562572,-0.13630521297454834,-0.17891746759414673,-0.048691070838003725,-0.16876842081546783,-0.21739548444747925,-0.06561356709721622,-0.04132843017578125,-0.20499521493911743,-0.049597247703104586,-0.05042672157287598,-0.3190346360206604,-0.07047118918421802,-0.05255505442619324,-0.3859121799468994,-0.08032761440995273,-0.05131715536117554,-0.43715259432792664,-0.08524606303694782,0.0038298368453979492,-0.20136094093322754,-0.05384342299225864,0.020052582025527954,-0.32827484607696533,-0.07029570565941867,0.030867785215377808,-0.4026136100292206,-0.07635497228625354,0.040549278259277344,-0.45672422647476196,-0.08021019325974521,0.04353013634681702,-0.1838080883026123,-0.05755474717739162,0.06637787818908691,-0.29766878485679626,-0.07347898857119617,0.07921788096427917,-0.36537301540374756,-0.08129801527979907,0.08812245726585388,-0.41634929180145264,-0.0860695831609064,0.07821205258369446,-0.1589638590812683,-0.06104563475969371,0.10871100425720215,-0.24396157264709473,-0.07445695178034839,0.12823593616485596,-0.29212653636932373,-0.07727201954844531,0.14376476407051086,-0.3345009684562683,-0.07777759359601077
Five,0.0,0.0,0.0,-0.059861063957214355,-0.052055299282073975,-0.014986269597500268,-0.1021304726600647,-0.11681526899337769,-0.03384325229802698,-0.1369861364364624,-0.17778772115707397,-0.050276502457052175,-0.16966336965560913,-0.21634536981582642,-0.06790997409501642,-0.04084712266921997,-0.2046833634376526,-0.04969149776974291,-0.049993693828582764,-0.31787461042404175,-0.07087695920148462,-0.05137157440185547,-0.3841792941093445,-0.08131721192279429,-0.0489906370639801,-0.43541526794433594,-0.08675514483132929,0.00411611795425415,-0.20074552297592163,-0.0541826891271171,0.020106762647628784,-0.32583490014076233,-0.07083072089830011,0.03132644295692444,-0.39971643686294556,-0.07725674235501856,0.0417076051235199,-0.4535215198993683,-0.0815860214201507,0.043453216552734375,-0.1827438473701477,-0.05827238732257456,0.0665372908115387,-0.29549285769462585,-0.07438108646550745,0.07985585927963257,-0.363497257232666,-0.08236194723525614,0.08954235911369324,-0.4148697257041931,-0.08744945698657602,0.07774904370307922,-0.15743505954742432,-0.0622262502578792,0.1085892915725708,-0.2416168451309204,-0.0757767813769874,0.1283029019832611,-0.2896900773048401,-0.0786410676805076,0.14425882697105408,-0.33202064037323,-0.07936037653365702
Five,0.0,0.0,0.0,-0.06031385064125061,-0.0524517297744751,-0.014348268494757122,-0.10307204723358154,-0.11801034212112427,-0.03271849172637076,-0.1383732557296753,-0.17828071117401123,-0.04837046282813162,-0.17019501328468323,-0.2163894772529602,-0.06532678472325415,-0.039796918630599976,-0.20353418588638306,-0.05230110975429625,-0.04903551936149597,-0.31820395588874817,-0.07347020971104712,-0.05034971237182617,-0.38457873463630676,-0.0831571640305242,-0.04803881049156189,-0.4357824921607971,-0.08788820075318426,0.005046427249908447,-0.19847804307937622,-0.056320183896275466,0.021498531103134155,-0.3254462778568268,-0.07370416539237112,0.033318907022476196,-0.4000016450881958,-0.07975205498263449,0.04440653324127197,-0.45435765385627747,-0.08351693766638846,0.04411053657531738,-0.18007802963256836,-0.05954048501774878,0.06811052560806274,-0.2943245768547058,-0.07621037679240317,0.08291274309158325,-0.3630989193916321,-0.08447508978173346,0.0941205620765686,-0.4154229164123535,-0.08943770545050711,0.0777776837348938,-0.15475696325302124,-0.06233978735730261,0.10909059643745422,-0.24100089073181152,-0.0763296903900823,0.1288614273071289,-0.28921520709991455,-0.07949057685658545,0.1452111303806305,-0.3318137526512146,-0.08024202751442999
Five,0.0,0.0,0.0,-0.06039726734161377,-0.05331987142562866,-0.015009409917695393,-0.10344105958938599,-0.11948823928833008,-0.03358896279911505,-0.13865500688552856,-0.1796172857284546,-0.04960313642601477,-0.1708628088235855,-0.21784362196922302,-0.06693522835354315,-0.040231555700302124,-0.20398271083831787,-0.051750959998173585,-0.04935029149055481,-0.31843042373657227,-0.07356846535782324,-0.05038514733314514,-0.38489991426467896,-0.08394518697838294,-0.04746687412261963,-0.4366835653781891,-0.0892015566883515,0.004744470119476318,-0.19903969764709473,-0.05607434937934386,0.02147868275642395,-0.32605302333831787,-0.07431360537390219,0.03380897641181946,-0.4010678231716156,-0.08115254545788275,0.04550224542617798,-0.4565461575984955,-0.08542813563923346,0.043839842081069946,-0.1808968186378479,-0.05982062051276671,0.0679972767829895,-0.2951783239841461,-0.07731729949097144,0.08287656307220459,-0.3644320070743561,-0.08599924499372946,0.09412464499473572,-0.4178449809551239,-0.09117006713728415,0.07759338617324829,-0.15575480461120605,-0.0632601698694657,0.10876151919364929,-0.24148684740066528,-0.07765240425447928,0.12839287519454956,-0.2899087369441986,-0.08086308295111166,0.14457476139068604,-0.33288127183914185,-0.0816806873140763
Five,0.0,0.0,0.0,-0.06072071194648743,-0.053671061992645264,-0.015791005601897723,-0.10295459628105164,-0.11876976490020752,-0.03446707609833766,-0.13802284002304077,-0.1786603331565857,-0.05042125392498065,-0.1695016771554947,-0.21726471185684204,-0.0675473000461011,-0.03870964050292969,-0.20519399642944336,-0.049852469151630885,-0.04709330201148987,-0.31964021921157837,-0.07085245210470248,-0.04775416851043701,-0.38597485423088074,-0.0810208107882886,-0.04446828365325928,-0.43728452920913696,-0.08622378963769961,0.006940066814422607,-0.2005854845046997,-0.05350321266593028,0.025280624628067017,-0.3263692855834961,-0.07046733904422808,0.03783354163169861,-0.4006216526031494,-0.07709205258430529,0.04926192760467529,-0.45532962679862976,-0.08129088688434649,0.04602208733558655,-0.18178319931030273,-0.05678152400793124,0.07006621360778809,-0.29367390275001526,-0.07294662404598284,0.08470851182937622,-0.3619544208049774,-0.08121711123527575,0.09578800201416016,-0.41513195633888245,-0.08627288896383334,0.07929611206054688,-0.15494632720947266,-0.0599304932707696,0.11020675301551819,-0.237346351146698,-0.07337085265459109,0.1293754279613495,-0.2850145399570465,-0.07624512273611117,0.14508482813835144,-0.3277431130409241,-0.07684359807313967
Five,0.0,0.0,0.0,-0.0599665641784668,-0.05401051044464111,-0.01592600455688853,-0.10203781723976135,-0.12045490741729736,-0.034027734009498545,-0.1360006183385849,-0.17968088388442993,-0.049321496097320505,-0.16728316247463226,-0.21797850728034973,-0.06580106651591677,-0.03697293996810913,-0.20753812789916992,-0.04970118886041064,-0.04545137286186218,-0.31964802742004395,-0.0701340261678638,-0.0462740957736969,-0.3848324716091156,-0.08001169299888033,-0.04288750886917114,-0.4350666403770447,-0.08519788569020648,0.0082874596118927,-0.2019532322883606,-0.053522628901475855,0.02560672163963318,-0.3266627788543701,-0.07067440187739749,0.03802099823951721,-0.4003216624259949,-0.07767923658894915,0.04975119233131409,-0.45469367504119873,-0.08230419939565081,0.0471629798412323,-0.1829952597618103,-0.05700405052112956,0.07258164882659912,-0.29461032152175903,-0.07390065228747744,0.08813542127609253,-0.3628477454185486,-0.08298132306146044,0.09996411204338074,-0.4162651300430298,-0.08859656488704104,0.08051863312721252,-0.15635532140731812,-0.06034337466763873,0.11225524544715881,-0.24018627405166626,-0.0747719604353847,0.13159525394439697,-0.2880692780017853,-0.07848016655253787,0.14721062779426575,-0.33066022396087646,-0.07974835222768206
Five,0.0,0.0,0.0,-0.06049510836601257,-0.05154263973236084,-0.014936732541286801,-0.10301889479160309,-0.1181793212890625,-0.03126756701942668,-0.13618822395801544,-0.17845487594604492,-0.044816481362545346,-0.16708719730377197,-0.21669647097587585,-0.0595912211048244,-0.037435382604599,-0.2075366973876953,-0.04552750144478068,-0.04507914185523987,-0.31783390045166016,-0.06388399977561221,-0.046078115701675415,-0.3833407163619995,-0.07308303792353854,-0.04246407747268677,-0.43304628133773804,-0.07814873982545123,0.008333802223205566,-0.20450836420059204,-0.048874350677692746,0.02511844038963318,-0.3268480896949768,-0.06310598779793963,0.037286341190338135,-0.39893293380737305,-0.06911689270611987,0.0490545928478241,-0.4508657157421112,-0.07341261435624347,0.04780936241149902,-0.18615835905075073,-0.05192905892010913,0.07282692193984985,-0.2980158030986786,-0.06705454964514956,0.0887993574142456,-0.36492884159088135,-0.07585855800982699,0.10080081224441528,-0.4169200658798218,-0.08162759472008929,0.08134210109710693,-0.15858697891235352,-0.05479046557422862,0.11369654536247253,-0.24110189080238342,-0.06874586124297366,0.13355752825737,-0.2872586250305176,-0.07255166251536593,0.1493082344532013,-0.3280467987060547,-0.07389393676396594
Five,0.0,0.0,0.0,-0.060048967599868774,-0.05142301321029663,-0.012300450490101866,-0.10323718190193176,-0.11896252632141113,-0.026899073408230834,-0.13659833371639252,-0.17979317903518677,-0.038987083495840125,-0.1683303564786911,-0.21668240427970886,-0.05227328291653066,-0.03914961218833923,-0.20884737372398376,-0.0430827943098393,-0.04715582728385925,-0.3203144669532776,-0.059747586162075095,-0.04799780249595642,-0.3856639862060547,-0.0671701190483418,-0.04423999786376953,-0.43479490280151367,-0.07084930515406995,0.0072723329067230225,-0.2067311406135559,-0.0467812289905396,0.02430248260498047,-0.33017605543136597,-0.06034361398337751,0.03631293773651123,-0.40287429094314575,-0.06555819338677793,0.04788646101951599,-0.45410409569740295,-0.06894187456487089,0.0473557710647583,-0.1890355944633484,-0.04977975985525518,0.07317009568214417,-0.2978435158729553,-0.06393243199704557,0.0887417197227478,-0.3645619750022888,-0.0722362903368321,0.10022446513175964,-0.41535094380378723,-0.07739646560071378,0.08093559741973877,-0.16170966625213623,-0.052300764383062415,0.113604336977005,-0.24251139163970947,-0.06470029628394514,0.13386598229408264,-0.2883664071559906,-0.06765007799981504,0.14993274211883545,-0.32827824354171753,-0.06829520142196088
Five,0.0,0.0,0.0,-0.05972626805305481,-0.050983548164367676,-0.012983748056910827,-0.10232216119766235,-0.11590641736984253,-0.02836147260012467,-0.1352943778038025,-0.17523759603500366,-0.041279116013072326,-0.16631513833999634,-0.21209588646888733,-0.05528704200031598,-0.03782176971435547,-0.20609161257743835,-0.04372843850495656,-0.04638314247131348,-0.3169041872024536,-0.060967483856700255,-0.04790621995925903,-0.3815639615058899,-0.06873931486251195,-0.04493218660354614,-0.4308691620826721,-0.07256565738560994,0.008493483066558838,-0.20324638485908508,-0.04721535492780049,0.025289684534072876,-0.3254604935646057,-0.061593556144259765,0.03616872429847717,-0.39776507019996643,-0.06715842831971486,0.046380817890167236,-0.449352502822876,-0.0707145904386266,0.048415184020996094,-0.18545961380004883,-0.05005116138698895,0.07322710752487183,-0.2929934859275818,-0.06450728822591145,0.08683896064758301,-0.35945606231689453,-0.07252303261401494,0.09639537334442139,-0.4101385474205017,-0.07735788572671254,0.08187645673751831,-0.15869641304016113,-0.052550808825515105,0.11406844854354858,-0.23900240659713745,-0.06477343786599477,0.13368692994117737,-0.2853066325187683,-0.06749156612994511,0.14915171265602112,-0.325783371925354,-0.06791925180795033
Five,0.0,0.0,0.0,-0.05879771709442139,-0.05074572563171387,-0.01131527067383331,-0.10130411386489868,-0.11689704656600952,-0.025616363037727297,-0.13461834192276,-0.17704996466636658,-0.037702659491799295,-0.16545537114143372,-0.21328601241111755,-0.051005753103993356,-0.03838455677032471,-0.20882320404052734,-0.040772972975275934,-0.046089500188827515,-0.3178611099720001,-0.056943578992388666,-0.04826712608337402,-0.38187167048454285,-0.06458384764601988,-0.04606425762176514,-0.4304884821176529,-0.06856303883006376,0.0077776312828063965,-0.20696035027503967,-0.04475736838986677,0.02496585249900818,-0.3272082209587097,-0.05805058998276991,0.035196125507354736,-0.39772331714630127,-0.06336853874137205,0.044352948665618896,-0.448148250579834,-0.06691228819300932,0.04808682203292847,-0.18959668278694153,-0.04800031927635473,0.07505583763122559,-0.29804131388664246,-0.06150197831203741,0.08915063738822937,-0.36364203691482544,-0.06885046732833189,0.09832698106765747,-0.4135277271270752,-0.07330054265668196,0.08195197582244873,-0.16274744272232056,-0.05081803945114416,0.11459413170814514,-0.2451534867286682,-0.06222938967158598,0.1341063678264618,-0.2915794551372528,-0.06429009360482496,0.14893588423728943,-0.3319454789161682,-0.06428717297723097
Five,0.0,0.0,0.0,-0.05929744243621826,-0.05044245719909668,-0.011834843691787,-0.10121102631092072,-0.11595582962036133,-0.025893401030799623,-0.13387538492679596,-0.17559397220611572,-0.03806273420562434,-0.16471785306930542,-0.2122119963169098,-0.051452958632609125,-0.0394362211227417,-0.21153926849365234,-0.037337781537672754,-0.047732532024383545,-0.3191570043563843,-0.052975153226753946,-0.04981067776679993,-0.38220030069351196,-0.06109880437364268,-0.047567009925842285,-0.4305254817008972,-0.06585329924931216,0.006337195634841919,-0.20949673652648926,-0.04215177302469897,0.02188718318939209,-0.32758408784866333,-0.054831860263249155,0.032257676124572754,-0.3977990746498108,-0.06138748456945109,0.04169812798500061,-0.44878682494163513,-0.06613035653938937,0.046428948640823364,-0.1906847059726715,-0.04670820911636042,0.07192152738571167,-0.2980906367301941,-0.06098836069216418,0.08659404516220093,-0.3635660409927368,-0.07026312654127764,0.0967479944229126,-0.4146586060523987,-0.07623022203554797,0.08076068758964539,-0.16170960664749146,-0.05088709448685336,0.11304208636283875,-0.24164006114006042,-0.06382022951950717,0.1322076916694641,-0.28936511278152466,-0.06770285372843432,0.14713042974472046,-0.3323211073875427,-0.06916140173782992
Five,0.0,0.0,0.0,-0.058239758014678955,-0.050210416316986084,-0.012550791446841458,-0.10004398226737976,-0.11522626876831055,-0.02672279039470027,-0.13236907124519348,-0.17460128664970398,-0.03888913588670562,-0.16306090354919434,-0.21171215176582336,-0.05210132123974631,-0.0388333797454834,-0.21287700533866882,-0.036687779892957906,-0.04679468274116516,-0.31940603256225586,-0.052337605227506856,-0.048487961292266846,-0.38225609064102173,-0.06065964298394988,-0.04614230990409851,-0.43030138313770294,-0.06552881347087691,0.0070129334926605225,-0.21102601289749146,-0.041166405846155385,0.02290472388267517,-0.32863348722457886,-0.05392879219797919,0.033589571714401245,-0.3994186222553253,-0.06061994256523917,0.04304417967796326,-0.450215607881546,-0.06534489588884185,0.04701170325279236,-0.19167101383209229,-0.04554992513803313,0.07216435670852661,-0.29816198348999023,-0.05989793287662337,0.08667215704917908,-0.3629119396209717,-0.06899620192197631,0.09659016132354736,-0.4133083373308182,-0.07469353424457381,0.08129382133483887,-0.16160646080970764,-0.04968449818042586,0.11411774158477783,-0.24091169238090515,-0.06258168416169951,0.1332492232322693,-0.28881922364234924,-0.06638154732135604,0.14810022711753845,-0.3321045935153961,-0.06770336227563689
Five,0.0,0.0,0.0,-0.05718532204627991,-0.04924231767654419,-0.012118088210911537,-0.09926296770572662,-0.11509585380554199,-0.02555922152379253,-0.13169094920158386,-0.17451146245002747,-0.03717152321615913,-0.16210244596004486,-0.21100068092346191,-0.04978082248845794,-0.03849297761917114,-0.2125166654586792,-0.034928689840228344,-0.046620070934295654,-0.3189201056957245,-0.05043712178149917,-0.04850637912750244,-0.38193392753601074,-0.05885995844283798,-0.04625263810157776,-0.4295057952404022,-0.06386443892398574,0.00685688853263855,-0.21084868907928467,-0.03967727640548446,0.023058414459228516,-0.32811278104782104,-0.05194239610710838,0.03410506248474121,-0.39930035173892975,-0.058836500289828564,0.044074565172195435,-0.4501041769981384,-0.06377532998004654,0.04640674591064453,-0.19214797019958496,-0.04448113882818916,0.0703209638595581,-0.29869621992111206,-0.05900736445465782,0.08494284749031067,-0.36346375942230225,-0.06889352122226455,0.09547483921051025,-0.4133439213037491,-0.07521693328300216,0.08026397228240967,-0.16256248950958252,-0.04901965254822471,0.11307302117347717,-0.23855480551719666,-0.06259184250512817,0.1333358883857727,-0.2847399115562439,-0.0671502790776799,0.14955735206604004,-0.326028972864151,-0.06900938520112732
Five,0.0,0.0,0.0,-0.057009682059288025,-0.04791980981826782,-0.010177682298831314,-0.10011576116085052,-0.11129796504974365,-0.023908385220579476,-0.1328388750553131,-0.16916760802268982,-0.035882976982406944,-0.16304293274879456,-0.20818477869033813,-0.048984100255779595,-0.03939610719680786,-0.20812556147575378,-0.03853732082586703,-0.047924816608428955,-0.3161030113697052,-0.05378689724545893,-0.04996499419212341,-0.3782547414302826,-0.060461738291792244,-0.04960797727108002,-0.42632779479026794,-0.06416576835852084,0.004445165395736694,-0.2059462070465088,-0.04387706253271517,0.02197965979576111,-0.32759782671928406,-0.05829878259044108,0.03303965926170349,-0.39874425530433655,-0.06489955368977007,0.04178151488304138,-0.44945481419563293,-0.06909528854828295,0.04357054829597473,-0.18780189752578735,-0.0486350778077167,0.06813964247703552,-0.2948889136314392,-0.06448850515823779,0.08416378498077393,-0.36196523904800415,-0.07479164484482226,0.09578031301498413,-0.41422636806964874,-0.08104920122366366,0.07834517955780029,-0.15943953394889832,-0.05270135137777743,0.11321514844894409,-0.2399408221244812,-0.06667931112986025,0.1359938383102417,-0.2865413725376129,-0.07159828874807772,0.15383395552635193,-0.3283172845840454,-0.0736858743761104
Five,0.0,0.0,0.0,-0.05602441728115082,-0.04786038398742676,-0.01139750821545249,-0.09799912571907043,-0.11195355653762817,-0.024979616757775602,-0.130226731300354,-0.17129656672477722,-0.036781023498917875,-0.1593223512172699,-0.20931345224380493,-0.049637451079036055,-0.038336098194122314,-0.2118155062198639,-0.03787727212562686,-0.047829270362854004,-0.31853896379470825,-0.05455906992807513,-0.049290478229522705,-0.38159459829330444,-0.06270510634436732,-0.046989649534225464,-0.42941850423812866,-0.06705907663359767,0.005000442266464233,-0.21065372228622437,-0.04287389969482547,0.021373063325881958,-0.3299108147621155,-0.057128521856213865,0.03213334083557129,-0.40178653597831726,-0.06345929136529094,0.041292399168014526,-0.45306333899497986,-0.06739173760666972,0.044366806745529175,-0.1935378611087799,-0.04771407624735957,0.0686400830745697,-0.29987862706184387,-0.06351873954787379,0.083092600107193,-0.36719757318496704,-0.07345133950963145,0.09280720353126526,-0.4185427576303482,-0.07941920986428386,0.0791519284248352,-0.16567236185073853,-0.05213599583163386,0.11338803172111511,-0.2447926104068756,-0.0662309147979272,0.13452216982841492,-0.28936395049095154,-0.0705135532285226,0.1507038176059723,-0.3277631402015686,-0.07194533130183345
Five,0.0,0.0,0.0,-0.05521479249000549,-0.04796719551086426,-0.010327622672036796,-0.09716126322746277,-0.1126142144203186,-0.02321583815427175,-0.12963712215423584,-0.17246651649475098,-0.03446755037219873,-0.15905818343162537,-0.2110472023487091,-0.04677901641042581,-0.03885689377784729,-0.21348223090171814,-0.036230048542336135,-0.04782778024673462,-0.3202260732650757,-0.05207006857307306,-0.04927681386470795,-0.3832685351371765,-0.0594927690974032,-0.04700613021850586,-0.43127359449863434,-0.06339823678644052,0.004564434289932251,-0.21262073516845703,-0.04141754881055704,0.021397113800048828,-0.3325353264808655,-0.055093011265114455,0.03273510932922363,-0.40510129928588867,-0.061063943808392196,0.04255104064941406,-0.45705121755599976,-0.06471720561893335,0.044086605310440063,-0.19510877132415771,-0.046359556173399596,0.06868118047714233,-0.30131351947784424,-0.06187601238997331,0.08383530378341675,-0.36924654245376587,-0.07179408744485727,0.09393948316574097,-0.4213607460260391,-0.07771096602590433,0.07913434505462646,-0.16666054725646973,-0.05074894652278772,0.11326360702514648,-0.24521437287330627,-0.064565936481074,0.13459667563438416,-0.28974422812461853,-0.06874159947545877,0.15070617198944092,-0.32856306433677673,-0.07012241557748666
Five,0.0,0.0,0.0,-0.05464532971382141,-0.04907679557800293,-0.010632236497997383,-0.0966494083404541,-0.11405074596405029,-0.024377084347008804,-0.1294759064912796,-0.17534083127975464,-0.03640076053380881,-0.1595674455165863,-0.21580258011817932,-0.049193638386725524,-0.03812791407108307,-0.2159283459186554,-0.0372184505784503,-0.04748670756816864,-0.3245610296726227,-0.053997396501301864,-0.04932445287704468,-0.3879767656326294,-0.06175447163224135,-0.047641903162002563,-0.4359622448682785,-0.06562129688501273,0.004446744918823242,-0.21536147594451904,-0.04233509209990416,0.021943598985671997,-0.33774974942207336,-0.05680882466077719,0.03353562951087952,-0.41079144179821014,-0.06253047567844305,0.04317694902420044,-0.46325618028640747,-0.0656145764613143,0.043859392404556274,-0.19843357801437378,-0.047208393933772186,0.06899690628051758,-0.3056064248085022,-0.06264548284053717,0.0845186710357666,-0.3740822821855545,-0.07170959097385321,0.09448406100273132,-0.42642657458782196,-0.07682456356525336,0.07920712232589722,-0.17022740840911865,-0.051619182350634674,0.11300599575042725,-0.24874001741409302,-0.06433886569976721,0.13365429639816284,-0.2928672432899475,-0.06729189586877737,0.14890873432159424,-0.33081406354904175,-0.0676820306205741
Five,0.0,0.0,0.0,-0.054532140493392944,-0.049795567989349365,-0.009367024159615767,-0.0970562994480133,-0.1144019365310669,-0.02206597719955994,-0.12905403971672058,-0.1753997504711151,-0.033312030701523554,-0.1592412292957306,-0.21519845724105835,-0.04529785048831059,-0.038781940937042236,-0.21675610542297363,-0.03533703517783238,-0.04741007089614868,-0.3258175849914551,-0.05104195755589558,-0.048922017216682434,-0.38935016095638275,-0.05787086915839268,-0.047158658504486084,-0.43751320242881775,-0.06116776224840237,0.0037592947483062744,-0.2157278060913086,-0.04095828589666439,0.02131885290145874,-0.3379552364349365,-0.05442662593591763,0.03342032432556152,-0.41055530309677124,-0.05927797463405682,0.04356703162193298,-0.4621942341327667,-0.06184939351547314,0.0436171293258667,-0.19859284162521362,-0.04639124181736065,0.06830695271492004,-0.30454495549201965,-0.06086272430289341,0.08397996425628662,-0.37315186858177185,-0.06950773727763249,0.09397485852241516,-0.42528365552425385,-0.0745024276958759,0.07964244484901428,-0.17056098580360413,-0.0513710571514423,0.11360594630241394,-0.24895703792572021,-0.06316785943377567,0.13460752367973328,-0.2930426597595215,-0.06593958717454029,0.15019235014915466,-0.33034592866897583,-0.06643137019742085
Five,0.0,0.0,0.0,-0.05575279891490936,-0.04967981576919556,-0.009954557573848888,-0.09823605418205261,-0.11466473340988159,-0.022947382001632377,-0.13025149703025818,-0.17612841725349426,-0.03426909987484805,-0.16058970987796783,-0.21618032455444336,-0.04630804975187175,-0.03905573487281799,-0.21693077683448792,-0.03729838301097743,-0.048698633909225464,-0.32694095373153687,-0.053616126819008514,-0.05035106837749481,-0.39070385694503784,-0.06045462359344356,-0.04858881235122681,-0.43907853960990906,-0.06365651060497157,0.0037766098976135254,-0.21558111906051636,-0.04249794949447505,0.020309865474700928,-0.3383861482143402,-0.057031309051865264,0.03180989623069763,-0.4112648516893387,-0.06217886303221576,0.04154390096664429,-0.4628550410270691,-0.0648177953497111,0.043761610984802246,-0.19853246212005615,-0.047441495402210876,0.06770896911621094,-0.30399227142333984,-0.06259685177957408,0.08268594741821289,-0.3729497492313385,-0.07147382368003719,0.0924597978591919,-0.425486221909523,-0.07647057045852534,0.07972830533981323,-0.17088153958320618,-0.051923533721321746,0.11339578032493591,-0.24988648295402527,-0.06439632345592372,0.13413017988204956,-0.29525595903396606,-0.06776581127797954,0.14984098076820374,-0.33429473638534546,-0.06857468356048457
Five,0.0,0.0,0.0,-0.055472686886787415,-0.05170750617980957,-0.010922840998404126,-0.09805984795093536,-0.11635661125183105,-0.025170464270644288,-0.12901334464550018,-0.17657896876335144,-0.03758525496058951,-0.15806187689304352,-0.21728500723838806,-0.0509197602205802,-0.038690149784088135,-0.21553117036819458,-0.041558075898223024,-0.047927528619766235,-0.32541370391845703,-0.06014687215619574,-0.049657613039016724,-0.3903307318687439,-0.06817755123310576,-0.04816696047782898,-0.43988995254039764,-0.07215874662333022,0.003957927227020264,-0.21211829781532288,-0.0475364217691947,0.020099550485610962,-0.33523502945899963,-0.06552092751198302,0.0316583514213562,-0.40855494141578674,-0.07255440970592986,0.04128551483154297,-0.46136707067489624,-0.07635290195875655,0.04368975758552551,-0.19377276301383972,-0.05318970998459349,0.06793561577796936,-0.3009006679058075,-0.07161877324514876,0.08399733901023865,-0.3706018924713135,-0.0811774583690692,0.0951068103313446,-0.4242663085460663,-0.0861183853977252,0.07974189519882202,-0.16554409265518188,-0.058350250326924424,0.11263754963874817,-0.24932581186294556,-0.07323553433352004,0.1335037350654602,-0.2975635826587677,-0.07732606699400435,0.14973175525665283,-0.3397865891456604,-0.07845650633507262
Five,0.0,0.0,0.0,-0.05489295721054077,-0.05161082744598389,-0.009144116293157367,-0.09681230783462524,-0.11636024713516235,-0.022152098927165298,-0.1283772885799408,-0.1765180230140686,-0.03340335107174042,-0.15809425711631775,-0.21567463874816895,-0.04560187003340843,-0.037830278277397156,-0.21432030200958252,-0.039560857329036025,-0.04648379981517792,-0.32383328676223755,-0.056849355909491806,-0.04802978038787842,-0.38791829347610474,-0.06411301261510971,-0.046358928084373474,-0.43651266396045685,-0.06755573219385269,0.004698365926742554,-0.2113896608352661,-0.045126802388097076,0.021118223667144775,-0.3339032828807831,-0.060693944904471664,0.033113330602645874,-0.4062044471502304,-0.0661213985713971,0.04331055283546448,-0.45773494243621826,-0.06900984710779312,0.04459279775619507,-0.19380924105644226,-0.05016839048590782,0.06843039393424988,-0.3004346489906311,-0.06610122239914062,0.08395233750343323,-0.36919617652893066,-0.07478335416641357,0.09449392557144165,-0.42178012430667877,-0.07962156004037979,0.08058780431747437,-0.16639941930770874,-0.05457068151559952,0.11327296495437622,-0.24731001257896423,-0.0675242385896695,0.13348865509033203,-0.2934538424015045,-0.07090812093343857,0.14913368225097656,-0.33384954929351807,-0.07177553987827423
Five,0.0,0.0,0.0,-0.05456152558326721,-0.050944507122039795,-0.010756912395805784,-0.09655612707138062,-0.11539101600646973,-0.024283190012425848,-0.12810349464416504,-0.17609992623329163,-0.0358396607790894,-0.1577846109867096,-0.21574091911315918,-0.04829221473679013,-0.037228405475616455,-0.21408751606941223,-0.04000614838346905,-0.046269193291664124,-0.32372933626174927,-0.057079228327125975,-0.04789173603057861,-0.3876841366291046,-0.06454946355566449,-0.04601341485977173,-0.43632642924785614,-0.06834388779148526,0.005410283803939819,-0.21200746297836304,-0.044854781344980665,0.021131396293640137,-0.33367568254470825,-0.05995232121691174,0.0327434241771698,-0.4055623412132263,-0.0656701053832478,0.04291534423828125,-0.456774041056633,-0.06902523593649335,0.04517626762390137,-0.19479143619537354,-0.049360072926134535,0.0681084394454956,-0.3019361197948456,-0.06500777857050366,0.08338922262191772,-0.3698335289955139,-0.0741370271299786,0.09405204653739929,-0.42171624302864075,-0.07958212004646725,0.0809851884841919,-0.1675061583518982,-0.05341202275499768,0.11336895823478699,-0.24727338552474976,-0.06663096205934949,0.13334351778030396,-0.29317355155944824,-0.07076417909607358,0.14923083782196045,-0.33377158641815186,-0.07229817168459363
Five,0.0,0.0,0.0,-0.05468747019767761,-0.05075359344482422,-0.010496401328595084,-0.09651786088943481,-0.11530458927154541,-0.024143857050688666,-0.12796929478645325,-0.17553862929344177,-0.03599323808029453,-0.1574864536523819,-0.21450167894363403,-0.04890160365775387,-0.03770992159843445,-0.21336716413497925,-0.039565675992520255,-0.04697112739086151,-0.32151779532432556,-0.05662334441021244,-0.04855570197105408,-0.3851587474346161,-0.06438615276292126,-0.04633966088294983,-0.43377822637557983,-0.0685710693784074,0.004970520734786987,-0.21172162890434265,-0.04498816012218754,0.020575255155563354,-0.3320588767528534,-0.059994236666710776,0.03165268898010254,-0.4034489691257477,-0.06609783424809734,0.041588932275772095,-0.45479175448417664,-0.06996770306304256,0.04470294713973999,-0.19473522901535034,-0.050098017890007895,0.06752204895019531,-0.3028959631919861,-0.06609542025998394,0.0819355845451355,-0.37042176723480225,-0.07558494164422314,0.09185543656349182,-0.42238302528858185,-0.08146197452023785,0.08065253496170044,-0.16769477725028992,-0.05472894861176769,0.11324632167816162,-0.24813902378082275,-0.06870444967225353,0.13332048058509827,-0.29475197196006775,-0.07337407125905315,0.14931750297546387,-0.3365802764892578,-0.07539091362431805
Five,0.0,0.0,0.0,-0.05515366792678833,-0.05114489793777466,-0.010849870855338395,-0.09722006320953369,-0.11595064401626587,-0.024987362439162553,-0.12903207540512085,-0.17572903633117676,-0.037324719244963944,-0.15840773284435272,-0.21481609344482422,-0.05072267737460834,-0.03863924741744995,-0.212886780500412,-0.04037219669891101,-0.04865100979804993,-0.3209415674209595,-0.058115448916680634,-0.05065634846687317,-0.3843756914138794,-0.06647017609549266,-0.04892241954803467,-0.43321019411087036,-0.07092851411772472,0.003772944211959839,-0.2113870084285736,-0.045983620101935685,0.01931685209274292,-0.332200825214386,-0.06142690416646701,0.030329883098602295,-0.40433967113494873,-0.06766713422013027,0.03999575972557068,-0.4565746337175369,-0.07151563476992351,0.04348111152648926,-0.19466125965118408,-0.05134896572900516,0.065469890832901,-0.302820086479187,-0.06781981896830303,0.07906869053840637,-0.37055712938308716,-0.07739701133442622,0.08826509118080139,-0.4225083142518997,-0.08315649640036327,0.07972684502601624,-0.16798663139343262,-0.05625901382637721,0.11219090223312378,-0.25022315979003906,-0.07029043149424297,0.13232013583183289,-0.29684627056121826,-0.07462594669533473,0.14834702014923096,-0.3382158875465393,-0.07634075742436153
Five,0.0,0.0,0.0,-0.05458904802799225,-0.04976850748062134,-0.010294199423611872,-0.09675893187522888,-0.11430519819259644,-0.024216628135860674,-0.12857438623905182,-0.17530125379562378,-0.03612067407530617,-0.1582624763250351,-0.21494325995445251,-0.04900631165665459,-0.038589298725128174,-0.21124574542045593,-0.04197762763661217,-0.04855424165725708,-0.3198816180229187,-0.05936939498943161,-0.05029171705245972,-0.3830103278160095,-0.06660044422906708,-0.04837222397327423,-0.4315870851278305,-0.07014767310184311,0.0037924647331237793,-0.2098885178565979,-0.0471108019964106,0.018977612257003784,-0.3316100239753723,-0.06260590484899353,0.030282318592071533,-0.40305620431900024,-0.06781778714221787,0.04008358716964722,-0.45388899743556976,-0.07078908613485169,0.04368838667869568,-0.19324162602424622,-0.05173216244739365,0.06520450115203857,-0.30152976512908936,-0.0682657905535109,0.07872125506401062,-0.36981886625289917,-0.07753128042978119,0.08777493238449097,-0.42198485136032104,-0.0829604887084372,0.08013832569122314,-0.1668129563331604,-0.055688905032099,0.112396240234375,-0.24998459219932556,-0.06977538249057602,0.13249781727790833,-0.2964562773704529,-0.07417164227527451,0.14819243550300598,-0.3377973437309265,-0.07587572416824173
Five,0.0,0.0,0.0,-0.055556342005729675,-0.051275014877319336,-0.010942343253077524,-0.09787444770336151,-0.1153799295425415,-0.025569039027573126,-0.12950092554092407,-0.17504370212554932,-0.03805119786727573,-0.15871407091617584,-0.2140558958053589,-0.05152789000737812,-0.03933337330818176,-0.21129125356674194,-0.04380034525263454,-0.049777790904045105,-0.3199709951877594,-0.06247912217247631,-0.051718249917030334,-0.38371819257736206,-0.07049054149854328,-0.05001071095466614,-0.4327249079942703,-0.07443851474988605,0.002897500991821289,-0.2086842656135559,-0.04912342001068737,0.017714202404022217,-0.32965677976608276,-0.06588623170125629,0.029191672801971436,-0.40095818042755127,-0.07162440810668613,0.039052367210388184,-0.4522224962711334,-0.07483905051219608,0.04250621795654297,-0.19184741377830505,-0.05402177069652225,0.0641588568687439,-0.299638956785202,-0.0715162331269994,0.07793080806732178,-0.36829274892807007,-0.08087294791209843,0.0872056782245636,-0.421026349067688,-0.08611699436175968,0.07860022783279419,-0.16579139232635498,-0.05833812300431873,0.11063724756240845,-0.2499610185623169,-0.07279446963536884,0.13062447309494019,-0.2976396083831787,-0.07720914725530292,0.14654064178466797,-0.33982229232788086,-0.07882868741023685
Five,0.0,0.0,0.0,-0.056068092584609985,-0.05088317394256592,-0.012097159092178345,-0.09918278455734253,-0.11419469118118286,-0.027840358828058243,-0.1318891942501068,-0.17350256443023682,-0.041370832984199524,-0.1616365760564804,-0.21253761649131775,-0.05577185160373688,-0.04094040393829346,-0.2074604034423828,-0.04591126895402908,-0.05152295529842377,-0.3167899549007416,-0.06662082455014229,-0.054428040981292725,-0.3817294239997864,-0.07594190320824623,-0.0534578412771225,-0.43147534132003784,-0.08049912533616066,0.0004297196865081787,-0.20437213778495789,-0.05100589028452873,0.015008419752120972,-0.3266463577747345,-0.06995159915541649,0.02610918879508972,-0.3993285298347473,-0.07662974080895424,0.03570714592933655,-0.4517800062894821,-0.0801383905753994,0.03944283723831177,-0.18778777122497559,-0.05568313381527901,0.0622466504573822,-0.2953665852546692,-0.07394756904696465,0.0763995349407196,-0.3644832968711853,-0.08262683979128838,0.08610603213310242,-0.41724175214767456,-0.08706875673388481,0.07512348890304565,-0.1619713306427002,-0.05998701757644653,0.10705658793449402,-0.24484843015670776,-0.07405998340701103,0.12651851773262024,-0.29164355993270874,-0.07736471823309898,0.14185717701911926,-0.33213669061660767,-0.07801059416388512
Five,0.0,0.0,0.0,-0.056365370750427246,-0.04838252067565918,-0.010095127485016064,-0.09911245107650757,-0.11252212524414062,-0.02433396559140988,-0.13155493140220642,-0.17252683639526367,-0.03638003077290364,-0.16132672131061554,-0.21217313408851624,-0.04921504538438626,-0.04140263795852661,-0.20985043048858643,-0.043393705598333554,-0.05078354477882385,-0.31921783089637756,-0.0617809152223856,-0.053005918860435486,-0.38332700729370117,-0.0692475518204958,-0.05158838629722595,-0.4314361810684204,-0.0724165221669466,0.00030991435050964355,-0.2061523199081421,-0.04830186124823399,0.015141427516937256,-0.3298567533493042,-0.0652267267920763,0.02675461769104004,-0.40180742740631104,-0.0699613323428423,0.03751230239868164,-0.45214611291885376,-0.07192794289372273,0.03967142105102539,-0.18866431713104248,-0.052545317075470166,0.06219536066055298,-0.3008843660354614,-0.06974347736618824,0.07610008120536804,-0.3702550530433655,-0.07785044666312047,0.08597016334533691,-0.42355966567993164,-0.08179059680483647,0.07578107714653015,-0.16198515892028809,-0.055985980293968396,0.10804739594459534,-0.24950212240219116,-0.06919780429385014,0.12778714299201965,-0.29668307304382324,-0.07180079873583622,0.1428980529308319,-0.33785533905029297,-0.07185427900336094
Five,0.0,0.0,0.0,-0.05462411046028137,-0.049234867095947266,-0.010490778540287238,-0.0973169356584549,-0.112434983253479,-0.0251515961112716,-0.1307506263256073,-0.17157858610153198,-0.03754612494728349,-0.16035202145576477,-0.2108868956565857,-0.050714418930027705,-0.04026001691818237,-0.20767030119895935,-0.04506066877863191,-0.050313740968704224,-0.3166942298412323,-0.06399206135890267,-0.05323384702205658,-0.3805450201034546,-0.07128832553050302,-0.05231408774852753,-0.4286985993385315,-0.07425500516316674,0.0013661384582519531,-0.20460578799247742,-0.04973919380924485,0.01632314920425415,-0.3283618092536926,-0.06709723983428262,0.027811884880065918,-0.40028706192970276,-0.07175489578864358,0.03815332055091858,-0.45075035095214844,-0.0737508392753341,0.04072919487953186,-0.1878749132156372,-0.05369840253612779,0.06372073292732239,-0.297872394323349,-0.07090792868754647,0.07781645655632019,-0.3669659197330475,-0.07893413369080804,0.08754175901412964,-0.41957569122314453,-0.082901530605767,0.07672390341758728,-0.1619921326637268,-0.05693655897400163,0.10898134112358093,-0.2475372552871704,-0.07032556895634912,0.12911033630371094,-0.2937299907207489,-0.07316343550107263,0.14446035027503967,-0.33357471227645874,-0.07338931475302957
Five,0.0,0.0,0.0,-0.0554763525724411,-0.0498279333114624,-0.01180876001549791,-0.09771537780761719,-0.11385536193847656,-0.026761291099916207,-0.13098403811454773,-0.1729726791381836,-0.03932142399085592,-0.1607741266489029,-0.21161630749702454,-0.05265755347741674,-0.04138684272766113,-0.2086300551891327,-0.04468084640635084,-0.0515722930431366,-0.3176848888397217,-0.06370989002121519,-0.05456449091434479,-0.3823243975639343,-0.07183029271496366,-0.05362239480018616,-0.431083083152771,-0.07543904848230909,0.0005324780941009521,-0.2058788537979126,-0.048800991399417626,0.01571241021156311,-0.32888346910476685,-0.06542890287769865,0.02701607346534729,-0.40122443437576294,-0.07044346399439405,0.03709912300109863,-0.4525453448295593,-0.07290445037020277,0.039761900901794434,-0.1894403100013733,-0.052381651027332055,0.06314092874526978,-0.2998165190219879,-0.06879342116249632,0.07729950547218323,-0.36779093742370605,-0.07666920639408659,0.0869283378124237,-0.4195045828819275,-0.08074185766113828,0.07536512613296509,-0.16389977931976318,-0.055494853778014885,0.10702168941497803,-0.2481110692024231,-0.06849402703178953,0.12659499049186707,-0.2938458323478699,-0.07117572195662092,0.141554594039917,-0.33348411321640015,-0.07131726808680128
Five,0.0,0.0,0.0,-0.055887505412101746,-0.0500754714012146,-0.010379144422870468,-0.09788356721401215,-0.11489355564117432,-0.024251295685928653,-0.13040420413017273,-0.17441946268081665,-0.035920123070638965,-0.16048140823841095,-0.21193769574165344,-0.04856366893665154,-0.04161936044692993,-0.20919659733772278,-0.043290274650019,-0.05128087103366852,-0.3179904818534851,-0.06181497728840668,-0.05408942699432373,-0.3822340965270996,-0.06976481011525948,-0.053160518407821655,-0.4309467077255249,-0.07329765191690285,0.0006370842456817627,-0.2061188817024231,-0.04791284209505875,0.016054898500442505,-0.3292264938354492,-0.06414941927806694,0.027186453342437744,-0.40209507942199707,-0.0691960774959739,0.036882251501083374,-0.4543246924877167,-0.07175632050649483,0.039895713329315186,-0.18950217962265015,-0.05186367636935074,0.06320881843566895,-0.299748033285141,-0.06822511038200219,0.07730510830879211,-0.36843281984329224,-0.07652274748699028,0.08674496412277222,-0.4209900498390198,-0.08090411356107552,0.07506853342056274,-0.1640908122062683,-0.05514984434859116,0.10685640573501587,-0.24877837300300598,-0.06805564692632515,0.1263771653175354,-0.29447141289711,-0.07087812802211602,0.14117997884750366,-0.33409684896469116,-0.07121601930276711
Five,0.0,0.0,0.0,-0.05577448010444641,-0.04939645528793335,-0.010523222783859865,-0.09803083539009094,-0.11397284269332886,-0.02443718297993769,-0.13082188367843628,-0.17392182350158691,-0.03622546366071333,-0.16119329631328583,-0.2112862765789032,-0.04904974943613638,-0.041925668716430664,-0.20938464999198914,-0.04266247844910254,-0.051714956760406494,-0.31775593757629395,-0.061169746728893415,-0.054550379514694214,-0.3818022310733795,-0.06947602278208365,-0.05357003211975098,-0.430611252784729,-0.073395944597479,0.00020197033882141113,-0.20689520239830017,-0.04729949256991972,0.015416264533996582,-0.3291502892971039,-0.06322811490511526,0.026704221963882446,-0.40148109197616577,-0.06836966371750464,0.03665456175804138,-0.45322442054748535,-0.07118691450571646,0.03945383429527283,-0.19003045558929443,-0.05135327151631941,0.06228998303413391,-0.30026504397392273,-0.06748778319573034,0.07624682784080505,-0.36843225359916687,-0.07583673244928946,0.08562532067298889,-0.42062908411026,-0.08044063246464361,0.07487127184867859,-0.1641344428062439,-0.05480074456548323,0.1064002513885498,-0.2490958273410797,-0.06772950238203634,0.1259702444076538,-0.29474782943725586,-0.07068969255900015,0.14080354571342468,-0.3344692587852478,-0.07123029923653235
Five,0.0,0.0,0.0,-0.05561785399913788,-0.050103187561035156,-0.010294730283789022,-0.09810185432434082,-0.11473876237869263,-0.024126948297492845,-0.13125509023666382,-0.17433708906173706,-0.035850466669074876,-0.16144509613513947,-0.21169543266296387,-0.04852445933269678,-0.0416640043258667,-0.20975378155708313,-0.042336688817016466,-0.052136123180389404,-0.31867796182632446,-0.060938631624452455,-0.055067598819732666,-0.38311058282852173,-0.06929635021137415,-0.05398517847061157,-0.43172240257263184,-0.07311999562429605,0.0007019937038421631,-0.20735841989517212,-0.0468190549616736,0.014903932809829712,-0.3297143876552582,-0.06268427285598932,0.025644272565841675,-0.40256041288375854,-0.06778596106218515,0.03534102439880371,-0.4544740319252014,-0.0704251280729693,0.039923012256622314,-0.1911143660545349,-0.05071022126125513,0.062435030937194824,-0.3001165986061096,-0.06661100450205026,0.07608655095100403,-0.3689284026622772,-0.07508121195482431,0.08520054817199707,-0.4215409457683563,-0.07973818990635095,0.07484102249145508,-0.1657848358154297,-0.05397237974452196,0.10614562034606934,-0.24765148758888245,-0.06654767456697641,0.12513509392738342,-0.2932896912097931,-0.06955543670105158,0.13969886302947998,-0.3331044912338257,-0.07010676476406275
Five,0.0,0.0,0.0,-0.055469512939453125,-0.04916560649871826,-0.009460980784268713,-0.09813207387924194,-0.11379009485244751,-0.022825230624647475,-0.13094070553779602,-0.17394089698791504,-0.03411223996815238,-0.16102971136569977,-0.21086817979812622,-0.046432806890578604,-0.04221141338348389,-0.20923537015914917,-0.04258803163108382,-0.052068114280700684,-0.3185247480869293,-0.06082875539001975,-0.05465514957904816,-0.38291075825691223,-0.06852805126843009,-0.05331483483314514,-0.4313519597053528,-0.07187893499073539,0.0004527568817138672,-0.2066715955734253,-0.04727538932499442,0.015534400939941406,-0.3298575282096863,-0.0631043787711576,0.026429861783981323,-0.40246713161468506,-0.06780162711081061,0.03612521290779114,-0.4541073739528656,-0.0701168652289823,0.04000625014305115,-0.19037801027297974,-0.05120413635310683,0.06319904327392578,-0.300357460975647,-0.06716052700218711,0.07681697607040405,-0.36895447969436646,-0.07541824389633689,0.08584904670715332,-0.421183705329895,-0.07985864837107215,0.07527807354927063,-0.16499382257461548,-0.05436176691588912,0.10704430937767029,-0.24830088019371033,-0.06693937886890922,0.12639740109443665,-0.2939700484275818,-0.0698528911584333,0.14115136861801147,-0.33372098207473755,-0.0703217710965589
Five,0.0,0.0,0.0,-0.05495250225067139,-0.04900717735290527,-0.00899257128185127,-0.0981786698102951,-0.11299848556518555,-0.022335627014399506,-0.1307791769504547,-0.17288810014724731,-0.033738740617991425,-0.16082154214382172,-0.21026548743247986,-0.04609571480250452,-0.0428442507982254,-0.20861631631851196,-0.042372965152026154,-0.05292487144470215,-0.3182404339313507,-0.060711943442584015,-0.05544485151767731,-0.38290828466415405,-0.06809363969659898,-0.05419921875,-0.4312717616558075,-0.07117954351997469,-0.000707089900970459,-0.20633086562156677,-0.0475400135765085,0.013916969299316406,-0.3298603892326355,-0.06388503023481462,0.02526119351387024,-0.40218570828437805,-0.06846857526397798,0.035608500242233276,-0.4529739320278168,-0.07049121418094728,0.03903615474700928,-0.19026923179626465,-0.0519643434236059,0.06153982877731323,-0.30028364062309265,-0.0683910370717058,0.07505476474761963,-0.369409441947937,-0.07653131791448686,0.08432912826538086,-0.4220585227012634,-0.08075365134573076,0.07510450482368469,-0.1648051142692566,-0.055573631907464005,0.10657989978790283,-0.24822843074798584,-0.06833977707719896,0.12599661946296692,-0.2942662239074707,-0.07114865341281984,0.1410173773765564,-0.3342058062553406,-0.07147869923210237
Five,0.0,0.0,0.0,-0.05505943298339844,-0.04787790775299072,-0.011738259546916652,-0.0991879254579544,-0.11324316263198853,-0.026684557289343047,-0.1320568025112152,-0.17392104864120483,-0.039431658775072265,-0.1630866378545761,-0.21178236603736877,-0.053212282449464965,-0.04241764545440674,-0.20991897583007812,-0.04511762896225946,-0.0536174476146698,-0.3182581961154938,-0.06431766340182321,-0.0571584552526474,-0.3830464780330658,-0.07294890025303857,-0.05712924897670746,-0.4323815703392029,-0.07742101439879434,-0.0010759532451629639,-0.2071951925754547,-0.05043226593778627,0.012595057487487793,-0.32987797260284424,-0.06759997198031442,0.023770123720169067,-0.4016903042793274,-0.0732215617005636,0.03410610556602478,-0.45259276032447815,-0.07638711968110101,0.03811416029930115,-0.1903858184814453,-0.055338365227441955,0.06031930446624756,-0.3030657172203064,-0.07300173232005136,0.07395860552787781,-0.3726116418838501,-0.08168785014794366,0.08357742428779602,-0.4262060225009918,-0.08658592143700616,0.07437074184417725,-0.16476964950561523,-0.05973377937124269,0.1065034568309784,-0.25189948081970215,-0.074352164954405,0.12621206045150757,-0.30119919776916504,-0.07839304694579141,0.14154121279716492,-0.34466981887817383,-0.0798186782901098
Five,0.0,0.0,0.0,-0.05570054054260254,-0.04873102903366089,-0.011398905969997486,-0.09961903095245361,-0.11489015817642212,-0.026291055686613163,-0.13354653120040894,-0.17601937055587769,-0.038806065998812755,-0.16480576992034912,-0.21387240290641785,-0.05225690089895352,-0.04321575164794922,-0.2093641459941864,-0.046579182229777416,-0.053444430232048035,-0.32000839710235596,-0.06613112994267567,-0.056854814291000366,-0.3856890797615051,-0.0743918643219672,-0.056808918714523315,-0.43535155057907104,-0.07831316449477299,-0.001600891351699829,-0.2059004306793213,-0.0514613055510722,0.012345433235168457,-0.3298068046569824,-0.06917035587861164,0.023209065198898315,-0.40249156951904297,-0.07455129929616078,0.03277584910392761,-0.4542596936225891,-0.07739942529036625,0.03772982954978943,-0.18904006481170654,-0.0557189882619582,0.060473859310150146,-0.301285982131958,-0.07364445932938679,0.07481256127357483,-0.37133434414863586,-0.08229356267287358,0.08470860123634338,-0.42523035407066345,-0.08693788208796605,0.07387217879295349,-0.16383832693099976,-0.05931822963788136,0.10619804263114929,-0.2524440586566925,-0.07396906622483357,0.126149982213974,-0.3014230728149414,-0.07787389316393956,0.1414315402507782,-0.34442293643951416,-0.07904382803275212
Five,0.0,0.0,0.0,-0.056329116225242615,-0.047766268253326416,-0.01153258783426736,-0.10005734860897064,-0.11382514238357544,-0.02630315432008956,-0.13322792947292328,-0.17561572790145874,-0.03893137992974971,-0.16468986868858337,-0.21368765830993652,-0.05267022447344516,-0.04361078143119812,-0.2101348340511322,-0.04483575271126483,-0.054157376289367676,-0.31939637660980225,-0.06446089865323756,-0.0576602965593338,-0.3847346007823944,-0.073646607712476,-0.057780176401138306,-0.43462073802948,-0.07844431223031734,-0.0015714466571807861,-0.20690739154815674,-0.05023073674794887,0.011963456869125366,-0.33005887269973755,-0.06747456909772609,0.02267599105834961,-0.4025399088859558,-0.0735904228841946,0.03217574954032898,-0.4546200633049011,-0.07724397154208873,0.037828534841537476,-0.1898229718208313,-0.05521071599480365,0.06034409999847412,-0.302289754152298,-0.07307145269271587,0.07477650046348572,-0.37200605869293213,-0.08229716391917918,0.08477151393890381,-0.4257943630218506,-0.08759335698243831,0.07366091012954712,-0.16436809301376343,-0.05959853427168582,0.10593545436859131,-0.25224199891090393,-0.07440696926471446,0.12592196464538574,-0.30102208256721497,-0.0785880413806126,0.14144739508628845,-0.3437080383300781,-0.08011369676944469
Five,0.0,0.0,0.0,-0.05723658204078674,-0.04896420240402222,-0.01050881374698065,-0.09998725354671478,-0.11498403549194336,-0.025076184273473245,-0.1330326497554779,-0.1767568588256836,-0.03763973325561665,-0.16460271179676056,-0.2148432433605194,-0.05149980992149494,-0.04316022992134094,-0.21004557609558105,-0.04531217724155567,-0.05407130718231201,-0.3196869492530823,-0.06504586324166439,-0.05731236934661865,-0.384976863861084,-0.07386089846562527,-0.05692325532436371,-0.4348445534706116,-0.07833015903901241,-0.00043454766273498535,-0.20653480291366577,-0.051257334501258356,0.01287505030632019,-0.32996606826782227,-0.06889193490218304,0.02326485514640808,-0.4024452269077301,-0.07505910828780316,0.03235641121864319,-0.45484569668769836,-0.07875892505120419,0.03924018144607544,-0.1890864372253418,-0.056587934345714075,0.06302458047866821,-0.300793319940567,-0.07460840031575344,0.0777367651462555,-0.3710876703262329,-0.08393228039216183,0.08757156133651733,-0.4253684878349304,-0.08932858690690182,0.07471540570259094,-0.1632900834083557,-0.061183079928866846,0.10720673203468323,-0.25068187713623047,-0.07610190644930981,0.12681326270103455,-0.30033499002456665,-0.08046824470233105,0.14150002598762512,-0.34432435035705566,-0.0821877567477145
Five,0.0,0.0,0.0,-0.05671113729476929,-0.04947090148925781,-0.012577374594997082,-0.0989980697631836,-0.11540114879608154,-0.028005957732688103,-0.1320837140083313,-0.17711091041564941,-0.04118101125467888,-0.16359753906726837,-0.21516576409339905,-0.055548938120494995,-0.04142826795578003,-0.21029573678970337,-0.046145821119438324,-0.05213168263435364,-0.31953537464141846,-0.06654659857858292,-0.055138975381851196,-0.3847253620624542,-0.07595958014834991,-0.05452977120876312,-0.4348546862602234,-0.08084253420938126,0.0017212927341461182,-0.20667099952697754,-0.05115421688068977,0.015803515911102295,-0.3290170431137085,-0.06902779092897049,0.026218324899673462,-0.4017588496208191,-0.07563794603456131,0.03520697355270386,-0.4554412364959717,-0.07967923035729996,0.04136919975280762,-0.18885713815689087,-0.0557942820142614,0.06477358937263489,-0.29766932129859924,-0.07362053742517105,0.07943752408027649,-0.3671499788761139,-0.08281046351302734,0.08896753191947937,-0.4212462306022644,-0.08812616964686981,0.07683113217353821,-0.16272622346878052,-0.06001178374398819,0.10819795727729797,-0.2476467788219452,-0.0745894779812204,0.1268412470817566,-0.2965453863143921,-0.0788071920524942,0.14039981365203857,-0.3404347896575928,-0.08042722394574753
Five,0.0,0.0,0.0,-0.05683383345603943,-0.04936695098876953,-0.014528488093674241,-0.09937159717082977,-0.11447983980178833,-0.03171974542146927,-0.13249683380126953,-0.17663145065307617,-0.046573897177040635,-0.16414254903793335,-0.21534863114356995,-0.06259241449242836,-0.040322184562683105,-0.2057822346687317,-0.04976074519163376,-0.05172207951545715,-0.31730183959007263,-0.07090168940430885,-0.05396762490272522,-0.38203394412994385,-0.08074230449801689,-0.053328365087509155,-0.4327874779701233,-0.08582883077269798,0.003232628107070923,-0.20246869325637817,-0.054373660409510194,0.018002986907958984,-0.3267343044281006,-0.07264465587741142,0.02868187427520752,-0.40026503801345825,-0.079789695614636,0.03784248232841492,-0.45481380820274353,-0.08440048741704231,0.04221412539482117,-0.185302734375,-0.05860157060033089,0.06600287556648254,-0.293783962726593,-0.07680640863782173,0.08057937026023865,-0.3628728985786438,-0.08666787790662056,0.09039381146430969,-0.4151313900947571,-0.09251155453330284,0.07675468921661377,-0.16143208742141724,-0.06258188682204491,0.110391765832901,-0.24580523371696472,-0.07758311676388985,0.131776362657547,-0.2946344316005707,-0.08231269317275292,0.1482488214969635,-0.3372558355331421,-0.08429935323601967
Five,0.0,0.0,0.0,-0.05792030692100525,-0.05055946111679077,-0.01387932248721313,-0.09986841678619385,-0.11773806810379028,-0.029491114470459934,-0.13213710486888885,-0.17921119928359985,-0.04283459022948932,-0.16287459433078766,-0.21677914261817932,-0.05745590389082622,-0.039608895778656006,-0.2096911072731018,-0.046268201473452564,-0.04949718713760376,-0.31834062933921814,-0.0661953716010828,-0.051782190799713135,-0.38243475556373596,-0.07547838524291706,-0.05096319317817688,-0.4323822855949402,-0.08045732513377857,0.0039528608322143555,-0.20507359504699707,-0.051286230835415836,0.019968539476394653,-0.32664453983306885,-0.06907789692590427,0.03046742081642151,-0.3992004990577698,-0.07636332050273609,0.03905254602432251,-0.4533521234989166,-0.08099402025649738,0.04319995641708374,-0.18610906600952148,-0.05610193968126964,0.06760171055793762,-0.29274946451187134,-0.07440425739000034,0.08242526650428772,-0.36093634366989136,-0.08476330623338413,0.09257140755653381,-0.41394829750061035,-0.09081305101821613,0.07787203788757324,-0.1597411036491394,-0.060613519552447315,0.11069437861442566,-0.2445296347141266,-0.07628920212695789,0.1317267119884491,-0.29414114356040955,-0.08166965380618763,0.14846035838127136,-0.3380744457244873,-0.08408030405948352
Five,0.0,0.0,0.0,-0.057785600423812866,-0.050733983516693115,-0.013793907876163303,-0.09909439086914062,-0.11711102724075317,-0.029573346304744064,-0.13161854445934296,-0.17897307872772217,-0.04298787080034572,-0.1625787317752838,-0.21738147735595703,-0.05767866485103923,-0.03851482272148132,-0.20948433876037598,-0.045426740127652465,-0.04842853546142578,-0.31827282905578613,-0.06483115144357043,-0.050839245319366455,-0.3828459084033966,-0.07394182570561725,-0.049978405237197876,-0.43285584449768066,-0.07887156941279727,0.005190938711166382,-0.2052149772644043,-0.050138051438182174,0.020557016134262085,-0.32632577419281006,-0.06712817289218265,0.03071802854537964,-0.397849440574646,-0.07387362309083301,0.03918442130088806,-0.4511924684047699,-0.07818955071553546,0.044010430574417114,-0.18592214584350586,-0.054637669402211486,0.06891021132469177,-0.2932868003845215,-0.07236337550267535,0.0839637815952301,-0.36072492599487305,-0.08205360062703448,0.09434404969215393,-0.41356921195983887,-0.08772320188865024,0.07799321413040161,-0.15888309478759766,-0.05880708508476573,0.1103987991809845,-0.24283087253570557,-0.07398930825576144,0.13069364428520203,-0.29130104184150696,-0.0787344265757497,0.14676988124847412,-0.3349345922470093,-0.0806793186841901
Five,0.0,0.0,0.0,-0.057947397232055664,-0.050863444805145264,-0.013713842514562202,-0.09899207949638367,-0.1172211766242981,-0.02935302096943815,-0.1314120888710022,-0.17871350049972534,-0.04271630782227476,-0.1622811257839203,-0.2169763743877411,-0.05732748124341924,-0.03766050934791565,-0.20895010232925415,-0.044071490201758934,-0.0472712516784668,-0.31703031063079834,-0.06319320041279752,-0.04970481991767883,-0.3815930485725403,-0.07256585944037397,-0.04845944046974182,-0.43118172883987427,-0.07776170808415372,0.005928099155426025,-0.20528125762939453,-0.048748160037803245,0.021180331707000732,-0.32565629482269287,-0.06495291579108198,0.03166583180427551,-0.3970315754413605,-0.07165296215157468,0.04111337661743164,-0.4498368799686432,-0.07609698015789945,0.044602394104003906,-0.1864333152770996,-0.053272394720124794,0.0691601037979126,-0.2943383753299713,-0.07036402660946806,0.08353796601295471,-0.3609660267829895,-0.07977798420529325,0.09367737174034119,-0.4132080674171448,-0.08550002265315015,0.07836553454399109,-0.15933990478515625,-0.05752902317385633,0.11076095700263977,-0.2411239743232727,-0.07251151490550001,0.13070473074913025,-0.2883729338645935,-0.07706831235032041,0.14667832851409912,-0.3308485746383667,-0.0789170770678993
Five,0.0,0.0,0.0,-0.058082252740859985,-0.05255603790283203,-0.013415870766465332,-0.09941926598548889,-0.11958396434783936,-0.028996713037912514,-0.13236160576343536,-0.18081098794937134,-0.04222711133522239,-0.1630326360464096,-0.2189270257949829,-0.0566078904525682,-0.037095874547958374,-0.20974570512771606,-0.044057573701564934,-0.04625338315963745,-0.3188459277153015,-0.06283655720514503,-0.04877379536628723,-0.3834545910358429,-0.07190379458231178,-0.047647178173065186,-0.43260860443115234,-0.0768042426065847,0.006874769926071167,-0.20557361841201782,-0.04840533765715804,0.02174106240272522,-0.3266540765762329,-0.06367371189159599,0.032018452882766724,-0.3979603052139282,-0.06966139334005561,0.04126909375190735,-0.4497387111186981,-0.07367393332285133,0.04582244157791138,-0.18671166896820068,-0.05253578307790008,0.06938761472702026,-0.29522204399108887,-0.06843205499214378,0.08320352435112,-0.36153900623321533,-0.07727050739092078,0.0929986834526062,-0.41289058327674866,-0.08283420609993186,0.07976040244102478,-0.1598191261291504,-0.05640663536948409,0.11136174201965332,-0.24081307649612427,-0.07067663925451484,0.1308169960975647,-0.2880188226699829,-0.07501523899597373,0.14667099714279175,-0.33027076721191406,-0.07674819188875404
Five,0.0,0.0,0.0,-0.057230979204177856,-0.05257993936538696,-0.014159382171982315,-0.09865346550941467,-0.11926037073135376,-0.030369092561358002,-0.13153675198554993,-0.17960518598556519,-0.044146903641575364,-0.16168680787086487,-0.21798136830329895,-0.059202284403198746,-0.036434948444366455,-0.20823359489440918,-0.045933750309103516,-0.04451075196266174,-0.31652867794036865,-0.06528183896099904,-0.046592503786087036,-0.3805447220802307,-0.07464870143687108,-0.04514575004577637,-0.42984363436698914,-0.07976218391215184,0.006921499967575073,-0.20342832803726196,-0.05028366003190854,0.02373272180557251,-0.32452690601348877,-0.06685700345789769,0.03524339199066162,-0.3971288204193115,-0.07369294095789769,0.04578220844268799,-0.45051443576812744,-0.07825617570435384,0.04541286826133728,-0.1839631199836731,-0.05438773784791806,0.07038068771362305,-0.2922097444534302,-0.07143206972634175,0.08518609404563904,-0.3597707748413086,-0.081217930503243,0.09620934724807739,-0.41281867027282715,-0.0872860633209882,0.07935929298400879,-0.15646672248840332,-0.05820229727780202,0.11141577363014221,-0.23886767029762268,-0.07330416221176961,0.1309596598148346,-0.2868453860282898,-0.07817872691904881,0.14717045426368713,-0.33004313707351685,-0.080310628600472
Five,0.0,0.0,0.0,-0.057401686906814575,-0.05226433277130127,-0.014905606154172801,-0.09844435751438141,-0.11836963891983032,-0.03203137846645632,-0.1304296851158142,-0.17878317832946777,-0.04641396434959688,-0.15989919006824493,-0.21804219484329224,-0.06203119711932459,-0.03524354100227356,-0.2065836787223816,-0.04912840085086145,-0.04312103986740112,-0.31664419174194336,-0.06889410572108545,-0.044953107833862305,-0.38084909319877625,-0.07792097585257807,-0.043155014514923096,-0.4301450252532959,-0.08261562393960276,0.008448392152786255,-0.20075386762619019,-0.05316522227582254,0.026023685932159424,-0.32360732555389404,-0.07061489926633158,0.0380973219871521,-0.39651012420654297,-0.07748352246341028,0.04928216338157654,-0.4498100280761719,-0.08185614155587473,0.046841204166412354,-0.1810491681098938,-0.05674787493404665,0.07279706001281738,-0.29018843173980713,-0.0742561097627572,0.08830630779266357,-0.35828590393066406,-0.08389007555302896,0.10000932216644287,-0.41157734394073486,-0.0897052686100892,0.0803636908531189,-0.15362870693206787,-0.06001146020349779,0.11208170652389526,-0.2371145784854889,-0.07508452491816797,0.13142487406730652,-0.28501033782958984,-0.07956104235705652,0.14746171236038208,-0.3280141353607178,-0.08133057760056772
Five,0.0,0.0,0.0,-0.057327866554260254,-0.053510069847106934,-0.012637539118117047,-0.09780904650688171,-0.11993551254272461,-0.028505927234476758,-0.1298266053199768,-0.17996788024902344,-0.041990053191369725,-0.15945404767990112,-0.21753937005996704,-0.05667653708118792,-0.035835713148117065,-0.20834672451019287,-0.04561409755010004,-0.04344150424003601,-0.31789353489875793,-0.06448660446662302,-0.04524552822113037,-0.3826984763145447,-0.0731708447482049,-0.04289230704307556,-0.431871235370636,-0.0775120894457757,0.00811871886253357,-0.20389342308044434,-0.04981852351087923,0.025074809789657593,-0.32547420263290405,-0.06579713179129953,0.036649614572525024,-0.3990393280982971,-0.0720160345580041,0.04747980833053589,-0.4517122209072113,-0.07595439656037684,0.047229260206222534,-0.18479859828948975,-0.053367343082612706,0.07212337851524353,-0.29190146923065186,-0.06915116710919733,0.08644816279411316,-0.3589348793029785,-0.07785613490599985,0.09649422764778137,-0.4099487066268921,-0.0831345955874383,0.08117148280143738,-0.15709030628204346,-0.056501236095613194,0.11324772238731384,-0.23883411288261414,-0.07002951605576868,0.1327780783176422,-0.2855793833732605,-0.073542636170572,0.1483786404132843,-0.3267514705657959,-0.07457371456879969
Five,0.0,0.0,0.0,-0.056976526975631714,-0.052704691886901855,-0.013028037002300152,-0.09779298305511475,-0.11869502067565918,-0.02827888933381928,-0.12983806431293488,-0.17919838428497314,-0.040894311120723614,-0.1600513756275177,-0.2174745798110962,-0.05448268373868359,-0.03562748432159424,-0.20728951692581177,-0.04521612097880734,-0.044014155864715576,-0.317786306142807,-0.06287309174797429,-0.045819371938705444,-0.3820853531360626,-0.069976132562374,-0.04341098666191101,-0.43098390102386475,-0.07323672269842518,0.008783012628555298,-0.20384490489959717,-0.04876827468535794,0.025137126445770264,-0.32512348890304565,-0.06468554978630436,0.0363488495349884,-0.39725783467292786,-0.07043078189155949,0.04694175720214844,-0.4492371380329132,-0.07382410412094487,0.04788169264793396,-0.18564999103546143,-0.05167638157865895,0.07323500514030457,-0.29079675674438477,-0.06813574229738606,0.088189035654068,-0.35756808519363403,-0.07713026945850743,0.09876298904418945,-0.40887928009033203,-0.08216078226826085,0.08167743682861328,-0.15887510776519775,-0.05407473837396992,0.11450257897377014,-0.24062961339950562,-0.0678360501434554,0.13517478108406067,-0.28667908906936646,-0.07154016589186085,0.15153667330741882,-0.32733842730522156,-0.0725284779574622
Five,0.0,0.0,0.0,-0.05595594644546509,-0.05284857749938965,-0.012880135511807111,-0.09672752022743225,-0.1184607744216919,-0.02791044413839927,-0.12894463539123535,-0.17793607711791992,-0.0406078726032888,-0.1595296710729599,-0.21500486135482788,-0.05425728410278907,-0.03491467237472534,-0.20761173963546753,-0.042290511725298074,-0.04381445050239563,-0.3163066506385803,-0.059527422485700754,-0.04567837715148926,-0.37938883900642395,-0.0670644111910974,-0.04353910684585571,-0.42809808254241943,-0.07083573862706771,0.009161978960037231,-0.20331984758377075,-0.04627887457405677,0.025819838047027588,-0.32319650053977966,-0.06172353327070823,0.0373399555683136,-0.39427781105041504,-0.06794875785504928,0.04780614376068115,-0.4470689296722412,-0.07185343578254333,0.04773658514022827,-0.18470478057861328,-0.04985727667605033,0.0734354555606842,-0.28818362951278687,-0.06585957780276885,0.08863741159439087,-0.3545913100242615,-0.07497228607331863,0.09881922602653503,-0.40619102120399475,-0.08018784150277725,0.08116433024406433,-0.15818476676940918,-0.053039021042934564,0.11317941546440125,-0.2387866973876953,-0.06587797328626266,0.13331806659698486,-0.28464293479919434,-0.06902607455646148,0.14875492453575134,-0.32529914379119873,-0.06984364911710372
Five,0.0,0.0,0.0,-0.05537998676300049,-0.05121469497680664,-0.01119291970917402,-0.09739777445793152,-0.11780232191085815,-0.02591169627794443,-0.13014206290245056,-0.17723053693771362,-0.038386032008020265,-0.16046437621116638,-0.21418216824531555,-0.05201119931825815,-0.03762039542198181,-0.2054981291294098,-0.04436090963372408,-0.04726812243461609,-0.3167882561683655,-0.06206156315693079,-0.04866456985473633,-0.38120943307876587,-0.06926750766524492,-0.04703328013420105,-0.43012094497680664,-0.07265521960744081,0.006688028573989868,-0.20097926259040833,-0.049349159025041445,0.025511980056762695,-0.32402271032333374,-0.06604792552479921,0.036503106355667114,-0.3971691429615021,-0.0730180554319304,0.04508379101753235,-0.4514935612678528,-0.07705999540576158,0.04556363821029663,-0.18299323320388794,-0.053448345534889086,0.07024088501930237,-0.29063889384269714,-0.07087550687083422,0.08524081110954285,-0.360323965549469,-0.08131679522284685,0.09547063708305359,-0.4144582450389862,-0.08707306908854662,0.07920494675636292,-0.15664958953857422,-0.05675990881809412,0.11106482148170471,-0.2390560507774353,-0.07107039170750795,0.13207069039344788,-0.2876247465610504,-0.07559590416440187,0.14851799607276917,-0.33078616857528687,-0.07713835316189943
Five,0.0,0.0,0.0,-0.056548938155174255,-0.051056742668151855,-0.013081120534991442,-0.09737621247768402,-0.11633259057998657,-0.02845696939454001,-0.12953978776931763,-0.17734140157699585,-0.04143503515348357,-0.15915727615356445,-0.21665257215499878,-0.055430257900809465,-0.038105159997940063,-0.20904523134231567,-0.04357147796378058,-0.046876728534698486,-0.3180275857448578,-0.06130497737154883,-0.04843282699584961,-0.38167518377304077,-0.06905936656818312,-0.04634439945220947,-0.4305746555328369,-0.072852568908786,0.006026327610015869,-0.20615386962890625,-0.04755835442171019,0.022285878658294678,-0.3266030251979828,-0.06327136067972106,0.03337150812149048,-0.39894717931747437,-0.06944397298917693,0.04272592067718506,-0.45125389099121094,-0.07330943851098937,0.04586905241012573,-0.1886070966720581,-0.0511589182756893,0.0705043375492096,-0.2950480878353119,-0.06750256775245589,0.08478540182113647,-0.36231547594070435,-0.0768559372268669,0.09396445751190186,-0.41379302740097046,-0.08217849044427794,0.08151555061340332,-0.1625577211380005,-0.05435586555228156,0.11439335346221924,-0.24785619974136353,-0.06782930551395339,0.1344892382621765,-0.2961246967315674,-0.07173767892942351,0.14953678846359253,-0.33858367800712585,-0.07300236283168715
Five,0.0,0.0,0.0,-0.05598752200603485,-0.05046945810317993,-0.013449865011068596,-0.09698715806007385,-0.11569011211395264,-0.028853380670341267,-0.12892363965511322,-0.17565006017684937,-0.04194231106856705,-0.15874485671520233,-0.21455919742584229,-0.05604078396180512,-0.03794786334037781,-0.2098417580127716,-0.04208758993962647,-0.04692848026752472,-0.31704938411712646,-0.05935899316290261,-0.049125224351882935,-0.37999671697616577,-0.06751233859876038,-0.047594085335731506,-0.4286896586418152,-0.07192147298673035,0.005782455205917358,-0.20684272050857544,-0.04616963266352059,0.021435290575027466,-0.3251153230667114,-0.0613961756131971,0.032415151596069336,-0.3968573808670044,-0.06824803127864243,0.04209890961647034,-0.44971638917922974,-0.0728494875035608,0.04492071270942688,-0.18877190351486206,-0.04997466280082108,0.06794381141662598,-0.29653942584991455,-0.06655017062047364,0.08302751183509827,-0.3639506697654724,-0.0765886060796106,0.09354829788208008,-0.4164660573005676,-0.08258609994271637,0.07973718643188477,-0.16187292337417603,-0.053415769328864826,0.11193284392356873,-0.2458483874797821,-0.0678193993769014,0.13249099254608154,-0.2943330407142639,-0.07249669506171585,0.14847394824028015,-0.33743637800216675,-0.07433546110013367
Five,0.0,0.0,0.0,-0.05616356432437897,-0.04958808422088623,-0.012544332375853173,-0.09701460599899292,-0.11391228437423706,-0.027308103000848405,-0.12861259281635284,-0.17326653003692627,-0.039986945992438905,-0.1579066514968872,-0.21263816952705383,-0.05368254364105951,-0.03965294361114502,-0.21021997928619385,-0.03954702273580324,-0.04850892722606659,-0.316810667514801,-0.056545660203425996,-0.050388723611831665,-0.3792218267917633,-0.06504539430710565,-0.04846329987049103,-0.4273056983947754,-0.06961134106489908,0.0036691129207611084,-0.20805782079696655,-0.04385118216845285,0.019105643033981323,-0.32572174072265625,-0.058333486622302644,0.030310481786727905,-0.3970891237258911,-0.0648830089029957,0.04026147723197937,-0.4487380385398865,-0.06912063837620508,0.04302990436553955,-0.19001004099845886,-0.04799285933944475,0.06648704409599304,-0.295933336019516,-0.06354684413048517,0.08213740587234497,-0.36258465051651,-0.07310973883244287,0.09336742758750916,-0.414457768201828,-0.0787520486173321,0.07833704352378845,-0.16259974241256714,-0.05179243565174829,0.11068174242973328,-0.24528220295906067,-0.06495460153195154,0.13070306181907654,-0.29299092292785645,-0.06884137571427118,0.1462680995464325,-0.33539605140686035,-0.07010532945963632
Five,0.0,0.0,0.0,-0.055384665727615356,-0.050042688846588135,-0.011468386478298953,-0.09618735313415527,-0.11432391405105591,-0.025843383013778976,-0.12781420350074768,-0.17335283756256104,-0.038197283833795836,-0.15709137916564941,-0.2118024230003357,-0.051697877436453155,-0.03834180533885956,-0.20894110202789307,-0.040320341676050475,-0.04688212275505066,-0.3157256841659546,-0.057354287445122054,-0.04847882688045502,-0.3784133195877075,-0.0653328385348857,-0.04611063003540039,-0.42608118057250977,-0.06939621382909422,0.0046167075634002686,-0.20647048950195312,-0.044998978465372375,0.01976877450942993,-0.32524847984313965,-0.05956793689685469,0.03115960955619812,-0.3965471684932709,-0.06548430883842116,0.04154309630393982,-0.4468201696872711,-0.06918414050298338,0.044005751609802246,-0.18834814429283142,-0.049308450161987594,0.0673011839389801,-0.29634034633636475,-0.06506443881946211,0.08206331729888916,-0.3635465204715729,-0.07438029462056761,0.09267207980155945,-0.41514265537261963,-0.07990539932208662,0.07953137159347534,-0.16041767597198486,-0.053086162745529464,0.11250656843185425,-0.24285796284675598,-0.06665849798875456,0.13261961936950684,-0.2895900011062622,-0.07062248998838072,0.14801162481307983,-0.33084943890571594,-0.07193986439662581
Five,0.0,0.0,0.0,-0.05521467328071594,-0.050207316875457764,-0.011365353411775914,-0.09605386853218079,-0.11418813467025757,-0.025764894022387352,-0.12799525260925293,-0.17320206761360168,-0.038198067157310334,-0.15743030607700348,-0.21203726530075073,-0.051726194380563584,-0.038789376616477966,-0.2100050449371338,-0.03923182403926262,-0.04660005867481232,-0.3163321614265442,-0.05587221524004349,-0.0485641211271286,-0.3789156675338745,-0.064088439850849,-0.04670409858226776,-0.42647047340869904,-0.06853494635109314,0.004223287105560303,-0.20832309126853943,-0.04411398088817009,0.020151376724243164,-0.3266424536705017,-0.05772316670302757,0.03159576654434204,-0.39697298407554626,-0.06334227165464767,0.041540294885635376,-0.44642317295074463,-0.06697340896610626,0.04340565204620361,-0.1902833878993988,-0.04870172431949982,0.06727245450019836,-0.29848653078079224,-0.06359256645922073,0.0827520489692688,-0.36472976207733154,-0.07237722566608795,0.09360650181770325,-0.4155271351337433,-0.07780442228798279,0.07838937640190125,-0.1619112491607666,-0.05285611218099007,0.110513836145401,-0.24246859550476074,-0.06594171216968903,0.13019701838493347,-0.2882705628871918,-0.06949481955055603,0.14516589045524597,-0.32836589217185974,-0.07060428550724396
Five,0.0,0.0,0.0,-0.054868146777153015,-0.0523066520690918,-0.009865613819556529,-0.09531760215759277,-0.11721396446228027,-0.023746962824361617,-0.1266513615846634,-0.17451685667037964,-0.03599470404674321,-0.1555553674697876,-0.21381616592407227,-0.04956266579915791,-0.03797121345996857,-0.21178844571113586,-0.038319374599950606,-0.04497416317462921,-0.31777423620224,-0.05487636400152951,-0.04657988250255585,-0.3803676962852478,-0.06312770319868832,-0.045129239559173584,-0.4283507168292999,-0.0676411978690794,0.00455823540687561,-0.20936265587806702,-0.043901021757619674,0.02204069495201111,-0.32817453145980835,-0.058319437482850844,0.0339260995388031,-0.39891068637371063,-0.06456100864102154,0.04354754090309143,-0.4488162696361542,-0.06848708463598996,0.04373699426651001,-0.19049283862113953,-0.049014385023610885,0.0690319836139679,-0.29878249764442444,-0.06396042478968411,0.08545172214508057,-0.36418408155441284,-0.07280081433941632,0.09695166349411011,-0.41557957231998444,-0.078167847522991,0.07905098795890808,-0.16118904948234558,-0.0535774484067133,0.11183345317840576,-0.24483978748321533,-0.06637055350233823,0.1321100890636444,-0.291681170463562,-0.06975477112223416,0.14780816435813904,-0.3332980275154114,-0.07072327209402829
Five,0.0,0.0,0.0,-0.05420099198818207,-0.050834476947784424,-0.010323464616845968,-0.09452828764915466,-0.11687284708023071,-0.023283032446812513,-0.12592782080173492,-0.17645153403282166,-0.03446128566534412,-0.1550023853778839,-0.21485430002212524,-0.04674354915292156,-0.0372525155544281,-0.21434849500656128,-0.03745501090557468,-0.04461240768432617,-0.3213231563568115,-0.05437328268558872,-0.04642167687416077,-0.38470518589019775,-0.06287107963831318,-0.044720351696014404,-0.4327538013458252,-0.06749967832834614,0.0053542256355285645,-0.21162715554237366,-0.042716789737056615,0.022305458784103394,-0.3305201232433319,-0.057130094363998296,0.033725619316101074,-0.40142086148262024,-0.06337467183143985,0.04324832558631897,-0.4521165192127228,-0.06725608159572971,0.04451313614845276,-0.1936068832874298,-0.0477268022742976,0.06953993439674377,-0.30193910002708435,-0.06335920442612064,0.08518493175506592,-0.3679880201816559,-0.07256561119825733,0.09583383798599243,-0.4190807342529297,-0.07805906583340061,0.07925182580947876,-0.1654345691204071,-0.05223327104718578,0.11337292194366455,-0.24620851874351501,-0.0659700145271529,0.1343115270137787,-0.29160836338996887,-0.06996304888994587,0.15048417448997498,-0.3316931128501892,-0.07125896562607181
Five,0.0,0.0,0.0,-0.05404303967952728,-0.05047637224197388,-0.010660400473824438,-0.09441152215003967,-0.11554044485092163,-0.02401209981118768,-0.1256817877292633,-0.17557770013809204,-0.03560527958845228,-0.1553133875131607,-0.21484240889549255,-0.04832940720891088,-0.03750309348106384,-0.21596309542655945,-0.0363507176277551,-0.04467020928859711,-0.3222144842147827,-0.0530428680119428,-0.04656648635864258,-0.385181188583374,-0.06181683563565343,-0.044883012771606445,-0.4332421272993088,-0.06676320531343549,0.005654841661453247,-0.2143583595752716,-0.04142684289192289,0.023195862770080566,-0.3321782350540161,-0.055055832350006995,0.0346435010433197,-0.40268003940582275,-0.061096275084963736,0.04428988695144653,-0.4529350996017456,-0.06495867469286054,0.04476803541183472,-0.19594770669937134,-0.046376755320778784,0.07010072469711304,-0.3033810555934906,-0.06118246712659925,0.08608871698379517,-0.36880815029144287,-0.06996819176649183,0.09690991044044495,-0.41937704384326935,-0.07541570612167448,0.078890860080719,-0.16635125875473022,-0.05094734751557439,0.11268430948257446,-0.24424391984939575,-0.0638388226268205,0.133231520652771,-0.2888585329055786,-0.0673224458930406,0.1490361988544464,-0.32816749811172485,-0.06839624592041105
Five,0.0,0.0,0.0,-0.054485395550727844,-0.050179123878479004,-0.011243065683373743,-0.09495760500431061,-0.11529892683029175,-0.02531987694484883,-0.12560060620307922,-0.17595690488815308,-0.037566975554653936,-0.1549956053495407,-0.21585136651992798,-0.05081655537171059,-0.037158310413360596,-0.21519345045089722,-0.03834051718396836,-0.04427902400493622,-0.32263052463531494,-0.05573872928900414,-0.04534199833869934,-0.3857467323541641,-0.0646753989665001,-0.042753010988235474,-0.4342011511325836,-0.06955245961827927,0.006111830472946167,-0.2122001051902771,-0.04337265049500161,0.023959994316101074,-0.33135557174682617,-0.05749351983351403,0.03576347231864929,-0.4021475613117218,-0.06349498858136826,0.0456697940826416,-0.4525378942489624,-0.06740965773744279,0.045184165239334106,-0.19330358505249023,-0.04828085829896622,0.07125034928321838,-0.30164092779159546,-0.06328070988340073,0.08719983696937561,-0.36683177947998047,-0.07162791570110016,0.09783932566642761,-0.4165377765893936,-0.07673028936071091,0.07951778173446655,-0.16476553678512573,-0.052882470986077124,0.11388042569160461,-0.24523881077766418,-0.06586178471727067,0.13434386253356934,-0.2911597490310669,-0.06920752008838349,0.14990612864494324,-0.3315805196762085,-0.07016570200605088
Five,0.0,0.0,0.0,-0.05451434850692749,-0.049750328063964844,-0.010604274195685548,-0.0958847850561142,-0.1151038408279419,-0.02378421622987048,-0.12625929713249207,-0.1761433184146881,-0.0351962966072108,-0.15461379289627075,-0.21629714965820312,-0.04743776071543948,-0.034654080867767334,-0.21464842557907104,-0.03777815747733371,-0.04290930926799774,-0.3230845034122467,-0.054710425172999066,-0.04413194954395294,-0.3859965354204178,-0.0626734865057017,-0.04166412353515625,-0.4338299036026001,-0.06670925739879863,0.008201420307159424,-0.2110259234905243,-0.042765680437042874,0.02551788091659546,-0.3313278257846832,-0.05723702881212489,0.03708678483963013,-0.40219053626060486,-0.06293115738506572,0.04701000452041626,-0.4527953565120697,-0.06631638083334224,0.04676163196563721,-0.19257104396820068,-0.04757231447572963,0.07272225618362427,-0.299304723739624,-0.06264234307880656,0.08877873420715332,-0.36467909812927246,-0.07100410733099238,0.09943068027496338,-0.41473807394504547,-0.07583568218822734,0.0802149772644043,-0.16481736302375793,-0.05203969750280635,0.11432415246963501,-0.24414610862731934,-0.06495631459827678,0.13493484258651733,-0.28916651010513306,-0.06841853234644191,0.1506272554397583,-0.3289652466773987,-0.06931506070966975
Five,0.0,0.0,0.0,-0.05512377619743347,-0.04960346221923828,-0.011097063410232977,-0.09631761908531189,-0.11637133359909058,-0.0243240148826942,-0.1259954273700714,-0.17826807498931885,-0.035720283265362696,-0.1547098010778427,-0.21864053606987,-0.047923395509968714,-0.03558960556983948,-0.2162238359451294,-0.037039106811533884,-0.04337778687477112,-0.3244491219520569,-0.05377410548473449,-0.044566065073013306,-0.38725340366363525,-0.06195356520558448,-0.04241877794265747,-0.43512609601020813,-0.06631792160416694,0.007311493158340454,-0.21269240975379944,-0.042129317398320154,0.02491295337677002,-0.33322232961654663,-0.056221267308245615,0.03685903549194336,-0.40439553558826447,-0.06201448115254493,0.046923696994781494,-0.4555656313896179,-0.06553471657181831,0.045976459980010986,-0.19351699948310852,-0.04721302735353561,0.07180815935134888,-0.3002188801765442,-0.06230365308667274,0.08761408925056458,-0.3659564256668091,-0.07101510288859458,0.09808683395385742,-0.41647985577583313,-0.07611083808089347,0.07988590002059937,-0.16463276743888855,-0.052020935441504434,0.11364901065826416,-0.24447524547576904,-0.0650190916910276,0.13400515913963318,-0.29028961062431335,-0.06863608780051322,0.14987698197364807,-0.3308389484882355,-0.06970868828440757
Five,0.0,0.0,0.0,-0.054682180285453796,-0.0512046217918396,-0.009785579566823799,-0.09603604674339294,-0.11843454837799072,-0.02267799531387027,-0.12581110000610352,-0.18083041906356812,-0.0338317398475283,-0.15446479618549347,-0.22181248664855957,-0.0458413754151934,-0.03465387225151062,-0.21762320399284363,-0.037765314851867515,-0.0427347868680954,-0.3275879919528961,-0.05458962363468345,-0.04379741847515106,-0.3909890949726105,-0.06208022875057395,-0.04126134514808655,-0.43893174827098846,-0.06579838884340461,0.008411794900894165,-0.2136237621307373,-0.0432100799428099,0.02567082643508911,-0.33511632680892944,-0.057808896576034385,0.038007885217666626,-0.4060264229774475,-0.06308761430250343,0.048725128173828125,-0.4564867615699768,-0.0660180915640467,0.047524988651275635,-0.1943531334400177,-0.04840292972789939,0.07401317358016968,-0.30173632502555847,-0.06357810092436011,0.09055370092391968,-0.3686049282550812,-0.07169595551954444,0.10169363021850586,-0.4199846386909485,-0.07627594662176307,0.08182832598686218,-0.16501429677009583,-0.053125197117196876,0.11524519324302673,-0.24535295367240906,-0.06587579292522605,0.13515371084213257,-0.29151102900505066,-0.06899167043434318,0.15044865012168884,-0.332351952791214,-0.0696576778339022
Five,0.0,0.0,0.0,-0.05560065805912018,-0.051907896995544434,-0.010342555305953738,-0.0968121737241745,-0.11850619316101074,-0.023245847038026568,-0.12685731053352356,-0.18078729510307312,-0.034397414139505145,-0.15575279295444489,-0.22186189889907837,-0.04642791505813193,-0.03588908910751343,-0.21573123335838318,-0.03740667384028029,-0.04383684694766998,-0.32606643438339233,-0.05388842727899146,-0.04497973620891571,-0.39029979705810547,-0.061034972033496615,-0.04230567812919617,-0.43914252519607544,-0.06462625618934226,0.007462561130523682,-0.21261915564537048,-0.042664962074752566,0.024811744689941406,-0.33415520191192627,-0.05716699566602301,0.03717374801635742,-0.4056912809610367,-0.06274163927793097,0.04831859469413757,-0.4570557475090027,-0.06589285489081931,0.04679033160209656,-0.19383159279823303,-0.04772365670561385,0.07220584154129028,-0.3007509112358093,-0.06296266820191931,0.08805570006370544,-0.3689762353897095,-0.07169006969689917,0.09911316633224487,-0.42203807830810547,-0.07679648157119345,0.08120235800743103,-0.16461288928985596,-0.05236183684229445,0.11441761255264282,-0.24241158366203308,-0.06493741478681159,0.13469654321670532,-0.2882545590400696,-0.06835685130118918,0.15072554349899292,-0.32919278740882874,-0.06940891053437781
Five,0.0,0.0,0.0,-0.055680617690086365,-0.0515407919883728,-0.011225592226480785,-0.0967477560043335,-0.11748242378234863,-0.024691660769974533,-0.1273321807384491,-0.17922860383987427,-0.03608055866578752,-0.15569977462291718,-0.22105908393859863,-0.048329141803776565,-0.03603619337081909,-0.21371209621429443,-0.03993965766647989,-0.0440373420715332,-0.3247009515762329,-0.05727400711992914,-0.04548752307891846,-0.3893558084964752,-0.06468474573711092,-0.04312629997730255,-0.4384429603815079,-0.06828383065084154,0.007228642702102661,-0.21056443452835083,-0.044671879031454864,0.024076640605926514,-0.332918256521225,-0.060054165192639175,0.0362565815448761,-0.40534572303295135,-0.06575686938384706,0.04732736945152283,-0.45703187584877014,-0.06885849393228227,0.04665637016296387,-0.1918724775314331,-0.04915741539815599,0.07126712799072266,-0.29926416277885437,-0.0649756760082596,0.08677393198013306,-0.36860060691833496,-0.07394060946324998,0.09787005186080933,-0.4226851910352707,-0.07909324473956758,0.08107993006706238,-0.162663072347641,-0.053206310488974395,0.11429721117019653,-0.24094712734222412,-0.06629125482658083,0.13454964756965637,-0.2873097360134125,-0.07006220973352129,0.15074056386947632,-0.3286879062652588,-0.07125790125945741
Five,0.0,0.0,0.0,-0.05560256540775299,-0.05266010761260986,-0.011335297754612839,-0.09667074680328369,-0.11884063482284546,-0.025560413754192268,-0.12702202796936035,-0.18049433827400208,-0.037690482369271194,-0.15557725727558136,-0.22172707319259644,-0.05080619760474292,-0.03646731376647949,-0.21280255913734436,-0.04236323692521182,-0.04498845338821411,-0.3243187367916107,-0.061164575895872986,-0.046418383717536926,-0.3895084261894226,-0.06935175814351169,-0.04397048056125641,-0.43928007781505585,-0.07335270502289859,0.006493568420410156,-0.20929598808288574,-0.047581664553490555,0.023042142391204834,-0.3320484161376953,-0.0646166534038457,0.03518763184547424,-0.40521490573883057,-0.07090635903796283,0.04625090956687927,-0.4579121917486191,-0.07430015065392581,0.04576295614242554,-0.19091802835464478,-0.05247069456299869,0.06996750831604004,-0.2983369529247284,-0.06966230579337207,0.08570423722267151,-0.3681018352508545,-0.07871347226819125,0.09722927212715149,-0.4224530905485153,-0.08367995478829471,0.08038985729217529,-0.16246896982192993,-0.05687865548452464,0.11272403597831726,-0.24337446689605713,-0.07080321320017902,0.13286665081977844,-0.29092544317245483,-0.07454138555249301,0.1492084562778473,-0.3334254026412964,-0.07562177189311114
Five,0.0,0.0,0.0,-0.05631634593009949,-0.05556380748748779,-0.011199481798939814,-0.09732607007026672,-0.12194168567657471,-0.026280619217686763,-0.12808102369308472,-0.18150395154953003,-0.03930627369754802,-0.15691103041172028,-0.22074511647224426,-0.0535093527423669,-0.03847616910934448,-0.21318799257278442,-0.044765645651750674,-0.04792594909667969,-0.32331353425979614,-0.0654724706100751,-0.04981273412704468,-0.3896988332271576,-0.07526992449038516,-0.04822266101837158,-0.440169095993042,-0.08023692110054981,0.004434466361999512,-0.20833855867385864,-0.05069018715494167,0.021434277296066284,-0.3319793939590454,-0.06925159880393039,0.033677875995635986,-0.40615153312683105,-0.07670212724679004,0.043794333934783936,-0.46022507548332214,-0.08085486480467807,0.044274479150772095,-0.18946975469589233,-0.05610322394841205,0.0681881308555603,-0.2998189926147461,-0.07418129035704624,0.08505582809448242,-0.3708359897136688,-0.0834238398956586,0.0972072184085846,-0.4253956079483032,-0.08833938279622089,0.07951599359512329,-0.1607198715209961,-0.061063310145073046,0.11148864030838013,-0.24447321891784668,-0.07496084460490238,0.1317363977432251,-0.29293644428253174,-0.07824693807833683,0.1482366919517517,-0.33504152297973633,-0.07895186731093418
Five,0.0,0.0,0.0,-0.05655738711357117,-0.052175283432006836,-0.01156256069475603,-0.09878271818161011,-0.11813622713088989,-0.026937979283275126,-0.13079878687858582,-0.17983806133270264,-0.03989698645705175,-0.16017881035804749,-0.22051963210105896,-0.05390017014974546,-0.03946694731712341,-0.21139034628868103,-0.047977245422544,-0.04943445324897766,-0.32268381118774414,-0.0690154908322711,-0.05191658437252045,-0.38780051469802856,-0.07813063544267607,-0.05050979554653168,-0.43776416778564453,-0.08243748080963087,0.0026136934757232666,-0.20693504810333252,-0.052844087603034495,0.018373817205429077,-0.33132755756378174,-0.07228805405134153,0.02984747290611267,-0.4055774211883545,-0.07877119910949659,0.03976747393608093,-0.45849938690662384,-0.08213036787742567,0.042238056659698486,-0.18850845098495483,-0.05705423933500242,0.06675848364830017,-0.30006372928619385,-0.07580837887758207,0.08164900541305542,-0.3711572289466858,-0.08498104197019529,0.09194990992546082,-0.4257989525794983,-0.08975464385980558,0.0778357982635498,-0.1607358455657959,-0.0605848906659503,0.11155784130096436,-0.24723336100578308,-0.07507591229909849,0.13102364540100098,-0.2974662780761719,-0.07912677061790419,0.14641216397285461,-0.34256500005722046,-0.08041552734607649
Five,0.0,0.0,0.0,-0.0559990257024765,-0.05235695838928223,-0.01110464917942977,-0.09834784269332886,-0.11858224868774414,-0.02617374832257724,-0.13034363090991974,-0.17987287044525146,-0.03898405308351016,-0.16051654517650604,-0.22010165452957153,-0.052721143015475036,-0.039586931467056274,-0.21166843175888062,-0.046803765245527984,-0.04969914257526398,-0.3229413628578186,-0.0674026014886806,-0.052324846386909485,-0.38758355379104614,-0.07603777969703174,-0.051418766379356384,-0.43756115436553955,-0.08000265086516833,0.0024148225784301758,-0.20658966898918152,-0.05218157196864581,0.017904222011566162,-0.3314841687679291,-0.07187661553248859,0.029418349266052246,-0.40566885471343994,-0.07840002352818942,0.03946229815483093,-0.45895953476428986,-0.08170045191869235,0.04187113046646118,-0.18834424018859863,-0.05691378960833049,0.06680548191070557,-0.2987569570541382,-0.07565917844399905,0.08185434341430664,-0.3696736693382263,-0.08446280682906604,0.09218722581863403,-0.4243152141571045,-0.0888225662194202,0.0778622031211853,-0.16180026531219482,-0.06100411737784839,0.11094385385513306,-0.2500636577606201,-0.07537457371577716,0.1301477551460266,-0.30122050642967224,-0.07907313133105731,0.14490771293640137,-0.34712523221969604,-0.07999876166209674
Five,0.0,0.0,0.0,-0.055615782737731934,-0.05188781023025513,-0.012556197371651479,-0.09869652986526489,-0.11834019422531128,-0.028638276521434136,-0.13150803744792938,-0.18003308773040771,-0.04228371313618595,-0.16229179501533508,-0.22008472681045532,-0.056824966583718606,-0.0406707227230072,-0.21092844009399414,-0.04907705939220364,-0.05114889144897461,-0.32192984223365784,-0.07020192897724087,-0.05420772731304169,-0.386319637298584,-0.07904028451847012,-0.05405731499195099,-0.43629494309425354,-0.08317429131673748,0.0012985467910766602,-0.20597845315933228,-0.054301454935540505,0.015971481800079346,-0.33076247572898865,-0.07475325024532253,0.02690756320953369,-0.40499499440193176,-0.0816563547294038,0.03603115677833557,-0.45896562933921814,-0.08527528798984463,0.04061317443847656,-0.18798589706420898,-0.05896235561775143,0.06515735387802124,-0.297962486743927,-0.07857170260356838,0.08056879043579102,-0.3688936233520508,-0.08807713097738201,0.09065008163452148,-0.42345309257507324,-0.09282346374200756,0.07665643095970154,-0.1624097228050232,-0.06308586454795773,0.10906189680099487,-0.2529596984386444,-0.0782008350531953,0.12821701169013977,-0.30435416102409363,-0.08246784961627895,0.1424817144870758,-0.3496129810810089,-0.08379457450317318
Five,0.0,0.0,0.0,-0.055479973554611206,-0.05140763521194458,-0.011695807104985079,-0.09866638481616974,-0.11629164218902588,-0.027317339791039785,-0.13109759986400604,-0.177620530128479,-0.040583843601922354,-0.1618569940328598,-0.21793204545974731,-0.0547017438840669,-0.03994786739349365,-0.20760053396224976,-0.04837620095727857,-0.051009178161621094,-0.3182102143764496,-0.06887560175178464,-0.054155200719833374,-0.3827105760574341,-0.07697699801443036,-0.05373571813106537,-0.43244025111198425,-0.08064827905414518,0.0021995604038238525,-0.20358890295028687,-0.05376843200443204,0.016214102506637573,-0.32802265882492065,-0.07413848326919492,0.026691347360610962,-0.40192973613739014,-0.08073473559139188,0.035650819540023804,-0.45526254177093506,-0.08401536033866819,0.04160603880882263,-0.18611812591552734,-0.05840279371855672,0.06497880816459656,-0.29553937911987305,-0.07777809189079221,0.079784095287323,-0.3662450909614563,-0.08651795820711072,0.08953940868377686,-0.42077261209487915,-0.09072647826192792,0.07691773772239685,-0.16002702713012695,-0.06241504312870916,0.10808268189430237,-0.24808335304260254,-0.0770134686064523,0.12697002291679382,-0.2976551949977875,-0.08047185675619062,0.14093539118766785,-0.34099239110946655,-0.08123209909913953
Five,0.0,0.0,0.0,-0.05621415376663208,-0.050975143909454346,-0.01222352309866892,-0.09796382486820221,-0.11620008945465088,-0.02797951641275631,-0.1307050734758377,-0.17722105979919434,-0.04126188437237488,-0.16120189428329468,-0.2165582776069641,-0.05553372110023247,-0.03931739926338196,-0.2064218521118164,-0.04911007637872444,-0.050244659185409546,-0.317084938287735,-0.06985926161303269,-0.05345916748046875,-0.3816145658493042,-0.0781629113365625,-0.0528898686170578,-0.43132463097572327,-0.08181754032864319,0.0029984712600708008,-0.20125913619995117,-0.05384629498018967,0.017538011074066162,-0.32573384046554565,-0.07365712056650864,0.02786630392074585,-0.40004250407218933,-0.08024474511637436,0.03650668263435364,-0.4545120596885681,-0.08368967751755463,0.04193964600563049,-0.18341368436813354,-0.057821872632644045,0.06551006436347961,-0.29325172305107117,-0.07716161290898071,0.08020180463790894,-0.3632434010505676,-0.08661832193627106,0.08963450789451599,-0.4173901677131653,-0.09135820994868027,0.07687902450561523,-0.1581108570098877,-0.06111221293701874,0.108827143907547,-0.2467171549797058,-0.07604087422384964,0.1285751760005951,-0.2953833341598511,-0.07999534438147293,0.1432374119758606,-0.3379972577095032,-0.08109009544148194
Five,0.0,0.0,0.0,-0.056217655539512634,-0.051028430461883545,-0.012086597296132595,-0.0979766845703125,-0.11593729257583618,-0.027785262117816956,-0.13103145360946655,-0.17679572105407715,-0.041010707641675026,-0.16103392839431763,-0.21625059843063354,-0.05520188810928062,-0.039480388164520264,-0.2066962718963623,-0.04837867620094016,-0.05015447735786438,-0.31700748205184937,-0.06889320167405799,-0.05263133347034454,-0.3806964159011841,-0.07708117368323997,-0.05114440619945526,-0.42982804775238037,-0.08058718594415382,0.0035235583782196045,-0.20194339752197266,-0.052743800009324104,0.018856793642044067,-0.3259842097759247,-0.0723058358083506,0.029590219259262085,-0.39940690994262695,-0.07859721782310203,0.03856566548347473,-0.45336851477622986,-0.08170585336787894,0.04245224595069885,-0.18402743339538574,-0.05632918703062728,0.0667436420917511,-0.29192352294921875,-0.07499569656951621,0.08172398805618286,-0.36074498295783997,-0.08389832081897453,0.09148010611534119,-0.41420701146125793,-0.08822273465497688,0.07680624723434448,-0.15820914506912231,-0.05924415218336776,0.10819140076637268,-0.2448253631591797,-0.07318801435334876,0.12741145491600037,-0.2919515073299408,-0.07636082919938758,0.14182397723197937,-0.3334762752056122,-0.07687669994933799
Five,0.0,0.0,0.0,-0.05624815821647644,-0.05102121829986572,-0.011266062205777416,-0.09729880094528198,-0.11601346731185913,-0.02633668592397953,-0.12958461046218872,-0.17682790756225586,-0.03898364788119579,-0.1597370058298111,-0.21574509143829346,-0.05266719794099117,-0.03862971067428589,-0.20564669370651245,-0.04781533887808109,-0.04872453212738037,-0.3162112832069397,-0.06811519822304035,-0.05130019783973694,-0.38037675619125366,-0.07613049557630802,-0.049952805042266846,-0.4295145273208618,-0.07947687914793278,0.004114240407943726,-0.20078861713409424,-0.052287490276739845,0.019802957773208618,-0.325519323348999,-0.07152168562834049,0.030609935522079468,-0.39931243658065796,-0.07737600913469578,0.039710164070129395,-0.453045129776001,-0.08012402912800098,0.04311069846153259,-0.18288278579711914,-0.05588910466258312,0.06762492656707764,-0.2923523187637329,-0.07412498554413105,0.08223024010658264,-0.3617642819881439,-0.08259268960182453,0.0916547179222107,-0.4155525267124176,-0.08664411416475559,0.07751759886741638,-0.1567865014076233,-0.058763855306551704,0.10949546098709106,-0.24358579516410828,-0.07244443258468891,0.12839120626449585,-0.2914416491985321,-0.0755097877067783,0.14232468605041504,-0.3337700366973877,-0.0759505864066341
Five,0.0,0.0,0.0,-0.05643156170845032,-0.052343547344207764,-0.011072946418522633,-0.09693343937397003,-0.11667579412460327,-0.026148705449401177,-0.12952804565429688,-0.17671525478363037,-0.038910238709746636,-0.15926627814769745,-0.2163512110710144,-0.05261720221906785,-0.03771597146987915,-0.20687395334243774,-0.045346374329625405,-0.04734376072883606,-0.3169247806072235,-0.06449146073728684,-0.049832940101623535,-0.3805157542228699,-0.07214408617883805,-0.04849746823310852,-0.4293925166130066,-0.075427989181577,0.004954040050506592,-0.20305383205413818,-0.04997205611735467,0.020725011825561523,-0.32701438665390015,-0.06776847940355424,0.031575530767440796,-0.4002295732498169,-0.0732920045819867,0.040790826082229614,-0.4534524381160736,-0.07601433497339372,0.04366844892501831,-0.18507593870162964,-0.05386004474431161,0.06845441460609436,-0.29381558299064636,-0.07134463888078812,0.08347061276435852,-0.36235475540161133,-0.07980376732021455,0.09308087825775146,-0.4153882563114166,-0.0840039203730214,0.07808610796928406,-0.1585676670074463,-0.057014724877177514,0.11051830649375916,-0.24482858180999756,-0.07005167257457856,0.1301247775554657,-0.29171013832092285,-0.07266779493957642,0.14443659782409668,-0.3329477906227112,-0.0728826994863141
Five,0.0,0.0,0.0,-0.055456846952438354,-0.05150693655014038,-0.011313799575162875,-0.09641832113265991,-0.11606651544570923,-0.02634392193724011,-0.12918248772621155,-0.1762319803237915,-0.039009577401174056,-0.1588260382413864,-0.21576380729675293,-0.052537440128816115,-0.03763735294342041,-0.20667493343353271,-0.045131045200122344,-0.0474562793970108,-0.3171369731426239,-0.06368351987768506,-0.04993563890457153,-0.3807905912399292,-0.07101919762064313,-0.0487784743309021,-0.4297838509082794,-0.07423550150562619,0.0052960216999053955,-0.20299381017684937,-0.04958102367092465,0.02159363031387329,-0.32735323905944824,-0.06632880381513928,0.03263738751411438,-0.39964261651039124,-0.07153943441082333,0.041463881731033325,-0.45208168029785156,-0.07429354897905682,0.0439627468585968,-0.18533307313919067,-0.053304063894046294,0.06857499480247498,-0.29428333044052124,-0.06997540853191708,0.08347836136817932,-0.3618779182434082,-0.07807670048643445,0.0927291214466095,-0.4136887192726135,-0.08225827924181317,0.07831242680549622,-0.15945786237716675,-0.056380479403031813,0.10989183187484741,-0.2455931305885315,-0.0690583985226283,0.12937486171722412,-0.2919948697090149,-0.07154704145361279,0.14350834488868713,-0.332514226436615,-0.07174935451914166
Five,0.0,0.0,0.0,-0.0553017258644104,-0.051341116428375244,-0.01052050972549523,-0.09612306952476501,-0.11582887172698975,-0.02495588483481015,-0.12876427173614502,-0.17534679174423218,-0.03718711557058896,-0.15812766551971436,-0.21434402465820312,-0.05034994827775563,-0.037451907992362976,-0.20624148845672607,-0.04395305114059056,-0.04687723517417908,-0.3158957362174988,-0.062337384840532195,-0.04939983785152435,-0.3792542517185211,-0.06978879245190228,-0.04838450253009796,-0.4277876615524292,-0.07313161464600171,0.00487479567527771,-0.20272737741470337,-0.04863752173451985,0.021495938301086426,-0.32648026943206787,-0.06505590798525418,0.032581061124801636,-0.39819586277008057,-0.07020739587215985,0.04130944609642029,-0.4498704969882965,-0.07300190748838986,0.0432489812374115,-0.1853715181350708,-0.05261456715135182,0.06875193119049072,-0.2940514087677002,-0.06903533758787717,0.08388057351112366,-0.36110183596611023,-0.07730788858799542,0.09316107630729675,-0.4122840464115143,-0.08173699798254574,0.0771331787109375,-0.15952306985855103,-0.05591447027592267,0.11038991808891296,-0.24436533451080322,-0.06879486264853085,0.13057389855384827,-0.29012399911880493,-0.07177563877968396,0.1452232301235199,-0.33013662695884705,-0.07236712547211255
Five,0.0,0.0,0.0,-0.053893715143203735,-0.04984921216964722,-0.010931414714775656,-0.09516416490077972,-0.11362349987030029,-0.02518015464278278,-0.12801286578178406,-0.17168307304382324,-0.03751356450351295,-0.15791025757789612,-0.20757102966308594,-0.0510060891273838,-0.0362175852060318,-0.2032291293144226,-0.04109755081566391,-0.04650740325450897,-0.3088444173336029,-0.058587352907977674,-0.04875744879245758,-0.3710612654685974,-0.06651302350195465,-0.04713103175163269,-0.41892576217651367,-0.07063771707447586,0.005714923143386841,-0.20121097564697266,-0.04604008716972885,0.022603482007980347,-0.31996649503707886,-0.061236179596505735,0.033490270376205444,-0.39094316959381104,-0.06735149694117126,0.04291602969169617,-0.44275984168052673,-0.07134932202728805,0.04331502318382263,-0.1844896674156189,-0.05051381436618385,0.06616169214248657,-0.29088228940963745,-0.06687270028027115,0.0801888108253479,-0.3584878444671631,-0.0765202410283905,0.08976730704307556,-0.41058972477912903,-0.08237230700882492,0.07631540298461914,-0.15858441591262817,-0.054400122887216185,0.10860365629196167,-0.23887500166893005,-0.06799378169210968,0.12909114360809326,-0.2846527099609375,-0.07200963718327102,0.14507678151130676,-0.3250671625137329,-0.07364834023150024
Five,0.0,0.0,0.0,-0.053485333919525146,-0.04925966262817383,-0.011148383650265714,-0.09378176927566528,-0.11294025182723999,-0.025826858165942213,-0.12588930130004883,-0.17156076431274414,-0.03851413335212328,-0.15525956451892853,-0.20893782377243042,-0.052340086358867666,-0.03593409061431885,-0.20193451642990112,-0.04238758962162592,-0.045892372727394104,-0.308345764875412,-0.059926446336589834,-0.048159971833229065,-0.37103039026260376,-0.0675849763632641,-0.046938538551330566,-0.41863733530044556,-0.07131682317265131,0.0052630603313446045,-0.1987735629081726,-0.047044485616765996,0.02175423502922058,-0.3185935914516449,-0.06224155034431078,0.03306156396865845,-0.3888580799102783,-0.06750956903704264,0.04278373718261719,-0.43914151191711426,-0.070616163122736,0.04259184002876282,-0.18145686388015747,-0.051130868303857824,0.0659092366695404,-0.29017937183380127,-0.06684784572132685,0.07978305220603943,-0.3565201163291931,-0.07492603342541315,0.08889541029930115,-0.4068801999092102,-0.0795779151798115,0.07576042413711548,-0.15531837940216064,-0.05466338227995493,0.10817176103591919,-0.23691877722740173,-0.06698300670393564,0.1282942295074463,-0.2809889316558838,-0.06932029854067423,0.1435079276561737,-0.3188251256942749,-0.06964716296204188
Five,0.0,0.0,0.0,-0.05270424485206604,-0.04898345470428467,-0.009591661085096348,-0.09321263432502747,-0.1134675145149231,-0.023357152630296696,-0.12568938732147217,-0.17089349031448364,-0.03554436161061858,-0.15490952134132385,-0.2070927619934082,-0.048872124095169056,-0.037222474813461304,-0.20218110084533691,-0.038992665399518955,-0.047075092792510986,-0.308316171169281,-0.05617049305578803,-0.049796998500823975,-0.3706734776496887,-0.06422442539474105,-0.04869288206100464,-0.41781800985336304,-0.06820842220326995,0.003099679946899414,-0.19920998811721802,-0.044251717318502415,0.019578248262405396,-0.3194519877433777,-0.05882040752908324,0.03075304627418518,-0.3900755047798157,-0.06409100039741134,0.040788233280181885,-0.44089436531066895,-0.0671152208640251,0.04048401117324829,-0.1820099949836731,-0.04897601871630286,0.06388527154922485,-0.2919778525829315,-0.06412715061446761,0.07779434323310852,-0.35677599906921387,-0.07176339967986678,0.08728086948394775,-0.4060213565826416,-0.07600265337964629,0.07424065470695496,-0.15570861101150513,-0.053091372986045826,0.10597309470176697,-0.23726153373718262,-0.06464024974843596,0.126002699136734,-0.28045690059661865,-0.06621250106832122,0.14165666699409485,-0.31738871335983276,-0.06594312532683944
Five,0.0,0.0,0.0,-0.05365802347660065,-0.047498226165771484,-0.008918069548911944,-0.09437772631645203,-0.11061275005340576,-0.02211695375294198,-0.12625619769096375,-0.16846305131912231,-0.03368134634942521,-0.15484493970870972,-0.2052628993988037,-0.04649389000982751,-0.03918217122554779,-0.20054185390472412,-0.03959221976251115,-0.04914924502372742,-0.30679938197135925,-0.05660375418514718,-0.05173502862453461,-0.3688831329345703,-0.06417499320954789,-0.0505882203578949,-0.41564375162124634,-0.0676416366025876,0.0020636916160583496,-0.19802379608154297,-0.044648366294808284,0.018234610557556152,-0.3185954689979553,-0.058652440331883327,0.029163271188735962,-0.38849037885665894,-0.06298244582862367,0.03897327184677124,-0.4384201765060425,-0.0653201176449727,0.03998005390167236,-0.18140137195587158,-0.04906258942932595,0.06323853135108948,-0.29227229952812195,-0.06374126511067857,0.07602894306182861,-0.3567780554294586,-0.07088603662700166,0.0844329297542572,-0.4061097502708435,-0.07480419265479554,0.07375270128250122,-0.15561598539352417,-0.05275694491714944,0.10492399334907532,-0.23802450299263,-0.06409379678220262,0.12390387058258057,-0.28181999921798706,-0.06559676515311708,0.1386888325214386,-0.3197471797466278,-0.06525129663199891
Five,0.0,0.0,0.0,-0.0529087632894516,-0.04748660326004028,-0.009775494829710851,-0.09292083978652954,-0.10954278707504272,-0.0234241221556033,-0.12488535046577454,-0.16709578037261963,-0.03531079706638707,-0.15369173884391785,-0.20379996299743652,-0.04834054005235089,-0.0377354770898819,-0.1998884081840515,-0.04040281069367779,-0.04851686954498291,-0.30574333667755127,-0.057723853410180936,-0.05164593458175659,-0.3676753640174866,-0.06514396485775364,-0.050906404852867126,-0.41454702615737915,-0.06841554460018529,0.0032071173191070557,-0.19749337434768677,-0.04508809340089215,0.01870352029800415,-0.317581444978714,-0.05956860599010838,0.02907988429069519,-0.38792717456817627,-0.06391995367496861,0.03836333751678467,-0.4379231333732605,-0.06617604163378132,0.040743887424468994,-0.18112295866012573,-0.049215458006557355,0.06364065408706665,-0.2895815074443817,-0.06415531006544484,0.07654625177383423,-0.35463136434555054,-0.07131294128387822,0.08506768941879272,-0.4043489694595337,-0.07509542968958272,0.07413181662559509,-0.1559104323387146,-0.05272993040173901,0.10493022203445435,-0.2381058633327484,-0.06428728219955815,0.12353658676147461,-0.28226518630981445,-0.06592295286148442,0.13787776231765747,-0.3205437660217285,-0.0655703392335738
Five,0.0,0.0,0.0,-0.052606627345085144,-0.04870492219924927,-0.009604757173661937,-0.0928196907043457,-0.11160266399383545,-0.023456998622719993,-0.1248132586479187,-0.1691797971725464,-0.03577621885270332,-0.15380820631980896,-0.20738589763641357,-0.049117064556782,-0.03913983702659607,-0.20219451189041138,-0.039439077011053314,-0.050358206033706665,-0.30863112211227417,-0.05709848784536575,-0.0537538081407547,-0.370988130569458,-0.06510745593041634,-0.05337248742580414,-0.41814565658569336,-0.06882639088362907,0.000661313533782959,-0.20043253898620605,-0.04480160631865715,0.01597246527671814,-0.3212706446647644,-0.059509298286144485,0.026620805263519287,-0.3920886218547821,-0.06414907284707283,0.035800397396087646,-0.44196802377700806,-0.06644856043786262,0.038260817527770996,-0.1844496726989746,-0.04972496115297531,0.06026020646095276,-0.2940080165863037,-0.06462378658980583,0.07326433062553406,-0.3599560260772705,-0.07177601613730644,0.08160924911499023,-0.41008102893829346,-0.07557456799477791,0.07286909222602844,-0.15894347429275513,-0.05415615671009277,0.10377377271652222,-0.24169012904167175,-0.06561928101510262,0.12218460440635681,-0.2860351502895355,-0.06714028724164223,0.13595786690711975,-0.3240931034088135,-0.06668609239787315
Five,0.0,0.0,0.0,-0.05230870842933655,-0.048492431640625,-0.00981329453261992,-0.09294477105140686,-0.11157989501953125,-0.023408277678214517,-0.12476488947868347,-0.16932779550552368,-0.0353801797804465,-0.1541673094034195,-0.2051105499267578,-0.048535830127917734,-0.03999224305152893,-0.20199096202850342,-0.040457024025641886,-0.050911590456962585,-0.3076838552951813,-0.05881024410101077,-0.05436600744724274,-0.3700193166732788,-0.06719161828132769,-0.05383707582950592,-0.4171360731124878,-0.07113167156549594,-2.0176172256469727e-05,-0.19977831840515137,-0.045894848900758234,0.014813989400863647,-0.3202872574329376,-0.061302638399325815,0.025604426860809326,-0.39107266068458557,-0.06609814127060076,0.03543409705162048,-0.4412383437156677,-0.06852551807733676,0.03764086961746216,-0.18355637788772583,-0.05092923973771235,0.059884458780288696,-0.29249224066734314,-0.06646929939361712,0.07313713431358337,-0.35891520977020264,-0.0738676737722983,0.08216151595115662,-0.4102126359939575,-0.07783115913244387,0.07226786017417908,-0.15843117237091064,-0.05548369770022532,0.10255351662635803,-0.24118417501449585,-0.06747880836101672,0.1206461489200592,-0.28612813353538513,-0.06942771633239886,0.13471537828445435,-0.32514020800590515,-0.06934119273992678
Five,0.0,0.0,0.0,-0.05289602279663086,-0.04899036884307861,-0.00945838178117242,-0.0937454104423523,-0.11292475461959839,-0.02283630436826911,-0.1255645453929901,-0.17117130756378174,-0.03465744397212234,-0.15510061383247375,-0.20684021711349487,-0.047585110278618004,-0.04105769097805023,-0.2036125659942627,-0.039357687445175316,-0.052145183086395264,-0.30964404344558716,-0.05726372739840713,-0.05541718006134033,-0.37182748317718506,-0.06559109604526725,-0.05501282215118408,-0.41893208026885986,-0.06966113215852943,-0.0008683204650878906,-0.20081305503845215,-0.04529431751538482,0.014003187417984009,-0.3220027685165405,-0.06008436447550025,0.024263709783554077,-0.3927135467529297,-0.0649680412428495,0.0333227813243866,-0.44339385628700256,-0.06761513567138877,0.03665253520011902,-0.184370219707489,-0.05086859604884353,0.05950427055358887,-0.29412370920181274,-0.06594342655111518,0.07252922654151917,-0.36019620299339294,-0.07339800065923896,0.08119741082191467,-0.41128408908843994,-0.07761308467556205,0.07068616151809692,-0.15912240743637085,-0.055985505791198875,0.10063174366950989,-0.2409292459487915,-0.068037479283106,0.11833927035331726,-0.28586769104003906,-0.0702761477844831,0.13190096616744995,-0.3254408538341522,-0.07048506951500144
Five,0.0,0.0,0.0,-0.05300399661064148,-0.05000501871109009,-0.00922600189889522,-0.09406152367591858,-0.11368048191070557,-0.022802680830608324,-0.12679031491279602,-0.17159521579742432,-0.03491647551501842,-0.15608352422714233,-0.20850634574890137,-0.04807267348016353,-0.04128940403461456,-0.20454323291778564,-0.039020758221994356,-0.05177614092826843,-0.3109418749809265,-0.05741565311993213,-0.054902344942092896,-0.3743450343608856,-0.06610298539246173,-0.054348140954971313,-0.4221125543117523,-0.07028060788954349,-0.0010064244270324707,-0.20242178440093994,-0.044915061543832735,0.014225125312805176,-0.3232518434524536,-0.05995967621649356,0.025156229734420776,-0.39339321851730347,-0.0646425747379169,0.03497433662414551,-0.44323480129241943,-0.0670178570851192,0.03692007064819336,-0.18673723936080933,-0.050483983109842256,0.05957493185997009,-0.2967871427536011,-0.06571028019035907,0.07279631495475769,-0.3621370792388916,-0.07264089221800418,0.08172363042831421,-0.41242218017578125,-0.07633910710657688,0.07140877842903137,-0.16179418563842773,-0.05557794133866878,0.10135146975517273,-0.24439933896064758,-0.0675495156153545,0.11984255909919739,-0.288367360830307,-0.0691804849609241,0.13419172167778015,-0.32637399435043335,-0.06876334930504413
Five,0.0,0.0,0.0,-0.05387672781944275,-0.050115346908569336,-0.009405088308398035,-0.09516897797584534,-0.11275434494018555,-0.023048261809293535,-0.12763330340385437,-0.16989201307296753,-0.035099216434304026,-0.15736597776412964,-0.2064778208732605,-0.04824391815358808,-0.04180680215358734,-0.20237207412719727,-0.03974783110911062,-0.05268338322639465,-0.30817514657974243,-0.05769745695883444,-0.05596810579299927,-0.37101835012435913,-0.0659360929160755,-0.055430248379707336,-0.4189673066139221,-0.06993063229614904,-0.0008449256420135498,-0.20062440633773804,-0.04545396629268339,0.014088481664657593,-0.3209163248538971,-0.06014223832184484,0.024673759937286377,-0.39054474234580994,-0.06449944216305425,0.0343342125415802,-0.44002142548561096,-0.06684195685679128,0.037345707416534424,-0.18484872579574585,-0.0507756328910034,0.06038987636566162,-0.29468095302581787,-0.06600371438557318,0.07303959131240845,-0.3599034547805786,-0.07290672201210668,0.08141222596168518,-0.4104539453983307,-0.07671340990358999,0.07211759686470032,-0.15988105535507202,-0.05555828723603895,0.1026105284690857,-0.2421467900276184,-0.06755271989399603,0.1206759512424469,-0.28660765290260315,-0.06925700295263937,0.13429206609725952,-0.3257121443748474,-0.06906454700524023
Five,0.0,0.0,0.0,-0.05317336320877075,-0.05123472213745117,-0.008992263049947269,-0.09382665157318115,-0.11353641748428345,-0.022561159850226886,-0.1266392171382904,-0.1680814027786255,-0.034585163862573154,-0.15640142560005188,-0.20483601093292236,-0.04796058398591185,-0.0412868857383728,-0.20199739933013916,-0.040176783622371204,-0.0514032244682312,-0.30739569664001465,-0.05837273684250022,-0.05420126020908356,-0.3703495264053345,-0.06704913538800383,-0.05375170707702637,-0.41881588101387024,-0.07148209673272277,-0.0009669661521911621,-0.20009368658065796,-0.04624696534978057,0.014590173959732056,-0.31947392225265503,-0.06104897421704436,0.0258333683013916,-0.389082670211792,-0.0662538157116046,0.03533458709716797,-0.43787702918052673,-0.06938250076876784,0.037056297063827515,-0.18352079391479492,-0.0519037702392211,0.060112982988357544,-0.2924667298793793,-0.06766049277888442,0.07409808039665222,-0.35840463638305664,-0.07632660579787398,0.08352193236351013,-0.40979447960853577,-0.08154838246213103,0.0722913146018982,-0.1571856141090393,-0.05687469703065062,0.10432207584381104,-0.24061009287834167,-0.07012065959082747,0.1236175000667572,-0.2856849133968353,-0.07346751999961043,0.13827577233314514,-0.3255385458469391,-0.074519728244411
Five,0.0,0.0,0.0,-0.05287216603755951,-0.05077093839645386,-0.008519094220702073,-0.09292683005332947,-0.11225920915603638,-0.02198112920612516,-0.12451714277267456,-0.16735166311264038,-0.033971840299074074,-0.15360191464424133,-0.20357680320739746,-0.0472696924278182,-0.03984972834587097,-0.20238769054412842,-0.03888082668871107,-0.04899732768535614,-0.30709904432296753,-0.05583935023039999,-0.05167745053768158,-0.3692435622215271,-0.0634149403938693,-0.050594598054885864,-0.41633254289627075,-0.06702242211193266,0.0010609328746795654,-0.20048105716705322,-0.044853755987588784,0.01667153835296631,-0.31891492009162903,-0.05933278218597593,0.027533143758773804,-0.3887120485305786,-0.0641439797052783,0.03754293918609619,-0.4374817907810211,-0.0667348073491496,0.03930935263633728,-0.18356257677078247,-0.05022556871861639,0.06213697791099548,-0.2921633720397949,-0.06557190582842054,0.07564786076545715,-0.3573954701423645,-0.0733862014183444,0.0849153995513916,-0.4077189862728119,-0.07777955547661008,0.07431888580322266,-0.1564154028892517,-0.05483480707496824,0.10529515147209167,-0.23871809244155884,-0.06721144334167661,0.12441608309745789,-0.28281962871551514,-0.06935010269970121,0.13899829983711243,-0.3211483359336853,-0.0693307386407298
Five,0.0,0.0,0.0,-0.05272230505943298,-0.0485987663269043,-0.011098668457975691,-0.0925082266330719,-0.11135339736938477,-0.02518714732866556,-0.12276986241340637,-0.16650494933128357,-0.03732792801599771,-0.15079884231090546,-0.20336666703224182,-0.050660835126450365,-0.038785114884376526,-0.20209723711013794,-0.03908451787572176,-0.04750601947307587,-0.3053116798400879,-0.05672006450038225,-0.049048274755477905,-0.3670460283756256,-0.0659088879023102,-0.047806769609451294,-0.41403651237487793,-0.07102617017369539,0.0018259286880493164,-0.1994399130344391,-0.044322432497551745,0.017765909433364868,-0.3161981701850891,-0.05905216700773508,0.029762566089630127,-0.38567954301834106,-0.06580913207869798,0.03994324803352356,-0.43522000312805176,-0.07012776426415712,0.03947848081588745,-0.18227264285087585,-0.0494104935918358,0.06252813339233398,-0.2870217561721802,-0.06516093156676561,0.0778302550315857,-0.35259026288986206,-0.07483649394851,0.08951157331466675,-0.4049121141433716,-0.08087305865626604,0.07466033101081848,-0.15516632795333862,-0.05411781884174616,0.10576140880584717,-0.23353132605552673,-0.06821738324504167,0.12548381090164185,-0.2794599235057831,-0.07281732700209886,0.14112365245819092,-0.32097679376602173,-0.07465621970038683
Five,0.0,0.0,0.0,-0.05344720184803009,-0.04857444763183594,-0.010717108426433697,-0.0924709141254425,-0.10916310548782349,-0.024658359167915478,-0.12306153774261475,-0.16390281915664673,-0.03712900499795069,-0.15136460959911346,-0.2016649842262268,-0.050745399249535694,-0.03799286484718323,-0.20323419570922852,-0.0358368135521232,-0.04650801420211792,-0.30425387620925903,-0.05240271012280573,-0.048624083399772644,-0.36421138048171997,-0.0610285937318622,-0.04724004864692688,-0.41029801964759827,-0.06599516565893282,0.002846240997314453,-0.20215830206871033,-0.04163775364850153,0.019050657749176025,-0.3155449628829956,-0.055646305484515324,0.030272215604782104,-0.38375961780548096,-0.062241730792266026,0.04026079177856445,-0.4329274296760559,-0.06670248652790178,0.0404931902885437,-0.18508291244506836,-0.04748637001011957,0.06533569097518921,-0.28842106461524963,-0.06287596519086947,0.07981547713279724,-0.3510599732398987,-0.07240375275705446,0.08996561169624329,-0.40082113444805145,-0.07853045458887209,0.07478326559066772,-0.15740013122558594,-0.052997307432633534,0.1088552474975586,-0.23313221335411072,-0.06654723132942308,0.12889397144317627,-0.2770492732524872,-0.0708501651415645,0.1444588601589203,-0.31666192412376404,-0.07269474263284792
Five,0.0,0.0,0.0,-0.05251184105873108,-0.04952424764633179,-0.010208790150272762,-0.09094473719596863,-0.10979568958282471,-0.024021921639132415,-0.12130437791347504,-0.16480004787445068,-0.03642514902799121,-0.14948219060897827,-0.2020404040813446,-0.049951082055258667,-0.035803332924842834,-0.2048536241054535,-0.03472932237832538,-0.04303175210952759,-0.30499282479286194,-0.05077854353635303,-0.04499775171279907,-0.3641839325428009,-0.05922312099187366,-0.043641120195388794,-0.40993601083755493,-0.06411113772242061,0.005134403705596924,-0.2038886547088623,-0.04036320555655948,0.02186998724937439,-0.31641119718551636,-0.05413083541839114,0.03328496217727661,-0.3840910792350769,-0.06049053925721637,0.043406516313552856,-0.43284499645233154,-0.06469308767168513,0.04258948564529419,-0.18630513548851013,-0.04591999385206691,0.06837207078933716,-0.287555068731308,-0.06092495653479091,0.08369877934455872,-0.34986886382102966,-0.06994521055071345,0.09428834915161133,-0.39901211857795715,-0.07559077623932353,0.0762532651424408,-0.15769100189208984,-0.0510721597418069,0.1099223792552948,-0.23202404379844666,-0.06368731889574519,0.1299322545528412,-0.27496370673179626,-0.06698335144369594,0.14549121260643005,-0.3133388161659241,-0.06810057345478526
Five,0.0,0.0,0.0,-0.05245068669319153,-0.04938650131225586,-0.009431809025613802,-0.08993403613567352,-0.11001360416412354,-0.02254389862230255,-0.11986136436462402,-0.16492938995361328,-0.034352178524045485,-0.1476883739233017,-0.2019578218460083,-0.047291095207242506,-0.03428708016872406,-0.20663851499557495,-0.032898812393455046,-0.04144419729709625,-0.3064696192741394,-0.04831398541739418,-0.04308973252773285,-0.3653060793876648,-0.056427090267447966,-0.041154295206069946,-0.41061972081661224,-0.06109912956765129,0.006873667240142822,-0.20554500818252563,-0.0385344986121936,0.02397093176841736,-0.3178230822086334,-0.05190640206149055,0.035406142473220825,-0.38523975014686584,-0.05827034900596573,0.045605748891830444,-0.4334458112716675,-0.06244057307651474,0.04382702708244324,-0.1875895857810974,-0.04407579342534973,0.0700128972530365,-0.28963300585746765,-0.05883239100387527,0.08594951033592224,-0.3518781065940857,-0.06802105794361069,0.09707653522491455,-0.4007566422224045,-0.07370312402656509,0.07638508081436157,-0.15879356861114502,-0.04914370442440941,0.11080396175384521,-0.23343271017074585,-0.06157423446586563,0.13133367896080017,-0.27604755759239197,-0.0650859985750003,0.14724871516227722,-0.31407076120376587,-0.06633583347013428
Five,0.0,0.0,0.0,-0.052108943462371826,-0.05035674571990967,-0.007612677411970026,-0.08858129382133484,-0.10901519656181335,-0.02054738218882335,-0.11730971932411194,-0.16273275017738342,-0.032716612918164856,-0.14476017653942108,-0.20016905665397644,-0.04606143723228229,-0.03273046016693115,-0.2045779824256897,-0.030974490223314888,-0.0390789657831192,-0.3043816089630127,-0.04608394916155589,-0.040446922183036804,-0.3627372235059738,-0.05396101961829913,-0.039061352610588074,-0.40786105394363403,-0.058439805758979446,0.00825449824333191,-0.20350703597068787,-0.037528924299266464,0.02656826376914978,-0.3160667419433594,-0.0510820258686806,0.03883254528045654,-0.38320106267929077,-0.057876906944301254,0.049095988273620605,-0.431420236825943,-0.06223982165553821,0.04557254910469055,-0.1863810122013092,-0.043855290515210754,0.07041561603546143,-0.28601962327957153,-0.057935155583408005,0.08695492148399353,-0.3484514653682709,-0.06709154288270724,0.09876331686973572,-0.3987584412097931,-0.07281494478681338,0.07950815558433533,-0.15875563025474548,-0.04969282786348117,0.1125495433807373,-0.23474812507629395,-0.06146221945979846,0.13330259919166565,-0.27884534001350403,-0.06493623147704852,0.14969798922538757,-0.31922927498817444,-0.06613345037200702
Five,0.0,0.0,0.0,-0.05297684669494629,-0.04831695556640625,-0.007862614279588342,-0.08978477120399475,-0.10751417279243469,-0.020197883060177446,-0.11843433976173401,-0.1628672182559967,-0.03196062873860228,-0.14571167528629303,-0.20069605112075806,-0.0448828449453913,-0.03442297875881195,-0.20779284834861755,-0.02848318014105189,-0.04080791771411896,-0.3061071038246155,-0.04320387150903571,-0.041980013251304626,-0.3638468533754349,-0.05140704270263541,-0.039561256766319275,-0.40860797464847565,-0.05634643118639815,0.0060672760009765625,-0.20825716853141785,-0.03531596045752394,0.02430775761604309,-0.3194292187690735,-0.04827855136056769,0.03621605038642883,-0.3864382803440094,-0.05525555442829955,0.047109782695770264,-0.4345587193965912,-0.059969339331587435,0.04371616244316101,-0.19136527180671692,-0.042214039524992586,0.06997275352478027,-0.29271456599235535,-0.056635245492657305,0.0851798951625824,-0.35420143604278564,-0.0661942919697367,0.09553530812263489,-0.40200240910053253,-0.07219443078895438,0.0778937041759491,-0.16358396410942078,-0.04868694748540747,0.11278995871543884,-0.23976090550422668,-0.061173036506374956,0.13383698463439941,-0.28362837433815,-0.06514592822452414,0.15026038885116577,-0.32275599241256714,-0.0667145511116587
Five,0.0,0.0,0.0,-0.05212549865245819,-0.0504913330078125,-0.0076115884880039175,-0.08842156827449799,-0.11104032397270203,-0.019819565030417152,-0.11671465635299683,-0.16648194193840027,-0.03148031039782495,-0.14460527896881104,-0.20388534665107727,-0.04425456179924936,-0.03291936218738556,-0.21132540702819824,-0.028526781039914795,-0.03978218138217926,-0.3104073107242584,-0.04362286804862947,-0.040890514850616455,-0.3685767352581024,-0.05186438738056154,-0.03843283653259277,-0.41315481066703796,-0.0567274297649476,0.007235288619995117,-0.21100762486457825,-0.03574213935681314,0.025567352771759033,-0.3233919143676758,-0.04905811874814958,0.037398576736450195,-0.3903808146715164,-0.055824121373376556,0.04787740111351013,-0.438255712389946,-0.06022098838039369,0.044760942459106445,-0.19397324323654175,-0.043088482605895706,0.07169029116630554,-0.29621750116348267,-0.05787028549858064,0.087323397397995,-0.3585834354162216,-0.06729733003922433,0.09764364361763,-0.40689902007579803,-0.07308028443404169,0.07888272404670715,-0.1658857762813568,-0.0500145423287961,0.11374661326408386,-0.2427983582019806,-0.06267298563071222,0.13444778323173523,-0.2869669198989868,-0.06648779465504617,0.1502687633037567,-0.3260594606399536,-0.06788708074637384
Five,0.0,0.0,0.0,-0.05209571123123169,-0.049544334411621094,-0.005776102892866675,-0.08929349482059479,-0.10849344730377197,-0.01687900699283773,-0.11629611253738403,-0.16326388716697693,-0.027764497097393814,-0.14346931874752045,-0.19985294342041016,-0.039933867525121514,-0.034001097083091736,-0.20861178636550903,-0.026640750240346733,-0.041171133518218994,-0.3073650896549225,-0.040853269170781914,-0.041997164487838745,-0.3652298301458359,-0.048374932031890694,-0.039243340492248535,-0.40958525240421295,-0.05274518556501562,0.006831377744674683,-0.2085168957710266,-0.03454031027462179,0.025082021951675415,-0.3211662173271179,-0.04686294845845396,0.03691419959068298,-0.38787516951560974,-0.05283835135008985,0.047352880239486694,-0.4354362189769745,-0.05674373708274061,0.044864267110824585,-0.1916351318359375,-0.04250323377158338,0.07132291793823242,-0.2933708429336548,-0.056385554145833794,0.08622997999191284,-0.3561761826276779,-0.06524801231529409,0.09574630856513977,-0.404942125082016,-0.0707552132716387,0.07926833629608154,-0.16362833976745605,-0.04994853190686399,0.11325445771217346,-0.23987042903900146,-0.061750951926967446,0.13295692205429077,-0.2846584618091583,-0.06512805796768362,0.14771395921707153,-0.32474616169929504,-0.06637965119983846
Five,0.0,0.0,0.0,-0.05132569372653961,-0.04967033863067627,-0.00553590919489011,-0.09014353156089783,-0.1103353500366211,-0.016924827114138452,-0.11790111660957336,-0.16541755199432373,-0.028278452098760454,-0.14536666870117188,-0.2011687457561493,-0.04084651240745529,-0.03300662338733673,-0.20761775970458984,-0.02852943235674843,-0.04093685746192932,-0.3076096475124359,-0.044207629502210466,-0.04216897487640381,-0.36652661859989166,-0.05264207789340958,-0.04032750427722931,-0.4118082821369171,-0.05748240718284592,0.006440579891204834,-0.2070142924785614,-0.03697625988760933,0.024365931749343872,-0.3207666277885437,-0.05027938330212578,0.0363830029964447,-0.3888680785894394,-0.05646634542981133,0.04657745361328125,-0.43773992359638214,-0.06039934301415428,0.04391893744468689,-0.19136038422584534,-0.045431849301252214,0.07111990451812744,-0.2902448773384094,-0.05929619514981255,0.08763304352760315,-0.353545606136322,-0.06787631729284271,0.09822729229927063,-0.4024769365787506,-0.07316632637420639,0.07851490378379822,-0.1652693748474121,-0.053501323551330415,0.11287352442741394,-0.24014496803283691,-0.06496760317722305,0.13272303342819214,-0.2850891351699829,-0.06806014546791062,0.14760702848434448,-0.3248767852783203,-0.06910787591377243
Five,0.0,0.0,0.0,-0.051627159118652344,-0.04908353090286255,-0.006066100883657555,-0.08989803493022919,-0.110107421875,-0.017651711336696962,-0.11798711121082306,-0.16618499159812927,-0.028904217041457514,-0.14500072598457336,-0.2032422423362732,-0.04130041108223281,-0.03437680006027222,-0.20934084057807922,-0.029312395236814837,-0.04151099920272827,-0.30970415472984314,-0.04452467591258369,-0.04261869192123413,-0.368745893239975,-0.05258260176273666,-0.04073616862297058,-0.4140092730522156,-0.05712736279460273,0.005559086799621582,-0.20874884724617004,-0.03713852793666206,0.02394166588783264,-0.32296106219291687,-0.04993615925999961,0.03588145971298218,-0.3907192051410675,-0.055723110891307215,0.04584178328514099,-0.43908652663230896,-0.05938075364323936,0.04337295889854431,-0.1927330195903778,-0.04486375183554969,0.07119813561439514,-0.2939147353172302,-0.05831658349129043,0.08763360977172852,-0.3570363372564316,-0.06645363078209243,0.09823665022850037,-0.405106320977211,-0.07140220210644088,0.07795208692550659,-0.16659170389175415,-0.052171735770428995,0.11224526166915894,-0.2437657117843628,-0.06336666152569137,0.13275334239006042,-0.2886544466018677,-0.06602033481689773,0.1483992040157318,-0.32746243476867676,-0.06661506996246658
Five,0.0,0.0,0.0,-0.05137847363948822,-0.048780620098114014,-0.005715274995310438,-0.09035924077033997,-0.10783335566520691,-0.01761940428812636,-0.1193438470363617,-0.16341638565063477,-0.029195077063633335,-0.14622019231319427,-0.2013378143310547,-0.041942970173550975,-0.03476886451244354,-0.2073366641998291,-0.030302674787236583,-0.042308658361434937,-0.3081737756729126,-0.04623493673105372,-0.043704912066459656,-0.3672492653131485,-0.0544023153354658,-0.04204607009887695,-0.4126485139131546,-0.05882393317122592,0.0051596760749816895,-0.20713043212890625,-0.03808309631247653,0.02336481213569641,-0.3221367597579956,-0.05145498113532199,0.0348629355430603,-0.38999177515506744,-0.056932208405925167,0.044130533933639526,-0.43824349343776703,-0.06014620261092318,0.04314646124839783,-0.19123977422714233,-0.04565614955325259,0.07038149237632751,-0.29144179821014404,-0.059271362887812984,0.086965411901474,-0.35500185191631317,-0.06678718449373378,0.09753555059432983,-0.4035613387823105,-0.07115522147913111,0.07769423723220825,-0.1645107865333557,-0.05275071533222331,0.11115461587905884,-0.24078455567359924,-0.06365896882314814,0.1310393214225769,-0.28514161705970764,-0.06560337664384974,0.14609843492507935,-0.3235588073730469,-0.065588214712335
Five,0.0,0.0,0.0,-0.050817593932151794,-0.047554075717926025,-0.0058797796300495975,-0.0901099145412445,-0.10524427890777588,-0.01815101067040814,-0.11952614784240723,-0.1603165566921234,-0.03022221597348107,-0.14643806219100952,-0.19774553179740906,-0.04345076652680291,-0.03472927212715149,-0.20531803369522095,-0.02971422234986676,-0.0426514595746994,-0.3058168590068817,-0.045701907300099265,-0.04430729150772095,-0.3647591471672058,-0.05430690320645226,-0.042862534523010254,-0.4100428968667984,-0.05908532562170876,0.0049231648445129395,-0.20577922463417053,-0.03764534490619553,0.022726327180862427,-0.3201245665550232,-0.05038983123813523,0.033940911293029785,-0.38749510049819946,-0.055790071659430396,0.042949795722961426,-0.43501684069633484,-0.059185614161833655,0.04272192716598511,-0.19064638018608093,-0.04550885903154267,0.07022532820701599,-0.2908458113670349,-0.05855400609289063,0.08644238114356995,-0.35425998270511627,-0.06592821451340569,0.09651404619216919,-0.40228940546512604,-0.07048878195200814,0.07737171649932861,-0.16468402743339539,-0.052994882040366065,0.11185663938522339,-0.24002036452293396,-0.06346479179774178,0.13210096955299377,-0.28400781750679016,-0.06525627645169152,0.14705446362495422,-0.32186248898506165,-0.06532624485407723
Five,0.0,0.0,0.0,-0.052701205015182495,-0.045884132385253906,-0.008187753527465702,-0.09245617687702179,-0.10363888740539551,-0.02094546277731979,-0.12176737189292908,-0.15907368063926697,-0.03298874330431545,-0.14954788982868195,-0.19540280103683472,-0.04613867533117855,-0.035914599895477295,-0.203815758228302,-0.031462946354452015,-0.04565855860710144,-0.30369478464126587,-0.04724342507034862,-0.0478585809469223,-0.36237287521362305,-0.055890133052173496,-0.04635109007358551,-0.4075058549642563,-0.0608303448250922,0.004477053880691528,-0.20469659566879272,-0.03803760689407909,0.019597381353378296,-0.3180224299430847,-0.05087111276299083,0.03036820888519287,-0.38500039279460907,-0.056844612031284214,0.040101468563079834,-0.432781919836998,-0.06083700191885555,0.042087405920028687,-0.189690500497818,-0.04461646956116283,0.06723594665527344,-0.2903404235839844,-0.058254936157766224,0.08309727907180786,-0.35321034491062164,-0.06658106800824726,0.09359759092330933,-0.40067850053310394,-0.07185819503575885,0.07586687803268433,-0.16443723440170288,-0.05091602486282909,0.10882923007011414,-0.23879671096801758,-0.06218735259682262,0.12905898690223694,-0.2814798951148987,-0.0647976374319228,0.14445817470550537,-0.3177839517593384,-0.06550527867585743
Five,0.0,0.0,0.0,-0.05275750160217285,-0.04644721746444702,-0.008748316437390713,-0.0928773283958435,-0.10553273558616638,-0.021972068816808132,-0.12242890894412994,-0.16121625900268555,-0.034560899481562046,-0.14991122484207153,-0.1976207196712494,-0.04818708379605141,-0.03657573461532593,-0.207526296377182,-0.031141217098024754,-0.04637725651264191,-0.30708980560302734,-0.047047536120203404,-0.048579275608062744,-0.3656469136476517,-0.05623109196164933,-0.04704231023788452,-0.41047778725624084,-0.061713314846542744,0.003841578960418701,-0.2088610827922821,-0.038216184124735264,0.018687278032302856,-0.3213741183280945,-0.050799983784941105,0.02948707342147827,-0.38740548491477966,-0.05717219342329827,0.039627641439437866,-0.433845117688179,-0.06168673862555352,0.04188278317451477,-0.19425427913665771,-0.045532263115433125,0.06657081842422485,-0.297366201877594,-0.059539295033005146,0.08192166686058044,-0.35863353312015533,-0.06851125066020813,0.09271347522735596,-0.40419189631938934,-0.07440798287132111,0.07671517133712769,-0.16931980848312378,-0.052656400248793034,0.11068695783615112,-0.24567511677742004,-0.06514691118934479,0.13216632604599,-0.2896696925163269,-0.06900239293315735,0.1492735743522644,-0.32723942399024963,-0.07059519295432892
Five,0.0,0.0,0.0,-0.05445781350135803,-0.04829674959182739,-0.009672829142971295,-0.09539465606212616,-0.10784414410591125,-0.023199144012494344,-0.1254630982875824,-0.16329169273376465,-0.03575640284196879,-0.15348556637763977,-0.19884881377220154,-0.04929443561212565,-0.038245171308517456,-0.20743396878242493,-0.03267818056718852,-0.04902660846710205,-0.306970477104187,-0.0494176048852637,-0.05130726099014282,-0.36636295914649963,-0.05910999440328624,-0.04951635003089905,-0.41200515627861023,-0.06495804452077891,0.0036146044731140137,-0.20863264799118042,-0.03940636777059581,0.016260236501693726,-0.3208216428756714,-0.052650296322269696,0.026869982481002808,-0.3871810585260391,-0.059457120678587216,0.0373816192150116,-0.434952050447464,-0.06436439715997722,0.04183441400527954,-0.19368532299995422,-0.0463784422792628,0.06434032320976257,-0.2955620288848877,-0.061169621727628964,0.07883480191230774,-0.35763412714004517,-0.07017002367155101,0.08897009491920471,-0.4046320617198944,-0.07596638911144282,0.0761176347732544,-0.16874155402183533,-0.05317475386635806,0.10740476846694946,-0.24488511681556702,-0.06634680294172313,0.12736299633979797,-0.29049259424209595,-0.07025565319435145,0.14310792088508606,-0.33023542165756226,-0.07180634253398921
Five,0.0,0.0,0.0,-0.058277010917663574,-0.04563373327255249,-0.009987801794864026,-0.09998655319213867,-0.10456949472427368,-0.02464595205799469,-0.13125771284103394,-0.16055968403816223,-0.03809422582105526,-0.15978091955184937,-0.19656378030776978,-0.052742145505703775,-0.03926539421081543,-0.20148280262947083,-0.03780459940151104,-0.05036476254463196,-0.3031879663467407,-0.055195543465174524,-0.05327907204627991,-0.36215081810951233,-0.06521788194493183,-0.0531749427318573,-0.4092103838920593,-0.07103320911244282,0.005159527063369751,-0.20242631435394287,-0.043744448122538415,0.020228087902069092,-0.3163580298423767,-0.05671980187014469,0.030835360288619995,-0.38374605774879456,-0.0630436907680405,0.040473997592926025,-0.4332971125841141,-0.06786903693989643,0.04381614923477173,-0.18700957298278809,-0.04932358815983662,0.06718546152114868,-0.2874099910259247,-0.06176532759980091,0.08219325542449951,-0.3473944216966629,-0.06860690518931278,0.0931348204612732,-0.3916637748479843,-0.0733128632576836,0.0760718286037445,-0.1626112461090088,-0.05484429329351315,0.10674512386322021,-0.24010205268859863,-0.06507076278046497,0.12645000219345093,-0.28512299060821533,-0.06649140968636402,0.1422722041606903,-0.32334885001182556,-0.06651508763150105
Five,0.0,0.0,0.0,-0.06028640270233154,-0.046608030796051025,-0.01288093685622016,-0.10301578044891357,-0.10533618927001953,-0.028411580840895567,-0.1341218650341034,-0.16134896874427795,-0.04242238647753993,-0.16176874935626984,-0.19792044162750244,-0.057379382322380934,-0.038989096879959106,-0.20351791381835938,-0.03654361389095584,-0.05098205804824829,-0.30414459109306335,-0.05420503638202945,-0.05379649996757507,-0.36414794623851776,-0.06538012496645251,-0.05286148190498352,-0.41141800582408905,-0.07214362792188922,0.005651205778121948,-0.20501840114593506,-0.041548217306683455,0.019100040197372437,-0.3167502284049988,-0.05369067064935962,0.028543055057525635,-0.38367459177970886,-0.060656505296776686,0.03839963674545288,-0.433071568608284,-0.06621438882763186,0.04450291395187378,-0.190349280834198,-0.04674922547752658,0.06773924827575684,-0.2905312776565552,-0.05850120134169856,0.08120587468147278,-0.3504335433244705,-0.06563727430517474,0.09126144647598267,-0.3953549563884735,-0.07103513799125949,0.07682624459266663,-0.16616308689117432,-0.052330224434683714,0.10653764009475708,-0.23850852251052856,-0.061860500494788084,0.12517225742340088,-0.2805790305137634,-0.06302785746271411,0.14035356044769287,-0.3165944218635559,-0.06314919761831561
Five,0.0,0.0,0.0,-0.06081950664520264,-0.04698145389556885,-0.013060318165543094,-0.1032172441482544,-0.10611006617546082,-0.028762766950848118,-0.1354280263185501,-0.1633264124393463,-0.04281548024070503,-0.16360647976398468,-0.20124676823616028,-0.05770483971488716,-0.039070725440979004,-0.20372754335403442,-0.036453999438407436,-0.05023854970932007,-0.30497580766677856,-0.05402053506028892,-0.05317261815071106,-0.36507582664489746,-0.0648012718642974,-0.05199858546257019,-0.41229481995105743,-0.07123646498573066,0.00575864315032959,-0.20501917600631714,-0.04078307733786346,0.0202520489692688,-0.3166752755641937,-0.052712093898179546,0.029980212450027466,-0.38272175192832947,-0.05880808443677665,0.03984028100967407,-0.43146081268787384,-0.06369606018913032,0.04462185502052307,-0.18991771340370178,-0.045351762184026256,0.06846237182617188,-0.2894360423088074,-0.05695717767727615,0.08223867416381836,-0.3477134704589844,-0.0632046869481826,0.09240424633026123,-0.39178697764873505,-0.0677987894500518,0.07701525092124939,-0.1656254231929779,-0.05030123875391723,0.10738188028335571,-0.23930898308753967,-0.059878468372943416,0.1258067488670349,-0.28181764483451843,-0.060922801354053036,0.14085620641708374,-0.31894761323928833,-0.06081184358251335
Five,0.0,0.0,0.0,-0.060340315103530884,-0.04788661003112793,-0.01393538244488468,-0.10311803221702576,-0.10818910598754883,-0.030118636753883266,-0.1354864537715912,-0.16569620370864868,-0.044415177744355105,-0.16395308077335358,-0.20493647456169128,-0.05944657508703699,-0.03868517279624939,-0.20636239647865295,-0.03845108110877504,-0.04989778995513916,-0.30789169669151306,-0.05652541105123987,-0.053000032901763916,-0.3677816540002823,-0.06712233458134165,-0.05184727907180786,-0.4147340953350067,-0.07326512966724863,0.00573498010635376,-0.20629635453224182,-0.0425286683854722,0.02026534080505371,-0.3188400864601135,-0.056051408838953876,0.03074982762336731,-0.38467590510845184,-0.0625416580257081,0.04151606559753418,-0.43265070021152496,-0.0674293357548379,0.0445956289768219,-0.19071504473686218,-0.04685928110453119,0.06910103559494019,-0.2913552522659302,-0.06031818498345842,0.0837433934211731,-0.34983423352241516,-0.06723065112205973,0.0947192907333374,-0.39371341466903687,-0.07168613557192316,0.07757025957107544,-0.16675728559494019,-0.05149198133918276,0.10834294557571411,-0.24470198154449463,-0.06240842674347391,0.1276608407497406,-0.2879437506198883,-0.06403106633993616,0.14345699548721313,-0.3249601125717163,-0.06403034363361826
Five,0.0,0.0,0.0,-0.06006458401679993,-0.04799318313598633,-0.012232493885676377,-0.10276678204536438,-0.10738244652748108,-0.028337663316051476,-0.1355450451374054,-0.16528120636940002,-0.042672761061112396,-0.16373829543590546,-0.20529228448867798,-0.05781526146165561,-0.03795468807220459,-0.20470625162124634,-0.03941984874836635,-0.04889330267906189,-0.3083764612674713,-0.057140205331961624,-0.0522596538066864,-0.3683694750070572,-0.06660468904010486,-0.051091939210891724,-0.4152328819036484,-0.07184979347221088,0.005863845348358154,-0.20434916019439697,-0.04384155971638393,0.020920902490615845,-0.3197806477546692,-0.05753634152642917,0.03162944316864014,-0.38615885376930237,-0.0629868137621088,0.04280531406402588,-0.432930052280426,-0.06695010540715884,0.04434719681739807,-0.18801453709602356,-0.048178039767662995,0.06888628005981445,-0.2907986640930176,-0.06147773591510486,0.08421126008033752,-0.349931076169014,-0.06771165905229282,0.09611731767654419,-0.3940636068582535,-0.07171260593167972,0.07716375589370728,-0.1628275215625763,-0.052547622748534195,0.10803771018981934,-0.24277964234352112,-0.06375537840358447,0.12774121761322021,-0.2863977551460266,-0.06537885991565417,0.14412090182304382,-0.3241104483604431,-0.06528040049306583
Five,0.0,0.0,0.0,-0.06099480390548706,-0.047583818435668945,-0.012195196045979628,-0.10373592376708984,-0.10725149512290955,-0.028200593820258746,-0.135864719748497,-0.16748031973838806,-0.04241980709736026,-0.1641201674938202,-0.2079823613166809,-0.057371427348300585,-0.03766879439353943,-0.20623347163200378,-0.03852309011523403,-0.04872548580169678,-0.30971425771713257,-0.056557287505313525,-0.051697373390197754,-0.37167148292064667,-0.06639673658315814,-0.050110310316085815,-0.41919809579849243,-0.07174820550386585,0.006638526916503906,-0.20573264360427856,-0.04291015960876621,0.021651417016983032,-0.3224881887435913,-0.05666992910806812,0.03258267045021057,-0.3903365135192871,-0.06204337351624645,0.044183045625686646,-0.4369218200445175,-0.06561272688810504,0.04579797387123108,-0.1891138255596161,-0.047242184212848315,0.06870928406715393,-0.2927657961845398,-0.06004116781656421,0.08367440104484558,-0.35352396965026855,-0.06561392643158115,0.09589460492134094,-0.3976636230945587,-0.06895142146055377,0.0790073573589325,-0.16279307007789612,-0.051744979849502215,0.10721492767333984,-0.24230065941810608,-0.06245140828792728,0.12664887309074402,-0.285616934299469,-0.06341131874029315,0.1435432732105255,-0.3217124938964844,-0.06255348869268573
Five,0.0,0.0,0.0,-0.06086060404777527,-0.04787325859069824,-0.013857494606298815,-0.10358971357345581,-0.10628330707550049,-0.03008395483217896,-0.1353074163198471,-0.16594800353050232,-0.04418932323775948,-0.16400699317455292,-0.2062785029411316,-0.05901860868058861,-0.03780406713485718,-0.20428580045700073,-0.039545387527567755,-0.047908902168273926,-0.30864816904067993,-0.05777964790783585,-0.05104383826255798,-0.3705550879240036,-0.06756288608036698,-0.0496993362903595,-0.41838717460632324,-0.07300143738709153,0.006083041429519653,-0.2031366527080536,-0.04336145942531289,0.021839797496795654,-0.3193931579589844,-0.05793020551524819,0.03272920846939087,-0.3875906318426132,-0.06436013480148972,0.04366558790206909,-0.43565620481967926,-0.06857873549185456,0.044344037771224976,-0.18620172142982483,-0.04727549900732697,0.06790024042129517,-0.2883983552455902,-0.06156665881596268,0.08342555165290833,-0.3507692217826843,-0.0689688404413289,0.0956496000289917,-0.39825858175754547,-0.07339952935896576,0.07673576474189758,-0.15952250361442566,-0.05134329994641007,0.10625237226486206,-0.2363864779472351,-0.06356829454622925,0.12542027235031128,-0.2793721556663513,-0.06588161786518754,0.14165467023849487,-0.316476047039032,-0.0659674411030835
Five,0.0,0.0,0.0,-0.060626089572906494,-0.0479588508605957,-0.014484552105585635,-0.10304075479507446,-0.10789746046066284,-0.03114012852094561,-0.13492554426193237,-0.16712945699691772,-0.045619812233070434,-0.16336245834827423,-0.20753735303878784,-0.06086698956571013,-0.037300556898117065,-0.20658299326896667,-0.04052285514555365,-0.04795888066291809,-0.3092910051345825,-0.058980577064374984,-0.05070909857749939,-0.37070906162261963,-0.06907516382418066,-0.04945647716522217,-0.41830264031887054,-0.0749339502283135,0.006145864725112915,-0.20454013347625732,-0.0449102375634709,0.02162906527519226,-0.32049036026000977,-0.05947717688761145,0.03302639722824097,-0.38785380125045776,-0.06605241857252508,0.04396668076515198,-0.43577761948108673,-0.07053661756000906,0.044364720582962036,-0.18687957525253296,-0.04953698850951582,0.0674220621585846,-0.2900651693344116,-0.06457380614958197,0.08334487676620483,-0.35278916358947754,-0.07270554862699896,0.09580942988395691,-0.40087415277957916,-0.07775421105108649,0.07721602916717529,-0.1596965491771698,-0.05433932728848845,0.10683578252792358,-0.2386041283607483,-0.06761449984989554,0.12715396285057068,-0.2819331884384155,-0.07057293914041907,0.14430293440818787,-0.318966805934906,-0.0711720552273789
Five,0.0,0.0,0.0,-0.061134904623031616,-0.047989845275878906,-0.013511080676977372,-0.10362023115158081,-0.1094595193862915,-0.028945753732983803,-0.1354197859764099,-0.16948118805885315,-0.042301915968124604,-0.164150208234787,-0.2098293900489807,-0.05636503585643027,-0.038523465394973755,-0.20896375179290771,-0.037278935695354676,-0.04959401488304138,-0.31203320622444153,-0.05476659574574683,-0.05215257406234741,-0.3739907741546631,-0.06454151907033179,-0.05054718255996704,-0.42149077355861664,-0.07018476762837622,0.004929989576339722,-0.20743614435195923,-0.04155785628623221,0.020399749279022217,-0.32373470067977905,-0.05508990624016974,0.03213033080101013,-0.3916936218738556,-0.061225258196060395,0.04342621564865112,-0.43968023359775543,-0.06520865150756094,0.04334002733230591,-0.18961653113365173,-0.046136785680715775,0.06541687250137329,-0.2934735119342804,-0.06049357765382979,0.08108597993850708,-0.357066810131073,-0.06858833172387335,0.09353235363960266,-0.40581628680229187,-0.07349081375664923,0.07657930254936218,-0.16174685955047607,-0.05080073737568114,0.10644271969795227,-0.24028828740119934,-0.0632972795612261,0.12625166773796082,-0.2833625078201294,-0.06592182853287909,0.1429257094860077,-0.32018882036209106,-0.06624826827115271
Five,0.0,0.0,0.0,-0.06108275055885315,-0.048415541648864746,-0.014596733361599945,-0.10416725277900696,-0.11060494184494019,-0.031092699714122318,-0.13578692078590393,-0.17056363821029663,-0.04527641097467949,-0.16464081406593323,-0.2109348177909851,-0.060053911157069706,-0.039305269718170166,-0.20824965834617615,-0.03995163375896027,-0.04980480670928955,-0.312272846698761,-0.05862526605289986,-0.052365511655807495,-0.3752785921096802,-0.06915815184277108,-0.05079615116119385,-0.4229914993047714,-0.07518225172918847,0.003830522298812866,-0.20611262321472168,-0.0442477577404361,0.019326835870742798,-0.3241296708583832,-0.058815989740310215,0.030986279249191284,-0.39347052574157715,-0.06530398885172417,0.04291999340057373,-0.44238919019699097,-0.06944309184711983,0.04231071472167969,-0.18828609585762024,-0.04880708465736916,0.06543588638305664,-0.2959458529949188,-0.06352236131590416,0.08202949166297913,-0.360731840133667,-0.07119921604555657,0.09596145153045654,-0.4098346531391144,-0.07584108421963265,0.07552933692932129,-0.15999871492385864,-0.053571060396848225,0.10452595353126526,-0.23897835612297058,-0.0662354380862098,0.123665452003479,-0.2828124165534973,-0.06836368898314049,0.14009809494018555,-0.319637268781662,-0.06824979940813591
Five,0.0,0.0,0.0,-0.06108576059341431,-0.04917556047439575,-0.013898318059972325,-0.10379967093467712,-0.11171585321426392,-0.030296267368129293,-0.13534630835056305,-0.17198702692985535,-0.04448952095978598,-0.16399624943733215,-0.21189239621162415,-0.0594779508041654,-0.03909587860107422,-0.20721182227134705,-0.041170741789272824,-0.04920437932014465,-0.3131118416786194,-0.06035907509200911,-0.051899462938308716,-0.37735503911972046,-0.07095266448729376,-0.05060717463493347,-0.4251457154750824,-0.07690660970681051,0.003849893808364868,-0.20497208833694458,-0.0457704806553636,0.019279927015304565,-0.32524651288986206,-0.060760363362959424,0.030393928289413452,-0.3954840898513794,-0.06731809245817999,0.041454851627349854,-0.4438236802816391,-0.07144600468151907,0.04240894317626953,-0.18749269843101501,-0.05045262666814665,0.06524118781089783,-0.2966459095478058,-0.06535324769490103,0.0808877944946289,-0.36141955852508545,-0.07321872132294516,0.09396561980247498,-0.4089534282684326,-0.07795962261431555,0.07600992918014526,-0.1594868302345276,-0.05524490716331343,0.1064622700214386,-0.23776790499687195,-0.06856368052237372,0.12646159529685974,-0.28275245428085327,-0.07145446109049658,0.14369645714759827,-0.31980592012405396,-0.07173543738596777
Five,0.0,0.0,0.0,-0.06133216619491577,-0.051599740982055664,-0.013988246096573675,-0.10311919450759888,-0.11515915393829346,-0.031131573839388693,-0.1344110071659088,-0.17541301250457764,-0.04613925039609512,-0.1636887639760971,-0.215023010969162,-0.06206339865764221,-0.03887772560119629,-0.21016451716423035,-0.043378732053838576,-0.048816978931427,-0.3158884346485138,-0.06417759030898651,-0.051410675048828125,-0.379692018032074,-0.07577123015960296,-0.049969643354415894,-0.4279298782348633,-0.08239895373424133,0.004301130771636963,-0.2067924439907074,-0.04889782786210617,0.019750088453292847,-0.3277672529220581,-0.06636867195209106,0.03027862310409546,-0.39946073293685913,-0.07455968379815658,0.040115296840667725,-0.45047442615032196,-0.07972233265479645,0.04293382167816162,-0.18866848945617676,-0.054419024734102095,0.06664776802062988,-0.2972046732902527,-0.07184234529574951,0.08179807662963867,-0.3630511164665222,-0.081159661410652,0.0934508740901947,-0.4123711884021759,-0.08659033000310501,0.07680073380470276,-0.16030335426330566,-0.05991735204895576,0.10826176404953003,-0.23957329988479614,-0.0751833048446997,0.12837737798690796,-0.28575578331947327,-0.07921635627587875,0.14519256353378296,-0.3249329924583435,-0.08023080497821411
Five,0.0,0.0,0.0,-0.05999988317489624,-0.053036510944366455,-0.012576318933241737,-0.10186892747879028,-0.11657088994979858,-0.02955020277815379,-0.13396291434764862,-0.17591339349746704,-0.04452505952733077,-0.1632632464170456,-0.21516311168670654,-0.060553840017490757,-0.03847363591194153,-0.2080155611038208,-0.04525199777501143,-0.049581050872802734,-0.3163783848285675,-0.06684941298382796,-0.05298641324043274,-0.38140642642974854,-0.07799349225180663,-0.05181947350502014,-0.43086159229278564,-0.08412482089417495,0.004262059926986694,-0.20480528473854065,-0.05139609298723258,0.020159214735031128,-0.3281782865524292,-0.07028274483101882,0.03117966651916504,-0.4014800488948822,-0.07835913694518126,0.04085743427276611,-0.4550466388463974,-0.08314118779318846,0.04313206672668457,-0.1873009204864502,-0.05724116659777678,0.06748101115226746,-0.2970716655254364,-0.07562706864493407,0.08367699384689331,-0.3665989935398102,-0.08490522450821913,0.09550046920776367,-0.42051219940185547,-0.09007096535580672,0.0774340033531189,-0.15918922424316406,-0.06282224006073989,0.10949519276618958,-0.24088835716247559,-0.07814800239222564,0.1297937035560608,-0.28786152601242065,-0.08166066802161254,0.14599847793579102,-0.328357458114624,-0.08232018596547164
Five,0.0,0.0,0.0,-0.06005662679672241,-0.05678999423980713,-0.016629533660506013,-0.10158804059028625,-0.11991739273071289,-0.03559968416104198,-0.13479189574718475,-0.1796867847442627,-0.05215462092766643,-0.16693344712257385,-0.21958965063095093,-0.06946284864554286,-0.04026797413825989,-0.20954710245132446,-0.04754372481713176,-0.049827903509140015,-0.31924688816070557,-0.06949008796820522,-0.05228167772293091,-0.3841553330421448,-0.08104375545391918,-0.05203106999397278,-0.4353417754173279,-0.08748646621117473,0.002747446298599243,-0.20563650131225586,-0.05209237505206943,0.017586499452590942,-0.3265955448150635,-0.07171866093287349,0.02928522229194641,-0.4001173675060272,-0.08081436697850108,0.03953489661216736,-0.45475277304649353,-0.08638202939638973,0.0414770245552063,-0.18802905082702637,-0.05665057693133235,0.06450545787811279,-0.29522863030433655,-0.07540964130768657,0.0802176296710968,-0.36520564556121826,-0.084957679551934,0.09128129482269287,-0.42017662525177,-0.09019553456911922,0.07586702704429626,-0.1618882417678833,-0.06139758769879222,0.10561805963516235,-0.24460315704345703,-0.07576110754618526,0.12391451001167297,-0.2933977246284485,-0.07894821260580898,0.13857337832450867,-0.3356509804725647,-0.07956098560700298
Five,0.0,0.0,0.0,-0.06008538603782654,-0.051428020000457764,-0.016313319510942392,-0.10327234864234924,-0.11528557538986206,-0.034618993706232004,-0.13774722814559937,-0.1744321584701538,-0.05017415941429704,-0.168574258685112,-0.21462386846542358,-0.06656129047942727,-0.03789407014846802,-0.20278304815292358,-0.04852607981038659,-0.052768170833587646,-0.3127109408378601,-0.0700022070176658,-0.05782267451286316,-0.377119779586792,-0.08043539658856957,-0.057720303535461426,-0.42710429430007935,-0.08583466843438714,0.004817336797714233,-0.19940584897994995,-0.052775328464036875,0.01841914653778076,-0.32387465238571167,-0.07179127023292153,0.0276566743850708,-0.3969625234603882,-0.0791523768074569,0.036625951528549194,-0.45087698101997375,-0.08319071815085977,0.04285237193107605,-0.18195563554763794,-0.05689590931606858,0.06558844447135925,-0.2943403124809265,-0.07447648183179467,0.07896235585212708,-0.3631649613380432,-0.08201865241599648,0.08867183327674866,-0.4174398183822632,-0.08586656436992257,0.07553654909133911,-0.15494823455810547,-0.06113265217018693,0.10401913523674011,-0.2384014129638672,-0.07449780539346307,0.12126681208610535,-0.2860413193702698,-0.07609246805978387,0.13512066006660461,-0.32690075039863586,-0.07548341289830773
Five,0.0,0.0,0.0,-0.05944862961769104,-0.051693856716156006,-0.015398026346559845,-0.10338765382766724,-0.1147010326385498,-0.03419704725533279,-0.1383378505706787,-0.17335975170135498,-0.0503742470362738,-0.16929177939891815,-0.21373242139816284,-0.06731583168297561,-0.038426607847213745,-0.202187180519104,-0.04946370413094314,-0.053476542234420776,-0.3125970959663391,-0.07168912132769378,-0.05837473273277283,-0.3774075508117676,-0.08256226023226532,-0.0578058660030365,-0.4277809262275696,-0.08818907280951294,0.0046883225440979,-0.19949430227279663,-0.05434843515544685,0.01923629641532898,-0.32404136657714844,-0.07423217584877762,0.029351472854614258,-0.3974987864494324,-0.08200778802424225,0.03942680358886719,-0.4519670903682709,-0.08615764220743927,0.04257631301879883,-0.18280279636383057,-0.05888533209949287,0.06681212782859802,-0.29439643025398254,-0.0772871076086119,0.08063891530036926,-0.36385250091552734,-0.08517583449869903,0.09094035625457764,-0.4179415702819824,-0.0890383272388533,0.0750589668750763,-0.1563144326210022,-0.06337798377066406,0.10492262244224548,-0.23805326223373413,-0.07710294415741714,0.12243771553039551,-0.2861746549606323,-0.07884772112160476,0.1363639533519745,-0.3277367949485779,-0.07822336246758255
Five,0.0,0.0,0.0,-0.058616966009140015,-0.054035067558288574,-0.015379804897349914,-0.10270699858665466,-0.11901479959487915,-0.034314905072790225,-0.13729111850261688,-0.1769171953201294,-0.05027147453580483,-0.16813868284225464,-0.21626466512680054,-0.06692854386125191,-0.036843180656433105,-0.20336323976516724,-0.05335621979389771,-0.05128517746925354,-0.3151363134384155,-0.07665705006871804,-0.055460184812545776,-0.3811052143573761,-0.08705382120166405,-0.05428633093833923,-0.4317534565925598,-0.09184248816524132,0.005763202905654907,-0.1985377073287964,-0.05771739106927498,0.021806180477142334,-0.3261643350124359,-0.08014555346522911,0.033022403717041016,-0.4011783003807068,-0.08781271498952492,0.04402926564216614,-0.4553871750831604,-0.09103365313563927,0.043601781129837036,-0.18081223964691162,-0.06133334037218674,0.06772491335868835,-0.2952565550804138,-0.08120034706149681,0.08170834183692932,-0.3654608428478241,-0.08845789801631554,0.09241220355033875,-0.41899776458740234,-0.09103798937354668,0.07628989219665527,-0.1535031795501709,-0.06473799865995034,0.10622259974479675,-0.23975658416748047,-0.07859792631421669,0.12416383624076843,-0.288553923368454,-0.07956223260913475,0.13851556181907654,-0.3294905126094818,-0.07792451303754433
Five,0.0,0.0,0.0,-0.058721959590911865,-0.05245620012283325,-0.015994179725680624,-0.10219636559486389,-0.11683833599090576,-0.034900685504112516,-0.136839359998703,-0.17558032274246216,-0.05086027245226887,-0.16757860779762268,-0.21564960479736328,-0.06777259866896657,-0.037693798542022705,-0.20412617921829224,-0.051966434076462065,-0.051522135734558105,-0.31445223093032837,-0.07405184368792561,-0.05498263239860535,-0.3788646459579468,-0.08439850966635731,-0.05285331606864929,-0.4288618862628937,-0.08953657160702733,0.005623936653137207,-0.2007051706314087,-0.055827950790558134,0.02120402455329895,-0.32622677087783813,-0.07548230300847081,0.03279769420623779,-0.3983652889728546,-0.08190671513978032,0.044392138719558716,-0.4507867693901062,-0.08512985865775136,0.043940722942352295,-0.18290972709655762,-0.059244321391020094,0.06919887661933899,-0.29812392592430115,-0.0772554815858939,0.08365640044212341,-0.36677417159080505,-0.08412399302426365,0.09430965781211853,-0.4203280210494995,-0.0873921827525237,0.07720577716827393,-0.15505486726760864,-0.06257098327580479,0.10800042748451233,-0.24123740196228027,-0.07566507320109395,0.12607890367507935,-0.2884753346443176,-0.0767269895524123,0.14021775126457214,-0.32944387197494507,-0.07578981827202824
Five,0.0,0.0,0.0,-0.059068143367767334,-0.05246800184249878,-0.013701144328706505,-0.1020747721195221,-0.11562782526016235,-0.031060185937576534,-0.1361829936504364,-0.17350369691848755,-0.04591587996333146,-0.16709034144878387,-0.2120794653892517,-0.06194127788990045,-0.03728863596916199,-0.2018100619316101,-0.0476257509574225,-0.05000749230384827,-0.3102980852127075,-0.06832540100663209,-0.052965760231018066,-0.3740934133529663,-0.07821019804327989,-0.05012786388397217,-0.4235663414001465,-0.08318983828871751,0.006794780492782593,-0.19897955656051636,-0.05196565082519555,0.022830545902252197,-0.3238154649734497,-0.0695082924351027,0.03482219576835632,-0.39530423283576965,-0.07526807552426362,0.046931326389312744,-0.4471627175807953,-0.07831120556443238,0.045400768518447876,-0.18138617277145386,-0.05578173762410188,0.0699065625667572,-0.2953917980194092,-0.07208634233325029,0.08491760492324829,-0.3635876178741455,-0.07859386569111848,0.0959821343421936,-0.41704022884368896,-0.08196283197253251,0.0782504677772522,-0.15329408645629883,-0.05934579363315606,0.10848337411880493,-0.2373029589653015,-0.07117487555592561,0.12641239166259766,-0.2833244204521179,-0.07163710957615876,0.14029145240783691,-0.3234390914440155,-0.07049055462925935
Five,0.0,0.0,0.0,-0.058778464794158936,-0.05206209421157837,-0.013537911383849632,-0.10144053399562836,-0.1142888069152832,-0.031282884685737145,-0.1346309334039688,-0.1724979281425476,-0.046429967193347466,-0.1649223119020462,-0.21169590950012207,-0.06270280262683059,-0.03617987036705017,-0.19829046726226807,-0.04973349130008842,-0.049130767583847046,-0.3084004521369934,-0.07057383438800002,-0.05178338289260864,-0.37280675768852234,-0.08007617077086593,-0.04880988597869873,-0.422507643699646,-0.08466371676180984,0.008378267288208008,-0.1958501935005188,-0.05400741627667571,0.02278655767440796,-0.32119810581207275,-0.07197654029582168,0.03398394584655762,-0.3934633731842041,-0.07791007837508346,0.04545968770980835,-0.4457281231880188,-0.08110601982329513,0.04696199297904968,-0.1788758635520935,-0.05744069969509269,0.07119417190551758,-0.2930394411087036,-0.07441397538636352,0.08631548285484314,-0.36126893758773804,-0.08122654786561156,0.09739753603935242,-0.4137684404850006,-0.08469932308648254,0.07940274477005005,-0.1518537402153015,-0.06044929256890441,0.11012506484985352,-0.2351149320602417,-0.07259861907218124,0.12863069772720337,-0.28045156598091125,-0.07312101653073455,0.14286881685256958,-0.31928199529647827,-0.07193670949195052
Five,0.0,0.0,0.0,-0.05800482630729675,-0.052119433879852295,-0.010869051380296924,-0.10034161806106567,-0.115398108959198,-0.027335019832690932,-0.13339653611183167,-0.17320746183395386,-0.041626373356422164,-0.16359955072402954,-0.2120647430419922,-0.057095730727752425,-0.0370219349861145,-0.19800132513046265,-0.046843154406388976,-0.04802998900413513,-0.30784010887145996,-0.06699360353334782,-0.05015191435813904,-0.3724396824836731,-0.07651699525698064,-0.04740229249000549,-0.42223042249679565,-0.08123286259754536,0.007711499929428101,-0.1951773762702942,-0.05215458018167851,0.022859930992126465,-0.32014697790145874,-0.0691233445463979,0.03325861692428589,-0.39199674129486084,-0.07483259779795048,0.042989522218704224,-0.4449193775653839,-0.07793095899208424,0.046802818775177,-0.17834556102752686,-0.056361010348638274,0.07132214307785034,-0.29341959953308105,-0.07232802552564976,0.08646586537361145,-0.36109858751296997,-0.07826453638656972,0.09688913822174072,-0.4134875535964966,-0.08116922718866704,0.07942378520965576,-0.15151220560073853,-0.059947280263742186,0.10969528555870056,-0.23572754859924316,-0.07109202635868428,0.1278354823589325,-0.2807583808898926,-0.07055990589245198,0.1414823830127716,-0.31931114196777344,-0.06859427881821034
Five,0.0,0.0,0.0,-0.057484328746795654,-0.05070209503173828,-0.011677046722013529,-0.09872820973396301,-0.11262071132659912,-0.028041108926970537,-0.13147270679473877,-0.17001020908355713,-0.04225708306415754,-0.16150490939617157,-0.20812761783599854,-0.057759353375274713,-0.03633877635002136,-0.19401788711547852,-0.04594535142763334,-0.04650503396987915,-0.30455610156059265,-0.06558487699015814,-0.04858717322349548,-0.369235098361969,-0.07476198062880712,-0.0459727942943573,-0.41865378618240356,-0.07933927462084966,0.008099555969238281,-0.19184792041778564,-0.050910045808393534,0.023118525743484497,-0.3165448307991028,-0.06700362399800497,0.032957762479782104,-0.38878464698791504,-0.0728176473139115,0.042191892862319946,-0.4413382112979889,-0.0762249319313355,0.04673323035240173,-0.17467725276947021,-0.055019618427593286,0.0712546706199646,-0.28812888264656067,-0.07075096801503378,0.08594408631324768,-0.3549782633781433,-0.07752221957429128,0.0960845947265625,-0.40670815110206604,-0.08123305574639517,0.0788048803806305,-0.14751982688903809,-0.058581819242078836,0.10964301228523254,-0.22926348447799683,-0.07057741419060903,0.1279589831829071,-0.27386441826820374,-0.07136821136458593,0.1420179009437561,-0.31269505620002747,-0.07038455591185766
Five,0.0,0.0,0.0,-0.0555691123008728,-0.04694873094558716,-0.011574761623279528,-0.0976148247718811,-0.11030030250549316,-0.02713269335939117,-0.12971410155296326,-0.16860270500183105,-0.040412041971222834,-0.1598702371120453,-0.20467060804367065,-0.0549619790704412,-0.03881964087486267,-0.19222062826156616,-0.04625435886694618,-0.049325644969940186,-0.30269989371299744,-0.06422325936867423,-0.050987303256988525,-0.3678438663482666,-0.07161737946583457,-0.04967072606086731,-0.4167362451553345,-0.07526463238312431,0.004951030015945435,-0.1896909475326538,-0.05167526347352691,0.02319544553756714,-0.3146430552005768,-0.06799001959873863,0.03435438871383667,-0.3841613829135895,-0.07389532742811866,0.04371154308319092,-0.4351121485233307,-0.07716539470268913,0.043492138385772705,-0.17281806468963623,-0.05612478000833221,0.06971654295921326,-0.28519517183303833,-0.07306452808691688,0.08596405386924744,-0.3514798879623413,-0.0810678449065847,0.09736365079879761,-0.4024014472961426,-0.08534773407293983,0.07668325304985046,-0.14611446857452393,-0.0598796714635057,0.10853123664855957,-0.228873610496521,-0.07331301240040489,0.1285855770111084,-0.27385765314102173,-0.07523987410380073,0.1440066695213318,-0.31307104229927063,-0.07501050052954383
Five,0.0,0.0,0.0,-0.055270418524742126,-0.04727745056152344,-0.01110363593906527,-0.09702736139297485,-0.1102251410484314,-0.02554119872510796,-0.12917666137218475,-0.16824102401733398,-0.037524982640746884,-0.15964484214782715,-0.204382061958313,-0.0507049107050932,-0.03799760341644287,-0.19538849592208862,-0.045400112221244626,-0.04853126406669617,-0.3035926818847656,-0.06284489045501118,-0.051272034645080566,-0.3685908317565918,-0.06991836736560231,-0.05057084560394287,-0.4173453748226166,-0.07328473339438801,0.0051028430461883545,-0.19215166568756104,-0.05023609409690266,0.021264761686325073,-0.312874972820282,-0.06604475835919743,0.030199021100997925,-0.38347625732421875,-0.07182299653649693,0.03733024001121521,-0.43578124046325684,-0.07506995956063633,0.04292657971382141,-0.17541015148162842,-0.05405108566046124,0.06560361385345459,-0.28611448407173157,-0.07128475914359456,0.0783480703830719,-0.35346686840057373,-0.07981949607491856,0.08625373244285583,-0.4061698913574219,-0.08439619402051335,0.07494154572486877,-0.14969760179519653,-0.057020216534141355,0.1067376434803009,-0.2310267686843872,-0.0710131482279337,0.12608635425567627,-0.27522656321525574,-0.07378416071296101,0.1404530107975006,-0.3140462040901184,-0.07407784769893055
Five,0.0,0.0,0.0,-0.05492691695690155,-0.04562270641326904,-0.011257373376452051,-0.09667544066905975,-0.10734468698501587,-0.025844819492363058,-0.12839730083942413,-0.16475409269332886,-0.03795847820367726,-0.15818709135055542,-0.20038312673568726,-0.05118966253724011,-0.03833065927028656,-0.19325870275497437,-0.04591189103450688,-0.050542086362838745,-0.302314817905426,-0.06307218747463139,-0.054281920194625854,-0.3660990595817566,-0.06976989435281666,-0.054678112268447876,-0.4139561057090759,-0.07270444708194646,0.004275113344192505,-0.19101393222808838,-0.05009456129994305,0.019857466220855713,-0.3128231465816498,-0.06557244586076649,0.029083192348480225,-0.38419172167778015,-0.0711278520735732,0.03704521059989929,-0.43637216091156006,-0.07415266858663472,0.0417214035987854,-0.175043523311615,-0.05313460679974469,0.06346076726913452,-0.2846745550632477,-0.06935240106906804,0.0764433741569519,-0.3515063524246216,-0.07777324842538746,0.08562523126602173,-0.4029114842414856,-0.08231735008087071,0.07374310493469238,-0.1501981019973755,-0.055382521471642576,0.10431385040283203,-0.22999149560928345,-0.06818631815042409,0.1233130693435669,-0.27388936281204224,-0.07063076423730763,0.1381305456161499,-0.3119162917137146,-0.07075249927368077
Five,0.0,0.0,0.0,-0.05370226502418518,-0.04656285047531128,-0.011565488349788211,-0.09416650235652924,-0.1089889407157898,-0.026175275031619094,-0.12574198842048645,-0.1652892827987671,-0.038817641843252204,-0.1562274545431137,-0.2002415657043457,-0.052669426012926124,-0.03845714032649994,-0.19531148672103882,-0.04273973922818186,-0.05189979076385498,-0.3021503686904907,-0.06113915290325167,-0.056654155254364014,-0.36560380458831787,-0.06994705792158129,-0.05757080018520355,-0.413999080657959,-0.07456152286022188,0.0028166472911834717,-0.19361907243728638,-0.04794562380402567,0.01723453402519226,-0.31349247694015503,-0.06364212330072405,0.026949405670166016,-0.38475218415260315,-0.07028263952224734,0.03563162684440613,-0.43775105476379395,-0.07429083581655505,0.039854198694229126,-0.17727035284042358,-0.0526021472701359,0.06101447343826294,-0.2850603461265564,-0.06910399492471697,0.07443884015083313,-0.3517577052116394,-0.0779930218645859,0.08408883213996887,-0.4038149118423462,-0.0830998733231354,0.07254812121391296,-0.15136569738388062,-0.056765315640859626,0.10279121994972229,-0.23039144277572632,-0.06992748524635317,0.12153294682502747,-0.2747700810432434,-0.0725846230575371,0.1362045705318451,-0.3137926459312439,-0.0730622425267029
Five,0.0,0.0,0.0,-0.05405804514884949,-0.046199679374694824,-0.010574216330525132,-0.09448446333408356,-0.10754406452178955,-0.025321442941304895,-0.12654617428779602,-0.1635335087776184,-0.038254551896926614,-0.157634437084198,-0.19853007793426514,-0.05245787681090519,-0.0407230406999588,-0.19356650114059448,-0.04332464219081089,-0.055112436413764954,-0.3005293607711792,-0.06181974739777729,-0.060101598501205444,-0.36359459161758423,-0.0701909738873212,-0.06130281090736389,-0.4119231700897217,-0.07432937652814076,-7.328391075134277e-05,-0.192194402217865,-0.04881281436431095,0.013450860977172852,-0.31325167417526245,-0.06574247808205769,0.0225064754486084,-0.38508445024490356,-0.07275559038865254,0.030703186988830566,-0.43842440843582153,-0.07678485692488835,0.03675788640975952,-0.17711281776428223,-0.05345948071229145,0.058061420917510986,-0.2851681113243103,-0.0710207823013036,0.07154786586761475,-0.3531578779220581,-0.0805841463898389,0.08127626776695251,-0.4060673713684082,-0.08579576046216175,0.06975230574607849,-0.15356820821762085,-0.057340752640840265,0.09953802824020386,-0.23469507694244385,-0.07074046165692494,0.11867421865463257,-0.2797130346298218,-0.07362392575490162,0.13355901837348938,-0.3192090392112732,-0.07418245107876942
Five,0.0,0.0,0.0,-0.054166048765182495,-0.04827463626861572,-0.009859354725847425,-0.09484638273715973,-0.11142581701278687,-0.024423194608459653,-0.1279028058052063,-0.1675271987915039,-0.03745025724805373,-0.15923668444156647,-0.2013843059539795,-0.05182709500826377,-0.04183322191238403,-0.19624513387680054,-0.04296037883199233,-0.056549787521362305,-0.30322349071502686,-0.06200564608610648,-0.06208060681819916,-0.3667859435081482,-0.07076133743561286,-0.06421887874603271,-0.4154292643070221,-0.07510513023174781,-0.002171158790588379,-0.193933367729187,-0.0490632350806095,0.010399281978607178,-0.31386226415634155,-0.0667586024168827,0.0179004967212677,-0.38652682304382324,-0.07392857179678458,0.02429679036140442,-0.4401344954967499,-0.07795034304893989,0.03491273522377014,-0.178860604763031,-0.0543631310824253,0.054636240005493164,-0.2874875068664551,-0.07247621521986503,0.06648167967796326,-0.3558533191680908,-0.08197430477179068,0.07457539439201355,-0.40855786204338074,-0.08693689063824195,0.06881675124168396,-0.1557457447052002,-0.058908927744994344,0.09872826933860779,-0.23952442407608032,-0.07272522107399482,0.11714115738868713,-0.28610557317733765,-0.0758186648849346,0.13146111369132996,-0.3263583779335022,-0.0764232124451496
Five,0.0,0.0,0.0,-0.054670050740242004,-0.04515284299850464,-0.010247066645007408,-0.09574471414089203,-0.10423356294631958,-0.025382338119726455,-0.1280914694070816,-0.16014230251312256,-0.03883089873014001,-0.15805742144584656,-0.19671356678009033,-0.05369250851688889,-0.044362008571624756,-0.19126510620117188,-0.044877525446992195,-0.05883970856666565,-0.29832035303115845,-0.06423154476104287,-0.064923495054245,-0.3606235682964325,-0.07256603243766335,-0.06731511652469635,-0.40847814083099365,-0.0764130577724984,-0.00424647331237793,-0.1900826096534729,-0.05049408602533845,0.008424580097198486,-0.311459481716156,-0.06832755359826592,0.015968769788742065,-0.3839198350906372,-0.07502264532266167,0.02236989140510559,-0.43655097484588623,-0.07871203872380761,0.0335119366645813,-0.17573052644729614,-0.05523093420086411,0.05443638563156128,-0.28496429324150085,-0.0730975568574479,0.06606799364089966,-0.352105975151062,-0.0821167156380227,0.07376176118850708,-0.4039760231971741,-0.08682712170300988,0.06800973415374756,-0.15258294343948364,-0.05919925871310738,0.0983075499534607,-0.23686069250106812,-0.07289920750079659,0.11667448282241821,-0.28311389684677124,-0.07592252644715813,0.13079100847244263,-0.3234422504901886,-0.07644872370181588
Five,0.0,0.0,0.0,-0.05524452030658722,-0.045025765895843506,-0.01062018811398957,-0.09622114896774292,-0.10404646396636963,-0.02531892355227683,-0.12914517521858215,-0.15893030166625977,-0.038374836702587345,-0.1600189208984375,-0.1938556432723999,-0.05278330962801192,-0.04602856934070587,-0.19198721647262573,-0.04180299039626334,-0.06095151603221893,-0.2977489233016968,-0.060081436444761493,-0.06764660775661469,-0.35911303758621216,-0.0683892361416838,-0.07026167213916779,-0.40607038140296936,-0.07245729785108779,-0.005421385169029236,-0.19208264350891113,-0.047121244628669956,0.005489736795425415,-0.3116772770881653,-0.06342143486881469,0.012210667133331299,-0.3830781877040863,-0.07002840857649062,0.01812419295310974,-0.4346531927585602,-0.07388977627897475,0.03241810202598572,-0.17838215827941895,-0.05181848924303267,0.05225092172622681,-0.2868727743625641,-0.0686013839736006,0.0635337233543396,-0.3526493310928345,-0.07748400341415618,0.07095998525619507,-0.4037300646305084,-0.08242048989677642,0.06705689430236816,-0.15545231103897095,-0.0558864689960501,0.0967508852481842,-0.2376399040222168,-0.06933788876676772,0.11470451951026917,-0.2833796739578247,-0.07242474626445983,0.12812045216560364,-0.3237829804420471,-0.0730872518911383
Five,0.0,0.0,0.0,-0.05515529215335846,-0.04562973976135254,-0.011896511685165478,-0.09618231654167175,-0.10639476776123047,-0.026949863094898774,-0.12936420738697052,-0.1623026728630066,-0.040316851023646905,-0.16098827123641968,-0.19839179515838623,-0.05512335631630094,-0.04757487773895264,-0.19703328609466553,-0.04223926845571668,-0.060676127672195435,-0.3016969561576843,-0.06104219067475469,-0.0666196346282959,-0.36341211199760437,-0.07018077481171758,-0.0687551200389862,-0.41177859902381897,-0.07512904811284216,-0.007317349314689636,-0.19614386558532715,-0.04814878958842428,0.0036650002002716064,-0.31452417373657227,-0.0651763390340534,0.011144191026687622,-0.3859362006187439,-0.07266324866196783,0.017976880073547363,-0.43852153420448303,-0.07733202833316,0.03089010715484619,-0.1809612512588501,-0.053757594112369134,0.05168336629867554,-0.2882993519306183,-0.07151985276124151,0.06363794207572937,-0.3557485044002533,-0.08173079151293905,0.07147550582885742,-0.4089489281177521,-0.08771359283110769,0.06652286648750305,-0.15710192918777466,-0.058871903602096154,0.0957583487033844,-0.2418839931488037,-0.07306450713059576,0.11348095536231995,-0.28899529576301575,-0.07707197326800497,0.127068430185318,-0.3305399417877197,-0.07861505556485326
Five,0.0,0.0,0.0,-0.054750725626945496,-0.04817885160446167,-0.006310167253786858,-0.09642061591148376,-0.10918110609054565,-0.019203792788857754,-0.1302388608455658,-0.16329503059387207,-0.03077980084049159,-0.16063766181468964,-0.19960743188858032,-0.04398193908559733,-0.04783226549625397,-0.19618040323257446,-0.04182709706651622,-0.060401588678359985,-0.3039677143096924,-0.06019657058345729,-0.06587180495262146,-0.36663320660591125,-0.06789968860971385,-0.0678691416978836,-0.4145430326461792,-0.07122771395074778,-0.007656574249267578,-0.19518184661865234,-0.048651292451495465,0.004349499940872192,-0.31827670335769653,-0.06483890069353038,0.012395352125167847,-0.39049115777015686,-0.07002818537580424,0.019323229789733887,-0.4414687156677246,-0.07270266068803721,0.031103402376174927,-0.18103832006454468,-0.05434557003604823,0.05220648646354675,-0.2925047278404236,-0.07064551068174296,0.06444981694221497,-0.3599800169467926,-0.07889676047193461,0.07268202304840088,-0.4123881161212921,-0.08336733234750682,0.06694787740707397,-0.1579890251159668,-0.05885805515276843,0.09544935822486877,-0.2452271580696106,-0.07155422074424678,0.1130186915397644,-0.2912710905075073,-0.07396817160474711,0.12649545073509216,-0.3316522538661957,-0.0741261164628213
Five,0.0,0.0,0.0,-0.05369555950164795,-0.049430906772613525,-0.00711026171273943,-0.09432126581668854,-0.11042016744613647,-0.020130587630490027,-0.12717673182487488,-0.16455292701721191,-0.03176644619605895,-0.15769940614700317,-0.19990038871765137,-0.045100944005469046,-0.045163825154304504,-0.1972772479057312,-0.04182520683906432,-0.05789634585380554,-0.3047187328338623,-0.06037206750414725,-0.06280654668807983,-0.36806583404541016,-0.06841374736330863,-0.06388552486896515,-0.41645926237106323,-0.07213029813073035,-0.004938274621963501,-0.1954658031463623,-0.048657258861283026,0.007073342800140381,-0.31727707386016846,-0.06463912677071448,0.015269875526428223,-0.38916653394699097,-0.07024108421109077,0.022865206003189087,-0.44023481011390686,-0.07351185184023734,0.03317907452583313,-0.18057876825332642,-0.05456813227436896,0.054361701011657715,-0.29104477167129517,-0.07110941957733985,0.0663706362247467,-0.3589394688606262,-0.08001497935555335,0.07476112246513367,-0.4118678569793701,-0.08523040067456122,0.06827157735824585,-0.15714305639266968,-0.05941653799317237,0.09726172685623169,-0.24176844954490662,-0.07311332773468848,0.11505171656608582,-0.2886623740196228,-0.07665677171252128,0.12866297364234924,-0.3307405114173889,-0.07776465814612266
Five,0.0,0.0,0.0,-0.053840383887290955,-0.048529088497161865,-0.005099476331537289,-0.09461665153503418,-0.10948514938354492,-0.016724453324144406,-0.12738239765167236,-0.1639130711555481,-0.02720723023421101,-0.15729831159114838,-0.20009613037109375,-0.03921534215814404,-0.04452422261238098,-0.19864612817764282,-0.03816612159616284,-0.056395575404167175,-0.3050445318222046,-0.054859926009243054,-0.061379194259643555,-0.3671455979347229,-0.06178483089215092,-0.06261944770812988,-0.41457778215408325,-0.06486992260224156,-0.0044023096561431885,-0.19739842414855957,-0.045115855538909955,0.008559077978134155,-0.31960076093673706,-0.05979313423640065,0.017375916242599487,-0.3915952146053314,-0.06460526307827763,0.025281131267547607,-0.4419676661491394,-0.06721497794396214,0.034035950899124146,-0.1822524070739746,-0.05097651948935322,0.05638700723648071,-0.29247888922691345,-0.06629729738241963,0.06863659620285034,-0.35891449451446533,-0.07443338354832463,0.07697698473930359,-0.4108399748802185,-0.07901581099039845,0.06981176137924194,-0.15786033868789673,-0.05562571530944638,0.1009308397769928,-0.24218839406967163,-0.06814258267885975,0.1190936267375946,-0.2885938882827759,-0.07100977470881276,0.13273879885673523,-0.3303149938583374,-0.07157251706129841
Five,0.0,0.0,0.0,-0.05390197038650513,-0.049304187297821045,-0.009424742263888675,-0.09471043944358826,-0.11117959022521973,-0.023426908952330905,-0.12717702984809875,-0.16686129570007324,-0.03551311786208089,-0.15687879920005798,-0.20481711626052856,-0.048929091495608645,-0.0438406765460968,-0.2009297013282776,-0.0416916943613046,-0.05531127750873566,-0.306893914937973,-0.060235757333373385,-0.05865822732448578,-0.3705669045448303,-0.06899823988709386,-0.0590524822473526,-0.41947707533836365,-0.07346989954743322,-0.003697216510772705,-0.19946709275245667,-0.047147806686496097,0.009553015232086182,-0.3198257386684418,-0.06345087285075124,0.02131667733192444,-0.391369104385376,-0.06976413722071584,0.031528472900390625,-0.44273218512535095,-0.07329488540921147,0.03506478667259216,-0.18367528915405273,-0.05197347695860799,0.05565175414085388,-0.2913084030151367,-0.06860510255131658,0.07021695375442505,-0.3598468601703644,-0.07785255457196172,0.08118602633476257,-0.41461846232414246,-0.08316406602892812,0.07190433144569397,-0.15808087587356567,-0.056067179841136294,0.10160356760025024,-0.24059921503067017,-0.07034076000485356,0.12085527181625366,-0.28829023241996765,-0.0745043977621549,0.13593828678131104,-0.3314412832260132,-0.07577490801844533
Five,0.0,0.0,0.0,-0.05296178162097931,-0.04973500967025757,-0.008818873591451393,-0.09282082319259644,-0.1114165186882019,-0.022108226470379577,-0.12510278820991516,-0.16478538513183594,-0.034084198452262626,-0.15378952026367188,-0.2022378146648407,-0.04742052165391897,-0.04166589677333832,-0.20415270328521729,-0.037078620321779,-0.05228225886821747,-0.3076973259449005,-0.054175352133540855,-0.056142657995224,-0.3693573474884033,-0.06261002776744817,-0.05664414167404175,-0.4162614047527313,-0.06722932813289617,-0.0014884471893310547,-0.2031330168247223,-0.043900252707032905,0.012594819068908691,-0.32153335213661194,-0.059017063505677925,0.022915750741958618,-0.39256763458251953,-0.06577054170492147,0.03191328048706055,-0.44357672333717346,-0.06993791220310186,0.03702235221862793,-0.18709728121757507,-0.05039975551488851,0.05942949652671814,-0.2958742380142212,-0.06675339249494527,0.0735447108745575,-0.3624376058578491,-0.07648055014732336,0.08359235525131226,-0.41556626558303833,-0.0823729908240125,0.07341533899307251,-0.16070276498794556,-0.0562274320197389,0.10514795780181885,-0.2430240511894226,-0.07050876823785757,0.1250254213809967,-0.2896521985530853,-0.07476018128517126,0.140485942363739,-0.3313558101654053,-0.07626881954791997
Five,0.0,0.0,0.0,-0.05332840979099274,-0.04863882064819336,-0.009405701499133556,-0.09354394674301147,-0.11037290096282959,-0.022413379590659588,-0.12491536140441895,-0.16523975133895874,-0.034047923128753155,-0.1538834571838379,-0.20206287503242493,-0.046950659792571514,-0.04097646474838257,-0.20676997303962708,-0.03541136075153872,-0.0514550507068634,-0.30898672342300415,-0.05145603705540225,-0.05523303151130676,-0.3696606755256653,-0.05957101945176646,-0.055717676877975464,-0.41647379100322723,-0.06426172990694567,7.665157318115234e-05,-0.20701059699058533,-0.04161477376118228,0.013953536748886108,-0.3230934143066406,-0.055994278829246014,0.024217069149017334,-0.3931107819080353,-0.06248248655691668,0.03300866484642029,-0.443385511636734,-0.0666006236185126,0.03885090351104736,-0.19092315435409546,-0.04763431016698405,0.06104248762130737,-0.29681333899497986,-0.0634461819042258,0.07486727833747864,-0.3615596890449524,-0.0731098159064345,0.08438259363174438,-0.4131990075111389,-0.07901001263752505,0.07501766085624695,-0.1637442409992218,-0.05311842177405879,0.1069762110710144,-0.244319349527359,-0.06676635433331057,0.1262696087360382,-0.2897530496120453,-0.0709517924894385,0.14117217063903809,-0.33026015758514404,-0.0725764958967261
Five,0.0,0.0,0.0,-0.053093671798706055,-0.04794812202453613,-0.00978734002151782,-0.09351912140846252,-0.10897976160049438,-0.02351171274372632,-0.12540677189826965,-0.16441616415977478,-0.03584859084972436,-0.15482157468795776,-0.2015514075756073,-0.04947800871619279,-0.04054930806159973,-0.20752570033073425,-0.0360325680364042,-0.05065576732158661,-0.31009799242019653,-0.052355564503756113,-0.05442279577255249,-0.37051254510879517,-0.06067214098462159,-0.05474431812763214,-0.4172378182411194,-0.06546189573296601,0.00024512410163879395,-0.20736166834831238,-0.04216945853718812,0.014381468296051025,-0.32352566719055176,-0.05665264588483865,0.024584561586380005,-0.39326924085617065,-0.06312428352126176,0.03370237350463867,-0.44336503744125366,-0.06722958323248918,0.03838843107223511,-0.19031766057014465,-0.048115532218304224,0.061698973178863525,-0.2965860366821289,-0.0638701834965616,0.0764043927192688,-0.3614131212234497,-0.07325369056948716,0.0865693986415863,-0.41262300312519073,-0.07898101892956788,0.0734207034111023,-0.16197234392166138,-0.05355955970176751,0.10551553964614868,-0.24143248796463013,-0.06683757093438203,0.12505590915679932,-0.28647664189338684,-0.0704992630768686,0.1404464840888977,-0.3263283967971802,-0.07177343156823213
Five,0.0,0.0,0.0,-0.053779348731040955,-0.04688715934753418,-0.009907388378252335,-0.09432777762413025,-0.10828298330307007,-0.023000939067770787,-0.12613189220428467,-0.165427565574646,-0.03465641501205141,-0.15590466558933258,-0.20254483819007874,-0.047443589445521184,-0.0420604944229126,-0.2100287675857544,-0.034312820311953374,-0.05233579874038696,-0.3128916025161743,-0.05039064424889261,-0.05581650137901306,-0.37359291315078735,-0.05881992566244776,-0.05531105399131775,-0.4206652194261551,-0.06372647198693926,-0.0009090006351470947,-0.21096134185791016,-0.039941517886092015,0.013353288173675537,-0.3265320062637329,-0.053929513570238896,0.02365410327911377,-0.3961106091737747,-0.06028665068404848,0.033106833696365356,-0.4463293254375458,-0.06433298650043184,0.037455201148986816,-0.19453799724578857,-0.04547247874396021,0.06128126382827759,-0.2991216480731964,-0.06059166627781565,0.07608997821807861,-0.36401158571243286,-0.06965504797952349,0.08618414402008057,-0.41470766067504883,-0.07524541231649096,0.07205978035926819,-0.1666608452796936,-0.05059949892418558,0.10409855842590332,-0.24290987849235535,-0.06318018796699221,0.1230013370513916,-0.28687819838523865,-0.0665986484553116,0.13759788870811462,-0.32580894231796265,-0.06778071286933596
Five,0.0,0.0,0.0,-0.05402088165283203,-0.04604572057723999,-0.009687470647889995,-0.09512680768966675,-0.10697978734970093,-0.022418866309720897,-0.12633702158927917,-0.16450044512748718,-0.03368509784658613,-0.15562452375888824,-0.20104309916496277,-0.0460997656019515,-0.041985705494880676,-0.20852655172348022,-0.036017818752128505,-0.05249206721782684,-0.31131091713905334,-0.052815786007244014,-0.05605766177177429,-0.37179693579673767,-0.061056645962793255,-0.055723488330841064,-0.4188430458307266,-0.0656486995549983,-0.000781327486038208,-0.20879405736923218,-0.041719256344634914,0.014139831066131592,-0.32542943954467773,-0.05738551393469038,0.023778825998306274,-0.39577925205230713,-0.06418477222641172,0.0321594774723053,-0.44687914848327637,-0.06827359125335875,0.03753846883773804,-0.19285213947296143,-0.04719327614029112,0.06209567189216614,-0.29646405577659607,-0.06382826194484892,0.07628089189529419,-0.3623804450035095,-0.07353592142780485,0.08551919460296631,-0.4138866811990738,-0.07913155332525434,0.07213547825813293,-0.1662255823612213,-0.052146697792608165,0.10600864887237549,-0.2440362572669983,-0.06596124396045866,0.12555798888206482,-0.2897016406059265,-0.07020401433427992,0.14030900597572327,-0.3302183747291565,-0.07174448892791929
Five,0.0,0.0,0.0,-0.05310864746570587,-0.04571497440338135,-0.008840693680156164,-0.09415140748023987,-0.10534203052520752,-0.021487013956118517,-0.12564167380332947,-0.16217824816703796,-0.03288127068202584,-0.15426863729953766,-0.19954553246498108,-0.045253432875085764,-0.04126831889152527,-0.20667240023612976,-0.033973503445793085,-0.05186222493648529,-0.3102007508277893,-0.05027816403429597,-0.05515177547931671,-0.37068885564804077,-0.05817713547270387,-0.05454672873020172,-0.4169537425041199,-0.0623363997391948,0.00019603967666625977,-0.20782211422920227,-0.03974277484934419,0.01559564471244812,-0.3257831335067749,-0.05353242117683976,0.02573871612548828,-0.3957846611738205,-0.058985929524112635,0.0343797504901886,-0.4459603428840637,-0.06208405602495759,0.03899604082107544,-0.1925428807735443,-0.045328419243503504,0.06310352683067322,-0.2962725758552551,-0.05956056300323098,0.07749146223068237,-0.36157581210136414,-0.06745300773303597,0.0865168571472168,-0.41201387345790863,-0.07204054627339929,0.07393723726272583,-0.16548994183540344,-0.05050505283992379,0.10561749339103699,-0.24141407012939453,-0.06184805143396943,0.12385523319244385,-0.2855184078216553,-0.06407039943854898,0.13699322938919067,-0.32408756017684937,-0.06424558494012444
Five,0.0,0.0,0.0,-0.052988603711128235,-0.045375704765319824,-0.00812779312298062,-0.09458129107952118,-0.10571998357772827,-0.02044792325511935,-0.1251268982887268,-0.16348350048065186,-0.031562555965933825,-0.15378735959529877,-0.20133614540100098,-0.04347572886661055,-0.04082155227661133,-0.20828747749328613,-0.033415917691741015,-0.051432281732559204,-0.312234103679657,-0.04884964266136649,-0.05449897050857544,-0.37231557071208954,-0.05588772558883193,-0.054001808166503906,-0.4179537743330002,-0.05945481025889876,0.0002942681312561035,-0.2084447145462036,-0.039528150496039416,0.01560923457145691,-0.32707518339157104,-0.05260934719160559,0.025929152965545654,-0.3969922661781311,-0.057185020682368304,0.03465503454208374,-0.446734756231308,-0.05960873552874091,0.038933008909225464,-0.19297456741333008,-0.04546811842635634,0.06298056244850159,-0.2969232201576233,-0.05916706883624556,0.07727929949760437,-0.3623717427253723,-0.06661379003242018,0.08616575598716736,-0.4124707281589508,-0.07086638027146819,0.07407841086387634,-0.16651415824890137,-0.050986562308821703,0.10577413439750671,-0.24315673112869263,-0.06206319892123702,0.12413328886032104,-0.2884765863418579,-0.06431849711850646,0.1377321183681488,-0.3280123174190521,-0.06449596994832518
Five,0.0,0.0,0.0,-0.05414429306983948,-0.046073973178863525,-0.010013920435028467,-0.09673553705215454,-0.10695350170135498,-0.023783703514652643,-0.12741568684577942,-0.16536378860473633,-0.03656008391948262,-0.15551140904426575,-0.2041015625,-0.0501198723849825,-0.03973791003227234,-0.20953688025474548,-0.034947636717276964,-0.051220446825027466,-0.31372225284576416,-0.052826865756230745,-0.05340464413166046,-0.37523674964904785,-0.06256688311071912,-0.052292779088020325,-0.4224884659051895,-0.06800991966696301,0.001400768756866455,-0.20952138304710388,-0.041382073604779634,0.015851378440856934,-0.3270326256752014,-0.05547866895170728,0.02619519829750061,-0.3972032964229584,-0.06172897964091817,0.03515186905860901,-0.44775037467479706,-0.06560849323244611,0.04020029306411743,-0.1943875551223755,-0.047939594083743486,0.06216377019882202,-0.297002375125885,-0.0618519440230898,0.07666954398155212,-0.36190667748451233,-0.06962852849932233,0.0863122045993805,-0.4111727923154831,-0.07445844932766477,0.07557284832000732,-0.16851583123207092,-0.054516180598454866,0.10671243071556091,-0.24272221326828003,-0.06582883670301953,0.1258772313594818,-0.2871395945549011,-0.06816539838285962,0.140779048204422,-0.3251967430114746,-0.06854241266222516
Five,0.0,0.0,0.0,-0.055783361196517944,-0.046250998973846436,-0.010751915498133258,-0.09809626638889313,-0.10687589645385742,-0.024442164561207846,-0.12867729365825653,-0.16499125957489014,-0.036726534700449065,-0.1573491394519806,-0.2032179832458496,-0.04998756978517349,-0.04027372598648071,-0.20887601375579834,-0.036073800510223464,-0.05241876840591431,-0.312729150056839,-0.053284645414407805,-0.056006401777267456,-0.37386882305145264,-0.06246029246455009,-0.05577845871448517,-0.42075037956237793,-0.06768233362441833,0.0012894272804260254,-0.2093002200126648,-0.04189053211217697,0.014046430587768555,-0.3262534439563751,-0.055864811277444915,0.02317732572555542,-0.3956497758626938,-0.062092360442932204,0.03138551115989685,-0.44537511467933655,-0.0660950321317273,0.039979904890060425,-0.19376859068870544,-0.04782141405945595,0.06224328279495239,-0.2979002892971039,-0.062415097242649153,0.07624834775924683,-0.36377984285354614,-0.07117366079097565,0.08552104234695435,-0.4144340604543686,-0.0766700956583577,0.07479014992713928,-0.16747823357582092,-0.0536247085393029,0.10592833161354065,-0.24369904398918152,-0.06612523678546722,0.12431180477142334,-0.2889109253883362,-0.06958553973441894,0.1384863555431366,-0.3281708359718323,-0.07076524231439407
Five,0.0,0.0,0.0,-0.055300384759902954,-0.04682457447052002,-0.010775966126033154,-0.09739294648170471,-0.10904234647750854,-0.024536515142330018,-0.12789641320705414,-0.16748011112213135,-0.03695488769889721,-0.15660187602043152,-0.2061966359615326,-0.05038516272188076,-0.03975778818130493,-0.21098041534423828,-0.03598103348494419,-0.0515865683555603,-0.31443119049072266,-0.05335744891644367,-0.0552920401096344,-0.37564700841903687,-0.06280145842910656,-0.05529199540615082,-0.4229855239391327,-0.0683541228282536,0.001716315746307373,-0.21057403087615967,-0.042389471571453896,0.014260709285736084,-0.3272378742694855,-0.05698887680054554,0.02393588423728943,-0.39689503610134125,-0.06374213148237118,0.032674193382263184,-0.447060227394104,-0.06824760187745937,0.04013437032699585,-0.19427081942558289,-0.049016654978998986,0.06310230493545532,-0.29908648133277893,-0.06487829286933788,0.07786425948143005,-0.36516010761260986,-0.07438898880363354,0.08780109882354736,-0.41587649285793304,-0.08029750783325085,0.07495513558387756,-0.16811531782150269,-0.055439565818318215,0.10723045468330383,-0.24758237600326538,-0.06938029129386791,0.12705200910568237,-0.2944311499595642,-0.07371482301832089,0.1423957347869873,-0.3354414701461792,-0.07550705273033032
Five,0.0,0.0,0.0,-0.05594968795776367,-0.04861265420913696,-0.010094264744225256,-0.09846721589565277,-0.11272478103637695,-0.023979289679232352,-0.13028067350387573,-0.1716945767402649,-0.03663239650279593,-0.1599297970533371,-0.20978286862373352,-0.05028579033762526,-0.04107537865638733,-0.21334469318389893,-0.03568533457666945,-0.05293968319892883,-0.31847715377807617,-0.05327231459170889,-0.056265100836753845,-0.3808823823928833,-0.06299246497303557,-0.055639222264289856,-0.4286388158798218,-0.06860632844120573,0.0013388991355895996,-0.21294403076171875,-0.04231643326431822,0.012973308563232422,-0.3300892114639282,-0.055889286322894804,0.022631049156188965,-0.3997982293367386,-0.06218436755091261,0.03167635202407837,-0.44998404383659363,-0.06659072287231993,0.040314316749572754,-0.1963714063167572,-0.049050707592073195,0.06150805950164795,-0.3036181330680847,-0.06334214307219099,0.07623466849327087,-0.369117796421051,-0.0716625417009027,0.08626723289489746,-0.4188128858804703,-0.0771053025856645,0.07530364394187927,-0.17012500762939453,-0.05562449641377043,0.10551628470420837,-0.25129660964012146,-0.06821605957895827,0.12484517693519592,-0.29893773794174194,-0.0715029130116136,0.1399666666984558,-0.3404608964920044,-0.07264697946459364
Five,0.0,0.0,0.0,-0.05948275327682495,-0.048407793045043945,-0.009312176631794955,-0.1014050543308258,-0.11102640628814697,-0.023185594493554618,-0.1339559108018875,-0.16893219947814941,-0.035974067190693404,-0.16353759169578552,-0.20656618475914001,-0.04971648801307538,-0.042363494634628296,-0.2078261375427246,-0.03539572332243779,-0.05456629395484924,-0.3131364583969116,-0.05287874911169865,-0.05821889638900757,-0.37444987893104553,-0.06289624843935826,-0.05831676721572876,-0.42242714762687683,-0.06843544963936665,0.002515345811843872,-0.2097468078136444,-0.04127698440294125,0.01742956042289734,-0.32716014981269836,-0.05395129744152882,0.0270405113697052,-0.39621108770370483,-0.05962212059836247,0.03599923849105835,-0.44617530703544617,-0.06356933389048436,0.04179692268371582,-0.19457578659057617,-0.0468969424460397,0.06521505117416382,-0.296906054019928,-0.05837678212861874,0.08016380667686462,-0.3579303026199341,-0.06393879328112462,0.09120085835456848,-0.40275973081588745,-0.06756937924961903,0.07446861267089844,-0.16965478658676147,-0.052526191363142516,0.10357469320297241,-0.24643537402153015,-0.06095721993784764,0.1211685836315155,-0.2917573153972626,-0.06077730331759312,0.1354316771030426,-0.33087989687919617,-0.059594739714668776
Five,0.0,0.0,0.0,-0.06015458703041077,-0.047240495681762695,-0.00900142473179244,-0.10352541506290436,-0.11055809259414673,-0.022410886557878484,-0.13606826961040497,-0.16910362243652344,-0.034842485757650365,-0.16441784799098969,-0.2053956389427185,-0.04840767589408301,-0.0429743230342865,-0.20744672417640686,-0.034913690956415167,-0.055244237184524536,-0.3115445673465729,-0.05228970778185271,-0.058253735303878784,-0.37367570400238037,-0.062419185610593786,-0.05764579772949219,-0.42189809679985046,-0.06831256133514785,0.0019641518592834473,-0.20956870913505554,-0.04160098564821624,0.015431761741638184,-0.3257153630256653,-0.053736577006162634,0.024997740983963013,-0.39376024901866913,-0.05954621565538787,0.034549593925476074,-0.44313836097717285,-0.06410337817865752,0.04165443778038025,-0.19506138563156128,-0.048149818750204076,0.06276458501815796,-0.29867228865623474,-0.06065382269221686,0.07639390230178833,-0.35923096537590027,-0.06745716762739562,0.08703121542930603,-0.4038650840520859,-0.07232944500643157,0.07481637597084045,-0.17095732688903809,-0.0546410365124359,0.10506132245063782,-0.24689629673957825,-0.06556412410932921,0.12587332725524902,-0.2894522547721863,-0.06727599185902022,0.14331531524658203,-0.32510611414909363,-0.06751658600765609
Five,0.0,0.0,0.0,-0.06159868836402893,-0.04641592502593994,-0.010878841456616328,-0.10481813549995422,-0.10868775844573975,-0.025419958931053088,-0.13711895048618317,-0.16823840141296387,-0.03852931695863049,-0.1658480316400528,-0.2065454125404358,-0.05267110380216877,-0.04277262091636658,-0.2051277458667755,-0.038301146653139995,-0.05437067151069641,-0.31017929315567017,-0.05658735620662014,-0.057815998792648315,-0.37246808409690857,-0.06691731425806324,-0.05803275108337402,-0.4209878742694855,-0.07298600586935322,0.0025454163551330566,-0.2063206136226654,-0.04423643934413235,0.01586112380027771,-0.3232176899909973,-0.057646284875119136,0.024763941764831543,-0.39179399609565735,-0.06401158037468235,0.033453553915023804,-0.44185738265514374,-0.06877999666019718,0.0418836772441864,-0.1910334825515747,-0.05000215682073872,0.06373721361160278,-0.29462453722953796,-0.06340555014892857,0.0779561698436737,-0.35617321729660034,-0.07060393604322712,0.08881622552871704,-0.4022035449743271,-0.07560388657137196,0.07438924908638,-0.1659581959247589,-0.05580799939914982,0.10545435547828674,-0.24029356241226196,-0.06732378068252842,0.12565955519676208,-0.2837698459625244,-0.06952467474027912,0.14223894476890564,-0.3210325241088867,-0.06998873415275852
Five,0.0,0.0,0.0,-0.06182911992073059,-0.045934975147247314,-0.010860371591860485,-0.1056593656539917,-0.10861778259277344,-0.02534543276053114,-0.13870298862457275,-0.16807758808135986,-0.03833398521166487,-0.16743868589401245,-0.2059992253780365,-0.052280980350786876,-0.0432983934879303,-0.20481321215629578,-0.037365007402712536,-0.05506005883216858,-0.30967333912849426,-0.0549327984474246,-0.057712823152542114,-0.3720826506614685,-0.06486493647318525,-0.056897640228271484,-0.42037591338157654,-0.07069327980499907,0.0020813941955566406,-0.20525643229484558,-0.04306572228890104,0.015384823083877563,-0.3225778341293335,-0.055630142988974285,0.025019824504852295,-0.39084240794181824,-0.06159883663278265,0.034455329179763794,-0.44084420800209045,-0.06602291316013975,0.041381120681762695,-0.18899857997894287,-0.04857095629196806,0.0626353919506073,-0.293973833322525,-0.06163628325086279,0.07645851373672485,-0.35697636008262634,-0.06891040057163877,0.08709871768951416,-0.404526025056839,-0.07393787354450865,0.07393816113471985,-0.16288742423057556,-0.054012346269900036,0.10489150881767273,-0.2369648516178131,-0.06536531001549406,0.12492653727531433,-0.2801341414451599,-0.06731994748335524,0.14100000262260437,-0.31697601079940796,-0.06756697893362684
Five,0.0,0.0,0.0,-0.060182154178619385,-0.047076404094696045,-0.010910170921619056,-0.10480308532714844,-0.11039352416992188,-0.02541430464529526,-0.1386593133211136,-0.1703416109085083,-0.038212276832695125,-0.16787099838256836,-0.20985791087150574,-0.05160393549644482,-0.04080721735954285,-0.20677968859672546,-0.03716571240269673,-0.05227649211883545,-0.3122534155845642,-0.053947135643596766,-0.055390000343322754,-0.3745473623275757,-0.06299373118721974,-0.055354535579681396,-0.42255404591560364,-0.06825682877146733,0.004657536745071411,-0.20717176795005798,-0.042739942507381556,0.016739100217819214,-0.32472550868988037,-0.05506065844141972,0.025920987129211426,-0.3922804743051529,-0.06007557346069348,0.03519648313522339,-0.4410271644592285,-0.06359921752058995,0.04417306184768677,-0.19075307250022888,-0.048128623352880595,0.06515255570411682,-0.2974509000778198,-0.060964390473003505,0.07889854907989502,-0.36163461208343506,-0.06748777984225285,0.08952131867408752,-0.4102572947740555,-0.07188527642333042,0.07728666067123413,-0.1639329493045807,-0.053413200960989116,0.10792818665504456,-0.2380056083202362,-0.06406335888945591,0.12684649229049683,-0.28272736072540283,-0.06542159228169453,0.14177358150482178,-0.32118743658065796,-0.06527316926562321
Five,0.0,0.0,0.0,-0.060763776302337646,-0.04756289720535278,-0.01192935005630602,-0.10527274012565613,-0.1097143292427063,-0.02707407538647999,-0.13886864483356476,-0.1702333390712738,-0.040394063190177576,-0.16797707974910736,-0.20947816967964172,-0.05439737726803173,-0.040667206048965454,-0.20660176873207092,-0.03816370581145634,-0.05192515254020691,-0.3125614523887634,-0.05562617917414059,-0.053651392459869385,-0.3747602105140686,-0.06529981558080067,-0.05156594514846802,-0.42258109152317047,-0.0708222082709824,0.0051999688148498535,-0.20650142431259155,-0.04272393052335133,0.018005430698394775,-0.32321515679359436,-0.05427727018351902,0.027941226959228516,-0.3910428583621979,-0.05912992645855297,0.03756818175315857,-0.4393782317638397,-0.06285755996461262,0.045054495334625244,-0.18944159150123596,-0.047262291506484644,0.06623804569244385,-0.29311689734458923,-0.05901098538990368,0.08046352863311768,-0.3570403456687927,-0.06581178222651829,0.09091120958328247,-0.4049582779407501,-0.07073577408547749,0.07863354682922363,-0.1623077094554901,-0.05187244628424992,0.11014360189437866,-0.23417669534683228,-0.062111198053315775,0.12865179777145386,-0.27887392044067383,-0.06413956646676411,0.1431821584701538,-0.3180786371231079,-0.06460857306475987
Five,0.0,0.0,0.0,-0.06099376082420349,-0.04740840196609497,-0.01118554571326058,-0.10540547966957092,-0.10848039388656616,-0.026924765907779147,-0.1391851305961609,-0.17016682028770447,-0.04062092048729937,-0.16794531047344208,-0.21031475067138672,-0.055117515154734065,-0.04061782360076904,-0.2041444182395935,-0.04152359930480998,-0.050397902727127075,-0.3142717480659485,-0.05913381023015063,-0.051255106925964355,-0.3771880865097046,-0.06811109302248042,-0.04766324162483215,-0.42550553381443024,-0.07283425448144953,0.005827128887176514,-0.20503973960876465,-0.04558308539594691,0.01900506019592285,-0.3264564275741577,-0.05687836302126925,0.029218971729278564,-0.396166056394577,-0.06095104036535304,0.040086984634399414,-0.4449753910303116,-0.06416364876236003,0.046099334955215454,-0.18826177716255188,-0.04905543220843356,0.06906840205192566,-0.2955908179283142,-0.05975495768393557,0.08375772833824158,-0.3607959449291229,-0.06566361454929392,0.09545287489891052,-0.408557653427124,-0.0702674847623257,0.07944944500923157,-0.1609421968460083,-0.05237820489014666,0.11134704947471619,-0.23305943608283997,-0.061474104650869776,0.1300102174282074,-0.2776450514793396,-0.06257523713316004,0.14542874693870544,-0.31654685735702515,-0.06249135477150958
Five,0.0,0.0,0.0,-0.061560869216918945,-0.04905635118484497,-0.011607156680383923,-0.10589295625686646,-0.10981684923171997,-0.027741928198793175,-0.13894122838974,-0.17055994272232056,-0.04177573377774024,-0.16717207431793213,-0.21324124932289124,-0.056513026901939156,-0.037718236446380615,-0.20505574345588684,-0.042179357805707696,-0.04902735352516174,-0.3128238916397095,-0.0603738842396524,-0.05163779854774475,-0.3754773437976837,-0.069597215005615,-0.04885604977607727,-0.42394886910915375,-0.07448234463618064,0.006644219160079956,-0.2048291265964508,-0.04612093473360801,0.018811345100402832,-0.32689768075942993,-0.05976572687313819,0.028968513011932373,-0.3981292098760605,-0.06465085650370384,0.04021015763282776,-0.4483143836259842,-0.0680773710696485,0.046376943588256836,-0.1872207224369049,-0.049475338855245354,0.06999865174293518,-0.296232670545578,-0.061939724334934,0.084798663854599,-0.36220109462738037,-0.06780804003165031,0.09631556272506714,-0.4115991145372391,-0.07184215689585471,0.08022218942642212,-0.15900853276252747,-0.05267275179312492,0.11252978444099426,-0.23592644929885864,-0.06261565590784812,0.1311074197292328,-0.28002530336380005,-0.06334471757099891,0.14626875519752502,-0.31850188970565796,-0.06275282109663749
Five,0.0,0.0,0.0,-0.06262993812561035,-0.050076186656951904,-0.013000248344098964,-0.10736510157585144,-0.11183983087539673,-0.0292576741142625,-0.13998590409755707,-0.17368018627166748,-0.04319025237992946,-0.1688610315322876,-0.21531087160110474,-0.05764351819590274,-0.03821605443954468,-0.2084210216999054,-0.04165528749064151,-0.050080180168151855,-0.3166079819202423,-0.0589251149161214,-0.052542805671691895,-0.3793790638446808,-0.06765809317067806,-0.04969346523284912,-0.427979052066803,-0.07240168412164394,0.0070948004722595215,-0.2079080045223236,-0.04492195357516948,0.01902526617050171,-0.3292413353919983,-0.057906955824648776,0.029143840074539185,-0.4011270999908447,-0.06302418221667949,0.04009583592414856,-0.4517672657966614,-0.06673991342023555,0.04676872491836548,-0.18970295786857605,-0.04779687558249179,0.0689813494682312,-0.2977089285850525,-0.06013559584454242,0.08242475986480713,-0.3638649582862854,-0.06690360267594997,0.092447429895401,-0.41297583281993866,-0.07164398242667858,0.0803830623626709,-0.1612715721130371,-0.05062504147127811,0.11266008019447327,-0.23666203022003174,-0.060758628295218386,0.13039258122444153,-0.28214526176452637,-0.06254738976195995,0.14500108361244202,-0.32209986448287964,-0.06282607127860729
Five,0.0,0.0,0.0,-0.06287035346031189,-0.04831433296203613,-0.014217451347775523,-0.10734373331069946,-0.1096944808959961,-0.030514169617362086,-0.13947495818138123,-0.17304527759552002,-0.04419865658766753,-0.16874586045742035,-0.2150614857673645,-0.05819244137293822,-0.03874784708023071,-0.20844542980194092,-0.04117477884776122,-0.05033373832702637,-0.31626132130622864,-0.05836150249726302,-0.05320549011230469,-0.37986093759536743,-0.06708027994520194,-0.050729960203170776,-0.42889590561389923,-0.07181064611560828,0.006981223821640015,-0.20842191576957703,-0.04359133368618018,0.01926669478416443,-0.3287004232406616,-0.05666693127042777,0.029323816299438477,-0.399764820933342,-0.0615218078184796,0.04019695520401001,-0.4499806612730026,-0.06489781862384802,0.04694622755050659,-0.1910017728805542,-0.04584389379508025,0.06907919049263,-0.2981109619140625,-0.058392366527385775,0.08166053891181946,-0.3646783232688904,-0.0647229982007218,0.09093153476715088,-0.41496090590953827,-0.06897782361394889,0.08081239461898804,-0.16346365213394165,-0.048195114492244784,0.113127201795578,-0.23856645822525024,-0.05807218527681357,0.13060486316680908,-0.28381797671318054,-0.059482185303039614,0.14474403858184814,-0.3238757848739624,-0.059439653663702074
Five,0.0,0.0,0.0,-0.06366559863090515,-0.04917019605636597,-0.015193792551684737,-0.1078360378742218,-0.11094862222671509,-0.03179313012205398,-0.13948273658752441,-0.17369979619979858,-0.04575755961977279,-0.16842985153198242,-0.21605587005615234,-0.06015701361738479,-0.03766894340515137,-0.20815029740333557,-0.04242513471089637,-0.05021637678146362,-0.3164253234863281,-0.061082900993454814,-0.05390942096710205,-0.3813796639442444,-0.07093266540013587,-0.05173206329345703,-0.4311498999595642,-0.07639993869506156,0.007528394460678101,-0.2076198160648346,-0.045157545737851024,0.019076228141784668,-0.32875773310661316,-0.05960587926946914,0.029944270849227905,-0.40082378685474396,-0.06550310694419181,0.042114078998565674,-0.4516349285840988,-0.06946109377585685,0.04687514901161194,-0.19003045558929443,-0.04793918275080955,0.06718367338180542,-0.29868388175964355,-0.062030517987835765,0.08073651790618896,-0.3653442859649658,-0.0692604496403817,0.09147143363952637,-0.41579291224479675,-0.07388193302594459,0.08012071251869202,-0.16225561499595642,-0.05091484778367317,0.1113433837890625,-0.2386321723461151,-0.06250680380307472,0.12938916683197021,-0.28415417671203613,-0.06479556255780494,0.1443859338760376,-0.3243451714515686,-0.06515997045480049
Five,0.0,0.0,0.0,-0.06262937188148499,-0.05223757028579712,-0.016392138213745966,-0.10615590214729309,-0.11586117744445801,-0.03445246106468858,-0.13697272539138794,-0.17804688215255737,-0.049706872911087885,-0.1676495522260666,-0.219912588596344,-0.06571414357506455,-0.037091970443725586,-0.21283218264579773,-0.04563956743561448,-0.04856732487678528,-0.32099178433418274,-0.06629212981545152,-0.05221337080001831,-0.3866127133369446,-0.07743344491802873,-0.050970107316970825,-0.4366868883371353,-0.0836077336081189,0.007127285003662109,-0.20969456434249878,-0.04901479593002023,0.020077556371688843,-0.3320430517196655,-0.0659312758454007,0.031482815742492676,-0.40609514713287354,-0.07390113955818833,0.043902069330215454,-0.45882460474967957,-0.07891050016962708,0.045475929975509644,-0.190773606300354,-0.05238150841080369,0.06586894392967224,-0.2995164394378662,-0.06886328047596635,0.08065664768218994,-0.36812835931777954,-0.07820771670424165,0.09261861443519592,-0.41985106468200684,-0.08378997480951966,0.07819908857345581,-0.16202563047409058,-0.05590711942397775,0.10791125893592834,-0.23984473943710327,-0.06944297289931001,0.12672391533851624,-0.2866678833961487,-0.0730675536998433,0.14281752705574036,-0.3272213935852051,-0.07403667306982697
Five,0.0,0.0,0.0,-0.06320178508758545,-0.05241954326629639,-0.015446203699241323,-0.10589930415153503,-0.11572068929672241,-0.033053301213215036,-0.13721062242984772,-0.17732703685760498,-0.0479207708816034,-0.16697917878627777,-0.21873098611831665,-0.06351942935390298,-0.038166940212249756,-0.2096211314201355,-0.045429274378250284,-0.048616498708724976,-0.3189757466316223,-0.06532664218349282,-0.05192795395851135,-0.3844150900840759,-0.07537708052797143,-0.050624459981918335,-0.4335377812385559,-0.08065003523034875,0.007041633129119873,-0.2062739133834839,-0.04931334027452294,0.020818769931793213,-0.33029794692993164,-0.06587651738328759,0.031918227672576904,-0.4045349955558777,-0.0730425528566343,0.04360717535018921,-0.4571881592273712,-0.0774308032671911,0.04610946774482727,-0.18749970197677612,-0.05306889110607926,0.06800669431686401,-0.2981460392475128,-0.06925642111701791,0.08236095309257507,-0.36691421270370483,-0.07752024003667657,0.0935041606426239,-0.4189283847808838,-0.08232200512094323,0.07933354377746582,-0.15930211544036865,-0.05684155592126672,0.10857325792312622,-0.23990967869758606,-0.06979847320718591,0.1264466941356659,-0.2874020040035248,-0.07217703380985085,0.14110949635505676,-0.3287690281867981,-0.07229549804134194
