Four,0.0,0.0,0.0,-0.04457336664199829,-0.04369562864303589,0.000561671157413457,-0.07991103082895279,-0.11468732357025146,-0.012109405768057968,-0.10817646980285645,-0.18371868133544922,-0.026263148930809166,-0.13045014441013336,-0.22471636533737183,-0.03966156899645057,-0.050368279218673706,-0.18064922094345093,-0.03871249913885322,-0.051496684551239014,-0.2998374402523041,-0.06251315161301818,-0.05394589900970459,-0.3704853653907776,-0.07232948526456084,-0.05491413176059723,-0.4218466281890869,-0.07579340919568267,-0.013533398509025574,-0.1807870864868164,-0.0493718920619699,0.01594705879688263,-0.30810546875,-0.07139956339909759,0.03388766944408417,-0.3828747272491455,-0.0766136734159204,0.045897260308265686,-0.43553704023361206,-0.07685019209696975,0.02425508201122284,-0.1668376326560974,-0.05684429913475242,0.061544984579086304,-0.23390984535217285,-0.07063713058545318,0.05563388764858246,-0.200389564037323,-0.05459020793153968,0.04337461292743683,-0.16718804836273193,-0.03818799689128127,0.06059768795967102,-0.1430012583732605,-0.0644546015532228,0.08628517389297485,-0.18717223405838013,-0.06807395204617706,0.07984530925750732,-0.15616106986999512,-0.04906633630110946,0.06870928406715393,-0.12922996282577515,-0.030730323341629173
Four,0.0,0.0,0.0,-0.03716428577899933,-0.059516310691833496,0.002787266743098371,-0.039236947894096375,-0.13148510456085205,-0.0035968826834960055,-0.015508785843849182,-0.18603730201721191,-0.009452741475115545,0.009722873568534851,-0.21202945709228516,-0.01692700653643442,-0.040275558829307556,-0.1541677713394165,-0.03667080483705831,-0.04640704393386841,-0.25350260734558105,-0.05474835715563131,-0.048491135239601135,-0.31601738929748535,-0.06275620765359236,-0.04931768774986267,-0.3628234267234802,-0.06659689999492002,-0.002675861120223999,-0.14847946166992188,-0.04714391461880041,0.012216612696647644,-0.2651401162147522,-0.06527957774073911,0.022533193230628967,-0.3375803530216217,-0.074550916322778,0.029093220829963684,-0.3912918418645859,-0.0790079355922444,0.03481186926364899,-0.13530001044273376,-0.0548193462875588,0.05611933767795563,-0.24211126565933228,-0.07244477874905897,0.07019256055355072,-0.3093976080417633,-0.08291967667014433,0.07900242507457733,-0.36058753728866577,-0.08774012781054807,0.06872163712978363,-0.1165277361869812,-0.06022501073152853,0.09839694201946259,-0.19612178206443787,-0.0732134551492436,0.11502783000469208,-0.24015456438064575,-0.07560911483437849,0.12722019851207733,-0.2789257764816284,-0.07506173557908369
Four,0.0,0.0,0.0,-0.03804190456867218,-0.10481351613998413,0.021891906777938175,-0.037794336676597595,-0.17963486909866333,0.024697970519383716,-0.013756737112998962,-0.23212632536888123,0.022036164919455814,0.018168240785598755,-0.2586289644241333,0.017303969631512928,-0.03653058409690857,-0.2254495620727539,0.005216528581996727,-0.04166625440120697,-0.3210078477859497,-0.002462938973138762,-0.04567328095436096,-0.38246583938598633,-0.009139618915895653,-0.04794949293136597,-0.4323365390300751,-0.013686050740460587,-0.002997562289237976,-0.2285962700843811,-0.013476136220077706,0.014372900128364563,-0.33373796939849854,-0.01968937002627058,0.02333863079547882,-0.40050560235977173,-0.029398940583149624,0.0298241525888443,-0.452161967754364,-0.03599896103648348,0.03211493790149689,-0.21945971250534058,-0.02945030116049452,0.05722843110561371,-0.3146955370903015,-0.03565984786061449,0.069676473736763,-0.3766326308250427,-0.045808697198907566,0.07865460216999054,-0.4253697097301483,-0.052961872970143986,0.06756605207920074,-0.19672948122024536,-0.04289688364175959,0.09679003059864044,-0.2736622989177704,-0.046404613261501026,0.11559261381626129,-0.3156604766845703,-0.04564662471918268,0.13056446611881256,-0.3524169921875,-0.044021653090993595
Four,0.0,0.0,0.0,-0.033984825015068054,-0.08383172750473022,0.013686366771594294,-0.03346399962902069,-0.15576672554016113,0.011069099811152228,-0.0071424394845962524,-0.20461365580558777,0.00569893784938813,0.025908172130584717,-0.2277834415435791,-0.0017051368055263083,-0.03202338516712189,-0.19518721103668213,-0.02020388709263443,-0.038522690534591675,-0.29762643575668335,-0.03441306443767189,-0.04237237572669983,-0.3582942485809326,-0.039443275498911134,-0.045131295919418335,-0.4044226109981537,-0.04113548861698746,0.0021529197692871094,-0.19077038764953613,-0.03497331457094788,0.01925531029701233,-0.3108823895454407,-0.05092921348170876,0.029425978660583496,-0.38209307193756104,-0.05751094462232231,0.03698951005935669,-0.4315258860588074,-0.060235044526621095,0.03787145018577576,-0.17460638284683228,-0.04681308435158371,0.062113046646118164,-0.2815869450569153,-0.060718576031490556,0.07562893629074097,-0.3489784002304077,-0.06754716353373169,0.08468377590179443,-0.3990655839443207,-0.07040579484657883,0.07235002517700195,-0.15015637874603271,-0.05632156373815178,0.10273543000221252,-0.2340475618839264,-0.06438891457275986,0.12031590938568115,-0.2794649600982666,-0.06405592577414154,0.1334839165210724,-0.31773000955581665,-0.06227672712759613
Four,0.0,0.0,0.0,-0.035535022616386414,-0.0794188380241394,0.012085575389761516,-0.03778967261314392,-0.15244722366333008,0.010047298635441848,-0.011728733777999878,-0.2013738453388214,0.0057686509220786775,0.018740758299827576,-0.22401243448257446,-0.00032556646564785297,-0.03627634048461914,-0.19009077548980713,-0.020771119964223317,-0.04538826644420624,-0.2898928225040436,-0.03611317299018424,-0.04850444197654724,-0.3523457646369934,-0.04234714083085578,-0.049466267228126526,-0.39915937185287476,-0.044817596894603184,2.086162567138672e-05,-0.1855962574481964,-0.03520592696676772,0.017310768365859985,-0.3043581247329712,-0.05138463176498931,0.028370559215545654,-0.3758668303489685,-0.05850578494082015,0.03691646456718445,-0.4265057444572449,-0.06138926393995803,0.036318421363830566,-0.17044726014137268,-0.04709876723299544,0.05895453691482544,-0.27727535367012024,-0.06314075387726348,0.0732032060623169,-0.3449370861053467,-0.07235499866018813,0.08252710103988647,-0.3960932493209839,-0.07614717282066863,0.0709160566329956,-0.14682525396347046,-0.056498706561427525,0.10155153274536133,-0.2283724844455719,-0.06601985193501037,0.11931723356246948,-0.2728586792945862,-0.06671423114548247,0.13285833597183228,-0.31165528297424316,-0.06544439889202636
Four,0.0,0.0,0.0,-0.03594478964805603,-0.07855916023254395,0.00959985918390771,-0.037071794271469116,-0.1519283652305603,0.005753759583711826,-0.008524835109710693,-0.19811445474624634,-0.0003224266131667264,0.023076176643371582,-0.21796756982803345,-0.008395303683101929,-0.03430786728858948,-0.1891845464706421,-0.022109443032860554,-0.042987942695617676,-0.28804099559783936,-0.03859002859306315,-0.04656946659088135,-0.3503887951374054,-0.04629894689631442,-0.047644540667533875,-0.3975578546524048,-0.04989780829262713,0.0014236420392990112,-0.18549442291259766,-0.036196667412042416,0.018952786922454834,-0.3024851679801941,-0.05268479109716395,0.02956634759902954,-0.37468254566192627,-0.06082056433868388,0.03815978765487671,-0.4263257533311844,-0.06457241595697383,0.03716662526130676,-0.17078328132629395,-0.04809318081450442,0.06079888343811035,-0.2774016857147217,-0.06397311360549907,0.07440724968910217,-0.3454611003398895,-0.07384122134160975,0.08297759294509888,-0.39672261476516724,-0.07834343583297709,0.0712541937828064,-0.14764773845672607,-0.057881295392036236,0.10268282890319824,-0.2285441756248474,-0.06784648419332484,0.12002217769622803,-0.27427971363067627,-0.06932369590711573,0.13313189148902893,-0.3142464756965637,-0.06869315327119807
Four,0.0,0.0,0.0,-0.035742685198783875,-0.07730889320373535,0.011359069937810773,-0.03620319068431854,-0.14950966835021973,0.00895593918298232,-0.007467225193977356,-0.1965620517730713,0.004316865442291373,0.02371753752231598,-0.21674340963363647,-0.002455401957064396,-0.03360311686992645,-0.189337819814682,-0.020879446087434417,-0.041923120617866516,-0.2885538637638092,-0.036062259716942435,-0.04492039978504181,-0.3506481349468231,-0.04253241096253646,-0.0454547256231308,-0.3973306119441986,-0.04529596914167655,0.0025964826345443726,-0.18640604615211487,-0.03501595233197463,0.01979227364063263,-0.30262133479118347,-0.05058887649889243,0.029998794198036194,-0.3736894726753235,-0.05798048947568191,0.0378393679857254,-0.4242938905954361,-0.06124930132742179,0.03855995833873749,-0.1716892123222351,-0.04669435743804229,0.062209174036979675,-0.2780153155326843,-0.062230382604553824,0.07572372257709503,-0.3456604480743408,-0.07195917565937293,0.08404307067394257,-0.39671456813812256,-0.07634060878868354,0.0725913792848587,-0.14826083183288574,-0.05596086431856406,0.10411863029003143,-0.23013341426849365,-0.06615527768249763,0.12180198729038239,-0.27516603469848633,-0.06786579687710059,0.13504014909267426,-0.3144195079803467,-0.0673004915248896
Four,0.0,0.0,0.0,-0.035748690366744995,-0.07758504152297974,0.01130032814671722,-0.03695198893547058,-0.14948606491088867,0.008736174512705475,-0.009045258164405823,-0.19662615656852722,0.003942055121115118,0.0215751975774765,-0.2171284556388855,-0.002937120193564624,-0.03382827341556549,-0.18983566761016846,-0.021087911952236027,-0.04212883114814758,-0.2886689007282257,-0.03632600702712807,-0.04467400908470154,-0.3503882884979248,-0.04272462524841103,-0.04503040015697479,-0.3970153331756592,-0.045421422500112385,0.0026484131813049316,-0.18639898300170898,-0.03536386512587342,0.020151421427726746,-0.3029225766658783,-0.05114314057300362,0.03077632188796997,-0.3740440309047699,-0.058450100053050846,0.03881633281707764,-0.4249707907438278,-0.06159577243397507,0.038421958684921265,-0.17137661576271057,-0.04719496615598473,0.061990976333618164,-0.27710670232772827,-0.06284149833390984,0.0756542980670929,-0.34432756900787354,-0.07236150749395165,0.08402079343795776,-0.3953772187232971,-0.0765127400345591,0.07222971320152283,-0.147658109664917,-0.056633201468685,0.10346201062202454,-0.22938260436058044,-0.06642638989160332,0.1208387017250061,-0.2742306590080261,-0.06769443400571618,0.1336689591407776,-0.3135138154029846,-0.06683907010028634
Four,0.0,0.0,0.0,-0.035602226853370667,-0.07790696620941162,0.011635173466743254,-0.03671087324619293,-0.14921391010284424,0.009188531321228766,-0.008706659078598022,-0.1959872543811798,0.004476992302329563,0.022173181176185608,-0.21614086627960205,-0.0023768410266029605,-0.033800914883613586,-0.18943104147911072,-0.021389866824506498,-0.042022183537483215,-0.2884746789932251,-0.03680883778190491,-0.04456116259098053,-0.3503308892250061,-0.04307986108517525,-0.04482744634151459,-0.3969598710536957,-0.04562174213981507,0.002621069550514221,-0.18604785203933716,-0.03575738949632523,0.020255818963050842,-0.3025013208389282,-0.052064445446490026,0.03099028766155243,-0.37371379137039185,-0.059355531464575506,0.03917844593524933,-0.4244302660226822,-0.06231958476757882,0.03853906691074371,-0.17094972729682922,-0.04762999026036141,0.062051936984062195,-0.2761794924736023,-0.06374443380093453,0.07556377351284027,-0.34367457032203674,-0.07338354049181817,0.08391426503658295,-0.39495760202407837,-0.07744891999220727,0.07241706550121307,-0.14704376459121704,-0.057034016232250906,0.10330186784267426,-0.22851398587226868,-0.06729893444037316,0.12065105140209198,-0.2734469473361969,-0.06882271228289483,0.13377760350704193,-0.3126996159553528,-0.06802360026097176
Four,0.0,0.0,0.0,-0.03553304076194763,-0.07553094625473022,0.010729584965929462,-0.03777475655078888,-0.1464165449142456,0.007655011612996532,-0.01114402711391449,-0.19360634684562683,0.0023907873612643016,0.01899711787700653,-0.21461963653564453,-0.005069865256473349,-0.034695133566856384,-0.1857047975063324,-0.022377335343435334,-0.042921826243400574,-0.28416556119918823,-0.03800098678834729,-0.04544450342655182,-0.34588611125946045,-0.044400219682529496,-0.0457143634557724,-0.39233946800231934,-0.047078990254476594,0.001414179801940918,-0.1833026111125946,-0.036455937538221406,0.01889871060848236,-0.2999371290206909,-0.052549869630411195,0.029763326048851013,-0.37090715765953064,-0.05967007285721593,0.03830541670322418,-0.42131805419921875,-0.06266899860270314,0.037240877747535706,-0.16881361603736877,-0.04810948378212743,0.06063927710056305,-0.27508559823036194,-0.06400050676234059,0.07402293384075165,-0.3426745533943176,-0.07346693879730992,0.0823868066072464,-0.3940604031085968,-0.07770193076498799,0.0711195319890976,-0.1448289155960083,-0.0574038483835011,0.1020222157239914,-0.225303053855896,-0.06765568709738545,0.11919008195400238,-0.27006053924560547,-0.0691778332627564,0.1320771425962448,-0.3095746636390686,-0.06854580051071935
Four,0.0,0.0,0.0,-0.036658093333244324,-0.07511168718338013,0.009066973542900314,-0.038660839200019836,-0.14684569835662842,0.005192454634340038,-0.010274097323417664,-0.19301918148994446,-0.000666927816240559,0.02081438899040222,-0.21249425411224365,-0.008670565010874043,-0.03550545871257782,-0.1864117681980133,-0.022914498383073578,-0.04265354573726654,-0.28484299778938293,-0.03867261604395367,-0.044716909527778625,-0.346088707447052,-0.04559206337657429,-0.044808998703956604,-0.3922244906425476,-0.048730706134705315,0.0010305792093276978,-0.18305420875549316,-0.036515751192240486,0.018467918038368225,-0.2988286018371582,-0.05251188696351505,0.02907903492450714,-0.36975032091140747,-0.06021468088951565,0.037344709038734436,-0.4206070452928543,-0.06378648922768093,0.03690330684185028,-0.16826963424682617,-0.047933903792767296,0.059967830777168274,-0.2739226818084717,-0.06399401769962765,0.07339872419834137,-0.3415284752845764,-0.07436489061441875,0.08177916705608368,-0.3925795257091522,-0.07926412419405438,0.07069985568523407,-0.14496368169784546,-0.05714528010216213,0.10164012014865875,-0.22563499212265015,-0.06773111716833569,0.11910121142864227,-0.27106350660324097,-0.06998602793541409,0.13228942453861237,-0.31090664863586426,-0.06994862602081753
Four,0.0,0.0,0.0,-0.036747097969055176,-0.07446855306625366,0.00940892715803443,-0.03913086652755737,-0.14615720510482788,0.005920387439942942,-0.0116596519947052,-0.19304028153419495,0.00042803362808285783,0.019057676196098328,-0.21308445930480957,-0.0072422441015476124,-0.03572225570678711,-0.18504109978675842,-0.022945481717073335,-0.043430596590042114,-0.2832215428352356,-0.03878341372259797,-0.045868948101997375,-0.3447122275829315,-0.04573956261523904,-0.04637110233306885,-0.39100182056427,-0.048874405577265634,0.000684887170791626,-0.18163421750068665,-0.03664006049879731,0.017559364438056946,-0.29778656363487244,-0.05281037966855706,0.027654945850372314,-0.36938291788101196,-0.060703647687518014,0.03529125452041626,-0.4207659512758255,-0.06446399296768845,0.036422163248062134,-0.16737347841262817,-0.048086447074496164,0.05969998240470886,-0.2733011245727539,-0.06441020722635926,0.07267820835113525,-0.34095579385757446,-0.07499852533587159,0.0805639922618866,-0.39186710119247437,-0.08004450555094422,0.06992381811141968,-0.1449297070503235,-0.05727284903773011,0.10105356574058533,-0.2258819043636322,-0.06830139215239228,0.11857667565345764,-0.27149903774261475,-0.07090626414068879,0.1316954791545868,-0.31156107783317566,-0.07111003752001466
Four,0.0,0.0,0.0,-0.037136346101760864,-0.07456517219543457,0.008900634701547006,-0.039366304874420166,-0.14590513706207275,0.0048237128548294095,-0.011009424924850464,-0.19205239415168762,-0.00122689910773488,0.01980765163898468,-0.21140441298484802,-0.009374321681264064,-0.03630955517292023,-0.18528303503990173,-0.02385286172926726,-0.04410625994205475,-0.28500881791114807,-0.04016988283098044,-0.04641635715961456,-0.3471132814884186,-0.047656732854250095,-0.046907708048820496,-0.3938763737678528,-0.051070898082855365,-0.00012482702732086182,-0.18203327059745789,-0.03739957070052924,0.01666228473186493,-0.2989792227745056,-0.053790326473119876,0.02678130567073822,-0.3709975481033325,-0.06208094513118567,0.034345075488090515,-0.4225955456495285,-0.06606853311956229,0.03579722344875336,-0.16817131638526917,-0.04865506222546401,0.05846475064754486,-0.2747794985771179,-0.06474386459291281,0.07193134725093842,-0.34300583600997925,-0.07531320607364478,0.08034436404705048,-0.3941698372364044,-0.08033176815212073,0.06991992890834808,-0.1463218331336975,-0.057733661738041064,0.10073553025722504,-0.22902274131774902,-0.06815137272775473,0.11826322972774506,-0.274069607257843,-0.07017414575517478,0.13144369423389435,-0.31287693977355957,-0.0699273005694181
Four,0.0,0.0,0.0,-0.037141889333724976,-0.07423442602157593,0.008063730762103205,-0.039176106452941895,-0.14449036121368408,0.003333951557749515,-0.010185793042182922,-0.18942788243293762,-0.0032384258445858904,0.02192285656929016,-0.20806151628494263,-0.01194442903926074,-0.03533428907394409,-0.18459552526474,-0.025133786744675035,-0.04301661252975464,-0.2836278975009918,-0.042006662137112016,-0.045739948749542236,-0.34550583362579346,-0.049791870660385484,-0.04637634754180908,-0.3923906683921814,-0.053494380808672304,0.0010197460651397705,-0.18203088641166687,-0.038427947110733385,0.01814340054988861,-0.2984309792518616,-0.0552566666372627,0.02799394726753235,-0.3699621260166168,-0.06363752300222814,0.0355297327041626,-0.42139701545238495,-0.06773531252821385,0.03701448440551758,-0.16808849573135376,-0.04947786594112813,0.05990976095199585,-0.27440232038497925,-0.06572619641502797,0.07293003797531128,-0.341640442609787,-0.07594040597160756,0.08108550310134888,-0.3920985460281372,-0.08081306333025395,0.07095742225646973,-0.14582312107086182,-0.058474702782234544,0.10169211030006409,-0.2266179323196411,-0.06934846008499562,0.11906453967094421,-0.27210336923599243,-0.0716368612118572,0.13234373927116394,-0.31188222765922546,-0.07155760938604772
Four,0.0,0.0,0.0,-0.03679117560386658,-0.07456082105636597,0.010078909927443647,-0.039260268211364746,-0.14522534608840942,0.00693610043211379,-0.011722460389137268,-0.19177550077438354,0.0017213105498115056,0.019288361072540283,-0.21206262707710266,-0.005709528336836911,-0.03580775856971741,-0.18429526686668396,-0.02234377606825433,-0.04357156157493591,-0.28252118825912476,-0.037794035738869525,-0.04607582092285156,-0.34363263845443726,-0.04426341212408147,-0.04648052155971527,-0.3895505666732788,-0.04701528034226499,0.0006201416254043579,-0.18184712529182434,-0.036183797633810855,0.01664254069328308,-0.2981226444244385,-0.05247351608292661,0.026403307914733887,-0.36990365386009216,-0.06026114231960378,0.0341736376285553,-0.42158062756061554,-0.06375695846097074,0.036524176597595215,-0.1678238809108734,-0.0476510234834393,0.05952075123786926,-0.27373382449150085,-0.06391354731337628,0.07252362370491028,-0.34141451120376587,-0.07428202114121518,0.08067905902862549,-0.39250242710113525,-0.07908827147500119,0.07022535800933838,-0.1447087526321411,-0.05677174112813077,0.10096979141235352,-0.22506624460220337,-0.06759808293597303,0.11806011199951172,-0.2701054513454437,-0.06987205973879895,0.13095355033874512,-0.30959153175354004,-0.06975759646908841
Four,0.0,0.0,0.0,-0.036593079566955566,-0.07574713230133057,0.010111681111254711,-0.03883415460586548,-0.14763349294662476,0.007054114174195547,-0.011855930089950562,-0.1953357458114624,0.0018970165821770024,0.018581226468086243,-0.21672508120536804,-0.005341879166564922,-0.03616124391555786,-0.1844780147075653,-0.0217354438080406,-0.04420305788516998,-0.28232282400131226,-0.03717105936249254,-0.0468745231628418,-0.3434172570705414,-0.04389947008331774,-0.04740355908870697,-0.38953158259391785,-0.04687410693605898,0.00021180510520935059,-0.18164178729057312,-0.03544747557481287,0.01661686599254608,-0.29739347100257874,-0.050919802002511005,0.026462584733963013,-0.3684300184249878,-0.0584893907233095,0.03406980633735657,-0.4194032549858093,-0.062081870697340946,0.03621229529380798,-0.1677522361278534,-0.04686105724414347,0.05895662307739258,-0.2734975516796112,-0.06239215385159014,0.07178953289985657,-0.340451717376709,-0.07244582574804781,0.07968634366989136,-0.39080023765563965,-0.07728160273273943,0.06997400522232056,-0.14553076028823853,-0.05599747326215265,0.1005932092666626,-0.2253963053226471,-0.06635852258642672,0.1178232729434967,-0.2704734206199646,-0.0685313503070688,0.13077440857887268,-0.3102273643016815,-0.06846920501430986
Four,0.0,0.0,0.0,-0.037656188011169434,-0.07552379369735718,0.0086051083119969,-0.040070533752441406,-0.14779919385910034,0.004502748786137545,-0.011992096900939941,-0.1947280466556549,-0.0015059421354521874,0.0194474458694458,-0.21494325995445251,-0.009588324749245203,-0.036307305097579956,-0.18387648463249207,-0.02356771780677036,-0.04430617392063141,-0.2817096710205078,-0.03951553283758358,-0.04691021144390106,-0.3428548574447632,-0.0466958361727734,-0.047437697649002075,-0.38932716846466064,-0.05003352491684154,-0.00014978647232055664,-0.18037673830986023,-0.03691013185806469,0.016204282641410828,-0.29600751399993896,-0.05300951032467083,0.026176363229751587,-0.3671419620513916,-0.060948521183206594,0.033996641635894775,-0.4184706211090088,-0.06479537515468792,0.03581002354621887,-0.16626164317131042,-0.04803603543467716,0.05808371305465698,-0.2724449932575226,-0.0639520811898251,0.07130226492881775,-0.3402385413646698,-0.07418062566347317,0.07961127161979675,-0.3912198543548584,-0.07910699425764278,0.06963050365447998,-0.14426523447036743,-0.05704278527326778,0.09993091225624084,-0.22563478350639343,-0.06753245024509624,0.11718687415122986,-0.2706962823867798,-0.0696704763037701,0.13018488883972168,-0.3098283112049103,-0.0696082192523022
Four,0.0,0.0,0.0,-0.03779049217700958,-0.07395392656326294,0.008666147106652033,-0.040491983294487,-0.14550507068634033,0.004644872249429,-0.012612834572792053,-0.1925036609172821,-0.0012098745430364488,0.018569231033325195,-0.2127111852169037,-0.00926466602706455,-0.03630328178405762,-0.1828133463859558,-0.024099000169570672,-0.044325605034828186,-0.2809188961982727,-0.03985087983184599,-0.046998172998428345,-0.34228748083114624,-0.04674019329124235,-0.04758341610431671,-0.3885858654975891,-0.049863312764699685,-2.7611851692199707e-05,-0.17981931567192078,-0.037370071186359155,0.016457661986351013,-0.2959120571613312,-0.05333608426028036,0.026577547192573547,-0.3672488033771515,-0.0610508810716226,0.034616902470588684,-0.41845592856407166,-0.06471732668453001,0.035958126187324524,-0.16582849621772766,-0.0483541045325353,0.058538392186164856,-0.2724978029727936,-0.06419760398441099,0.0717458575963974,-0.3404425382614136,-0.07434875182681822,0.08022116124629974,-0.39152005314826965,-0.07925182990604185,0.06967298686504364,-0.14340156316757202,-0.05717156119519018,0.1000201553106308,-0.22525468468666077,-0.0678194876747682,0.11742214858531952,-0.27037250995635986,-0.06996595524125837,0.13064752519130707,-0.309481143951416,-0.06988350711637281
Four,0.0,0.0,0.0,-0.0379011332988739,-0.07449078559875488,0.008128486509207278,-0.040267109870910645,-0.1458742618560791,0.003626429877016335,-0.012039929628372192,-0.19240924715995789,-0.002654574410286159,0.019264623522758484,-0.2124163806438446,-0.011023957346793622,-0.035768210887908936,-0.18344646692276,-0.024865600344952554,-0.04380534589290619,-0.28142428398132324,-0.04127282190066239,-0.04690644145011902,-0.3431011438369751,-0.04872795480233094,-0.047793418169021606,-0.38955408334732056,-0.052172119793709726,0.0004289001226425171,-0.18028897047042847,-0.03802403720956704,0.01694829761981964,-0.2962433099746704,-0.05419123458605668,0.027052074670791626,-0.3676896095275879,-0.06199237990122697,0.03519487380981445,-0.4187966138124466,-0.06576609524827859,0.03636443614959717,-0.16648036241531372,-0.048961821076687784,0.05913737416267395,-0.2731216549873352,-0.06469944032770059,0.07264021039009094,-0.34030571579933167,-0.07448419096809289,0.08146807551383972,-0.39036983251571655,-0.07916614326578042,0.07019871473312378,-0.14461666345596313,-0.057860962179717035,0.10062572360038757,-0.2262490689754486,-0.06834010693174264,0.1180429756641388,-0.27135443687438965,-0.07026882382970712,0.13125768303871155,-0.31036317348480225,-0.0700111678515043
Four,0.0,0.0,0.0,-0.03794048726558685,-0.0747193694114685,0.008580578066926137,-0.040560364723205566,-0.1461006999015808,0.00431043425999178,-0.012421861290931702,-0.19291359186172485,-0.0018046981007273644,0.0187060683965683,-0.2126874029636383,-0.010030317544419631,-0.036432087421417236,-0.1839393973350525,-0.02466187761672245,-0.04418446123600006,-0.2819337248802185,-0.04093399779446827,-0.04676760733127594,-0.34344708919525146,-0.04822697253473507,-0.04743571579456329,-0.3899095058441162,-0.05155195058830486,-7.835030555725098e-05,-0.18046337366104126,-0.03805725784548031,0.016674697399139404,-0.29684168100357056,-0.054653474553902015,0.026948407292366028,-0.3688044846057892,-0.06267311187036739,0.03493936359882355,-0.42068397998809814,-0.06645517559297787,0.03591592609882355,-0.16649147868156433,-0.0491506657148193,0.058481767773628235,-0.27285364270210266,-0.06543215127237545,0.07198478281497955,-0.34072643518447876,-0.07566740126856075,0.08051930367946625,-0.39158743619918823,-0.08043331415899502,0.0698598176240921,-0.14449012279510498,-0.05808976055629955,0.10006414353847504,-0.2269512414932251,-0.06862200559623943,0.11724044382572174,-0.27177244424819946,-0.0705224251890968,0.13004888594150543,-0.3103177845478058,-0.07019291581161724
Four,0.0,0.0,0.0,-0.037926360964775085,-0.07479196786880493,0.008764824368540758,-0.040635257959365845,-0.14618343114852905,0.004653966989849323,-0.01280413568019867,-0.19298508763313293,-0.0013200878123598159,0.018135234713554382,-0.21335729956626892,-0.009338022671158797,-0.036582380533218384,-0.18345549702644348,-0.02435711724263001,-0.04496625065803528,-0.281663179397583,-0.04070467641156483,-0.04782530665397644,-0.3435736298561096,-0.047981706909354216,-0.048450976610183716,-0.3900330662727356,-0.05124972154897023,-0.0003080219030380249,-0.1804131269454956,-0.037731339685137755,0.015962868928909302,-0.29708415269851685,-0.054254019163067824,0.026116788387298584,-0.3689814507961273,-0.06204846268099118,0.03425532579421997,-0.4201519042253494,-0.06563018029135037,0.035848528146743774,-0.16669374704360962,-0.048823629967387205,0.05811131000518799,-0.2737220525741577,-0.0649257725993948,0.07128274440765381,-0.3414989709854126,-0.074741800777133,0.07968923449516296,-0.39215195178985596,-0.07924639945429135,0.07001611590385437,-0.1448090672492981,-0.05777422478001881,0.10009628534317017,-0.22695156931877136,-0.06826490675609875,0.11703863739967346,-0.27200135588645935,-0.07003970956009198,0.12977710366249084,-0.31096893548965454,-0.06958041106861401
Four,0.0,0.0,0.0,-0.03833070397377014,-0.0761725902557373,0.008481769898423863,-0.04042014479637146,-0.14799582958221436,0.004075320979097796,-0.011613667011260986,-0.19397518038749695,-0.0021968976766970627,0.01995079219341278,-0.2135445475578308,-0.010536747908702182,-0.03627502918243408,-0.18495625257492065,-0.024376052355876254,-0.04488226771354675,-0.28287553787231445,-0.04070165838908224,-0.04789203405380249,-0.3445996046066284,-0.048065782448759364,-0.04859870672225952,-0.39115530252456665,-0.05142754401873617,0.00022675096988677979,-0.18180668354034424,-0.03772416051339178,0.016593247652053833,-0.29823875427246094,-0.05401255275916128,0.026814371347427368,-0.3699948191642761,-0.061785370966902065,0.03504592180252075,-0.42128266394138336,-0.06539030086111097,0.03635945916175842,-0.16789501905441284,-0.04883442159604101,0.05846571922302246,-0.2748134732246399,-0.06474255483459501,0.07175058126449585,-0.3421749472618103,-0.07448687117408781,0.08035218715667725,-0.3924766480922699,-0.07894441943477659,0.07043388485908508,-0.14582204818725586,-0.057857905438652324,0.10031852126121521,-0.22816509008407593,-0.06817713837932615,0.11742743849754333,-0.27310046553611755,-0.069807548931351,0.1303178369998932,-0.3118809461593628,-0.0692381159574893
Four,0.0,0.0,0.0,-0.03826776146888733,-0.07489705085754395,0.005884678457505288,-0.04054172337055206,-0.14569228887557983,-2.8074964802726754e-05,-0.010789856314659119,-0.19012683629989624,-0.007453005406432567,0.020509198307991028,-0.20774775743484497,-0.016805048211836038,-0.03497116267681122,-0.18481376767158508,-0.02677779748978537,-0.04578147828578949,-0.28378599882125854,-0.04427498683276099,-0.04956524074077606,-0.34629279375076294,-0.052603480517291246,-0.05025835335254669,-0.39314574003219604,-0.056567349582337556,0.0017025172710418701,-0.18195796012878418,-0.039199595450782,0.016727715730667114,-0.2989068627357483,-0.05598975822272223,0.02639998495578766,-0.3707484304904938,-0.06414491042437476,0.03450004756450653,-0.42217326164245605,-0.06807118758501929,0.03770767152309418,-0.16846829652786255,-0.04966423764767569,0.05936296284198761,-0.27619412541389465,-0.06558574840369147,0.07250954210758209,-0.343131959438324,-0.07526189193072241,0.08096514642238617,-0.3925166726112366,-0.07977550581040305,0.07157503068447113,-0.14698779582977295,-0.05840445414128226,0.10103555023670197,-0.22926229238510132,-0.06899114802422446,0.11775816977024078,-0.2747810482978821,-0.0709499950701229,0.13029666244983673,-0.3140884041786194,-0.07062578305544776
Four,0.0,0.0,0.0,-0.03900878131389618,-0.07436853647232056,0.006675669432240738,-0.04285256564617157,-0.14489054679870605,0.0012606765121176977,-0.014726296067237854,-0.19062355160713196,-0.0055977232078134875,0.0161285400390625,-0.2092941701412201,-0.014304213717025505,-0.03698346018791199,-0.1828172206878662,-0.027247788875740753,-0.047741279006004333,-0.28162527084350586,-0.044550570219200836,-0.05139227211475372,-0.3441540002822876,-0.05229892444555162,-0.05212734639644623,-0.39115577936172485,-0.055709397911471115,-8.594989776611328e-05,-0.17924731969833374,-0.03960562360231279,0.015448465943336487,-0.2967871427536011,-0.056603076427620636,0.02534852921962738,-0.36862754821777344,-0.0639845417136371,0.0333777517080307,-0.41987015306949615,-0.0671806619757831,0.03635378181934357,-0.16567182540893555,-0.04982992869560121,0.05837853252887726,-0.2729240655899048,-0.06589331340734361,0.07131032645702362,-0.34022852778434753,-0.07489950072709917,0.07930435240268707,-0.39011383056640625,-0.07869661462251543,0.07051940262317657,-0.14429044723510742,-0.058179168521803604,0.10032539069652557,-0.22733137011528015,-0.06810133022014497,0.11679457128047943,-0.27247923612594604,-0.06916213643495439,0.12889046967029572,-0.311271071434021,-0.06815241885129808
Four,0.0,0.0,0.0,-0.03923708200454712,-0.07535022497177124,0.005273536985100691,-0.04208448529243469,-0.1476902961730957,-0.0008482747629159348,-0.011587411165237427,-0.19290322065353394,-0.0083608499529646,0.019879043102264404,-0.21119901537895203,-0.017687030396132286,-0.03666098415851593,-0.1870330274105072,-0.026713699361948784,-0.04559853672981262,-0.2872532606124878,-0.044298336169390495,-0.049066439270973206,-0.3502276539802551,-0.053009916356472786,-0.04996286332607269,-0.3976609706878662,-0.057262350133328255,0.0007398873567581177,-0.18292376399040222,-0.03891252752271157,0.016726702451705933,-0.3002767860889435,-0.055852193644909676,0.02663007378578186,-0.37263089418411255,-0.06447274636354905,0.03467738628387451,-0.425344780087471,-0.06872456174221497,0.037220656871795654,-0.16890543699264526,-0.049204737207560356,0.05938827991485596,-0.2774272561073303,-0.06533179085579377,0.07280918955802917,-0.3442298173904419,-0.07499236266937714,0.08125460147857666,-0.393821120262146,-0.07932967346039277,0.07139530777931213,-0.14736676216125488,-0.057805925867228325,0.10102489590644836,-0.2315249741077423,-0.06823511075106126,0.11773431301116943,-0.27733173966407776,-0.06973560552921754,0.13010290265083313,-0.3168402910232544,-0.0690095613512085
Four,0.0,0.0,0.0,-0.04011179506778717,-0.0686989426612854,0.006147090895922247,-0.04566517472267151,-0.1351168155670166,0.0004642421527591978,-0.020540431141853333,-0.17885062098503113,-0.006627683908789095,0.005732312798500061,-0.19471895694732666,-0.015954536766855654,-0.03726959228515625,-0.18604731559753418,-0.028299088970868524,-0.04802688956260681,-0.28540343046188354,-0.046158117623178896,-0.05195091664791107,-0.348879337310791,-0.05419636648997539,-0.053046196699142456,-0.396145761013031,-0.05782948938116306,0.0001678764820098877,-0.1847437024116516,-0.040854093999712404,0.015991657972335815,-0.30287739634513855,-0.05881699678405994,0.02570316195487976,-0.3751645088195801,-0.06646629554137462,0.033312052488327026,-0.42708490788936615,-0.06965093445882076,0.03663599491119385,-0.1713857352733612,-0.051361223132460054,0.06031045317649841,-0.27898114919662476,-0.06849931311711543,0.07350599765777588,-0.3459341526031494,-0.07769622784957164,0.0814216136932373,-0.39544200897216797,-0.08141557258471721,0.07053473591804504,-0.14861774444580078,-0.060024534733145174,0.10124006867408752,-0.23296859860420227,-0.07135260236367458,0.11769047379493713,-0.27913427352905273,-0.07303335648879283,0.12936750054359436,-0.31865066289901733,-0.07222635430201763
Four,0.0,0.0,0.0,-0.04094211757183075,-0.06973898410797119,0.0065152764790070705,-0.046389952301979065,-0.13712942600250244,0.0010251539996204428,-0.02124558389186859,-0.1819199025630951,-0.00580537053716057,0.004954874515533447,-0.19907185435295105,-0.014674135623096163,-0.03829453885555267,-0.18759456276893616,-0.028161360090194876,-0.04901747405529022,-0.28807753324508667,-0.04594225264114016,-0.05270950496196747,-0.3517575263977051,-0.053808337216793234,-0.05377325415611267,-0.39907288551330566,-0.05721932104748362,-0.0009375065565109253,-0.1843990683555603,-0.040703406696735556,0.01493208110332489,-0.30363893508911133,-0.059226947044550116,0.024920180439949036,-0.3758266866207123,-0.06680546156090372,0.032663390040397644,-0.42755457758903503,-0.06964928857010477,0.03527693450450897,-0.17057830095291138,-0.05114965341013544,0.05813954770565033,-0.2788082957267761,-0.06876763901632899,0.07140256464481354,-0.3464587330818176,-0.07792663029354685,0.07932113111019135,-0.3966559171676636,-0.08127723834437006,0.06913377344608307,-0.1481839418411255,-0.05966476923745745,0.09952907264232635,-0.23400500416755676,-0.07073337039869898,0.11590038239955902,-0.2798108756542206,-0.07198810032528513,0.12746097147464752,-0.31862062215805054,-0.07075683972757929
Four,0.0,0.0,0.0,-0.04071877896785736,-0.07039546966552734,0.006645220078809189,-0.04597829282283783,-0.1387764811515808,0.0012853917230870593,-0.019663378596305847,-0.18452617526054382,-0.005505756728069855,0.008737131953239441,-0.20358824729919434,-0.014306772753315045,-0.038304537534713745,-0.18802297115325928,-0.027161835014538838,-0.0492032915353775,-0.28780853748321533,-0.044674113645868374,-0.053253188729286194,-0.3511308431625366,-0.0525139237490464,-0.05435355007648468,-0.3983086943626404,-0.056116577490882946,-0.0006053149700164795,-0.18582633137702942,-0.03980756576331146,0.014983788132667542,-0.3040332794189453,-0.05816817681463249,0.024677589535713196,-0.3756076693534851,-0.06610371197731979,0.0324559360742569,-0.4272083044052124,-0.06934237505467422,0.03591792285442352,-0.17222723364830017,-0.05035061787040718,0.058086201548576355,-0.28044942021369934,-0.06759985561640747,0.07122771441936493,-0.34690359234809875,-0.07643077547820099,0.07932312786579132,-0.396402508020401,-0.07979281271965988,0.06989358365535736,-0.14946073293685913,-0.05901240210206993,0.09937708079814911,-0.23394116759300232,-0.07013775433571823,0.11537294089794159,-0.2796388566493988,-0.07144118125708587,0.12690486013889313,-0.3188978433609009,-0.07030284430058487
Four,0.0,0.0,0.0,-0.040530234575271606,-0.07252144813537598,0.00551599965589844,-0.045075178146362305,-0.1433727741241455,-0.00040722443330309943,-0.016850024461746216,-0.18907901644706726,-0.007689701363716495,0.012921854853630066,-0.20746684074401855,-0.016817511961136233,-0.03800755739212036,-0.1886734962463379,-0.027482483506474864,-0.04911041259765625,-0.2885162830352783,-0.045216709345851314,-0.05318005383014679,-0.35178306698799133,-0.053421892196212184,-0.054476916790008545,-0.39921167492866516,-0.0572946853640417,-0.0006923526525497437,-0.18541362881660461,-0.039923507690701854,0.014607548713684082,-0.3034844994544983,-0.05821942907599009,0.024288415908813477,-0.3755432665348053,-0.06640458104041613,0.032023727893829346,-0.4277139902114868,-0.06993423399356402,0.035482436418533325,-0.1716631054878235,-0.05046130713847674,0.057292401790618896,-0.27931782603263855,-0.06784441319135226,0.07031354308128357,-0.3465397357940674,-0.07722906020310916,0.0781823992729187,-0.3966718912124634,-0.08096035566953219,0.0694911777973175,-0.14957869052886963,-0.05925877389339007,0.09950447082519531,-0.23466885089874268,-0.07030568268922366,0.11612969636917114,-0.28063976764678955,-0.07176382091668643,0.12817901372909546,-0.31999868154525757,-0.07083559778359927
Four,0.0,0.0,0.0,-0.04091285169124603,-0.07211166620254517,0.00523209509191247,-0.0457230806350708,-0.14136558771133423,-0.001088477715541103,-0.018039852380752563,-0.18573567271232605,-0.008750208348658362,0.010749205946922302,-0.2035181224346161,-0.01826575367960004,-0.03853178024291992,-0.1878279447555542,-0.02767671800467042,-0.05012154579162598,-0.28747349977493286,-0.04556832245799569,-0.05469658970832825,-0.3509675860404968,-0.05402304387899903,-0.056285083293914795,-0.3987865447998047,-0.05811568132850198,-0.0007224828004837036,-0.18557393550872803,-0.040034847029176035,0.01398119330406189,-0.3033815920352936,-0.058196196027722635,0.02298375964164734,-0.37525808811187744,-0.06644213355394868,0.029965132474899292,-0.42751795053482056,-0.07012535787436036,0.03567466139793396,-0.1723647117614746,-0.05049682564350633,0.057495057582855225,-0.28061240911483765,-0.06758100695225266,0.0703076720237732,-0.3473149240016937,-0.07664115882727174,0.07787978649139404,-0.39680784940719604,-0.08027567125174073,0.06950855255126953,-0.15044116973876953,-0.05928993008348016,0.09934946894645691,-0.23501372337341309,-0.07014576501461534,0.11564522981643677,-0.2810863256454468,-0.07141082144590882,0.12729626893997192,-0.32043808698654175,-0.07038670188995866
Four,0.0,0.0,0.0,-0.04003800451755524,-0.07496845722198486,0.005744302825831937,-0.04333379864692688,-0.14452755451202393,-0.00045529141200972845,-0.014496520161628723,-0.18895450234413147,-0.008089433243668509,0.01547136902809143,-0.20653054118156433,-0.017533230414784384,-0.03777575492858887,-0.18683388829231262,-0.02756913640180869,-0.04974648356437683,-0.28701335191726685,-0.045984430989420844,-0.0544789582490921,-0.351071834564209,-0.0549053501395349,-0.05603800714015961,-0.3992041349411011,-0.05917108320275588,-0.0003586411476135254,-0.1834026575088501,-0.04006761946359916,0.014476090669631958,-0.3016744554042816,-0.05853443481603904,0.023492246866226196,-0.3742173910140991,-0.06709541641751571,0.030593395233154297,-0.4269903898239136,-0.07092909031192107,0.03604486584663391,-0.16993838548660278,-0.05061422177234931,0.05781090259552002,-0.27888762950897217,-0.06779568158665938,0.07041147351264954,-0.34633541107177734,-0.07696420215646071,0.07794728875160217,-0.39663997292518616,-0.08059796952287002,0.07009285688400269,-0.14837771654129028,-0.0594391513673429,0.09981644153594971,-0.23336434364318848,-0.07021854334155364,0.11620211601257324,-0.2798600494861603,-0.07142260186950011,0.12828031182289124,-0.31991463899612427,-0.0703259285596971
Four,0.0,0.0,0.0,-0.040224164724349976,-0.0777236819267273,0.00626721323288848,-0.0415971577167511,-0.1506238579750061,0.0006789235333712895,-0.008926823735237122,-0.19441762566566467,-0.00623456065721939,0.023927420377731323,-0.20963925123214722,-0.014933709550575713,-0.03731846809387207,-0.18873637914657593,-0.026991111721770267,-0.05015003681182861,-0.2903612554073334,-0.044533663924710254,-0.05519585311412811,-0.3547168970108032,-0.052607984777466754,-0.05701372027397156,-0.40275055170059204,-0.05626153716065119,0.001091986894607544,-0.18449866771697998,-0.03940531754113863,0.01473844051361084,-0.3044484853744507,-0.057747141953484515,0.023316383361816406,-0.3776804506778717,-0.0662199086806936,0.030064523220062256,-0.43095719814300537,-0.06975514211870859,0.037959396839141846,-0.17093145847320557,-0.04972528808929155,0.05832022428512573,-0.28098955750465393,-0.06712838777519892,0.07051897048950195,-0.34943878650665283,-0.07681112506605814,0.07771974802017212,-0.4005777835845947,-0.08044733622290323,0.07209464907646179,-0.14971929788589478,-0.05811401599265764,0.10061424970626831,-0.23608416318893433,-0.06860850521542261,0.11664259433746338,-0.28218114376068115,-0.06954593726612757,0.1283016800880432,-0.3213585913181305,-0.06817298152662943
Four,0.0,0.0,0.0,-0.039242446422576904,-0.07823634147644043,0.005799506318481917,-0.040825262665748596,-0.15268456935882568,9.851043481035049e-05,-0.008320510387420654,-0.19839569926261902,-0.0069985939257719565,0.025417566299438477,-0.21562239527702332,-0.015722674790112023,-0.037702351808547974,-0.189665287733078,-0.026318972471443658,-0.050304606556892395,-0.2912410795688629,-0.04335436924108649,-0.05570650100708008,-0.3552566170692444,-0.050959210383979325,-0.05781176686286926,-0.40334635972976685,-0.054404280620900636,0.000714227557182312,-0.18640679121017456,-0.03864281951197768,0.01473352313041687,-0.30711331963539124,-0.056048187899676805,0.02391943335533142,-0.3796764612197876,-0.06393714948305274,0.03151121735572815,-0.43194150924682617,-0.06723204954275275,0.03798037767410278,-0.1732810139656067,-0.04898875905880118,0.05883985757827759,-0.28495514392852783,-0.0652647460878768,0.07209920883178711,-0.3527527153491974,-0.07411830826410437,0.08042001724243164,-0.4031171500682831,-0.07748047216543341,0.07272928953170776,-0.15205496549606323,-0.05760389893063689,0.10123145580291748,-0.2387465238571167,-0.06705408497461463,0.11742043495178223,-0.28509828448295593,-0.06746265991338873,0.129409521818161,-0.3243045508861542,-0.06589614554056311
Four,0.0,0.0,0.0,-0.0396103709936142,-0.07842528820037842,0.0075433139647600456,-0.0418977290391922,-0.1524091362953186,0.0024993309709486766,-0.010889247059822083,-0.19879937171936035,-0.004092958108032008,0.02129460871219635,-0.21692025661468506,-0.012340004373783131,-0.0385117381811142,-0.18991518020629883,-0.026043060053581257,-0.051336124539375305,-0.2918328046798706,-0.0428224101704302,-0.056741803884506226,-0.3560484051704407,-0.049912337962979336,-0.0590469092130661,-0.4041604995727539,-0.0529058136087599,-0.0001452118158340454,-0.18595874309539795,-0.03895361796438124,0.014517202973365784,-0.3077903389930725,-0.05687069967805769,0.023849204182624817,-0.38032129406929016,-0.06425675824701216,0.03135143220424652,-0.4323394298553467,-0.06689146236001875,0.03716327250003815,-0.17257177829742432,-0.049623776976460476,0.058179810643196106,-0.2851009666919708,-0.06624608561813261,0.07125754654407501,-0.3536059856414795,-0.07450702116310026,0.07934318482875824,-0.4049498438835144,-0.07716570124446775,0.07208777964115143,-0.15088534355163574,-0.05832525790154364,0.1003989428281784,-0.2397855520248413,-0.0674709163647833,0.11636213958263397,-0.2862302362918854,-0.06706774309694197,0.12810607254505157,-0.32536977529525757,-0.06477709189474012
Four,0.0,0.0,0.0,-0.03990285098552704,-0.07848244905471802,0.006826553902357091,-0.04208102822303772,-0.15172553062438965,0.0013560392556257739,-0.010230079293251038,-0.19662070274353027,-0.0056450842518813715,0.02284999191761017,-0.21280628442764282,-0.014401378167093526,-0.03779582679271698,-0.19132179021835327,-0.02641326846671177,-0.05121736228466034,-0.2928425073623657,-0.04341908456873966,-0.05682577192783356,-0.35710465908050537,-0.05094457702827526,-0.059019044041633606,-0.4054032564163208,-0.05428818898391796,0.0007638782262802124,-0.18755078315734863,-0.03913843916845394,0.01490090787410736,-0.3088447153568268,-0.05679463507723881,0.02396397292613983,-0.38150346279144287,-0.0644007875223167,0.03141181170940399,-0.4337996244430542,-0.06733571278047634,0.03819940984249115,-0.17402100563049316,-0.049706428368807565,0.058652088046073914,-0.286236047744751,-0.06594910757732464,0.07169543206691742,-0.35398024320602417,-0.07418826507520748,0.07995761930942535,-0.404403954744339,-0.07699252205085827,0.07315264642238617,-0.15236276388168335,-0.05845847638440205,0.1007804125547409,-0.24088576436042786,-0.06754398631048275,0.11665348708629608,-0.2871946692466736,-0.06721294211340023,0.1285601109266281,-0.32609879970550537,-0.06501455890131069
Four,0.0,0.0,0.0,-0.039977774024009705,-0.07842928171157837,0.00807013964791281,-0.04314492642879486,-0.15287047624588013,0.003551030732211302,-0.01295432448387146,-0.19958269596099854,-0.00266927344213741,0.01870223879814148,-0.2175644040107727,-0.010525462715435197,-0.039680540561676025,-0.19158059358596802,-0.02471691419791,-0.05271875858306885,-0.29318299889564514,-0.041111868372667004,-0.05806346237659454,-0.3572729825973511,-0.0481578079373719,-0.06017768383026123,-0.4053276777267456,-0.051133424541461636,-0.0014344006776809692,-0.1877238154411316,-0.037722886106479336,0.013501137495040894,-0.3096238672733307,-0.05484684979032295,0.023000329732894897,-0.38226377964019775,-0.06199584951113479,0.030686646699905396,-0.43419262766838074,-0.06455982526253479,0.03604239225387573,-0.17440617084503174,-0.04850468834351318,0.05731979012489319,-0.28647589683532715,-0.06428220917891281,0.0706421434879303,-0.35413822531700134,-0.07220090230416076,0.07905235886573792,-0.4043281674385071,-0.0747706001014592,0.07132282853126526,-0.15287399291992188,-0.05736452763389366,0.09970930218696594,-0.2408955991268158,-0.06582067956637161,0.11565956473350525,-0.2864232659339905,-0.06506075014780777,0.12749457359313965,-0.3244960904121399,-0.0625599255175473
Four,0.0,0.0,0.0,-0.04040740430355072,-0.07835978269577026,0.0078363924774294,-0.04328562319278717,-0.15269815921783447,0.0031963762382929417,-0.012629523873329163,-0.19956940412521362,-0.003076402142369261,0.01954294741153717,-0.21788126230239868,-0.011156254119896403,-0.03894142806529999,-0.19188427925109863,-0.025474349640035143,-0.05210019648075104,-0.29390233755111694,-0.04210282363715123,-0.05763804912567139,-0.358214795589447,-0.049397318295859804,-0.05973578989505768,-0.4067074656486511,-0.05269671105565976,-0.0005462765693664551,-0.18847668170928955,-0.03850202508988332,0.013872280716896057,-0.31008264422416687,-0.05611066394271802,0.02270554006099701,-0.38272467255592346,-0.06389644243540715,0.029704347252845764,-0.43501973152160645,-0.0669960255247588,0.03698281943798065,-0.17492252588272095,-0.049249983064555636,0.05747692286968231,-0.2874096632003784,-0.06560229756655644,0.07038857042789459,-0.35563409328460693,-0.07414526738944005,0.07827644050121307,-0.40677469968795776,-0.07722090431275319,0.07210607826709747,-0.15297114849090576,-0.05802179001989316,0.10014842450618744,-0.2415001392364502,-0.06736480691256475,0.11588744819164276,-0.28803160786628723,-0.0673794547540183,0.12763474881649017,-0.3274845778942108,-0.06546473749699544
Four,0.0,0.0,0.0,-0.04027290642261505,-0.07845801115036011,0.007707949023483707,-0.04356338083744049,-0.15244907140731812,0.0030678275448963177,-0.013619214296340942,-0.19977211952209473,-0.0031926683208212125,0.018121793866157532,-0.21914270520210266,-0.011177118174941825,-0.03946731984615326,-0.19041210412979126,-0.025379562057764815,-0.052753761410713196,-0.29256218671798706,-0.041938596643717574,-0.05823506414890289,-0.35693925619125366,-0.04899223265817909,-0.06029127538204193,-0.4052956700325012,-0.051986315526278304,-0.0009212791919708252,-0.1871035099029541,-0.03827886400392799,0.013706400990486145,-0.30888789892196655,-0.05551064876487999,0.022789135575294495,-0.3813842833042145,-0.06264194590619354,0.03004281222820282,-0.4331490993499756,-0.0652118150668457,0.036734774708747864,-0.1737527847290039,-0.04897143436244278,0.057715073227882385,-0.28611764311790466,-0.0648482639866188,0.07059080898761749,-0.354157030582428,-0.07268636418154983,0.07839994132518768,-0.40477514266967773,-0.07525264961293487,0.07197915017604828,-0.1519644856452942,-0.057765637763054656,0.09985275566577911,-0.24000391364097595,-0.06655499828627853,0.11528284847736359,-0.2864929139614105,-0.06603345019391327,0.12668092548847198,-0.32541728019714355,-0.06370034558347015
Four,0.0,0.0,0.0,-0.041277140378952026,-0.0768272876739502,0.006945466310781967,-0.04495048522949219,-0.1509649157524109,0.0020632486930765026,-0.01380804181098938,-0.19715943932533264,-0.004352272800105084,0.018514156341552734,-0.2145105004310608,-0.012599436412500609,-0.039440274238586426,-0.19221818447113037,-0.025498203779505957,-0.0526098906993866,-0.2946956157684326,-0.0420529207540028,-0.05811968445777893,-0.3590222895145416,-0.04942107930307316,-0.060125768184661865,-0.4074644446372986,-0.05281578734044956,-0.0005870610475540161,-0.18917572498321533,-0.03816211208228992,0.01363179087638855,-0.3109714984893799,-0.05547102897887157,0.02262517809867859,-0.3835161328315735,-0.06325236692552494,0.029949873685836792,-0.43582242727279663,-0.06642163529519962,0.036945194005966187,-0.17576360702514648,-0.048703122730302084,0.057851195335388184,-0.28868192434310913,-0.06494552626733707,0.07099893689155579,-0.35660403966903687,-0.07361987217788624,0.07914313673973083,-0.407126784324646,-0.07682250424747394,0.07180440425872803,-0.15396535396575928,-0.0573848447156422,0.10015901923179626,-0.24226891994476318,-0.06707425400142597,0.11597266793251038,-0.2891060709953308,-0.06747610106592106,0.12771746516227722,-0.3287014365196228,-0.06579540654544758
Four,0.0,0.0,0.0,-0.03999738395214081,-0.07975846529006958,0.007401319443602006,-0.042821332812309265,-0.15390419960021973,0.00241454596573476,-0.012227848172187805,-0.2018425166606903,-0.0041732804482990105,0.020860329270362854,-0.22209924459457397,-0.012435419727694352,-0.038992151618003845,-0.19054162502288818,-0.025308120307158788,-0.051877811551094055,-0.29197531938552856,-0.04206937855167325,-0.05722399055957794,-0.35622841119766235,-0.04948281055374082,-0.05902878940105438,-0.4047582149505615,-0.052816408929061254,-6.636977195739746e-05,-0.18706601858139038,-0.03818583047075208,0.01476280391216278,-0.3081786036491394,-0.05564185535592969,0.023989036679267883,-0.38059043884277344,-0.06320156460685666,0.031320348381996155,-0.43261396884918213,-0.06619578903598722,0.037877216935157776,-0.17346405982971191,-0.048870141860675176,0.058716341853141785,-0.28590667247772217,-0.06497285818738874,0.07165451347827911,-0.35436195135116577,-0.07293128525896009,0.07938028872013092,-0.4055330157279968,-0.07567692851705488,0.07301406562328339,-0.15133637189865112,-0.05767531996650632,0.1006576269865036,-0.2386394441127777,-0.06656740909500058,0.1159992665052414,-0.28521081805229187,-0.06602497702522214,0.12739072740077972,-0.32442522048950195,-0.06375850295705732
Four,0.0,0.0,0.0,-0.04108303785324097,-0.07613581418991089,0.0064041534787691035,-0.044971272349357605,-0.14907699823379517,0.0010330629883981146,-0.014150738716125488,-0.1944301724433899,-0.0057740943157398306,0.017600536346435547,-0.21114599704742432,-0.014362873102101048,-0.03864413499832153,-0.19240576028823853,-0.026227867754670342,-0.05182449519634247,-0.2942551076412201,-0.04299141332742806,-0.05721840262413025,-0.3583834171295166,-0.05055147275564309,-0.05934405326843262,-0.40658092498779297,-0.05405513063308831,0.00023157894611358643,-0.18928825855255127,-0.038686955871554574,0.014651209115982056,-0.31038135290145874,-0.05583719402787324,0.02366045117378235,-0.3823813796043396,-0.06337369844553109,0.030749350786209106,-0.43410739302635193,-0.06638666108486291,0.03761860728263855,-0.1758478283882141,-0.049080970289679726,0.058509111404418945,-0.28741225600242615,-0.06491187826034661,0.07152014970779419,-0.3549444079399109,-0.0732332678162777,0.07952854037284851,-0.4051755964756012,-0.07628182932970162,0.0722920298576355,-0.15376991033554077,-0.05772860214349862,0.10068455338478088,-0.2411353886127472,-0.06692475691673394,0.11637401580810547,-0.2872876226902008,-0.06696282193300362,0.12795951962471008,-0.3262041211128235,-0.06505304441091653
Four,0.0,0.0,0.0,-0.040873900055885315,-0.07809555530548096,0.007283931499813434,-0.04476083815097809,-0.1516892910003662,0.0024276179210289683,-0.014367789030075073,-0.1983875036239624,-0.003977944707031611,0.01776176691055298,-0.2170943021774292,-0.012087043938691977,-0.03881044685840607,-0.1915798783302307,-0.025407244083936575,-0.05186903476715088,-0.29369884729385376,-0.04198047388857162,-0.05723455548286438,-0.35793423652648926,-0.04913063217466629,-0.05927634239196777,-0.40606552362442017,-0.05221923310821808,6.312131881713867e-05,-0.18812990188598633,-0.038168678624089125,0.014981955289840698,-0.31003808975219727,-0.05526268352335251,0.024277716875076294,-0.38239210844039917,-0.06233997140591896,0.03171384334564209,-0.43387657403945923,-0.06485162918036735,0.03766977787017822,-0.17452853918075562,-0.04880147297447479,0.058526426553726196,-0.28660255670547485,-0.06449799482291496,0.0714336633682251,-0.35451024770736694,-0.07228918616240776,0.07938876748085022,-0.4050145149230957,-0.07487167660659111,0.07247394323348999,-0.1522579789161682,-0.05761478338902748,0.10004323720932007,-0.23926621675491333,-0.0663408288783387,0.11546891927719116,-0.28510504961013794,-0.0657452518171624,0.12710970640182495,-0.3235444724559784,-0.06334253643220222
Four,0.0,0.0,0.0,-0.04059290885925293,-0.07871794700622559,0.0068296009089579,-0.043916672468185425,-0.1535707712173462,0.0018769692510147706,-0.012917846441268921,-0.20085889101028442,-0.004569919186479865,0.019674062728881836,-0.21991631388664246,-0.012614244467414437,-0.03854721784591675,-0.19260048866271973,-0.025516763201750337,-0.05178871750831604,-0.29402267932891846,-0.042318437120712815,-0.057203128933906555,-0.358304888010025,-0.04967744263151985,-0.05914297699928284,-0.4066421389579773,-0.052940346172846375,8.067488670349121e-05,-0.18908536434173584,-0.038108389696873246,0.014324784278869629,-0.31007713079452515,-0.05562758060435158,0.023631632328033447,-0.3826178312301636,-0.06304579960445267,0.031290680170059204,-0.4344034790992737,-0.06583087878564697,0.03763866424560547,-0.17548304796218872,-0.04864329086879593,0.05841350555419922,-0.28659871220588684,-0.06492198990920883,0.07136577367782593,-0.35468846559524536,-0.07315241532663208,0.07932600378990173,-0.4054129421710968,-0.07593772547582489,0.0727231502532959,-0.1533096432685852,-0.05736635985115868,0.10109543800354004,-0.2405681014060974,-0.06650232510904175,0.11665663123130798,-0.2867433428764343,-0.06629879759887558,0.12810426950454712,-0.3254929780960083,-0.06418823438028198
Four,0.0,0.0,0.0,-0.04076355695724487,-0.07861489057540894,0.0063099694575612375,-0.04409955441951752,-0.1534571647644043,0.0007727400420662889,-0.012490779161453247,-0.20002558827400208,-0.00623396633682205,0.020886704325675964,-0.21821480989456177,-0.014913141620581882,-0.038656845688819885,-0.19229847192764282,-0.02607121028495385,-0.05171729624271393,-0.294440358877182,-0.04302839458478047,-0.05726134777069092,-0.35880881547927856,-0.050750105534916656,-0.0593675822019577,-0.40734878182411194,-0.05435967714083745,0.00035494565963745117,-0.18883150815963745,-0.038577618901854294,0.014852121472358704,-0.310019314289093,-0.05593126163375928,0.02404327690601349,-0.3823862075805664,-0.06358646497619702,0.031670764088630676,-0.4344620704650879,-0.06670829549921109,0.03816233575344086,-0.175062894821167,-0.04903092131507947,0.05905647575855255,-0.2875213027000427,-0.06502755627525403,0.07259581983089447,-0.3551921844482422,-0.07318667218578412,0.08115239441394806,-0.4054858684539795,-0.07611226931703641,0.07321946322917938,-0.15282946825027466,-0.05774973974121167,0.10122521221637726,-0.24020707607269287,-0.06676836953056409,0.11677183210849762,-0.28654319047927856,-0.06647328928602292,0.12834002077579498,-0.3255158066749573,-0.06438557699812009
Four,0.0,0.0,0.0,-0.04034988582134247,-0.07833594083786011,0.006462940364258429,-0.04345583915710449,-0.15261965990066528,0.0008934161161278098,-0.011663571000099182,-0.19806614518165588,-0.006218647234959462,0.02181445062160492,-0.21473383903503418,-0.015086918254269222,-0.03806687891483307,-0.1912410855293274,-0.026325196144057372,-0.05077984929084778,-0.2936200201511383,-0.04318588983721838,-0.05601505935192108,-0.358284056186676,-0.050613280502034286,-0.05779702961444855,-0.4069875478744507,-0.05400221806473837,0.0006142556667327881,-0.18798941373825073,-0.03890996810503111,0.015213415026664734,-0.3092542886734009,-0.056453786906672576,0.024615362286567688,-0.3817588984966278,-0.06396050017781363,0.03262798488140106,-0.4339674711227417,-0.06693115842051611,0.038250938057899475,-0.17438650131225586,-0.04940637585229979,0.05967949330806732,-0.28673821687698364,-0.06568496685929404,0.07323987782001495,-0.35484451055526733,-0.07405357819504843,0.08189456164836884,-0.40557369589805603,-0.07705828559107886,0.07337014377117157,-0.15232789516448975,-0.05811712902493582,0.10176645219326019,-0.23988500237464905,-0.06743996602006064,0.11738227307796478,-0.2865029275417328,-0.06741683941788779,0.12900029122829437,-0.3258900046348572,-0.06551664334244833
Four,0.0,0.0,0.0,-0.04086844623088837,-0.07738280296325684,0.006707879176275355,-0.04410213232040405,-0.15062707662582397,0.0011697140726312227,-0.012307733297348022,-0.19514381885528564,-0.005822858380241769,0.02087816596031189,-0.21018821001052856,-0.014619242938323396,-0.03828808665275574,-0.1912408471107483,-0.027114364856942075,-0.05149891972541809,-0.2933533787727356,-0.04398348143146791,-0.05673837661743164,-0.3577287793159485,-0.05129527261303224,-0.058505088090896606,-0.4059154987335205,-0.054503384584648984,0.0007129311561584473,-0.1875823736190796,-0.0396316047553853,0.01566639542579651,-0.309123158454895,-0.05729681214140214,0.024915337562561035,-0.38120585680007935,-0.0645402367954091,0.03238961100578308,-0.43287229537963867,-0.06718059589908876,0.03841298818588257,-0.17394381761550903,-0.04993222242043771,0.06036734580993652,-0.28635960817337036,-0.06615463604973115,0.07393461465835571,-0.35385945439338684,-0.07407765796230592,0.08229175209999084,-0.40385645627975464,-0.07661699464367189,0.07324138283729553,-0.15188682079315186,-0.05840308179901399,0.10209077596664429,-0.2403179109096527,-0.06734498550937928,0.11775150895118713,-0.2861499488353729,-0.0667442973499135,0.12914779782295227,-0.3242816925048828,-0.06433542778538026
Four,0.0,0.0,0.0,-0.040581926703453064,-0.07822233438491821,0.006989473695114157,-0.04396677017211914,-0.15197110176086426,0.0016083409862517328,-0.013118386268615723,-0.19785019755363464,-0.005278518670991161,0.019383281469345093,-0.215087890625,-0.013850465664461353,-0.03820300102233887,-0.19121915102005005,-0.026768402444020012,-0.05092418193817139,-0.2933797538280487,-0.0437867001311929,-0.05603685975074768,-0.3576415479183197,-0.05108658155967305,-0.05784079432487488,-0.4057964086532593,-0.05425901270081113,0.0003104209899902344,-0.18688178062438965,-0.03958466953207562,0.01535731554031372,-0.3089144825935364,-0.057908340604797104,0.024834275245666504,-0.38149434328079224,-0.06537369942833493,0.032525449991226196,-0.4335094094276428,-0.06799148327280591,0.03777572512626648,-0.1728692650794983,-0.050188846202388504,0.0595930814743042,-0.2853747010231018,-0.06685843622852872,0.07360002398490906,-0.35345229506492615,-0.07476751065422604,0.08239462971687317,-0.40413445234298706,-0.07713472402264188,0.07273977994918823,-0.15049958229064941,-0.05894090911914418,0.10109466314315796,-0.2394658923149109,-0.06792515820433209,0.11664724349975586,-0.285463809967041,-0.0671709359305055,0.12811997532844543,-0.32364070415496826,-0.06459090417791913
Four,0.0,0.0,0.0,-0.04051750898361206,-0.07869631052017212,0.006845780293389225,-0.0434989333152771,-0.15283972024917603,0.0014463202039962653,-0.012140214443206787,-0.19872361421585083,-0.00542884914304409,0.021037817001342773,-0.21606051921844482,-0.013957559020326471,-0.038334935903549194,-0.19092226028442383,-0.026765230932340955,-0.0511416494846344,-0.29272082448005676,-0.04386017087946925,-0.05629590153694153,-0.3570711016654968,-0.051395002641783094,-0.05809503793716431,-0.4054317772388458,-0.054777417221174574,0.00026237964630126953,-0.18657290935516357,-0.03946947667847667,0.015269279479980469,-0.3080434799194336,-0.057611506321535444,0.024706274271011353,-0.3806383013725281,-0.06526583422075305,0.03233695030212402,-0.43288400769233704,-0.0681866778815845,0.037866413593292236,-0.1726628541946411,-0.04997233290325198,0.059562474489212036,-0.28479817509651184,-0.06660106767068896,0.07350987195968628,-0.3527425527572632,-0.0747019349421123,0.08227607607841492,-0.403324156999588,-0.07730688143621478,0.0728575587272644,-0.15064287185668945,-0.05863085750590358,0.10149833559989929,-0.23917126655578613,-0.0677938385690311,0.11730653047561646,-0.28525447845458984,-0.06731205422531161,0.1290731430053711,-0.3236615061759949,-0.06497462827812228
Four,0.0,0.0,0.0,-0.04063989222049713,-0.07837057113647461,0.0066935666331744414,-0.043726786971092224,-0.15244197845458984,0.0011916722364446741,-0.01200096309185028,-0.1977042257785797,-0.005879369614859797,0.02114085853099823,-0.2144010066986084,-0.01464035972415445,-0.03869955241680145,-0.1920332908630371,-0.026159206921448686,-0.05120839178562164,-0.2936093807220459,-0.04322637110411165,-0.0563555508852005,-0.35800427198410034,-0.050912550235381104,-0.05808939039707184,-0.4064626097679138,-0.05448328568994043,-0.0001538097858428955,-0.18834024667739868,-0.03895071759282587,0.014678969979286194,-0.3089558184146881,-0.05723897605597017,0.0242144912481308,-0.3815118372440338,-0.0652415254658365,0.032130107283592224,-0.43398845195770264,-0.06842766940056322,0.03743584454059601,-0.17454135417938232,-0.0496078157371187,0.05958981812000275,-0.2864447832107544,-0.06647084146200655,0.0736590176820755,-0.35444462299346924,-0.07494131713568208,0.08248819410800934,-0.405081570148468,-0.077796126300683,0.07260574400424957,-0.1522424817085266,-0.058427671486725785,0.10192854702472687,-0.24016526341438293,-0.067814456815114,0.11781187355518341,-0.28668439388275146,-0.0676073679274225,0.1294742375612259,-0.32564789056777954,-0.06549557536303041
Four,0.0,0.0,0.0,-0.04036831855773926,-0.07864677906036377,0.00707371093801612,-0.04292750358581543,-0.15290850400924683,0.0017883265717273389,-0.01107858121395111,-0.19869360327720642,-0.005166282146205958,0.022168844938278198,-0.21583867073059082,-0.0139211530005241,-0.03755243122577667,-0.1923694610595703,-0.02552866024427658,-0.04998555779457092,-0.2942650318145752,-0.04234006648414379,-0.0550944060087204,-0.3586423993110657,-0.05004219730847126,-0.05665481090545654,-0.4073405861854553,-0.05370369201057201,0.0011014342308044434,-0.18934696912765503,-0.0383773634349609,0.016329139471054077,-0.3099488317966461,-0.055941935828855094,0.025805145502090454,-0.382792204618454,-0.063993707499435,0.03379338979721069,-0.4356500208377838,-0.0674390571331287,0.038554608821868896,-0.1755574345588684,-0.049038153341939505,0.06021922826766968,-0.2877168357372284,-0.0653100760792995,0.07415652275085449,-0.35531753301620483,-0.07385461052410847,0.08307486772537231,-0.40562015771865845,-0.07702653130047565,0.07338100671768188,-0.15327060222625732,-0.05783563872330433,0.10208579897880554,-0.24032354354858398,-0.0671670587872768,0.11790871620178223,-0.28679537773132324,-0.06716291626446491,0.12976181507110596,-0.32623207569122314,-0.06527918597214466
Four,0.0,0.0,0.0,-0.04050000011920929,-0.07822757959365845,0.007459143249462841,-0.04333958029747009,-0.1511141061782837,0.0025469412358063437,-0.012044519186019897,-0.19634702801704407,-0.00393435165457845,0.020358413457870483,-0.21331986784934998,-0.012114606724907162,-0.03777030110359192,-0.19165241718292236,-0.025624132642377617,-0.050448983907699585,-0.29346412420272827,-0.04221361030064941,-0.055595964193344116,-0.357891321182251,-0.049334264287580254,-0.05738919973373413,-0.4062070846557617,-0.05237799782477737,0.0009378790855407715,-0.1878519058227539,-0.038378062585223915,0.016212522983551025,-0.3091002106666565,-0.05598987538539291,0.025797218084335327,-0.3814469277858734,-0.06315469268881202,0.03354203701019287,-0.43302738666534424,-0.06562626633964896,0.038517534732818604,-0.17367994785308838,-0.04891414839946151,0.0604168176651001,-0.2850774824619293,-0.06506321851335883,0.07417657971382141,-0.35271209478378296,-0.07283062759958625,0.0826936662197113,-0.40275657176971436,-0.07516555760227561,0.07349547743797302,-0.15068942308425903,-0.05756193299018264,0.10209989547729492,-0.23812517523765564,-0.06611448798500419,0.11769714951515198,-0.28377196192741394,-0.06514446709476829,0.12919998168945312,-0.32155394554138184,-0.06244326654993415
Four,0.0,0.0,0.0,-0.04053063690662384,-0.07788336277008057,0.007124464672585873,-0.04361237585544586,-0.15151888132095337,0.0021458139573837798,-0.012139931321144104,-0.1966398060321808,-0.004378705106148573,0.020601660013198853,-0.21312716603279114,-0.012604001264492126,-0.03756839036941528,-0.192360520362854,-0.02576703606865749,-0.05031019449234009,-0.29373782873153687,-0.04238585970125541,-0.055380046367645264,-0.3580131530761719,-0.04955478972516403,-0.05712427198886871,-0.40620195865631104,-0.05268910369596824,0.000730469822883606,-0.18822264671325684,-0.03845036244712219,0.01580911874771118,-0.30908656120300293,-0.056282738509992214,0.02545011043548584,-0.38147833943367004,-0.0636096580954586,0.0333632230758667,-0.4331783354282379,-0.06620669207296714,0.037896692752838135,-0.17396992444992065,-0.0489941633375679,0.059922993183135986,-0.2849619388580322,-0.06556719383917198,0.07386606931686401,-0.35304927825927734,-0.07383408239803657,0.08268776535987854,-0.40354233980178833,-0.0764803200098072,0.07264059782028198,-0.1511998176574707,-0.05765545583091125,0.10203751921653748,-0.23865258693695068,-0.06684483430109367,0.11815640330314636,-0.2844041585922241,-0.06648917338571891,0.13010761141777039,-0.3224673569202423,-0.06421115836820945
Four,0.0,0.0,0.0,-0.040331318974494934,-0.07847261428833008,0.007150246108665215,-0.0429840087890625,-0.1523180603981018,0.0021990589320353138,-0.011459633708000183,-0.19774550199508667,-0.004329168890819801,0.021181553602218628,-0.21474900841712952,-0.012514370215342296,-0.037681788206100464,-0.192562997341156,-0.025346538705036892,-0.05021087825298309,-0.2941168248653412,-0.041903092247650875,-0.05520477890968323,-0.3584004044532776,-0.049176620972559704,-0.05682460963726044,-0.4067336916923523,-0.05242119981090809,0.0006834715604782104,-0.18851500749588013,-0.03803700460235859,0.01567310094833374,-0.3092010021209717,-0.055688536447689785,0.02534732222557068,-0.38159769773483276,-0.06318037090937878,0.03337326645851135,-0.43342822790145874,-0.06600227831046368,0.038013577461242676,-0.1743556261062622,-0.04858982442061688,0.05997011065483093,-0.2854604125022888,-0.0649455028597572,0.0740227997303009,-0.3531903028488159,-0.07316133258979107,0.08297386765480042,-0.4033888578414917,-0.0758736866537788,0.07290598750114441,-0.15180307626724243,-0.05728500215451504,0.10213243961334229,-0.23916029930114746,-0.06639180956523205,0.11823850870132446,-0.2850208580493927,-0.0660564812843063,0.13021492958068848,-0.32333648204803467,-0.06383680431287075
Four,0.0,0.0,0.0,-0.04056456685066223,-0.07818996906280518,0.0067975717148272,-0.0434107780456543,-0.1516672968864441,0.0015552257437718708,-0.011720538139343262,-0.1964094042778015,-0.005208047524234871,0.02112320065498352,-0.21263277530670166,-0.013618075240543703,-0.037947505712509155,-0.19195616245269775,-0.025953956831386904,-0.050653278827667236,-0.2935452461242676,-0.04281740165143333,-0.0556415319442749,-0.3579827547073364,-0.050339071963122706,-0.05719926953315735,-0.406388521194458,-0.053727666799119334,0.0005274266004562378,-0.18786096572875977,-0.038535325739673,0.015475243330001831,-0.3086632490158081,-0.056395477567008356,0.02519121766090393,-0.3811514675617218,-0.06401859498410545,0.03329336643218994,-0.4331209063529968,-0.06692678010850273,0.037991732358932495,-0.1738491654396057,-0.04898359156041465,0.05982595682144165,-0.2851226329803467,-0.06539647555737815,0.07383763790130615,-0.352877676486969,-0.07357985800891242,0.08280259370803833,-0.40308576822280884,-0.07625952637582145,0.07304510474205017,-0.15160363912582397,-0.057617078486970286,0.10214948654174805,-0.2390536069869995,-0.06669616228728614,0.11815384030342102,-0.28486451506614685,-0.066279436413339,0.13007593154907227,-0.32307982444763184,-0.06399040943770729
Four,0.0,0.0,0.0,-0.04064098000526428,-0.07764631509780884,0.006387533591464489,-0.04402044415473938,-0.15069764852523804,0.0007606452860500212,-0.01268237829208374,-0.19508680701255798,-0.006387377186342746,0.01998615264892578,-0.21070846915245056,-0.015175987063571483,-0.03826643526554108,-0.191819429397583,-0.026322327582761318,-0.0506836473941803,-0.2933526039123535,-0.04341128843896058,-0.055566370487213135,-0.35771656036376953,-0.0512084923969951,-0.05707581341266632,-0.4061872363090515,-0.054857265232726604,0.0002066195011138916,-0.18791812658309937,-0.03883968669049409,0.015209704637527466,-0.30838868021965027,-0.0566670224355903,0.02503177523612976,-0.3807675242424011,-0.06443238261215356,0.03328534960746765,-0.43290579319000244,-0.06757596137993005,0.03779980540275574,-0.17400521039962769,-0.04926951232425836,0.05991768836975098,-0.28512296080589294,-0.06549958142511514,0.07423707842826843,-0.3527563214302063,-0.07365363094083932,0.08354300260543823,-0.4029389023780823,-0.0764738917636123,0.07301321625709534,-0.15181630849838257,-0.05796950313322213,0.10216256976127625,-0.23864316940307617,-0.06696745011083749,0.11802661418914795,-0.28450292348861694,-0.06661193820707467,0.12988853454589844,-0.3229486346244812,-0.06445631387703088
Four,0.0,0.0,0.0,-0.04108831286430359,-0.07639944553375244,0.0056167361229597645,-0.0447496622800827,-0.14895427227020264,-0.0006267897648797316,-0.013261288404464722,-0.1922253966331482,-0.008409457290923683,0.019581586122512817,-0.20656931400299072,-0.01808416285589942,-0.038092464208602905,-0.1911475658416748,-0.026872348050034134,-0.0504876971244812,-0.2927413582801819,-0.044012641543901054,-0.05517488718032837,-0.3567945063114166,-0.05195148103908309,-0.05639907717704773,-0.4051206111907959,-0.05580291711763152,0.0005255043506622314,-0.18858563899993896,-0.039312494928395836,0.015884876251220703,-0.3084487020969391,-0.056805798793590156,0.025488346815109253,-0.38062986731529236,-0.06469160505608329,0.03359463810920715,-0.43302467465400696,-0.06809328683689841,0.03795903921127319,-0.17482048273086548,-0.0497636329479576,0.05987676978111267,-0.28666597604751587,-0.06595836021975288,0.07371839880943298,-0.3543126583099365,-0.07463956066445121,0.08260497450828552,-0.40443646907806396,-0.078041562820232,0.07275813817977905,-0.15209448337554932,-0.058537287647283165,0.10167446732521057,-0.23817729949951172,-0.06824217923954734,0.11754831671714783,-0.28468698263168335,-0.06868305244520911,0.12951454520225525,-0.32392391562461853,-0.06714765169695625
Four,0.0,0.0,0.0,-0.04023352265357971,-0.07743197679519653,0.00631341555518361,-0.04305070638656616,-0.15121537446975708,0.0007749395062148778,-0.01140490174293518,-0.19561976194381714,-0.006370129684086123,0.021005451679229736,-0.21124187111854553,-0.015196548463876525,-0.0376897007226944,-0.19202160835266113,-0.025096112551267424,-0.050306618213653564,-0.29344984889030457,-0.041539735781128684,-0.05545473098754883,-0.3575286269187927,-0.04895855082767753,-0.05719950795173645,-0.40560004115104675,-0.05242177812951354,0.0006831586360931396,-0.18878865242004395,-0.03772809697883872,0.01566949486732483,-0.3091174364089966,-0.05474428428905753,0.025519192218780518,-0.38132596015930176,-0.06220480023520736,0.03382688760757446,-0.4332570433616638,-0.06518978594439773,0.03799840807914734,-0.1748155951499939,-0.0484005842973545,0.059636980295181274,-0.28667110204696655,-0.06431883542435912,0.07393693923950195,-0.3542720675468445,-0.0726739239563301,0.08322873711585999,-0.40426182746887207,-0.07573718546527175,0.07298687100410461,-0.15218091011047363,-0.05735443501370696,0.10151201486587524,-0.23861023783683777,-0.06652024357217101,0.11749592423439026,-0.2846698462963104,-0.06643226711648254,0.12948420643806458,-0.32318049669265747,-0.06451279638903884
Four,0.0,0.0,0.0,-0.03973238170146942,-0.07869118452072144,0.0066655645954085685,-0.04205034673213959,-0.15301179885864258,0.0012971124254761435,-0.010304853320121765,-0.19847416877746582,-0.005660293170564046,0.022771015763282776,-0.21555733680725098,-0.01425124333550798,-0.037675485014915466,-0.19151932001113892,-0.025289051247142424,-0.05002196133136749,-0.2930327355861664,-0.041927477357290854,-0.05499497056007385,-0.3571060299873352,-0.049409197655819526,-0.05662797391414642,-0.40530216693878174,-0.05289191940178739,0.0008348077535629272,-0.18763631582260132,-0.03804422357430326,0.0161503404378891,-0.3082686960697174,-0.05548314937701093,0.025986984372138977,-0.38064712285995483,-0.06316144206871854,0.034027084708213806,-0.4328245520591736,-0.06626185962309705,0.03828690946102142,-0.17350751161575317,-0.04875237682213651,0.06004162132740021,-0.28564152121543884,-0.0650049690281378,0.07438375055789948,-0.35346439480781555,-0.07335736790051328,0.08345983922481537,-0.4038742482662201,-0.0763373989736067,0.0732535868883133,-0.1509406566619873,-0.057676093665264716,0.10191585123538971,-0.23794278502464294,-0.06694843062510358,0.11792294681072235,-0.28408733010292053,-0.06679949351897108,0.12978844344615936,-0.3227846920490265,-0.06480618008723127
Four,0.0,0.0,0.0,-0.039853259921073914,-0.07834863662719727,0.006954430632845288,-0.04219329357147217,-0.15252339839935303,0.001892916422889357,-0.010464727878570557,-0.19798684120178223,-0.004783419861837501,0.022268742322921753,-0.21486130356788635,-0.013131721846207256,-0.03741884231567383,-0.19219881296157837,-0.02476422485653984,-0.04988360404968262,-0.29363539814949036,-0.0410952176595174,-0.05488809943199158,-0.35768476128578186,-0.04837093685512173,-0.05657200515270233,-0.40572941303253174,-0.051709784164472694,0.001145690679550171,-0.18838363885879517,-0.03750982318763363,0.016201823949813843,-0.30886149406433105,-0.054669598087116356,0.02604687213897705,-0.38120269775390625,-0.06216582466606724,0.03409546613693237,-0.4331916570663452,-0.06510028053764927,0.03847700357437134,-0.17419737577438354,-0.048200214251323814,0.05996653437614441,-0.28604525327682495,-0.06428007592205631,0.07408908009529114,-0.354000985622406,-0.07261194099430668,0.08299204707145691,-0.4044809341430664,-0.07555042762999165,0.07334351539611816,-0.15146493911743164,-0.05706332062129604,0.10195666551589966,-0.23853114247322083,-0.06620908339266407,0.11787423491477966,-0.2845728099346161,-0.06600715775732624,0.12959182262420654,-0.32312148809432983,-0.06395084966663944
Four,0.0,0.0,0.0,-0.03959012031555176,-0.07903003692626953,0.007147366852308323,-0.04179218411445618,-0.15359824895858765,0.002263885895530393,-0.009937763214111328,-0.19916710257530212,-0.00427405236214895,0.023180454969406128,-0.21615302562713623,-0.012455601970856378,-0.037396520376205444,-0.19251221418380737,-0.024218906442825983,-0.04969334602355957,-0.2939358353614807,-0.04045523961931963,-0.05460624396800995,-0.3579310178756714,-0.047654437626903245,-0.05623951554298401,-0.40596312284469604,-0.05092220267206926,0.0012430548667907715,-0.1885940432548523,-0.03702147936374445,0.016385018825531006,-0.30906039476394653,-0.05400765946060915,0.026206493377685547,-0.3812870383262634,-0.06139644121677179,0.03416496515274048,-0.4331369996070862,-0.0642539214149167,0.03865706920623779,-0.17432981729507446,-0.04779190828949709,0.0603155791759491,-0.28567034006118774,-0.06370646020323534,0.07436820864677429,-0.3536040782928467,-0.07196977248341341,0.08315619826316833,-0.40413716435432434,-0.07486903926283617,0.07357043027877808,-0.1516227126121521,-0.056738792712991426,0.10221722722053528,-0.23822498321533203,-0.06567738464028139,0.1180984377861023,-0.2841144800186157,-0.06536978742033739,0.12976321578025818,-0.32251185178756714,-0.0632565270915677
Four,0.0,0.0,0.0,-0.03936539590358734,-0.07932311296463013,0.006940504443235795,-0.04124493896961212,-0.15357166528701782,0.0017307369507477688,-0.009406745433807373,-0.19899097084999084,-0.005093484744094212,0.024124041199684143,-0.21593990921974182,-0.013649338483475049,-0.036755338311195374,-0.1912825107574463,-0.02528274673935016,-0.04848925769329071,-0.292617529630661,-0.041715115867219765,-0.053118035197257996,-0.35650381445884705,-0.048972510359845955,-0.05433954298496246,-0.40474623441696167,-0.05230565052445968,0.001947745680809021,-0.18783515691757202,-0.03794233929332336,0.017501816153526306,-0.30773934721946716,-0.055071645043454964,0.027316555380821228,-0.37969905138015747,-0.06250749211724838,0.035459861159324646,-0.43175601959228516,-0.06550738643821319,0.03959245979785919,-0.17383503913879395,-0.048477255366407235,0.06160829961299896,-0.2852742075920105,-0.06436849813874801,0.07570813596248627,-0.35274678468704224,-0.07245973926004012,0.08467836678028107,-0.4030248522758484,-0.07535736691173156,0.07450367510318756,-0.151292085647583,-0.05720123331960281,0.10324253141880035,-0.23766237497329712,-0.06621058713611205,0.11925183236598969,-0.283758282661438,-0.06597245167907317,0.13114209473133087,-0.32260680198669434,-0.06395937185700973
Four,0.0,0.0,0.0,-0.039585843682289124,-0.07802724838256836,0.00642371571805711,-0.04171682894229889,-0.1516791582107544,0.0010549665726387047,-0.009959697723388672,-0.19573643803596497,-0.0059729877561665035,0.02273908257484436,-0.21116623282432556,-0.014829927839372203,-0.036536574363708496,-0.19258880615234375,-0.02480300680551295,-0.0486491322517395,-0.2940143644809723,-0.04141339079293971,-0.053355008363723755,-0.3578457832336426,-0.04886880681667094,-0.05485120415687561,-0.40584492683410645,-0.05233480945977931,0.002257108688354492,-0.1890372633934021,-0.037606427229974315,0.01776796579360962,-0.3092308044433594,-0.05499671191725497,0.027474641799926758,-0.38139426708221436,-0.06278742269429927,0.0352364182472229,-0.43374213576316833,-0.06591924444589381,0.03948977589607239,-0.1748625636100769,-0.048490496136281536,0.061381518840789795,-0.28602010011672974,-0.06460844144973521,0.07522132992744446,-0.353787899017334,-0.07330633864555125,0.08383670449256897,-0.4045912027359009,-0.0765408293977714,0.07402956485748291,-0.1521739363670349,-0.057652650184962795,0.10241493582725525,-0.23877057433128357,-0.06706839219484095,0.11819565296173096,-0.2851969599723816,-0.0673841254487968,0.12988939881324768,-0.32448071241378784,-0.06570551709089045
Four,0.0,0.0,0.0,-0.03896225988864899,-0.07913964986801147,0.00736190385796931,-0.041423723101615906,-0.15332955121994019,0.002405609075509574,-0.010729774832725525,-0.19981318712234497,-0.004340830653376315,0.02230493724346161,-0.21849513053894043,-0.012872844397492145,-0.03739641606807709,-0.1900058388710022,-0.024419127426511977,-0.0494488924741745,-0.2909477949142456,-0.04079169819451067,-0.054169073700904846,-0.35441550612449646,-0.047981802768475745,-0.055631861090660095,-0.402370810508728,-0.05126644710398409,0.0011621266603469849,-0.18653136491775513,-0.037472725308902,0.017102167010307312,-0.3071027994155884,-0.05429137165046427,0.026961728930473328,-0.37902647256851196,-0.06163119564152453,0.03479073941707611,-0.4307962656021118,-0.06464308539725039,0.03875075280666351,-0.1724478006362915,-0.048467394358880256,0.06103627383708954,-0.28423428535461426,-0.06401881615019533,0.07473085820674896,-0.35152649879455566,-0.07197774986124728,0.08308170735836029,-0.4016614556312561,-0.07494409421778414,0.07365776598453522,-0.14969605207443237,-0.05766722226834986,0.10185001790523529,-0.23627129197120667,-0.06650678852892611,0.11746300756931305,-0.28258758783340454,-0.06624850670195315,0.12893866002559662,-0.32176733016967773,-0.06431145260430071
Four,0.0,0.0,0.0,-0.039217233657836914,-0.07881814241409302,0.006569859989326687,-0.04098869860172272,-0.15213805437088013,0.00089692581525469,-0.008834302425384521,-0.195875346660614,-0.006467081654477624,0.024034887552261353,-0.21147480607032776,-0.015679875902492313,-0.03600716590881348,-0.19212764501571655,-0.025457455359060077,-0.04815825819969177,-0.292809396982193,-0.04223946905847242,-0.05298224091529846,-0.35642197728157043,-0.049967147923666744,-0.05448940396308899,-0.4045327305793762,-0.05369611135836294,0.002391442656517029,-0.18841922283172607,-0.0383824487697666,0.017412126064300537,-0.30808335542678833,-0.055934131659228115,0.027281343936920166,-0.3802778124809265,-0.06401970661397627,0.03556549549102783,-0.43279707431793213,-0.06751324660297087,0.03948065638542175,-0.1742880940437317,-0.049280331052500514,0.06119567155838013,-0.2858201861381531,-0.06568932212110212,0.07553887367248535,-0.3536927103996277,-0.07467053509469679,0.08490869402885437,-0.40452808141708374,-0.07819216377254179,0.07399961352348328,-0.15164220333099365,-0.058388885624367504,0.10248717665672302,-0.23860317468643188,-0.06811203486438444,0.11865466833114624,-0.284673273563385,-0.06855565733428648,0.13081258535385132,-0.3236878514289856,-0.06703924066539457
Four,0.0,0.0,0.0,-0.038847923278808594,-0.07853907346725464,0.00694213803356547,-0.04118144512176514,-0.15244930982589722,0.0017322030194293347,-0.010341599583625793,-0.19874495267868042,-0.005191403949055484,0.022543400526046753,-0.21731191873550415,-0.013869952918383888,-0.037280961871147156,-0.18977749347686768,-0.024754372933301738,-0.04931478202342987,-0.29043424129486084,-0.04121102536598187,-0.05404147505760193,-0.3538511395454407,-0.04852323378005963,-0.05554746091365814,-0.4017704129219055,-0.05194056178012829,0.001292496919631958,-0.18658792972564697,-0.037635290571842006,0.01701781153678894,-0.3067237138748169,-0.05470644454041462,0.02696886658668518,-0.37867677211761475,-0.0623421869663332,0.03492733836174011,-0.43066972494125366,-0.0655813976613615,0.03872251510620117,-0.17277735471725464,-0.048469906249437145,0.06092876195907593,-0.2843267321586609,-0.06428655380884152,0.0748235285282135,-0.3516106605529785,-0.07255768174806576,0.08337485790252686,-0.4018286466598511,-0.07573211337009411,0.07335758209228516,-0.1502576470375061,-0.0575177460400198,0.10174492001533508,-0.23639017343521118,-0.06662549222389202,0.11760243773460388,-0.28257715702056885,-0.06662497068325024,0.12932997941970825,-0.32173994183540344,-0.06486444319168072
Four,0.0,0.0,0.0,-0.03934486210346222,-0.07808887958526611,0.006522400944703577,-0.04131630063056946,-0.1512874960899353,0.0009636600732108036,-0.009598538279533386,-0.1956842541694641,-0.0061997708983483335,0.023116782307624817,-0.21210074424743652,-0.015204628289467337,-0.036108702421188354,-0.19138550758361816,-0.02572360477668667,-0.04854781925678253,-0.2920038104057312,-0.042542971961921694,-0.05337470769882202,-0.3556344509124756,-0.050247274630493166,-0.05482058227062225,-0.403684139251709,-0.05392826377672577,0.002216160297393799,-0.1874874234199524,-0.03848788171333695,0.017197176814079285,-0.30709198117256165,-0.056291062676137926,0.0269211083650589,-0.37940144538879395,-0.0644863064519825,0.03498281538486481,-0.4320349395275116,-0.06799868150872612,0.03921808302402496,-0.17330700159072876,-0.049186308228200915,0.06089313328266144,-0.2848188877105713,-0.06578905537051583,0.07500042021274567,-0.35285407304763794,-0.07480129256171608,0.08408017456531525,-0.40389537811279297,-0.07828724040908241,0.07344980537891388,-0.15068304538726807,-0.05806747108024979,0.10206343233585358,-0.2376558780670166,-0.06793536647481346,0.11824013292789459,-0.2838295102119446,-0.06844673707408333,0.13040973246097565,-0.32301628589630127,-0.06693222775382424
Four,0.0,0.0,0.0,-0.038865745067596436,-0.07769596576690674,0.0071442122346638826,-0.041070908308029175,-0.15103024244308472,0.002063783328878799,-0.009750396013259888,-0.19611477851867676,-0.004750708140534243,0.023043453693389893,-0.21363037824630737,-0.013485872209173522,-0.03677961230278015,-0.19005656242370605,-0.024665270023149333,-0.048834964632987976,-0.290632039308548,-0.0409281943217934,-0.05367887020111084,-0.35413408279418945,-0.04810401985804447,-0.0551762580871582,-0.40208008885383606,-0.051451290048760256,0.0018316805362701416,-0.18715441226959229,-0.03760848010341533,0.01731070876121521,-0.3070395290851593,-0.05461915025870212,0.027149677276611328,-0.3789293169975281,-0.06222490409771808,0.03513556718826294,-0.4309648871421814,-0.06542880276600727,0.03912380337715149,-0.1731945276260376,-0.04847187364856609,0.06163865327835083,-0.2850637137889862,-0.06433940867344745,0.07555052638053894,-0.35247236490249634,-0.07273930499712833,0.0841987133026123,-0.40282246470451355,-0.07598217020193943,0.07357978820800781,-0.1503826379776001,-0.0574955959097565,0.10204511880874634,-0.23713454604148865,-0.06686829964081653,0.11804014444351196,-0.28361377120018005,-0.06704903582493671,0.12992581725120544,-0.3229966461658478,-0.0653788391725243
Four,0.0,0.0,0.0,-0.03876885771751404,-0.07941347360610962,0.007104623208221028,-0.040924444794654846,-0.15232354402542114,0.00178863988949729,-0.010117784142494202,-0.1968044936656952,-0.00533204611164706,0.022675752639770508,-0.21411609649658203,-0.014219239743027856,-0.03720219433307648,-0.1893197000026703,-0.0243421256705858,-0.04913315176963806,-0.2886654734611511,-0.04092519210425394,-0.053967565298080444,-0.3515836000442505,-0.048399633185539415,-0.055683329701423645,-0.39899930357933044,-0.0518612362608053,0.0011196732521057129,-0.18600469827651978,-0.03738386781660097,0.016541600227355957,-0.3049948215484619,-0.05439314843860643,0.02634364366531372,-0.37639015913009644,-0.06190265940276163,0.03439676761627197,-0.4278925657272339,-0.06501016245928781,0.0382750928401947,-0.1721658706665039,-0.048431264625463655,0.06052699685096741,-0.2822111248970032,-0.06405318753567713,0.07420548796653748,-0.3491054177284241,-0.07211363540736215,0.08289158344268799,-0.3990773558616638,-0.07512518243638056,0.07282909750938416,-0.14978986978530884,-0.057732267694149186,0.1010206937789917,-0.23452427983283997,-0.06655322985497492,0.11675873398780823,-0.28072604537010193,-0.0663878567680456,0.1285083293914795,-0.319977730512619,-0.06450668947545068
Four,0.0,0.0,0.0,-0.03901675343513489,-0.0787932276725769,0.007677881712197632,-0.04110705852508545,-0.1519761085510254,0.0027850081344240607,-0.009766370058059692,-0.19689470529556274,-0.0037937625645554363,0.02294522523880005,-0.21388280391693115,-0.012116583330453068,-0.037523671984672546,-0.18981125950813293,-0.0248408199156529,-0.04957500100135803,-0.29003164172172546,-0.04116314210546079,-0.05449336767196655,-0.3532906770706177,-0.048300276776672035,-0.05629672110080719,-0.40077096223831177,-0.05147753216874662,0.0008032023906707764,-0.18573498725891113,-0.037768471320987373,0.015735089778900146,-0.30485036969184875,-0.05507748507511678,0.02545994520187378,-0.3765701651573181,-0.0625472322906262,0.0334838330745697,-0.4283011257648468,-0.06543388523709837,0.03811022639274597,-0.1715240478515625,-0.04850425132167402,0.0595373809337616,-0.2817060351371765,-0.06462147392880979,0.07343888282775879,-0.348876416683197,-0.07279663093936506,0.08235439658164978,-0.39910733699798584,-0.07558705218684736,0.07290539145469666,-0.14900577068328857,-0.057305506696820885,0.10123974084854126,-0.23539012670516968,-0.06638608433854642,0.11718842387199402,-0.28118419647216797,-0.06609441645991865,0.12898191809654236,-0.3199460506439209,-0.06395211376798215
Four,0.0,0.0,0.0,-0.03939808905124664,-0.07915204763412476,0.0074117983227779405,-0.04181759059429169,-0.15260642766952515,0.002375085931475951,-0.010670110583305359,-0.19803988933563232,-0.0043279469476829036,0.021948590874671936,-0.21563786268234253,-0.012747091380674647,-0.03800348937511444,-0.18957573175430298,-0.025035396357793616,-0.04991990327835083,-0.28988397121429443,-0.04169831438900928,-0.054738566279411316,-0.3533327579498291,-0.04926362275125484,-0.056343987584114075,-0.4012128710746765,-0.05277755497934322,0.0002591162919998169,-0.1854000687599182,-0.03789728148819904,0.015336200594902039,-0.30458587408065796,-0.05540029718520145,0.02511785924434662,-0.3767801523208618,-0.06333083300830822,0.03326021134853363,-0.42912882566452026,-0.06665689884664516,0.037559494376182556,-0.1712297797203064,-0.04857743917943935,0.059046581387519836,-0.28166696429252625,-0.06484181075336437,0.07297022640705109,-0.34895244240760803,-0.0732546636367033,0.08198873698711395,-0.3992495536804199,-0.07627375810386638,0.07231740653514862,-0.14897406101226807,-0.057360660424251364,0.10084648430347443,-0.23520445823669434,-0.06669520228149395,0.11680842936038971,-0.28115054965019226,-0.06665639965774517,0.12875781953334808,-0.3201430141925812,-0.06471189497949581
Four,0.0,0.0,0.0,-0.03934398293495178,-0.07900285720825195,0.0073968465597147315,-0.04176805913448334,-0.1520596742630005,0.002181162142079529,-0.010554209351539612,-0.19732919335365295,-0.004720309267867151,0.022316083312034607,-0.21488016843795776,-0.013392814885008875,-0.03755845129489899,-0.18927767872810364,-0.02549431890540177,-0.049372389912605286,-0.28962451219558716,-0.04236765809648091,-0.054272979497909546,-0.3531506359577179,-0.05000123612873608,-0.05592919886112213,-0.40113818645477295,-0.05355578892223889,0.0005590319633483887,-0.18550503253936768,-0.03845805906050259,0.01579485833644867,-0.3047517240047455,-0.05622553684108311,0.025577470660209656,-0.37718459963798523,-0.06429893754713589,0.033717259764671326,-0.429808646440506,-0.06771336727135235,0.037704601883888245,-0.17142248153686523,-0.04920913882844502,0.05929239094257355,-0.2819597125053406,-0.06575235210650021,0.07322134077548981,-0.3494229316711426,-0.07432489328377301,0.08221180737018585,-0.3999621272087097,-0.07742896162264401,0.07230933010578156,-0.14897197484970093,-0.0580353052198177,0.10083834826946259,-0.2352660894393921,-0.06764251224987561,0.1168157309293747,-0.28131136298179626,-0.06773802869312817,0.12880082428455353,-0.32045984268188477,-0.06586785100691372
Four,0.0,0.0,0.0,-0.039646878838539124,-0.07831782102584839,0.007126813054782133,-0.04232674837112427,-0.1512383222579956,0.001822042859856765,-0.011160314083099365,-0.19614484906196594,-0.0051466620073199465,0.021549731492996216,-0.21320149302482605,-0.013871425531107207,-0.03763765096664429,-0.1888890266418457,-0.025528913132149,-0.049612268805503845,-0.2896110415458679,-0.04238648689468505,-0.05440717935562134,-0.3531842827796936,-0.04996881610830428,-0.055946141481399536,-0.4009419083595276,-0.05346028856118323,0.0004960894584655762,-0.1852077841758728,-0.03832464642007949,0.015519291162490845,-0.30467191338539124,-0.0559901816316426,0.02538508176803589,-0.3769929111003876,-0.06389432004769446,0.033685147762298584,-0.4293230175971985,-0.06715897820075156,0.03764861822128296,-0.17132866382598877,-0.048973519123393316,0.05899238586425781,-0.2822345495223999,-0.06540938071091773,0.07286679744720459,-0.3497151732444763,-0.07392138592084052,0.08192521333694458,-0.4000956416130066,-0.0769937669404328,0.07226461172103882,-0.14909398555755615,-0.05774327716906669,0.10086199641227722,-0.23512017726898193,-0.06733648083289268,0.11692658066749573,-0.28116437792778015,-0.06750449142535331,0.1290457844734192,-0.32023993134498596,-0.06566942087491157
Four,0.0,0.0,0.0,-0.039802029728889465,-0.07831889390945435,0.006913855670120483,-0.04251717031002045,-0.15112286806106567,0.0014096423965952454,-0.011484622955322266,-0.1961860954761505,-0.005718443078819746,0.02115611732006073,-0.2134554386138916,-0.014610749205473894,-0.03770773112773895,-0.1887277066707611,-0.026123473888162607,-0.04974733293056488,-0.2893270254135132,-0.04317041905773067,-0.05452860891819,-0.35282471776008606,-0.05078729288828754,-0.0560791939496994,-0.40056824684143066,-0.05427986057651424,0.000314563512802124,-0.18474072217941284,-0.03891505347741031,0.015560939908027649,-0.30440741777420044,-0.0570013527776041,0.025385454297065735,-0.37686243653297424,-0.06506609963429355,0.03348509967327118,-0.4292890429496765,-0.06836861418736362,0.037332966923713684,-0.17078441381454468,-0.049552500715378756,0.05854199826717377,-0.2815217673778534,-0.06632853346121692,0.07208268344402313,-0.34908562898635864,-0.07501646178019428,0.08078296482563019,-0.3995468020439148,-0.0781308938766756,0.07183609902858734,-0.14863300323486328,-0.05830737995160007,0.10043357312679291,-0.235056072473526,-0.06813874142420673,0.11656929552555084,-0.28133630752563477,-0.06849681632769489,0.12878282368183136,-0.32058122754096985,-0.06677144067538165
Four,0.0,0.0,0.0,-0.040259167551994324,-0.07711982727050781,0.005977950898113704,-0.043214812874794006,-0.14971452951431274,0.00017098444618568465,-0.01202903687953949,-0.1941642165184021,-0.007216705567088866,0.020172372460365295,-0.21060657501220703,-0.0163518247184129,-0.037587568163871765,-0.19009637832641602,-0.02564711319178059,-0.049443334341049194,-0.2905471622943878,-0.042714905085858845,-0.05413629114627838,-0.3540779948234558,-0.050778012814816975,-0.05574798583984375,-0.40190625190734863,-0.05466916048794701,0.00043264031410217285,-0.18644195795059204,-0.038202904256877446,0.015354201197624207,-0.3058105707168579,-0.055863935592469716,0.025160983204841614,-0.37835341691970825,-0.0642010756757827,0.0333719402551651,-0.4310722053050995,-0.06786034637957528,0.03731913864612579,-0.17251211404800415,-0.04880438009172394,0.058351561427116394,-0.2833927571773529,-0.06536321723729088,0.07218901813030243,-0.3511677384376526,-0.07445463174849465,0.08128760755062103,-0.40167534351348877,-0.0780081116583915,0.07174395024776459,-0.15036702156066895,-0.057669002654847645,0.10015781223773956,-0.2364845871925354,-0.06765754157572701,0.11633257567882538,-0.2826489508152008,-0.06831875825196221,0.12865345180034637,-0.3217647075653076,-0.06686815256148293
Four,0.0,0.0,0.0,-0.03987531363964081,-0.07835620641708374,0.006793787679043817,-0.04204988479614258,-0.15118944644927979,0.0015440010226939194,-0.010322853922843933,-0.19550099968910217,-0.005399023672225667,0.02248986065387726,-0.21196863055229187,-0.014078471367838574,-0.03731386363506317,-0.19089150428771973,-0.024221584690394593,-0.04932057857513428,-0.29088646173477173,-0.04077553425508995,-0.054102107882499695,-0.3541885018348694,-0.04843182165700455,-0.05557297170162201,-0.4019644260406494,-0.05205090765434761,0.0010312944650650024,-0.18760287761688232,-0.03699598882872124,0.016024842858314514,-0.30656492710113525,-0.05429755945283432,0.02570749819278717,-0.3784656822681427,-0.06230502997118492,0.033692196011543274,-0.4307892918586731,-0.06566026483255882,0.03811563551425934,-0.1736416220664978,-0.047769282502713395,0.05923490226268768,-0.28438007831573486,-0.06401109371859093,0.07293786108493805,-0.35168176889419556,-0.07265988413769264,0.08160649240016937,-0.40194177627563477,-0.07583290014940758,0.07263438403606415,-0.1510472297668457,-0.05674863283115883,0.10080848634243011,-0.23705533146858215,-0.06621935640055199,0.11674530804157257,-0.282940149307251,-0.06636694495159645,0.12863756716251373,-0.3216898441314697,-0.06452984784323235
Four,0.0,0.0,0.0,-0.039298221468925476,-0.07929271459579468,0.007205586176041834,-0.04120588302612305,-0.15283983945846558,0.0021634460367749853,-0.009266838431358337,-0.19722199440002441,-0.004624128114755877,0.023511230945587158,-0.2133803367614746,-0.013169776421364077,-0.03697387874126434,-0.19197285175323486,-0.024192319956000574,-0.04897303879261017,-0.2922152876853943,-0.0407157016511519,-0.0536685436964035,-0.3558658957481384,-0.04833243392067743,-0.05509820580482483,-0.4040353298187256,-0.051968063932235964,0.00135098397731781,-0.1883167028427124,-0.03717460833149744,0.016859859228134155,-0.30750349164009094,-0.054692115407760866,0.026635169982910156,-0.37960851192474365,-0.06284697331147981,0.03457704186439514,-0.4322148561477661,-0.0662652028318007,0.03837290406227112,-0.17414742708206177,-0.04807182006197763,0.05992564558982849,-0.28432074189186096,-0.06433901168065859,0.07383820414543152,-0.3519008159637451,-0.07315013534980608,0.0826745331287384,-0.40266507863998413,-0.07643529005008531,0.0728168785572052,-0.15153580904006958,-0.057134296518142946,0.10108587145805359,-0.23730981349945068,-0.0664769036288817,0.11702302098274231,-0.28311628103256226,-0.06662718929010225,0.12899446487426758,-0.3220401406288147,-0.06483279890971971
Four,0.0,0.0,0.0,-0.03918568789958954,-0.07930797338485718,0.007210342170793638,-0.04105019569396973,-0.15339499711990356,0.0024060650767125935,-0.00947539508342743,-0.19894808530807495,-0.004148718478035107,0.02376459538936615,-0.2165713608264923,-0.012454367751132622,-0.037048712372779846,-0.19118285179138184,-0.023547530682634488,-0.04908280074596405,-0.2918630838394165,-0.03988191349978365,-0.05381697416305542,-0.35534584522247314,-0.04737524180288233,-0.05524401366710663,-0.4032958149909973,-0.050928829746197835,0.0017619878053665161,-0.18791067600250244,-0.0363725186752788,0.017232999205589294,-0.30729812383651733,-0.05326976491684832,0.026848867535591125,-0.3790273666381836,-0.06123275919432558,0.0345662385225296,-0.43117427825927734,-0.06466866149182238,0.03917981684207916,-0.1738923192024231,-0.04715512184972681,0.06049753725528717,-0.2844441533088684,-0.06277005984063067,0.07396279275417328,-0.35155680775642395,-0.07127462937111773,0.08231572806835175,-0.401928186416626,-0.07458329810376085,0.0736597329378128,-0.15142500400543213,-0.056143848733853474,0.10136003792285919,-0.23622813820838928,-0.06514087183947481,0.11673648655414581,-0.2823050320148468,-0.06527900560374178,0.12826161086559296,-0.3217318654060364,-0.06358731402630724
Four,0.0,0.0,0.0,-0.03921160101890564,-0.08004105091094971,0.006830776097103808,-0.04080936312675476,-0.1545911431312561,0.0018006285986302828,-0.008858680725097656,-0.20003366470336914,-0.00496854727543905,0.024521082639694214,-0.21750590205192566,-0.0134419906084986,-0.03685063123703003,-0.19252827763557434,-0.023610715301856544,-0.04857760667800903,-0.2924064099788666,-0.039972715558633354,-0.05332711338996887,-0.355720192193985,-0.04752549204431489,-0.054865941405296326,-0.40376046299934387,-0.0511858840604873,0.0017078369855880737,-0.18889939785003662,-0.03646796989642098,0.01751968264579773,-0.3076748251914978,-0.053737182649001625,0.02733844518661499,-0.3796076774597168,-0.06192253950439408,0.0352301299571991,-0.432281494140625,-0.06548754918776467,0.03884974122047424,-0.17464041709899902,-0.047351524712667015,0.06069639325141907,-0.28426939249038696,-0.06329122233591988,0.07429748773574829,-0.35162681341171265,-0.07201550203762963,0.08274510502815247,-0.4023917317390442,-0.07540144819222405,0.0732402503490448,-0.15196645259857178,-0.056493666501864936,0.10132870078086853,-0.2367841899394989,-0.06567070681057885,0.11685699224472046,-0.2832224369049072,-0.06597921300135567,0.1285061538219452,-0.322976291179657,-0.06440590369902566
Four,0.0,0.0,0.0,-0.039316922426223755,-0.07903754711151123,0.006700119349488887,-0.041299015283584595,-0.1530105471611023,0.0015325875685903156,-0.009669974446296692,-0.19809293746948242,-0.005345118817558614,0.023752450942993164,-0.2148592472076416,-0.01401359925853285,-0.037248462438583374,-0.1907019019126892,-0.024237410750856725,-0.04931098222732544,-0.29119735956192017,-0.040609221559634534,-0.05428367853164673,-0.35453325510025024,-0.047937724393477765,-0.055958569049835205,-0.4024202823638916,-0.051382578563561765,0.0015267729759216309,-0.18745344877243042,-0.036965116512647,0.016946882009506226,-0.30683663487434387,-0.05396387318955931,0.026673316955566406,-0.378643274307251,-0.06173326413022551,0.03466525673866272,-0.4309215545654297,-0.06506171787964377,0.03882664442062378,-0.17354059219360352,-0.04772656003819975,0.06059849262237549,-0.2839650511741638,-0.06344017351852926,0.07439273595809937,-0.35099732875823975,-0.07192569191442999,0.08316376805305481,-0.40120238065719604,-0.07522015238987478,0.07327103614807129,-0.15128707885742188,-0.05676139111506018,0.10122555494308472,-0.23637661337852478,-0.06595737452494177,0.11688274145126343,-0.28296738862991333,-0.06634510273920569,0.12861165404319763,-0.3228449821472168,-0.06485216284977469
Four,0.0,0.0,0.0,-0.0395108163356781,-0.07924431562423706,0.006564741788650963,-0.0411800891160965,-0.1533806324005127,0.0012514916688530775,-0.008502691984176636,-0.19776707887649536,-0.005775945892338541,0.025375276803970337,-0.21368110179901123,-0.014559287743423965,-0.036974743008613586,-0.19147390127182007,-0.02404349779502013,-0.04910635948181152,-0.2919679880142212,-0.040501666420851734,-0.05396747589111328,-0.3556084632873535,-0.048124109560404804,-0.055398836731910706,-0.4036332964897156,-0.05175649111882308,0.0017428547143936157,-0.18815577030181885,-0.036779296749983814,0.01662302017211914,-0.30733224749565125,-0.05377414187208274,0.02626749873161316,-0.37945836782455444,-0.061813225203906086,0.03437906503677368,-0.4320772886276245,-0.06529709433928588,0.03903985023498535,-0.1743503212928772,-0.04756710042968848,0.0603635311126709,-0.2850761413574219,-0.06331833934203246,0.07424324750900269,-0.3524050712585449,-0.07199262564793685,0.08323401212692261,-0.40271255373954773,-0.07535309081688979,0.07353934645652771,-0.15229028463363647,-0.05664177721158126,0.10135111212730408,-0.2377811074256897,-0.0656341884078131,0.11723777651786804,-0.28387394547462463,-0.06576437985316375,0.12921884655952454,-0.32293808460235596,-0.06405908351555922
Four,0.0,0.0,0.0,-0.03948143124580383,-0.07946866750717163,0.006407578587300122,-0.04129102826118469,-0.15424543619155884,0.0010455198304271107,-0.008814036846160889,-0.1996481716632843,-0.00597318483539766,0.025427430868148804,-0.2164950668811798,-0.014716647919499337,-0.037554532289505005,-0.19095855951309204,-0.024488209169589936,-0.049563050270080566,-0.2915944457054138,-0.040958958100759446,-0.05456794798374176,-0.3551842272281647,-0.04857422633119768,-0.05610731244087219,-0.40341323614120483,-0.052239830028497636,0.0013732761144638062,-0.18797993659973145,-0.037063515167915284,0.016442686319351196,-0.3074996769428253,-0.05376437155553049,0.026110351085662842,-0.37959024310112,-0.06165417132922357,0.034249722957611084,-0.4320991635322571,-0.06518031878420061,0.03903159499168396,-0.17434394359588623,-0.04764523578830904,0.06048905849456787,-0.2855170667171478,-0.0630518667215938,0.07422056794166565,-0.35252124071121216,-0.07143394870706743,0.08298999071121216,-0.4024515450000763,-0.0747408293003673,0.0738503634929657,-0.1524176001548767,-0.05654181016632265,0.10154572129249573,-0.2379622459411621,-0.06532559020467943,0.11707299947738647,-0.2841336727142334,-0.06534380687423891,0.1286793053150177,-0.3233190178871155,-0.0636265896076793
Four,0.0,0.0,0.0,-0.039672404527664185,-0.07952284812927246,0.00670174635322951,-0.041515201330184937,-0.15404462814331055,0.0015412906448375452,-0.009358659386634827,-0.19959679245948792,-0.005238510804900898,0.024222955107688904,-0.2170131802558899,-0.013728104668388141,-0.03716389834880829,-0.19114696979522705,-0.024713046985397114,-0.049375519156455994,-0.29182037711143494,-0.04132561026764847,-0.05416452884674072,-0.3555598855018616,-0.048915151643285526,-0.05545651912689209,-0.4037960171699524,-0.05249790860963799,0.0015137791633605957,-0.1876177191734314,-0.037381976979503406,0.016496017575263977,-0.3070937395095825,-0.05474671735120751,0.026034042239189148,-0.3793785572052002,-0.06278539835167862,0.034035101532936096,-0.43205010890960693,-0.06621947525692917,0.038857415318489075,-0.17370891571044922,-0.0480062292392347,0.060221657156944275,-0.2845212519168854,-0.06410841284943558,0.07414625585079193,-0.3521678149700165,-0.07269245027256943,0.08316658437252045,-0.40284353494644165,-0.07591206966591812,0.07328687608242035,-0.15156835317611694,-0.05685028819991089,0.10125438868999481,-0.237408846616745,-0.06604797034216858,0.11718188226222992,-0.2834743559360504,-0.06611354290200211,0.1292332261800766,-0.32258638739585876,-0.06431162743521668
Four,0.0,0.0,0.0,-0.03983353078365326,-0.07852739095687866,0.006208125285780852,-0.04166954755783081,-0.15287494659423828,0.0008388098380294196,-0.009091600775718689,-0.19781437516212463,-0.0060805545486743995,0.024990573525428772,-0.2143147885799408,-0.01475768231975394,-0.03713299334049225,-0.19080090522766113,-0.02508008548247176,-0.04923510551452637,-0.2915272116661072,-0.04167696715521174,-0.05414026975631714,-0.35521483421325684,-0.04930914820360499,-0.05559709668159485,-0.4034314751625061,-0.05296239883827525,0.0017850100994110107,-0.18757659196853638,-0.037471416156762416,0.01679067313671112,-0.30701935291290283,-0.05457762138175326,0.02626378834247589,-0.37916100025177,-0.06258823604511576,0.034181758761405945,-0.43185359239578247,-0.06610040248560267,0.039211586117744446,-0.17374694347381592,-0.0478462229781087,0.06054358184337616,-0.2847820520401001,-0.06364332021402674,0.07428236305713654,-0.351920485496521,-0.07218274356054621,0.08311612904071808,-0.4021228551864624,-0.075484006416076,0.07360191643238068,-0.15169483423233032,-0.0565105553083356,0.10148124396800995,-0.23720568418502808,-0.06564564884828883,0.11719439923763275,-0.2833212614059448,-0.06583970667051631,0.12899743020534515,-0.3225746750831604,-0.0641687649600442
Four,0.0,0.0,0.0,-0.039542436599731445,-0.07810133695602417,0.00646201031869964,-0.04135432839393616,-0.15162670612335205,0.001257181979070765,-0.009571641683578491,-0.19648918509483337,-0.005595045400497156,0.02336031198501587,-0.21383750438690186,-0.014299648118850428,-0.03723250329494476,-0.19039618968963623,-0.02445617434912606,-0.049130529165267944,-0.29082465171813965,-0.04076738399797364,-0.05398932099342346,-0.3541887700557709,-0.04810588551097794,-0.05559316277503967,-0.4021761417388916,-0.05156026897364541,0.0015258938074111938,-0.18757039308547974,-0.037138150309857565,0.016452938318252563,-0.3068535327911377,-0.05406536278658791,0.025782465934753418,-0.37898245453834534,-0.06196139497095032,0.03345751762390137,-0.4316384792327881,-0.06541748089128419,0.03874099254608154,-0.17372900247573853,-0.04785146308475419,0.06043002009391785,-0.2839006781578064,-0.06357169640594407,0.07393792271614075,-0.3511909246444702,-0.07227569562726899,0.0825691819190979,-0.40171700716018677,-0.07577140373521729,0.07301002740859985,-0.15142840147018433,-0.05684263003402634,0.10071593523025513,-0.2367393970489502,-0.0662004922085373,0.11646080017089844,-0.28312093019485474,-0.0666761670761673,0.12834978103637695,-0.32276028394699097,-0.06523938966327592
Four,0.0,0.0,0.0,-0.03960390388965607,-0.07865357398986816,0.00627740623980344,-0.041611894965171814,-0.15265792608261108,0.0008664233618560502,-0.009602099657058716,-0.1976637840270996,-0.006154137546275251,0.023515209555625916,-0.21484872698783875,-0.014917647814456814,-0.03719888627529144,-0.19163581728935242,-0.024641642695371502,-0.04919545352458954,-0.29196906089782715,-0.04122739506334483,-0.05389143526554108,-0.3553405702114105,-0.0488948918637675,-0.05523198843002319,-0.40324291586875916,-0.052537413662378185,0.0016172826290130615,-0.18812024593353271,-0.037212914204303615,0.016516461968421936,-0.307115375995636,-0.0544214717802447,0.026009276509284973,-0.3792728781700134,-0.0625306688007754,0.033898428082466125,-0.4319971203804016,-0.06607356143564402,0.03902222216129303,-0.1741355061531067,-0.047824604785148495,0.06041441857814789,-0.2845698893070221,-0.06370856088966548,0.07430894672870636,-0.35197678208351135,-0.07230717164844691,0.08324836194515228,-0.4025656580924988,-0.07560994697183787,0.07352067530155182,-0.1518440842628479,-0.05672938225239932,0.10117878019809723,-0.23784315586090088,-0.06592795473903834,0.11694534122943878,-0.28422069549560547,-0.06609087658495127,0.12883587181568146,-0.32369521260261536,-0.06436521035999476
Four,0.0,0.0,0.0,-0.03942587971687317,-0.0792880654335022,0.005928554122249352,-0.041035354137420654,-0.15366673469543457,0.00031660076757589195,-0.008417457342147827,-0.19837787747383118,-0.0069460151559610495,0.025382965803146362,-0.21489569544792175,-0.015994627944280637,-0.036939024925231934,-0.1919238269329071,-0.02443384470706178,-0.04895792901515961,-0.29238131642341614,-0.04113688784008218,-0.0539211630821228,-0.35586678981781006,-0.04904934482937051,-0.05540800094604492,-0.40405505895614624,-0.0529548982000847,0.001975610852241516,-0.18862265348434448,-0.03699509518509103,0.016945689916610718,-0.3074474334716797,-0.05422558354501916,0.026290565729141235,-0.37960517406463623,-0.06265108006363107,0.034128397703170776,-0.43268734216690063,-0.06650137620334817,0.03940004110336304,-0.17458516359329224,-0.04765776263838006,0.06075155735015869,-0.2853538393974304,-0.06350289749269677,0.07442247867584229,-0.3527259826660156,-0.07228254990940286,0.08321624994277954,-0.4034755229949951,-0.07581481056575967,0.07384061813354492,-0.15227138996124268,-0.05668005438809587,0.10127043724060059,-0.23782885074615479,-0.06596719937687112,0.1168215274810791,-0.28444549441337585,-0.0663356529391308,0.12867245078086853,-0.32438814640045166,-0.06482324468260003
Four,0.0,0.0,0.0,-0.03935609757900238,-0.07938843965530396,0.005923602663443717,-0.0411800891160965,-0.15351611375808716,0.0001972827510883235,-0.009162083268165588,-0.19830462336540222,-0.007185348376168577,0.024611428380012512,-0.21514394879341125,-0.01637380250869569,-0.03723590075969696,-0.189788818359375,-0.025002711053474513,-0.049562081694602966,-0.2901785373687744,-0.04198188201664266,-0.054461702704429626,-0.3535521626472473,-0.04990830884455022,-0.05589626729488373,-0.40150853991508484,-0.05373401806829747,0.0015363842248916626,-0.186387300491333,-0.03758003802178678,0.016566500067710876,-0.30545592308044434,-0.05500416697142896,0.02587367594242096,-0.37756210565567017,-0.06330429257033643,0.03354357182979584,-0.43034976720809937,-0.06703085691808042,0.03904344141483307,-0.17238616943359375,-0.04824549199221906,0.060425177216529846,-0.2832489609718323,-0.06416534871934232,0.07395334541797638,-0.35057446360588074,-0.0727933967220622,0.0825125128030777,-0.4011564254760742,-0.0762283155429202,0.07355643808841705,-0.15012234449386597,-0.05726861075638112,0.10088293254375458,-0.23534172773361206,-0.06649552525161084,0.11629189550876617,-0.28191450238227844,-0.06677329779742536,0.12797220051288605,-0.3217020034790039,-0.06522321195481595
Four,0.0,0.0,0.0,-0.039328768849372864,-0.07897061109542847,0.00554127665679971,-0.04081717133522034,-0.1523929238319397,-0.0005251970679864826,-0.007762789726257324,-0.19559088349342346,-0.008190974123067463,0.02634541690349579,-0.21048292517662048,-0.01767792319435557,-0.03645825386047363,-0.19109326601028442,-0.02566047897119006,-0.04874081909656525,-0.2913934886455536,-0.042732577300853336,-0.05384056270122528,-0.354914128780365,-0.05078161088306388,-0.0553567111492157,-0.4031027555465698,-0.0547333355017372,0.002014756202697754,-0.18787163496017456,-0.03811649931151351,0.016740158200263977,-0.306393027305603,-0.05571890947896918,0.026161208748817444,-0.37885284423828125,-0.06424789456207236,0.03435949981212616,-0.4321669340133667,-0.0681419405110546,0.03918673098087311,-0.17384648323059082,-0.048652600026912296,0.06058163940906525,-0.2843473255634308,-0.06485061673004111,0.07451389729976654,-0.3519691228866577,-0.07395780412036856,0.08380012214183807,-0.4027405083179474,-0.0776481809981533,0.07368828356266022,-0.1515558362007141,-0.057548574633187854,0.101539745926857,-0.23718255758285522,-0.06719474074918708,0.1174984723329544,-0.2837987542152405,-0.06789958057481726,0.1298067718744278,-0.3236371874809265,-0.0665857973464199
Four,0.0,0.0,0.0,-0.03901726007461548,-0.08002495765686035,0.006187973693300819,-0.04026418924331665,-0.1539279818534851,0.0005028835477389748,-0.007029891014099121,-0.19745999574661255,-0.00697393234790411,0.027349621057510376,-0.2127118706703186,-0.016314756441573763,-0.03638081252574921,-0.19152280688285828,-0.024169927779297495,-0.048709139227867126,-0.2918160557746887,-0.04097824761615243,-0.053987324237823486,-0.3552771806716919,-0.048976021203856135,-0.055719926953315735,-0.4033772349357605,-0.05292345056281533,0.0023515671491622925,-0.18852359056472778,-0.036944585237364436,0.017246395349502563,-0.3072834610939026,-0.05418308669672456,0.02650269865989685,-0.3795498311519623,-0.0626801870201632,0.034430623054504395,-0.432608425617218,-0.06657583484397378,0.03968474268913269,-0.17461693286895752,-0.04781679654465165,0.06115737557411194,-0.28543058037757874,-0.06357568720326867,0.07476821541786194,-0.35274869203567505,-0.07240469971642938,0.08359801769256592,-0.4034237861633301,-0.07598503151879754,0.07421630620956421,-0.15225422382354736,-0.05704248169408288,0.10153970122337341,-0.23784372210502625,-0.06615594992385354,0.11693140864372253,-0.284296452999115,-0.06643541375146356,0.12861740589141846,-0.32409530878067017,-0.06488550672278848
Four,0.0,0.0,0.0,-0.03942859172821045,-0.08031094074249268,0.006271419707786663,-0.04082202911376953,-0.1543617844581604,0.0006308561527248457,-0.007802292704582214,-0.1980704665184021,-0.006794984791326897,0.02663835883140564,-0.2134702503681183,-0.016096701253104584,-0.03714674711227417,-0.19148042798042297,-0.0243223582989458,-0.049506574869155884,-0.29141926765441895,-0.041220949370313065,-0.054723143577575684,-0.35473135113716125,-0.04923873149220981,-0.0564197301864624,-0.4027601182460785,-0.053201564926553147,0.0016608238220214844,-0.18850702047348022,-0.03711706899468936,0.016724884510040283,-0.3069562017917633,-0.05448371298973598,0.025966405868530273,-0.37888896465301514,-0.06293634824817218,0.03371015191078186,-0.4317384362220764,-0.06678645812337436,0.03917708992958069,-0.17457729578018188,-0.04799109824364223,0.06068584322929382,-0.28500354290008545,-0.06385387979810275,0.07417070865631104,-0.3521461486816406,-0.0726181095129732,0.08274441957473755,-0.40272006392478943,-0.07614467047517337,0.0738193690776825,-0.15212023258209229,-0.05720658354823627,0.10116022825241089,-0.23721438646316528,-0.06630450986688174,0.1164577305316925,-0.2836189866065979,-0.06654360644881763,0.12797322869300842,-0.3233678638935089,-0.06497899942462482
Four,0.0,0.0,0.0,-0.03917685151100159,-0.07974261045455933,0.005867444347131823,-0.04064851999282837,-0.15392380952835083,0.00014044779982214095,-0.007840752601623535,-0.19792526960372925,-0.007311978940379049,0.026140809059143066,-0.21341577172279358,-0.016525311958503153,-0.036670342087745667,-0.19186487793922424,-0.02420804705889168,-0.04903712868690491,-0.2920529246330261,-0.04105510805220547,-0.054196834564208984,-0.35562121868133545,-0.04910075534553471,-0.05573582649230957,-0.4037878215312958,-0.053090187352609064,0.0019785910844802856,-0.1886240839958191,-0.03680731971235218,0.016702204942703247,-0.3068517744541168,-0.05431809518904629,0.02594935894012451,-0.3789905905723572,-0.06293555219144764,0.033847689628601074,-0.4321550726890564,-0.06686448920936527,0.03929978609085083,-0.17472803592681885,-0.04754159842104855,0.06058681011199951,-0.28520044684410095,-0.06362067778081837,0.07443356513977051,-0.3526237905025482,-0.07253892589778843,0.08343970775604248,-0.40347403287887573,-0.07608507443637791,0.0737462043762207,-0.15247619152069092,-0.056648756009053614,0.10143321752548218,-0.2376340925693512,-0.06594435740680638,0.11722296476364136,-0.2839868664741516,-0.06630337108344975,0.1292858123779297,-0.32363802194595337,-0.06477027256460133
Four,0.0,0.0,0.0,-0.039150670170784,-0.08001512289047241,0.006271752207652526,-0.040434956550598145,-0.15460246801376343,0.0008633254609264895,-0.007160767912864685,-0.19873690605163574,-0.006285876822545333,0.027262866497039795,-0.2142854928970337,-0.015175590147151752,-0.03659728169441223,-0.19230514764785767,-0.023801257689370914,-0.048870742321014404,-0.2927146553993225,-0.040393736068978114,-0.05413079261779785,-0.3563399314880371,-0.0482103823170803,-0.05584043264389038,-0.40456071496009827,-0.05200866967894058,0.0020816177129745483,-0.18924248218536377,-0.03639497593499641,0.016807645559310913,-0.30764445662498474,-0.05352306351520042,0.02617153525352478,-0.3800308108329773,-0.061825796817316814,0.03428766131401062,-0.43326228857040405,-0.0655315256164215,0.03950375318527222,-0.17528778314590454,-0.04707738370157699,0.061046302318573,-0.2852179706096649,-0.06282900631882171,0.07477536797523499,-0.3526248335838318,-0.07154510528303604,0.08368447422981262,-0.4033034145832062,-0.07495171189762573,0.07419422268867493,-0.15283775329589844,-0.056093379710688396,0.10201016068458557,-0.23758089542388916,-0.06495762974478225,0.11758273839950562,-0.2836463451385498,-0.0650035327718399,0.12934410572052002,-0.3229449987411499,-0.06326946229197006
Four,0.0,0.0,0.0,-0.03916823863983154,-0.07955813407897949,0.006575140445761463,-0.04059767723083496,-0.15399765968322754,0.0013534564481005873,-0.007879093289375305,-0.19866737723350525,-0.005591875598497609,0.02613501250743866,-0.21484139561653137,-0.014334231805719355,-0.03709203004837036,-0.19162151217460632,-0.023998538222826937,-0.049216702580451965,-0.292197048664093,-0.0403361862569227,-0.05424055457115173,-0.35556578636169434,-0.047787187811650256,-0.055848851799964905,-0.4033612608909607,-0.05130738225273035,0.0018017590045928955,-0.1887035369873047,-0.03665756639531992,0.01715661585330963,-0.3077971935272217,-0.053348994073189715,0.02657361328601837,-0.3796136677265167,-0.06116550621084116,0.03436107933521271,-0.4318932592868805,-0.0645468069284334,0.03940804302692413,-0.17478573322296143,-0.04735695030979059,0.06114335358142853,-0.28534215688705444,-0.06268223207882784,0.0746600478887558,-0.35243096947669983,-0.07104708087138079,0.08327688276767731,-0.40267470479011536,-0.07431245428017519,0.07415066659450531,-0.1522088646888733,-0.056368341860093096,0.1017131358385086,-0.2373538613319397,-0.06515627187184236,0.11710961163043976,-0.2838112711906433,-0.06522276830366991,0.12871314585208893,-0.32344210147857666,-0.06350248139790438
Four,0.0,0.0,0.0,-0.03930777311325073,-0.07977139949798584,0.006505234968500417,-0.04105071723461151,-0.15409958362579346,0.0011343790550029098,-0.008621811866760254,-0.19913426041603088,-0.00589362125785442,0.025097191333770752,-0.21555864810943604,-0.014619606676859576,-0.03683863580226898,-0.19207963347434998,-0.024572483393711764,-0.0491085946559906,-0.29236817359924316,-0.041144085246486384,-0.05420517921447754,-0.3557864725589752,-0.04871479527966471,-0.055907636880874634,-0.40372127294540405,-0.05228114606754275,0.0018544048070907593,-0.1884211301803589,-0.03724015237705203,0.017345845699310303,-0.30778226256370544,-0.05464894803182574,0.02696368098258972,-0.379927396774292,-0.06269680069701167,0.03492379188537598,-0.4326822757720947,-0.06609770761744471,0.03917548060417175,-0.17447805404663086,-0.04790748389379473,0.06123891472816467,-0.28512880206108093,-0.06387098239676448,0.07504585385322571,-0.3525899052619934,-0.07240343199984522,0.08382982015609741,-0.4033800959587097,-0.07557166473881693,0.0736704170703888,-0.15221041440963745,-0.05685210334078761,0.10177671909332275,-0.23804613947868347,-0.06581805007473918,0.11738130450248718,-0.28437837958335876,-0.06580408023611994,0.12904664874076843,-0.3239581882953644,-0.06395844476239176
Four,0.0,0.0,0.0,-0.03912492096424103,-0.08023542165756226,0.005954912007638313,-0.04092778265476227,-0.1551608443260193,1.9349604173157786e-05,-0.008394911885261536,-0.20066741108894348,-0.007551917265317343,0.026123493909835815,-0.2172207236289978,-0.016799027024916313,-0.037056684494018555,-0.19173705577850342,-0.025373952387980125,-0.04908740520477295,-0.29247230291366577,-0.042420443072131775,-0.05387139320373535,-0.35629475116729736,-0.05054404579024663,-0.0552082359790802,-0.40489357709884644,-0.054481424315980576,0.0019970834255218506,-0.18817269802093506,-0.037925541325620316,0.017955899238586426,-0.30723586678504944,-0.0553220509729897,0.027687042951583862,-0.379701167345047,-0.06358038999061932,0.03563350439071655,-0.43304306268692017,-0.06725793696861615,0.039929330348968506,-0.1743345856666565,-0.048470128252319,0.061999768018722534,-0.2851962149143219,-0.06418168164711346,0.07558852434158325,-0.35268959403038025,-0.07244761653166165,0.08390426635742188,-0.40345287322998047,-0.07553795345049252,0.07484656572341919,-0.15242153406143188,-0.057387597783616684,0.10267791152000427,-0.2384268343448639,-0.0658620110891377,0.11785179376602173,-0.2850303053855896,-0.06537119664173474,0.1290217638015747,-0.3247336745262146,-0.06326060362081876
Four,0.0,0.0,0.0,-0.03871716558933258,-0.08066105842590332,0.006352070873163029,-0.03959842026233673,-0.15402305126190186,0.0003654172555798141,-0.006863638758659363,-0.19790118932724,-0.007305255936898902,0.027597591280937195,-0.21313205361366272,-0.016642667664655164,-0.036491215229034424,-0.19059401750564575,-0.02588826635337682,-0.048103511333465576,-0.2915077209472656,-0.04307501235462041,-0.05272457003593445,-0.35564664006233215,-0.050939219383963064,-0.054016754031181335,-0.40397343039512634,-0.05449687534428449,0.0023178309202194214,-0.1866043210029602,-0.038508994816311315,0.018490031361579895,-0.3063725531101227,-0.05615867519236417,0.02843533456325531,-0.37886348366737366,-0.06394716942168088,0.036741212010383606,-0.43154120445251465,-0.06708071970797391,0.04026566445827484,-0.17264622449874878,-0.04903430336571546,0.06270889937877655,-0.2838301360607147,-0.06479178958988996,0.07636357843875885,-0.35091400146484375,-0.07250421339131208,0.08501054346561432,-0.4007875323295593,-0.07500438237048002,0.07549400627613068,-0.15033471584320068,-0.05789369189596982,0.10329608619213104,-0.23725226521492004,-0.06609660976982923,0.1186792403459549,-0.2833406627178192,-0.06505586796856733,0.13016296923160553,-0.3220022916793823,-0.06242520207024427
Four,0.0,0.0,0.0,-0.03828217089176178,-0.08013713359832764,0.00678665805449441,-0.03907826542854309,-0.1548561453819275,0.0013354860463152818,-0.006103619933128357,-0.20009762048721313,-0.0058278836325769134,0.028294995427131653,-0.21620118618011475,-0.014721981623864622,-0.03579670190811157,-0.19131076335906982,-0.025089458005226106,-0.0477977991104126,-0.29259616136550903,-0.04184212386766717,-0.05261765420436859,-0.3567500710487366,-0.04941836968222901,-0.05403690040111542,-0.4052446484565735,-0.05293439179817483,0.0027259141206741333,-0.1874280571937561,-0.03789488449851319,0.018769696354866028,-0.307402640581131,-0.05545974001447007,0.028679445385932922,-0.38030532002449036,-0.06358497068444535,0.03685162961483002,-0.4338556230068207,-0.06703568473616883,0.04030771553516388,-0.1735994815826416,-0.04859614595929429,0.06253765523433685,-0.28586089611053467,-0.0647922404126291,0.07598520815372467,-0.35401326417922974,-0.07348577901879594,0.08430938422679901,-0.4052075147628784,-0.07670175507823274,0.0753246396780014,-0.15176606178283691,-0.05749128982583329,0.10360069572925568,-0.23927205801010132,-0.06655253693620011,0.11906896531581879,-0.2858160436153412,-0.06650477126399323,0.13042785227298737,-0.32540303468704224,-0.0646190665678148
Four,0.0,0.0,0.0,-0.03906385600566864,-0.07965070009231567,0.008419737220748402,-0.04090173542499542,-0.15363091230392456,0.003770125797956325,-0.008777141571044922,-0.1997605562210083,-0.0027345663392850383,0.02565331757068634,-0.21683484315872192,-0.011128818615333103,-0.03753936290740967,-0.19101768732070923,-0.024717693216160797,-0.049309566617012024,-0.2918983995914459,-0.04101929720397379,-0.05411362648010254,-0.35586827993392944,-0.04816954117174532,-0.05575418472290039,-0.4041414260864258,-0.05139634665007975,0.0008575171232223511,-0.1870710849761963,-0.03798421379084971,0.017420366406440735,-0.3077300190925598,-0.05497480463142779,0.027701422572135925,-0.3800397217273712,-0.06230777781362917,0.03596542775630951,-0.43243104219436646,-0.0651925755655327,0.0389033704996109,-0.1727544069290161,-0.04890368413086321,0.0615183562040329,-0.28566792607307434,-0.06455733906383898,0.07493256032466888,-0.35359451174736023,-0.07251035701389696,0.08314870297908783,-0.40454673767089844,-0.07531185727472689,0.07472436130046844,-0.149885892868042,-0.057833171448663734,0.1027720719575882,-0.23811930418014526,-0.06642315070982363,0.11770649254322052,-0.28415238857269287,-0.06570089142675783,0.12858901917934418,-0.3232532739639282,-0.06333899032230761
Four,0.0,0.0,0.0,-0.038879603147506714,-0.08111017942428589,0.007222711329291087,-0.040227264165878296,-0.15354883670806885,0.0013039726642318783,-0.0073323845863342285,-0.1982736587524414,-0.006390828418602723,0.027759015560150146,-0.21360048651695251,-0.015952744300534505,-0.03683805465698242,-0.1900954246520996,-0.025993487577011365,-0.04862891137599945,-0.29106009006500244,-0.04314011592703082,-0.053137004375457764,-0.35509592294692993,-0.05136167142825343,-0.054296016693115234,-0.40389284491539,-0.055307197163870114,0.0020754635334014893,-0.18763095140457153,-0.038840397040416974,0.01866734027862549,-0.3080456256866455,-0.055341518263389844,0.02920466661453247,-0.3807761073112488,-0.06296444569068171,0.038064271211624146,-0.4334601163864136,-0.06639952097373225,0.04034048318862915,-0.1742216944694519,-0.049412625621130246,0.06255918741226196,-0.28600364923477173,-0.06421825174527385,0.07572716474533081,-0.3540601134300232,-0.07210369292931773,0.08434340357780457,-0.40473443269729614,-0.07524765912728526,0.07634025812149048,-0.15215587615966797,-0.058213992754986066,0.10428380966186523,-0.23771566152572632,-0.06621817384200313,0.11940285563468933,-0.2846662998199463,-0.06544617448287227,0.13072168827056885,-0.3250603973865509,-0.06324097398953654
Four,0.0,0.0,0.0,-0.03818204998970032,-0.08234965801239014,0.008161070503547307,-0.03946870565414429,-0.15695399045944214,0.0035810295755709376,-0.007814958691596985,-0.2045128345489502,-0.0028964795840238367,0.026280969381332397,-0.22355705499649048,-0.010953602634117487,-0.03670138120651245,-0.19265612959861755,-0.02337381362144697,-0.048269450664520264,-0.29248523712158203,-0.03997613235537756,-0.05310922861099243,-0.3564702570438385,-0.04764803244893301,-0.05476832389831543,-0.4050595760345459,-0.05115161209528196,0.0016463398933410645,-0.18918031454086304,-0.03652139871542204,0.018232882022857666,-0.30906349420547485,-0.052958683363840464,0.028545469045639038,-0.381841242313385,-0.0603104208332752,0.0369475781917572,-0.4341135621070862,-0.06337197988455046,0.0399111807346344,-0.17504292726516724,-0.04753720506255377,0.06204897165298462,-0.28559166193008423,-0.06272230415765989,0.07476216554641724,-0.35333016514778137,-0.07063470899288404,0.08255776762962341,-0.40342220664024353,-0.07348692535583723,0.07647162675857544,-0.15233469009399414,-0.05669261633579481,0.10462445020675659,-0.238570898771286,-0.06484839438621748,0.11958053708076477,-0.2856343388557434,-0.064201914958403,0.13054382801055908,-0.3259284198284149,-0.061967176638290766
Four,0.0,0.0,0.0,-0.03864520788192749,-0.08225846290588379,0.008483118361567676,-0.040445923805236816,-0.15692609548568726,0.004207928183262766,-0.008317351341247559,-0.2026406228542328,-0.0019888156254239675,0.026274800300598145,-0.21849191188812256,-0.009858004764879524,-0.03724592924118042,-0.1941489577293396,-0.02284907271828729,-0.04866418242454529,-0.2942258417606354,-0.03889988830056268,-0.05308416485786438,-0.35809779167175293,-0.046421562337542355,-0.05451309680938721,-0.40639328956604004,-0.049924426728154,0.0018839240074157715,-0.19014525413513184,-0.03602168803777772,0.018872469663619995,-0.30981001257896423,-0.05180000236001092,0.02910977602005005,-0.38205426931381226,-0.059020140224362194,0.036869972944259644,-0.43402332067489624,-0.0620668018397339,0.040391623973846436,-0.17547625303268433,-0.04700723757710534,0.06293600797653198,-0.2863946259021759,-0.061645955794716656,0.07542189955711365,-0.3538548946380615,-0.06944158022966462,0.0824679434299469,-0.40381914377212524,-0.07227070724334794,0.07684251666069031,-0.15244632959365845,-0.05611398910846788,0.10544449090957642,-0.23884782195091248,-0.0640882188614853,0.12023293972015381,-0.2860356867313385,-0.06335271244611818,0.13088828325271606,-0.3263864815235138,-0.06102737879123765
Four,0.0,0.0,0.0,-0.03891552984714508,-0.08274376392364502,0.008666287834017794,-0.04036405682563782,-0.1569851040840149,0.004078432643979113,-0.0073281824588775635,-0.20097222924232483,-0.0025077539438314034,0.0272846519947052,-0.21519196033477783,-0.01098321964386173,-0.03622239828109741,-0.19499865174293518,-0.023551817325682123,-0.04775039851665497,-0.29615166783332825,-0.039671291870803316,-0.052124589681625366,-0.3603491187095642,-0.04688483224603601,-0.05337291955947876,-0.40868547558784485,-0.05013217897507616,0.0028194189071655273,-0.19174832105636597,-0.03718068198654123,0.019975721836090088,-0.3127349317073822,-0.053189055336446245,0.030277401208877563,-0.3851969838142395,-0.060164527309865434,0.038152337074279785,-0.4370970129966736,-0.06289215878936716,0.04109117388725281,-0.17719930410385132,-0.04861050964686342,0.06384807825088501,-0.2895291745662689,-0.0637714986631579,0.07634755969047546,-0.3576146364212036,-0.07194065795633264,0.08324232697486877,-0.4081079959869385,-0.07490334407779642,0.07726725935935974,-0.15365934371948242,-0.0580736783275313,0.1061076819896698,-0.24177497625350952,-0.06670298175308176,0.12123224139213562,-0.28926631808280945,-0.06632666037771173,0.13200247287750244,-0.3296995162963867,-0.06418747947904535
Four,0.0,0.0,0.0,-0.038648366928100586,-0.083168625831604,0.007931701459085616,-0.040365055203437805,-0.15712392330169678,0.0030117326808181133,-0.008189007639884949,-0.201393723487854,-0.003900254525149194,0.02645707130432129,-0.21603697538375854,-0.012480090752148953,-0.03674641251564026,-0.19398793578147888,-0.02384560965737137,-0.04847604036331177,-0.2949725389480591,-0.04017047435780796,-0.052813559770584106,-0.3587642312049866,-0.04744780287882122,-0.05426913499832153,-0.407254695892334,-0.05068180561801228,0.0018069446086883545,-0.1908813714981079,-0.03709461764236721,0.019271910190582275,-0.3119410574436188,-0.05274106413861546,0.030080705881118774,-0.384132981300354,-0.059442559637034265,0.03848391771316528,-0.43576285243034363,-0.0621142149045113,0.04001602530479431,-0.17672115564346313,-0.048252994574511376,0.06288456916809082,-0.28720414638519287,-0.06256200224896702,0.07595190405845642,-0.3546874523162842,-0.07026710212966236,0.08377382159233093,-0.40446341037750244,-0.07312974185487064,0.07646822929382324,-0.15379512310028076,-0.05767883212109837,0.10552036762237549,-0.2398918867111206,-0.0654413610770348,0.12109366059303284,-0.28741854429244995,-0.06486632526656422,0.13261699676513672,-0.32779645919799805,-0.06272567660352024
Four,0.0,0.0,0.0,-0.0398331880569458,-0.08279269933700562,0.00681298575526057,-0.04201498627662659,-0.15660041570663452,0.0010815018338519167,-0.008979260921478271,-0.19993281364440918,-0.006216278065238612,0.026312261819839478,-0.2136736810207367,-0.015217231352124827,-0.03623680770397186,-0.19399887323379517,-0.02627711812803568,-0.04788845777511597,-0.29549482464790344,-0.04336758772680582,-0.05210961401462555,-0.35934144258499146,-0.05136937717745127,-0.053233206272125244,-0.407802939414978,-0.05503642256209673,0.003391951322555542,-0.19014054536819458,-0.038867284309361594,0.021253138780593872,-0.3115137219429016,-0.055057243209574835,0.03208953142166138,-0.3834162950515747,-0.062109277349208014,0.040447115898132324,-0.43539321422576904,-0.06497082928964915,0.04190966486930847,-0.17589789628982544,-0.04927826742479624,0.064846932888031,-0.28766578435897827,-0.06394852022478403,0.07787993550300598,-0.35487937927246094,-0.07134320656606974,0.08569759130477905,-0.4049173593521118,-0.07388724456379236,0.07793787121772766,-0.15319663286209106,-0.05798839474866213,0.10690489411354065,-0.2398667335510254,-0.06576916645119013,0.12247103452682495,-0.28667911887168884,-0.0645071275050384,0.13391289114952087,-0.3266369104385376,-0.06175543065020861
Four,0.0,0.0,0.0,-0.03965555131435394,-0.0820305347442627,0.006321478183110685,-0.04158087074756622,-0.15626275539398193,0.0006472825908190316,-0.009208440780639648,-0.20083513855934143,-0.0063996948164799505,0.02520155906677246,-0.21632301807403564,-0.015071519171158343,-0.036456719040870667,-0.19148850440979004,-0.026735935812155276,-0.0482865571975708,-0.2934849262237549,-0.04370835468665746,-0.05243968963623047,-0.357293963432312,-0.051353209172646075,-0.05368630588054657,-0.40592682361602783,-0.05479232639567044,0.003765016794204712,-0.1872996687889099,-0.038987774853865176,0.020578086376190186,-0.3087210953235626,-0.05577269986764577,0.03119337558746338,-0.3809129595756531,-0.06302616417900708,0.0392284095287323,-0.43363410234451294,-0.06594785720602658,0.04239290952682495,-0.1727164387702942,-0.049053490613857775,0.06395024061203003,-0.2848507761955261,-0.0648118820835748,0.07703974843025208,-0.3524782955646515,-0.07263583362595227,0.08455690741539001,-0.40300220251083374,-0.07525934696690229,0.07783931493759155,-0.1499881148338318,-0.05732204437748578,0.10618633031845093,-0.2364533245563507,-0.06605446011320737,0.12196534872055054,-0.28334277868270874,-0.06524728656307843,0.13343632221221924,-0.3233858346939087,-0.06273519665495542
Four,0.0,0.0,0.0,-0.040253669023513794,-0.08134162425994873,0.005423586589671459,-0.041920989751815796,-0.15637457370758057,-0.0007647471433358533,-0.00859728455543518,-0.20097708702087402,-0.008093932869456921,0.026329874992370605,-0.21589308977127075,-0.017191539744459305,-0.03645941615104675,-0.1919742226600647,-0.02869582850726715,-0.048189640045166016,-0.29438021779060364,-0.04626894299181572,-0.05203111469745636,-0.3585451543331146,-0.05447516519816986,-0.05285724997520447,-0.40761837363243103,-0.058375473360143815,0.004175662994384766,-0.18735748529434204,-0.04059768397601715,0.020890802145004272,-0.3085407614707947,-0.05778376687558762,0.03207489848136902,-0.3810579180717468,-0.06581386480721108,0.040913522243499756,-0.43465304374694824,-0.0694565430680143,0.043071448802948,-0.17241120338439941,-0.050249534885011826,0.06406208872795105,-0.2844540476799011,-0.06647545401247612,0.07753613591194153,-0.3517419695854187,-0.07499359850081078,0.08576685190200806,-0.40227964520454407,-0.07819711718948952,0.07862743735313416,-0.14994573593139648,-0.05810140747817627,0.1062667965888977,-0.23673197627067566,-0.06757743213566414,0.12221449613571167,-0.2831985056400299,-0.06736552272232643,0.13415071368217468,-0.32304951548576355,-0.06530238244923225
Four,0.0,0.0,0.0,-0.03968258202075958,-0.0830044150352478,0.007124377883002353,-0.04092857241630554,-0.15811419486999512,0.0019341498873757246,-0.007614701986312866,-0.20191484689712524,-0.004769241900220322,0.027900218963623047,-0.21630942821502686,-0.01354182325027864,-0.035413116216659546,-0.19672560691833496,-0.026440390382930445,-0.04676821827888489,-0.3002071976661682,-0.04378277528755348,-0.0508548766374588,-0.3649788498878479,-0.05222824681274574,-0.05193236470222473,-0.4143131971359253,-0.05665524396769683,0.005392938852310181,-0.19203460216522217,-0.03964925650231521,0.020965278148651123,-0.3128640651702881,-0.0565027343081681,0.032420188188552856,-0.3842977285385132,-0.06506054196231048,0.04148751497268677,-0.43698614835739136,-0.06934630218617599,0.04411017894744873,-0.17589634656906128,-0.050687671636268306,0.06594505906105042,-0.28863489627838135,-0.06764489505164306,0.08075058460235596,-0.35792601108551025,-0.07793785724513214,0.09045383334159851,-0.41114693880081177,-0.08271349314324539,0.07886895537376404,-0.1514204740524292,-0.05965173337332885,0.10728636384010315,-0.23606309294700623,-0.07133218738906066,0.12393534183502197,-0.28454092144966125,-0.07327434513442199,0.13697907328605652,-0.3269711136817932,-0.07283348682992141
Four,0.0,0.0,0.0,-0.04143679141998291,-0.0807541012763977,0.0065066456348574775,-0.04509609937667847,-0.15560650825500488,0.0014275028855479377,-0.013302356004714966,-0.2014041543006897,-0.004570096682670055,0.02083677053451538,-0.21712878346443176,-0.012413570608856617,-0.03657272458076477,-0.1953129768371582,-0.029047380153002678,-0.047289878129959106,-0.2992982268333435,-0.04583359970516199,-0.05075141787528992,-0.3638365566730499,-0.0527978809065246,-0.05152001976966858,-0.4129924476146698,-0.0558338881916427,0.004425555467605591,-0.19017356634140015,-0.04091741232937807,0.021555989980697632,-0.31321999430656433,-0.05799261196321481,0.03279578685760498,-0.3855268359184265,-0.06488289399808878,0.04147657752037048,-0.43797534704208374,-0.0675664292163276,0.04300495982170105,-0.17447978258132935,-0.0503797167426967,0.0659821629524231,-0.28667324781417847,-0.06665766699975961,0.08036026358604431,-0.3555000424385071,-0.07506750984853738,0.08937108516693115,-0.40704989433288574,-0.07812757505840295,0.0775938332080841,-0.15059053897857666,-0.05783753557867044,0.1070142388343811,-0.23709431290626526,-0.06774878962701791,0.1232709288597107,-0.284220814704895,-0.06805823459094995,0.13540494441986084,-0.3248381018638611,-0.06626277877754205
Four,0.0,0.0,0.0,-0.04113498330116272,-0.08222681283950806,0.006555854360499325,-0.04333110153675079,-0.15832680463790894,0.0013277054707714342,-0.009677231311798096,-0.20376881957054138,-0.004728016425929127,0.02631494402885437,-0.21811994910240173,-0.012743069772682247,-0.03575313091278076,-0.1956525444984436,-0.03034079445626503,-0.04533369839191437,-0.3009282350540161,-0.04767448825862175,-0.04839444160461426,-0.3659498989582062,-0.05497141553189522,-0.0489160418510437,-0.4148927330970764,-0.058183182013294754,0.005476593971252441,-0.18877774477005005,-0.042414430511257706,0.023642003536224365,-0.31301409006118774,-0.05996534599091774,0.03511038422584534,-0.3856692910194397,-0.06724075598742729,0.043889373540878296,-0.4381518065929413,-0.07011866940285927,0.04411238431930542,-0.17223745584487915,-0.052010368538162766,0.06751132011413574,-0.2863537669181824,-0.06884785367276436,0.082040935754776,-0.3558380901813507,-0.07774381710316902,0.09128689765930176,-0.40826570987701416,-0.08111241085555321,0.07863861322402954,-0.14820080995559692,-0.05951602755214935,0.10891595482826233,-0.23539915680885315,-0.07023622466351753,0.1255975365638733,-0.28279784321784973,-0.07105484230544334,0.13807517290115356,-0.3241090476512909,-0.06954265756633049
Four,0.0,0.0,0.0,-0.04044941067695618,-0.08113527297973633,0.00715409172559589,-0.04274645447731018,-0.1565943956375122,0.0023571888436606514,-0.010016173124313354,-0.202729731798172,-0.0034833892728158844,0.025439977645874023,-0.21743109822273254,-0.011263425929001869,-0.03578157722949982,-0.1958533525466919,-0.028748928104988636,-0.045587748289108276,-0.3003167510032654,-0.04570908891176373,-0.04867982864379883,-0.36569178104400635,-0.05266865017031819,-0.04901972413063049,-0.41435718536376953,-0.055600375404111446,0.0051316916942596436,-0.19011926651000977,-0.040908102413169445,0.02323174476623535,-0.3132747411727905,-0.05802436219667584,0.03464013338088989,-0.3850795030593872,-0.06465292023634106,0.04328832030296326,-0.43615972995758057,-0.06695567118143231,0.04416331648826599,-0.1741248369216919,-0.05064249830459744,0.06733503937721252,-0.2887158989906311,-0.06684576021646649,0.08087798953056335,-0.3573213517665863,-0.0747078959844032,0.08915978670120239,-0.4083387851715088,-0.07730611460422665,0.07966628670692444,-0.1498081088066101,-0.058351561894170345,0.11049574613571167,-0.23802268505096436,-0.06849544542049557,0.12707728147506714,-0.28591233491897583,-0.06891168700670391,0.1392897069454193,-0.3271438479423523,-0.06700870441412121
Four,0.0,0.0,0.0,-0.04153674840927124,-0.07847005128860474,0.005214988968845091,-0.045528531074523926,-0.15522778034210205,-0.0012256500613432308,-0.01430705189704895,-0.2048816680908203,-0.008360511839811124,0.020759999752044678,-0.2248179316520691,-0.01749663914782218,-0.03647726774215698,-0.19809037446975708,-0.03231131959003619,-0.045308634638786316,-0.30274802446365356,-0.050270277291957655,-0.048410892486572266,-0.3675956130027771,-0.05795688855690173,-0.04951709508895874,-0.4164988398551941,-0.061533491343681135,0.004676550626754761,-0.19066974520683289,-0.04421497064871005,0.023122966289520264,-0.31487613916397095,-0.06362226161402873,0.03514063358306885,-0.38940370082855225,-0.07257587763709239,0.0433594286441803,-0.44336166977882385,-0.07660477909487895,0.04437240958213806,-0.1724887490272522,-0.05358235839051417,0.06681808829307556,-0.28661349415779114,-0.07202092114133052,0.08124467730522156,-0.3564463257789612,-0.08171032670182399,0.08962103724479675,-0.40878981351852417,-0.08538575771493129,0.08095595240592957,-0.14694082736968994,-0.06082278791112117,0.11069577932357788,-0.23933863639831543,-0.07275550368470363,0.12672677636146545,-0.28848087787628174,-0.07429068836611918,0.13819602131843567,-0.33006876707077026,-0.07312078329962901
Four,0.0,0.0,0.0,-0.041128143668174744,-0.08080410957336426,0.006369043173378941,-0.04308956861495972,-0.15673720836639404,0.0005962013119074072,-0.009224653244018555,-0.20265993475914001,-0.006414239263051513,0.027130931615829468,-0.21814298629760742,-0.015718304054701093,-0.034956544637680054,-0.20338308811187744,-0.02814991070505357,-0.04397687315940857,-0.30514153838157654,-0.04525780162390447,-0.046812474727630615,-0.36892735958099365,-0.05292991405900693,-0.0472588837146759,-0.41731560230255127,-0.05686759060796476,0.006201565265655518,-0.19725307822227478,-0.04114357611712194,0.024439513683319092,-0.3182683289051056,-0.059900800200068716,0.03658849000930786,-0.39148378372192383,-0.06904258436139799,0.045604825019836426,-0.44564947485923767,-0.07336278116878248,0.04544562101364136,-0.1790367066860199,-0.05189231640275693,0.06984859704971313,-0.28992804884910583,-0.07052186733659482,0.08528280258178711,-0.3592653274536133,-0.08108022666152692,0.09479120373725891,-0.4123598337173462,-0.08547741031821943,0.08146637678146362,-0.15225517749786377,-0.06048665052827573,0.11237016320228577,-0.2420382797718048,-0.0734079987424252,0.1291520893573761,-0.2908371388912201,-0.07593808925327039,0.14164558053016663,-0.3330669403076172,-0.07556960588868833
Four,0.0,0.0,0.0,-0.04080595076084137,-0.08135807514190674,0.005844164325623069,-0.043036580085754395,-0.15691959857940674,-0.00015696393651865037,-0.010128200054168701,-0.2033378779888153,-0.007351857458473887,0.026210367679595947,-0.22015470266342163,-0.016760012914659228,-0.03405749797821045,-0.20245122909545898,-0.028499091823817935,-0.04276871681213379,-0.3046587109565735,-0.04556846324098274,-0.04535794258117676,-0.36833786964416504,-0.053219300543190684,-0.04563455283641815,-0.41646748781204224,-0.057094615732552256,0.007182419300079346,-0.19632133841514587,-0.04102819490921661,0.025706082582473755,-0.3161625266075134,-0.05883916917932197,0.03790450096130371,-0.3889455497264862,-0.06755869913590118,0.047096073627471924,-0.4422670900821686,-0.07184986848128005,0.04648086428642273,-0.17745408415794373,-0.051341716979862895,0.0705258846282959,-0.2873851954936981,-0.06881715435278579,0.08591821789741516,-0.35535329580307007,-0.07872124094259902,0.0957290530204773,-0.40702566504478455,-0.08308872658503219,0.08240306377410889,-0.15005874633789062,-0.059651267563225474,0.11235082149505615,-0.23695161938667297,-0.07221260744822189,0.12857946753501892,-0.2856665849685669,-0.0748865165163295,0.140996515750885,-0.32806891202926636,-0.07472734976303741
Four,0.0,0.0,0.0,-0.04030579328536987,-0.08227139711380005,0.006777006217106418,-0.04144163429737091,-0.1568622887134552,0.0012186203541375562,-0.006724834442138672,-0.2000155746936798,-0.005825192651883526,0.029848843812942505,-0.21279087662696838,-0.015174859653399153,-0.03161393105983734,-0.20493462681770325,-0.025679518918678923,-0.039897769689559937,-0.30690860748291016,-0.0414575333550431,-0.04275733232498169,-0.3700907230377197,-0.048699695135638876,-0.04338322579860687,-0.4180101156234741,-0.0524593475118138,0.010341465473175049,-0.1995197832584381,-0.038406751568601294,0.028874337673187256,-0.31822094321250916,-0.05479206841735618,0.04054418206214905,-0.3906676173210144,-0.06343305807857291,0.049324244260787964,-0.443502813577652,-0.0677506099298455,0.04972296953201294,-0.17991676926612854,-0.04879843022970931,0.07420271635055542,-0.28899264335632324,-0.06449966084508674,0.08939096331596375,-0.35617923736572266,-0.07369544308929221,0.09904232621192932,-0.4071667939424515,-0.07779993813781516,0.08494409918785095,-0.150608628988266,-0.05722605016379134,0.11468714475631714,-0.23552972078323364,-0.06807000886945502,0.13058120012283325,-0.28316396474838257,-0.06943352472333686,0.14260897040367126,-0.3245652914047241,-0.06838731419591682
Four,0.0,0.0,0.0,-0.040746837854385376,-0.08027684688568115,0.0069056293977212135,-0.042948052287101746,-0.1529242992401123,0.001856524478995425,-0.01023876667022705,-0.19494888186454773,-0.004838639306484538,0.025471985340118408,-0.20733201503753662,-0.013916700514613467,-0.03214693069458008,-0.20437610149383545,-0.02423812392598279,-0.04041475057601929,-0.30624324083328247,-0.040121178510247546,-0.04236835241317749,-0.36914515495300293,-0.04692954513674863,-0.042075544595718384,-0.4167734235525131,-0.05021836179739125,0.010073572397232056,-0.19966816902160645,-0.03722952994948514,0.029393285512924194,-0.318431556224823,-0.05453089195734151,0.041823744773864746,-0.39016348123550415,-0.06269246655946858,0.05049949884414673,-0.4424843192100525,-0.06629017311578878,0.049376457929611206,-0.1804487109184265,-0.04825337174779065,0.07590115070343018,-0.2881607413291931,-0.06563781517988332,0.09122994542121887,-0.35567936301231384,-0.07520444262272008,0.1000550389289856,-0.40721283853054047,-0.0788977475786794,0.08493068814277649,-0.151368647813797,-0.05725368055945523,0.11804497241973877,-0.2395179271697998,-0.06940504479652532,0.13546854257583618,-0.2878572344779968,-0.07133078891283162,0.1477588415145874,-0.32916104793548584,-0.07038878220564015
Four,0.0,0.0,0.0,-0.04225754737854004,-0.07963299751281738,0.008814725966743708,-0.04568356275558472,-0.15228229761123657,0.006086294015489102,-0.015306204557418823,-0.1971396505832672,0.001852258632510484,0.018923550844192505,-0.21136242151260376,-0.004971160611518144,-0.032404690980911255,-0.20684927701950073,-0.02266842318923068,-0.040778130292892456,-0.30728626251220703,-0.036908952577419996,-0.043074607849121094,-0.3696674704551697,-0.04233838809878421,-0.04283645749092102,-0.41657277941703796,-0.044776314927645444,0.00969967246055603,-0.20299887657165527,-0.03561531571895671,0.029575049877166748,-0.32050982117652893,-0.0516818781033237,0.04172834753990173,-0.3913113623857498,-0.05906194640547824,0.05081632733345032,-0.4426177442073822,-0.06206029845625949,0.04858219623565674,-0.18346449732780457,-0.04626980243475032,0.07456248998641968,-0.28948184847831726,-0.06319365469963145,0.0895460844039917,-0.35581475496292114,-0.07302774308473658,0.09894987940788269,-0.40647387504577637,-0.07701379625351024,0.08308175206184387,-0.15264883637428284,-0.05458907975108218,0.11535710096359253,-0.23827555775642395,-0.06772114156038356,0.13331225514411926,-0.28528064489364624,-0.07078771112711024,0.14684921503067017,-0.3256629705429077,-0.0705204289987762
Four,0.0,0.0,0.0,-0.04143469035625458,-0.08477699756622314,0.009207015609376867,-0.04276028275489807,-0.15891554951667786,0.005032066008084257,-0.008396893739700317,-0.2000318467617035,-0.0007299488210037453,0.028349995613098145,-0.2108810544013977,-0.00890449459291176,-0.030301183462142944,-0.2074163556098938,-0.023957401761776964,-0.035760730504989624,-0.31056565046310425,-0.03860237846708969,-0.036690011620521545,-0.37385912239551544,-0.044382598498827974,-0.035425007343292236,-0.42107445001602173,-0.04701069767213539,0.012419432401657104,-0.20090043544769287,-0.03713464016652779,0.03299018740653992,-0.318450391292572,-0.05372170756197647,0.046714454889297485,-0.388910710811615,-0.06177991280890183,0.05757594108581543,-0.43912628293037415,-0.0652844088766642,0.05128324031829834,-0.1804058849811554,-0.047729403028256456,0.07596904039382935,-0.2863234877586365,-0.0642274397108622,0.09190219640731812,-0.3532792776823044,-0.07376108343339638,0.10308665037155151,-0.4039112478494644,-0.0776699560377665,0.08565071225166321,-0.15028712153434753,-0.05592771644330696,0.11542484164237976,-0.2362472414970398,-0.06793876762128548,0.13272854685783386,-0.28246021270751953,-0.06974996651149468,0.1463659703731537,-0.32151687145233154,-0.06859042520261482
Four,0.0,0.0,0.0,-0.04300457239151001,-0.08150720596313477,0.008381298845876017,-0.0462256520986557,-0.15724724531173706,0.005142278606314221,-0.013623148202896118,-0.19987258315086365,0.0002754922469705434,0.022000014781951904,-0.2107187807559967,-0.007001633187513789,-0.030060768127441406,-0.21179959177970886,-0.020627887816857537,-0.03601720929145813,-0.31189587712287903,-0.03473383923036977,-0.03733929991722107,-0.37414443492889404,-0.04090399657351895,-0.03670334815979004,-0.4208688735961914,-0.04399288807971402,0.01304483413696289,-0.20596939325332642,-0.03370991338951512,0.034942805767059326,-0.3218355178833008,-0.049652628497909745,0.047636181116104126,-0.3911668509244919,-0.057326760040353975,0.056365370750427246,-0.44159388542175293,-0.06050059189064427,0.05195137858390808,-0.1857551634311676,-0.044752668486665925,0.07813182473182678,-0.29180848598480225,-0.06120634813768788,0.09366282820701599,-0.3578542321920395,-0.07042086859209462,0.10282710194587708,-0.4081185758113861,-0.07379954298002644,0.08602297306060791,-0.15503984689712524,-0.053679495947193345,0.11989617347717285,-0.24245065450668335,-0.06521829207403584,0.13923299312591553,-0.2899201810359955,-0.06679286052448674,0.1534101665019989,-0.3296898603439331,-0.06547636528475209
Four,0.0,0.0,0.0,-0.0423189252614975,-0.08081287145614624,0.010573704201874534,-0.0461309552192688,-0.15349942445755005,0.008215145614144603,-0.01512947678565979,-0.19555550813674927,0.003937440864888231,0.019192785024642944,-0.20660629868507385,-0.002989568574207624,-0.029174506664276123,-0.211203932762146,-0.019947473484876355,-0.03664083778858185,-0.3111427277326584,-0.03354335815072318,-0.03818559646606445,-0.37347428500652313,-0.03874900058269759,-0.03694517910480499,-0.41982944309711456,-0.04097814724207183,0.01365751028060913,-0.20718282461166382,-0.03360419586658736,0.03553476929664612,-0.32277168333530426,-0.048918242160084446,0.04802325367927551,-0.39117705821990967,-0.05515164375663062,0.05716857314109802,-0.43993064761161804,-0.057236904803517064,0.0524519681930542,-0.18821799755096436,-0.04500941798448821,0.07988956570625305,-0.2935664653778076,-0.06070585787654181,0.09537577629089355,-0.35980571806430817,-0.06908713147402068,0.10460397601127625,-0.409805029630661,-0.07205682114124556,0.08629032969474792,-0.15781936049461365,-0.05411256716013213,0.12041822075843811,-0.244134783744812,-0.06515607104063292,0.13954487442970276,-0.292109876871109,-0.06652615830660125,0.15341171622276306,-0.3329886794090271,-0.06513056770324965
Four,0.0,0.0,0.0,-0.04196760058403015,-0.08214083313941956,0.01177310198679038,-0.04557099938392639,-0.15616250038146973,0.010757099838400563,-0.01515856385231018,-0.1990910768508911,0.007555745543385228,0.01855441927909851,-0.21152371168136597,0.002030034550870141,-0.029686331748962402,-0.21285480260849,-0.016566792501663485,-0.03720352053642273,-0.3140345811843872,-0.02938202954695157,-0.038227081298828125,-0.37711766362190247,-0.033896757288431445,-0.036426156759262085,-0.4233176112174988,-0.03543330170080594,0.013343244791030884,-0.20988237857818604,-0.030552398412083903,0.034864962100982666,-0.32705530524253845,-0.04455927945539884,0.04764026403427124,-0.3959357589483261,-0.04968036897346906,0.05721414089202881,-0.44434577226638794,-0.05069113336369924,0.05235329270362854,-0.19178885221481323,-0.04237917996809415,0.07852506637573242,-0.29653307795524597,-0.05649025924370221,0.09371006488800049,-0.3626279681921005,-0.06356250308320455,0.1030832827091217,-0.41194209456443787,-0.06555673293635778,0.0860009491443634,-0.16146361827850342,-0.05199641175434522,0.1188773512840271,-0.24511754512786865,-0.0609833989279025,0.13792526721954346,-0.2914636433124542,-0.06062065251038007,0.15223655104637146,-0.3294300436973572,-0.057929834349607745
Four,0.0,0.0,0.0,-0.04043155908584595,-0.0860605239868164,0.010220848694018514,-0.043537020683288574,-0.15950852632522583,0.006918818428687246,-0.012568831443786621,-0.19993963837623596,0.0014124975721756527,0.022145956754684448,-0.2123599648475647,-0.006194094922818749,-0.030312925577163696,-0.21102309226989746,-0.018723038286395877,-0.037418901920318604,-0.31298935413360596,-0.03292613595766625,-0.03795504570007324,-0.3762872815132141,-0.03876913458151421,-0.03567391633987427,-0.4234656095504761,-0.04127213105601868,0.013799935579299927,-0.20696240663528442,-0.032592893839307635,0.03549748659133911,-0.3238780200481415,-0.04638046145481667,0.04966682195663452,-0.39146725833415985,-0.05218771591825089,0.060984522104263306,-0.4394414871931076,-0.054324799478479235,0.053739726543426514,-0.1884951889514923,-0.044385639280505984,0.0799206793308258,-0.2931332588195801,-0.05816741406960091,0.09496831893920898,-0.357956200838089,-0.06522945806426605,0.10449957847595215,-0.40658125281333923,-0.06775706753177246,0.08812612295150757,-0.15851086378097534,-0.054137797356077044,0.12023335695266724,-0.23905086517333984,-0.06232903644485077,0.13847705721855164,-0.28568851947784424,-0.061492217034526675,0.15235725045204163,-0.325295627117157,-0.05896619826597771
Four,0.0,0.0,0.0,-0.04190021753311157,-0.08474874496459961,0.010523976647675681,-0.04627592861652374,-0.15771275758743286,0.007939795853019405,-0.015361398458480835,-0.19726508855819702,0.0032786218276328327,0.018218934535980225,-0.20757001638412476,-0.0035272996114485977,-0.02967885136604309,-0.21099430322647095,-0.01915543164926703,-0.03732186555862427,-0.31558699905872345,-0.03369218494611914,-0.03824704885482788,-0.38014858961105347,-0.03903033595400984,-0.035866111516952515,-0.42749202251434326,-0.04093969624358351,0.014253616333007812,-0.20724579691886902,-0.03307415928560431,0.034872591495513916,-0.32599717378616333,-0.048892475775062394,0.04846760630607605,-0.3951178193092346,-0.05501566465812857,0.06000113487243652,-0.4440606087446213,-0.056612812093078446,0.05324491858482361,-0.18938204646110535,-0.04489276569205458,0.07915893197059631,-0.2953677177429199,-0.06085356335955794,0.09481608867645264,-0.36050404608249664,-0.06850870709735091,0.10530039668083191,-0.40907758474349976,-0.07056178908663924,0.08652850985527039,-0.16001859307289124,-0.05453456204253371,0.11937195062637329,-0.24367442727088928,-0.06504163902121718,0.13841110467910767,-0.290738046169281,-0.06529311101752455,0.15302559733390808,-0.33010177314281464,-0.0629043729217642
Four,0.0,0.0,0.0,-0.04144042730331421,-0.08472514152526855,0.01102407313032927,-0.046854227781295776,-0.15926137566566467,0.008953774711926599,-0.017070114612579346,-0.19857487082481384,0.0047497752968865825,0.015458256006240845,-0.20745104551315308,-0.0018527371428262995,-0.029330581426620483,-0.21241769194602966,-0.019441428230265956,-0.036734700202941895,-0.3183028995990753,-0.0337755015204948,-0.037698447704315186,-0.3834567368030548,-0.039047472746233325,-0.035625070333480835,-0.4312528669834137,-0.040989943415979724,0.01531451940536499,-0.20870280265808105,-0.03354209345684467,0.0357474684715271,-0.3282778859138489,-0.04878849965439258,0.049315035343170166,-0.3981177508831024,-0.05489547607407985,0.060689300298690796,-0.4473433345556259,-0.05665058326826511,0.05456918478012085,-0.19079524278640747,-0.04541586768732486,0.0801684558391571,-0.29801613092422485,-0.06098116618500171,0.09610876441001892,-0.36269544064998627,-0.068932228357653,0.10689535737037659,-0.4107779562473297,-0.07144586798654018,0.08748927712440491,-0.16149413585662842,-0.055041712344745974,0.11937814950942993,-0.24550506472587585,-0.06603425052867351,0.13827040791511536,-0.2928753197193146,-0.06691987869248806,0.15314316749572754,-0.33246250450611115,-0.06504055914388118
Four,0.0,0.0,0.0,-0.04216429591178894,-0.08347666263580322,0.009342205126074532,-0.04758736491203308,-0.15501177310943604,0.006101073112574795,-0.018635332584381104,-0.1945611834526062,0.0011371676784506235,0.011740326881408691,-0.20608246326446533,-0.005858550898494741,-0.030472129583358765,-0.21239915490150452,-0.020798041138561985,-0.03730571269989014,-0.31883519887924194,-0.035508648145707866,-0.03787940740585327,-0.38414692878723145,-0.04099896608641984,-0.035749733448028564,-0.4323525130748749,-0.04299120663455369,0.014237403869628906,-0.2073739469051361,-0.03426311596086862,0.03534558415412903,-0.3271646797657013,-0.05024409352591874,0.04960644245147705,-0.39757533371448517,-0.05637014715722444,0.06155270338058472,-0.448032021522522,-0.057879198927196285,0.05360344052314758,-0.187520831823349,-0.04561923875263574,0.07866761088371277,-0.294308602809906,-0.06168647913983705,0.09476637840270996,-0.360631600022316,-0.06922645180276277,0.10583990812301636,-0.41080591082572937,-0.07122638880065324,0.08692178130149841,-0.15615373849868774,-0.05485247134021165,0.11800915002822876,-0.23900943994522095,-0.06527014135173204,0.13666149973869324,-0.2865865230560303,-0.06509549974254014,0.151471346616745,-0.32691892981529236,-0.06238435267260911
Four,0.0,0.0,0.0,-0.04237419366836548,-0.0850875973701477,0.007655785509285806,-0.045860230922698975,-0.1586219072341919,0.003818423577484964,-0.012851536273956299,-0.1973666548728943,-0.0012952002259964956,0.0211162269115448,-0.2067716121673584,-0.008603754828783394,-0.028719782829284668,-0.21201661229133606,-0.024891860227199913,-0.03680485486984253,-0.3177553713321686,-0.0413174903049196,-0.03803524374961853,-0.3832773417234421,-0.04737560209176195,-0.035980939865112305,-0.43170469999313354,-0.04959897827646387,0.016356706619262695,-0.20550712943077087,-0.03774236273309839,0.03667551279067993,-0.32690274715423584,-0.05633757021567476,0.05100440979003906,-0.39810675382614136,-0.06324840467712534,0.06308120489120483,-0.4495060294866562,-0.06502139699003351,0.05588600039482117,-0.1853344440460205,-0.048581635023566605,0.08156833052635193,-0.29364532232284546,-0.06735496353647363,0.09727340936660767,-0.3600442707538605,-0.0761809287621702,0.10770225524902344,-0.40985196828842163,-0.07841631900808466,0.0895003080368042,-0.15487802028656006,-0.05726294722697389,0.12138336896896362,-0.24228301644325256,-0.07059047501823557,0.14024469256401062,-0.2927544116973877,-0.07272217553398264,0.15500712394714355,-0.3352283239364624,-0.07137932759067667
Four,0.0,0.0,0.0,-0.0420757532119751,-0.08311116695404053,0.006835470215719397,-0.043554723262786865,-0.15786969661712646,0.00366470474500602,-0.011730730533599854,-0.20368841290473938,-0.00058044253864864,0.02123841643333435,-0.22063031792640686,-0.006396369303274696,-0.02885723114013672,-0.21549397706985474,-0.022245885564643686,-0.0347292423248291,-0.32044288516044617,-0.03804953186090643,-0.03553628921508789,-0.38544782996177673,-0.04393688006575758,-0.034013986587524414,-0.4332026094198227,-0.046169703586656397,0.015610873699188232,-0.2087269425392151,-0.03460396988566572,0.036417871713638306,-0.33046770095825195,-0.05280056013043577,0.05045732855796814,-0.4021928310394287,-0.06006979359563047,0.061571329832077026,-0.4534921199083328,-0.06220057396467382,0.05556574463844299,-0.1875579059123993,-0.04512109397228414,0.08142393827438354,-0.29814717173576355,-0.06362813128407652,0.09678351879119873,-0.36438268423080444,-0.07221531285222227,0.10675433278083801,-0.4138569235801697,-0.07454212917264158,0.09003770351409912,-0.1561240255832672,-0.05365811078127081,0.1217891275882721,-0.24334436655044556,-0.0677369178670233,0.14005351066589355,-0.29407572746276855,-0.07044117314990217,0.15474790334701538,-0.33695071935653687,-0.06938927782948667
Four,0.0,0.0,0.0,-0.042373865842819214,-0.08490127325057983,0.007849060758616133,-0.04463985562324524,-0.16000089049339294,0.0049851632822708325,-0.01342707872390747,-0.20063316822052002,0.0007768538227708177,0.02004864811897278,-0.2122105360031128,-0.005331970457319812,-0.028469204902648926,-0.21717962622642517,-0.021450285971496896,-0.03576436638832092,-0.32311323285102844,-0.036421121269796686,-0.03751683235168457,-0.3876016139984131,-0.04193030780587037,-0.03647303581237793,-0.43585096299648285,-0.0441040072444423,0.01561841368675232,-0.2107847034931183,-0.03420224896106561,0.03634074330329895,-0.3311583995819092,-0.052141574383114175,0.049524545669555664,-0.402089461684227,-0.05951203516158898,0.06030440330505371,-0.45553869009017944,-0.06168063095245202,0.05453935265541077,-0.1898486614227295,-0.04492357111010392,0.0806506872177124,-0.2956858277320862,-0.06225075310501893,0.09626489877700806,-0.36154404282569885,-0.07074858358535607,0.1064831018447876,-0.4124090373516083,-0.0731734569970115,0.08768582344055176,-0.15748494863510132,-0.053681452930305795,0.1192493736743927,-0.24075168371200562,-0.06561856827173074,0.1371031403541565,-0.28963813185691833,-0.06717899552020867,0.15089458227157593,-0.331520676612854,-0.06565609684619744
Four,0.0,0.0,0.0,-0.04229375720024109,-0.08560895919799805,0.0077070512923853585,-0.04370185732841492,-0.16003164649009705,0.004985377017732162,-0.011460810899734497,-0.1997237205505371,0.0010560913359256574,0.022709012031555176,-0.21011754870414734,-0.00497278122944067,-0.027152568101882935,-0.2161562442779541,-0.022151986777458887,-0.03505709767341614,-0.3220272660255432,-0.03702702809837888,-0.03722676634788513,-0.38667070865631104,-0.04216552962330411,-0.0359644889831543,-0.4345151036977768,-0.04404550854829381,0.017588287591934204,-0.20992353558540344,-0.034587473317657214,0.03822258114814758,-0.33047354221343994,-0.05240776453879903,0.05149948596954346,-0.4011750668287277,-0.05969429452684949,0.06254473328590393,-0.4541199505329132,-0.06184096325901578,0.056542158126831055,-0.189536452293396,-0.044981610670362215,0.0827556848526001,-0.2953052818775177,-0.0624815343764169,0.0984618067741394,-0.3601605296134949,-0.07149736274746488,0.10870575904846191,-0.41052697598934174,-0.07437728781965802,0.08883008360862732,-0.15840968489646912,-0.0533272369649751,0.12009799480438232,-0.24060100317001343,-0.06623577018049787,0.13837894797325134,-0.2886776030063629,-0.06888594914940427,0.15265712141990662,-0.33017104864120483,-0.06812789727715085
Four,0.0,0.0,0.0,-0.04308566451072693,-0.0853419303894043,0.008134561310669142,-0.04470860958099365,-0.15837788581848145,0.005621192230989891,-0.014159828424453735,-0.1999967098236084,0.0020698417901598987,0.01721668243408203,-0.21221685409545898,-0.0034934934702164355,-0.02975916862487793,-0.21270322799682617,-0.02376858079884414,-0.038142114877700806,-0.3196011483669281,-0.038752085809449,-0.039877235889434814,-0.3845795691013336,-0.04312540153119926,-0.03845664858818054,-0.4325156658887863,-0.04409355605099563,0.015129655599594116,-0.20695209503173828,-0.03589764172289733,0.03639310598373413,-0.3288826048374176,-0.05379978874776725,0.050160735845565796,-0.39947155117988586,-0.059494606499413294,0.06141504645347595,-0.4508763998746872,-0.060119002406338495,0.05442887544631958,-0.1874123215675354,-0.04584198007438545,0.07995513081550598,-0.2945577800273895,-0.06309718201015357,0.09507158398628235,-0.36066216230392456,-0.07052140245292549,0.10512062907218933,-0.41163623332977295,-0.07204414466474418,0.08707579970359802,-0.15729963779449463,-0.05370305785987739,0.11774906516075134,-0.24179589748382568,-0.06617605248544578,0.1360466182231903,-0.2907558083534241,-0.06785977939222221,0.1505802571773529,-0.3324356973171234,-0.06614933470342521
Four,0.0,0.0,0.0,-0.041590213775634766,-0.08302289247512817,0.007491193065334301,-0.04351520538330078,-0.1546342372894287,0.003815636090848784,-0.013762861490249634,-0.1959000825881958,-0.001034774649042447,0.016824722290039062,-0.20999860763549805,-0.007855131471615096,-0.02735656499862671,-0.21193158626556396,-0.025361252198081274,-0.03452584147453308,-0.31728219985961914,-0.041033358493905325,-0.03638783097267151,-0.3816348910331726,-0.04668272770391013,-0.0364169180393219,-0.42951756715774536,-0.04887006543026473,0.015558987855911255,-0.20465737581253052,-0.037995551893573065,0.03610280156135559,-0.32583898305892944,-0.055871469149451514,0.049339622259140015,-0.3963591158390045,-0.06318882964001205,0.059274256229400635,-0.44839222729206085,-0.06571603677616622,0.054074227809906006,-0.18405580520629883,-0.04839510209308173,0.07900974154472351,-0.29080814123153687,-0.06629235408649947,0.09441375732421875,-0.35786762833595276,-0.07584554813251998,0.10373979806900024,-0.408328115940094,-0.07926476112947967,0.08740460872650146,-0.15405893325805664,-0.05671068392143752,0.11909714341163635,-0.23934441804885864,-0.06982307992325332,0.1379161775112152,-0.2890945374965668,-0.07282429299698379,0.15222856402397156,-0.3311304748058319,-0.0724628951345494
Four,0.0,0.0,0.0,-0.04143533110618591,-0.08340901136398315,0.00654930116152741,-0.04412999749183655,-0.1551772952079773,0.0021156101255712656,-0.013669490814208984,-0.1922208070755005,-0.00351752147534512,0.018014967441558838,-0.20136064291000366,-0.011297934618681893,-0.028796851634979248,-0.21175622940063477,-0.025365482945829854,-0.036574095487594604,-0.31839972734451294,-0.04118641272643231,-0.03801611065864563,-0.38303643465042114,-0.047085130517274365,-0.03722605109214783,-0.43167221546173096,-0.049578608875066266,0.014217019081115723,-0.20522591471672058,-0.03802622288921498,0.03533098101615906,-0.32539039850234985,-0.05561846673944615,0.04904770851135254,-0.3957049250602722,-0.06312571645239018,0.05979076027870178,-0.44882625341415405,-0.06571023345449589,0.05263558030128479,-0.18446344137191772,-0.048653906141311154,0.07653921842575073,-0.2902466654777527,-0.06599009216287754,0.0928257405757904,-0.356975793838501,-0.07572900683143757,0.10368165373802185,-0.40836575627326965,-0.07933188409069203,0.08638370037078857,-0.1535291075706482,-0.0573779436991515,0.11767223477363586,-0.23705562949180603,-0.06979444057205342,0.13711407780647278,-0.2843177914619446,-0.0723041835472884,0.15224668383598328,-0.32412397861480713,-0.07159990251520298
Four,0.0,0.0,0.0,-0.04109969735145569,-0.08319157361984253,0.006652248724009269,-0.04383420944213867,-0.15576821565628052,0.0020211478030489616,-0.013303220272064209,-0.19385457038879395,-0.0037339409546746083,0.01779612898826599,-0.20397692918777466,-0.011581085455958373,-0.02930334210395813,-0.21148836612701416,-0.026089924221281535,-0.03743019700050354,-0.3188447654247284,-0.042018550281767375,-0.03866720199584961,-0.3836170434951782,-0.047877757643703944,-0.03784152865409851,-0.4327552914619446,-0.05026376510167552,0.013821810483932495,-0.204170823097229,-0.038854847495798595,0.03490206599235535,-0.32534149289131165,-0.057055993770603664,0.048295795917510986,-0.3963626027107239,-0.06489472726488543,0.05819103121757507,-0.451045960187912,-0.06760828832292987,0.05220472812652588,-0.1837087869644165,-0.04948026204610301,0.07503771781921387,-0.2906248867511749,-0.0673875425210042,0.09116476774215698,-0.35869836807250977,-0.07756456622982455,0.10141140222549438,-0.41143274307250977,-0.08123465517664386,0.08590888977050781,-0.15396171808242798,-0.058104167526011,0.11673730611801147,-0.2398623526096344,-0.07036894450092746,0.1357201635837555,-0.2881254553794861,-0.07283256838226748,0.1501196324825287,-0.3287661373615265,-0.07210118213797045
Four,0.0,0.0,0.0,-0.040816158056259155,-0.08455753326416016,0.00821225804853043,-0.04292452335357666,-0.15693581104278564,0.00407579442131123,-0.011230140924453735,-0.19526159763336182,-0.0014353539457658826,0.021564573049545288,-0.2051047682762146,-0.00907672481966415,-0.029989302158355713,-0.2095319628715515,-0.02534444636089006,-0.03908133506774902,-0.31818079948425293,-0.04086898086947599,-0.040364861488342285,-0.3834289610385895,-0.04599195538443723,-0.03933060169219971,-0.4327314496040344,-0.04759513406438032,0.013585567474365234,-0.20298272371292114,-0.038315547689620644,0.03435862064361572,-0.32525187730789185,-0.05595282657426992,0.0473615825176239,-0.39594900608062744,-0.06245890079421201,0.0573364794254303,-0.4495851993560791,-0.06402541516703764,0.05227363109588623,-0.18378448486328125,-0.04900974227470556,0.07574543356895447,-0.2925001382827759,-0.06628795532864729,0.09100005030632019,-0.3605021834373474,-0.0750973281113545,0.10061877965927124,-0.41279804706573486,-0.0775411408988873,0.08593177795410156,-0.15518909692764282,-0.05754253460449377,0.11743825674057007,-0.24345645308494568,-0.06864277093094984,0.13621526956558228,-0.29247909784317017,-0.0697991233913342,0.15021511912345886,-0.33368751406669617,-0.06797111599129835
Four,0.0,0.0,0.0,-0.042226165533065796,-0.08215177059173584,0.005405723403015372,-0.045691877603530884,-0.15298068523406982,-0.0010882919358152776,-0.014780879020690918,-0.19297224283218384,-0.008595859811833861,0.017709702253341675,-0.20593100786209106,-0.017998801724246505,-0.03279659152030945,-0.2048901915550232,-0.028828395710519317,-0.04206186532974243,-0.3137015700340271,-0.045892711908749106,-0.04313501715660095,-0.3789452314376831,-0.05245759728663302,-0.04185909032821655,-0.4286510646343231,-0.05503705534451342,0.011233896017074585,-0.19877052307128906,-0.04092834535353518,0.03115522861480713,-0.3219820261001587,-0.05890440586321688,0.044067591428756714,-0.39333808422088623,-0.06612179446332789,0.05403566360473633,-0.44755634665489197,-0.06855002808683253,0.05037686228752136,-0.18051016330718994,-0.05091900023930407,0.07287564873695374,-0.2905954420566559,-0.06797932851426935,0.08822992444038391,-0.3588312864303589,-0.07655353862159586,0.09796637296676636,-0.4114152789115906,-0.07919945585840082,0.08431565761566162,-0.15317600965499878,-0.05905812624209261,0.11472007632255554,-0.24095049500465393,-0.0690398218046937,0.1327676773071289,-0.2889959514141083,-0.0691194983135972,0.14608895778656006,-0.32952624559402466,-0.0668198095571313
Four,0.0,0.0,0.0,-0.042723149061203,-0.07669681310653687,0.00685084365181865,-0.04876670241355896,-0.14700990915298462,0.0017494187770807912,-0.021221429109573364,-0.18918919563293457,-0.004281576388848407,0.008511483669281006,-0.20260757207870483,-0.012510714718473537,-0.03432422876358032,-0.2015858292579651,-0.029511788525951488,-0.043590158224105835,-0.3114108741283417,-0.04550720159090815,-0.04499374330043793,-0.3773919641971588,-0.05074998144186793,-0.04419964551925659,-0.42679548263549805,-0.05240137282885371,0.009879618883132935,-0.19721931219100952,-0.04159040529407321,0.029133081436157227,-0.3221757411956787,-0.058645574041975124,0.04113385081291199,-0.3937397003173828,-0.06448560360945521,0.05026376247406006,-0.447090744972229,-0.06578752551354228,0.04916119575500488,-0.17990708351135254,-0.051226967611682994,0.07145890593528748,-0.2925189733505249,-0.06780196879185496,0.08591991662979126,-0.36073023080825806,-0.07585328225172816,0.09494775533676147,-0.4126383066177368,-0.07817296091593562,0.08288010954856873,-0.15247482061386108,-0.058753953912628276,0.11336630582809448,-0.23979589343070984,-0.06920460764445124,0.13107073307037354,-0.28703105449676514,-0.06953797642268,0.14386478066444397,-0.32670414447784424,-0.0672360822943574
Four,0.0,0.0,0.0,-0.0429212749004364,-0.07795834541320801,0.006894324730581047,-0.04901325702667236,-0.14885741472244263,0.0011539431861251614,-0.019734978675842285,-0.19179219007492065,-0.005369655497872827,0.012000083923339844,-0.2066866159439087,-0.01403274684076905,-0.034783005714416504,-0.19923681020736694,-0.0322837207359612,-0.04470032453536987,-0.30950960516929626,-0.04935705399935841,-0.04645568132400513,-0.3756943345069885,-0.05501952505534291,-0.04604355990886688,-0.4251795709133148,-0.056743708614760635,0.009023845195770264,-0.19404220581054688,-0.04450180492227673,0.027909845113754272,-0.32128024101257324,-0.06296943611329198,0.03988003730773926,-0.3935798406600952,-0.06913546956008076,0.04862254858016968,-0.4470808506011963,-0.07047226763194203,0.0479658842086792,-0.17694979906082153,-0.05405707768028378,0.06957465410232544,-0.2914668023586273,-0.07214855140870213,0.08350938558578491,-0.36099907755851746,-0.08072485512917638,0.09169355034828186,-0.41386112570762634,-0.08302425331299901,0.08157822489738464,-0.15007317066192627,-0.061295692984515426,0.11157608032226562,-0.24074190855026245,-0.07218015677159428,0.12886953353881836,-0.28791671991348267,-0.07224742061322331,0.14097169041633606,-0.3271055817604065,-0.06969979888623357
Four,0.0,0.0,0.0,-0.04141584038734436,-0.08639711141586304,0.006628482822662818,-0.04298800230026245,-0.16158252954483032,0.0006370242790865177,-0.007242143154144287,-0.20248395204544067,-0.006455205626451743,0.02880057692527771,-0.21568834781646729,-0.015412694554441941,-0.03373134136199951,-0.20152246952056885,-0.029463468830698503,-0.04369795322418213,-0.3098401725292206,-0.04657288339328147,-0.0460038036108017,-0.3751637041568756,-0.05303611677479125,-0.045728594064712524,-0.4246414303779602,-0.0553337752480445,0.010265439748764038,-0.19541919231414795,-0.04179356318306304,0.028468012809753418,-0.321189820766449,-0.05938756164502479,0.0409049391746521,-0.3930327296257019,-0.0659127130765853,0.05052226781845093,-0.44604772329330444,-0.06771474775266029,0.04990297555923462,-0.17784154415130615,-0.05167532783340789,0.0718192458152771,-0.2927246391773224,-0.06830068376254417,0.08579069375991821,-0.3610835075378418,-0.07592503425073005,0.09379994869232178,-0.41296184062957764,-0.07771788236092902,0.0845986008644104,-0.15099501609802246,-0.05951913144778587,0.11377054452896118,-0.24172598123550415,-0.06804937567900993,0.12999215722084045,-0.2893320322036743,-0.06636388298463203,0.14116910099983215,-0.3287150263786316,-0.06285956945609428
Four,0.0,0.0,0.0,-0.04250133037567139,-0.08080869913101196,0.00566956705370103,-0.04695269465446472,-0.15381556749343872,-0.0007642897362529766,-0.014968633651733398,-0.195670485496521,-0.008117357483570231,0.020616263151168823,-0.20894920825958252,-0.017540756827656878,-0.035410076379776,-0.19818782806396484,-0.03064204401380266,-0.045209646224975586,-0.3052211403846741,-0.04757535106546129,-0.04739263653755188,-0.36995548009872437,-0.053776901429955615,-0.047360002994537354,-0.4183835983276367,-0.05608498699075426,0.008455723524093628,-0.19275379180908203,-0.04266590646511759,0.0280187726020813,-0.31795772910118103,-0.06007273516661371,0.03992074728012085,-0.38828957080841064,-0.0661661142767116,0.04826587438583374,-0.43955695629119873,-0.06782515740997042,0.04818463325500488,-0.1756184697151184,-0.05238274133807863,0.07091057300567627,-0.2905069589614868,-0.06926201677924837,0.0846964418888092,-0.3596224784851074,-0.07740556842691149,0.09242105484008789,-0.41190147399902344,-0.07987994349605287,0.08266156911849976,-0.1488059163093567,-0.06008368752009119,0.11263981461524963,-0.23872673511505127,-0.07004726327068056,0.12923923134803772,-0.28580936789512634,-0.06972887015945162,0.14093267917633057,-0.32482099533081055,-0.06720593965656008
Four,0.0,0.0,0.0,-0.04228714108467102,-0.0816614031791687,0.005210476142622156,-0.045674532651901245,-0.15488845109939575,-0.0010568311835754685,-0.01291164755821228,-0.1966807246208191,-0.008089695910655337,0.02159750461578369,-0.21052879095077515,-0.01690007359042056,-0.03528657555580139,-0.19963836669921875,-0.030328983294509726,-0.04470512270927429,-0.30642637610435486,-0.047351572516106444,-0.04632836580276489,-0.3712969720363617,-0.05375079795970805,-0.04550415277481079,-0.41979214549064636,-0.055990855994366484,0.008966028690338135,-0.19420814514160156,-0.041887372585676985,0.027220547199249268,-0.3185070753097534,-0.059137437346123534,0.03912174701690674,-0.3894208073616028,-0.06508027747526057,0.047894448041915894,-0.4408150315284729,-0.06647612139835246,0.048663318157196045,-0.177132248878479,-0.05121689275159724,0.07091349363327026,-0.29020652174949646,-0.06790214017286189,0.08469828963279724,-0.358739972114563,-0.07563567891969569,0.09223604202270508,-0.40974366664886475,-0.07753759607925303,0.08304929733276367,-0.15009057521820068,-0.05859258011236079,0.11289307475090027,-0.23879259824752808,-0.06765747055663951,0.12892493605613708,-0.2856743633747101,-0.06644258633508571,0.1397790014743805,-0.3238562047481537,-0.06317278728141673
Four,0.0,0.0,0.0,-0.04514420032501221,-0.07935118675231934,0.0033281703770740023,-0.05145680904388428,-0.15051859617233276,-0.00440199884468484,-0.02106061577796936,-0.19107341766357422,-0.013232192274870158,0.01402398943901062,-0.2011319398880005,-0.024267740797938586,-0.03595885634422302,-0.19749534130096436,-0.030911810946406604,-0.04617646336555481,-0.30503690242767334,-0.04884470092946458,-0.04811042547225952,-0.3702276349067688,-0.056516440835537196,-0.0471440851688385,-0.4193480610847473,-0.059813285496773005,0.007974326610565186,-0.19294589757919312,-0.04251337635213304,0.026632696390151978,-0.3157936930656433,-0.06023721980744767,0.03787240386009216,-0.38688409328460693,-0.06746467786723542,0.04634413123130798,-0.4380870461463928,-0.07006507205659318,0.04759839177131653,-0.17583799362182617,-0.052162407216371776,0.0703389048576355,-0.28727245330810547,-0.06821320789748597,0.08200347423553467,-0.3559443950653076,-0.07650760399991441,0.08799982070922852,-0.40668725967407227,-0.07934705751830506,0.08188140392303467,-0.14861667156219482,-0.060253320512117625,0.11129766702651978,-0.23535847663879395,-0.06898367988759446,0.12604746222496033,-0.28386396169662476,-0.06839853363925386,0.13607779145240784,-0.32338643074035645,-0.06590336399966645
Four,0.0,0.0,0.0,-0.04418572783470154,-0.08252912759780884,0.0026215953591020025,-0.04679781198501587,-0.1585342288017273,-0.005032269439965376,-0.010544270277023315,-0.19948720932006836,-0.013386423855394014,0.027034610509872437,-0.21054083108901978,-0.02371503707703937,-0.03463149070739746,-0.19993698596954346,-0.03078159984883655,-0.04357871413230896,-0.3068483769893646,-0.048397251560658106,-0.04491165280342102,-0.37137728929519653,-0.056071330949038156,-0.043496549129486084,-0.42052221298217773,-0.059551836147278436,0.009694457054138184,-0.19418996572494507,-0.04181740541693557,0.02773338556289673,-0.31729555130004883,-0.05869643498894561,0.039957284927368164,-0.3894530236721039,-0.06608499695298065,0.049602121114730835,-0.44263696670532227,-0.06915293742653716,0.049371927976608276,-0.1765003800392151,-0.05099660639402259,0.07012462615966797,-0.28822362422943115,-0.06701646853920806,0.08286163210868835,-0.3573841452598572,-0.0758647855066954,0.09041959047317505,-0.40887734293937683,-0.07930535931822646,0.08352676033973694,-0.15031319856643677,-0.058625967397659906,0.11219069361686707,-0.23577308654785156,-0.06825780977246154,0.12830772995948792,-0.284054696559906,-0.06852924932476867,0.1402217149734497,-0.3239508271217346,-0.06675118316647399
Four,0.0,0.0,0.0,-0.044642895460128784,-0.08198106288909912,0.004068722414444892,-0.049279630184173584,-0.15872538089752197,-0.0023121655204931812,-0.015957951545715332,-0.20157426595687866,-0.009767467224378379,0.020138561725616455,-0.21302169561386108,-0.019413990968246253,-0.03519424796104431,-0.20130866765975952,-0.028135960989970954,-0.04431125521659851,-0.3075178265571594,-0.045071302050132545,-0.04611369967460632,-0.37199199199676514,-0.052436890148896964,-0.04490336775779724,-0.42097383737564087,-0.055737217956561835,0.008854299783706665,-0.1967363953590393,-0.03964539065339068,0.02748855948448181,-0.3195543885231018,-0.05576057552673319,0.03920552134513855,-0.391185998916626,-0.06261311292030314,0.048485517501831055,-0.4435442090034485,-0.06526559411861399,0.04827788472175598,-0.17935329675674438,-0.04927767633773783,0.07088732719421387,-0.2917953431606293,-0.06445333927251795,0.08273455500602722,-0.36053261160850525,-0.07286018698789576,0.08932411670684814,-0.4113122522830963,-0.07606472640611628,0.08213463425636292,-0.15204894542694092,-0.05731087371088961,0.11211845278739929,-0.237278014421463,-0.06626689999677637,0.12758249044418335,-0.28580424189567566,-0.06627329259492853,0.1383470594882965,-0.32582342624664307,-0.06431075751163462
Four,0.0,0.0,0.0,-0.04550063610076904,-0.08297747373580933,0.002244682664525044,-0.05004829168319702,-0.15880101919174194,-0.005360406908664572,-0.014978766441345215,-0.19915622472763062,-0.013959880537811387,0.022958099842071533,-0.20830106735229492,-0.0246827766220008,-0.0356999933719635,-0.2022104263305664,-0.02916591203910457,-0.04501807689666748,-0.3088855445384979,-0.04710963889164077,-0.04700008034706116,-0.3730927109718323,-0.05535926818055259,-0.045952945947647095,-0.42226749658584595,-0.059397728733245,0.008847653865814209,-0.19764918088912964,-0.040537276856127846,0.02656492590904236,-0.3199303150177002,-0.05774277969402419,0.03746455907821655,-0.3916544020175934,-0.06585053502720939,0.0461980402469635,-0.4452879726886749,-0.06949054598015891,0.04863518476486206,-0.18025493621826172,-0.050322981170836556,0.06976774334907532,-0.2915670871734619,-0.06662809997004615,0.08162236213684082,-0.35988712310791016,-0.07601692675751792,0.08874216675758362,-0.4111618995666504,-0.07992380260628806,0.08258113265037537,-0.1535404920578003,-0.05872291102213012,0.11214447021484375,-0.2370336353778839,-0.06891071199578391,0.12829503417015076,-0.28468483686447144,-0.06981882601183997,0.1404646337032318,-0.32462260127067566,-0.06850927471322166
Four,0.0,0.0,0.0,-0.04501378536224365,-0.0831143856048584,0.0015218331004120955,-0.049340903759002686,-0.16039681434631348,-0.005503781513255035,-0.014176875352859497,-0.20247095823287964,-0.013363243919741308,0.023405849933624268,-0.21211671829223633,-0.023100096640121137,-0.034426212310791016,-0.20226764678955078,-0.027446828690301572,-0.044519782066345215,-0.3092004954814911,-0.04471386959863821,-0.0471443235874176,-0.3732558786869049,-0.05278259506536642,-0.04603755474090576,-0.4218111038208008,-0.056723691430818235,0.010513335466384888,-0.19701290130615234,-0.03800024082971731,0.025816887617111206,-0.3178178668022156,-0.05451945951296011,0.03594750165939331,-0.3883315324783325,-0.06279601892543951,0.04456484317779541,-0.44083574414253235,-0.06663591405464331,0.0504189133644104,-0.17995303869247437,-0.0471318102450482,0.06966924667358398,-0.290939599275589,-0.06318102767778555,0.08132997155189514,-0.3580462634563446,-0.07255833586765448,0.08846628665924072,-0.40858274698257446,-0.07645615181041876,0.08403551578521729,-0.1544792652130127,-0.054974861350785886,0.11289486289024353,-0.23699253797531128,-0.06474801888776938,0.12890267372131348,-0.28381454944610596,-0.06548968693329016,0.1407872438430786,-0.3231252431869507,-0.06409162273718039
Four,0.0,0.0,0.0,-0.04615476727485657,-0.08148819208145142,0.0008350483678043474,-0.05092325806617737,-0.157728910446167,-0.0062157048540427695,-0.017599672079086304,-0.20211261510849,-0.013733075249405147,0.018381863832473755,-0.21380239725112915,-0.02307468957027936,-0.03571465611457825,-0.20015937089920044,-0.029296149748773814,-0.044302791357040405,-0.3091161251068115,-0.04677345908007169,-0.046038538217544556,-0.37431254982948303,-0.0547845319541409,-0.04437953233718872,-0.42345380783081055,-0.05843304029426122,0.009559005498886108,-0.19451934099197388,-0.03901247239431882,0.025406569242477417,-0.31580162048339844,-0.05546425959786916,0.03522554039955139,-0.3866675794124603,-0.06297986513695264,0.04356470704078674,-0.43824195861816406,-0.06612938946804547,0.04969337582588196,-0.17744141817092896,-0.04716553470811391,0.06916731595993042,-0.2889218330383301,-0.062245275142998935,0.08027592301368713,-0.35625743865966797,-0.07002253389677549,0.087124764919281,-0.40577030181884766,-0.07287383383831525,0.08273911476135254,-0.151980459690094,-0.05417893758735204,0.11127027869224548,-0.23414593935012817,-0.06269282406887555,0.12688741087913513,-0.28136494755744934,-0.06215303322991872,0.13874712586402893,-0.32008621096611023,-0.05977073988637471
Four,0.0,0.0,0.0,-0.0483095645904541,-0.0753965973854065,0.004061572749549214,-0.055332183837890625,-0.15118950605392456,0.00013392524959954244,-0.025135189294815063,-0.19679534435272217,-0.004249557356899913,0.008243709802627563,-0.20990735292434692,-0.010877019229894813,-0.035843610763549805,-0.19405347108840942,-0.02909420660472506,-0.04742145538330078,-0.3072436451911926,-0.043573769244915184,-0.04990065097808838,-0.3733547031879425,-0.048056917700534996,-0.04916107654571533,-0.4215664863586426,-0.04900581619477862,0.010309457778930664,-0.190588116645813,-0.03883367261624926,0.027192294597625732,-0.316001832485199,-0.052500518474346336,0.038504987955093384,-0.38662561774253845,-0.05720605185962313,0.04783129692077637,-0.4350781738758087,-0.05810762799120539,0.049730122089385986,-0.17438697814941406,-0.04639793789721125,0.06860968470573425,-0.28796201944351196,-0.06100851899719828,0.07908380031585693,-0.3550616204738617,-0.06923796838856333,0.0860849916934967,-0.4038364887237549,-0.07229693836308115,0.08184799551963806,-0.14999419450759888,-0.052044233742719825,0.10965859889984131,-0.23320350050926208,-0.06222794434762591,0.1263006031513214,-0.2785824239253998,-0.06271415061092966,0.13961628079414368,-0.31593772768974304,-0.06080026781893366
Four,0.0,0.0,0.0,-0.04745250940322876,-0.08217918872833252,0.0028882865277353176,-0.05139899253845215,-0.1627681851387024,-0.0019033775483023874,-0.01846352219581604,-0.21318554878234863,-0.0070810617930021635,0.015280961990356445,-0.2320062816143036,-0.013748480664077078,-0.03542107343673706,-0.20062780380249023,-0.026693901704135214,-0.04370322823524475,-0.3112126588821411,-0.0427395260943797,-0.04635003209114075,-0.37774500250816345,-0.04898736319083241,-0.04602682590484619,-0.42740803956985474,-0.05124891987580327,0.011552184820175171,-0.19456207752227783,-0.03643074324864415,0.02803286910057068,-0.31658586859703064,-0.05248509785670308,0.038762181997299194,-0.3875548243522644,-0.058596250326814925,0.04788079857826233,-0.43949151039123535,-0.06028548693794278,0.051811277866363525,-0.17776793241500854,-0.04443516275424031,0.07201069593429565,-0.290070116519928,-0.06003923034805325,0.0842113196849823,-0.3560715317726135,-0.06649870863694218,0.09173411130905151,-0.40578779578208923,-0.06776690921324757,0.08381575345993042,-0.15345793962478638,-0.050919186980905806,0.11093246936798096,-0.2370019257068634,-0.059769482077541625,0.12536591291427612,-0.2857462465763092,-0.05842970004815129,0.13624656200408936,-0.32667505741119385,-0.055067446739855086
Four,0.0,0.0,0.0,-0.04808396100997925,-0.07933741807937622,0.0017373207460025242,-0.05314141511917114,-0.1588539481163025,-0.0042946105155294845,-0.020744383335113525,-0.20897376537322998,-0.010325805682981581,0.013351917266845703,-0.22672438621520996,-0.017861270744646163,-0.036557018756866455,-0.19931256771087646,-0.0307144126187211,-0.04470542073249817,-0.31178224086761475,-0.047310769025529,-0.04595819115638733,-0.37869662046432495,-0.05363538062974271,-0.04396280646324158,-0.428298681974411,-0.055738642279351325,0.010634005069732666,-0.19321537017822266,-0.03978989965125379,0.02740880846977234,-0.3184523582458496,-0.05653838015004453,0.03905534744262695,-0.3907220959663391,-0.06244254804059324,0.049239516258239746,-0.4427284598350525,-0.0637653166691905,0.051002681255340576,-0.17653560638427734,-0.04690357616945562,0.07100099325180054,-0.2920899987220764,-0.06275565123959836,0.0839371383190155,-0.3578605055809021,-0.06883393174811658,0.09213006496429443,-0.4056466221809387,-0.06958875006839094,0.08298376202583313,-0.1522696614265442,-0.05252471140428838,0.1108708381652832,-0.2376171350479126,-0.06120127386256513,0.12586957216262817,-0.2855354845523834,-0.059377088610375495,0.13705384731292725,-0.3242006301879883,-0.055413651679003806
Four,0.0,0.0,0.0,-0.04830598831176758,-0.07796329259872437,0.0035403930402253536,-0.05429461598396301,-0.15636229515075684,-0.0008926515414486857,-0.023482441902160645,-0.20758438110351562,-0.005282575655087385,0.009732753038406372,-0.22634828090667725,-0.011196033953979168,-0.036391645669937134,-0.19811898469924927,-0.029772725812449607,-0.04586297273635864,-0.3109114468097687,-0.04561371069337383,-0.04697996377944946,-0.3775925040245056,-0.05089004050876156,-0.04469263553619385,-0.4274222254753113,-0.052184333018317375,0.010663747787475586,-0.192943274974823,-0.03887240301753536,0.028040438890457153,-0.3180693984031677,-0.0556053825833942,0.04025304317474365,-0.3901823163032532,-0.06090617638017193,0.05085691809654236,-0.4426582455635071,-0.06156743030931011,0.050408244132995605,-0.17671257257461548,-0.04576964389468685,0.07075536251068115,-0.28819581866264343,-0.061880663893475685,0.08451670408248901,-0.35413551330566406,-0.06799709882523075,0.09354397654533386,-0.4027746915817261,-0.06853535856987492,0.0814671516418457,-0.15291136503219604,-0.05089846339012638,0.10976621508598328,-0.23673409223556519,-0.059668016544833336,0.12525483965873718,-0.2842870354652405,-0.057905581704631004,0.13708636164665222,-0.32339391112327576,-0.05392093297029987
Four,0.0,0.0,0.0,-0.04841873049736023,-0.07861119508743286,0.005360166883036754,-0.053098082542419434,-0.1568695306777954,0.002129402352437637,-0.02018904685974121,-0.20459449291229248,-0.0013107642382976792,0.015268951654434204,-0.21882981061935425,-0.00685183111025367,-0.03324615955352783,-0.1963711977005005,-0.030612161973550656,-0.043602824211120605,-0.3101646304130554,-0.04625715746922765,-0.0448688268661499,-0.377410888671875,-0.05138708710117612,-0.04290217161178589,-0.42813557386398315,-0.05266889243765149,0.013405650854110718,-0.191828191280365,-0.04022768571419988,0.029851585626602173,-0.32002511620521545,-0.05603551923675809,0.0416683554649353,-0.3930355906486511,-0.06092496647877965,0.052177220582962036,-0.44607046246528625,-0.06158228277607236,0.05232727527618408,-0.1752445101737976,-0.04727822973771367,0.07287013530731201,-0.2903909981250763,-0.0632594494466332,0.08557650446891785,-0.3573782444000244,-0.07028685941739354,0.09385311603546143,-0.40671032667160034,-0.07176457777066503,0.08291035890579224,-0.15036046504974365,-0.05226916506333623,0.11313849687576294,-0.23546546697616577,-0.061715629542305805,0.1294931173324585,-0.28178316354751587,-0.06088534056587491,0.14154976606369019,-0.32043662667274475,-0.057791043663456776
Four,0.0,0.0,0.0,-0.047422856092453,-0.07798957824707031,0.005547984291496277,-0.052914828062057495,-0.15415531396865845,0.0005125131203556066,-0.021666288375854492,-0.20369428396224976,-0.00468890809204936,0.012239277362823486,-0.22195488214492798,-0.01167272704404354,-0.03270745277404785,-0.19969934225082397,-0.03406662887644529,-0.040277063846588135,-0.3108600676059723,-0.0522357041270709,-0.04054933786392212,-0.37745463848114014,-0.05861280134629965,-0.03809201717376709,-0.4274863004684448,-0.06057289636444807,0.013150304555892944,-0.19383841753005981,-0.04448724559259176,0.0332222580909729,-0.3209596276283264,-0.06493598243903875,0.04679843783378601,-0.394441157579422,-0.07168352625083685,0.05860716104507446,-0.44812461733818054,-0.07303241661500692,0.05197346210479736,-0.17716127634048462,-0.05200819319796324,0.07482191920280457,-0.2902925908565521,-0.07050083598804235,0.09024584293365479,-0.3545897603034973,-0.076290346893785,0.10055190324783325,-0.40168315172195435,-0.07617858818483114,0.08288422226905823,-0.15240538120269775,-0.05745681768965483,0.11335235834121704,-0.23792964220046997,-0.06725148877811193,0.1300918459892273,-0.2839808464050293,-0.06515686980199575,0.14226537942886353,-0.3221588134765625,-0.06073159000587225
Four,0.0,0.0,0.0,-0.04625013470649719,-0.07835268974304199,0.0056270910116040795,-0.05018606781959534,-0.15424120426177979,0.0010257759984710901,-0.01797252893447876,-0.20353174209594727,-0.003551350704753986,0.016843169927597046,-0.2202357053756714,-0.009901812796840659,-0.0312538743019104,-0.19845491647720337,-0.034641284992346755,-0.03915596008300781,-0.3130183517932892,-0.051906578739533416,-0.038370758295059204,-0.38017284870147705,-0.056889661153206816,-0.035081446170806885,-0.4302417039871216,-0.05772418205941676,0.015201151371002197,-0.19269990921020508,-0.044579141338715544,0.03557419776916504,-0.32125261425971985,-0.06420216759050845,0.04907664656639099,-0.3940264582633972,-0.06988795896376132,0.061051905155181885,-0.44685184955596924,-0.07029967059696673,0.05386623740196228,-0.1758277416229248,-0.051468436171660414,0.07625624537467957,-0.29002267122268677,-0.06885723074282168,0.09086912870407104,-0.3540554642677307,-0.07346018453444003,0.10104984045028687,-0.40114837884902954,-0.0725045432647562,0.08443447947502136,-0.1504209041595459,-0.05632196043933391,0.1142892837524414,-0.23735469579696655,-0.0655569290121889,0.13174599409103394,-0.2837311029434204,-0.06299486060942172,0.1449735164642334,-0.32231009006500244,-0.058078762640604964
Four,0.0,0.0,0.0,-0.0471530556678772,-0.0795736312866211,0.004948538025502103,-0.050535619258880615,-0.153350830078125,0.0002624413132537029,-0.01752495765686035,-0.19882869720458984,-0.004843551436778171,0.018582195043563843,-0.2113545536994934,-0.011746776527132852,-0.032857924699783325,-0.19648033380508423,-0.03098932397958265,-0.04126924276351929,-0.3080911338329315,-0.04723547143336759,-0.040277063846588135,-0.3737640976905823,-0.052368813431229455,-0.037154316902160645,-0.42353856563568115,-0.05359807354804502,0.01355847716331482,-0.1933283805847168,-0.04095423338409887,0.03360763192176819,-0.31988340616226196,-0.05712908250686155,0.046795785427093506,-0.39295679330825806,-0.061604888415303094,0.05793115496635437,-0.4456396996974945,-0.06187210348841177,0.05272722244262695,-0.1775074005126953,-0.04839498293992506,0.07368326187133789,-0.2921322286128998,-0.06301238132115827,0.08603745698928833,-0.35592350363731384,-0.06733597559329496,0.09409382939338684,-0.40206268429756165,-0.06703857821818815,0.0841415524482727,-0.15260517597198486,-0.054236513799395425,0.11408334970474243,-0.23639655113220215,-0.06294634682532774,0.13120025396347046,-0.2821986675262451,-0.06128764269348608,0.1441674828529358,-0.31990912556648254,-0.057279573059048516
Four,0.0,0.0,0.0,-0.04699575901031494,-0.07932084798812866,0.0038988888525466336,-0.04924798011779785,-0.15477919578552246,-0.000720012906839429,-0.01469692587852478,-0.20224392414093018,-0.005133764326473056,0.021828383207321167,-0.217637300491333,-0.011234718348731576,-0.032836318016052246,-0.19437062740325928,-0.03265135825787979,-0.04100421071052551,-0.3073387145996094,-0.04886186958466965,-0.0403745174407959,-0.37415915727615356,-0.053700533669342576,-0.03714543581008911,-0.42467889189720154,-0.05473351941620308,0.013784676790237427,-0.1905800700187683,-0.04179815665995079,0.032965511083602905,-0.31685853004455566,-0.05880130172883469,0.0454215407371521,-0.38821345567703247,-0.0630344981065889,0.05554085969924927,-0.4391741454601288,-0.0629458585492273,0.05313393473625183,-0.17536211013793945,-0.04844930485998589,0.07322743535041809,-0.29188501834869385,-0.06465073765431839,0.08506622910499573,-0.35751545429229736,-0.06993989736949402,0.09251219034194946,-0.40563857555389404,-0.07006543220197159,0.08396494388580322,-0.15160012245178223,-0.05329628379260498,0.11322641372680664,-0.2373652458190918,-0.06309367806827026,0.13019436597824097,-0.283094584941864,-0.06192178369676071,0.14344948530197144,-0.32032763957977295,-0.0582851292303701
Four,0.0,0.0,0.0,-0.04724171757698059,-0.07876431941986084,0.0032591454148303,-0.04876425862312317,-0.1536179780960083,-0.00135547982770845,-0.013651371002197266,-0.1969282031059265,-0.005858572207017687,0.02315494418144226,-0.20707613229751587,-0.01229267149008706,-0.032676517963409424,-0.19237852096557617,-0.03216866637356475,-0.04046618938446045,-0.30554381012916565,-0.04775508354194358,-0.03941115736961365,-0.3714766800403595,-0.051832115750386265,-0.03561785817146301,-0.4202057123184204,-0.05234859372265532,0.013880342245101929,-0.1881583333015442,-0.04118766124136641,0.03304648399353027,-0.31471484899520874,-0.05700261006839469,0.0462934672832489,-0.38518232107162476,-0.060765358160807637,0.05740678310394287,-0.4340279996395111,-0.0605615102756758,0.05295339226722717,-0.17212718725204468,-0.0480076470483084,0.07306864857673645,-0.2889070212841034,-0.06370015303380683,0.08475008606910706,-0.35581526160240173,-0.07042366127259925,0.09263864159584045,-0.40440046787261963,-0.07192552695758536,0.08342087268829346,-0.14771652221679688,-0.05306780199296668,0.11291438341140747,-0.23217374086380005,-0.06417423347718909,0.1299763023853302,-0.27925124764442444,-0.06524807075746253,0.14357826113700867,-0.3174895644187927,-0.06339783827550605
Four,0.0,0.0,0.0,-0.04519021511077881,-0.08163690567016602,0.0032298994625818978,-0.04526257514953613,-0.16052424907684326,-0.0019971356817620745,-0.012191683053970337,-0.20876920223236084,-0.007121295770360803,0.02182433009147644,-0.22690844535827637,-0.013677483992381667,-0.0335211455821991,-0.19648659229278564,-0.03190647122423229,-0.04221788048744202,-0.3057143986225128,-0.048494268776579474,-0.04292091727256775,-0.3706345558166504,-0.05356716793934879,-0.039960384368896484,-0.4194285273551941,-0.05471681487719593,0.011773675680160522,-0.1890842318534851,-0.04168098476688442,0.02662995457649231,-0.31168118119239807,-0.05861415398280201,0.0380365252494812,-0.3829265832901001,-0.06408998426954327,0.0478360652923584,-0.4351121485233307,-0.06568151769201336,0.05145043134689331,-0.1717395782470703,-0.04928313625018177,0.07050105929374695,-0.28745976090431213,-0.06619894561330852,0.08125007152557373,-0.354507714509964,-0.07368373927633343,0.08748948574066162,-0.405285507440567,-0.0757914414719778,0.08285000920295715,-0.1477833390235901,-0.05500426200191555,0.11011505126953125,-0.23428070545196533,-0.06525206622640667,0.1255752444267273,-0.2807519733905792,-0.06535738018314419,0.13734173774719238,-0.3185577988624573,-0.06324263718883572
Four,0.0,0.0,0.0,-0.04766207933425903,-0.07806158065795898,0.0011214970902528876,-0.050197988748550415,-0.15238124132156372,-0.005666972178687502,-0.015117496252059937,-0.19334852695465088,-0.012363435741235662,0.020935535430908203,-0.20326054096221924,-0.02121410988615935,-0.03365179896354675,-0.19245696067810059,-0.03551569119440501,-0.04358828067779541,-0.3009783625602722,-0.05357031435119097,-0.04371678829193115,-0.36563241481781006,-0.06036857426511233,-0.04100239276885986,-0.4154261350631714,-0.0629703915153641,0.010589390993118286,-0.18671786785125732,-0.04507173881279414,0.028529971837997437,-0.30970892310142517,-0.06270599276172106,0.0413726270198822,-0.3817579746246338,-0.06904359817849581,0.052095383405685425,-0.43426379561424255,-0.0711648604308266,0.04885515570640564,-0.1694687008857727,-0.05269207716332858,0.06719538569450378,-0.28265491127967834,-0.07052852869378512,0.07904207706451416,-0.34966546297073364,-0.07983539164411013,0.08729287981987,-0.3988687992095947,-0.08320875376807635,0.08032706379890442,-0.1443178653717041,-0.058731778565515924,0.10932666063308716,-0.23127877712249756,-0.0720551973615784,0.12748947739601135,-0.2760961651802063,-0.07475422233687823,0.14205649495124817,-0.31199878454208374,-0.07412539333449786
Four,0.0,0.0,0.0,-0.049615293741226196,-0.07785171270370483,0.0019281419622814155,-0.05348530411720276,-0.15410542488098145,-0.0036268367734635376,-0.019215911626815796,-0.1981196403503418,-0.008754332859524538,0.01644277572631836,-0.21022742986679077,-0.015761704493769457,-0.036251187324523926,-0.1924719214439392,-0.035387396190770914,-0.04589301347732544,-0.30179643630981445,-0.05249481586039906,-0.045738428831100464,-0.3663256764411926,-0.05834812608779316,-0.04308784008026123,-0.4154350757598877,-0.06021377754629498,0.00805780291557312,-0.18557173013687134,-0.04443971378029232,0.027096658945083618,-0.31030791997909546,-0.061911142740854075,0.04010125994682312,-0.3823457956314087,-0.06768746984423046,0.050146400928497314,-0.43425697088241577,-0.06911184204042797,0.046551913022994995,-0.16859221458435059,-0.051361265901931574,0.06500869989395142,-0.2821304500102997,-0.06918794972122555,0.0768008828163147,-0.34953099489212036,-0.07867427480638867,0.08484873175621033,-0.39854127168655396,-0.0818271891516531,0.07792839407920837,-0.1448763608932495,-0.05648530584991818,0.10740441083908081,-0.2329595685005188,-0.06990269881904965,0.12577810883522034,-0.27819085121154785,-0.07304567408979779,0.1404934823513031,-0.31400853395462036,-0.072492453579315
Four,0.0,0.0,0.0,-0.048162609338760376,-0.07674330472946167,0.002001866319801593,-0.05210256576538086,-0.15043246746063232,-0.004234054737139559,-0.018185466527938843,-0.19389629364013672,-0.01012300109152875,0.017723143100738525,-0.20715433359146118,-0.017950428329754686,-0.03481745719909668,-0.19212186336517334,-0.035617733054209566,-0.04478907585144043,-0.30133575201034546,-0.053123583697129106,-0.04546976089477539,-0.3660249710083008,-0.05936024864797673,-0.043278634548187256,-0.41455674171447754,-0.06145839174871526,0.00942125916481018,-0.18527311086654663,-0.045081501506615496,0.02751860022544861,-0.31025367975234985,-0.06363429655914388,0.03929439187049866,-0.3818208873271942,-0.07002604534511647,0.04849693179130554,-0.433043897151947,-0.07165251454000554,0.047943055629730225,-0.16856437921524048,-0.052389250748205995,0.06829014420509338,-0.28337547183036804,-0.07044672002677999,0.08190998435020447,-0.3515678644180298,-0.07937746276741109,0.09101825952529907,-0.40165865421295166,-0.08206339707260213,0.07901856303215027,-0.144648015499115,-0.05792324399237714,0.10832518339157104,-0.2340712547302246,-0.07073041578416905,0.1260075569152832,-0.28046101331710815,-0.07285541077737889,0.13958534598350525,-0.3180300295352936,-0.07156500747089467
Four,0.0,0.0,0.0,-0.04704144597053528,-0.0777977705001831,0.002687685504554338,-0.049804627895355225,-0.1533530354499817,-0.0033007775563760333,-0.015206903219223022,-0.19644641876220703,-0.009390054889024668,0.020270109176635742,-0.20768696069717407,-0.017342271901668482,-0.035014718770980835,-0.1958867907524109,-0.032651387773455554,-0.045451343059539795,-0.30401748418807983,-0.04947125601023572,-0.04674738645553589,-0.368300199508667,-0.05547984751314061,-0.045380860567092896,-0.41625601053237915,-0.05758578019589322,0.008591800928115845,-0.18903887271881104,-0.042878185085953646,0.027670592069625854,-0.3134879767894745,-0.060929045699538165,0.04022270441055298,-0.38518962264060974,-0.06762800054997342,0.04956364631652832,-0.4371016025543213,-0.06949460940808194,0.0469437837600708,-0.17193812131881714,-0.05110256435722249,0.06724372506141663,-0.2861621081829071,-0.06887020605057614,0.08193367719650269,-0.35436171293258667,-0.07837374942749875,0.09141102433204651,-0.4041971266269684,-0.08142825650423902,0.07912743091583252,-0.14767736196517944,-0.05756965713948148,0.10875201225280762,-0.2370755970478058,-0.06984764026850598,0.12675708532333374,-0.28362730145454407,-0.07216109769791501,0.14006894826889038,-0.3209155201911926,-0.07114816891402143
Four,0.0,0.0,0.0,-0.046934038400650024,-0.07300853729248047,0.003504604990837379,-0.0531579852104187,-0.14759927988052368,-0.0023037544868316218,-0.0209692120552063,-0.19308137893676758,-0.008232070174756245,0.013059347867965698,-0.20463508367538452,-0.016518875998201565,-0.03765764832496643,-0.19352376461029053,-0.034959973809066014,-0.050416380167007446,-0.30246502161026,-0.05137818124586602,-0.053881317377090454,-0.3671684265136719,-0.05684224706584473,-0.0542626678943634,-0.4162418842315674,-0.05886474442178269,0.005613803863525391,-0.1901155710220337,-0.045549230691733555,0.01959499716758728,-0.3156336545944214,-0.06247048642927666,0.03018966317176819,-0.3882949948310852,-0.06834427830273171,0.03910216689109802,-0.44051530957221985,-0.07028606351906319,0.0438019335269928,-0.17421364784240723,-0.05381700959497948,0.06107887625694275,-0.2908223867416382,-0.07141460296207924,0.07314401865005493,-0.3609656095504761,-0.08144219037586709,0.08121886849403381,-0.41254401206970215,-0.08553007808023949,0.07614031434059143,-0.14916598796844482,-0.060091169592681126,0.10428905487060547,-0.23975947499275208,-0.07320759263330956,0.12168794870376587,-0.28723305463790894,-0.07641017254883309,0.1349658966064453,-0.3258770704269409,-0.07645620968634148
Four,0.0,0.0,0.0,-0.04546809196472168,-0.07540792226791382,0.006967631484798176,-0.05117669701576233,-0.14823830127716064,0.0025715803163564033,-0.019606441259384155,-0.19172483682632446,-0.002627909100198167,0.015143334865570068,-0.20289188623428345,-0.010059861150153893,-0.03838479518890381,-0.19698882102966309,-0.03004917284525277,-0.04955852031707764,-0.3059532642364502,-0.045408194568523186,-0.051817625761032104,-0.3713637590408325,-0.05035959711349847,-0.05151689052581787,-0.42000994086265564,-0.05183458110369088,0.005508452653884888,-0.1930517554283142,-0.04160889020241143,0.021932154893875122,-0.31858915090560913,-0.058210154679187553,0.03327903151512146,-0.3900597095489502,-0.0635276154247606,0.041990697383880615,-0.4412878751754761,-0.06446015244401337,0.044354408979415894,-0.17741209268569946,-0.05061413874901177,0.06251737475395203,-0.2926730513572693,-0.06720197355426194,0.07586795091629028,-0.3604539632797241,-0.07526466405070664,0.08448711037635803,-0.4096924066543579,-0.0774354056087816,0.0775671899318695,-0.15325641632080078,-0.057428924050697105,0.1061597466468811,-0.24340981245040894,-0.06853067284501435,0.12396776676177979,-0.29017433524131775,-0.06939907526648881,0.1370963752269745,-0.32781800627708435,-0.0673105806676233
Four,0.0,0.0,0.0,-0.045350849628448486,-0.07357263565063477,0.007073723716501945,-0.05346173048019409,-0.14374029636383057,0.0021794939002290903,-0.024111300706863403,-0.187566339969635,-0.003509139636690861,0.009414583444595337,-0.19971638917922974,-0.011538675049479252,-0.03867137432098389,-0.19387441873550415,-0.03195153362506176,-0.05088356137275696,-0.30291008949279785,-0.047851780424053914,-0.05382087826728821,-0.36823588609695435,-0.05291469580882335,-0.0540519654750824,-0.4169546961784363,-0.054401284078295475,0.004931926727294922,-0.1910807490348816,-0.04352100379222179,0.02168172597885132,-0.3183295726776123,-0.06029799021237636,0.03309395909309387,-0.3894955515861511,-0.06533687002414013,0.04178193211555481,-0.43956467509269714,-0.06615361757033611,0.043572068214416504,-0.17646640539169312,-0.05239154211633945,0.06134477257728577,-0.29309791326522827,-0.06912469304555202,0.07394212484359741,-0.360653817653656,-0.07694541103595043,0.08184877038002014,-0.4092101752758026,-0.0790196973776176,0.07702124118804932,-0.1525999903678894,-0.059014430264170414,0.10585564374923706,-0.24421021342277527,-0.07021893746608043,0.1235802173614502,-0.29101312160491943,-0.07104290462487484,0.13642075657844543,-0.32880914211273193,-0.06895458883994365
Four,0.0,0.0,0.0,-0.04652279615402222,-0.07334989309310913,0.00530057537756079,-0.054541170597076416,-0.1436924934387207,-0.0006602464368086203,-0.02392759919166565,-0.18748784065246582,-0.007033392811052863,0.010398507118225098,-0.20075494050979614,-0.015529006278001134,-0.0399947464466095,-0.19433265924453735,-0.03438281968780643,-0.05233508348464966,-0.30227017402648926,-0.05125843316861278,-0.0552808940410614,-0.36796116828918457,-0.0571068744415868,-0.055612772703170776,-0.41715994477272034,-0.05919378951736576,0.003443896770477295,-0.19077980518341064,-0.045393693750583,0.020259231328964233,-0.3175424635410309,-0.06311552554913646,0.031882405281066895,-0.38911759853363037,-0.0689041051323045,0.040594667196273804,-0.4403737485408783,-0.07031454474278576,0.042206764221191406,-0.1759873628616333,-0.05378767058797962,0.0597575306892395,-0.29204919934272766,-0.07116832167454845,0.07235828042030334,-0.36077895760536194,-0.07944994748183376,0.08016890287399292,-0.4110090136528015,-0.08183309764214641,0.07615667581558228,-0.152493417263031,-0.06007195592471248,0.10478150844573975,-0.24428319931030273,-0.07147050977297909,0.12192842364311218,-0.29110556840896606,-0.07243644774504787,0.13430026173591614,-0.32913070917129517,-0.07050837159701473
Four,0.0,0.0,0.0,-0.04594746232032776,-0.07409167289733887,0.006663247038687814,-0.053478360176086426,-0.14306241273880005,0.001391314579251457,-0.022916018962860107,-0.18623441457748413,-0.004306155695502412,0.011697053909301758,-0.19805043935775757,-0.012151245000694644,-0.0404471755027771,-0.19420641660690308,-0.03413964898410882,-0.05234329402446747,-0.30191123485565186,-0.05087838412347878,-0.05566415190696716,-0.3677380383014679,-0.05665572823110665,-0.05637270212173462,-0.4163607358932495,-0.05862355322662438,0.0037064850330352783,-0.19132745265960693,-0.044982184628878485,0.02069494128227234,-0.3177300989627838,-0.06196742595258797,0.03209507465362549,-0.38837888836860657,-0.0671192528409108,0.04027193784713745,-0.4382469952106476,-0.06813181654635514,0.04332929849624634,-0.17756956815719604,-0.05294104383412446,0.06142830848693848,-0.2931841313838959,-0.06905042843047227,0.0738818347454071,-0.3592436909675598,-0.07606048599902238,0.08142051100730896,-0.4070538878440857,-0.07780822084370698,0.0776752233505249,-0.15460872650146484,-0.05872757450762833,0.10539743304252625,-0.2443898320198059,-0.06935400233689393,0.12137210369110107,-0.2894623279571533,-0.06965041623536194,0.13302049040794373,-0.3262125253677368,-0.06718711272898759
Four,0.0,0.0,0.0,-0.04698753356933594,-0.07211363315582275,0.005346335587802287,-0.05504275858402252,-0.1398339867591858,-0.0005608345374810142,-0.02617838978767395,-0.18348604440689087,-0.006814144434628133,0.006702035665512085,-0.1964477300643921,-0.015195035258528833,-0.042079776525497437,-0.193112313747406,-0.03410215570985997,-0.05434873700141907,-0.2995748221874237,-0.051015282863971834,-0.05744689702987671,-0.3645722270011902,-0.057155753368732576,-0.057796984910964966,-0.4130513668060303,-0.05946069478451932,0.002005547285079956,-0.1911327838897705,-0.04463021352350438,0.018313080072402954,-0.3159814774990082,-0.06110291823208058,0.029511868953704834,-0.38598567247390747,-0.066306850755808,0.037517428398132324,-0.43568429350852966,-0.06769236072361196,0.04180821776390076,-0.1774766445159912,-0.05255507200419629,0.059852927923202515,-0.2923516631126404,-0.06849460943996633,0.07210397720336914,-0.3571668565273285,-0.07547633245050633,0.0793759822845459,-0.4039335548877716,-0.07744493975698674,0.07633361220359802,-0.15462160110473633,-0.05849620967566693,0.10417678952217102,-0.24445420503616333,-0.06968136026918614,0.12031322717666626,-0.28990238904953003,-0.07054683461248601,0.1318771243095398,-0.3273530602455139,-0.0685595934039327
Four,0.0,0.0,0.0,-0.04729580879211426,-0.07550060749053955,0.003544812557123578,-0.05267362296581268,-0.14932024478912354,-0.002390523440368497,-0.02088102698326111,-0.19532597064971924,-0.008546962867654884,0.015156596899032593,-0.20906388759613037,-0.017078178468324268,-0.03916054964065552,-0.2001543939113617,-0.032556292134501064,-0.05272237956523895,-0.3027690649032593,-0.04871582658884677,-0.055667176842689514,-0.36599817872047424,-0.05512844072578105,-0.05586060881614685,-0.41365790367126465,-0.058141377288080776,0.004063546657562256,-0.19684234261512756,-0.0430266452014223,0.01806768774986267,-0.31705886125564575,-0.05885569425223025,0.02822968363761902,-0.3880060613155365,-0.06634756969211253,0.03585144877433777,-0.4399466812610626,-0.06990474508998545,0.04380860924720764,-0.1796780824661255,-0.051173855084158504,0.0587543249130249,-0.2900031805038452,-0.06769543187616023,0.07001498341560364,-0.3579864501953125,-0.07836996810434016,0.07762056589126587,-0.40973973274230957,-0.08359280275104197,0.07878461480140686,-0.15320390462875366,-0.0573725593268648,0.1036422848701477,-0.2397591769695282,-0.07066712574956568,0.11881104111671448,-0.2855952978134155,-0.07452648924586924,0.13055956363677979,-0.325100839138031,-0.07509336667058619
Four,0.0,0.0,0.0,-0.043076351284980774,-0.07688987255096436,0.00581860389578992,-0.04806055128574371,-0.14962822198867798,0.0007929797146459805,-0.01582363247871399,-0.19518175721168518,-0.005197557285242738,0.019627749919891357,-0.20889529585838318,-0.013292886912637414,-0.03810989856719971,-0.19901269674301147,-0.027996497824602784,-0.05054396390914917,-0.30244913697242737,-0.04371305800955838,-0.052915990352630615,-0.3659111261367798,-0.050035635605269135,-0.05270947515964508,-0.4132787585258484,-0.0529479707030589,0.004269778728485107,-0.1961401104927063,-0.03970992438476628,0.020478874444961548,-0.31783539056777954,-0.05562053494136876,0.03219562768936157,-0.3895570635795593,-0.06307129062693662,0.040693581104278564,-0.4413161873817444,-0.06621942915003842,0.04410204291343689,-0.17990726232528687,-0.049171528443508805,0.06041079759597778,-0.2909051179885864,-0.0654504919795329,0.07312944531440735,-0.3585405945777893,-0.07572268195431775,0.08161526918411255,-0.4096190929412842,-0.08028632648270673,0.08006367087364197,-0.15408682823181152,-0.05661133550088948,0.10553979873657227,-0.23912331461906433,-0.06868867821972913,0.12087297439575195,-0.2848956286907196,-0.07167407371085233,0.13335120677947998,-0.3239902853965759,-0.07156212873738355
Four,0.0,0.0,0.0,-0.043476402759552,-0.07437628507614136,0.004536294756604775,-0.04981726408004761,-0.14663028717041016,-0.001333880558462397,-0.018419712781906128,-0.19270473718643188,-0.008313966071085588,0.01748710870742798,-0.20692351460456848,-0.01733684269137825,-0.03868409991264343,-0.19954484701156616,-0.026684730401115075,-0.050318777561187744,-0.3025401830673218,-0.04253095117755379,-0.052771031856536865,-0.3656533360481262,-0.049460702663139955,-0.05275002121925354,-0.4126657694578171,-0.052972746169047014,0.0034422576427459717,-0.19818657636642456,-0.03837964413114037,0.020405620336532593,-0.31846433877944946,-0.05381488901920761,0.03223416209220886,-0.38959136605262756,-0.06167480078883614,0.04065695405006409,-0.44053295254707336,-0.065376487647967,0.04323774576187134,-0.18243294954299927,-0.048199162905888215,0.06071522831916809,-0.2914123833179474,-0.06406365064330544,0.07356229424476624,-0.35830873250961304,-0.07457530972905602,0.0818585455417633,-0.4082750380039215,-0.07961193201489891,0.07957294583320618,-0.15658265352249146,-0.05627623302288498,0.106757253408432,-0.2392061948776245,-0.06822095540709938,0.1227300763130188,-0.2849665582180023,-0.07158282128520455,0.135385662317276,-0.3236384987831116,-0.07193831828780617
Four,0.0,0.0,0.0,-0.044731318950653076,-0.07700586318969727,0.006438011041154823,-0.05093386769294739,-0.14904674887657166,0.0016555149045416329,-0.01904699206352234,-0.1943659484386444,-0.0042828310110962775,0.017371445894241333,-0.208181232213974,-0.01251960851413969,-0.039719223976135254,-0.19756487011909485,-0.026753153914341965,-0.050902336835861206,-0.29987189173698425,-0.04191192452026371,-0.05312362313270569,-0.36268186569213867,-0.04780144829464916,-0.052884191274642944,-0.4093169718980789,-0.050417186954746285,0.0027636289596557617,-0.19533926248550415,-0.03868365127755169,0.01992049813270569,-0.3155984878540039,-0.05391250018192295,0.03142121434211731,-0.38669006526470184,-0.060857421049604454,0.03991690278053284,-0.43715983629226685,-0.06370454866600994,0.04271024465560913,-0.1790212094783783,-0.04840037439180378,0.061732083559036255,-0.28760355710983276,-0.06393954742861752,0.07414257526397705,-0.3553476333618164,-0.07393612552596096,0.08208400011062622,-0.406131386756897,-0.07852240491820339,0.07867103815078735,-0.15223512053489685,-0.05608976472331051,0.10674083232879639,-0.23506474494934082,-0.06759958554221157,0.12218979001045227,-0.280811071395874,-0.07044470150185589,0.1341334879398346,-0.31957584619522095,-0.07036971140814785
Four,0.0,0.0,0.0,-0.04464493691921234,-0.0770980715751648,0.005581710706167087,-0.050614938139915466,-0.1486552357673645,0.000256976011144161,-0.019621998071670532,-0.19234910607337952,-0.0061206852694226654,0.016311943531036377,-0.20391753315925598,-0.01489071945223941,-0.037544578313827515,-0.19962573051452637,-0.02809074080113305,-0.048651739954948425,-0.3007359802722931,-0.04424472084764375,-0.05101318657398224,-0.36347609758377075,-0.05103114551428689,-0.050522834062576294,-0.4104667156934738,-0.054261907250918284,0.005033910274505615,-0.19617077708244324,-0.04006910628203286,0.022604912519454956,-0.3150293231010437,-0.05691948837164773,0.03405192494392395,-0.38627730309963226,-0.06492226129893197,0.04268798232078552,-0.43774399161338806,-0.0684203461420907,0.04467850923538208,-0.17916306853294373,-0.04987012526515855,0.06518912315368652,-0.28651002049446106,-0.06679352676991357,0.07820644974708557,-0.3533426523208618,-0.07704609191540612,0.08654972910881042,-0.40367330610752106,-0.08146168595675363,0.07975193858146667,-0.15245693922042847,-0.0577270642531289,0.10770729184150696,-0.23699963092803955,-0.07025538689021005,0.12379682064056396,-0.28291332721710205,-0.07324932819727792,0.13630354404449463,-0.3219016194343567,-0.07305459237221612
Four,0.0,0.0,0.0,-0.04476696252822876,-0.07515078783035278,0.0085837676955407,-0.052458614110946655,-0.14465221762657166,0.005489313399607454,-0.02535688877105713,-0.18775752186775208,0.000982154633106802,0.007982015609741211,-0.1997869610786438,-0.006057033890670027,-0.0359799861907959,-0.20108553767204285,-0.024748099611883845,-0.04735289514064789,-0.3014795482158661,-0.03965784387457916,-0.050242260098457336,-0.3639589995145798,-0.04494273813236305,-0.05021488666534424,-0.4099845737218857,-0.046944865600949015,0.006311357021331787,-0.19877445697784424,-0.037243229912405695,0.023845553398132324,-0.31679558753967285,-0.05421566741335937,0.034689873456954956,-0.3878026604652405,-0.06152884067762443,0.042701900005340576,-0.43833908438682556,-0.06409127788413116,0.045091867446899414,-0.18209323287010193,-0.04731898160446235,0.06693136692047119,-0.28768154978752136,-0.06455481575596878,0.07933059334754944,-0.35389360785484314,-0.07433502899277755,0.08701103925704956,-0.403726726770401,-0.07798004673588821,0.07912760972976685,-0.15482550859451294,-0.0550829261707122,0.10903191566467285,-0.2398110032081604,-0.06842373834717819,0.12558898329734802,-0.28619569540023804,-0.07176468299496719,0.1377999186515808,-0.3257337212562561,-0.07138169334996292
Four,0.0,0.0,0.0,-0.044015154242515564,-0.07479166984558105,0.007682012626617052,-0.05091431736946106,-0.14435693621635437,0.0037922970947761314,-0.023233965039253235,-0.186870276927948,-0.0016483311777051313,0.009855806827545166,-0.19813963770866394,-0.009676700225384138,-0.03558012843132019,-0.20168772339820862,-0.02373327757260313,-0.045291393995285034,-0.3022129535675049,-0.03794565121671667,-0.04742176830768585,-0.363960325717926,-0.0431962877049159,-0.04698792099952698,-0.40954945981502533,-0.04544832254788389,0.007132977247238159,-0.1993439793586731,-0.03613827819964399,0.025576740503311157,-0.31591740250587463,-0.052014183951826,0.03659641742706299,-0.38572826981544495,-0.05943256313940992,0.04483547806739807,-0.43531182408332825,-0.062447544886083506,0.046111345291137695,-0.18202680349349976,-0.04632100532791128,0.0675663948059082,-0.28851455450057983,-0.06256824801704397,0.08017882704734802,-0.3536226749420166,-0.07225690106889715,0.08781066536903381,-0.4022114872932434,-0.07627509604236593,0.08039715886116028,-0.15416884422302246,-0.05436909641167631,0.10983246564865112,-0.23831671476364136,-0.06689497153303137,0.12680387496948242,-0.2847825288772583,-0.07009304384729376,0.1392970085144043,-0.3246786594390869,-0.06994868139764776
Four,0.0,0.0,0.0,-0.04292747378349304,-0.07793927192687988,0.008752877500143086,-0.048220694065093994,-0.14859774708747864,0.005040505111452376,-0.01850983500480652,-0.19018319249153137,-0.0005414778462125014,0.015648990869522095,-0.20038524270057678,-0.008672572996232475,-0.034236639738082886,-0.20192286372184753,-0.022246823038670982,-0.042989104986190796,-0.3004012405872345,-0.036284100588176216,-0.045323312282562256,-0.36145298182964325,-0.04186306553683039,-0.04524838924407959,-0.4066923260688782,-0.04441097038588282,0.007831990718841553,-0.19933217763900757,-0.03522929954132792,0.027238011360168457,-0.31469106674194336,-0.05065392735204455,0.03862202167510986,-0.38353075087070465,-0.05768815832934138,0.04704326391220093,-0.4320884048938751,-0.06044869157275912,0.04664123058319092,-0.18207606673240662,-0.04596661063632723,0.06941944360733032,-0.28891706466674805,-0.061320096578214134,0.08261659741401672,-0.3538159430027008,-0.0701593908925986,0.09034663438796997,-0.4020112007856369,-0.0736550915499663,0.08111131191253662,-0.15386322140693665,-0.05460684778890368,0.1114611029624939,-0.23824334144592285,-0.0654674250145888,0.12854304909706116,-0.28439751267433167,-0.067374520327661,0.1408511996269226,-0.3235587626695633,-0.06645910474261996
Four,0.0,0.0,0.0,-0.04244054853916168,-0.07957056164741516,0.009306927007600052,-0.047764718532562256,-0.15250623226165771,0.006581616849615557,-0.018628746271133423,-0.19697031378746033,0.0018617252642059157,0.015211522579193115,-0.21038049459457397,-0.00548529598771097,-0.03140735626220703,-0.2027674913406372,-0.019930895621911304,-0.039826229214668274,-0.29973340034484863,-0.03363901397122504,-0.04171118140220642,-0.35963551700115204,-0.03942706828846099,-0.04144446551799774,-0.404362753033638,-0.04221714680923583,0.009675085544586182,-0.19968056678771973,-0.03301742693318488,0.02953118085861206,-0.312705397605896,-0.047832731361523884,0.040858715772628784,-0.38069218397140503,-0.05512835478319289,0.04899686574935913,-0.42910927534103394,-0.05826434885992171,0.0476875901222229,-0.1815703809261322,-0.04398468902243735,0.07055547833442688,-0.2849581241607666,-0.05919170400036933,0.08411034941673279,-0.3493149131536484,-0.06863296797408225,0.09215140342712402,-0.39714187383651733,-0.0727190526379502,0.08138206601142883,-0.15229618549346924,-0.05283082296980979,0.11147677898406982,-0.23456615209579468,-0.06388206800355078,0.12828031182289124,-0.28002235293388367,-0.0662536846650994,0.14033111929893494,-0.3186057358980179,-0.065792046691314
Four,0.0,0.0,0.0,-0.04038912057876587,-0.07806891202926636,0.010407424397158138,-0.04560917615890503,-0.14849919080734253,0.00824735579578828,-0.016932427883148193,-0.18788394331932068,0.0038434635897601765,0.014706581830978394,-0.19667375087738037,-0.0029519376295183974,-0.028995990753173828,-0.20171678066253662,-0.018468686514211186,-0.03855396807193756,-0.2990438640117645,-0.031963636302066334,-0.0403742790222168,-0.35982492566108704,-0.037021995656800755,-0.03918492794036865,-0.4048275649547577,-0.03915417300970603,0.012333035469055176,-0.2004094421863556,-0.032227103733134754,0.032321393489837646,-0.31499989330768585,-0.04758279132158805,0.04413580894470215,-0.3831943869590759,-0.05400819438011695,0.053109318017959595,-0.4321560263633728,-0.05588625105531264,0.0498681366443634,-0.18335163593292236,-0.04384335609586287,0.07395341992378235,-0.28595295548439026,-0.05897620799453307,0.08664324879646301,-0.3503292202949524,-0.06727264928133536,0.09374198317527771,-0.3992004245519638,-0.07000377880842734,0.08315896987915039,-0.15381494164466858,-0.05333956810147811,0.114930659532547,-0.23416626453399658,-0.0631592209866767,0.13184061646461487,-0.28021878004074097,-0.06411977218897391,0.14386507868766785,-0.3198275864124298,-0.062476971321416386
Four,0.0,0.0,0.0,-0.039240553975105286,-0.08314692974090576,0.011736637247850012,-0.04292576014995575,-0.1538250744342804,0.009926106115926814,-0.012811720371246338,-0.19286766648292542,0.005646612761665892,0.0194242000579834,-0.20267292857170105,-0.0009106160387091222,-0.02823817729949951,-0.20296889543533325,-0.01675798531050532,-0.0371084064245224,-0.30165740847587585,-0.030346812413881707,-0.03868216276168823,-0.3628855049610138,-0.035255955265711236,-0.037131309509277344,-0.4085289388895035,-0.03716569926018565,0.013681739568710327,-0.20111814141273499,-0.03099760200257151,0.03420773148536682,-0.3157254159450531,-0.04631554867501109,0.04678153991699219,-0.3830852061510086,-0.052476593958090234,0.05694401264190674,-0.43218523263931274,-0.054100250558803964,0.05168059468269348,-0.18403345346450806,-0.0430649162399277,0.07556664943695068,-0.28597313165664673,-0.058249862598131585,0.08913162350654602,-0.35039928555488586,-0.06614133130187838,0.0975843071937561,-0.4003182351589203,-0.06848905395145266,0.08508440852165222,-0.1549684703350067,-0.05291056047553866,0.11605393886566162,-0.23507589101791382,-0.06259561489696353,0.13331401348114014,-0.28083130717277527,-0.06314928989286273,0.14604783058166504,-0.3209550976753235,-0.0611361653673157
Four,0.0,0.0,0.0,-0.03721925616264343,-0.08585512638092041,0.010065629991657943,-0.039484962821006775,-0.15542933344841003,0.006688995200164527,-0.009281009435653687,-0.19242677092552185,0.0006920640887244645,0.02201250195503235,-0.20225933194160461,-0.007328585342548877,-0.026652008295059204,-0.20244649052619934,-0.016436633740596562,-0.035594552755355835,-0.29989033937454224,-0.031349069525532514,-0.03764370083808899,-0.360925629734993,-0.037647242744498044,-0.03626170754432678,-0.40672045946121216,-0.04055346836619833,0.014668494462966919,-0.20029228925704956,-0.030784948815636426,0.03422984480857849,-0.3137982189655304,-0.04701581512861708,0.0474739670753479,-0.3820074647665024,-0.0544928117590473,0.058875441551208496,-0.43228116631507874,-0.05714003284745672,0.05249732732772827,-0.1828003227710724,-0.043334460903935224,0.07575327157974243,-0.2843317687511444,-0.059384326537184506,0.09021249413490295,-0.3487045019865036,-0.06781755675845602,0.09970059990882874,-0.39909422397613525,-0.07054738243394354,0.08641651272773743,-0.15317535400390625,-0.05391205390267828,0.11708706617355347,-0.2313096523284912,-0.06390301426225165,0.13433673977851868,-0.2771430015563965,-0.0644405587511585,0.14712288975715637,-0.31770430505275726,-0.06250214119725683
Four,0.0,0.0,0.0,-0.038689643144607544,-0.08385905623435974,0.009367938244821516,-0.04108968377113342,-0.15225917100906372,0.006201859189303605,-0.010692328214645386,-0.18956857919692993,0.0008314908813815691,0.02086406946182251,-0.19966837763786316,-0.006387205703077825,-0.027698934078216553,-0.2020251452922821,-0.018091215660689386,-0.036850929260253906,-0.299649715423584,-0.033462486138461145,-0.038587719202041626,-0.3613908588886261,-0.039435814043400796,-0.036927446722984314,-0.4071909189224243,-0.04196166517388633,0.013875186443328857,-0.1995311677455902,-0.03174621882092765,0.03323426842689514,-0.31322556734085083,-0.049456189295170816,0.04659715294837952,-0.3815772980451584,-0.05690888213169387,0.05803921818733215,-0.4322352856397629,-0.059147774150488885,0.05179673433303833,-0.1822308599948883,-0.043609532436249765,0.07444947957992554,-0.28266769647598267,-0.06124758245599082,0.08860266208648682,-0.3474549651145935,-0.06994835185062698,0.09788012504577637,-0.398505762219429,-0.07233686642896942,0.08599257469177246,-0.15310075879096985,-0.05343762682926467,0.11715811491012573,-0.23233410716056824,-0.06510263579141906,0.13478505611419678,-0.27873384952545166,-0.06661984967243484,0.14775541424751282,-0.3199767768383026,-0.06501395153057388
Four,0.0,0.0,0.0,-0.039222344756126404,-0.07968008518218994,0.005243965607633072,-0.04131835699081421,-0.1518973708152771,-0.00012450093959159858,-0.009923577308654785,-0.1929577887058258,-0.0069697637143235625,0.02273121476173401,-0.20764920115470886,-0.015310042354713005,-0.028617367148399353,-0.20399215817451477,-0.023507829572508854,-0.036127492785453796,-0.30349722504615784,-0.04066503215904049,-0.037239789962768555,-0.3659348487854004,-0.048219723443935436,-0.036020249128341675,-0.4128008037805557,-0.05204862524146847,0.012491852045059204,-0.19954076409339905,-0.03617558423752598,0.032566994428634644,-0.3155074715614319,-0.05541059170241169,0.04654577374458313,-0.3848056346178055,-0.06500672344441227,0.057268381118774414,-0.43683914840221405,-0.0692028382825356,0.05044606328010559,-0.18122273683547974,-0.04709335584516339,0.07365661859512329,-0.28526121377944946,-0.06635545734638981,0.089322030544281,-0.35061824321746826,-0.07701018993134312,0.09886345267295837,-0.4005751758813858,-0.08104047719712071,0.08495974540710449,-0.15283387899398804,-0.05623457748765759,0.11495274305343628,-0.2350073754787445,-0.06993539426798634,0.131644606590271,-0.28258347511291504,-0.07320554349894337,0.14398735761642456,-0.3228161931037903,-0.07306381855482869
Four,0.0,0.0,0.0,-0.038998037576675415,-0.08138042688369751,0.007759486474782307,-0.04340493679046631,-0.1531083881855011,0.003587538758978326,-0.011908352375030518,-0.1917835772037506,-0.002342750168651264,0.021315276622772217,-0.2021195888519287,-0.010383702199220579,-0.02871069312095642,-0.20372286438941956,-0.022605050671160143,-0.03581556677818298,-0.3048824071884155,-0.03826706701821081,-0.03739425539970398,-0.3669742941856384,-0.04462097803062193,-0.03684224188327789,-0.4135611057281494,-0.04772467756575338,0.013010740280151367,-0.19959357380867004,-0.03597830453819029,0.03254979848861694,-0.3162645101547241,-0.05338397467440359,0.045477479696273804,-0.3854394406080246,-0.06138045558637373,0.055365532636642456,-0.43725964426994324,-0.06436724806135885,0.051091015338897705,-0.18074488639831543,-0.047286162468850534,0.07297110557556152,-0.284178227186203,-0.0646618738204836,0.08791983127593994,-0.3499528467655182,-0.07423557186430685,0.09741014242172241,-0.40139949321746826,-0.07784454369848959,0.08504694700241089,-0.1504206359386444,-0.056592373493373316,0.11391082406044006,-0.22889554500579834,-0.06837401384419195,0.13044416904449463,-0.27448514103889465,-0.07010397160357229,0.14298447966575623,-0.31372928619384766,-0.06904203290051214
Four,0.0,0.0,0.0,-0.03830522298812866,-0.08109509944915771,0.006000732806768383,-0.04274594783782959,-0.15240401029586792,0.00032669847880129055,-0.012426257133483887,-0.19170260429382324,-0.007026307946745192,0.02012467384338379,-0.20385399460792542,-0.01637513768926624,-0.027605295181274414,-0.20415791869163513,-0.024320107149634396,-0.035449445247650146,-0.3054293990135193,-0.04132907298460964,-0.03687205910682678,-0.36760520935058594,-0.04904199224964145,-0.03630819916725159,-0.41482432186603546,-0.05315721613422397,0.013203233480453491,-0.1995907723903656,-0.03774201330796245,0.03244289755821228,-0.31633973121643066,-0.055786011936817204,0.04571270942687988,-0.38571904599666595,-0.0650197586144543,0.05568230152130127,-0.4385819286108017,-0.06916789171353344,0.05106845498085022,-0.18053388595581055,-0.04928788748637203,0.07223579287528992,-0.2851368486881256,-0.06764240768805507,0.08763590455055237,-0.350860059261322,-0.07824300435439113,0.09763428568840027,-0.402346670627594,-0.08270389792576793,0.08568862080574036,-0.15041124820709229,-0.05901032519594196,0.11472222208976746,-0.23009109497070312,-0.07195028123513225,0.13239166140556335,-0.27556049823760986,-0.07448924538746837,0.14635974168777466,-0.3146490454673767,-0.07406493482247356
Four,0.0,0.0,0.0,-0.03744444251060486,-0.08297818899154663,0.006913413157604964,-0.03941702842712402,-0.1560346782207489,0.0019467148034948423,-0.006678909063339233,-0.19450220465660095,-0.004946471793658702,0.02776196599006653,-0.20594409108161926,-0.013728942858136861,-0.026841193437576294,-0.20595437288284302,-0.021884391220368116,-0.03440666198730469,-0.307306170463562,-0.038312053443945615,-0.035932183265686035,-0.36987578868865967,-0.045638358356512754,-0.035380080342292786,-0.41731204092502594,-0.04954447424606201,0.013544917106628418,-0.2015177309513092,-0.03563692993120071,0.032543718814849854,-0.31758052110671997,-0.05348679250673172,0.04623892903327942,-0.38646599650382996,-0.0625171457846534,0.05676165223121643,-0.4386559724807739,-0.06652884385184166,0.051253825426101685,-0.18263229727745056,-0.04762273109153625,0.07295730710029602,-0.28847795724868774,-0.06589289954499122,0.08850115537643433,-0.35383230447769165,-0.07632443508700248,0.09859457612037659,-0.40524689853191376,-0.0805936997254264,0.08620548248291016,-0.15310972929000854,-0.057750420780934064,0.11533841490745544,-0.2344563901424408,-0.07082573524311897,0.13274434208869934,-0.2810424566268921,-0.07368717542485115,0.14640328288078308,-0.32138752937316895,-0.07346998354987022
Four,0.0,0.0,0.0,-0.03815546631813049,-0.08224242925643921,0.00812783389744709,-0.040378719568252563,-0.15402275323867798,0.004157124733751516,-0.009572267532348633,-0.19113841652870178,-0.0019157482830678418,0.022517025470733643,-0.20121130347251892,-0.01007412355932047,-0.028001859784126282,-0.20863264799118042,-0.02033919450434496,-0.03680746257305145,-0.3095971643924713,-0.03610743005367567,-0.03826475143432617,-0.37238839268684387,-0.043060103250468273,-0.037261754274368286,-0.41994476318359375,-0.04667135496231367,0.012874454259872437,-0.2053249180316925,-0.03429686073752691,0.030337750911712646,-0.32025524973869324,-0.05110473726483633,0.04398980736732483,-0.3887525200843811,-0.05937389080020239,0.05488431453704834,-0.4403965175151825,-0.06286242772432615,0.05047914385795593,-0.1865330934524536,-0.04647538606616308,0.0705270767211914,-0.29224422574043274,-0.06417181511017134,0.08541420102119446,-0.3573462665081024,-0.07462933827730467,0.09513616561889648,-0.40823423862457275,-0.07890514452549269,0.0854310691356659,-0.15655732154846191,-0.05666504968496611,0.11400043964385986,-0.23816987872123718,-0.06966111977192213,0.13119947910308838,-0.28522899746894836,-0.0727691518196707,0.14455392956733704,-0.3257846236228943,-0.07267330010029127
Four,0.0,0.0,0.0,-0.0376909077167511,-0.08754616975784302,0.009615163233490875,-0.03726223111152649,-0.16045892238616943,0.006023525640728167,-0.004308521747589111,-0.19791755080223083,0.00023582412012501663,0.030138790607452393,-0.20913249254226685,-0.007555187765149185,-0.027460530400276184,-0.20976796746253967,-0.019973184998718807,-0.036788761615753174,-0.3121141791343689,-0.0359460116285959,-0.03885960578918457,-0.3758518695831299,-0.04272107415982873,-0.03800836205482483,-0.4239467978477478,-0.04592620589920671,0.013459533452987671,-0.20561036467552185,-0.0343062953014055,0.0309065580368042,-0.3226889669895172,-0.0515068286020437,0.04365164041519165,-0.3921188712120056,-0.0593522638935724,0.0535607635974884,-0.4443061500787735,-0.06228153043576867,0.05107268691062927,-0.1874108910560608,-0.04667424419113786,0.07111093401908875,-0.293826699256897,-0.0641011335808912,0.08523628115653992,-0.35968542098999023,-0.07369833075591714,0.09398272633552551,-0.4109380841255188,-0.07717769974061639,0.08559280633926392,-0.15857189893722534,-0.05694120758363397,0.11374345421791077,-0.2424020767211914,-0.06878192358800561,0.13051766157150269,-0.2896004319190979,-0.07069117956945092,0.14332833886146545,-0.3300517201423645,-0.06970604890176446
Four,0.0,0.0,0.0,-0.03788711130619049,-0.08664947748184204,0.009632260985540597,-0.03878575563430786,-0.15904563665390015,0.005704096499698608,-0.006506443023681641,-0.19632673263549805,-0.0006599303638950005,0.02798202633857727,-0.20643264055252075,-0.009069301672411711,-0.0287306010723114,-0.2081308364868164,-0.0189906298370488,-0.03847105801105499,-0.3123255968093872,-0.03430916883064583,-0.04074797034263611,-0.3760744035243988,-0.040759654268754275,-0.04012906551361084,-0.4245885908603668,-0.04367265991879776,0.012751787900924683,-0.20514348149299622,-0.033233610466254504,0.029534906148910522,-0.3232042193412781,-0.048946382030976565,0.0416736900806427,-0.3919804096221924,-0.05595189847065285,0.05146113038063049,-0.443739652633667,-0.05845243252827004,0.05084642767906189,-0.18818682432174683,-0.04551313959075287,0.0699198842048645,-0.29594486951828003,-0.0614396087081559,0.08332756161689758,-0.3610891103744507,-0.07003295190645531,0.09173807501792908,-0.4113403856754303,-0.07301574714495018,0.08550482988357544,-0.160650372505188,-0.05580340467406586,0.11264187097549438,-0.24469652771949768,-0.06551413007093743,0.12942343950271606,-0.28972354531288147,-0.06561700768781975,0.14237046241760254,-0.32759571075439453,-0.06352165110422447
Four,0.0,0.0,0.0,-0.03972107172012329,-0.08443993330001831,0.009753126394144829,-0.04135380685329437,-0.15480798482894897,0.0056246507206481056,-0.010670781135559082,-0.19226431846618652,-0.000695421733752255,0.023119211196899414,-0.20358777046203613,-0.008997788909681503,-0.03013518452644348,-0.2054750919342041,-0.02217742733270711,-0.041138336062431335,-0.30811506509780884,-0.03908063217610902,-0.04433076083660126,-0.371856689453125,-0.046177749778934185,-0.04464671015739441,-0.41976460814476013,-0.04925449683875627,0.009574830532073975,-0.2005121111869812,-0.03645408272356576,0.026562899351119995,-0.31988149881362915,-0.054516245867915814,0.03908756375312805,-0.3895716965198517,-0.06205101802558488,0.04889094829559326,-0.4414116442203522,-0.06458908065766877,0.04734417796134949,-0.18241965770721436,-0.048579049553580944,0.06665369868278503,-0.2911466360092163,-0.06680824353904313,0.0802573561668396,-0.35831087827682495,-0.0760539297720868,0.08859860897064209,-0.4097725749015808,-0.07900690778703279,0.0826660692691803,-0.15438342094421387,-0.058482849296041195,0.11009487509727478,-0.2407362461090088,-0.07021523758382386,0.12648075819015503,-0.28732937574386597,-0.07118605568618364,0.13860470056533813,-0.3264291286468506,-0.06941726550073213
Four,0.0,0.0,0.0,-0.040080487728118896,-0.08594924211502075,0.008078357982952866,-0.04020845890045166,-0.15849626064300537,0.003339188253079328,-0.006181091070175171,-0.1972370147705078,-0.0030170266185507444,0.028848767280578613,-0.20882970094680786,-0.011156016182582107,-0.03165581822395325,-0.20027363300323486,-0.025364465233366218,-0.04252958297729492,-0.30544254183769226,-0.04207185950545522,-0.04538659751415253,-0.3703329563140869,-0.04849612635044309,-0.04526238143444061,-0.41925233602523804,-0.05097633149890157,0.009911298751831055,-0.19633328914642334,-0.038226927783767906,0.026272177696228027,-0.31741684675216675,-0.055626041409055915,0.038621366024017334,-0.38719797134399414,-0.06211835068134519,0.04868882894515991,-0.43882155418395996,-0.06392481472758504,0.04796823859214783,-0.18059712648391724,-0.048872529682199684,0.06650462746620178,-0.29020750522613525,-0.06570280638007375,0.07973510026931763,-0.35662421584129333,-0.0736997455027506,0.08795365691184998,-0.40799179673194885,-0.07589905258683416,0.08243745565414429,-0.15571844577789307,-0.05748188417820188,0.10975760221481323,-0.2410174310207367,-0.06696600016621801,0.12614822387695312,-0.2864871323108673,-0.06650056984690877,0.13832733035087585,-0.32525956630706787,-0.06389189061192724
Four,0.0,0.0,0.0,-0.041020020842552185,-0.08353054523468018,0.008470041413204399,-0.04241660237312317,-0.15705668926239014,0.0037751630566731365,-0.010029524564743042,-0.19990968704223633,-0.002359953507436785,0.024865031242370605,-0.2157931923866272,-0.010330150168044838,-0.03322771191596985,-0.20092368125915527,-0.0268673219565585,-0.0443243682384491,-0.30608105659484863,-0.0440615446154311,-0.047513484954833984,-0.3711607754230499,-0.05072474785487202,-0.04757159948348999,-0.42019492387771606,-0.05330457471649197,0.008185148239135742,-0.19706732034683228,-0.0397612445835307,0.024588286876678467,-0.31976625323295593,-0.057558059025211605,0.03668707609176636,-0.39059460163116455,-0.06392519481818226,0.04635852575302124,-0.4421388804912567,-0.06560388513247517,0.04645693302154541,-0.18084716796875,-0.050249173570080075,0.06485193967819214,-0.29275932908058167,-0.06752368368546513,0.07797995209693909,-0.3599774241447449,-0.07523882694880513,0.08604136109352112,-0.41135215759277344,-0.07717196204106358,0.0812106728553772,-0.15494424104690552,-0.05853964321653393,0.10848745703697205,-0.24262112379074097,-0.0684775517169669,0.1246827244758606,-0.288808673620224,-0.06788727201859501,0.13650637865066528,-0.3282621502876282,-0.06507075138728169
Four,0.0,0.0,0.0,-0.04269379377365112,-0.0806317925453186,0.007488771144778639,-0.04668685793876648,-0.15078622102737427,0.0023059873269062336,-0.016359925270080566,-0.19102609157562256,-0.004289670112996191,0.016757100820541382,-0.2044886350631714,-0.012732034746079535,-0.03587841987609863,-0.20116013288497925,-0.026833278323977083,-0.047917693853378296,-0.30632710456848145,-0.04378713221427688,-0.05134651064872742,-0.371219664812088,-0.05024710224148521,-0.05140694975852966,-0.41979026794433594,-0.05250891597148666,0.006049007177352905,-0.1980743408203125,-0.03944249005195388,0.021757960319519043,-0.321340411901474,-0.0564482539999176,0.03348273038864136,-0.39210453629493713,-0.06204752178069839,0.043234050273895264,-0.442820280790329,-0.06315697656151542,0.04423946142196655,-0.1818934679031372,-0.04986363948461303,0.06286534667015076,-0.29365110397338867,-0.06641536132570991,0.07528966665267944,-0.36013829708099365,-0.07362762020107994,0.0828549861907959,-0.40968847274780273,-0.07517858521219978,0.07860365509986877,-0.15542984008789062,-0.05829856471297035,0.1059630811214447,-0.2434961199760437,-0.06780179516550788,0.12169331312179565,-0.2901402711868286,-0.06689080522534141,0.13286131620407104,-0.32898783683776855,-0.06374330745217094
Four,0.0,0.0,0.0,-0.04395264387130737,-0.07813626527786255,0.008563344818242058,-0.05168592929840088,-0.15190130472183228,0.004473338820673689,-0.020908892154693604,-0.19253861904144287,-0.0014181430594248923,0.014531254768371582,-0.19958215951919556,-0.009968578364066616,-0.03669825196266174,-0.19764244556427002,-0.025954870055727497,-0.04901924729347229,-0.30452635884284973,-0.041060206960253254,-0.05340084433555603,-0.36845141649246216,-0.046594054918102756,-0.0542604923248291,-0.41579949855804443,-0.04861983798008396,0.005728721618652344,-0.19505226612091064,-0.038896338562778965,0.01983526349067688,-0.3186766505241394,-0.05337498478155567,0.029547899961471558,-0.38817086815834045,-0.05836832664471103,0.037716031074523926,-0.4367061257362366,-0.059650087277702823,0.04374498128890991,-0.17940235137939453,-0.04941893882613613,0.06198835372924805,-0.2938876748085022,-0.06451739884477092,0.07234317064285278,-0.36017128825187683,-0.07235965646367504,0.07809162139892578,-0.4080590009689331,-0.07499529934983684,0.07739979028701782,-0.1535966396331787,-0.05774330116372539,0.10399043560028076,-0.2415076494216919,-0.0666699088321252,0.11904725432395935,-0.2870810031890869,-0.0658331117735429,0.12957429885864258,-0.32372206449508667,-0.06327318913798763
Four,0.0,0.0,0.0,-0.04472219944000244,-0.08363932371139526,0.0058694354474084776,-0.05020388960838318,-0.15668010711669922,-0.0004960286797484059,-0.016839921474456787,-0.19461959600448608,-0.008460352361993273,0.02113327383995056,-0.20147186517715454,-0.018788363949255427,-0.03795963525772095,-0.19693893194198608,-0.027259387240604838,-0.04923340678215027,-0.3042304515838623,-0.04434732922990747,-0.052562564611434937,-0.3686276972293854,-0.05195762419779726,-0.052623242139816284,-0.4168187379837036,-0.055205067784385164,0.005696803331375122,-0.19290924072265625,-0.03970571437557169,0.021264076232910156,-0.3160046935081482,-0.05589206346948572,0.031455785036087036,-0.38621824979782104,-0.06261137703140207,0.04010841250419617,-0.43632227182388306,-0.06487113067586847,0.04453262686729431,-0.1768273115158081,-0.05006879398305841,0.06410297751426697,-0.2909959852695465,-0.06527767160613962,0.07550269365310669,-0.3579738140106201,-0.07277042993982263,0.08228948712348938,-0.40755462646484375,-0.07503823021133371,0.07788541913032532,-0.15112090110778809,-0.058694003314570864,0.10381990671157837,-0.23845696449279785,-0.06686110624750086,0.11818522214889526,-0.28462645411491394,-0.06501249054153391,0.128310889005661,-0.32205480337142944,-0.061528599054412325
Four,0.0,0.0,0.0,-0.04749250411987305,-0.07934844493865967,0.0036749144637724385,-0.05446147918701172,-0.15029913187026978,-0.003250924768508412,-0.021622568368911743,-0.1884201169013977,-0.011208265452296473,0.016630738973617554,-0.19597506523132324,-0.021490245489985682,-0.03902226686477661,-0.19145232439041138,-0.0298575902270386,-0.05111783742904663,-0.2981741428375244,-0.04706232565513346,-0.05435118079185486,-0.36233893036842346,-0.054392501144320704,-0.05415135622024536,-0.4108094573020935,-0.05743695366254542,0.005034327507019043,-0.18804854154586792,-0.0409877853380749,0.01997968554496765,-0.309820294380188,-0.056787277935654856,0.02951836585998535,-0.379489004611969,-0.06293043064943049,0.03767502307891846,-0.4293365478515625,-0.06505273598304484,0.0436398983001709,-0.1721675992012024,-0.05016430038085673,0.06352320313453674,-0.2836650609970093,-0.0653209494339535,0.07390576601028442,-0.35101979970932007,-0.07307662385574076,0.07983148097991943,-0.40105509757995605,-0.07578249591460917,0.07611900568008423,-0.14689934253692627,-0.057736791102797724,0.10310280323028564,-0.23160219192504883,-0.06627046632638667,0.11733666062355042,-0.2769465744495392,-0.06499122398963664,0.12722906470298767,-0.3140556514263153,-0.062084379969746806
Four,0.0,0.0,0.0,-0.048114240169525146,-0.07772773504257202,0.004500972242112766,-0.05526939034461975,-0.15163683891296387,-0.0009983676532101526,-0.024481773376464844,-0.1963275671005249,-0.007027315306459059,0.010383307933807373,-0.21069848537445068,-0.015448955683950771,-0.038350582122802734,-0.1907063126564026,-0.03165665814185559,-0.04977232217788696,-0.2978886663913727,-0.04796618768477856,-0.052456557750701904,-0.36240801215171814,-0.054153958200458874,-0.05216875672340393,-0.41135385632514954,-0.05640073293352543,0.0064240992069244385,-0.18720614910125732,-0.04235404902601658,0.020770400762557983,-0.31004446744918823,-0.05796411806250035,0.030080527067184448,-0.3808067739009857,-0.06355713108087002,0.03767430782318115,-0.43193215131759644,-0.0651729235937637,0.04523506760597229,-0.1710931658744812,-0.0506172495474857,0.064229816198349,-0.28385356068611145,-0.06635988303924023,0.07401159405708313,-0.3514246940612793,-0.07413971969390332,0.07945841550827026,-0.4015389084815979,-0.07667293944859921,0.07724389433860779,-0.14510953426361084,-0.056889006732944836,0.10476246476173401,-0.2306385040283203,-0.06645574965978085,0.1198287308216095,-0.27524614334106445,-0.06541333147788464,0.13058409094810486,-0.3112531304359436,-0.06242616274857937
Four,0.0,0.0,0.0,-0.04778662323951721,-0.0801665186882019,0.003104999621996285,-0.052067846059799194,-0.15701967477798462,-0.0022138154994308934,-0.01913374662399292,-0.20195472240447998,-0.008004313839933275,0.016109436750411987,-0.21610993146896362,-0.01596092017587125,-0.03824490308761597,-0.19395536184310913,-0.029600847086271642,-0.04964947700500488,-0.2997514605522156,-0.0463928911298126,-0.05231639742851257,-0.3642273545265198,-0.05329557093079984,-0.051283419132232666,-0.4128916263580322,-0.056111119261345266,0.007101505994796753,-0.18880504369735718,-0.03993494393523633,0.021385252475738525,-0.31023621559143066,-0.05618264856036603,0.030796289443969727,-0.38111817836761475,-0.0630624923318237,0.038921058177948,-0.43322646617889404,-0.06561959864791334,0.04657071828842163,-0.17223221063613892,-0.04828882174786031,0.06419804692268372,-0.2858423590660095,-0.0647119167655319,0.07384762167930603,-0.3529350161552429,-0.0732054817884773,0.07941433787345886,-0.4034397304058075,-0.07621401133235395,0.07823559641838074,-0.14710551500320435,-0.054884604683479665,0.10484325885772705,-0.23034852743148804,-0.0654087099641174,0.1201031506061554,-0.27530986070632935,-0.06543845268186033,0.13185685873031616,-0.3122647702693939,-0.06318161966498792
Four,0.0,0.0,0.0,-0.04810038208961487,-0.08004552125930786,0.0020084230527004365,-0.05277609825134277,-0.15834540128707886,-0.0037717541381994124,-0.01961001753807068,-0.20634829998016357,-0.009662835083929622,0.015016317367553711,-0.22248601913452148,-0.01739429698142203,-0.038178473711013794,-0.19300293922424316,-0.030793106339899623,-0.04864770174026489,-0.30104860663414,-0.04767755062135848,-0.05088996887207031,-0.3665474057197571,-0.05484636143597754,-0.04939967393875122,-0.4160362780094147,-0.05772869677099379,0.007542997598648071,-0.1872342824935913,-0.04013619960102233,0.021995872259140015,-0.30959397554397583,-0.05610295773300322,0.03154602646827698,-0.380954384803772,-0.062631108023254,0.03993785381317139,-0.4326184391975403,-0.06496431694182547,0.047113001346588135,-0.171284019947052,-0.04747278631481322,0.06442010402679443,-0.28672701120376587,-0.06287760303172263,0.07419514656066895,-0.35455071926116943,-0.07014170304688605,0.07957693934440613,-0.4051051139831543,-0.07237451539191397,0.07860159873962402,-0.14762192964553833,-0.05323348210009726,0.1038866937160492,-0.23324763774871826,-0.061681348986951434,0.11703300476074219,-0.27938827872276306,-0.060116402961341464,0.12636694312095642,-0.3170112371444702,-0.05689384803923758
Four,0.0,0.0,0.0,-0.049609214067459106,-0.07690960168838501,0.0034182235023934027,-0.05547577142715454,-0.15629714727401733,-0.0007504191242162506,-0.024581611156463623,-0.2081342339515686,-0.005030116961989961,0.008783072233200073,-0.22645825147628784,-0.011190417652670703,-0.037325501441955566,-0.19251853227615356,-0.029233871457819305,-0.0477520227432251,-0.3024956285953522,-0.044206548912171684,-0.05056130886077881,-0.3677438795566559,-0.04930316699827131,-0.049967825412750244,-0.41592374444007874,-0.05067366777146276,0.008405327796936035,-0.18816816806793213,-0.0382587280699056,0.023379236459732056,-0.31184542179107666,-0.05295266999090131,0.0330028235912323,-0.38254237174987793,-0.0578616675564092,0.04136377573013306,-0.43176060914993286,-0.05877906127059873,0.047681719064712524,-0.1728183627128601,-0.04510985730374273,0.06498521566390991,-0.2871055006980896,-0.059342150075082145,0.07490226626396179,-0.3542066812515259,-0.06595685748541769,0.0811140239238739,-0.40299320220947266,-0.06770281909192022,0.07860618829727173,-0.14926904439926147,-0.05021350873792585,0.10353031754493713,-0.23321110010147095,-0.058229543698672614,0.11648353934288025,-0.2804747223854065,-0.05702285884106573,0.12595778703689575,-0.3189241886138916,-0.05392120076501783
Four,0.0,0.0,0.0,-0.04859408736228943,-0.07850360870361328,0.003587571039844306,-0.05473971366882324,-0.15840882062911987,-0.00035118878278694865,-0.02396637201309204,-0.2091660499572754,-0.0043087670839838665,0.009136170148849487,-0.22589582204818726,-0.010253999780815093,-0.03536123037338257,-0.19558274745941162,-0.029648643385570495,-0.045520782470703125,-0.30742204189300537,-0.04483744541923329,-0.04790228605270386,-0.3734499216079712,-0.0499493558220081,-0.04686388373374939,-0.4222746789455414,-0.05143239761511609,0.010774731636047363,-0.19017404317855835,-0.038836516838472335,0.026630133390426636,-0.3135494291782379,-0.05454146156827733,0.03651180863380432,-0.384446382522583,-0.059971340399187056,0.045061975717544556,-0.4352559447288513,-0.06102399567882344,0.04983663558959961,-0.17414242029190063,-0.04580936248223111,0.06816959381103516,-0.28717586398124695,-0.06093591118971631,0.07966965436935425,-0.3543001115322113,-0.06780502985040471,0.0872204601764679,-0.40464138984680176,-0.06946887115756795,0.08006969094276428,-0.15039128065109253,-0.05102027992526814,0.10567376017570496,-0.23429250717163086,-0.0604299683384113,0.11957713961601257,-0.28286370635032654,-0.06001327971736714,0.130389004945755,-0.32337135076522827,-0.05720949585358426
Four,0.0,0.0,0.0,-0.048512816429138184,-0.0758177638053894,0.003765469097118057,-0.05565685033798218,-0.15501189231872559,-0.0006620239871040212,-0.025833308696746826,-0.20599734783172607,-0.004742588469241582,0.007149368524551392,-0.22107386589050293,-0.010952374984924518,-0.034027427434921265,-0.1926823854446411,-0.03534938589990588,-0.04283371567726135,-0.3081511855125427,-0.05150082902372333,-0.04448983073234558,-0.3752971887588501,-0.05613704965770694,-0.043260276317596436,-0.4242042601108551,-0.05676690311491939,0.011792242527008057,-0.18673193454742432,-0.04409863249719592,0.030171722173690796,-0.31493785977363586,-0.06078396187484714,0.04047524929046631,-0.3876209259033203,-0.06495516197145434,0.048737943172454834,-0.4385753870010376,-0.06469356463611575,0.050416409969329834,-0.17092007398605347,-0.05015288860857936,0.06940743327140808,-0.28725382685661316,-0.06572907612979861,0.0810556709766388,-0.3537778854370117,-0.07160476790130588,0.08832293748855591,-0.4015098512172699,-0.07214813129365893,0.08022519946098328,-0.14770901203155518,-0.05427796216071101,0.10766196250915527,-0.23440277576446533,-0.06355125652015658,0.12275445461273193,-0.28279972076416016,-0.06261501656234714,0.13398921489715576,-0.32171645760536194,-0.059188259852533065
Four,0.0,0.0,0.0,-0.047427475452423096,-0.07664495706558228,0.0032797933273229773,-0.053495168685913086,-0.1514762043952942,-0.0025676884505685393,-0.02328890562057495,-0.20098698139190674,-0.008415811211222035,0.010439842939376831,-0.21847105026245117,-0.016180379763596875,-0.03343135118484497,-0.19171380996704102,-0.03501589082216583,-0.04353296756744385,-0.3055460453033447,-0.05262930177187286,-0.04503130912780762,-0.3723089098930359,-0.05771157749032341,-0.04351487755775452,-0.42179766297340393,-0.05841238282656036,0.012090831995010376,-0.18782371282577515,-0.044554895237439496,0.02908727526664734,-0.3155848979949951,-0.06375786520575843,0.0396898090839386,-0.38963383436203003,-0.06895387031173073,0.048938363790512085,-0.44215303659439087,-0.06884500987862907,0.05035984516143799,-0.17315417528152466,-0.05162044845556579,0.06866395473480225,-0.28912878036499023,-0.06949568398331962,0.080463707447052,-0.3567567467689514,-0.07598928220605217,0.08860942721366882,-0.4064221978187561,-0.07633253045415245,0.08019322156906128,-0.14982831478118896,-0.05680560551618896,0.10676068067550659,-0.23746848106384277,-0.0672604352984365,0.12237536907196045,-0.28477537631988525,-0.0664488212022718,0.13456976413726807,-0.32318538427352905,-0.06276275821065269
