I,0.0,0.0,0.0,0.020203061401844025,-0.0869709849357605,-0.009296749361396905,0.08277326822280884,-0.13487550616264343,-0.03293911238813507,0.15247347950935364,-0.1192045509815216,-0.055481209062577364,0.1952398717403412,-0.09965050220489502,-0.07849351932907211,0.08721224963665009,-0.19410055875778198,-0.07323615124130356,0.18747088313102722,-0.1962745189666748,-0.10441972931528198,0.24279475212097168,-0.19545572996139526,-0.1233294369807254,0.2870200276374817,-0.1968378722667694,-0.13603922595882523,0.0840110033750534,-0.134933739900589,-0.08570213487053024,0.19978344440460205,-0.1433177888393402,-0.11871059110069382,0.26593366265296936,-0.14884617924690247,-0.13141867389583695,0.31753236055374146,-0.15519198775291443,-0.14152550568485367,0.0870533436536789,-0.06671801209449768,-0.0939504789342891,0.19297528266906738,-0.058219313621520996,-0.11589008440876114,0.1705510914325714,-0.04934576153755188,-0.10263072570467102,0.13641001284122467,-0.049350619316101074,-0.09177352359199631,0.09253187477588654,-0.0013571977615356445,-0.10324362536573517,0.1760452389717102,-0.00631636381149292,-0.11387558152580368,0.15856626629829407,-0.0042844414710998535,-0.09761939068937409,0.1285579353570938,-0.006237387657165527,-0.08414285501146423
I,0.0,0.0,0.0,0.032100170850753784,-0.026402711868286133,-0.028688500146742513,0.0403352826833725,-0.08308780193328857,-0.04219897321927135,0.007205598056316376,-0.11835676431655884,-0.05286178968417232,-0.030140500515699387,-0.12984514236450195,-0.060342388670321156,0.026777788996696472,-0.15374881029129028,-0.02406819395291393,0.01559247076511383,-0.21456456184387207,-0.05105164505111759,0.016733400523662567,-0.19366049766540527,-0.06577405191528385,0.02286643534898758,-0.16005462408065796,-0.07114630795585697,-0.010714299976825714,-0.14980077743530273,-0.019577160920377423,-0.022681009024381638,-0.19673818349838257,-0.046172859589930226,-0.020096443593502045,-0.15985190868377686,-0.05525235689746921,-0.012781407684087753,-0.12852555513381958,-0.05526157326566761,-0.041657162830233574,-0.13467901945114136,-0.019535687263484647,-0.0558784194290638,-0.17526137828826904,-0.04351516298520153,-0.05073324777185917,-0.14196544885635376,-0.043213410745735814,-0.043689215555787086,-0.11673015356063843,-0.03691745034920757,-0.068471759557724,-0.11143612861633301,-0.021664802427764585,-0.07975419610738754,-0.1410301923751831,-0.03749561540352886,-0.073885727673769,-0.12302517890930176,-0.035046684067125966,-0.0669572614133358,-0.10724669694900513,-0.028566763247724225
I,0.0,0.0,0.0,0.03311321139335632,-0.02981048822402954,-0.03162050733513411,0.04822351038455963,-0.08503192663192749,-0.047735055183835584,0.01992948353290558,-0.13025200366973877,-0.06194520855493124,-0.016934353858232498,-0.14678621292114258,-0.07113288829273756,0.040229588747024536,-0.17166727781295776,-0.019222936799593526,0.021118775010108948,-0.22017234563827515,-0.05119030291385229,0.01420852541923523,-0.18668800592422485,-0.06784673521465834,0.017546728253364563,-0.14973872900009155,-0.07175528744406279,-0.0008103698492050171,-0.17065387964248657,-0.013272901272245008,-0.016319427639245987,-0.20386391878128052,-0.0485812735015827,-0.017484650015830994,-0.15409988164901733,-0.06009078512138899,-0.011857978999614716,-0.11959338188171387,-0.057737094556756574,-0.0350891649723053,-0.16107177734375,-0.013002953698702413,-0.051383763551712036,-0.1938413381576538,-0.044259195422597486,-0.05161921679973602,-0.1510593295097351,-0.04582029694861944,-0.04547671601176262,-0.1174432635307312,-0.03646920362658079,-0.06441713497042656,-0.144395649433136,-0.015274413136609155,-0.07605762779712677,-0.19551211595535278,-0.030287395438023168,-0.08513381332159042,-0.22459763288497925,-0.031425518190332014,-0.08884396031498909,-0.25203895568847656,-0.02691069731659468
I,0.0,0.0,0.0,0.0357167050242424,-0.032524704933166504,-0.028567275121133662,0.04762951284646988,-0.0950670838356018,-0.03925371178917203,0.018912769854068756,-0.14606887102127075,-0.04856070884994779,-0.016240447759628296,-0.16601014137268066,-0.052041582851927615,0.04476403445005417,-0.18392115831375122,-0.009516873485665656,0.02328423410654068,-0.22507601976394653,-0.03712497287921224,0.012026481330394745,-0.1866561770439148,-0.0523882062130383,0.012249521911144257,-0.15000110864639282,-0.055838454603474474,0.003606073558330536,-0.18878692388534546,-0.004397254060279465,-0.020144112408161163,-0.20924341678619385,-0.03639975944093976,-0.021252408623695374,-0.15671098232269287,-0.04747618371180806,-0.014417268335819244,-0.12147730588912964,-0.04525659242204938,-0.030924774706363678,-0.18279266357421875,-0.005253838463943339,-0.05536067485809326,-0.2097529172897339,-0.03583453977040563,-0.05395501106977463,-0.16568869352340698,-0.038936700760643816,-0.04579736292362213,-0.1280842423439026,-0.029909767299216128,-0.059589795768260956,-0.17030608654022217,-0.008633736609738207,-0.0759928934276104,-0.23575913906097412,-0.024686189457099772,-0.09040244296193123,-0.2737874984741211,-0.027705807327549792,-0.09920074045658112,-0.30530911684036255,-0.024009637623350955
I,0.0,0.0,0.0,0.03599508851766586,-0.03387981653213501,-0.02757803138203485,0.04821229726076126,-0.10422933101654053,-0.03683621223873956,0.024843551218509674,-0.16086184978485107,-0.04521421503133638,-0.009359978139400482,-0.18197596073150635,-0.04777733396596773,0.04259031265974045,-0.1881384253501892,-0.006537046021293236,0.027728445827960968,-0.23640042543411255,-0.03377520453042848,0.016296349465847015,-0.20054763555526733,-0.04780603360242708,0.014470584690570831,-0.1641916036605835,-0.050075238308380676,0.0028451159596443176,-0.19418960809707642,-0.0016333673554242978,-0.014894798398017883,-0.22465497255325317,-0.03372530799217088,-0.017779402434825897,-0.16734528541564941,-0.04303249504275186,-0.013308830559253693,-0.1317550539970398,-0.03877587031431062,-0.030804499983787537,-0.19102084636688232,-0.0029585109730021486,-0.05178117752075195,-0.22906416654586792,-0.033655745646427704,-0.049858540296554565,-0.18256181478500366,-0.036031556984852386,-0.042152054607868195,-0.14325231313705444,-0.025947050860594345,-0.058779798448085785,-0.18200957775115967,-0.006803667841921879,-0.07385346293449402,-0.25285804271698,-0.02298438709087236,-0.08817106485366821,-0.29383665323257446,-0.026856081298063827,-0.09777924418449402,-0.3292776644229889,-0.023737003764580322
I,0.0,0.0,0.0,0.0387728214263916,-0.03323233127593994,-0.02687393921291914,0.05530887842178345,-0.10007494688034058,-0.03735796223259058,0.03580564260482788,-0.1601584553718567,-0.04730003560757723,0.002808287739753723,-0.186087965965271,-0.05232140655493822,0.05131843686103821,-0.18173402547836304,-0.011076096918941403,0.04207427799701691,-0.2365562915802002,-0.03789204965210047,0.028343871235847473,-0.2036679983139038,-0.05158471922254648,0.023561492562294006,-0.16365563869476318,-0.05416772003150072,0.012043118476867676,-0.18782681226730347,-0.006250266459346676,-0.0017796456813812256,-0.22478991746902466,-0.03861408169245806,-0.008718892931938171,-0.16620492935180664,-0.04914505640840616,-0.005490720272064209,-0.12403452396392822,-0.04653380672311869,-0.02161409705877304,-0.1865825057029724,-0.006727593958885336,-0.03629688173532486,-0.23339515924453735,-0.036608359318734074,-0.03996316343545914,-0.1906193494796753,-0.0401892685410985,-0.036490924656391144,-0.1498139500617981,-0.032081464779139424,-0.05018257349729538,-0.18018072843551636,-0.009359707598150635,-0.05950258672237396,-0.2516590356826782,-0.024555249613285923,-0.0711667537689209,-0.2927488684654236,-0.028409759056330586,-0.07896116003394127,-0.3277236819267273,-0.026135283064604664
I,0.0,0.0,0.0,0.03794871270656586,-0.0323033332824707,-0.025266504727682104,0.056816622614860535,-0.09349793195724487,-0.036389241807540884,0.04368238151073456,-0.1563151478767395,-0.04738172411211394,0.015282750129699707,-0.19059550762176514,-0.0533686046231594,0.06109941005706787,-0.1764708161354065,-0.010753958367189398,0.05347190797328949,-0.22991496324539185,-0.03824413462766074,0.0392257422208786,-0.19835948944091797,-0.05133647739179992,0.03428134322166443,-0.15695136785507202,-0.052638950638851156,0.021464571356773376,-0.1858423948287964,-0.006025359381368389,0.009025156497955322,-0.22174006700515747,-0.037970463626464834,0.0020173341035842896,-0.15816354751586914,-0.04590768634565734,0.00615084171295166,-0.11844593286514282,-0.04098895087130927,-0.012447811663150787,-0.18782049417495728,-0.006525295202067127,-0.024573631584644318,-0.23010295629501343,-0.035627121918281546,-0.026218347251415253,-0.1816914677619934,-0.03575714945085906,-0.02120020240545273,-0.139090895652771,-0.025095390968402853,-0.04177123308181763,-0.18293726444244385,-0.009158358790358534,-0.04848948121070862,-0.25219160318374634,-0.023648519881447783,-0.058485060930252075,-0.29216381907463074,-0.025442388721188536,-0.06442666053771973,-0.3252720832824707,-0.021242420070251455
I,0.0,0.0,0.0,0.039508551359176636,-0.03085571527481079,-0.02340125174202967,0.06263984739780426,-0.08970820903778076,-0.03507800840714026,0.05211372673511505,-0.15493065118789673,-0.047313530677342897,0.022695526480674744,-0.19118547439575195,-0.055159822785640245,0.06407217681407928,-0.169430673122406,-0.007844055750751977,0.060700640082359314,-0.22628790140151978,-0.03331891142704535,0.047177329659461975,-0.1982383131980896,-0.04605362632253218,0.040512219071388245,-0.15929418802261353,-0.0474537617800479,0.026503607630729675,-0.17984312772750854,-0.004284404897475724,0.01562488079071045,-0.21816185116767883,-0.03438232534506369,0.009814947843551636,-0.1543724536895752,-0.04312416233995009,0.013743385672569275,-0.11235982179641724,-0.039104350590491777,-0.005980998277664185,-0.18344372510910034,-0.005522894886667018,-0.015142932534217834,-0.22917702794075012,-0.03247377344348479,-0.015223592519760132,-0.18103986978530884,-0.03281293132283736,-0.011271312832832336,-0.13717234134674072,-0.02287988805153418,-0.03536345809698105,-0.18030303716659546,-0.008749915966177468,-0.0425323024392128,-0.2482505440711975,-0.020364190199757104,-0.05054403841495514,-0.28953325748443604,-0.02087980017938662,-0.05508055537939072,-0.3228727877140045,-0.01634442687907267
I,0.0,0.0,0.0,0.04232025146484375,-0.03036397695541382,-0.01814925292433145,0.06706734001636505,-0.09042215347290039,-0.026203356626638197,0.05863232910633087,-0.15511691570281982,-0.03556423256100061,0.029618725180625916,-0.19091194868087769,-0.03997551271618249,0.06627778708934784,-0.16316574811935425,-0.004198682437845491,0.06524072587490082,-0.22031551599502563,-0.029219798687108778,0.052484944462776184,-0.18009883165359497,-0.04031454766095521,0.04816672205924988,-0.1413968801498413,-0.04060697177351358,0.03043442964553833,-0.17677491903305054,-0.0025924853414380777,0.02125595510005951,-0.21468743681907654,-0.02988384099603536,0.01445479691028595,-0.14829444885253906,-0.034436952266105436,0.019460946321487427,-0.11444091796875,-0.02842045383454206,-0.001573815941810608,-0.18181443214416504,-0.0057200085736894835,-0.008991435170173645,-0.22745943069458008,-0.030868263858565115,-0.010052680969238281,-0.17383140325546265,-0.026729108709105276,-0.006509453058242798,-0.13318175077438354,-0.014417959320553564,-0.03204043209552765,-0.18114393949508667,-0.01053383381963613,-0.035908475518226624,-0.24886944890022278,-0.021359130683549665,-0.04187847673892975,-0.2886177897453308,-0.019845656993993543,-0.04431004077196121,-0.32414010167121887,-0.013960764686771654
I,0.0,0.0,0.0,0.04611040651798248,-0.031392455101013184,-0.014851279366581593,0.07594746351242065,-0.08929866552352905,-0.022029480706720506,0.0753030776977539,-0.1564761996269226,-0.03172555267420307,0.046292200684547424,-0.19428080320358276,-0.0369854129811813,0.07558503746986389,-0.1558932662010193,-0.0005690606039081558,0.07902780175209045,-0.2121773064136505,-0.024056364591984902,0.06598970293998718,-0.17221921682357788,-0.03358911051955715,0.05843433737754822,-0.13540971279144287,-0.03302037044969097,0.04093793034553528,-0.17239734530448914,-0.0009583993659418866,0.03981703519821167,-0.2114679217338562,-0.025557341795234834,0.030325978994369507,-0.1421527862548828,-0.028410446639924203,0.031904250383377075,-0.11230754852294922,-0.02180090248194233,0.010189324617385864,-0.18045753240585327,-0.005915222033678447,0.010266751050949097,-0.22662407159805298,-0.028924562778144036,0.006999462842941284,-0.16902244091033936,-0.022719570245413934,0.006469011306762695,-0.12716978788375854,-0.009765686277120267,-0.021553635597229004,-0.1836802363395691,-0.012512972388236676,-0.019429296255111694,-0.25116097927093506,-0.02276877387967602,-0.020731806755065918,-0.2910915017127991,-0.02060783542302147,-0.019678935408592224,-0.3274551331996918,-0.014698872152536069
I,0.0,0.0,0.0,0.04538898169994354,-0.02319854497909546,-0.014953832490846253,0.07556493580341339,-0.08437150716781616,-0.022008192142948246,0.0753675252199173,-0.14908719062805176,-0.030661793774470425,0.04976217448711395,-0.18763870000839233,-0.03497624245892439,0.07624770700931549,-0.15173989534378052,-0.004452531574770546,0.0819133073091507,-0.20787853002548218,-0.027226198813423252,0.06667913496494293,-0.16703283786773682,-0.036679393029317,0.057382479310035706,-0.130182147026062,-0.036396192735537625,0.04297174513339996,-0.1661020815372467,-0.0047436499730793,0.041560232639312744,-0.2069796323776245,-0.032009771442517376,0.029037192463874817,-0.1386352777481079,-0.03699720499525938,0.024162784218788147,-0.09784579277038574,-0.031015308922633267,0.011310368776321411,-0.1733335554599762,-0.008816972723707295,0.00993010401725769,-0.22788631916046143,-0.032680603093012905,0.006945505738258362,-0.17268630862236023,-0.028361516422137356,0.005988284945487976,-0.1307286024093628,-0.016277546411856747,-0.019612610340118408,-0.17613142728805542,-0.014094692072376347,-0.01999083161354065,-0.2430706024169922,-0.022528184926613903,-0.019385799765586853,-0.2819218635559082,-0.019662550068005658,-0.016128674149513245,-0.3204469382762909,-0.013569663627549744
I,0.0,0.0,0.0,0.04512426257133484,-0.021030783653259277,-0.014026744818750103,0.07646659016609192,-0.08116710186004639,-0.020382924532952984,0.07910943031311035,-0.14668965339660645,-0.028651709264579495,0.052559882402420044,-0.18471157550811768,-0.03215457738048144,0.07966426014900208,-0.15059953927993774,-0.0030575076271475154,0.08525785803794861,-0.205562025308609,-0.02618015796548434,0.07064226269721985,-0.16042691469192505,-0.035625795430007656,0.06178435683250427,-0.12554872035980225,-0.03531554207808085,0.04683837294578552,-0.16607892513275146,-0.004030353917244156,0.04737082123756409,-0.2047106921672821,-0.029907091116967877,0.03513595461845398,-0.13777053356170654,-0.03378537536269732,0.02978527545928955,-0.10432618856430054,-0.027766163057151516,0.015354856848716736,-0.17390111088752747,-0.008978615111175259,0.015220046043395996,-0.22682207822799683,-0.03261828289038249,0.011356934905052185,-0.16792702674865723,-0.02715400659150191,0.008543923497200012,-0.12699836492538452,-0.014587805202666004,-0.01591925323009491,-0.1779259443283081,-0.015192319235268315,-0.014733880758285522,-0.24454420804977417,-0.02406262659138747,-0.013385146856307983,-0.2829038202762604,-0.020976396805110653,-0.009320765733718872,-0.3230360746383667,-0.014704226112428387
I,0.0,0.0,0.0,0.045268118381500244,-0.025639653205871582,-0.01268199338778686,0.07712465524673462,-0.08285927772521973,-0.018884893238691802,0.08177483081817627,-0.14966565370559692,-0.026983242213873382,0.0570196807384491,-0.1879611611366272,-0.030607878893761153,0.08021783828735352,-0.15254747867584229,-0.003044816862939115,0.0888068675994873,-0.20768874883651733,-0.02489918816104364,0.07429656386375427,-0.1648578643798828,-0.034508747711925025,0.06500071287155151,-0.12908273935317993,-0.03452549661710691,0.04866814613342285,-0.16955992579460144,-0.0035751978514326765,0.051699161529541016,-0.20708978176116943,-0.023437630117086883,0.039724886417388916,-0.14030230045318604,-0.02480364005282354,0.03853157162666321,-0.11386227607727051,-0.019173660978822227,0.018609851598739624,-0.17740130424499512,-0.007889491237847324,0.02191556990146637,-0.22573578357696533,-0.0260962543190999,0.01682440936565399,-0.16236111521720886,-0.018078058689980026,0.012977898120880127,-0.11848735809326172,-0.005749033495931144,-0.012769937515258789,-0.18033632636070251,-0.013644912012068744,-0.010781556367874146,-0.2489972710609436,-0.02030643607690763,-0.009532123804092407,-0.28844550251960754,-0.016036001697329993,-0.005488455295562744,-0.3269299268722534,-0.009593466960041042
I,0.0,0.0,0.0,0.04579347372055054,-0.024361491203308105,-0.01390188165936479,0.07767078280448914,-0.08206254243850708,-0.02050731682214746,0.08262696862220764,-0.14887261390686035,-0.02894517944190511,0.058435291051864624,-0.18851351737976074,-0.032881794283127874,0.08326908946037292,-0.1537277102470398,-0.004500030325687021,0.0906311571598053,-0.2085065245628357,-0.027527944901919454,0.0755128562450409,-0.16361293196678162,-0.03768027366135129,0.06669378280639648,-0.12738800048828125,-0.03789490253660688,0.05114626884460449,-0.17054569721221924,-0.004890216300225347,0.053447604179382324,-0.20762652158737183,-0.02686409817073354,0.04064512252807617,-0.13927757740020752,-0.02916183114979276,0.03879383206367493,-0.11121171712875366,-0.02368494660589704,0.020290911197662354,-0.17830592393875122,-0.009207801679110617,0.023069679737091064,-0.22600144147872925,-0.029416903639173597,0.018135711550712585,-0.16093268990516663,-0.022363310465550512,0.01521281898021698,-0.11593514680862427,-0.010068501131570429,-0.011837750673294067,-0.18092525005340576,-0.014994010115003675,-0.009126439690589905,-0.24955502152442932,-0.022581653455233663,-0.00760243833065033,-0.28913813829421997,-0.019000138873195738,-0.0030358582735061646,-0.3280373215675354,-0.012873799325859636
I,0.0,0.0,0.0,0.047321707010269165,-0.027711987495422363,-0.014718035999209178,0.07824978232383728,-0.08605766296386719,-0.022930837068230403,0.08418262004852295,-0.1540648341178894,-0.033057098108798755,0.05934309959411621,-0.1937415897846222,-0.038410947490007175,0.08355629444122314,-0.15805011987686157,-0.004036000761658443,0.0914858877658844,-0.21138587594032288,-0.028206742200524104,0.07680168747901917,-0.16789323091506958,-0.039015051740676654,0.06825333833694458,-0.1314471960067749,-0.03961793037083794,0.05183854699134827,-0.1740618646144867,-0.0037717677834336882,0.05541035532951355,-0.21238800883293152,-0.024413411337405932,0.04175657033920288,-0.14187777042388916,-0.02463128121522118,0.041906267404556274,-0.11936980485916138,-0.018159461039573443,0.02201007306575775,-0.18132388591766357,-0.007871395740181697,0.02519667148590088,-0.22917884588241577,-0.026473578828841937,0.01970115303993225,-0.1632782220840454,-0.017084023747116817,0.016101256012916565,-0.1188010573387146,-0.00389456336338867,-0.009929046034812927,-0.1836228370666504,-0.01379196794655968,-0.008161470293998718,-0.2534450590610504,-0.02095371561077286,-0.006134912371635437,-0.29375889897346497,-0.017069830391079677,-0.0013620257377624512,-0.3335047662258148,-0.011000523175567878
I,0.0,0.0,0.0,0.046864598989486694,-0.0261194109916687,-0.014587390181503679,0.07790771126747131,-0.0843895673751831,-0.02248837420799532,0.08292371034622192,-0.15150737762451172,-0.03242836887099543,0.05779239535331726,-0.19150352478027344,-0.037614326869032766,0.08275899291038513,-0.15689820051193237,-0.004452265743992712,0.09083020687103271,-0.21133852005004883,-0.029204634894512083,0.07655632495880127,-0.16633549332618713,-0.04022047290661135,0.06863155961036682,-0.13065630197525024,-0.04087655240752497,0.0509377121925354,-0.1729021668434143,-0.004857400842837478,0.054324209690093994,-0.21147918701171875,-0.027784984503767873,0.04162362217903137,-0.14089912176132202,-0.029578152988932516,0.04091113805770874,-0.11576282978057861,-0.023644298259995367,0.020748496055603027,-0.18028783798217773,-0.009557529297552492,0.024131178855895996,-0.22774779796600342,-0.030500482712767507,0.018869295716285706,-0.16086983680725098,-0.02259984048166075,0.015290871262550354,-0.11672413349151611,-0.009660401326499368,-0.01097908616065979,-0.18277817964553833,-0.015913838465593244,-0.00933980941772461,-0.25236496329307556,-0.02406451286830702,-0.007586091756820679,-0.2926976978778839,-0.02071668947198191,-0.0031118541955947876,-0.3335256278514862,-0.014769413453421976
I,0.0,0.0,0.0,0.04709051549434662,-0.026547372341156006,-0.01596155862310411,0.07792668044567108,-0.08657300472259521,-0.024063068507103935,0.08318035304546356,-0.15453583002090454,-0.03407149302759649,0.05822400748729706,-0.19464489817619324,-0.03905081662335874,0.08289255201816559,-0.15952444076538086,-0.0039827703217554244,0.09066610038280487,-0.21396765112876892,-0.028827861947803513,0.07610900700092316,-0.16802477836608887,-0.039709090320258156,0.06771393120288849,-0.13235074281692505,-0.040185502795367256,0.05083291232585907,-0.17513978481292725,-0.0037859935032713565,0.05423708260059357,-0.21397888660430908,-0.026837400225787178,0.04135556519031525,-0.1425676941871643,-0.02839935856857778,0.040491536259651184,-0.11838310956954956,-0.022122797621278778,0.02043253183364868,-0.18219882249832153,-0.008202221309630886,0.023650363087654114,-0.23059207201004028,-0.029579023895649925,0.018435463309288025,-0.16361010074615479,-0.021606360627203003,0.014558717608451843,-0.11950397491455078,-0.008390266513316647,-0.011479198932647705,-0.18455317616462708,-0.014431496215848938,-0.009860411286354065,-0.25502923130989075,-0.0228517736027527,-0.008280053734779358,-0.2957364618778229,-0.01960136468508722,-0.004235401749610901,-0.3364573121070862,-0.013596516167609707
I,0.0,0.0,0.0,0.0472334623336792,-0.027267277240753174,-0.015903511121251768,0.0784178376197815,-0.08755886554718018,-0.023933834432938283,0.0841488242149353,-0.156438946723938,-0.03401014119324941,0.05915313959121704,-0.19686302542686462,-0.03908518612323064,0.0833486020565033,-0.1604207158088684,-0.002256503830977863,0.09188994765281677,-0.21484020352363586,-0.026546976565697378,0.07733580470085144,-0.16951799392700195,-0.037128615229704565,0.06860044598579407,-0.13337695598602295,-0.03734256237683553,0.05120435357093811,-0.17647576332092285,-0.002142486664780563,0.054984092712402344,-0.2155904769897461,-0.024349865540244764,0.042218148708343506,-0.14456605911254883,-0.025883373841026014,0.041929781436920166,-0.12113910913467407,-0.01967329442439336,0.02087990939617157,-0.1835002899169922,-0.006725236810126489,0.02466517686843872,-0.23127466440200806,-0.02759593076942224,0.019528687000274658,-0.1646021604537964,-0.01976431816754598,0.015450477600097656,-0.12077873945236206,-0.0067561436810876785,-0.011031374335289001,-0.185537189245224,-0.013139225579180902,-0.009621843695640564,-0.256257027387619,-0.021032921075203603,-0.007775038480758667,-0.297277569770813,-0.017573718949535078,-0.0035822242498397827,-0.337959885597229,-0.011542452535906023
I,0.0,0.0,0.0,0.04709044098854065,-0.02818065881729126,-0.01511879593860499,0.0774473249912262,-0.08817881345748901,-0.023080214418286005,0.08232042193412781,-0.15696388483047485,-0.03305590667557112,0.05791747570037842,-0.1973171830177307,-0.03804845132660262,0.08218532800674438,-0.16026276350021362,-0.003581115070545593,0.0905185341835022,-0.21541744470596313,-0.027947498045676866,0.0767601728439331,-0.16992628574371338,-0.038637833230012575,0.06827202439308167,-0.1336396336555481,-0.03902938731741301,0.05000448226928711,-0.17623332142829895,-0.003604065652751842,0.05341482162475586,-0.21523180603981018,-0.025214315883630434,0.04152384400367737,-0.14337265491485596,-0.02628159479033343,0.04173937439918518,-0.12028735876083374,-0.020186487145537058,0.01982980966567993,-0.18350625038146973,-0.008126051656716982,0.02323460578918457,-0.2316834032535553,-0.02815144837629191,0.018954500555992126,-0.16451048851013184,-0.019847625426763216,0.015262320637702942,-0.1203538179397583,-0.00699186141397945,-0.011932328343391418,-0.18587854504585266,-0.014418650910073438,-0.010979235172271729,-0.25710779428482056,-0.02208627716433398,-0.00949685275554657,-0.2979428172111511,-0.018575505845063844,-0.005793973803520203,-0.33872777223587036,-0.012683885663562933
I,0.0,0.0,0.0,0.04673793911933899,-0.028740525245666504,-0.013762976755714362,0.07692858576774597,-0.08768272399902344,-0.02097384144119019,0.0821484923362732,-0.15531319379806519,-0.03058401752761597,0.05968409776687622,-0.19663414359092712,-0.03551981669417614,0.08150720596313477,-0.1583033800125122,-0.002263277084892934,0.09027498960494995,-0.21431225538253784,-0.026497295839106982,0.07612007856369019,-0.17002350091934204,-0.037089844015753215,0.06691136956214905,-0.13284534215927124,-0.037125014481460994,0.04945054650306702,-0.17449021339416504,-0.0030144264598845893,0.053070634603500366,-0.21300911903381348,-0.026308736545360034,0.04116049408912659,-0.14253199100494385,-0.029138519210135883,0.03993332386016846,-0.11512875556945801,-0.02356306162229771,0.01935666799545288,-0.18251293897628784,-0.00803223975501055,0.023360252380371094,-0.22987845540046692,-0.029453369570290988,0.018999338150024414,-0.16300523281097412,-0.022777625141060298,0.015020281076431274,-0.11771655082702637,-0.01030036319545502,-0.01222085952758789,-0.18558475375175476,-0.01456184104583258,-0.011462986469268799,-0.2561509311199188,-0.022622988340771144,-0.010296240448951721,-0.2970907688140869,-0.019528646734869426,-0.006561443209648132,-0.33763235807418823,-0.013612628695881313
I,0.0,0.0,0.0,0.04586498439311981,-0.02780693769454956,-0.013869985745941449,0.07624615728855133,-0.08565300703048706,-0.021079695591424752,0.08093012869358063,-0.15264618396759033,-0.030652978265379716,0.059111371636390686,-0.19449645280838013,-0.03571991882631664,0.08169372379779816,-0.15678340196609497,-0.002286095445697356,0.09005056321620941,-0.21314820647239685,-0.02640707864770775,0.0759558230638504,-0.17035207152366638,-0.037105048814510155,0.06660611927509308,-0.1331825852394104,-0.0371153604180563,0.04919256269931793,-0.1731969118118286,-0.003118307370414186,0.05236588418483734,-0.21131250262260437,-0.027199116343354035,0.040775224566459656,-0.14178532361984253,-0.030967893818115044,0.038808926939964294,-0.11163252592086792,-0.02568298279652481,0.018659040331840515,-0.18147647380828857,-0.008133317151759911,0.022342756390571594,-0.22848442196846008,-0.03016429840931778,0.018569812178611755,-0.16258692741394043,-0.02448524794885998,0.01523338258266449,-0.11728590726852417,-0.012342477956508446,-0.013133242726325989,-0.18451902270317078,-0.014589458511863995,-0.011719778180122375,-0.2545333206653595,-0.02265278323898201,-0.010532975196838379,-0.29552382230758667,-0.01964592821309452,-0.006653293967247009,-0.33596357703208923,-0.01365864723334198
I,0.0,0.0,0.0,0.04639081656932831,-0.024769902229309082,-0.015465386601164255,0.07762886583805084,-0.08360874652862549,-0.023140505345537576,0.08284752070903778,-0.15143728256225586,-0.03306250871904126,0.05984868109226227,-0.19332090020179749,-0.03829277159459821,0.08234764635562897,-0.15522408485412598,-0.0033744339998804662,0.0907217413187027,-0.2116406261920929,-0.02805157603509656,0.07639540731906891,-0.16691195964813232,-0.03833750488050214,0.06707598268985748,-0.12978285551071167,-0.037981084005906496,0.04989667236804962,-0.17161071300506592,-0.0037997278086834285,0.05324216187000275,-0.21045950055122375,-0.028910760225727472,0.04150359332561493,-0.140600323677063,-0.03236661331541768,0.03904448449611664,-0.11126828193664551,-0.02648246140964261,0.019354596734046936,-0.17976635694503784,-0.008646828511729154,0.02306707203388214,-0.22776156663894653,-0.032099092768504534,0.019050464034080505,-0.1615694761276245,-0.026308378593995485,0.015237629413604736,-0.11695688962936401,-0.013587471486999902,-0.01223820447921753,-0.18302732706069946,-0.015047218108549032,-0.010274454951286316,-0.2526695132255554,-0.02405711674876443,-0.008485987782478333,-0.29357001185417175,-0.021360019611194048,-0.004582241177558899,-0.33455657958984375,-0.015360708737745199
I,0.0,0.0,0.0,0.04607793688774109,-0.024559378623962402,-0.015701545240403902,0.07639074325561523,-0.08367079496383667,-0.02418401076090504,0.08087852597236633,-0.15053701400756836,-0.035012092279316676,0.05798840522766113,-0.19283130764961243,-0.041326254444243204,0.08138376474380493,-0.1549128293991089,-0.004603494728030455,0.09026631712913513,-0.21129730343818665,-0.02995299717974831,0.07673972845077515,-0.16803380846977234,-0.04031393660795857,0.06724786758422852,-0.13057941198349,-0.03982239945423771,0.04858759045600891,-0.17070922255516052,-0.005395592028321516,0.052573829889297485,-0.2098725140094757,-0.03197030706894566,0.04049542546272278,-0.14042234420776367,-0.035657271580816996,0.0369144082069397,-0.10908091068267822,-0.02943061089706589,0.01755225658416748,-0.17884421348571777,-0.010606287816585791,0.0218048095703125,-0.22700956463813782,-0.03550270556104351,0.01761487126350403,-0.16173940896987915,-0.029942685576202166,0.013546034693717957,-0.11758339405059814,-0.016920067207934153,-0.014373570680618286,-0.18207132816314697,-0.017308167951227915,-0.012666553258895874,-0.2511283755302429,-0.02712200193298031,-0.01034022867679596,-0.29220542311668396,-0.024584723474504244,-0.0058969855308532715,-0.33367836475372314,-0.018537394540430796
I,0.0,0.0,0.0,0.04615353047847748,-0.0257185697555542,-0.015710267856945848,0.07683040201663971,-0.08548617362976074,-0.024128917291989183,0.0812920480966568,-0.15312647819519043,-0.03472878752671704,0.05742402374744415,-0.1944981813430786,-0.040600340500702714,0.08154280483722687,-0.15632236003875732,-0.004571094796290254,0.09032650291919708,-0.21237081289291382,-0.029251187727084016,0.07664956152439117,-0.16841953992843628,-0.03896862982236371,0.06759066879749298,-0.13188719749450684,-0.03824516354524121,0.04902322590351105,-0.17194372415542603,-0.005082279131045198,0.05315856635570526,-0.21098285913467407,-0.029980968371262406,0.0411868542432785,-0.1405155062675476,-0.032183732524742936,0.038755252957344055,-0.11214172840118408,-0.025424571395149087,0.01829458773136139,-0.17963549494743347,-0.01003398063056693,0.022507116198539734,-0.22883489727973938,-0.033404510155548905,0.018150195479393005,-0.16285288333892822,-0.02635486392699704,0.01394718885421753,-0.11917734146118164,-0.012924730465044831,-0.01357761025428772,-0.18256381154060364,-0.016587556958427285,-0.012267380952835083,-0.2525074779987335,-0.02569670012616143,-0.010074973106384277,-0.29319363832473755,-0.022508961767186975,-0.005769163370132446,-0.3344494700431824,-0.016225287378063058
I,0.0,0.0,0.0,0.046392083168029785,-0.02542877197265625,-0.015500578832586598,0.07695001363754272,-0.08525598049163818,-0.023346939858754467,0.08129316568374634,-0.15200769901275635,-0.033375048813184094,0.058242231607437134,-0.19344395399093628,-0.03863830658491452,0.08160793781280518,-0.15630000829696655,-0.004218828667660546,0.09019491076469421,-0.21212953329086304,-0.029200654280145955,0.07613950967788696,-0.16667118668556213,-0.03952180760796864,0.06707993149757385,-0.13012194633483887,-0.03921870681341488,0.04906982183456421,-0.17211365699768066,-0.004873594072421383,0.05287104845046997,-0.21100550889968872,-0.030885642197688412,0.0410248339176178,-0.1406530737876892,-0.034337127384503674,0.03800839185714722,-0.11055594682693481,-0.028193864774664235,0.018013566732406616,-0.1798001527786255,-0.009917122115155053,0.022059738636016846,-0.22788530588150024,-0.034341824975570034,0.01799774169921875,-0.1610323190689087,-0.028348218452890706,0.014212176203727722,-0.11654627323150635,-0.01521632241900761,-0.013887569308280945,-0.18253913521766663,-0.0164622420340379,-0.012186169624328613,-0.25180160999298096,-0.02604870664771397,-0.01024577021598816,-0.2921794056892395,-0.023298561376293492,-0.0061337947845458984,-0.33366280794143677,-0.01716046574409802
I,0.0,0.0,0.0,0.047925934195518494,-0.028336167335510254,-0.013279322529996307,0.07773248851299286,-0.08822113275527954,-0.02081541716572133,0.08304892480373383,-0.15623795986175537,-0.030927421520317466,0.05852679908275604,-0.19601991772651672,-0.0365439094555029,0.08189325034618378,-0.15791445970535278,-0.0024424868122139287,0.09083081781864166,-0.21224457025527954,-0.026454232628310592,0.07761265337467194,-0.16869321465492249,-0.03662749006863919,0.06864447891712189,-0.13171112537384033,-0.03655914589282361,0.049728766083717346,-0.1742226481437683,-0.0035972532302537275,0.05398555099964142,-0.21322447061538696,-0.025947675104106338,0.041519030928611755,-0.14176732301712036,-0.027070097620452316,0.040133461356163025,-0.11525207757949829,-0.020439930255378158,0.019342467188835144,-0.18207746744155884,-0.009055751371050746,0.023569628596305847,-0.2300577461719513,-0.02975667640086499,0.0188300758600235,-0.1637403964996338,-0.021419823164904983,0.014356374740600586,-0.11919158697128296,-0.008147634561026962,-0.012832418084144592,-0.18456324934959412,-0.01609214208539811,-0.011862963438034058,-0.2549070715904236,-0.024250347162450225,-0.009812071919441223,-0.29523420333862305,-0.020696869115198524,-0.005529552698135376,-0.33527424931526184,-0.014586545522178085
I,0.0,0.0,0.0,0.047522708773612976,-0.028225719928741455,-0.014030115360753825,0.07734353840351105,-0.08858847618103027,-0.021912714148299983,0.08167435228824615,-0.15700721740722656,-0.032048348019259265,0.05791504681110382,-0.1979391872882843,-0.03752608937992363,0.08135129511356354,-0.1589982509613037,-0.004675988255428365,0.0901871770620346,-0.21368348598480225,-0.029166381487982562,0.0764852911233902,-0.16935041546821594,-0.039462230781452945,0.06701378524303436,-0.13214635848999023,-0.03945706007851868,0.0488734096288681,-0.17537766695022583,-0.005469815487401775,0.053048864006996155,-0.2137819230556488,-0.02797091720475464,0.04049237072467804,-0.14244318008422852,-0.028977529758947185,0.03901521861553192,-0.1157415509223938,-0.022433962354796222,0.01828162372112274,-0.18295231461524963,-0.010512658076720527,0.022391662001609802,-0.23034146428108215,-0.031494188735621265,0.017799586057662964,-0.16452056169509888,-0.023011240790026477,0.013543665409088135,-0.12025600671768188,-0.009692522378998092,-0.013782516121864319,-0.1849972903728485,-0.017150470668809703,-0.0128755122423172,-0.25569871068000793,-0.025735200995939067,-0.011092618107795715,-0.29626527428627014,-0.02215894466115742,-0.0069422125816345215,-0.33619609475135803,-0.01596973804606705
I,0.0,0.0,0.0,0.0469256192445755,-0.02860128879547119,-0.014776148513078624,0.0763595849275589,-0.08822369575500488,-0.02318116990488761,0.07946600019931793,-0.15621161460876465,-0.03377556582552188,0.056433483958244324,-0.19766443967819214,-0.039763686858236724,0.08088399469852448,-0.1591091752052307,-0.005113004852205449,0.0887618213891983,-0.2139367163181305,-0.029710486211001808,0.07547904551029205,-0.16970902681350708,-0.04010014762741321,0.06644867360591888,-0.13207095861434937,-0.0400396153853535,0.04782883822917938,-0.17522510886192322,-0.005831705086052352,0.05142875015735626,-0.21327930688858032,-0.02939885822695487,0.03953714668750763,-0.14205306768417358,-0.031341751717150146,0.03757612407207489,-0.1134953498840332,-0.02509961058956378,0.016882389783859253,-0.18265888094902039,-0.010809724830210143,0.020671382546424866,-0.23025831580162048,-0.032803861104071075,0.01693330705165863,-0.164459228515625,-0.025438388489305908,0.01333288848400116,-0.1199413537979126,-0.012498844094693595,-0.015188291668891907,-0.18420422077178955,-0.017353202827393943,-0.01444140076637268,-0.2547663748264313,-0.02611250770848983,-0.012864723801612854,-0.2956019639968872,-0.02286998895567649,-0.009015455842018127,-0.33603882789611816,-0.016827987186729843
I,0.0,0.0,0.0,0.0473509281873703,-0.02982085943222046,-0.013501110949306394,0.07661648094654083,-0.0899648666381836,-0.021391222716061975,0.08050169050693512,-0.15820682048797607,-0.03177788713642826,0.0572081059217453,-0.19914793968200684,-0.03768786275455227,0.08005012571811676,-0.1602289080619812,-0.003561334448619391,0.08839844167232513,-0.21532535552978516,-0.02773572178253403,0.07563330233097076,-0.17175999283790588,-0.03795755887099972,0.06653724610805511,-0.13368505239486694,-0.03777573117682209,0.04732285439968109,-0.17596763372421265,-0.0045576286471771255,0.05119885504245758,-0.21451491117477417,-0.026748273984281923,0.03972969949245453,-0.1427624225616455,-0.027838223145096208,0.038762375712394714,-0.11560505628585815,-0.021269418761818315,0.016852423548698425,-0.1833033263683319,-0.00977855873921385,0.02056427299976349,-0.23134204745292664,-0.03022473910519352,0.01713418960571289,-0.1654956042766571,-0.021841356993405725,0.013499230146408081,-0.12069708108901978,-0.008628520645885374,-0.01522226631641388,-0.18492400646209717,-0.01658619614013901,-0.014444276690483093,-0.25644341111183167,-0.024782084391205217,-0.012719333171844482,-0.29761236906051636,-0.021152141035287286,-0.008788272738456726,-0.33777329325675964,-0.014929035209803487
I,0.0,0.0,0.0,0.046940967440605164,-0.028945326805114746,-0.013460309987664232,0.07661350071430206,-0.08914661407470703,-0.020805601773560056,0.08060865104198456,-0.15719926357269287,-0.03052754588216544,0.05705885589122772,-0.19794735312461853,-0.03582327142149211,0.07979656755924225,-0.15930646657943726,-0.0036224911899864765,0.08752970397472382,-0.21501657366752625,-0.02780240103393794,0.074225053191185,-0.1717509925365448,-0.03831365406304599,0.06548072397708893,-0.13433456420898438,-0.038422648606598386,0.04713816940784454,-0.1750575304031372,-0.004516606962084779,0.050341710448265076,-0.21370640397071838,-0.027602138740718374,0.038948968052864075,-0.14231228828430176,-0.029887442288696775,0.03793896734714508,-0.11408877372741699,-0.024024561790525922,0.016668468713760376,-0.18229001760482788,-0.0094941303113103,0.020108476281166077,-0.22986865043640137,-0.03070137537807227,0.016283631324768066,-0.16359001398086548,-0.02328071072489024,0.012703537940979004,-0.118374764919281,-0.010476865617334852,-0.015204176306724548,-0.18385767936706543,-0.015958101300299177,-0.014567360281944275,-0.25520315766334534,-0.024414765460193166,-0.013435021042823792,-0.2963975667953491,-0.021142770347893247,-0.009834721684455872,-0.33665385842323303,-0.015099694764018068
I,0.0,0.0,0.0,0.04776984453201294,-0.029405832290649414,-0.012794685761491564,0.07688617706298828,-0.09035634994506836,-0.019766794729093817,0.08045515418052673,-0.15849214792251587,-0.02912970467195919,0.05606397986412048,-0.19819048047065735,-0.034056388053159026,0.07939758896827698,-0.15969204902648926,-0.003247010733048228,0.08783122897148132,-0.21493589878082275,-0.026847079607705382,0.07501617074012756,-0.1707548201084137,-0.03724255806491783,0.06620422005653381,-0.13341301679611206,-0.037549246314029006,0.04710078239440918,-0.17522919178009033,-0.004379213067750243,0.05089107155799866,-0.21411260962486267,-0.02620335503206661,0.03973469138145447,-0.14318692684173584,-0.02782415619776657,0.03870907425880432,-0.11579740047454834,-0.021986417683820036,0.016550526022911072,-0.18230870366096497,-0.009567504028836993,0.020492225885391235,-0.2304174304008484,-0.02969476042972019,0.016749516129493713,-0.16443166136741638,-0.021603180307010916,0.012876510620117188,-0.11923104524612427,-0.008839842143515853,-0.015422701835632324,-0.18399468064308167,-0.016256790819625166,-0.01524806022644043,-0.2554919421672821,-0.02442450097487381,-0.013752132654190063,-0.2963901162147522,-0.02097269168780258,-0.009899958968162537,-0.3363341689109802,-0.015052412848035601
I,0.0,0.0,0.0,0.04696919023990631,-0.031160831451416016,-0.012799398502096437,0.07693107426166534,-0.09167498350143433,-0.019906846334919237,0.08172254264354706,-0.16031724214553833,-0.029629710590228342,0.057716742157936096,-0.20052403211593628,-0.03474017930565765,0.07923562824726105,-0.162164568901062,-0.0006393885647355546,0.08691735565662384,-0.21559354662895203,-0.024167321150883936,0.07459087669849396,-0.17259743809700012,-0.03434785035787513,0.06626079976558685,-0.13571369647979736,-0.03411454287706306,0.04634518921375275,-0.1772577464580536,-0.0016125567431970467,0.050750479102134705,-0.21425789594650269,-0.023142532905325197,0.03929685056209564,-0.14244210720062256,-0.024335192044958376,0.0378524512052536,-0.1156277060508728,-0.017824124073371195,0.01596410572528839,-0.18439245223999023,-0.006877115921810173,0.02004954218864441,-0.23307469487190247,-0.02703201537369182,0.016377568244934082,-0.1674826443195343,-0.018860406702145838,0.012580454349517822,-0.12278223037719727,-0.005756932304933571,-0.01574385166168213,-0.18588650226593018,-0.013683749822661184,-0.01569049060344696,-0.2566927373409271,-0.021155768533930086,-0.014539763331413269,-0.29755496978759766,-0.017348903691157602,-0.010810494422912598,-0.3377654552459717,-0.01105414842604091
I,0.0,0.0,0.0,0.047663748264312744,-0.02914273738861084,-0.013454201979698155,0.07815638184547424,-0.08976614475250244,-0.020475924363495324,0.08232882618904114,-0.15890860557556152,-0.029902188455821488,0.057527124881744385,-0.1993892788887024,-0.034702970063449357,0.07979035377502441,-0.16108438372612,-0.0014266265781088805,0.08766412734985352,-0.2152767777442932,-0.02565988001799724,0.07504528760910034,-0.17044755816459656,-0.03635173884606502,0.06682884693145752,-0.13346058130264282,-0.036559487110139344,0.0470488965511322,-0.17662855982780457,-0.0022083272916688657,0.05098503828048706,-0.21438896656036377,-0.02462181856310508,0.039950549602508545,-0.1428878903388977,-0.026287630548836205,0.03893294930458069,-0.11599338054656982,-0.02010426891422412,0.016400068998336792,-0.183135986328125,-0.007361497612805579,0.02025344967842102,-0.23094874620437622,-0.028593225753070328,0.016272172331809998,-0.16458845138549805,-0.020536536699296448,0.012411519885063171,-0.11977773904800415,-0.007249811081351254,-0.015663370490074158,-0.18426203727722168,-0.014041003188253853,-0.015295013785362244,-0.25521281361579895,-0.02262851071930072,-0.014138370752334595,-0.2964203953742981,-0.019134670844437096,-0.010484978556632996,-0.33685919642448425,-0.012847657663883183
I,0.0,0.0,0.0,0.04744406044483185,-0.031529247760772705,-0.012533055613261013,0.07708539068698883,-0.09259176254272461,-0.019799478346925525,0.08177925646305084,-0.1614619791507721,-0.029792482028227596,0.056982412934303284,-0.201393723487854,-0.03520881197832182,0.07886062562465668,-0.16286051273345947,-0.000666194823082833,0.08646990358829498,-0.21659088134765625,-0.024249762291532306,0.07399396598339081,-0.1737133264541626,-0.03433248958967283,0.06564591825008392,-0.13663595914840698,-0.03410881198428228,0.04616524279117584,-0.17782968282699585,-0.0018165835593606516,0.05027739703655243,-0.21530386805534363,-0.022703517223220615,0.03899116814136505,-0.14317309856414795,-0.022988827893954067,0.038514599204063416,-0.11814427375793457,-0.016079653049331455,0.015827491879463196,-0.18459457159042358,-0.007324888831448106,0.019775718450546265,-0.2326774299144745,-0.026856262231689243,0.016094326972961426,-0.166254460811615,-0.01760310120366171,0.012175306677818298,-0.12124878168106079,-0.004018891131948976,-0.01607280969619751,-0.18594834208488464,-0.014444155613404064,-0.01616571843624115,-0.25674399733543396,-0.02181713841341093,-0.014770537614822388,-0.29737424850463867,-0.017608709628206043,-0.010974988341331482,-0.3372485041618347,-0.011105115520280151
I,0.0,0.0,0.0,0.04630760848522186,-0.030485153198242188,-0.01298904135273915,0.07614816725254059,-0.08994275331497192,-0.0198545259927414,0.08035315573215485,-0.1581813395023346,-0.02936532809781056,0.05617724359035492,-0.1990235149860382,-0.03447998590218049,0.07713092863559723,-0.1606672704219818,7.205007477750769e-05,0.08473412692546844,-0.21517431735992432,-0.023761640260090644,0.0725027471780777,-0.17229348421096802,-0.03455542303072434,0.06444130837917328,-0.13556593656539917,-0.034695676485171134,0.0443965345621109,-0.1755276620388031,-0.0010186684821746894,0.048328086733818054,-0.2132536768913269,-0.024730515623559768,0.03778745234012604,-0.14218682050704956,-0.02814268782185536,0.03585006296634674,-0.11177003383636475,-0.02258493095087033,0.013758495450019836,-0.18235358595848083,-0.0063497041855953285,0.01766510307788849,-0.23063793778419495,-0.02832339792894345,0.014286324381828308,-0.16477179527282715,-0.021918089086284454,0.010795444250106812,-0.11897683143615723,-0.009263357104828174,-0.01826716959476471,-0.18371504545211792,-0.013098568612804229,-0.017703846096992493,-0.25345972180366516,-0.021300078326930816,-0.0165615975856781,-0.2946728467941284,-0.018176174679865653,-0.01303650438785553,-0.33527249097824097,-0.012089567216207797
I,0.0,0.0,0.0,0.04595845937728882,-0.02976202964782715,-0.013124125221708027,0.0767393410205841,-0.09115386009216309,-0.019944490076937882,0.08121329545974731,-0.16024655103683472,-0.029369359048047272,0.0562664270401001,-0.20099711418151855,-0.03417231436256429,0.0783165991306305,-0.1622672975063324,-0.00019507377660943348,0.08521044254302979,-0.2164570689201355,-0.02368074017945787,0.07315418124198914,-0.1731298863887787,-0.03352283607605955,0.06539425253868103,-0.1366698145866394,-0.033039911793508736,0.044956356287002563,-0.1779705286026001,-0.0013026683861028232,0.04857116937637329,-0.2151278257369995,-0.023808783994951455,0.03771290183067322,-0.1429557204246521,-0.02527533392790815,0.03602948784828186,-0.11451733112335205,-0.018496769623794762,0.014196261763572693,-0.18477115035057068,-0.006767979035117833,0.0176783949136734,-0.23353344202041626,-0.028167127774992196,0.014350026845932007,-0.1680322289466858,-0.020284249590673653,0.011084035038948059,-0.12402963638305664,-0.006843022679873911,-0.017738595604896545,-0.1857835352420807,-0.013733846278825013,-0.0172232985496521,-0.25596511363983154,-0.021965502904691903,-0.016387611627578735,-0.2968794107437134,-0.01826295364085695,-0.01308351755142212,-0.3373134136199951,-0.011729572111704556
I,0.0,0.0,0.0,0.046568870544433594,-0.03037428855895996,-0.01213562547278002,0.07665976881980896,-0.09130573272705078,-0.018482524557526858,0.08017942309379578,-0.1596650779247284,-0.027696085749681743,0.05548989772796631,-0.2005532681941986,-0.032713072030361445,0.07788506150245667,-0.16125667095184326,0.000778954005312471,0.08509650826454163,-0.21586406230926514,-0.023069245396669658,0.0732077956199646,-0.17311930656433105,-0.03373593988877133,0.06525912880897522,-0.13617873191833496,-0.03372319194536999,0.04470255970954895,-0.17645764350891113,-0.0008964777859148398,0.048087358474731445,-0.21426445245742798,-0.025815345002826007,0.037662893533706665,-0.14208650588989258,-0.029718549578007014,0.034688800573349,-0.1083572506904602,-0.023845633147772105,0.013683781027793884,-0.18314233422279358,-0.0067046933160384015,0.017024308443069458,-0.2313503623008728,-0.029759432776387484,0.014397934079170227,-0.16552796959877014,-0.023902814491208346,0.01153998076915741,-0.11966025829315186,-0.011053387662883551,-0.018476560711860657,-0.1840362548828125,-0.01375632978093222,-0.017795920372009277,-0.25324898958206177,-0.02251469495755032,-0.016556933522224426,-0.29406148195266724,-0.01961452665787533,-0.012986719608306885,-0.3345736861228943,-0.013401551759358199
I,0.0,0.0,0.0,0.0459408164024353,-0.03055649995803833,-0.012347144914883756,0.07549923658370972,-0.09166568517684937,-0.0190147682112638,0.07903024554252625,-0.1593252718448639,-0.028577629385608816,0.05488032102584839,-0.2005273997783661,-0.03403761973800101,0.07665976881980896,-0.16026312112808228,-0.0002411215643860487,0.08405596017837524,-0.21558108925819397,-0.024465175254363203,0.07214662432670593,-0.17360827326774597,-0.035153344182390356,0.0641724169254303,-0.136827290058136,-0.03508818140448966,0.04350939393043518,-0.17542925477027893,-0.0019532026742581365,0.047111064195632935,-0.21371948719024658,-0.02737132637025752,0.03655102849006653,-0.14193236827850342,-0.03141640490116515,0.03356006741523743,-0.10801219940185547,-0.02554189963461795,0.012547522783279419,-0.18235433101654053,-0.0077650611308399675,0.016212105751037598,-0.23125487565994263,-0.031115766523498678,0.013435989618301392,-0.1656828224658966,-0.025395318774599218,0.010656371712684631,-0.11973881721496582,-0.012580011880118036,-0.01947815716266632,-0.1834588646888733,-0.014828449955302858,-0.018769770860671997,-0.2526446580886841,-0.023664591742772245,-0.017454534769058228,-0.2935084104537964,-0.020856857208627844,-0.013615518808364868,-0.33391720056533813,-0.014716162255126619
I,0.0,0.0,0.0,0.04668702185153961,-0.030427753925323486,-0.011621269266896661,0.07627414166927338,-0.09298747777938843,-0.017734521869414266,0.07983420789241791,-0.16144129633903503,-0.026834703851335462,0.0543094128370285,-0.20101818442344666,-0.0317918936347894,0.07672213017940521,-0.16142630577087402,0.0009534351552531461,0.08406530320644379,-0.21651244163513184,-0.022639358285658773,0.0720466822385788,-0.17346951365470886,-0.033037831876271184,0.06370733678340912,-0.1363903284072876,-0.03291785517691892,0.04348297417163849,-0.17675289511680603,-0.0009863003947145899,0.04707472026348114,-0.21611034870147705,-0.025705695021741803,0.036635830998420715,-0.14327096939086914,-0.0292501038497619,0.03359316289424896,-0.10914820432662964,-0.022982779759757932,0.012700870633125305,-0.18311485648155212,-0.0069939362442426045,0.016171276569366455,-0.23213431239128113,-0.029538972172730382,0.013669073581695557,-0.1662467122077942,-0.023265525568120893,0.010672986507415771,-0.1200055480003357,-0.010175184216194566,-0.01905784010887146,-0.18346694111824036,-0.014259178060882505,-0.018467679619789124,-0.25289663672447205,-0.022922413293116506,-0.017244696617126465,-0.2936851978302002,-0.020030796397321637,-0.013702645897865295,-0.33385205268859863,-0.013833318706446107
I,0.0,0.0,0.0,0.047111958265304565,-0.031090378761291504,-0.012316703365854664,0.07585921883583069,-0.09302592277526855,-0.018880106078199788,0.0778927206993103,-0.16154316067695618,-0.028186037705950184,0.052132219076156616,-0.201399028301239,-0.03330058375161116,0.07633346319198608,-0.15995395183563232,4.3428100411802006e-05,0.08346149325370789,-0.21638983488082886,-0.023430453182868405,0.07127684354782104,-0.17250514030456543,-0.03377757364671652,0.06288859248161316,-0.13586926460266113,-0.033856952132396145,0.04337194561958313,-0.17501592636108398,-0.001678135164752348,0.04592883586883545,-0.21664121747016907,-0.026493964286260052,0.03566756844520569,-0.1446501612663269,-0.030479777173809453,0.03236457705497742,-0.11057382822036743,-0.024693956168107434,0.012251228094100952,-0.1813940703868866,-0.0074328803808612065,0.014419019222259521,-0.23195695877075195,-0.030149379314593716,0.012512952089309692,-0.16718724370002747,-0.024417191313318654,0.009776696562767029,-0.12160485982894897,-0.011791209259740754,-0.01986953616142273,-0.18216976523399353,-0.014429557637981816,-0.019637271761894226,-0.25075939297676086,-0.023141899646930142,-0.018422648310661316,-0.2909919023513794,-0.020491752342991276,-0.015378594398498535,-0.3308427035808563,-0.01457858508240406
I,0.0,0.0,0.0,0.04725031554698944,-0.0323980450630188,-0.015339219452442876,0.07652904093265533,-0.09305816888809204,-0.023646153019370786,0.0781688243150711,-0.1624963879585266,-0.03420352141708349,0.05087302625179291,-0.20259907841682434,-0.04015159930438017,0.07773877680301666,-0.15804144740104675,-0.00025104074026671697,0.08624668419361115,-0.2150147259235382,-0.022883913920821897,0.07321508228778839,-0.1722395122051239,-0.03287452037781691,0.06560702621936798,-0.13609853386878967,-0.0331336925491712,0.04409314692020416,-0.17400062084197998,-0.000518452584373108,0.047102078795433044,-0.21656695008277893,-0.024845828743281118,0.03662361204624176,-0.14551576972007751,-0.028570139290394536,0.034975096583366394,-0.11304304003715515,-0.022731083886327497,0.012692809104919434,-0.18065470457077026,-0.005173844726385823,0.016114741563796997,-0.23307818174362183,-0.02674345809370493,0.015100359916687012,-0.17040523886680603,-0.02023156124502634,0.012978598475456238,-0.12384894490242004,-0.007478036427500001,-0.01947702467441559,-0.1808789074420929,-0.011604944685103646,-0.020007386803627014,-0.24774906039237976,-0.019389174388351194,-0.018145263195037842,-0.2879844903945923,-0.01667476768940901,-0.014001220464706421,-0.32640916109085083,-0.011003106342258206
I,0.0,0.0,0.0,0.046016380190849304,-0.02985173463821411,-0.0131589588932286,0.07564689218997955,-0.09393340349197388,-0.019609993811656068,0.07662354409694672,-0.16344192624092102,-0.028450828533578942,0.050281986594200134,-0.20377647876739502,-0.03321773048858745,0.0760684460401535,-0.15772780776023865,4.5030533755152646e-05,0.0835617333650589,-0.2157370150089264,-0.0228136596493016,0.0711117833852768,-0.1716853678226471,-0.033017775531817506,0.06211461126804352,-0.1353430449962616,-0.033071315403987,0.04308037459850311,-0.1721433699131012,-0.0014450293024594885,0.0454297810792923,-0.21579766273498535,-0.02840634484212501,0.03504471480846405,-0.1450696587562561,-0.03491414200883014,0.029011502861976624,-0.10610750317573547,-0.030040592443157266,0.011645108461380005,-0.17849892377853394,-0.0067423978112231,0.013353362679481506,-0.23169153928756714,-0.030813586454797814,0.012668505311012268,-0.1691279411315918,-0.02776217881958587,0.010364964604377747,-0.12309950590133667,-0.016337540488649438,-0.020387783646583557,-0.17923474311828613,-0.013085312697995732,-0.02035386860370636,-0.245265930891037,-0.021253936480690072,-0.01801370084285736,-0.2842700481414795,-0.01916690405826671,-0.014383658766746521,-0.32381781935691833,-0.013746933568228314
I,0.0,0.0,0.0,0.04662974178791046,-0.030945003032684326,-0.013864290346589314,0.07648159563541412,-0.0945577621459961,-0.020395638798561322,0.07720513641834259,-0.16456997394561768,-0.029251682018127667,0.051124975085258484,-0.20463767647743225,-0.033962630112853276,0.07649354636669159,-0.15851819515228271,0.0011581751469407209,0.08400548994541168,-0.2153041660785675,-0.021508338307228314,0.07143928110599518,-0.17221114039421082,-0.0316967669922974,0.06263439357280731,-0.13638979196548462,-0.03163251318522953,0.043638214468955994,-0.17293500900268555,6.422936081662556e-05,0.04617796838283539,-0.21566641330718994,-0.026098428671446072,0.03612007200717926,-0.14537668228149414,-0.03240453489610218,0.031262144446372986,-0.10863760113716125,-0.027465651189174878,0.012659698724746704,-0.1790369749069214,-0.00499853855484389,0.014595657587051392,-0.2302175760269165,-0.02880124971756004,0.013792157173156738,-0.16622662544250488,-0.025445029516902196,0.011487007141113281,-0.11983412504196167,-0.013770916876580941,-0.01906725764274597,-0.17960107326507568,-0.011214824770775067,-0.019153252243995667,-0.24541911482810974,-0.01887339577564262,-0.01676984131336212,-0.28365325927734375,-0.016162798186030614,-0.012732848525047302,-0.32243162393569946,-0.010261747432139146
I,0.0,0.0,0.0,0.04746332764625549,-0.03145986795425415,-0.013114807077414525,0.07751256227493286,-0.09533661603927612,-0.018907315910524858,0.07830002903938293,-0.16603586077690125,-0.027184979871577752,0.05125302076339722,-0.2048507034778595,-0.03134611237115337,0.07647711038589478,-0.15842953324317932,0.0035907776349120013,0.08439600467681885,-0.21567648649215698,-0.01854785706169082,0.0722513496875763,-0.17224174737930298,-0.028762852654523385,0.0636257529258728,-0.13631671667099,-0.028662729889816774,0.04384779930114746,-0.1728244125843048,0.0025334086988948457,0.04671013355255127,-0.21630212664604187,-0.02304007287389709,0.03704497218132019,-0.14645913243293762,-0.029744591445393098,0.031852513551712036,-0.10988157987594604,-0.025101613134808076,0.013062641024589539,-0.17925208806991577,-0.002500289932555688,0.015165373682975769,-0.23093196749687195,-0.025684835270709527,0.014555186033248901,-0.16703566908836365,-0.02282842795617057,0.01173451542854309,-0.12042772769927979,-0.011538013697332872,-0.018511414527893066,-0.1804576814174652,-0.008627012253469957,-0.018809348344802856,-0.2460472583770752,-0.015458260544306768,-0.016319185495376587,-0.28390127420425415,-0.012734552726811899,-0.01261034607887268,-0.3222975730895996,-0.006929992579586042
I,0.0,0.0,0.0,0.047616541385650635,-0.030018329620361328,-0.013875962786187301,0.078213632106781,-0.09516701102256775,-0.019767556890656124,0.07922667264938354,-0.16648319363594055,-0.027971884786893497,0.05204474925994873,-0.20488682389259338,-0.03198111298661388,0.07708126306533813,-0.15871712565422058,0.0026714945288404124,0.08502301573753357,-0.21618294715881348,-0.01953548620622314,0.07301881909370422,-0.17224442958831787,-0.029516775712181698,0.06467598676681519,-0.13671022653579712,-0.02928917351346172,0.04438042640686035,-0.1728978455066681,0.001821229032429983,0.047561079263687134,-0.21664384007453918,-0.02365018109958328,0.037885040044784546,-0.14700934290885925,-0.029971039473821293,0.032648056745529175,-0.11145120859146118,-0.02509380373339809,0.013583973050117493,-0.1790323257446289,-0.0030770600696996553,0.015994802117347717,-0.23062124848365784,-0.026518771976043354,0.0152062326669693,-0.16626811027526855,-0.023428185462762485,0.012107014656066895,-0.11993902921676636,-0.011895336761881481,-0.017803072929382324,-0.18017587065696716,-0.009121746375967632,-0.018089160323143005,-0.24598529934883118,-0.016190158754398,-0.015448376536369324,-0.28391408920288086,-0.013383536219407688,-0.01175631582736969,-0.32247935235500336,-0.00748682682569779
I,0.0,0.0,0.0,0.048267826437950134,-0.0315212607383728,-0.013626969602313466,0.07810448110103607,-0.09565398097038269,-0.019405551437643,0.07937498390674591,-0.16721907258033752,-0.027487654421832985,0.052774325013160706,-0.2057517170906067,-0.03138352948835177,0.0775948017835617,-0.15912923216819763,0.0034103575661958985,0.08535413444042206,-0.2165876030921936,-0.018726322982814736,0.07341088354587555,-0.17254868149757385,-0.029086973701026864,0.06534682214260101,-0.13636687397956848,-0.029166922156122155,0.04515866935253143,-0.17316573858261108,0.002637999182212525,0.048267021775245667,-0.21784907579421997,-0.02208366077056212,0.03872792422771454,-0.1486877202987671,-0.02836974914779944,0.03435792028903961,-0.114397794008255,-0.023790909160283036,0.014610618352890015,-0.17909198999404907,-0.002232532665487952,0.016979068517684937,-0.22965410351753235,-0.025025084797647423,0.01616479456424713,-0.16454410552978516,-0.02176561969926638,0.013240575790405273,-0.11731651425361633,-0.010353018712606854,-0.016768932342529297,-0.17992764711380005,-0.00828386209568066,-0.017622515559196472,-0.2460557520389557,-0.01517836674710793,-0.015005707740783691,-0.28450316190719604,-0.012495322335865922,-0.011152639985084534,-0.3232516199350357,-0.006807392645981736
I,0.0,0.0,0.0,0.04922826588153839,-0.03226363658905029,-0.012819143777619502,0.07870496809482574,-0.09654688835144043,-0.01850573236299624,0.08000244200229645,-0.16819322109222412,-0.026499359702597758,0.053478971123695374,-0.20677655935287476,-0.030342112129460475,0.07826603949069977,-0.1594301164150238,0.002658512609173158,0.08641256392002106,-0.21702510118484497,-0.019329602664242884,0.07445986568927765,-0.1721666157245636,-0.02977444494320025,0.06644777953624725,-0.13554438948631287,-0.030248639007936617,0.04585723578929901,-0.17381027340888977,0.0016167881461797151,0.04929517209529877,-0.21921277046203613,-0.02180901991380324,0.03966085612773895,-0.14890596270561218,-0.027192837392817637,0.03609497845172882,-0.1162642240524292,-0.022722908129821917,0.015295252203941345,-0.1795174777507782,-0.0033738378639327493,0.017704874277114868,-0.23084646463394165,-0.024986668324004313,0.016468480229377747,-0.16495713591575623,-0.02057540493262877,0.013382866978645325,-0.11794406175613403,-0.009133865890930792,-0.016169726848602295,-0.17971456050872803,-0.009532691744993826,-0.016998901963233948,-0.24601876735687256,-0.016407732685934207,-0.014057323336601257,-0.2841162085533142,-0.01348948089582791,-0.010003045201301575,-0.3230619579553604,-0.007954817099403044
I,0.0,0.0,0.0,0.04874292016029358,-0.032070815563201904,-0.012392984411917496,0.07739278674125671,-0.09649339318275452,-0.017886640212736893,0.07850828766822815,-0.16726768016815186,-0.025925675115786362,0.052421897649765015,-0.2058536410331726,-0.029971200681529808,0.07657325267791748,-0.15896406769752502,0.0029920137606040953,0.0850624144077301,-0.2168913185596466,-0.01912556745787697,0.07326412200927734,-0.17279258370399475,-0.029424460313521195,0.06512805819511414,-0.13581156730651855,-0.029538269794784355,0.04416206479072571,-0.1725722849369049,0.0016354545371086715,0.04767683148384094,-0.21860408782958984,-0.02279104077001648,0.038084954023361206,-0.14904019236564636,-0.028780458203755188,0.033899277448654175,-0.11454099416732788,-0.024275948933563996,0.013529151678085327,-0.17848119139671326,-0.0036374055196120025,0.01618748903274536,-0.23068082332611084,-0.026096472225390244,0.01525886356830597,-0.16488760709762573,-0.022514894313417244,0.012389793992042542,-0.11720064282417297,-0.011181612207792568,-0.017919868230819702,-0.17905765771865845,-0.009969254664383698,-0.018893301486968994,-0.2455999255180359,-0.016710575378738213,-0.015724316239356995,-0.2840830683708191,-0.013983683369360733,-0.011244937777519226,-0.3235231935977936,-0.00851145357569294
I,0.0,0.0,0.0,0.04984466731548309,-0.033076703548431396,-0.011981218143461092,0.07857419550418854,-0.09734076261520386,-0.017504658571539267,0.08004815876483917,-0.16942673921585083,-0.025609355441389425,0.053528979420661926,-0.20749419927597046,-0.02981650458937679,0.0764293521642685,-0.1585569679737091,0.0029375969682803316,0.08585228025913239,-0.21755021810531616,-0.018473548836169584,0.07459463179111481,-0.174513578414917,-0.02836740577882324,0.06624539196491241,-0.13714784383773804,-0.028497243321595533,0.04476456344127655,-0.17265045642852783,0.0017568487458845539,0.048781588673591614,-0.22016727924346924,-0.019984317964969023,0.03926105797290802,-0.15065112709999084,-0.024419713786898,0.03644879162311554,-0.11985546350479126,-0.019773528001366003,0.014870405197143555,-0.17866584658622742,-0.0033019220205972033,0.017531156539916992,-0.23131084442138672,-0.0235270802146772,0.016392022371292114,-0.16569313406944275,-0.01851158405011688,0.013038471341133118,-0.11794963479042053,-0.007145474686382158,-0.016715630888938904,-0.17927247285842896,-0.00952076727813278,-0.018000319600105286,-0.24639475345611572,-0.015916444382725103,-0.014980480074882507,-0.2855234146118164,-0.01299967618948017,-0.01097966730594635,-0.32481247186660767,-0.007749587318954809
I,0.0,0.0,0.0,0.04952453076839447,-0.03304177522659302,-0.01154954787330098,0.07808829843997955,-0.09708580374717712,-0.01700201872722573,0.07960875332355499,-0.16810378432273865,-0.025111020170015763,0.05306415259838104,-0.20579233765602112,-0.029437779076260995,0.07593725621700287,-0.1580323874950409,0.0020346542821698677,0.08580388128757477,-0.21720921993255615,-0.020170510373873185,0.07430897653102875,-0.17352795600891113,-0.03065277878181405,0.06566958129405975,-0.13633885979652405,-0.03106612022952504,0.0442645400762558,-0.17159754037857056,0.0004550655373805057,0.04834724962711334,-0.21953636407852173,-0.022728760354084443,0.038729652762413025,-0.14960604906082153,-0.028132157958907555,0.03515876829624176,-0.11673316359519958,-0.023890453018111657,0.013981491327285767,-0.1776084303855896,-0.0048540552145368565,0.016897305846214294,-0.22992980480194092,-0.025984883867067765,0.015642032027244568,-0.16417378187179565,-0.021635257266325425,0.012242496013641357,-0.11625528335571289,-0.010424412414295148,-0.017779812216758728,-0.17873364686965942,-0.011214203759891461,-0.01888878643512726,-0.24608159065246582,-0.01770107131437726,-0.015539869666099548,-0.2848096489906311,-0.01479896772639222,-0.011089906096458435,-0.32367143034935,-0.009487037174267243
I,0.0,0.0,0.0,0.050868287682533264,-0.035697758197784424,-0.011392634187529893,0.07896731793880463,-0.10023835301399231,-0.017537084233651967,0.0818796306848526,-0.173234224319458,-0.026592111971865506,0.05496995151042938,-0.21063241362571716,-0.03184392006386361,0.07705758512020111,-0.1615675985813141,0.0037067443479941176,0.08682142198085785,-0.21964052319526672,-0.018476982426534505,0.07592727243900299,-0.1776740550994873,-0.029276377347002835,0.06740783154964447,-0.13931521773338318,-0.0298957739143475,0.045753076672554016,-0.17604809999465942,0.002703863370527415,0.050047799944877625,-0.22396057844161987,-0.016706957307349057,0.03983063995838165,-0.15200263261795044,-0.01904820540238461,0.03911636769771576,-0.12540531158447266,-0.013667521823833795,0.016216784715652466,-0.18222326040267944,-0.002435328962917538,0.019568458199501038,-0.2327425479888916,-0.019992039364467473,0.017651841044425964,-0.166233092546463,-0.012466387648771615,0.013650551438331604,-0.11756983399391174,-0.00030647093097968536,-0.015763700008392334,-0.18280208110809326,-0.009027827356646867,-0.01750902831554413,-0.2520712912082672,-0.014446490269790502,-0.014669671654701233,-0.29141324758529663,-0.010689386923502298,-0.010658606886863708,-0.32891277968883514,-0.005103044503073306
I,0.0,0.0,0.0,0.050005197525024414,-0.035574138164520264,-0.011129105581289878,0.07771795988082886,-0.10021927952766418,-0.016925430974310984,0.07855960726737976,-0.17284810543060303,-0.02519684762353336,0.0530034601688385,-0.21134620904922485,-0.029596916517562022,0.0762374997138977,-0.16202011704444885,0.0005454533953752616,0.08469414710998535,-0.22124329209327698,-0.021130877664631953,0.07302740216255188,-0.17768049240112305,-0.031663484057730784,0.06519979238510132,-0.1392844021320343,-0.03255269222552215,0.044584572315216064,-0.17629334330558777,-0.0004422237701646736,0.04831096529960632,-0.22358375787734985,-0.019867229393071284,0.0385209321975708,-0.15299555659294128,-0.022936645081585993,0.03710988163948059,-0.12572121620178223,-0.018759795582241168,0.014992192387580872,-0.18199902772903442,-0.005045740982836833,0.017466649413108826,-0.235032320022583,-0.02241274446839725,0.015384852886199951,-0.1682305932044983,-0.01553353865290319,0.01175418496131897,-0.1200423538684845,-0.004377839273161044,-0.016670405864715576,-0.18181249499320984,-0.01089728821659719,-0.018136844038963318,-0.2505140006542206,-0.016152535682863345,-0.015440136194229126,-0.2892114818096161,-0.012559400989061942,-0.011756449937820435,-0.32764388620853424,-0.007463708171940198
I,0.0,0.0,0.0,0.050283461809158325,-0.035237252712249756,-0.011772030892871044,0.07802382111549377,-0.10039138793945312,-0.0178092298313004,0.07905682921409607,-0.1728934347629547,-0.026301485414705894,0.053585946559906006,-0.21119201183319092,-0.030767920355401657,0.07672232389450073,-0.16400408744812012,0.000200575231019684,0.08557140827178955,-0.2221604287624359,-0.022017708907924316,0.07338690757751465,-0.17814934253692627,-0.03217137690921845,0.06521955132484436,-0.1400878131389618,-0.03256953221102776,0.044899433851242065,-0.17823296785354614,-0.0007273196108599222,0.04938730597496033,-0.2249716818332672,-0.021393754447899482,0.03868508338928223,-0.15342360734939575,-0.023848275582395217,0.03688991069793701,-0.12591207027435303,-0.01863991368850293,0.015088975429534912,-0.18390107154846191,-0.00544631567140641,0.01812794804573059,-0.236104816198349,-0.024293637762866638,0.015420332551002502,-0.16847437620162964,-0.016852036978207252,0.011659815907478333,-0.12081074714660645,-0.004667877147994659,-0.016787424683570862,-0.18407279253005981,-0.011435941721401832,-0.017961084842681885,-0.25306418538093567,-0.017530276368461273,-0.015453442931175232,-0.2913217544555664,-0.013579089122913501,-0.01171964406967163,-0.3301602900028229,-0.007846984940670154
I,0.0,0.0,0.0,0.05065774917602539,-0.03557085990905762,-0.011809268770974768,0.07827019691467285,-0.100318044424057,-0.018472427306932104,0.07964792847633362,-0.1732623279094696,-0.027707366077464712,0.053808748722076416,-0.21161332726478577,-0.03305199722782959,0.07729673385620117,-0.1639830768108368,-0.0008409476515396364,0.08563145995140076,-0.22243213653564453,-0.023566752476853026,0.07354626059532166,-0.17958632111549377,-0.034080009712141646,0.06558546423912048,-0.14063987135887146,-0.03472297991649498,0.045078009366989136,-0.17842480540275574,-0.0018265501505254633,0.0491967499256134,-0.22512006759643555,-0.02258458341495384,0.03904584050178528,-0.1540769636631012,-0.02478189560608257,0.0379277765750885,-0.12708067893981934,-0.019554659528893126,0.015396207571029663,-0.18438172340393066,-0.006590124955636156,0.018080130219459534,-0.23779085278511047,-0.025313837258380545,0.015621930360794067,-0.17048457264900208,-0.017468040613692892,0.012130185961723328,-0.1223064661026001,-0.0052177163681506045,-0.016491010785102844,-0.18433904647827148,-0.01269911955134262,-0.0179307758808136,-0.2533729374408722,-0.019065042762321127,-0.015447556972503662,-0.29239213466644287,-0.015363667896252764,-0.01158122718334198,-0.3316042572259903,-0.009884290201824797
I,0.0,0.0,0.0,0.050113216042518616,-0.03538310527801514,-0.012460641732417344,0.07751639187335968,-0.09974092245101929,-0.019595306536160706,0.07880814373493195,-0.17125511169433594,-0.029245190491877793,0.05314083397388458,-0.20969504117965698,-0.03483113104661584,0.07708393037319183,-0.16461080312728882,-0.002067710209615825,0.08536653220653534,-0.22203680872917175,-0.024695623835526703,0.07275019586086273,-0.17899656295776367,-0.03471610153277993,0.06549079716205597,-0.14095905423164368,-0.03516679832895875,0.04472695291042328,-0.1789425015449524,-0.002935494931392668,0.04897560179233551,-0.22306352853775024,-0.023243280297123192,0.038546010851860046,-0.15212246775627136,-0.02439210580845952,0.038506582379341125,-0.12727773189544678,-0.018768202682934998,0.014828965067863464,-0.18483558297157288,-0.007730391046010254,0.017570272088050842,-0.23826313018798828,-0.026262233203254937,0.014970704913139343,-0.17010745406150818,-0.01779919320901513,0.012189209461212158,-0.12211412191390991,-0.0054517930205690845,-0.01719459891319275,-0.1847887635231018,-0.014015168121062516,-0.018588081002235413,-0.2536928653717041,-0.020429434424244164,-0.01669757068157196,-0.29272201657295227,-0.016824094748102425,-0.012880757451057434,-0.33245208859443665,-0.01159319019129157
I,0.0,0.0,0.0,0.05000483989715576,-0.033850908279418945,-0.013856905373899053,0.07821211218833923,-0.09909886121749878,-0.021411050903765272,0.07951229810714722,-0.1704792082309723,-0.031427734392849516,0.053090840578079224,-0.20928332209587097,-0.037265800732342313,0.07752755284309387,-0.16510510444641113,-0.0020615377939918744,0.08589771389961243,-0.2238691747188568,-0.024752457487551283,0.07354313135147095,-0.18075743317604065,-0.0340593018114248,0.06614574790000916,-0.14218994975090027,-0.03368691434260995,0.044956475496292114,-0.17902663350105286,-0.002751152125341605,0.04875364899635315,-0.22403788566589355,-0.024456943246690344,0.038321465253829956,-0.1534423828125,-0.025963269966808866,0.03758391737937927,-0.1265355348587036,-0.019752391475407194,0.014558598399162292,-0.18475517630577087,-0.007589139836994718,0.01737399399280548,-0.2388368844985962,-0.027743278863994192,0.014774173498153687,-0.17122098803520203,-0.019931544411150526,0.011875748634338379,-0.1231319010257721,-0.007172895456818651,-0.01767052710056305,-0.18493199348449707,-0.013966918784348081,-0.018832862377166748,-0.2538962960243225,-0.0210534900903383,-0.017013370990753174,-0.29405277967453003,-0.017682711455194067,-0.013504132628440857,-0.3346198499202728,-0.01222636536803634
I,0.0,0.0,0.0,0.04953758418560028,-0.03412503004074097,-0.015627017865170956,0.0774116963148117,-0.09857594966888428,-0.023975708211054325,0.0770302265882492,-0.1689927577972412,-0.034674302363981724,0.050642743706703186,-0.2088424563407898,-0.040853504711975575,0.07645763456821442,-0.1658358871936798,-0.0028671847341854573,0.08481822907924652,-0.22403943538665771,-0.025904011601795673,0.07253818213939667,-0.17945218086242676,-0.03493490504681063,0.06566326320171356,-0.14200904965400696,-0.03424780877887201,0.04317481815814972,-0.17937806248664856,-0.0033716381678630114,0.04681210219860077,-0.22192510962486267,-0.027396800616969585,0.0370984822511673,-0.151383638381958,-0.03012024114488554,0.03534577786922455,-0.12273970246315002,-0.024113977948417187,0.012136891484260559,-0.18530312180519104,-0.008237727606882572,0.01487848162651062,-0.23950514197349548,-0.030513259271373272,0.013694152235984802,-0.17168033123016357,-0.024106138074984074,0.011182039976119995,-0.12390962243080139,-0.011630789065947056,-0.019888058304786682,-0.18604791164398193,-0.014734277190854073,-0.021205395460128784,-0.2545846104621887,-0.022366122031797886,-0.01955994963645935,-0.2944537103176117,-0.019519508505453587,-0.016644880175590515,-0.33565276861190796,-0.014247256951620102
I,0.0,0.0,0.0,0.04989585280418396,-0.03109961748123169,-0.019489135399879842,0.07959738373756409,-0.09532672166824341,-0.029341006458224683,0.07973459362983704,-0.16786140203475952,-0.04085081237596455,0.05226624011993408,-0.20843514800071716,-0.0473286637966055,0.07852157950401306,-0.16590061783790588,-0.004714214981021314,0.08778846263885498,-0.2254088819026947,-0.028904644579114347,0.07512146234512329,-0.1797669231891632,-0.03798160496396008,0.06813961267471313,-0.14129018783569336,-0.036839363903226285,0.04462668299674988,-0.17968136072158813,-0.0034395971265155367,0.04897862672805786,-0.22299262881278992,-0.029605543047608762,0.03860980272293091,-0.15104800462722778,-0.032637582898559,0.03620144724845886,-0.1198737621307373,-0.02570835481625977,0.01330314576625824,-0.18596088886260986,-0.006980933987023263,0.016159459948539734,-0.24090862274169922,-0.03081738370698872,0.015276119112968445,-0.17432403564453125,-0.02491773459357205,0.013304978609085083,-0.12645715475082397,-0.0118592984904069,-0.018538355827331543,-0.18699026107788086,-0.012464896582486062,-0.01928006112575531,-0.255251407623291,-0.020651703507127195,-0.01793283224105835,-0.2961466908454895,-0.018269048810424238,-0.015588328242301941,-0.33732742071151733,-0.012812744632782369
I,0.0,0.0,0.0,0.049527570605278015,-0.03194206953048706,-0.01984826211750601,0.079249307513237,-0.09632039070129395,-0.030831406981945975,0.08023436367511749,-0.16934147477149963,-0.043394788326025946,0.05235801637172699,-0.209824800491333,-0.05079725679874514,0.07810138165950775,-0.1683325469493866,-0.007128310547471983,0.08801896870136261,-0.22755223512649536,-0.03145032671213244,0.07608453929424286,-0.18200799822807312,-0.0402373067748556,0.06938596069812775,-0.14415132999420166,-0.039075459511281,0.044234588742256165,-0.18208658695220947,-0.005845375516713602,0.04922597110271454,-0.2246417999267578,-0.030342080788017256,0.03964526951313019,-0.15177935361862183,-0.03137399551391695,0.03901390731334686,-0.12488120794296265,-0.02392599468052481,0.013363584876060486,-0.18814292550086975,-0.009423080058098776,0.01670728623867035,-0.2435041069984436,-0.03158463832855318,0.016543105244636536,-0.17615938186645508,-0.024021093891263945,0.014685705304145813,-0.12821319699287415,-0.010816603125334723,-0.018182024359703064,-0.18881970643997192,-0.01517232709497307,-0.01934237778186798,-0.25820693373680115,-0.023094176472426398,-0.01826082170009613,-0.30026161670684814,-0.020646327332855208,-0.01643945276737213,-0.34199821949005127,-0.015581779339612467
I,0.0,0.0,0.0,0.047632038593292236,-0.03091329336166382,-0.02001441751409061,0.07691514492034912,-0.09555262327194214,-0.030919977620129657,0.07362928986549377,-0.1651574969291687,-0.0429836354850579,0.046727776527404785,-0.20818954706192017,-0.05027921047795303,0.07500213384628296,-0.1670638918876648,-0.01057684623438604,0.08411958813667297,-0.22664183378219604,-0.035779590874795986,0.071513831615448,-0.17900505661964417,-0.04643972885597236,0.06442967057228088,-0.14137417078018188,-0.04680406224716194,0.04029738903045654,-0.17926380038261414,-0.010308867476766181,0.044794827699661255,-0.2228916585445404,-0.03974972215283401,0.035511553287506104,-0.1483181118965149,-0.04626227465260513,0.031606465578079224,-0.11019670963287354,-0.04152608585346229,0.008026123046875,-0.18510916829109192,-0.014156273722534252,0.010748118162155151,-0.24161991477012634,-0.039546887546663356,0.011998400092124939,-0.17546489834785461,-0.03641851541388519,0.010653078556060791,-0.1269734501838684,-0.02523648475099094,-0.023800671100616455,-0.18568402528762817,-0.01971713562298305,-0.02580416202545166,-0.2567827105522156,-0.028412700787072254,-0.02483382821083069,-0.2987784743309021,-0.026853026047234607,-0.02338719367980957,-0.3415115475654602,-0.022288813412075115
I,0.0,0.0,0.0,0.04803803563117981,-0.02788674831390381,-0.021468239503462883,0.07964330911636353,-0.09240174293518066,-0.032401878985126586,0.07940497994422913,-0.1639936864376068,-0.04456329405542192,0.05210474133491516,-0.2053353190422058,-0.051524297001321884,0.07890114188194275,-0.16831427812576294,-0.008409148680527778,0.0869612991809845,-0.22835439443588257,-0.0333149588131505,0.07526358962059021,-0.18035849928855896,-0.04263407424326715,0.06891223788261414,-0.1420447826385498,-0.04171869963641939,0.043967992067337036,-0.18099898099899292,-0.007193836981912227,0.04706853628158569,-0.2241150438785553,-0.036918189974983306,0.03853112459182739,-0.14887559413909912,-0.041935984643657775,0.03508788347244263,-0.11139440536499023,-0.03540162429447946,0.01166445016860962,-0.18695077300071716,-0.010657352993746372,0.013666942715644836,-0.24395474791526794,-0.03672933265801248,0.015152543783187866,-0.17822813987731934,-0.03262953892584619,0.014372289180755615,-0.13020730018615723,-0.02007857769962129,-0.020341098308563232,-0.18780389428138733,-0.016083777549226852,-0.02179071307182312,-0.2579687535762787,-0.025474422278364273,-0.02116486430168152,-0.3009721040725708,-0.02416589915986833,-0.020090952515602112,-0.3442375659942627,-0.01915665775771913
I,0.0,0.0,0.0,0.04725131392478943,-0.027578294277191162,-0.020772346416919163,0.07802557945251465,-0.09171020984649658,-0.03157744661947959,0.07819360494613647,-0.16174840927124023,-0.0435977104403662,0.051033198833465576,-0.2034337818622589,-0.050584887275903156,0.07671719789505005,-0.16772547364234924,-0.008904865133075646,0.08567038178443909,-0.2273087501525879,-0.03345899761697524,0.07437378168106079,-0.18046864867210388,-0.042930209199397495,0.06765076518058777,-0.1427907943725586,-0.04230759770652526,0.04201814532279968,-0.17988193035125732,-0.008292108895687988,0.04618188738822937,-0.2214452028274536,-0.03905777738472693,0.038207679986953735,-0.1472589373588562,-0.045395252416341236,0.03323337435722351,-0.10670435428619385,-0.03963796527168029,0.009542882442474365,-0.18615937232971191,-0.012046594294218949,0.012294098734855652,-0.24324369430541992,-0.0384177166320967,0.015057086944580078,-0.17923003435134888,-0.03527485684534781,0.014378949999809265,-0.13179445266723633,-0.02339976945003741,-0.022205740213394165,-0.1874704658985138,-0.017636013338773182,-0.024126410484313965,-0.25845858454704285,-0.026840639422147206,-0.022703304886817932,-0.3019051253795624,-0.025539551983086994,-0.02092045545578003,-0.3463701605796814,-0.02069371112665408
I,0.0,0.0,0.0,0.047336891293525696,-0.026536941528320312,-0.02021175637432293,0.07832933962345123,-0.08973228931427002,-0.031233443092190782,0.07993747293949127,-0.15981346368789673,-0.04371815003045754,0.053888753056526184,-0.20188945531845093,-0.05113924867995934,0.07819397747516632,-0.16497200727462769,-0.008850319455945055,0.08739323914051056,-0.2253011167049408,-0.033530129264676134,0.07613663375377655,-0.17941749095916748,-0.04230852625855164,0.06883420050144196,-0.14087837934494019,-0.040976027171694795,0.04358483850955963,-0.17785382270812988,-0.008394882227861444,0.048552289605140686,-0.2191047966480255,-0.03827225617655472,0.039770111441612244,-0.1438518762588501,-0.04289396680482582,0.03487129509449005,-0.10533493757247925,-0.036008810769402544,0.011382073163986206,-0.18501782417297363,-0.012390202987575094,0.0140790194272995,-0.24212709069252014,-0.03815461150892929,0.016067445278167725,-0.17801454663276672,-0.0335747694183226,0.01491217315196991,-0.13190150260925293,-0.020945349853121797,-0.0206129252910614,-0.1873854696750641,-0.018248671810709993,-0.022980764508247375,-0.25763505697250366,-0.02742008320578293,-0.022007450461387634,-0.3005724251270294,-0.025622762884580652,-0.02047605812549591,-0.34511157870292664,-0.020392812933408777
I,0.0,0.0,0.0,0.046458303928375244,-0.027988433837890625,-0.01993534763019511,0.07772573828697205,-0.09122812747955322,-0.03112418439846465,0.08015421032905579,-0.1611047387123108,-0.04376731675725409,0.05409598350524902,-0.20284122228622437,-0.051441273211054295,0.07744604349136353,-0.1660671830177307,-0.00880970482390353,0.08708062767982483,-0.22543534636497498,-0.033795806138329,0.0755302906036377,-0.1805253028869629,-0.042991443096212834,0.06782490015029907,-0.14181840419769287,-0.041801618902496784,0.04292166233062744,-0.1791817545890808,-0.008195714584104508,0.04840058088302612,-0.2189779281616211,-0.037840458123497456,0.039144933223724365,-0.14371073246002197,-0.0423358739600701,0.034060657024383545,-0.10591048002243042,-0.035432285188250034,0.010851755738258362,-0.1863289475440979,-0.012023010781518906,0.013816162943840027,-0.24267899990081787,-0.037191184727959126,0.015809476375579834,-0.17853504419326782,-0.03254618731003234,0.014483705163002014,-0.13211679458618164,-0.020027760906629055,-0.021080240607261658,-0.1882985234260559,-0.017730512215308636,-0.023690760135650635,-0.25946247577667236,-0.026479464514665096,-0.023077011108398438,-0.3029763102531433,-0.024742341159395664,-0.021963775157928467,-0.3478851318359375,-0.019652566431574314
I,0.0,0.0,0.0,0.045969292521476746,-0.030853211879730225,-0.017816499670090025,0.07584311068058014,-0.09223341941833496,-0.028998766888918226,0.07916338741779327,-0.16033905744552612,-0.042295520057024305,0.05400367081165314,-0.20135191082954407,-0.050855484654249494,0.07616405189037323,-0.16696739196777344,-0.00723992320993716,0.08506570756435394,-0.22490179538726807,-0.032581024666370695,0.07519198954105377,-0.18253540992736816,-0.04191329037124092,0.06782309710979462,-0.1438261866569519,-0.04056188543611938,0.04189477860927582,-0.17987185716629028,-0.007499326814951246,0.04749573767185211,-0.21772107481956482,-0.035217915524782484,0.03876321017742157,-0.14312469959259033,-0.03796206866675789,0.034887805581092834,-0.10998767614364624,-0.03050479744845802,0.010303765535354614,-0.18697589635849,-0.012271338936926668,0.01303146779537201,-0.24168920516967773,-0.03594676857167656,0.014916464686393738,-0.17716461420059204,-0.029586377416791265,0.01354353129863739,-0.13192903995513916,-0.016609866966547315,-0.021967560052871704,-0.1890416145324707,-0.018927776117863004,-0.02552954852581024,-0.2598539888858795,-0.027239375610889738,-0.024857550859451294,-0.30309784412384033,-0.024815513615550344,-0.0228273868560791,-0.3480302095413208,-0.019423837636651342
I,0.0,0.0,0.0,0.048506006598472595,-0.03195929527282715,-0.016424420133262174,0.07822258770465851,-0.09554159641265869,-0.026342029526858823,0.08084465563297272,-0.1661493182182312,-0.03865019495788147,0.05346418917179108,-0.20490986108779907,-0.04629348854723503,0.07484625279903412,-0.16887319087982178,-0.005774613313406007,0.08398796617984772,-0.2267896831035614,-0.03064988631012966,0.07442207634449005,-0.1835416555404663,-0.039544100716739194,0.0669921487569809,-0.14354532957077026,-0.03797207663956215,0.04102860391139984,-0.1819615364074707,-0.006063336815714138,0.04560099542140961,-0.22111311554908752,-0.03213943804803421,0.03760753571987152,-0.14465153217315674,-0.033453541651397245,0.03568638861179352,-0.11246776580810547,-0.02536426189544727,0.010106831789016724,-0.18885421752929688,-0.010894003167777555,0.012628540396690369,-0.24210304021835327,-0.033805413946538465,0.014266997575759888,-0.1757228970527649,-0.02652606631818344,0.012562975287437439,-0.12869036197662354,-0.013067778043478029,-0.0220528244972229,-0.19085925817489624,-0.01755079518261482,-0.025723665952682495,-0.2628716826438904,-0.026310023695259588,-0.02602545917034149,-0.306628555059433,-0.024119718775182264,-0.024867981672286987,-0.3500395119190216,-0.018803960487275617
I,0.0,0.0,0.0,0.04543045163154602,-0.03021526336669922,-0.01684723955528966,0.07466435432434082,-0.09318602085113525,-0.02575319607691995,0.0764802098274231,-0.16038697957992554,-0.03728954655068151,0.05183151364326477,-0.20297175645828247,-0.04399340015785924,0.07304608821868896,-0.1678144335746765,-0.0027891038725726958,0.08062312006950378,-0.22479766607284546,-0.028353806333115017,0.07013210654258728,-0.179573655128479,-0.038054233164956486,0.06337562203407288,-0.1419582962989807,-0.03681683701412908,0.03889274597167969,-0.180419921875,-0.0036587405292891617,0.04328429698944092,-0.21816399693489075,-0.03296940562265149,0.035122185945510864,-0.14494216442108154,-0.03768053439395658,0.03146037459373474,-0.1113693118095398,-0.031015110881497776,0.006740868091583252,-0.18651139736175537,-0.009262188085784828,0.009523600339889526,-0.23676782846450806,-0.036682685585191166,0.010697558522224426,-0.16956812143325806,-0.03227460545437566,0.009309902787208557,-0.1247667670249939,-0.019070267425348675,-0.025777846574783325,-0.18788838386535645,-0.016395767898728764,-0.02913951873779297,-0.25802692770957947,-0.026883927853276646,-0.02911144495010376,-0.3003968894481659,-0.024967977525164997,-0.027127057313919067,-0.34533849358558655,-0.019098778934647953
I,0.0,0.0,0.0,0.04508937895298004,-0.02995067834854126,-0.019652856628283644,0.07419480383396149,-0.09275245666503906,-0.031018588806375647,0.07555319368839264,-0.16094189882278442,-0.044628732020839834,0.05002732574939728,-0.20367872714996338,-0.052981123442634726,0.07283706963062286,-0.1702062487602234,-0.0060549859170464515,0.07983227074146271,-0.2271922528743744,-0.032968931014522695,0.06964521110057831,-0.18138545751571655,-0.04248331498621383,0.06269283592700958,-0.14217931032180786,-0.040759634340986395,0.03799895942211151,-0.18240582942962646,-0.00593006715445199,0.042282119393348694,-0.22011485695838928,-0.03553465020178237,0.03400565683841705,-0.14483177661895752,-0.03816699993132033,0.031037017703056335,-0.11304199695587158,-0.029774151856884146,0.005754292011260986,-0.1883913278579712,-0.010973706955894613,0.008308425545692444,-0.23969614505767822,-0.03809081401942649,0.00955970585346222,-0.17335963249206543,-0.03160497185109534,0.008063942193984985,-0.129061758518219,-0.01706553261993804,-0.02687467634677887,-0.18946176767349243,-0.01799382653354087,-0.03022603690624237,-0.2600625455379486,-0.028690468634351873,-0.030465885996818542,-0.3031630516052246,-0.0263038595419971,-0.028986170887947083,-0.3479680120944977,-0.019931404034480238
I,0.0,0.0,0.0,0.04478469491004944,-0.032198309898376465,-0.018247645373463683,0.0737830102443695,-0.09430581331253052,-0.028719536985278182,0.07562771439552307,-0.16197383403778076,-0.04149359839689737,0.05004173517227173,-0.20355653762817383,-0.049207944448113494,0.07216799259185791,-0.17188823223114014,-0.004072068749934488,0.07893446087837219,-0.22761768102645874,-0.029890751491308265,0.06879127025604248,-0.18206936120986938,-0.03986773269903665,0.062191158533096313,-0.143116295337677,-0.03869901227486139,0.03748401999473572,-0.1840074062347412,-0.0041602817615569165,0.04175847768783569,-0.22099849581718445,-0.03269217910897737,0.033655762672424316,-0.14560675621032715,-0.036262795354247146,0.03087756037712097,-0.11301189661026001,-0.028887061427354865,0.005396708846092224,-0.18970221281051636,-0.00914388618153339,0.00785316526889801,-0.24042576551437378,-0.03472775595915323,0.009073525667190552,-0.17459166049957275,-0.028875436658978515,0.0077311694622039795,-0.12976306676864624,-0.015220342229127937,-0.027141064405441284,-0.19038230180740356,-0.01599872673583036,-0.030641674995422363,-0.2619706988334656,-0.025565255458474212,-0.031140029430389404,-0.3055785298347473,-0.023049382518053108,-0.029684454202651978,-0.35036125779151917,-0.016853855947971397
I,0.0,0.0,0.0,0.044447094202041626,-0.030205905437469482,-0.018103571248730077,0.07310527563095093,-0.09251070022583008,-0.028139061865886106,0.0743778645992279,-0.1596083641052246,-0.04041392133899535,0.048490703105926514,-0.2013666033744812,-0.047574204964121236,0.0719708800315857,-0.16982221603393555,-0.005403169536521091,0.0784321129322052,-0.22731715440750122,-0.03150304929681624,0.0683005154132843,-0.18078994750976562,-0.041387250287016286,0.06196752190589905,-0.14192521572113037,-0.04018459991880263,0.036849021911621094,-0.1823003888130188,-0.005710083165695323,0.041049063205718994,-0.21901530027389526,-0.03495588676400985,0.03303465247154236,-0.14515340328216553,-0.03880465925999488,0.029799968004226685,-0.11185550689697266,-0.031593577576359166,0.0040925294160842896,-0.1881181001663208,-0.01079999153830613,0.006340235471725464,-0.23823785781860352,-0.03741399721570815,0.007733047008514404,-0.17228645086288452,-0.03185549528666343,0.007013082504272461,-0.1279805302619934,-0.018113426504214658,-0.028652697801589966,-0.18912535905838013,-0.01766559073098506,-0.0318913608789444,-0.2603554129600525,-0.02802638301022853,-0.03291703760623932,-0.3039171099662781,-0.02567325496443118,-0.03175517916679382,-0.34946557879447937,-0.019397612301190748
I,0.0,0.0,0.0,0.044888123869895935,-0.031651198863983154,-0.018537447337394042,0.07423423230648041,-0.09333264827728271,-0.029107910130505843,0.07482220232486725,-0.1610974669456482,-0.04185636575925855,0.04791347682476044,-0.20193976163864136,-0.04961164157498388,0.07173268496990204,-0.17077034711837769,-0.0046481341275921295,0.07835762202739716,-0.2274511456489563,-0.03087037663567571,0.06867007911205292,-0.18233871459960938,-0.04117793451655416,0.06217069923877716,-0.14279550313949585,-0.0400915653597167,0.03669188916683197,-0.18299388885498047,-0.004599463675504012,0.040709689259529114,-0.21976560354232788,-0.033482986051922126,0.03276839852333069,-0.145352303981781,-0.037322829027061744,0.02967935800552368,-0.11149036884307861,-0.030000277344470305,0.004217296838760376,-0.18870604038238525,-0.009440676790063662,0.0064553022384643555,-0.23867517709732056,-0.03542896221983938,0.007687881588935852,-0.17343348264694214,-0.029675683487539573,0.0065134018659591675,-0.12854856252670288,-0.015828697491770072,-0.02865271270275116,-0.18922489881515503,-0.016148547191505713,-0.032235682010650635,-0.2613208293914795,-0.02596659075129537,-0.0329907089471817,-0.3053191006183624,-0.02334813449192552,-0.031591787934303284,-0.35019898414611816,-0.01688630740750341
I,0.0,0.0,0.0,0.04489035904407501,-0.035893261432647705,-0.017717768649561094,0.0751330703496933,-0.09969604015350342,-0.027819735209448027,0.07628221809864044,-0.1686057448387146,-0.04023541065583913,0.048173025250434875,-0.20883405208587646,-0.04739893155823438,0.07269279658794403,-0.17868316173553467,-0.00275719606037228,0.0781237930059433,-0.23224776983261108,-0.029029936741096662,0.06846682727336884,-0.18611633777618408,-0.03963083701859205,0.06242851912975311,-0.14657700061798096,-0.038825663949353384,0.03714568912982941,-0.19168657064437866,-0.0031040326943525542,0.03939659893512726,-0.2280956506729126,-0.029713358010155844,0.03254242241382599,-0.15117138624191284,-0.0317973785353729,0.03287605941295624,-0.12172114849090576,-0.024003784383637594,0.004413202404975891,-0.19600838422775269,-0.008647191549641775,0.006105199456214905,-0.24220764636993408,-0.03384183275232999,0.007171601057052612,-0.17635184526443481,-0.026487869421941923,0.006428197026252747,-0.1325613260269165,-0.012062135363919424,-0.028867602348327637,-0.19457721710205078,-0.016127347226245092,-0.03315947949886322,-0.2686826288700104,-0.026615821967823194,-0.03442397713661194,-0.31379854679107666,-0.023625734473569082,-0.03319646418094635,-0.3572383522987366,-0.016895446206433462
I,0.0,0.0,0.0,0.04480406641960144,-0.03484410047531128,-0.017168739309170178,0.07429316639900208,-0.09551316499710083,-0.02715234408304923,0.07521256804466248,-0.16304129362106323,-0.03948785687015288,0.049506813287734985,-0.20492011308670044,-0.046690675859906605,0.07449588179588318,-0.17362987995147705,-0.004705974796422652,0.07906609773635864,-0.23013260960578918,-0.03188050488159888,0.06878086924552917,-0.183457612991333,-0.04273182848618262,0.062827467918396,-0.14363974332809448,-0.0419640983097338,0.03812572360038757,-0.18752992153167725,-0.005250366368898085,0.04008181393146515,-0.22352543473243713,-0.03293735483811133,0.031678617000579834,-0.14714330434799194,-0.03561162525937789,0.03096356987953186,-0.11572784185409546,-0.028359718119361332,0.00501193106174469,-0.1923755407333374,-0.010739736688890389,0.006100475788116455,-0.23988685011863708,-0.036918732767560414,0.005692720413208008,-0.17341965436935425,-0.029722980653502873,0.005106031894683838,-0.12952065467834473,-0.01529762098715537,-0.028545886278152466,-0.19110733270645142,-0.017989154403664998,-0.0312945693731308,-0.2648186981678009,-0.02901829542742007,-0.0329437255859375,-0.3088511824607849,-0.02589097382650607,-0.031588032841682434,-0.3521628975868225,-0.0188843304865145
I,0.0,0.0,0.0,0.045204028487205505,-0.0340423583984375,-0.01720134000780149,0.07502365112304688,-0.09617769718170166,-0.026852071467061478,0.07649898529052734,-0.165144145488739,-0.03878782521488233,0.049465954303741455,-0.20652365684509277,-0.045596556919832665,0.07432261109352112,-0.1738879680633545,-0.0041330761231677116,0.07888749241828918,-0.230105459690094,-0.03109718691112562,0.06833910942077637,-0.18314743041992188,-0.042228261190672356,0.06218805909156799,-0.14356577396392822,-0.04182591121198698,0.03857150673866272,-0.18792986869812012,-0.004606637819875914,0.03993630409240723,-0.2258605659008026,-0.03174653481246992,0.03183761239051819,-0.15024465322494507,-0.0345776883840756,0.031712159514427185,-0.11974340677261353,-0.027584258648772675,0.005767196416854858,-0.19265717267990112,-0.010029183882494408,0.00648246705532074,-0.24013486504554749,-0.03567186202408834,0.006046563386917114,-0.17402350902557373,-0.028478661733885247,0.005166798830032349,-0.1300104260444641,-0.014211643669028717,-0.02757355570793152,-0.19134092330932617,-0.017249142932911354,-0.03034117817878723,-0.2650477886199951,-0.028069321247954804,-0.03167043626308441,-0.30918753147125244,-0.024988232362289864,-0.030363380908966064,-0.3521568179130554,-0.018130660238881546
I,0.0,0.0,0.0,0.0448932945728302,-0.03407543897628784,-0.016358754963420097,0.07369013130664825,-0.09627288579940796,-0.025869558931134407,0.07518960535526276,-0.16372501850128174,-0.03793193343355483,0.04891541600227356,-0.20498013496398926,-0.045069254369281,0.07367582619190216,-0.17343634366989136,-0.002830747182287041,0.0772455483675003,-0.22940823435783386,-0.029710398421428863,0.06552143394947052,-0.18326491117477417,-0.04112504366113967,0.05870245397090912,-0.1428648829460144,-0.04094587209894485,0.0375286340713501,-0.18720775842666626,-0.0037365810878497996,0.037826403975486755,-0.22559964656829834,-0.03256554472520179,0.028461843729019165,-0.1493259072303772,-0.03671213182880706,0.027085915207862854,-0.11426478624343872,-0.029833766997597877,0.004214867949485779,-0.19199088215827942,-0.009454936154924098,0.0034774690866470337,-0.24055525660514832,-0.03602035287096328,0.0030462145805358887,-0.17489492893218994,-0.02989506478681392,0.0028604120016098022,-0.12965023517608643,-0.015768506930015747,-0.029481694102287292,-0.19044923782348633,-0.01682694758548564,-0.031758591532707214,-0.26309889554977417,-0.028105968043945495,-0.03318032622337341,-0.3074585199356079,-0.02573835234417743,-0.031832754611968994,-0.35109901428222656,-0.01914735454394645
I,0.0,0.0,0.0,0.045286625623703,-0.035211265087127686,-0.016248826069016786,0.07345646619796753,-0.09904581308364868,-0.025575364140053125,0.07419869303703308,-0.16763198375701904,-0.03737329704799208,0.047635018825531006,-0.20905649662017822,-0.04421643553413901,0.07397988438606262,-0.17558032274246216,-0.003010813743998142,0.07707077264785767,-0.23165491223335266,-0.029452385512371393,0.06604528427124023,-0.18529602885246277,-0.04062109453715834,0.059423625469207764,-0.14434415102005005,-0.04048438383378539,0.037722423672676086,-0.18947595357894897,-0.003878201023866268,0.03761681914329529,-0.2295043170452118,-0.031764671337981554,0.02868691086769104,-0.1532529592514038,-0.03534695891775641,0.02764280140399933,-0.11836546659469604,-0.02833358770348582,0.004412457346916199,-0.19393497705459595,-0.009539646228034826,0.0032034367322921753,-0.24390172958374023,-0.03525535030402693,0.0032069236040115356,-0.17839711904525757,-0.02863166680671725,0.0032864660024642944,-0.1323654055595398,-0.014459985439856382,-0.029511243104934692,-0.19172486662864685,-0.01692761307694468,-0.031782716512680054,-0.26495984196662903,-0.028471402955432268,-0.0332794189453125,-0.3100634813308716,-0.026527142283697458,-0.03185392916202545,-0.35362523794174194,-0.020293928814311357
I,0.0,0.0,0.0,0.04606775939464569,-0.03395509719848633,-0.017265902607960015,0.07488788664340973,-0.0985836386680603,-0.02658486716381958,0.07516749203205109,-0.16762962937355042,-0.03808413609795025,0.047208547592163086,-0.20836320519447327,-0.04436864867739132,0.0745280534029007,-0.1747303307056427,-0.0034980964933311043,0.0774494856595993,-0.23201757669448853,-0.03026623628966263,0.06630314886569977,-0.1842925250530243,-0.041386557518762856,0.060451433062553406,-0.14424407482147217,-0.04127492174438885,0.03838184475898743,-0.18823644518852234,-0.0038580293853556213,0.03780660033226013,-0.229993999004364,-0.03273636639050892,0.029231950640678406,-0.15380501747131348,-0.03670883342556408,0.028518468141555786,-0.11934876441955566,-0.029731165393513947,0.004803553223609924,-0.1926485002040863,-0.00911257486723116,0.002956300973892212,-0.24371987581253052,-0.03599176347188404,0.0032157599925994873,-0.17836496233940125,-0.029943341165107995,0.0035374313592910767,-0.1332237720489502,-0.01583124861053875,-0.029248937964439392,-0.191091388463974,-0.016093427091163903,-0.03154236078262329,-0.26392143964767456,-0.028392975925726205,-0.03280094265937805,-0.3088940382003784,-0.027097742780370027,-0.03136490285396576,-0.35297691822052,-0.021214546411556512
I,0.0,0.0,0.0,0.04600062966346741,-0.034928739070892334,-0.01826163897365518,0.07498887181282043,-0.09995174407958984,-0.028501990754904227,0.07604914903640747,-0.1705836057662964,-0.04055160427540727,0.04647144675254822,-0.21118563413619995,-0.04693072060197778,0.07502737641334534,-0.177728533744812,-0.005284591150285678,0.07734513282775879,-0.23395267128944397,-0.03246532524079271,0.06647607684135437,-0.1854800581932068,-0.043511507605018096,0.06123313307762146,-0.14755547046661377,-0.04357505360692926,0.03896006941795349,-0.19154340028762817,-0.00496703436672874,0.03813442587852478,-0.23209744691848755,-0.03050345139652677,0.029887959361076355,-0.1550581455230713,-0.030938457269968467,0.03146202862262726,-0.12986844778060913,-0.0230134907558579,0.005515873432159424,-0.19552716612815857,-0.009905402120949702,0.0034200847148895264,-0.24557778239250183,-0.034520839844645934,0.00356428325176239,-0.17830881476402283,-0.025078115557136016,0.00379103422164917,-0.13435882329940796,-0.009991925713421779,-0.028873488306999207,-0.19379457831382751,-0.016905322243275123,-0.03128553926944733,-0.2671012878417969,-0.028731513340773063,-0.032301440834999084,-0.3114505708217621,-0.026307690460981803,-0.030459463596343994,-0.35530000925064087,-0.02010320456773229
I,0.0,0.0,0.0,0.04646620154380798,-0.03493303060531616,-0.018544218262150025,0.07595095038414001,-0.09969514608383179,-0.028491205295040345,0.0760403573513031,-0.17090266942977905,-0.04038202831657145,0.04569941759109497,-0.21146318316459656,-0.046699081306769585,0.07562661170959473,-0.17755994200706482,-0.0036814140541991947,0.07708817720413208,-0.2345326840877533,-0.031214068402960038,0.06565111875534058,-0.1860402524471283,-0.042614762430503106,0.060855209827423096,-0.14779341220855713,-0.0425721562853596,0.03891472518444061,-0.19114959239959717,-0.0033007885715505836,0.03739665448665619,-0.23222118616104126,-0.03191238338263247,0.02879391610622406,-0.1540675163269043,-0.034609106128527856,0.029286816716194153,-0.12325739860534668,-0.026875658651306367,0.0048944950103759766,-0.19550403952598572,-0.008164738995446896,0.0021444708108901978,-0.24685314297676086,-0.0350592515817425,0.0024745911359786987,-0.17933911085128784,-0.02746689016134951,0.003352254629135132,-0.13376224040985107,-0.012339762171222901,-0.029965996742248535,-0.19423827528953552,-0.014962407519533372,-0.031810954213142395,-0.2671700716018677,-0.026996548046781754,-0.03268720209598541,-0.31163328886032104,-0.02493999036164496,-0.030629664659500122,-0.35533758997917175,-0.018486114909364915
I,0.0,0.0,0.0,0.04670512676239014,-0.03644144535064697,-0.01730627657306627,0.07609480619430542,-0.10178065299987793,-0.026520444987539804,0.07692337036132812,-0.17329084873199463,-0.037716110212926424,0.046213239431381226,-0.2131422460079193,-0.043358297063235796,0.07504156231880188,-0.1789434254169464,-0.0030992123989506126,0.07735508680343628,-0.23678550124168396,-0.030647172568563974,0.0661909431219101,-0.18863549828529358,-0.04261433796418146,0.06098100543022156,-0.1501452922821045,-0.04303766132724718,0.03875845670700073,-0.19239798188209534,-0.00279644385372535,0.03776004910469055,-0.23539358377456665,-0.02981311173570589,0.029267683625221252,-0.15709489583969116,-0.031989746703033006,0.030396685004234314,-0.12805694341659546,-0.024554536653880632,0.005057036876678467,-0.19695645570755005,-0.007641984591458595,0.002902805805206299,-0.2500186562538147,-0.032647066725616014,0.0027404576539993286,-0.1823505163192749,-0.02406153732371763,0.003356948494911194,-0.13588780164718628,-0.009005296020035303,-0.02975347638130188,-0.1958775818347931,-0.014440766511683023,-0.03134840726852417,-0.27015048265457153,-0.02559453339708284,-0.03200797736644745,-0.314475417137146,-0.023098870156530893,-0.029332369565963745,-0.3574894666671753,-0.016664962260250604
I,0.0,0.0,0.0,0.04614028334617615,-0.035849809646606445,-0.01983372208448486,0.07640361785888672,-0.10342332720756531,-0.03049693156751232,0.0774155855178833,-0.17887702584266663,-0.042787824690066145,0.04358774423599243,-0.2203899621963501,-0.048608493923865126,0.07768458127975464,-0.1799328327178955,-0.004277980819068716,0.08103746175765991,-0.24121493101119995,-0.032926623642168806,0.06969410181045532,-0.19209027290344238,-0.0443583847281559,0.06385171413421631,-0.15421512722969055,-0.04387693193527298,0.03973184525966644,-0.19445738196372986,-0.0027771950026078684,0.03968171775341034,-0.23862668871879578,-0.030340921997748183,0.03040514886379242,-0.15811285376548767,-0.03111401659222679,0.03105740249156952,-0.13159587979316711,-0.02219634403260784,0.005085185170173645,-0.20016765594482422,-0.006863039385251568,0.004390731453895569,-0.25665754079818726,-0.0323535920378788,0.0037103891372680664,-0.18661004304885864,-0.02183226396115856,0.0035766959190368652,-0.13933679461479187,-0.005037716056875752,-0.02988538146018982,-0.20061281323432922,-0.013248274035476015,-0.03246685862541199,-0.27486148476600647,-0.02377489854367809,-0.03262241184711456,-0.3184126913547516,-0.02026238006325798,-0.029014557600021362,-0.3611639142036438,-0.012870949625693129
I,0.0,0.0,0.0,0.04792514443397522,-0.04097658395767212,-0.016247018235162614,0.07703796029090881,-0.10810300707817078,-0.02499629277212989,0.07882778346538544,-0.18363454937934875,-0.03612797054870498,0.04790695011615753,-0.2234133780002594,-0.04149424749834907,0.07814241945743561,-0.1840449571609497,0.0015002411143996142,0.08078677952289581,-0.24355828762054443,-0.025143009605244515,0.06901292502880096,-0.19621816277503967,-0.03694480750186813,0.06339322030544281,-0.1564759612083435,-0.037218739273384926,0.04166345298290253,-0.19740638136863708,0.00186909304989058,0.04056894779205322,-0.24271884560585022,-0.022098041134313462,0.03152388334274292,-0.16307932138442993,-0.022611143993572114,0.03402252495288849,-0.13873380422592163,-0.01465554907395017,0.008286535739898682,-0.20217573642730713,-0.0031904119480259396,0.006146982312202454,-0.2559475302696228,-0.025909607293442605,0.005193442106246948,-0.18597924709320068,-0.015757833602265237,0.0047636479139328,-0.137661874294281,-0.00031121781853471475,-0.026511862874031067,-0.20160895586013794,-0.01033515296353471,-0.028137370944023132,-0.27697277069091797,-0.020120934578017113,-0.028899937868118286,-0.32181817293167114,-0.016955829220250962,-0.026719048619270325,-0.3655214160680771,-0.01042633037491214
I,0.0,0.0,0.0,0.047845616936683655,-0.040757179260253906,-0.01645365248450048,0.07683157920837402,-0.10856127738952637,-0.024478095425450874,0.07830066978931427,-0.18453574180603027,-0.03482341843672998,0.047185078263282776,-0.2240184247493744,-0.039307580171310974,0.07808426022529602,-0.18614548444747925,0.0028039321022390595,0.08025309443473816,-0.24522897601127625,-0.024591448558652473,0.06841087341308594,-0.19749635457992554,-0.0372136764509321,0.06250859797000885,-0.15744808316230774,-0.037677579401218964,0.04113304615020752,-0.1992231011390686,0.003388635273864793,0.039446040987968445,-0.24352073669433594,-0.022002269355738235,0.030410781502723694,-0.1633017659187317,-0.023809824912035538,0.03208053112030029,-0.13677728176116943,-0.016228363691055847,0.007277265191078186,-0.20377811789512634,-0.0015909382655934223,0.004601672291755676,-0.2569279074668884,-0.0258269802016855,0.0037649571895599365,-0.18689396977424622,-0.01701244044133432,0.0035426169633865356,-0.1387380063533783,-0.0018081059261874088,-0.027418434619903564,-0.20328563451766968,-0.008548118015909267,-0.028831318020820618,-0.2792741060256958,-0.018679222865188194,-0.029638171195983887,-0.32360073924064636,-0.015687218709075523,-0.027272939682006836,-0.3669942617416382,-0.008968773139798714
I,0.0,0.0,0.0,0.04937700927257538,-0.04391747713088989,-0.015698429901050304,0.0772780030965805,-0.1114974319934845,-0.02376401494805691,0.07930585741996765,-0.18782305717468262,-0.034490355063127254,0.048980504274368286,-0.2269609570503235,-0.0394982777125108,0.07885944843292236,-0.18833976984024048,0.00521961016963246,0.08122369647026062,-0.24720454216003418,-0.0211584202534425,0.06892797350883484,-0.20042794942855835,-0.03332982655231831,0.06246913969516754,-0.1581161618232727,-0.03342857654754994,0.04228958487510681,-0.20148992538452148,0.005842687323792006,0.04073023796081543,-0.24654629826545715,-0.018033052567290042,0.031184569001197815,-0.1657373607158661,-0.01965068537359116,0.03384646773338318,-0.14108148217201233,-0.012125971499727939,0.008934974670410156,-0.20567506551742554,0.0009662070605997997,0.006622374057769775,-0.2579420208930969,-0.021450218517230724,0.005311504006385803,-0.1869828701019287,-0.011930227052317832,0.004343196749687195,-0.13700392842292786,0.0033452240695339697,-0.025626808404922485,-0.20397061109542847,-0.005941815446959708,-0.02787262201309204,-0.2816416025161743,-0.015190037671374057,-0.029045164585113525,-0.32719628512859344,-0.011933075036751006,-0.02731335163116455,-0.37133634090423584,-0.00519670988981602
I,0.0,0.0,0.0,0.05054476857185364,-0.042043089866638184,-0.014950885143548476,0.07982054352760315,-0.11103704571723938,-0.0213033870649042,0.07734212279319763,-0.18674886226654053,-0.029751252089113223,0.046744704246520996,-0.22670528292655945,-0.03244298853394412,0.07927879691123962,-0.1856742799282074,0.002229623557582272,0.08095398545265198,-0.24859634041786194,-0.024427914698094355,0.06812398135662079,-0.19760507345199585,-0.03683461033222102,0.06193959712982178,-0.15672361850738525,-0.037484643686980235,0.0419524610042572,-0.19911828637123108,0.0023564748145190606,0.03909213840961456,-0.24710309505462646,-0.025502964560359942,0.031020015478134155,-0.16677075624465942,-0.030274616260498988,0.03166364133358002,-0.13374894857406616,-0.024142790291875826,0.007435157895088196,-0.20314010977745056,-0.0023382529005857577,0.004188805818557739,-0.2585969865322113,-0.028160478625864016,0.00426173210144043,-0.1861317753791809,-0.02135044679459952,0.004438862204551697,-0.13655206561088562,-0.006784560796290862,-0.027539923787117004,-0.20189645886421204,-0.008488146294325816,-0.029099240899086,-0.278889924287796,-0.019059804905623423,-0.030729055404663086,-0.3227856457233429,-0.016455119181841837,-0.029947295784950256,-0.36814185976982117,-0.009733851705163943
I,0.0,0.0,0.0,0.051249876618385315,-0.042936861515045166,-0.01460402781728476,0.08027061820030212,-0.11272597312927246,-0.02168277601364821,0.08121547102928162,-0.19075244665145874,-0.03160200404587954,0.04907190799713135,-0.22935163974761963,-0.03631201895538538,0.07922998070716858,-0.18779408931732178,0.005063564082348648,0.0827818214893341,-0.24971932172775269,-0.02094170215193003,0.07025301456451416,-0.20188844203948975,-0.033165024096405205,0.06361392140388489,-0.15979647636413574,-0.03360118853512972,0.04254135489463806,-0.20135816931724548,0.0046688001916948,0.04165060818195343,-0.2497081160545349,-0.020939215520655807,0.03279252350330353,-0.16872304677963257,-0.024273100743329223,0.03401161730289459,-0.13875362277030945,-0.01748772288325995,0.008845984935760498,-0.20530983805656433,-0.0008632689400371873,0.007014170289039612,-0.2593688368797302,-0.02477502586904734,0.006992906332015991,-0.1865604817867279,-0.0169352530187723,0.006116315722465515,-0.13528123497962952,-0.0022361494752374256,-0.026022210717201233,-0.2034749984741211,-0.008126201542353328,-0.02786073088645935,-0.2811986804008484,-0.017865376049911674,-0.028327926993370056,-0.32666632533073425,-0.015071860948836502,-0.026975318789482117,-0.3716837763786316,-0.00863048850212067
I,0.0,0.0,0.0,0.0530097633600235,-0.03988128900527954,-0.01819949861263126,0.08391158282756805,-0.11261606216430664,-0.026079320196259914,0.08185361325740814,-0.19433331489562988,-0.035794828865874706,0.04749114811420441,-0.2352074384689331,-0.039187469367135463,0.08133681118488312,-0.1883872151374817,0.0034477265214434283,0.08577467501163483,-0.2544417083263397,-0.021473700959433017,0.07220883667469025,-0.20334070920944214,-0.03244113254939407,0.0647801011800766,-0.16241812705993652,-0.0323536292055735,0.04428061842918396,-0.20378053188323975,0.005278435222606959,0.04366008937358856,-0.2550123333930969,-0.018438388440955578,0.03387618064880371,-0.17379099130630493,-0.020728326250065265,0.034490808844566345,-0.1464984118938446,-0.01364058334027618,0.009925633668899536,-0.20871150493621826,0.0017363280419147031,0.008451178669929504,-0.26932603120803833,-0.01985139850174278,0.007450670003890991,-0.19946324825286865,-0.010703011263359485,0.005561396479606628,-0.14987096190452576,0.004158639967243971,-0.025450170040130615,-0.2083989679813385,-0.0039668915199229104,-0.02771925926208496,-0.28620675206184387,-0.011686912585247455,-0.02780720591545105,-0.33053550124168396,-0.007946274090755878,-0.025719478726387024,-0.3739866465330124,-0.001133295554865299
I,0.0,0.0,0.0,0.052959322929382324,-0.04440763592720032,-0.015838839947406314,0.08371397852897644,-0.11513298749923706,-0.023977662339035533,0.08485645055770874,-0.1956101953983307,-0.0345185407392421,0.05233167111873627,-0.23664015531539917,-0.03947260314149048,0.08124950528144836,-0.1910935342311859,0.0009686915830968701,0.08720651268959045,-0.2553408443927765,-0.025011499314729235,0.07435113191604614,-0.20592385530471802,-0.036124017923299334,0.06740535795688629,-0.16464278101921082,-0.03576184520048287,0.04479503631591797,-0.2064315676689148,0.001392617453660705,0.046835049986839294,-0.2566069960594177,-0.021237517609421275,0.0359574556350708,-0.17422926425933838,-0.022376063182178996,0.03775964677333832,-0.15198510885238647,-0.015350381746117137,0.011971741914749146,-0.21143388748168945,-0.0031081329986193396,0.01283147931098938,-0.26787835359573364,-0.024405225082460902,0.01040571928024292,-0.1945948302745819,-0.01462148958367493,0.0076101720333099365,-0.1457514464855194,6.646265259746542e-05,-0.022494658827781677,-0.21081304550170898,-0.009447004548434279,-0.02461668848991394,-0.29157087206840515,-0.017088684155766032,-0.02495269477367401,-0.33614714443683624,-0.012468769117418788,-0.023450851440429688,-0.38031917810440063,-0.005349989882830641
I,0.0,0.0,0.0,0.053239017724990845,-0.04618781805038452,-0.01407496282502052,0.08345824480056763,-0.11760497093200684,-0.021588699199696748,0.08525434136390686,-0.19949784874916077,-0.03203181666924593,0.05191415548324585,-0.24134773015975952,-0.03726019827320215,0.08081024885177612,-0.19140306115150452,0.0037603203612661673,0.08866006135940552,-0.25792574882507324,-0.021531540208002298,0.07518947124481201,-0.21116232872009277,-0.03245725599720117,0.06665907800197601,-0.16816818714141846,-0.03174256650402185,0.04461658000946045,-0.20710250735282898,0.0037055483493304564,0.04686509072780609,-0.2589140832424164,-0.018018582143326967,0.03545217216014862,-0.17798671126365662,-0.019331150927087037,0.037923336029052734,-0.1554892361164093,-0.012326829374273984,0.012232303619384766,-0.21259301900863647,-0.0011121935737037347,0.013248533010482788,-0.27113187313079834,-0.020533821784397333,0.010173752903938293,-0.19771131873130798,-0.010150767170330255,0.0071251243352890015,-0.14686691761016846,0.004696660901913674,-0.022828906774520874,-0.21271389722824097,-0.007779645041068761,-0.024335592985153198,-0.2934649586677551,-0.013966150820692746,-0.02355971932411194,-0.33875608444213867,-0.008777263813158243,-0.020373761653900146,-0.3830164819955826,-0.0013817066852652715
I,0.0,0.0,0.0,0.05280473828315735,-0.0407293438911438,-0.014740622369004086,0.08438190817832947,-0.11481696367263794,-0.02099325018878062,0.08604323863983154,-0.19467422366142273,-0.02965053613240798,0.051134973764419556,-0.23414546251296997,-0.03267542901392062,0.08160722255706787,-0.1903943419456482,0.0020941738044939484,0.08854889869689941,-0.25618618726730347,-0.02310581761355479,0.07364809513092041,-0.20389753580093384,-0.03471030550952037,0.06580071151256561,-0.16421428322792053,-0.035241461125565365,0.04585590958595276,-0.20506718754768372,0.001556926058242425,0.0478348433971405,-0.2566460967063904,-0.02273968304450591,0.03747504949569702,-0.17530736327171326,-0.026251618516994313,0.038777709007263184,-0.14951026439666748,-0.020575747591806248,0.012302443385124207,-0.21024104952812195,-0.00365731585714002,0.012550309300422668,-0.2693447768688202,-0.02570940437669833,0.010345980525016785,-0.19362694025039673,-0.017621346515966252,0.008624076843261719,-0.1430981159210205,-0.003764683612985209,-0.02271077036857605,-0.21158510446548462,-0.01057768962289174,-0.02362990379333496,-0.29108646512031555,-0.01763248885924895,-0.022652819752693176,-0.3353903442621231,-0.013299557146979168,-0.019140005111694336,-0.38145120441913605,-0.0066503931296892915
I,0.0,0.0,0.0,0.05402420461177826,-0.041406452655792236,-0.01836837195421026,0.08472724258899689,-0.11485117673873901,-0.029187903931386927,0.08762083947658539,-0.1961786448955536,-0.042218669509537676,0.053229957818984985,-0.23852625489234924,-0.04927787855828569,0.0848018079996109,-0.19398880004882812,-0.0039955863785223755,0.0923016220331192,-0.25785505771636963,-0.029995848616607645,0.07753179967403412,-0.2061697244644165,-0.0397357896026449,0.0702114850282669,-0.16403701901435852,-0.03913655803168581,0.04899771511554718,-0.2092999517917633,-0.003461884992219666,0.05205826461315155,-0.25820618867874146,-0.023359851172216395,0.03866627812385559,-0.1751163899898529,-0.019879075890429476,0.04342694580554962,-0.16188111901283264,-0.011186110047646025,0.015931621193885803,-0.21402153372764587,-0.008382558083184222,0.017299726605415344,-0.2717774510383606,-0.027606832986720065,0.013211846351623535,-0.19693362712860107,-0.013862782349832514,0.011035040020942688,-0.1485908031463623,0.0018174840779749957,-0.019586846232414246,-0.21367523074150085,-0.015768378233559588,-0.021052733063697815,-0.2938905358314514,-0.02367775440777109,-0.019877642393112183,-0.33992740511894226,-0.018841118743665675,-0.016251012682914734,-0.3859446197748184,-0.012513252167053679
I,0.0,0.0,0.0,0.05347728729248047,-0.04051029682159424,-0.022080065471357102,0.0848744809627533,-0.11151593923568726,-0.03531026819092631,0.08755823969841003,-0.19317570328712463,-0.050314627376621957,0.053400129079818726,-0.23808521032333374,-0.05890059450013041,0.08597409725189209,-0.195387601852417,-0.006661358078247304,0.09337741136550903,-0.258235365152359,-0.033874954817122216,0.07871180772781372,-0.204288512468338,-0.04378679001075625,0.0716608464717865,-0.16260439157485962,-0.042838066605156655,0.04903450608253479,-0.2110394835472107,-0.005008058876967425,0.052994951605796814,-0.2581319808959961,-0.02669673019391894,0.03989012539386749,-0.1740553081035614,-0.023915938821858163,0.04393896460533142,-0.1604251265525818,-0.015219151762551064,0.015318289399147034,-0.21658101677894592,-0.009176404935544724,0.01687641441822052,-0.27394092082977295,-0.030242053580707307,0.014041692018508911,-0.19870996475219727,-0.0179973764095962,0.012248486280441284,-0.1509900689125061,-0.0027829807002603957,-0.020079582929611206,-0.2172008454799652,-0.016044113573855157,-0.02055196464061737,-0.2957608699798584,-0.023567281452244515,-0.019258975982666016,-0.3412231504917145,-0.018846558195775742,-0.016208142042160034,-0.3874305188655853,-0.012601331596499676
I,0.0,0.0,0.0,0.051445767283439636,-0.03595387935638428,-0.02459338285211743,0.08341220021247864,-0.10597366094589233,-0.03862306267205895,0.08501514792442322,-0.18560755252838135,-0.05401184201423348,0.05333666503429413,-0.232334166765213,-0.0627531500178975,0.0866183340549469,-0.19321247935295105,-0.01032373752627791,0.09434211254119873,-0.25730448961257935,-0.039114476891199956,0.0793779194355011,-0.20147275924682617,-0.04925012380067528,0.07293996214866638,-0.1611933708190918,-0.04797654763046921,0.048504069447517395,-0.2083890438079834,-0.00858922373686255,0.052118778228759766,-0.25453680753707886,-0.03542521014992417,0.04055076837539673,-0.17123347520828247,-0.03506275057975472,0.04200515151023865,-0.14989477396011353,-0.02626107052151383,0.013569265604019165,-0.2145148515701294,-0.012770070472697626,0.014176487922668457,-0.2742292881011963,-0.0382300817984742,0.013480886816978455,-0.19884458184242249,-0.02873809985999287,0.012843996286392212,-0.1512203812599182,-0.013619489746133695,-0.021836429834365845,-0.21575331687927246,-0.019600420968572507,-0.02251604199409485,-0.29329946637153625,-0.02855962306443871,-0.0211641788482666,-0.33827951550483704,-0.024777425231377492,-0.01832476258277893,-0.38637302815914154,-0.018490096332470785
I,0.0,0.0,0.0,0.05116744339466095,-0.0285719633102417,-0.022682147644729866,0.0860302597284317,-0.09909355640411377,-0.03515060300406958,0.08450989425182343,-0.17659756541252136,-0.04946794787821318,0.051970258355140686,-0.2264484167098999,-0.05785461942133452,0.08661843836307526,-0.17913469672203064,-0.01071074845668818,0.09501414000988007,-0.24604880809783936,-0.040518176354737534,0.08057709038257599,-0.18930983543395996,-0.05218510756668593,0.07386098802089691,-0.14963659644126892,-0.05234887505349661,0.04723237454891205,-0.1934128999710083,-0.011552877337010159,0.05132494866847992,-0.24389752745628357,-0.04870799610790755,0.04043258726596832,-0.15865486860275269,-0.05673776621398474,0.03656470775604248,-0.11662167310714722,-0.050640155174107804,0.011087566614151001,-0.20231357216835022,-0.017337671093912377,0.012237295508384705,-0.2652071714401245,-0.05003896782574202,0.013346478343009949,-0.19211122393608093,-0.046670541711421265,0.013424083590507507,-0.14174774289131165,-0.03281179497417952,-0.02388329803943634,-0.2075825035572052,-0.025074996598334565,-0.023276612162590027,-0.2836569845676422,-0.03743918294486548,-0.021540388464927673,-0.3287607729434967,-0.03622024560746695,-0.019458487629890442,-0.3778461217880249,-0.030778579958052887
I,0.0,0.0,0.0,0.05029866099357605,-0.02689647674560547,-0.026911968912344264,0.08418047428131104,-0.09572094678878784,-0.04053184444771318,0.08426937460899353,-0.17404744029045105,-0.05495704765186815,0.054290324449539185,-0.22217833995819092,-0.06311162615881472,0.08701232075691223,-0.18164488673210144,-0.009617187629800128,0.09397223591804504,-0.24551451206207275,-0.038127564440827655,0.08010119199752808,-0.1949625313282013,-0.0491353465126565,0.0727960467338562,-0.1544298529624939,-0.04854666496382265,0.0481032133102417,-0.19700881838798523,-0.0073472332091739645,0.04940590262413025,-0.2438184916973114,-0.04240146334038286,0.03880481421947479,-0.16228187084197998,-0.04910715351567774,0.03442256152629852,-0.12182700634002686,-0.04181132147775202,0.012414544820785522,-0.20535922050476074,-0.010733234311800288,0.01267881691455841,-0.26826006174087524,-0.04155010039673357,0.014442205429077148,-0.20058929920196533,-0.03834590370522051,0.013929948210716248,-0.1526128351688385,-0.024738414760093974,-0.022227108478546143,-0.20863428711891174,-0.016506953711967753,-0.023241832852363586,-0.2845858037471771,-0.02771132121549158,-0.021878451108932495,-0.3305460214614868,-0.02658703791664152,-0.019994214177131653,-0.3788193166255951,-0.020978862966757106
I,0.0,0.0,0.0,0.0509403795003891,-0.02594822645187378,-0.0266657171564475,0.08610104024410248,-0.09417665004730225,-0.0403362603651658,0.08583997189998627,-0.1721566617488861,-0.05473185496202859,0.05433715879917145,-0.21905875205993652,-0.06287199051848802,0.08684973418712616,-0.1809462010860443,-0.01032351402363929,0.0943218320608139,-0.24428367614746094,-0.03913786055318269,0.08047972619533539,-0.19128328561782837,-0.05021780149809274,0.07358573377132416,-0.15085530281066895,-0.049717990474619,0.04817710816860199,-0.19564521312713623,-0.008146769160248368,0.051168665289878845,-0.24198028445243835,-0.04352328346840295,0.04044419527053833,-0.15921726822853088,-0.049909414516605466,0.03552532196044922,-0.11851060390472412,-0.04230388419500741,0.012224271893501282,-0.20323964953422546,-0.011545227633632749,0.012754946947097778,-0.2660706043243408,-0.04245205389133844,0.014451876282691956,-0.1976434290409088,-0.03867060111633691,0.013790532946586609,-0.14986282587051392,-0.02455937282911691,-0.02275705337524414,-0.20609527826309204,-0.01731106059423837,-0.023697197437286377,-0.28276246786117554,-0.028674099387444585,-0.022471949458122253,-0.32873058319091797,-0.027345075996436208,-0.02089458703994751,-0.37769538164138794,-0.021490745039500325
I,0.0,0.0,0.0,0.05149662494659424,-0.026001691818237305,-0.025949810984144506,0.08602163195610046,-0.09292763471603394,-0.03918006399513274,0.08522900938987732,-0.16914987564086914,-0.05311739573122054,0.05515778064727783,-0.21574336290359497,-0.06092308962584525,0.08645769953727722,-0.17827409505844116,-0.012350345382998285,0.09414711594581604,-0.2415122091770172,-0.041395654323110875,0.07991907000541687,-0.18777897953987122,-0.052679409625540075,0.0724211037158966,-0.14711785316467285,-0.05238878482819587,0.047719806432724,-0.193305104970932,-0.01043598575384408,0.05001842975616455,-0.23697787523269653,-0.046090470048198995,0.039184898138046265,-0.15563303232192993,-0.0531017569625476,0.034126847982406616,-0.11483919620513916,-0.04640389734746009,0.011627689003944397,-0.20139965415000916,-0.013850915598283109,0.012254372239112854,-0.2624979317188263,-0.045122647079239186,0.01351436972618103,-0.19508197903633118,-0.0422687282586196,0.01280568540096283,-0.14776062965393066,-0.029026412757644948,-0.02321512997150421,-0.20493343472480774,-0.019451237636218366,-0.02418416738510132,-0.28182369470596313,-0.03146490955592185,-0.02331314980983734,-0.3282538652420044,-0.03079274797678977,-0.021923214197158813,-0.3768612742424011,-0.02545836696268111
I,0.0,0.0,0.0,0.05088549852371216,-0.02546989917755127,-0.02535075555275057,0.0858144760131836,-0.09370923042297363,-0.0383579605324087,0.08582976460456848,-0.17006748914718628,-0.05219920213053797,0.05551311373710632,-0.21607697010040283,-0.06006897474358652,0.08611470460891724,-0.17846950888633728,-0.011873795191746694,0.09304571151733398,-0.24129325151443481,-0.04039185355136965,0.07947877049446106,-0.18931341171264648,-0.05117826769779299,0.0721006989479065,-0.14816385507583618,-0.05048544938395594,0.04752761125564575,-0.19321465492248535,-0.009981978225511057,0.04928988218307495,-0.2361406683921814,-0.04493124643991564,0.03877440094947815,-0.15395092964172363,-0.0511191473407564,0.03397947549819946,-0.11263197660446167,-0.0437748194737253,0.011756017804145813,-0.2013123333454132,-0.013356520335179312,0.012083396315574646,-0.262803316116333,-0.043885162572365743,0.01339171826839447,-0.1954609453678131,-0.04029913480113123,0.012571856379508972,-0.14767789840698242,-0.026603440294962866,-0.023049116134643555,-0.20483648777008057,-0.018920861656766874,-0.02397651970386505,-0.2825545072555542,-0.030630408327084524,-0.02322535216808319,-0.3293550908565521,-0.029664958368044836,-0.022056296467781067,-0.3777926564216614,-0.024063235620957357
I,0.0,0.0,0.0,0.049890294671058655,-0.02552729845046997,-0.024135072376793687,0.08386324346065521,-0.0935245156288147,-0.03675244062787897,0.08486391603946686,-0.1687467098236084,-0.050524812784260575,0.05594567954540253,-0.2150934338569641,-0.05848165288216478,0.08517871797084808,-0.17718732357025146,-0.010767048817342584,0.09357906877994537,-0.24112796783447266,-0.03916144057757265,0.08006052672863007,-0.19050773978233337,-0.05007567688471681,0.07230646908283234,-0.14862346649169922,-0.04943195044643289,0.047288671135902405,-0.19201919436454773,-0.009340001862710778,0.05031876266002655,-0.23499822616577148,-0.04387080728656656,0.039246007800102234,-0.15350240468978882,-0.04990747630245096,0.03400443494319916,-0.11162233352661133,-0.04254426121360666,0.011761382222175598,-0.20018848776817322,-0.013128191825217073,0.01287032663822174,-0.26143187284469604,-0.043035675432747666,0.013553738594055176,-0.19419893622398376,-0.03889999970442659,0.012257397174835205,-0.14611458778381348,-0.024999714117711846,-0.022944241762161255,-0.20369330048561096,-0.019091904755896394,-0.02396714687347412,-0.2809607982635498,-0.030558907088106935,-0.02342963218688965,-0.32817041873931885,-0.029271845367020433,-0.02225366234779358,-0.37716856598854065,-0.02350565477854616
I,0.0,0.0,0.0,0.049562737345695496,-0.02956467866897583,-0.023405633391035963,0.08266966044902802,-0.0960647463798523,-0.03702023764063256,0.08416874706745148,-0.17096710205078125,-0.052017962084306646,0.0565824955701828,-0.21724718809127808,-0.06137503449727433,0.08512566983699799,-0.1798834204673767,-0.010848984577847887,0.0937221497297287,-0.24292299151420593,-0.039862593160165716,0.0813407152891159,-0.19562917947769165,-0.05159571533013718,0.07267890870571136,-0.15294170379638672,-0.05113338445235627,0.04692216217517853,-0.19474631547927856,-0.009404815257681776,0.05096755921840668,-0.23640578985214233,-0.041837879912151266,0.0401865690946579,-0.15457236766815186,-0.046616790340436864,0.03592671453952789,-0.11614197492599487,-0.03904112939645188,0.01198016107082367,-0.20305359363555908,-0.013190803573621679,0.013821735978126526,-0.2632131576538086,-0.04068406064916985,0.0145464688539505,-0.19603687524795532,-0.03517399494458573,0.01267482340335846,-0.14771467447280884,-0.021195105732573438,-0.022601813077926636,-0.2058003544807434,-0.019298089192403722,-0.023779049515724182,-0.28447282314300537,-0.029518782616747785,-0.02332998812198639,-0.33219683170318604,-0.02747314748276608,-0.02207086980342865,-0.38024747371673584,-0.02144524780024426
