K with wrist,0.0,0.0,0.0,-0.03395622968673706,-0.03303098678588867,-0.04367863359675539,-0.03489404916763306,-0.09269630908966064,-0.06344752731547487,0.001681506633758545,-0.14222705364227295,-0.07748136642203463,0.026224195957183838,-0.18989604711532593,-0.0879615617059244,-0.028377771377563477,-0.1674051284790039,-0.053005080398179416,-0.03143775463104248,-0.2451878786087036,-0.08751151683554781,-0.030189335346221924,-0.30288732051849365,-0.10724073621258867,-0.02751755714416504,-0.35578298568725586,-0.1180409711860193,0.017593741416931152,-0.16729480028152466,-0.0459393371902479,0.04190170764923096,-0.2537863850593567,-0.08097525658831728,0.06055247783660889,-0.3197243809700012,-0.09507810297236574,0.07794731855392456,-0.37266165018081665,-0.0991297883056177,0.052954792976379395,-0.1447380781173706,-0.04263175624237192,0.07255500555038452,-0.1389492154121399,-0.08509732755646837,0.04661846160888672,-0.08227407932281494,-0.08253708454594744,0.026183605194091797,-0.04173266887664795,-0.06685998263583315,0.07952213287353516,-0.10772675275802612,-0.042810152944184665,0.09305799007415771,-0.09920096397399902,-0.07571057948098314,0.07092553377151489,-0.06141531467437744,-0.0720471215508951,0.05101144313812256,-0.03574872016906738,-0.059584673222161655
K with wrist,0.0,0.0,0.0,-0.03929847478866577,-0.03882038593292236,-0.038838262893136744,-0.041643500328063965,-0.11174100637435913,-0.05259376320975662,-0.007508754730224609,-0.17018628120422363,-0.06111244786518455,0.01420605182647705,-0.216913104057312,-0.06694935563939453,-0.038171470165252686,-0.18608760833740234,-0.03762405667441726,-0.044446349143981934,-0.27541619539260864,-0.0589986212922895,-0.04498755931854248,-0.33298206329345703,-0.07017236504691482,-0.04421865940093994,-0.3843955993652344,-0.07563922110932708,0.005260050296783447,-0.18375742435455322,-0.031774024702485804,0.026193559169769287,-0.2726696729660034,-0.05390712548035026,0.04506993293762207,-0.33374881744384766,-0.06338817182916046,0.06165897846221924,-0.38426876068115234,-0.06412633065122009,0.03963208198547363,-0.15788501501083374,-0.029599719904240374,0.061165571212768555,-0.17028117179870605,-0.06713986698525787,0.04323279857635498,-0.10887348651885986,-0.06838500056403518,0.02914738655090332,-0.0661846399307251,-0.055217745937284235,0.06522893905639648,-0.12111788988113403,-0.0297271788491571,0.07865792512893677,-0.12872648239135742,-0.06353568587439895,0.061215996742248535,-0.08255881071090698,-0.06131712649005294,0.0466533899307251,-0.04816323518753052,-0.048970773108180765
K with wrist,0.0,0.0,0.0,-0.04045462608337402,-0.048368215560913086,-0.032355382203093086,-0.04244434833526611,-0.12842869758605957,-0.04413726842307142,-0.005811035633087158,-0.19126898050308228,-0.052886593251457725,0.017700016498565674,-0.2383844256401062,-0.059099345563879524,-0.04042315483093262,-0.19906342029571533,-0.026716527624955688,-0.04822731018066406,-0.28862065076828003,-0.046008414684763466,-0.049707889556884766,-0.34706437587738037,-0.05656612580918363,-0.049468815326690674,-0.39831411838531494,-0.06198491817616514,0.0030382871627807617,-0.1965060830116272,-0.024262153639426742,0.019876956939697266,-0.2919480800628662,-0.04668937912487081,0.035880863666534424,-0.354769229888916,-0.05827176487349561,0.051319122314453125,-0.40655046701431274,-0.060587464927664314,0.03983885049819946,-0.1699773669242859,-0.02507232418560079,0.057293713092803955,-0.19962549209594727,-0.06195409884952596,0.03789287805557251,-0.13901865482330322,-0.06299052303933195,0.02376103401184082,-0.09400087594985962,-0.0498116380562692,0.06894040107727051,-0.1332772970199585,-0.027735673918357406,0.07958656549453735,-0.15809237957000732,-0.05860593458913854,0.06251108646392822,-0.11597007513046265,-0.05438255062603048,0.049941956996917725,-0.08120280504226685,-0.041118408649197136
K with wrist,0.0,0.0,0.0,-0.04053765535354614,-0.056386470794677734,-0.03056178005357424,-0.04285973310470581,-0.14108717441558838,-0.04133154960294405,-0.008430540561676025,-0.20842772722244263,-0.050399040299851094,0.01157909631729126,-0.2597917914390564,-0.05634345622678438,-0.04163259267807007,-0.2100115418434143,-0.018641510474878942,-0.05108964443206787,-0.30089861154556274,-0.03856268661041895,-0.054877400398254395,-0.36001962423324585,-0.04930843176265398,-0.055786311626434326,-0.4121144711971283,-0.05470363186617533,0.0019015073776245117,-0.20650428533554077,-0.01723593795617262,0.01678544282913208,-0.3057745695114136,-0.04237762974520365,0.02963155508041382,-0.3697966933250427,-0.05583570288439432,0.0440065860748291,-0.42524242401123047,-0.05949989842196146,0.03959757089614868,-0.1793244481086731,-0.019494655969936048,0.05584120750427246,-0.21837526559829712,-0.05781106041689554,0.03471893072128296,-0.15761971473693848,-0.05791980164070765,0.020808637142181396,-0.1115604043006897,-0.043778297919232045,0.06993860006332397,-0.14202046394348145,-0.023775988686281835,0.08095955848693848,-0.1767411231994629,-0.05309575559516588,0.06301653385162354,-0.1390262246131897,-0.04778810353894869,0.049994468688964844,-0.10712271928787231,-0.03413652019520441
K with wrist,0.0,0.0,0.0,-0.03827577829360962,-0.06236082315444946,-0.029816091426539515,-0.04177379608154297,-0.1485636830329895,-0.041687477745938395,-0.008799493312835693,-0.21637380123138428,-0.05219684577815542,0.013077795505523682,-0.2679867148399353,-0.05943040958874235,-0.04242348670959473,-0.21274971961975098,-0.018883999802994822,-0.053578078746795654,-0.3054581880569458,-0.04046227447025785,-0.059118032455444336,-0.3660261034965515,-0.05232109538548002,-0.06100255250930786,-0.41888606548309326,-0.058421068259406184,-0.00014507770538330078,-0.20990097522735596,-0.018173829086947535,0.014138340950012207,-0.311534583568573,-0.04583102873795042,0.026113688945770264,-0.3772934079170227,-0.060470540442395304,0.0404621958732605,-0.43513840436935425,-0.06494541502826223,0.037818968296051025,-0.18473577499389648,-0.021024527394104098,0.05427342653274536,-0.22542673349380493,-0.06026307530038366,0.03216218948364258,-0.16543012857437134,-0.059907190867591,0.0175514817237854,-0.1198771595954895,-0.045495584973025416,0.06820720434188843,-0.1494629979133606,-0.02601116746001253,0.07807296514511108,-0.1869714856147766,-0.0545428808712245,0.060137808322906494,-0.15052193403244019,-0.048641197749304865,0.047137558460235596,-0.11966454982757568,-0.03492094240419874
K with wrist,0.0,0.0,0.0,-0.03583383560180664,-0.057550013065338135,-0.03160375594643483,-0.041934311389923096,-0.14159166812896729,-0.0444350266411675,-0.0117570161819458,-0.211581289768219,-0.05545376106647382,0.008992254734039307,-0.2660108208656311,-0.062949991370715,-0.043343961238861084,-0.21333134174346924,-0.02046421035674939,-0.05518472194671631,-0.305586040019989,-0.04243090241698155,-0.06203806400299072,-0.3647918701171875,-0.05408928036240468,-0.06527531147003174,-0.4158850610256195,-0.05991306766418347,-0.0015859007835388184,-0.2107630968093872,-0.019315116624511575,0.013437032699584961,-0.3097277283668518,-0.04850012674478421,0.023887276649475098,-0.3723141849040985,-0.06382346018699536,0.03565835952758789,-0.4280511736869812,-0.06846818193344006,0.03589022159576416,-0.18572211265563965,-0.02176186494079957,0.052512943744659424,-0.22343289852142334,-0.06270834669021497,0.032631516456604004,-0.16197949647903442,-0.06269279732850919,0.019386589527130127,-0.11819863319396973,-0.04843042656329999,0.06562745571136475,-0.14992153644561768,-0.026324330414809083,0.0758468508720398,-0.18427681922912598,-0.05590257659105191,0.05982178449630737,-0.14553022384643555,-0.04987184196261296,0.04797637462615967,-0.11555910110473633,-0.03599460660961995
K with wrist,0.0,0.0,0.0,-0.03574490547180176,-0.05763125419616699,-0.02971445550434737,-0.04290801286697388,-0.1405382752418518,-0.04068162446134238,-0.014911949634552002,-0.2122994065284729,-0.050376901079346226,0.001883387565612793,-0.2685725688934326,-0.056789835591246174,-0.047699153423309326,-0.21104270219802856,-0.015599927541245506,-0.059822022914886475,-0.3014180064201355,-0.03562664767019896,-0.06641608476638794,-0.3594253659248352,-0.04631275092475562,-0.07017260789871216,-0.40953487157821655,-0.05152406697385459,-0.00586467981338501,-0.20896899700164795,-0.015237840500105904,0.008014678955078125,-0.3089416027069092,-0.042279185403515385,0.018138885498046875,-0.3714061975479126,-0.05699704741351752,0.028438091278076172,-0.42649054527282715,-0.061279305864502476,0.03161805868148804,-0.18401426076889038,-0.01859685746245532,0.046893537044525146,-0.22405511140823364,-0.058969976056744144,0.029835164546966553,-0.16118568181991577,-0.05953858574144988,0.017580389976501465,-0.11648309230804443,-0.04554851879589705,0.061648666858673096,-0.14859795570373535,-0.023795071665574596,0.07200771570205688,-0.185808002948761,-0.052440059978891895,0.057183027267456055,-0.14675205945968628,-0.04604090531580596,0.045274972915649414,-0.11643350124359131,-0.03210580502860694
K with wrist,0.0,0.0,0.0,-0.03657341003417969,-0.058060288429260254,-0.027069462773283703,-0.044171035289764404,-0.13906145095825195,-0.037173455891093,-0.01679074764251709,-0.20823431015014648,-0.04667009257980226,9.22083854675293e-05,-0.2614406943321228,-0.053117620137413724,-0.05014193058013916,-0.21047908067703247,-0.014453983244379742,-0.06266957521438599,-0.30081480741500854,-0.03389174335904954,-0.07015305757522583,-0.3586958646774292,-0.04477258988924859,-0.07486128807067871,-0.4081875681877136,-0.050648941037138684,-0.008634388446807861,-0.20874452590942383,-0.01571242914803861,0.003639519214630127,-0.30871349573135376,-0.04264450663038133,0.013250410556793213,-0.3713234066963196,-0.05859163248248933,0.0236625075340271,-0.4266098439693451,-0.0644198454291427,0.028696835041046143,-0.18371444940567017,-0.020278865781506283,0.04348611831665039,-0.22426247596740723,-0.05953978964396356,0.02769637107849121,-0.1634845733642578,-0.06046220877476571,0.01661735773086548,-0.11956357955932617,-0.04758288556047319,0.05835127830505371,-0.14781135320663452,-0.026559232112845166,0.0686715841293335,-0.18818700313568115,-0.054082410720070584,0.05571329593658447,-0.1504853367805481,-0.047452031013449414,0.045001327991485596,-0.12015271186828613,-0.03406571441598771
K with wrist,0.0,0.0,0.0,-0.03821510076522827,-0.0559391975402832,-0.02781291041287659,-0.047429442405700684,-0.1358739137649536,-0.03866266194495438,-0.020084679126739502,-0.20467299222946167,-0.04894749182972191,-0.0011473894119262695,-0.25817692279815674,-0.05635222900423287,-0.05322307348251343,-0.21120935678482056,-0.014726613794891819,-0.06589645147323608,-0.2995460033416748,-0.03522832426938294,-0.07362645864486694,-0.35711580514907837,-0.047542558198301776,-0.07832801342010498,-0.40639591217041016,-0.05481121051820992,-0.011529803276062012,-0.21016061305999756,-0.0164208646467614,-0.00029152631759643555,-0.30770400166511536,-0.04430928934129952,0.00928807258605957,-0.3691572844982147,-0.06171561512860535,0.019881606101989746,-0.4247203469276428,-0.06891059610757111,0.02586519718170166,-0.18578708171844482,-0.021581095789997562,0.04012852907180786,-0.22581332921981812,-0.06145287412914513,0.024712085723876953,-0.1638314127922058,-0.06293681744250534,0.013668239116668701,-0.12086838483810425,-0.05088972780617951,0.05599480867385864,-0.14942920207977295,-0.028569814895718082,0.06468462944030762,-0.18930482864379883,-0.056513008808224185,0.05208742618560791,-0.14971107244491577,-0.05022456232222794,0.041677653789520264,-0.11937528848648071,-0.037424848561613544
K with wrist,0.0,0.0,0.0,-0.03818291425704956,-0.05521035194396973,-0.027301222137907644,-0.04818660020828247,-0.13465207815170288,-0.03860961092243542,-0.022153496742248535,-0.20254570245742798,-0.04953656164536824,-0.0019903182983398438,-0.2539812922477722,-0.05777670634518017,-0.05457550287246704,-0.20593106746673584,-0.01550538656840672,-0.06880402565002441,-0.29358965158462524,-0.036928379960158964,-0.07775074243545532,-0.3517325222492218,-0.04959500772486081,-0.08317315578460693,-0.40169206261634827,-0.05695915041098942,-0.013775110244750977,-0.20654171705245972,-0.017574466816881795,-0.004137694835662842,-0.3045855164527893,-0.04606893105039944,0.00494462251663208,-0.3655513525009155,-0.0633390863014256,0.01529693603515625,-0.4212631285190582,-0.07045678985844006,0.02340465784072876,-0.18521541357040405,-0.02301550102959027,0.03984880447387695,-0.22560662031173706,-0.06290555936823239,0.024644553661346436,-0.16506290435791016,-0.06439034832249035,0.01285475492477417,-0.12252837419509888,-0.05258697462807049,0.05350637435913086,-0.15184473991394043,-0.030274508572915693,0.0631987452507019,-0.19105291366577148,-0.057627020455697675,0.051845014095306396,-0.15210974216461182,-0.051104107923606534,0.041715145111083984,-0.12218880653381348,-0.03845908684263577
K with wrist,0.0,0.0,0.0,-0.03924340009689331,-0.05375868082046509,-0.027349230029301452,-0.05014926195144653,-0.13180512189865112,-0.0382891857406662,-0.025588810443878174,-0.2000371813774109,-0.048941161610798645,-0.0057253241539001465,-0.2523850202560425,-0.056857127823548126,-0.05656510591506958,-0.20465809106826782,-0.01430380450250368,-0.0716404914855957,-0.2915143072605133,-0.035256687679009246,-0.0809057354927063,-0.34887081384658813,-0.047914464153961944,-0.08623027801513672,-0.39843273162841797,-0.055643621959404754,-0.01576787233352661,-0.2063053846359253,-0.016382031269984054,-0.007176339626312256,-0.30109596252441406,-0.04472048965902786,0.0013098716735839844,-0.36256924271583557,-0.06265425322266083,0.011406123638153076,-0.41883593797683716,-0.07062191901417236,0.021405398845672607,-0.18504559993743896,-0.021986434363441276,0.037617504596710205,-0.2234283685684204,-0.06173105923147659,0.021710097789764404,-0.16261768341064453,-0.06392460701675873,0.009166300296783447,-0.12043333053588867,-0.05289082986922722,0.05166870355606079,-0.15168774127960205,-0.029460605361180114,0.061184704303741455,-0.18880486488342285,-0.05749447283955078,0.04874777793884277,-0.1505948305130005,-0.05232632545443039,0.037544310092926025,-0.12153732776641846,-0.040734741964058685
K with wrist,0.0,0.0,0.0,-0.03977102041244507,-0.05207115411758423,-0.027195635616237723,-0.050340354442596436,-0.13162779808044434,-0.0375921329403468,-0.025856852531433105,-0.1992889642715454,-0.04768147076612195,-0.006113529205322266,-0.2506687045097351,-0.05507051329260548,-0.05850249528884888,-0.2055022120475769,-0.013971604771370494,-0.07380753755569458,-0.2914453148841858,-0.03444804753308972,-0.08298957347869873,-0.34818071126937866,-0.04680538679605206,-0.08822810649871826,-0.39690423011779785,-0.054343627198989,-0.017530202865600586,-0.20718395709991455,-0.016178786187822425,-0.009255409240722656,-0.301450252532959,-0.0441936230207034,-0.001124739646911621,-0.3628101348876953,-0.06202273572927197,0.00889897346496582,-0.4191758632659912,-0.06977319474464139,0.019903898239135742,-0.18583786487579346,-0.021891913741285407,0.03571599721908569,-0.22322100400924683,-0.06117894630079945,0.020094633102416992,-0.1617538332939148,-0.06323688979392728,0.008087337017059326,-0.12058067321777344,-0.052115054234320723,0.05019545555114746,-0.1522045135498047,-0.029500819175893866,0.05978202819824219,-0.18793153762817383,-0.05716173107867917,0.04717528820037842,-0.1492343544960022,-0.051819541856104934,0.035796165466308594,-0.12106120586395264,-0.0400897314692088
K with wrist,0.0,0.0,0.0,-0.04032927751541138,-0.05235433578491211,-0.026709153929402873,-0.05228644609451294,-0.12995988130569458,-0.03744968367522006,-0.028582274913787842,-0.19746893644332886,-0.04797948492472415,-0.009577333927154541,-0.24914324283599854,-0.05582993445699458,-0.06049060821533203,-0.20386040210723877,-0.014527504944851444,-0.07686728239059448,-0.2893627882003784,-0.036130945810725734,-0.086822509765625,-0.3459959328174591,-0.04942499814336543,-0.0924842357635498,-0.39490169286727905,-0.05754185063545947,-0.019794940948486328,-0.20631134510040283,-0.017144342565586612,-0.01254206895828247,-0.30089113116264343,-0.04652823848431353,-0.004523575305938721,-0.36249470710754395,-0.06522506443565135,0.005442619323730469,-0.418945848941803,-0.07351424513166194,0.017827928066253662,-0.18584132194519043,-0.02310721358065848,0.03301072120666504,-0.22349601984024048,-0.0632277202398086,0.017917871475219727,-0.16196203231811523,-0.06540183691089396,0.00624459981918335,-0.12013626098632812,-0.054293144175460384,0.04833143949508667,-0.15285956859588623,-0.030905438268234775,0.057499587535858154,-0.18822401762008667,-0.05899046329562907,0.04524892568588257,-0.14900362491607666,-0.05354424161617999,0.03396540880203247,-0.12041902542114258,-0.04169538212721591
K with wrist,0.0,0.0,0.0,-0.04081153869628906,-0.05427753925323486,-0.025913489252843647,-0.05280238389968872,-0.13050854206085205,-0.0360976413046501,-0.029146254062652588,-0.1991174817085266,-0.04618237839690664,-0.00969618558883667,-0.25051891803741455,-0.05347966702333906,-0.06149548292160034,-0.2049083113670349,-0.013186060093858032,-0.07848483324050903,-0.2898876667022705,-0.03434156553498724,-0.08911556005477905,-0.3462200164794922,-0.04832939358107069,-0.09481894969940186,-0.3955337703227997,-0.05740530343405226,-0.02093607187271118,-0.20815324783325195,-0.015867327541627674,-0.014359235763549805,-0.30239424109458923,-0.04541327731362799,-0.006717681884765625,-0.36456793546676636,-0.0653671540474079,0.0035025477409362793,-0.4218333065509796,-0.07494479344836691,0.016920924186706543,-0.1873624324798584,-0.021592977658428936,0.0315818190574646,-0.22785437107086182,-0.06097251848927954,0.016697227954864502,-0.16546911001205444,-0.06266429947368124,0.005291402339935303,-0.12213057279586792,-0.05161318855039099,0.04720348119735718,-0.15358012914657593,-0.029195494220175533,0.05584561824798584,-0.19183361530303955,-0.057077846691527157,0.04313790798187256,-0.15139448642730713,-0.05130267815343359,0.031394898891448975,-0.12093544006347656,-0.03931000383249739
K with wrist,0.0,0.0,0.0,-0.04023158550262451,-0.0544353723526001,-0.026084278008966066,-0.05277597904205322,-0.13008099794387817,-0.03680163086119137,-0.029900193214416504,-0.19895577430725098,-0.047452444440750696,-0.010386943817138672,-0.2501978278160095,-0.05535014182987652,-0.06222444772720337,-0.20531350374221802,-0.013882714553801634,-0.07910239696502686,-0.29200008511543274,-0.03495296672645054,-0.09006446599960327,-0.34815043210983276,-0.04874707595172367,-0.09629201889038086,-0.3968049883842468,-0.05762442038121662,-0.022230863571166992,-0.2079530954360962,-0.016669834262756922,-0.014513492584228516,-0.3037143349647522,-0.046656349903969385,-0.007738828659057617,-0.3660515546798706,-0.06698039383354626,0.0019202232360839844,-0.42373228073120117,-0.07676934660139523,0.015216052532196045,-0.18685215711593628,-0.022401552877454378,0.03138023614883423,-0.2285372018814087,-0.0618947616285368,0.016368627548217773,-0.16594457626342773,-0.06366218835773907,0.005537211894989014,-0.1233896017074585,-0.052693577713398554,0.04551136493682861,-0.1528145670890808,-0.03000185661676369,0.05518615245819092,-0.19356316328048706,-0.05770061746898136,0.04331231117248535,-0.15262490510940552,-0.051696812964109995,0.03272712230682373,-0.12244600057601929,-0.03962876856985531
K with wrist,0.0,0.0,0.0,-0.04071223735809326,-0.05774325132369995,-0.024565907596183933,-0.05342864990234375,-0.12993085384368896,-0.03517404238743893,-0.029452800750732422,-0.19778984785079956,-0.04608615900440327,-0.00913304090499878,-0.2481209635734558,-0.054350380255414166,-0.06290721893310547,-0.20373916625976562,-0.012390419310463585,-0.07955944538116455,-0.29017913341522217,-0.03367268334193341,-0.09039163589477539,-0.34521234035491943,-0.0482043963210117,-0.09614056348800659,-0.3940308094024658,-0.05754636268181912,-0.02285134792327881,-0.20642268657684326,-0.015700305281711735,-0.014382481575012207,-0.30198898911476135,-0.04562076221270672,-0.00847172737121582,-0.3645617961883545,-0.06625376681847683,0.0005512833595275879,-0.4226091802120209,-0.07641398201747052,0.014953911304473877,-0.18569403886795044,-0.02184546965224854,0.0304526686668396,-0.2272273302078247,-0.06094696040315739,0.015262126922607422,-0.1642359495162964,-0.06253426562113873,0.004938900470733643,-0.1211385726928711,-0.051528375996781506,0.04539448022842407,-0.15180450677871704,-0.029797366289926686,0.05429983139038086,-0.19378578662872314,-0.05697774554653279,0.04177212715148926,-0.151628315448761,-0.05040732438726536,0.03100144863128662,-0.12010890245437622,-0.03801523561639897
K with wrist,0.0,0.0,0.0,-0.041173696517944336,-0.05616194009780884,-0.02479516351837674,-0.053958117961883545,-0.1288105845451355,-0.03507474260646859,-0.030643463134765625,-0.1967352032661438,-0.04551669778544465,-0.010386943817138672,-0.24725663661956787,-0.053151359877176674,-0.06387221813201904,-0.2027764916419983,-0.01184595013279477,-0.08031809329986572,-0.28951016068458557,-0.032231705358810814,-0.09127694368362427,-0.3443050980567932,-0.045933177790232094,-0.09728729724884033,-0.3926136791706085,-0.05480128722507516,-0.023646175861358643,-0.2055758237838745,-0.014827299958653839,-0.015520334243774414,-0.30109918117523193,-0.04428379060942689,-0.009510695934295654,-0.36364778876304626,-0.06471799137312928,-0.0005391836166381836,-0.42107272148132324,-0.07477853270489732,0.013996481895446777,-0.18512040376663208,-0.02065860303360978,0.02931112051010132,-0.22739505767822266,-0.059526080361195,0.01466447114944458,-0.16412663459777832,-0.061182079932279976,0.004326999187469482,-0.12150728702545166,-0.050305353573151024,0.04437929391860962,-0.1525406837463379,-0.028290188035555275,0.05272555351257324,-0.19319939613342285,-0.055524075499363335,0.04042232036590576,-0.1504386067390442,-0.049324354252405556,0.02958095073699951,-0.11941683292388916,-0.037258165052719505
K with wrist,0.0,0.0,0.0,-0.040700435638427734,-0.0576363205909729,-0.025248681405855677,-0.052690744400024414,-0.13066023588180542,-0.03498799654312279,-0.030370473861694336,-0.19956117868423462,-0.044498137409163974,-0.01098167896270752,-0.25030040740966797,-0.05095816331572678,-0.06508278846740723,-0.20599836111068726,-0.011404113123489878,-0.08169949054718018,-0.29238802194595337,-0.03165634276933815,-0.09288084506988525,-0.3465350270271301,-0.04620039763517525,-0.09878307580947876,-0.3945842385292053,-0.056018716866446994,-0.024490296840667725,-0.20865988731384277,-0.0138434089965358,-0.017008841037750244,-0.30366361141204834,-0.043191864366008303,-0.011446118354797363,-0.3654526472091675,-0.06469954478211548,-0.0028051137924194336,-0.42354071140289307,-0.07596732603974488,0.013171195983886719,-0.18736189603805542,-0.01904534476466324,0.028222322463989258,-0.23137694597244263,-0.05695478918619301,0.013545691967010498,-0.16734319925308228,-0.058405867988540194,0.003073275089263916,-0.12494182586669922,-0.04792541938491013,0.042922794818878174,-0.15370774269104004,-0.026161897206975482,0.05138581991195679,-0.1957903504371643,-0.052782370919658206,0.03870832920074463,-0.15238869190216064,-0.04640777709551003,0.027182281017303467,-0.12155652046203613,-0.034483063245488665
K with wrist,0.0,0.0,0.0,-0.04145240783691406,-0.058898329734802246,-0.024429825164133945,-0.05382353067398071,-0.1315147876739502,-0.03439302838569347,-0.029716908931732178,-0.20039421319961548,-0.04436561188822452,-0.00845789909362793,-0.2513445019721985,-0.051291664160544315,-0.06531226634979248,-0.2078568935394287,-0.010749407142156997,-0.08082449436187744,-0.2949911057949066,-0.030389473803097644,-0.09144759178161621,-0.3483736217021942,-0.04478696829801265,-0.0970882773399353,-0.3956640362739563,-0.054775268800312915,-0.024071693420410156,-0.21018105745315552,-0.013912397466356197,-0.016648530960083008,-0.30590522289276123,-0.04263165689235393,-0.010996460914611816,-0.36758917570114136,-0.06425266808992092,-0.0021413564682006836,-0.4252662658691406,-0.07600376106029216,0.014112651348114014,-0.18842154741287231,-0.01975878424173061,0.02828824520111084,-0.23212915658950806,-0.056800668157393375,0.013081073760986328,-0.16752159595489502,-0.0581387849820203,0.0025023818016052246,-0.12472212314605713,-0.04802668190723125,0.04456639289855957,-0.15403318405151367,-0.027529777057225147,0.05243229866027832,-0.19659966230392456,-0.053657912678772846,0.03962057828903198,-0.15322589874267578,-0.04716758898621265,0.028029799461364746,-0.12190008163452148,-0.03545330188399021
K with wrist,0.0,0.0,0.0,-0.04132723808288574,-0.061258137226104736,-0.02255262889821097,-0.053960323333740234,-0.13183218240737915,-0.031463750534840074,-0.030730783939361572,-0.20138108730316162,-0.040304449283667054,-0.008746743202209473,-0.25106704235076904,-0.045753721975870576,-0.06513625383377075,-0.20834684371948242,-0.010362722807712998,-0.08131307363510132,-0.2966502606868744,-0.030940751441903558,-0.09227317571640015,-0.35031747817993164,-0.046511337989159074,-0.09723985195159912,-0.3984442353248596,-0.05742042967040106,-0.023953676223754883,-0.2110663652420044,-0.014118196339495626,-0.01677846908569336,-0.30803975462913513,-0.043604780816622224,-0.01116865873336792,-0.3690299987792969,-0.065721359932013,-0.0016574859619140625,-0.4277955889701843,-0.0780792952414231,0.013982117176055908,-0.18970048427581787,-0.020259889670796838,0.02887171506881714,-0.23578619956970215,-0.05620676361877486,0.01318204402923584,-0.1702013611793518,-0.05571760692555472,0.002346038818359375,-0.12748098373413086,-0.04478468083698317,0.04410243034362793,-0.1538867950439453,-0.028401137226410356,0.05260634422302246,-0.19874215126037598,-0.05311338686306044,0.03973579406738281,-0.15530431270599365,-0.04513200827796027,0.02773350477218628,-0.12337404489517212,-0.03257658042866751
K with wrist,0.0,0.0,0.0,-0.04146111011505127,-0.059813857078552246,-0.02284674960708344,-0.05463069677352905,-0.13122189044952393,-0.03240136857664311,-0.030459702014923096,-0.2002454400062561,-0.04233842771088803,-0.007462561130523682,-0.24943983554840088,-0.04943088125025952,-0.06507575511932373,-0.2097632884979248,-0.009210708174464344,-0.08114629983901978,-0.2969541549682617,-0.028927317443844913,-0.09193164110183716,-0.3502977788448334,-0.043590382296201824,-0.09766513109207153,-0.39763087034225464,-0.053677674937603115,-0.02388697862625122,-0.2115950584411621,-0.01323443706667149,-0.016264796257019043,-0.3080918788909912,-0.04186544250285351,-0.010564565658569336,-0.36955857276916504,-0.06338845993911946,-0.0015442371368408203,-0.42756620049476624,-0.07492260690366948,0.014479458332061768,-0.18914055824279785,-0.019846946555730938,0.029032886028289795,-0.23279523849487305,-0.05666874032056057,0.013647735118865967,-0.1687103509902954,-0.057855941909906505,0.003253936767578125,-0.1264362335205078,-0.04757633115684712,0.04496443271636963,-0.15319979190826416,-0.028245386290905117,0.05299365520477295,-0.19641327857971191,-0.05363712515270436,0.039640963077545166,-0.15314483642578125,-0.04640322234070027,0.028367340564727783,-0.12187963724136353,-0.03418281729852879
K with wrist,0.0,0.0,0.0,-0.04253387451171875,-0.05905097723007202,-0.022677180770472205,-0.05533945560455322,-0.1318502426147461,-0.032358325499728835,-0.031150639057159424,-0.20161616802215576,-0.0425357738916432,-0.010541379451751709,-0.2517068386077881,-0.04989492468877188,-0.0648338794708252,-0.2064436674118042,-0.010979523364142096,-0.08098733425140381,-0.2950584888458252,-0.032062064338163054,-0.09174203872680664,-0.3498104214668274,-0.047468743700221694,-0.09736931324005127,-0.39880767464637756,-0.057989891100362456,-0.02393704652786255,-0.2099158763885498,-0.015131364989713347,-0.016680002212524414,-0.3079148828983307,-0.045084934163526214,-0.010783553123474121,-0.3707311153411865,-0.06689944066448561,-0.001706838607788086,-0.42978620529174805,-0.07864329912109724,0.014053523540496826,-0.1894092559814453,-0.021724309254125274,0.028451919555664062,-0.23485994338989258,-0.05923384003682486,0.01304560899734497,-0.16947776079177856,-0.05951110966844908,0.00241011381149292,-0.12524890899658203,-0.048536687571242965,0.044272661209106445,-0.15544939041137695,-0.030180002975896514,0.05274420976638794,-0.19908148050308228,-0.056249111372665084,0.0397297739982605,-0.15498942136764526,-0.04882802389903418,0.028101086616516113,-0.1223267912864685,-0.03633865662260405
K with wrist,0.0,0.0,0.0,-0.04281574487686157,-0.05998140573501587,-0.022022252293083966,-0.05566126108169556,-0.13160204887390137,-0.0314936333762148,-0.031519293785095215,-0.20053315162658691,-0.04154065562948972,-0.008509457111358643,-0.24898380041122437,-0.04859609840974599,-0.06544911861419678,-0.2093033790588379,-0.00938359493926555,-0.0819501280784607,-0.2974780797958374,-0.02920847511455804,-0.09307920932769775,-0.3510165810585022,-0.04386640279159337,-0.0987398624420166,-0.39844512939453125,-0.0539565192030409,-0.02435833215713501,-0.21114683151245117,-0.013734324225936234,-0.016669392585754395,-0.3083629608154297,-0.0431508751080969,-0.011263489723205566,-0.37048715353012085,-0.06509888483748227,-0.0020880699157714844,-0.42881911993026733,-0.07684851749405652,0.013959169387817383,-0.18926435708999634,-0.020440644906614125,0.02834022045135498,-0.23388826847076416,-0.05714571415052205,0.012483775615692139,-0.16934001445770264,-0.057568597929332554,0.0019314289093017578,-0.12634462118148804,-0.04671227125987798,0.04461014270782471,-0.15427350997924805,-0.028958420591209233,0.05270570516586304,-0.19845229387283325,-0.0539916337893942,0.03934258222579956,-0.15523451566696167,-0.04623322500452787,0.027921080589294434,-0.12305343151092529,-0.03354467018112928
K with wrist,0.0,0.0,0.0,-0.043116629123687744,-0.05851268768310547,-0.021904690657720494,-0.055958330631256104,-0.13227629661560059,-0.03132974403069966,-0.03146010637283325,-0.2015116810798645,-0.04159846203492634,-0.009139418601989746,-0.24899840354919434,-0.04917856725023739,-0.06443876028060913,-0.20726072788238525,-0.010077513289616036,-0.08134156465530396,-0.2953170835971832,-0.03039916837678902,-0.09232312440872192,-0.3501981496810913,-0.0449891616599416,-0.09807085990905762,-0.3988415002822876,-0.05489555792973988,-0.02389305830001831,-0.21007084846496582,-0.014549328480825352,-0.016592741012573242,-0.3075672686100006,-0.043753795792326855,-0.010322391986846924,-0.37080901861190796,-0.06510575907395832,-0.0009208917617797852,-0.42917782068252563,-0.07642449485229008,0.01426774263381958,-0.18952584266662598,-0.021459131036863255,0.028773725032806396,-0.233248770236969,-0.0585944284694051,0.013547003269195557,-0.1697784662246704,-0.05976752610968106,0.0029039382934570312,-0.12566649913787842,-0.049339216669068264,0.04498988389968872,-0.15614795684814453,-0.0301462379293298,0.053443849086761475,-0.19811397790908813,-0.05581029178665631,0.040269553661346436,-0.1554887294769287,-0.04904090659783833,0.028757989406585693,-0.12280040979385376,-0.03705995204018109
K with wrist,0.0,0.0,0.0,-0.04274702072143555,-0.058646440505981445,-0.02230241516224396,-0.05533003807067871,-0.13146650791168213,-0.03192318411163342,-0.03203672170639038,-0.20122069120407104,-0.042034974262037395,-0.01008540391921997,-0.24996614456176758,-0.049231717303314326,-0.06511348485946655,-0.20843970775604248,-0.011402788512327788,-0.08227115869522095,-0.297075480222702,-0.03206113906196606,-0.09331047534942627,-0.35198336839675903,-0.0473954025059129,-0.09864705801010132,-0.4009244441986084,-0.058034827873029826,-0.024116575717926025,-0.211348295211792,-0.015494421064772723,-0.016746878623962402,-0.3087233304977417,-0.04491947771600735,-0.010884761810302734,-0.37195324897766113,-0.06693132774523747,-0.0016407966613769531,-0.4309925436973572,-0.07904545770577442,0.014069199562072754,-0.19040971994400024,-0.021874230295338748,0.027862131595611572,-0.23459142446517944,-0.058148862734356044,0.012220621109008789,-0.1709994077682495,-0.05876266019038212,0.0016541481018066406,-0.12705349922180176,-0.04838545428208363,0.04473114013671875,-0.15621250867843628,-0.030141251102008937,0.052713990211486816,-0.19945919513702393,-0.055143626347103236,0.039150118827819824,-0.15662765502929688,-0.048029230847873805,0.027505338191986084,-0.12358462810516357,-0.03599504189185154
K with wrist,0.0,0.0,0.0,-0.04295319318771362,-0.05835515260696411,-0.022607814739387777,-0.055639445781707764,-0.13239902257919312,-0.03227296120945766,-0.03207439184188843,-0.20241576433181763,-0.04259389660779789,-0.00994408130645752,-0.2515825629234314,-0.05010518081013515,-0.06497406959533691,-0.20878690481185913,-0.010463383267563131,-0.08157145977020264,-0.2977536618709564,-0.030938102151196745,-0.09227406978607178,-0.3524288237094879,-0.045888278852146414,-0.09766960144042969,-0.40105339884757996,-0.05613230563227489,-0.02372419834136963,-0.21149671077728271,-0.014676342937093523,-0.01613140106201172,-0.3095417022705078,-0.04393127955023601,-0.010469615459442139,-0.37323376536369324,-0.06566036514465168,-0.0016009211540222168,-0.4319702982902527,-0.07736566684667423,0.014569103717803955,-0.19024133682250977,-0.02135777495328739,0.028036892414093018,-0.2345879077911377,-0.05831483028356388,0.012850642204284668,-0.16999757289886475,-0.05902009479228809,0.0026076436042785645,-0.12586522102355957,-0.04839101455632999,0.04516148567199707,-0.15617424249649048,-0.0299082437855418,0.052451133728027344,-0.1989029049873352,-0.055590175311010626,0.0389668345451355,-0.15461808443069458,-0.048469674060982015,0.02752554416656494,-0.12141621112823486,-0.03626108936492756
K with wrist,0.0,0.0,0.0,-0.04337984323501587,-0.05985182523727417,-0.021048710817410665,-0.05500161647796631,-0.13426434993743896,-0.028687748262598234,-0.03058701753616333,-0.20519942045211792,-0.03667836743028374,-0.009645581245422363,-0.2539801597595215,-0.041292955303504186,-0.06484156847000122,-0.2113971710205078,-0.00836352086247416,-0.08066833019256592,-0.3009946346282959,-0.0278178408238432,-0.09148478507995605,-0.3550145626068115,-0.04279532762797089,-0.09655088186264038,-0.4034550189971924,-0.05351184787781449,-0.02334541082382202,-0.2138744592666626,-0.012589195879115778,-0.0160902738571167,-0.3114962875843048,-0.041639697873904424,-0.010262012481689453,-0.37491723895072937,-0.06422313782007905,-0.0006488561630249023,-0.4340907335281372,-0.07711457195313187,0.014495313167572021,-0.19236737489700317,-0.019003423998071867,0.02773946523666382,-0.23835134506225586,-0.05436228694946976,0.01233750581741333,-0.17159390449523926,-0.05387570815713616,0.0022554397583007812,-0.12782961130142212,-0.043154505217387396,0.04532748460769653,-0.1583760380744934,-0.027353375354721265,0.051962435245513916,-0.2011474370956421,-0.051829126799418646,0.0386616587638855,-0.15623676776885986,-0.04421518104703637,0.026952803134918213,-0.12441438436508179,-0.0320838849488041
K with wrist,0.0,0.0,0.0,-0.04345422983169556,-0.059478580951690674,-0.02244329089137409,-0.05531185865402222,-0.13351941108703613,-0.03115697959276531,-0.031174898147583008,-0.20515882968902588,-0.04012619713159893,-0.010442554950714111,-0.25550371408462524,-0.04565144339414928,-0.06508427858352661,-0.21017497777938843,-0.009934067817653158,-0.08125245571136475,-0.30166351795196533,-0.030230304317797163,-0.0917922854423523,-0.35651111602783203,-0.045547753663981894,-0.09670144319534302,-0.4051610827445984,-0.0564098135552058,-0.023695528507232666,-0.21317440271377563,-0.013559768999243715,-0.016881108283996582,-0.3124449551105499,-0.04325347402902935,-0.011159539222717285,-0.3761151432991028,-0.06593176359149311,-0.0015907883644104004,-0.43634486198425293,-0.078943658711637,0.014024972915649414,-0.19231200218200684,-0.01952118435713146,0.02677130699157715,-0.24042117595672607,-0.05512055018755291,0.01120293140411377,-0.1728002429008484,-0.054206047298634985,0.0013630390167236328,-0.12809330224990845,-0.04321914920421932,0.04485809803009033,-0.15853607654571533,-0.02761132651778553,0.05119389295578003,-0.20201867818832397,-0.05226010093304012,0.037821829319000244,-0.15769416093826294,-0.044759087356055716,0.026384294033050537,-0.1255977749824524,-0.032724484892810324
K with wrist,0.0,0.0,0.0,-0.04303652048110962,-0.05978471040725708,-0.022990326512228876,-0.054194748401641846,-0.13482552766799927,-0.03200612321830931,-0.029345154762268066,-0.20518600940704346,-0.04147688031531516,-0.009173154830932617,-0.25612562894821167,-0.047704865339767366,-0.06389319896697998,-0.2125788927078247,-0.00911191396750155,-0.07961970567703247,-0.3024601638317108,-0.028894174027811914,-0.09033679962158203,-0.3570899963378906,-0.04365193203426543,-0.0957518219947815,-0.40548789501190186,-0.05403347045518103,-0.02272111177444458,-0.21439695358276367,-0.012815214808654218,-0.01573169231414795,-0.31214606761932373,-0.04216402128673735,-0.009859681129455566,-0.37592875957489014,-0.06476087972856703,0.000164031982421875,-0.4350915253162384,-0.0775078620050067,0.01525193452835083,-0.19248181581497192,-0.019064405116807848,0.02861762046813965,-0.23863071203231812,-0.05537941411472502,0.012583255767822266,-0.1720319390296936,-0.05588703707195464,0.0025156736373901367,-0.1276928186416626,-0.045608990940820604,0.04624450206756592,-0.15858107805252075,-0.027380907091867357,0.053158462047576904,-0.2006855607032776,-0.052650218013297945,0.03950679302215576,-0.1566261649131775,-0.046052944961559206,0.028258144855499268,-0.12516874074935913,-0.03457502752877417
K with wrist,0.0,0.0,0.0,-0.04311281442642212,-0.05921518802642822,-0.022818442483014678,-0.05414247512817383,-0.13463610410690308,-0.032144838993019675,-0.028771519660949707,-0.2042461633682251,-0.04209874761528454,-0.008803784847259521,-0.25547534227371216,-0.04910149243897877,-0.06263870000839233,-0.2127445936203003,-0.009532141548163509,-0.0777786374092102,-0.30120399594306946,-0.02950326171941242,-0.08823859691619873,-0.3557262718677521,-0.043827233884996986,-0.09355795383453369,-0.4037540555000305,-0.05360428807563267,-0.021606385707855225,-0.2137882113456726,-0.013612759348518466,-0.014018595218658447,-0.3106703460216522,-0.04312500176257572,-0.008148372173309326,-0.37462520599365234,-0.06495212209648571,0.002026200294494629,-0.4322689175605774,-0.0766895283503004,0.016664624214172363,-0.19114822149276733,-0.020304363269872283,0.029918670654296875,-0.23552292585372925,-0.057610278998083686,0.013436675071716309,-0.1683042049407959,-0.05802085441774807,0.003208637237548828,-0.12398684024810791,-0.04718083334392986,0.047999680042266846,-0.15704792737960815,-0.028925018433994865,0.05391448736190796,-0.19823795557022095,-0.054861104164785957,0.03976476192474365,-0.15295720100402832,-0.04798236307925663,0.028664052486419678,-0.12135887145996094,-0.03600207534856281
K with wrist,0.0,0.0,0.0,-0.04360973834991455,-0.05661588907241821,-0.02264824039019686,-0.0554203987121582,-0.1339191198348999,-0.032278538632169784,-0.028908908367156982,-0.2038208246231079,-0.04258973612166983,-0.007863163948059082,-0.254455029964447,-0.04993541626907927,-0.062186479568481445,-0.21078306436538696,-0.01147787826783997,-0.07716363668441772,-0.29898494482040405,-0.0329166994867478,-0.08749866485595703,-0.3542303442955017,-0.047435984897390426,-0.09262025356292725,-0.40281379222869873,-0.057066512244716705,-0.021532535552978516,-0.21203184127807617,-0.015906029331461013,-0.013810217380523682,-0.3090929090976715,-0.046619881826416076,-0.007233083248138428,-0.37309640645980835,-0.0678823301074658,0.0032358765602111816,-0.4304659962654114,-0.07882142155148131,0.01664203405380249,-0.18983036279678345,-0.022928529369607986,0.029873669147491455,-0.23320764303207397,-0.061392159151807846,0.013340353965759277,-0.166162371635437,-0.06124280108787161,0.003338754177093506,-0.1217157244682312,-0.049607631701007904,0.04872703552246094,-0.15619885921478271,-0.03186303092815024,0.054659485816955566,-0.1940300464630127,-0.05859180255509955,0.040349483489990234,-0.14901238679885864,-0.051689726251140655,0.029240787029266357,-0.11826884746551514,-0.0393755407509957
K with wrist,0.0,0.0,0.0,-0.043897926807403564,-0.055968284606933594,-0.02336652409076123,-0.05525660514831543,-0.1342623233795166,-0.03306031804322629,-0.027707397937774658,-0.20385318994522095,-0.04337002541660695,-0.007029235363006592,-0.2542720437049866,-0.05072945561050801,-0.06071680784225464,-0.21162718534469604,-0.011693284099692391,-0.0757453441619873,-0.29998645186424255,-0.03253764491319089,-0.08614504337310791,-0.3548910617828369,-0.04655311088799863,-0.09145992994308472,-0.40341052412986755,-0.05590250175237088,-0.01985490322113037,-0.212618887424469,-0.015796899979704904,-0.011874735355377197,-0.30880653858184814,-0.04630661587953,-0.005102992057800293,-0.37335216999053955,-0.06748513337015538,0.00565493106842041,-0.43098920583724976,-0.07833325322508244,0.01817500591278076,-0.19022536277770996,-0.022594301214212464,0.032446980476379395,-0.23260802030563354,-0.06121890824078946,0.015196919441223145,-0.16573643684387207,-0.06151255052327542,0.004209756851196289,-0.12076884508132935,-0.05008071120619206,0.05003172159194946,-0.15675342082977295,-0.03137518297671704,0.057213783264160156,-0.19444096088409424,-0.05895481835841565,0.042249441146850586,-0.15005862712860107,-0.05279467087029843,0.02971428632736206,-0.11848300695419312,-0.040821483542913484
K with wrist,0.0,0.0,0.0,-0.04349559545516968,-0.05557352304458618,-0.026007408257555653,-0.05509370565414429,-0.13515019416809082,-0.036956017818283726,-0.027782559394836426,-0.20444202423095703,-0.04799814334137409,-0.0072119832038879395,-0.2555110454559326,-0.05618860011918514,-0.06002092361450195,-0.21207433938980103,-0.014264524895679642,-0.07423615455627441,-0.3002158999443054,-0.03676831906659572,-0.08378970623016357,-0.35582107305526733,-0.0514376479945895,-0.08875817060470581,-0.40517884492874146,-0.060831909980606724,-0.01910644769668579,-0.2131606936454773,-0.017447825502586056,-0.010540425777435303,-0.3104792833328247,-0.04907214080913036,-0.0029273033142089844,-0.37436145544052124,-0.06987006029112308,0.00829082727432251,-0.43223875761032104,-0.07982738872988193,0.019213199615478516,-0.19086027145385742,-0.023663338255119015,0.034071922302246094,-0.2325536608695984,-0.06415558418257206,0.016387462615966797,-0.16547828912734985,-0.06479207983238666,0.004749000072479248,-0.12065178155899048,-0.052822256442141224,0.051144421100616455,-0.15702539682388306,-0.0319521669111964,0.058722496032714844,-0.19352859258651733,-0.060944335516524006,0.04340827465057373,-0.14861136674880981,-0.054946741070580174,0.030331313610076904,-0.11700111627578735,-0.0425742212496516
K with wrist,0.0,0.0,0.0,-0.043949007987976074,-0.05540889501571655,-0.02498811312102589,-0.05511581897735596,-0.1347166895866394,-0.0351114516713551,-0.027307093143463135,-0.20354026556015015,-0.045492934212916225,-0.007289588451385498,-0.2540131211280823,-0.05312419883989605,-0.059649527072906494,-0.21052688360214233,-0.013183279112809032,-0.07378792762756348,-0.29809194803237915,-0.03497547485017094,-0.08329921960830688,-0.3537888526916504,-0.049196517244809,-0.08822613954544067,-0.4030953645706177,-0.058403542415135234,-0.018773436546325684,-0.21176350116729736,-0.016689842716687053,-0.009731292724609375,-0.3089516758918762,-0.04749303139828953,-0.002042412757873535,-0.3729988932609558,-0.06802578844212803,0.009118199348449707,-0.430463582277298,-0.07790078051471028,0.01925957202911377,-0.1895274519920349,-0.023148859069578975,0.03377586603164673,-0.2300664186477661,-0.06291173227214131,0.015917301177978516,-0.1639643907546997,-0.06380227781914982,0.003819704055786133,-0.12014305591583252,-0.05223407797598156,0.05087834596633911,-0.15596306324005127,-0.03158300943755421,0.05794334411621094,-0.1917000412940979,-0.05996861510061535,0.0424615740776062,-0.14684849977493286,-0.05403281204485211,0.029195308685302734,-0.115756094455719,-0.04192115567707333
K with wrist,0.0,0.0,0.0,-0.044325828552246094,-0.054545700550079346,-0.02464123638799265,-0.05572718381881714,-0.1339765191078186,-0.03486052724053934,-0.02771890163421631,-0.20257580280303955,-0.04539340185453966,-0.006684362888336182,-0.25308388471603394,-0.05305134701063707,-0.05972975492477417,-0.21005916595458984,-0.013772471905554085,-0.07363671064376831,-0.2987734079360962,-0.03521768944790438,-0.08326786756515503,-0.3544159531593323,-0.04909409406116083,-0.08791995048522949,-0.4038461446762085,-0.05818342240979746,-0.018589794635772705,-0.21056121587753296,-0.017447495930696277,-0.009099900722503662,-0.30802375078201294,-0.04875004115035608,-0.001403510570526123,-0.373232901096344,-0.06968229460051134,0.009913325309753418,-0.4310795068740845,-0.07988629686167315,0.01966911554336548,-0.18803542852401733,-0.023842027508521824,0.033758580684661865,-0.22954517602920532,-0.06396653699209764,0.015911638736724854,-0.16199976205825806,-0.06442494141390398,0.0038535594940185547,-0.11714160442352295,-0.0524816160135515,0.05177104473114014,-0.15509647130966187,-0.032152103357816486,0.05877327919006348,-0.19170618057250977,-0.0609955434732683,0.043459177017211914,-0.14606869220733643,-0.0549038854472883,0.029965341091156006,-0.1146688461303711,-0.04257426234414652
K with wrist,0.0,0.0,0.0,-0.04413771629333496,-0.05511206388473511,-0.024788506858897108,-0.05505889654159546,-0.13502758741378784,-0.03530343116159429,-0.027558624744415283,-0.203960120677948,-0.04600763932700147,-0.0064054131507873535,-0.25488847494125366,-0.05382719502682676,-0.05938512086868286,-0.2116205096244812,-0.01472158876146068,-0.07319116592407227,-0.3003403842449188,-0.03657585994238843,-0.08267819881439209,-0.35603779554367065,-0.05094248295660009,-0.08728116750717163,-0.40539732575416565,-0.060420645930719274,-0.018055856227874756,-0.2120608687400818,-0.018396989040923017,-0.008509814739227295,-0.30927765369415283,-0.049542433180761236,-0.000668942928314209,-0.3741936683654785,-0.07051714376444806,0.010536611080169678,-0.43217217922210693,-0.08093888924355497,0.020346343517303467,-0.18914371728897095,-0.024737703212451834,0.03395986557006836,-0.23009246587753296,-0.06420682982439985,0.0161818265914917,-0.16299039125442505,-0.06434298173422803,0.004111826419830322,-0.11847501993179321,-0.052484741964292425,0.052171409130096436,-0.1553998589515686,-0.03306086600656499,0.0586201548576355,-0.19163167476654053,-0.061266976007175344,0.04332888126373291,-0.1461573839187622,-0.05486076564426412,0.02999436855316162,-0.11495554447174072,-0.042496601649474997
K with wrist,0.0,0.0,0.0,-0.04376018047332764,-0.05511212348937988,-0.024503007931457432,-0.054615020751953125,-0.13510513305664062,-0.035058474568472775,-0.026651740074157715,-0.2036866545677185,-0.04594601544533816,-0.005215764045715332,-0.25389498472213745,-0.05406956228409854,-0.05866825580596924,-0.21075791120529175,-0.015135387359009655,-0.07206284999847412,-0.2994292378425598,-0.03740286308322993,-0.08157092332839966,-0.3555258512496948,-0.051914589879856976,-0.08633595705032349,-0.40524542331695557,-0.06144430342112628,-0.017561912536621094,-0.21119797229766846,-0.019133160291062268,-0.007800638675689697,-0.3087061643600464,-0.05059254768286792,0.00041753053665161133,-0.3736352324485779,-0.07161827984248248,0.012014567852020264,-0.43169134855270386,-0.08204437646065799,0.02099454402923584,-0.18870705366134644,-0.025737457377658757,0.0352744460105896,-0.2297726273536682,-0.06555561575089541,0.017096281051635742,-0.16270959377288818,-0.06578224006091205,0.0048059821128845215,-0.11790633201599121,-0.053923523453818234,0.05298411846160889,-0.1552659273147583,-0.03429326641355601,0.05971992015838623,-0.19121688604354858,-0.06268259736691562,0.04446965456008911,-0.1459197998046875,-0.05625342431460467,0.031413495540618896,-0.11461424827575684,-0.043845402477131756
K with wrist,0.0,0.0,0.0,-0.0440824031829834,-0.05679047107696533,-0.02356455255119272,-0.05506247282028198,-0.136374831199646,-0.033884858375472504,-0.026798784732818604,-0.20510536432266235,-0.044729740953130204,-0.0037723183631896973,-0.25479137897491455,-0.052845013922137696,-0.058146893978118896,-0.21162158250808716,-0.01404754597513147,-0.07127231359481812,-0.3004823327064514,-0.03549970466463037,-0.08037722110748291,-0.3562178611755371,-0.0494975127634234,-0.0846714973449707,-0.4053499102592468,-0.05881148729292818,-0.016757845878601074,-0.21125155687332153,-0.018385678192657906,-0.006304562091827393,-0.3090163469314575,-0.04959073815314241,0.0018608570098876953,-0.37412697076797485,-0.0708377749082274,0.013793647289276123,-0.43164169788360596,-0.08147152665821977,0.021761298179626465,-0.18780022859573364,-0.025161606853885132,0.03576362133026123,-0.22972965240478516,-0.06440812501875826,0.016951918601989746,-0.16247045993804932,-0.06430687907902666,0.004511356353759766,-0.11766386032104492,-0.05233157951204248,0.053734004497528076,-0.15385693311691284,-0.03380668315855928,0.05995744466781616,-0.19087833166122437,-0.06163295138446756,0.0443575382232666,-0.1454622745513916,-0.054847305303496796,0.03122490644454956,-0.11409533023834229,-0.04225988466112085
K with wrist,0.0,0.0,0.0,-0.04399317502975464,-0.05463463068008423,-0.025669276908274696,-0.05413275957107544,-0.1362466812133789,-0.036253260642524765,-0.025433838367462158,-0.203751802444458,-0.04700023514055829,-0.003911852836608887,-0.2537446618080139,-0.05501206797384839,-0.056788623332977295,-0.21268421411514282,-0.014774108499523209,-0.06959021091461182,-0.3018341362476349,-0.03581873533153157,-0.07860010862350464,-0.3576812446117401,-0.048733255088563965,-0.08322101831436157,-0.4066387414932251,-0.056991314709421204,-0.015313029289245605,-0.21195250749588013,-0.018264560222860382,-0.0049454569816589355,-0.3097780644893646,-0.04925102201127629,0.0033551454544067383,-0.3744052052497864,-0.06936700102710347,0.01521444320678711,-0.43083587288856506,-0.07870698180818181,0.02287667989730835,-0.1883533000946045,-0.024610564306613014,0.03651982545852661,-0.22977155447006226,-0.06518841740512471,0.01787388324737549,-0.16171514987945557,-0.06594149228953938,0.005631804466247559,-0.11714720726013184,-0.05392768067144971,0.05512791872024536,-0.15473371744155884,-0.03285397049808125,0.06068146228790283,-0.1902591586112976,-0.06210727822804074,0.045254409313201904,-0.1440974473953247,-0.05624878239655118,0.032352983951568604,-0.11327493190765381,-0.043965900510784195
K with wrist,0.0,0.0,0.0,-0.04382878541946411,-0.05442768335342407,-0.026153472014641466,-0.05294060707092285,-0.13698148727416992,-0.036278021284317674,-0.02368485927581787,-0.20502042770385742,-0.04641041601536244,-0.002733588218688965,-0.25639402866363525,-0.053717800178503694,-0.05576014518737793,-0.21312588453292847,-0.013933117263889017,-0.06804221868515015,-0.30208441615104675,-0.034417946585392656,-0.0770636796951294,-0.35826221108436584,-0.04696140507695645,-0.08170318603515625,-0.4074341058731079,-0.0549922555172202,-0.014312028884887695,-0.21254956722259521,-0.016926272534703912,-0.0034314393997192383,-0.3103850185871124,-0.04738264600274533,0.004845917224884033,-0.37548351287841797,-0.06751049006817311,0.016765058040618896,-0.43213170766830444,-0.07695794547436208,0.02360326051712036,-0.18897151947021484,-0.022904664971804323,0.03821676969528198,-0.2306751012802124,-0.06335372174618215,0.01918935775756836,-0.1628912091255188,-0.06456576729652852,0.006718277931213379,-0.11849057674407959,-0.052890435554957094,0.0558474063873291,-0.15571659803390503,-0.030809216895079317,0.06209152936935425,-0.19088441133499146,-0.060086794891333284,0.04656606912612915,-0.14506202936172485,-0.05473080346820325,0.03376913070678711,-0.1146085262298584,-0.0428595847868678
K with wrist,0.0,0.0,0.0,-0.043693363666534424,-0.05608409643173218,-0.025060733479222108,-0.05256527662277222,-0.13820964097976685,-0.03495626493986492,-0.02297443151473999,-0.20649904012680054,-0.045131399926503946,-0.0017753839492797852,-0.2571198344230652,-0.05254064842756634,-0.055232465267181396,-0.213634192943573,-0.013460257720907975,-0.06746113300323486,-0.30246788263320923,-0.0344796699255312,-0.07641661167144775,-0.35881343483924866,-0.04774797305162792,-0.08104610443115234,-0.4085477292537689,-0.056278504130204965,-0.014054059982299805,-0.21278303861618042,-0.017036936876138498,-0.0028600096702575684,-0.31091949343681335,-0.04772469743784313,0.005589604377746582,-0.3762550950050354,-0.0681824457615221,0.017578721046447754,-0.43381667137145996,-0.07788193940814381,0.023734986782073975,-0.1890673041343689,-0.023427644443472673,0.038500070571899414,-0.23160743713378906,-0.06382815509732609,0.01941239833831787,-0.1639317274093628,-0.06451631307299976,0.006981492042541504,-0.11883383989334106,-0.052411488887628366,0.055475056171417236,-0.15513360500335693,-0.031705390360912133,0.06223481893539429,-0.19199103116989136,-0.06070138483937626,0.046996474266052246,-0.1463029384613037,-0.05457922413643246,0.034480512142181396,-0.11493456363677979,-0.04206199913915043
K with wrist,0.0,0.0,0.0,-0.04364609718322754,-0.05804741382598877,-0.024546808985803636,-0.052717745304107666,-0.13845908641815186,-0.03456189805064014,-0.022472083568572998,-0.2070125937461853,-0.04486349174175075,0.0005875229835510254,-0.2577529549598694,-0.0523149850347977,-0.05499422550201416,-0.2139931321144104,-0.01342724864724687,-0.06746113300323486,-0.3028240203857422,-0.03464850732478908,-0.07649827003479004,-0.3595360517501831,-0.04865649291667751,-0.0807536244392395,-0.4093376100063324,-0.05799043127689174,-0.01376277208328247,-0.21287620067596436,-0.01718520694765857,-0.0025177597999572754,-0.31000688672065735,-0.048020690170858416,0.005752682685852051,-0.3750736117362976,-0.06928824582490734,0.01814877986907959,-0.4327302575111389,-0.0800295467058163,0.023923814296722412,-0.18847203254699707,-0.023586932061050447,0.03869587182998657,-0.23161721229553223,-0.06283808448705486,0.018976151943206787,-0.1643727421760559,-0.0626158783713322,0.006469428539276123,-0.11994040012359619,-0.0505297067144852,0.05519980192184448,-0.15348130464553833,-0.031964811919067415,0.06195485591888428,-0.19283032417297363,-0.05977236056122592,0.04658663272857666,-0.14745187759399414,-0.05280501344594768,0.03431379795074463,-0.11645841598510742,-0.040092221883867296
K with wrist,0.0,0.0,0.0,-0.04320162534713745,-0.05819922685623169,-0.02416322419981043,-0.05190098285675049,-0.1376628279685974,-0.034317423054972096,-0.021557271480560303,-0.20618069171905518,-0.04482861647943537,0.0018715262413024902,-0.25651222467422485,-0.05251895303467791,-0.05501514673233032,-0.21257084608078003,-0.01377019512096922,-0.06739813089370728,-0.3020610809326172,-0.03570702339152376,-0.07642477750778198,-0.35916081070899963,-0.05047659988144915,-0.08054614067077637,-0.40933114290237427,-0.06038073117474596,-0.013828158378601074,-0.21174508333206177,-0.017738601589599057,-0.002564847469329834,-0.30966103076934814,-0.04913606906870882,0.0055675506591796875,-0.3748750686645508,-0.07101012060979883,0.017693519592285156,-0.43326520919799805,-0.08230475375989954,0.023921608924865723,-0.18746531009674072,-0.02423178816775362,0.03855395317077637,-0.23113679885864258,-0.06350368301013987,0.01904761791229248,-0.16429895162582397,-0.06311145464519541,0.00673907995223999,-0.11998701095581055,-0.051027711877623005,0.05494570732116699,-0.15235942602157593,-0.03269705588559191,0.061811983585357666,-0.19254189729690552,-0.06033296550253908,0.04640543460845947,-0.14749246835708618,-0.053083096096315785,0.03415173292160034,-0.11648666858673096,-0.0402584154401211
K with wrist,0.0,0.0,0.0,-0.04251134395599365,-0.05932992696762085,-0.02382336214230918,-0.05088484287261963,-0.1376928687095642,-0.034078052565917005,-0.021119654178619385,-0.2053418755531311,-0.04473623476968669,0.002454698085784912,-0.25432300567626953,-0.05268775887833499,-0.05484038591384888,-0.2135162353515625,-0.013486116491719713,-0.06726419925689697,-0.30304473638534546,-0.03526931472168826,-0.07621288299560547,-0.35987889766693115,-0.05000372819648646,-0.08024626970291138,-0.4095969498157501,-0.05974894605623149,-0.013570964336395264,-0.21268761157989502,-0.017566370144947996,-0.0016311407089233398,-0.3107898533344269,-0.04882754601584338,0.006623506546020508,-0.37575894594192505,-0.070577325597867,0.0187380313873291,-0.43430501222610474,-0.08152633376465701,0.024208545684814453,-0.18782800436019897,-0.024096969813570013,0.03866291046142578,-0.22973573207855225,-0.06315047510014438,0.01917886734008789,-0.16403943300247192,-0.06289918936835193,0.006744503974914551,-0.12083280086517334,-0.05076321803079509,0.05459719896316528,-0.15160596370697021,-0.03252498649106883,0.0618586540222168,-0.19237583875656128,-0.05969421036587619,0.04589444398880005,-0.14751285314559937,-0.05200148217426204,0.032857418060302734,-0.11620742082595825,-0.03877409391151332
K with wrist,0.0,0.0,0.0,-0.0426865816116333,-0.05655241012573242,-0.024925993312876926,-0.05181246995925903,-0.13657766580581665,-0.03526642874328445,-0.023418962955474854,-0.2041758894920349,-0.04590417400447677,-0.00024771690368652344,-0.2531353831291199,-0.053953635995071636,-0.05487793684005737,-0.21312761306762695,-0.013897951249759899,-0.06795436143875122,-0.3022233247756958,-0.03575948581544708,-0.07671868801116943,-0.3593045473098755,-0.04991209835259269,-0.0804663896560669,-0.4094908833503723,-0.05891860232202362,-0.013608992099761963,-0.2124093770980835,-0.017533408035319553,-0.0019044280052185059,-0.3105539083480835,-0.048504288797062145,0.0063895583152771,-0.3755267262458801,-0.0692788730606253,0.01753377914428711,-0.4337313771247864,-0.07913226590005706,0.024224817752838135,-0.18855643272399902,-0.023954543773811565,0.03801172971725464,-0.22953778505325317,-0.06442991599885772,0.01919400691986084,-0.1642332673072815,-0.06579700068084549,0.0067059993743896484,-0.12033283710479736,-0.054138291184585796,0.05488055944442749,-0.15344548225402832,-0.032166704092901455,0.060988783836364746,-0.19098049402236938,-0.06038699627367805,0.04539811611175537,-0.14566642045974731,-0.05390075922457527,0.033105671405792236,-0.11406058073043823,-0.04126117334214996
K with wrist,0.0,0.0,0.0,-0.042843401432037354,-0.053978681564331055,-0.026037498063374187,-0.05195319652557373,-0.13630378246307373,-0.036314566305804874,-0.02282130718231201,-0.20479732751846313,-0.04672538178317609,-0.0005476474761962891,-0.25435537099838257,-0.05453184681289258,-0.05472522974014282,-0.21204107999801636,-0.014062778710353996,-0.06820595264434814,-0.3008217513561249,-0.03591986434810224,-0.07699698209762573,-0.35805606842041016,-0.04915785478704038,-0.08105677366256714,-0.4082720875740051,-0.05721908496968808,-0.013412654399871826,-0.2117491364479065,-0.017268665752339984,-0.001891016960144043,-0.31063199043273926,-0.04870377542727056,0.006034910678863525,-0.376118004322052,-0.06857978241794171,0.017025530338287354,-0.4335247278213501,-0.07716109292857709,0.02452373504638672,-0.18847322463989258,-0.023616739234853412,0.03826189041137695,-0.2266131043434143,-0.06549615847222867,0.01862466335296631,-0.16096484661102295,-0.06735998081319394,0.005765736103057861,-0.11714529991149902,-0.05530237095706525,0.05579721927642822,-0.1545228362083435,-0.03178121583812299,0.06208598613739014,-0.18899750709533691,-0.061358646175790454,0.04552161693572998,-0.14349812269210815,-0.05575013967506948,0.03219872713088989,-0.11197972297668457,-0.04330571802609029
K with wrist,0.0,0.0,0.0,-0.04276496171951294,-0.05421721935272217,-0.026464171878330944,-0.053340256214141846,-0.13595718145370483,-0.037218174136512516,-0.024507522583007812,-0.20583665370941162,-0.04797968844258094,-0.0013360977172851562,-0.25570768117904663,-0.056035483426683186,-0.055438220500946045,-0.21198439598083496,-0.01428526005082631,-0.06914311647415161,-0.3008881211280823,-0.03636827150666022,-0.07812327146530151,-0.35793888568878174,-0.04959528724037909,-0.08248740434646606,-0.4087185859680176,-0.05759370530330443,-0.014214813709259033,-0.2127166986465454,-0.017208868808381794,-0.003713250160217285,-0.31142595410346985,-0.048992389983766316,0.004849612712860107,-0.3767906725406647,-0.06842421198570037,0.01640331745147705,-0.43423837423324585,-0.07649546319925093,0.023929119110107422,-0.19016283750534058,-0.02331675792419219,0.037646472454071045,-0.22795391082763672,-0.06584929878198409,0.018343567848205566,-0.16130441427230835,-0.06720721179925704,0.0054520368576049805,-0.11585414409637451,-0.05439029092275405,0.05534815788269043,-0.15628552436828613,-0.03127099031888747,0.06157499551773071,-0.18955707550048828,-0.061549721456401585,0.04494577646255493,-0.14388823509216309,-0.055803282357089756,0.031394004821777344,-0.1114148497581482,-0.042875213719241856
K with wrist,0.0,0.0,0.0,-0.043318092823028564,-0.05560040473937988,-0.026154877200610827,-0.05442917346954346,-0.13633793592453003,-0.03735650847841043,-0.02610766887664795,-0.20647019147872925,-0.04864686126995821,-0.0028314590454101562,-0.2575035095214844,-0.057226059540994356,-0.05639845132827759,-0.2116870880126953,-0.015180478386469076,-0.07064306735992432,-0.3010057210922241,-0.038073544904477785,-0.08020561933517456,-0.35888639092445374,-0.05204113344836969,-0.08486282825469971,-0.41060638427734375,-0.06060012947011728,-0.015087604522705078,-0.21335697174072266,-0.018481360331065844,-0.004358410835266113,-0.31213265657424927,-0.050781352028138826,0.003779470920562744,-0.3783060908317566,-0.07069648201752443,0.015527486801147461,-0.43702393770217896,-0.07932681734848757,0.02327406406402588,-0.1913265585899353,-0.024841537281758974,0.0374072790145874,-0.22978514432907104,-0.0669077798276021,0.01777362823486328,-0.1628844141960144,-0.06732506449509401,0.0052405595779418945,-0.11713546514511108,-0.054204457953460405,0.05477571487426758,-0.15745645761489868,-0.03313416759658594,0.060967087745666504,-0.19183731079101562,-0.0626803800015523,0.04455167055130005,-0.14602255821228027,-0.056001895621307085,0.031818926334381104,-0.11346226930618286,-0.042618849828727434
K with wrist,0.0,0.0,0.0,-0.043743014335632324,-0.05478483438491821,-0.02600940582090061,-0.054768502712249756,-0.13589149713516235,-0.0369042147391383,-0.026163578033447266,-0.20495420694351196,-0.047906945317322425,-0.002851724624633789,-0.25492364168167114,-0.05631988388233822,-0.05711907148361206,-0.213470458984375,-0.015195023126238993,-0.07190954685211182,-0.3024272918701172,-0.03767814379864376,-0.08153504133224487,-0.360039085149765,-0.051583244323069266,-0.08641159534454346,-0.41072991490364075,-0.06018350538545292,-0.015445709228515625,-0.21404320001602173,-0.01870132130318325,-0.005147993564605713,-0.3135873079299927,-0.050230714350277594,0.003031790256500244,-0.3792354464530945,-0.07016225424342792,0.014299750328063965,-0.43821364641189575,-0.07895449069076221,0.023142218589782715,-0.19099795818328857,-0.025228624089891127,0.036904335021972656,-0.2302229404449463,-0.0669863027029578,0.017742574214935303,-0.16338270902633667,-0.06798446443610828,0.004815816879272461,-0.11885780096054077,-0.05544763323598545,0.05460381507873535,-0.15583842992782593,-0.03361014169388454,0.06103628873825073,-0.1921675205230713,-0.06300203767352741,0.0446205735206604,-0.14645850658416748,-0.05642496314578693,0.030932247638702393,-0.11424803733825684,-0.04329268154435795
K with wrist,0.0,0.0,0.0,-0.04441434144973755,-0.054535090923309326,-0.025375940617948345,-0.05624592304229736,-0.13662588596343994,-0.03601427820029812,-0.027709543704986572,-0.2064383625984192,-0.04688243266645031,-0.0038095712661743164,-0.2559567093849182,-0.05523032766285496,-0.05764210224151611,-0.21324872970581055,-0.015109129962354473,-0.07275146245956421,-0.3028445839881897,-0.037597403642564586,-0.08265852928161621,-0.36052870750427246,-0.051421698895126156,-0.08767598867416382,-0.411655992269516,-0.05999480259123402,-0.01597362756729126,-0.2137136459350586,-0.01887125220599728,-0.005733013153076172,-0.3139652609825134,-0.05082017627063351,0.002431631088256836,-0.38004904985427856,-0.07077790122929173,0.013550221920013428,-0.4390870928764343,-0.07953016531172352,0.022713959217071533,-0.19101715087890625,-0.025542692062288097,0.03629648685455322,-0.23122739791870117,-0.06762527000608998,0.01707702875137329,-0.16381078958511353,-0.06834013831320362,0.004170060157775879,-0.11856085062026978,-0.05553930696549969,0.054383933544158936,-0.15665864944458008,-0.03400129151049214,0.06030982732772827,-0.19323253631591797,-0.06360256743136006,0.04392707347869873,-0.14634859561920166,-0.056823410806089214,0.030481398105621338,-0.11345499753952026,-0.04352575239244061
K with wrist,0.0,0.0,0.0,-0.04355120658874512,-0.055081188678741455,-0.026153826774702793,-0.05368626117706299,-0.1392073631286621,-0.03679708919082714,-0.02547156810760498,-0.2085302472114563,-0.04768647408639026,-0.0026773810386657715,-0.2587641477584839,-0.05596992156063152,-0.05788916349411011,-0.21638494729995728,-0.01478223471497131,-0.07264983654022217,-0.3064051866531372,-0.0369572803989513,-0.08224624395370483,-0.3640609383583069,-0.05066126740132404,-0.08705544471740723,-0.4148268699645996,-0.059099657149658924,-0.015541613101959229,-0.21589714288711548,-0.01827315768753124,-0.0048642754554748535,-0.31595858931541443,-0.04990201226030422,0.0028609037399291992,-0.38241660594940186,-0.07033305025254322,0.013507485389709473,-0.44220444560050964,-0.07942509806309772,0.02351599931716919,-0.19224077463150024,-0.024793408499704128,0.03658503293991089,-0.23271828889846802,-0.06670739656840396,0.017680883407592773,-0.16596990823745728,-0.06834578669224811,0.005035221576690674,-0.12162715196609497,-0.05613918757592273,0.05581110715866089,-0.15742391347885132,-0.033139662505732304,0.061953723430633545,-0.19516223669052124,-0.06224939754758907,0.04565227031707764,-0.14969676733016968,-0.055839823247538334,0.032199978828430176,-0.11751508712768555,-0.042844833494768864
K with wrist,0.0,0.0,0.0,-0.042971789836883545,-0.05867314338684082,-0.024584848802817305,-0.05338430404663086,-0.14034295082092285,-0.035038037594688376,-0.024746358394622803,-0.20977920293807983,-0.0459448568488483,-0.0004686117172241211,-0.2594144940376282,-0.05425288751376911,-0.05740487575531006,-0.21780699491500854,-0.013888483304810961,-0.07233572006225586,-0.30890318751335144,-0.036576925214660605,-0.08219224214553833,-0.3668231666088104,-0.051334938403499564,-0.08687806129455566,-0.41792190074920654,-0.06069172769440456,-0.015134096145629883,-0.21731537580490112,-0.018118083846104582,-0.004767119884490967,-0.3184394836425781,-0.05020538195623203,0.003363668918609619,-0.3849673271179199,-0.07153996675862118,0.014686286449432373,-0.4451049864292145,-0.08147744685066982,0.024180293083190918,-0.19310128688812256,-0.02508760094298168,0.03761106729507446,-0.23382467031478882,-0.066436676677597,0.018578171730041504,-0.16658109426498413,-0.06720594912422939,0.005673825740814209,-0.12208527326583862,-0.054722922291887244,0.05584758520126343,-0.15696024894714355,-0.033861494060886344,0.06222128868103027,-0.19609928131103516,-0.06240308880461498,0.04548412561416626,-0.14936506748199463,-0.054946905371082266,0.031691133975982666,-0.11668658256530762,-0.041375114020240744
K with wrist,0.0,0.0,0.0,-0.04466980695724487,-0.05928492546081543,-0.025419141742759166,-0.05573904514312744,-0.13971269130706787,-0.03683078812377971,-0.02641892433166504,-0.20969092845916748,-0.04852747695463222,-0.0017171502113342285,-0.26073867082595825,-0.05740320833342594,-0.05973130464553833,-0.21886658668518066,-0.015670178103619037,-0.07387155294418335,-0.3108970522880554,-0.03873032109754604,-0.0837411880493164,-0.3691909909248352,-0.054058873671465335,-0.08826518058776855,-0.42075878381729126,-0.06401176528947872,-0.016932249069213867,-0.21881747245788574,-0.019583871233635364,-0.00592726469039917,-0.31959229707717896,-0.0524470895709328,0.0021843314170837402,-0.38738808035850525,-0.07474975066202205,0.01378774642944336,-0.4486033022403717,-0.08572992460744899,0.022814631462097168,-0.19496512413024902,-0.02610168756859821,0.03672868013381958,-0.23662471771240234,-0.06735253112333339,0.0173761248588562,-0.16908711194992065,-0.06774831341522258,0.004490196704864502,-0.1239316463470459,-0.05531836824434322,0.054967641830444336,-0.15929663181304932,-0.03457814233320278,0.06178766489028931,-0.20022618770599365,-0.06322237627523464,0.04594135284423828,-0.1536957025527954,-0.055710577982836185,0.032841622829437256,-0.12045454978942871,-0.04218217881339115
K with wrist,0.0,0.0,0.0,-0.046139419078826904,-0.060849666595458984,-0.02345525694170192,-0.057086050510406494,-0.14205360412597656,-0.03410261158921912,-0.02601003646850586,-0.2116379737854004,-0.04535974969246581,-0.0001907944679260254,-0.2621968388557434,-0.05381083895542815,-0.0591774582862854,-0.2217004895210266,-0.013678630228127986,-0.07354062795639038,-0.31417161226272583,-0.03532722626903251,-0.083371102809906,-0.37167689204216003,-0.04975876619198516,-0.087893545627594,-0.42232322692871094,-0.059339046823765784,-0.01610463857650757,-0.2206554412841797,-0.018662933605696708,-0.005451560020446777,-0.3221629858016968,-0.05056510527708724,0.002400994300842285,-0.38974833488464355,-0.07278169353583053,0.014425814151763916,-0.4503266513347626,-0.08393285830595687,0.023697614669799805,-0.19540590047836304,-0.026018763306524306,0.0368196964263916,-0.23717886209487915,-0.06602157314398482,0.016548097133636475,-0.16855406761169434,-0.06593174894430831,0.0037266016006469727,-0.12402147054672241,-0.053618647503640204,0.056146442890167236,-0.1585674285888672,-0.03522228111603454,0.061540424823760986,-0.1989213228225708,-0.06279661913492873,0.04443484544754028,-0.15183281898498535,-0.0547432083366175,0.030624687671661377,-0.11954116821289062,-0.04119345580318168
K with wrist,0.0,0.0,0.0,-0.046357154846191406,-0.06018155813217163,-0.02423001027079863,-0.05693870782852173,-0.1434699296951294,-0.03473084366294188,-0.026487112045288086,-0.2139245867729187,-0.045795510917628235,-0.001663506031036377,-0.26347649097442627,-0.05415433964105887,-0.05884772539138794,-0.22275960445404053,-0.014272186368430084,-0.07348161935806274,-0.31498879194259644,-0.03689534535976691,-0.08328169584274292,-0.3731623888015747,-0.051771189480746216,-0.08770853281021118,-0.4248981177806854,-0.06155388748618407,-0.015678226947784424,-0.22220379114151,-0.01894986203285498,-0.005498647689819336,-0.3246140778064728,-0.05194023942920012,0.0030359625816345215,-0.3925801217556,-0.07451327091428084,0.015246570110321045,-0.4534008204936981,-0.08558742648335738,0.02441549301147461,-0.19722211360931396,-0.026102706253254837,0.03716391324996948,-0.23753398656845093,-0.06776863282891554,0.01691114902496338,-0.16912692785263062,-0.06886667704554839,0.0035453438758850098,-0.12337344884872437,-0.056809983610833115,0.05723768472671509,-0.1607000231742859,-0.03506300544711394,0.06258076429367065,-0.19805371761322021,-0.06426923668357176,0.044762372970581055,-0.1505523920059204,-0.057428832560503906,0.02973264455795288,-0.11718815565109253,-0.04433843067261023
K with wrist,0.0,0.0,0.0,-0.046904563903808594,-0.05949866771697998,-0.025092913978028264,-0.05838453769683838,-0.14363789558410645,-0.036495368205237355,-0.028008341789245605,-0.21415728330612183,-0.048369615547585454,-0.0023713111877441406,-0.26501673460006714,-0.05733796509377953,-0.05957365036010742,-0.2244604229927063,-0.016228080936002698,-0.07435661554336548,-0.31807374954223633,-0.039319283537793126,-0.08443784713745117,-0.37667137384414673,-0.05401213394873139,-0.08925014734268188,-0.42871320247650146,-0.06354579257242676,-0.015847206115722656,-0.22413647174835205,-0.020884440489339795,-0.005114316940307617,-0.3264593482017517,-0.054413306735682454,0.003549039363861084,-0.3954235315322876,-0.07674216406815049,0.015755832195281982,-0.4569920599460602,-0.0874717302846193,0.024610936641693115,-0.19913673400878906,-0.02812693195812699,0.037303030490875244,-0.23591214418411255,-0.07036053317062851,0.016674935817718506,-0.16786956787109375,-0.07168340610735413,0.0029449462890625,-0.12204653024673462,-0.059578380756306615,0.057900965213775635,-0.16240930557250977,-0.03727728801243302,0.0639992356300354,-0.19688737392425537,-0.0669074796365976,0.04529523849487305,-0.1506529450416565,-0.06054003836982247,0.029188871383666992,-0.11744248867034912,-0.047669402532505956
K with wrist,0.0,0.0,0.0,-0.047222673892974854,-0.05908089876174927,-0.02650576919023706,-0.05884349346160889,-0.1432674527168274,-0.03838141351644708,-0.027970731258392334,-0.21574318408966064,-0.050372318324491516,-0.0027697086334228516,-0.2684917449951172,-0.059239567217275635,-0.061109721660614014,-0.22542983293533325,-0.017287366983339325,-0.0755966305732727,-0.31950870156288147,-0.04124829634730531,-0.08537507057189941,-0.3786301612854004,-0.05689461990897371,-0.08962613344192505,-0.43136292695999146,-0.0673018553823681,-0.017192959785461426,-0.2257973551750183,-0.02134037665729238,-0.006690502166748047,-0.3281663656234741,-0.056598537561342255,0.0031338930130004883,-0.39770305156707764,-0.08037218540613367,0.01665407419204712,-0.4592539966106415,-0.09217643081848337,0.023864686489105225,-0.2006663680076599,-0.02795557580594732,0.03630262613296509,-0.23739725351333618,-0.07126461803619577,0.015846610069274902,-0.16823190450668335,-0.07275573998396112,0.0020558834075927734,-0.12161260843276978,-0.06075055613820268,0.05789804458618164,-0.1642799973487854,-0.03662440642420961,0.06318682432174683,-0.19764244556427002,-0.06755063026849939,0.044392943382263184,-0.150712251663208,-0.06175616472665979,0.027802705764770508,-0.11773985624313354,-0.049173952040121094
K with wrist,0.0,0.0,0.0,-0.047211289405822754,-0.06082725524902344,-0.024670884012039096,-0.058267831802368164,-0.1454574465751648,-0.03573357686286727,-0.02743452787399292,-0.21636611223220825,-0.047351986168678195,-0.002726614475250244,-0.26687192916870117,-0.055901944636161716,-0.05877673625946045,-0.22667443752288818,-0.015503520144875438,-0.07302290201187134,-0.32235443592071533,-0.038065511732156665,-0.08270007371902466,-0.38121098279953003,-0.05249236896520415,-0.0868762731552124,-0.43363648653030396,-0.0620083995152072,-0.014633774757385254,-0.2260342240333557,-0.02021371200567046,-0.0033911466598510742,-0.3301835060119629,-0.05436651036029616,0.006700694561004639,-0.4006291925907135,-0.0776145271945552,0.020560145378112793,-0.46069836616516113,-0.08909584209209243,0.026539087295532227,-0.20066457986831665,-0.027322838081772716,0.03929382562637329,-0.2381841540336609,-0.06989566609149733,0.01830810308456421,-0.16841351985931396,-0.07180832698827544,0.004284262657165527,-0.11987084150314331,-0.060172908006961734,0.06104004383087158,-0.1650080680847168,-0.0363193787623004,0.06627440452575684,-0.19807440042495728,-0.0668861381698207,0.04707854986190796,-0.15098345279693604,-0.06141291931157866,0.030163109302520752,-0.11707603931427002,-0.04915255680566588
K with wrist,0.0,0.0,0.0,-0.04808378219604492,-0.06170535087585449,-0.025981758629598062,-0.05870950222015381,-0.14866197109222412,-0.03688365491262857,-0.02631664276123047,-0.22009700536727905,-0.0481268902324814,-0.002071559429168701,-0.27173250913619995,-0.05606068940988962,-0.05970507860183716,-0.23046398162841797,-0.016118400638617914,-0.07288920879364014,-0.3278687596321106,-0.039389385750212114,-0.08207863569259644,-0.3879687786102295,-0.05414731325737421,-0.08580535650253296,-0.44152241945266724,-0.06368635865084116,-0.01432502269744873,-0.22990018129348755,-0.020213440900363366,-0.0023406147956848145,-0.33379095792770386,-0.0556501959466118,0.00827491283416748,-0.406055212020874,-0.07957183839909021,0.022419512271881104,-0.4678245186805725,-0.09117851676575128,0.027485311031341553,-0.20455396175384521,-0.026971346607126634,0.039961040019989014,-0.24061107635498047,-0.07158538969389383,0.01880168914794922,-0.1696752905845642,-0.07450366290441934,0.004609227180480957,-0.12016665935516357,-0.06276499005190317,0.06291168928146362,-0.16946637630462646,-0.03566061230532114,0.06881457567214966,-0.20185154676437378,-0.06789105655781213,0.04940837621688843,-0.15488362312316895,-0.06346249105564539,0.03238004446029663,-0.12101703882217407,-0.05144117670289461
K with wrist,0.0,0.0,0.0,-0.04772603511810303,-0.06256842613220215,-0.02650631539756887,-0.058226585388183594,-0.14975619316101074,-0.03770688683027856,-0.025588512420654297,-0.2213553786277771,-0.04913561180467241,-0.000698089599609375,-0.27345216274261475,-0.05743050709600084,-0.057947516441345215,-0.23236578702926636,-0.016341983752795386,-0.07093948125839233,-0.32924214005470276,-0.03933491319651239,-0.08011668920516968,-0.3893589377403259,-0.05362956732744806,-0.08383727073669434,-0.4429436922073364,-0.06289240479702585,-0.012202560901641846,-0.2302696704864502,-0.020551816972442793,0.0004342794418334961,-0.3352731466293335,-0.05614186585182779,0.011626720428466797,-0.4075722098350525,-0.08020318806404703,0.026455163955688477,-0.46873071789741516,-0.09177912533516519,0.030119240283966064,-0.20332765579223633,-0.027434622349687743,0.04302400350570679,-0.23773694038391113,-0.07295156032080286,0.020837485790252686,-0.16703110933303833,-0.07672270894283884,0.005735278129577637,-0.11800086498260498,-0.06538178533548944,0.06579470634460449,-0.16670334339141846,-0.0361508852266752,0.07074767351150513,-0.1981789469718933,-0.06915269553894632,0.05125260353088379,-0.15042400360107422,-0.06499762594933145,0.03419089317321777,-0.11670023202896118,-0.05316029250855081
K with wrist,0.0,0.0,0.0,-0.04782092571258545,-0.06422382593154907,-0.028170553001416465,-0.058074891567230225,-0.15008360147476196,-0.0407198508855231,-0.02451115846633911,-0.22245532274246216,-0.053189444321048995,0.001425027847290039,-0.27649688720703125,-0.06240152471031024,-0.05894148349761963,-0.23437047004699707,-0.017795064451945564,-0.07144248485565186,-0.33190715312957764,-0.041899344849241515,-0.08020448684692383,-0.3926641345024109,-0.05637286879385783,-0.08387702703475952,-0.4470369815826416,-0.06522946708167865,-0.01223069429397583,-0.23300933837890625,-0.021442781167877456,0.001717209815979004,-0.33871740102767944,-0.05776884310211017,0.0134543776512146,-0.41142141819000244,-0.0809815143820174,0.02842545509338379,-0.4725077748298645,-0.09116809718574359,0.031090617179870605,-0.20631814002990723,-0.02803861439491584,0.04349488019943237,-0.23650628328323364,-0.07471905552114322,0.02083897590637207,-0.16426002979278564,-0.07746764175857379,0.0057440996170043945,-0.11496216058731079,-0.06446923218931033,0.06738245487213135,-0.16938000917434692,-0.03659120477999522,0.07170021533966064,-0.19908857345581055,-0.06980901859964206,0.05139303207397461,-0.15021663904190063,-0.06432118915284946,0.03369414806365967,-0.11601841449737549,-0.05089128665889575
K with wrist,0.0,0.0,0.0,-0.047718584537506104,-0.06443142890930176,-0.028337009186770956,-0.05844473838806152,-0.14963704347610474,-0.041323497827079336,-0.0250399112701416,-0.22305268049240112,-0.054298609430816214,0.0018846988677978516,-0.2769397497177124,-0.06407862895252947,-0.05913197994232178,-0.23454642295837402,-0.018142949725415747,-0.07120907306671143,-0.3331982493400574,-0.043025754327800314,-0.07996165752410889,-0.39502447843551636,-0.05832056322219614,-0.08364075422286987,-0.4505298137664795,-0.0677767618847156,-0.012168824672698975,-0.2330629825592041,-0.02192138128998522,0.002650916576385498,-0.3403037488460541,-0.05899208405139689,0.014922499656677246,-0.41388779878616333,-0.08248365664007906,0.030171632766723633,-0.47624269127845764,-0.09285168343308214,0.03152722120285034,-0.20600014925003052,-0.028624886582520048,0.04496574401855469,-0.238059401512146,-0.07602440559389834,0.02213883399963379,-0.16487544775009155,-0.07806304090740923,0.006453812122344971,-0.11463391780853271,-0.06438357376578097,0.0675700306892395,-0.16830790042877197,-0.03731134154918436,0.07296979427337646,-0.20040947198867798,-0.07112882279875521,0.052507996559143066,-0.1502586007118225,-0.06489702307703737,0.034203946590423584,-0.1147260069847107,-0.05073256784203295
K with wrist,0.0,0.0,0.0,-0.04796159267425537,-0.06139051914215088,-0.03089041441722884,-0.05839186906814575,-0.15047866106033325,-0.04494667045815959,-0.023594319820404053,-0.22524583339691162,-0.058514866903863094,0.003154277801513672,-0.28207141160964966,-0.06867686651690974,-0.059258460998535156,-0.2370356321334839,-0.02092634879096522,-0.07126826047897339,-0.33781105279922485,-0.046386770829997204,-0.07992738485336304,-0.4009850323200226,-0.06141509480818286,-0.0838128924369812,-0.45692014694213867,-0.07059339426501765,-0.011261820793151855,-0.23460566997528076,-0.02394998624964728,0.0031833648681640625,-0.3418097496032715,-0.06240562342151179,0.015284299850463867,-0.4160286784172058,-0.08604682229503169,0.03021949529647827,-0.47915634512901306,-0.09623856835111155,0.032558321952819824,-0.20657747983932495,-0.030120028108797214,0.045616209506988525,-0.2404714822769165,-0.07950771592601313,0.02208918333053589,-0.16456198692321777,-0.08122655741914286,0.005876600742340088,-0.11306416988372803,-0.0667817368362762,0.06881260871887207,-0.16860461235046387,-0.03839105732782855,0.07360410690307617,-0.2012128233909607,-0.07428330920680537,0.05366647243499756,-0.14969849586486816,-0.06841947875960841,0.035865604877471924,-0.11382019519805908,-0.0540270655606605
K with wrist,0.0,0.0,0.0,-0.04792439937591553,-0.06153589487075806,-0.030494971219184208,-0.05846071243286133,-0.1533902883529663,-0.044650459680440235,-0.024147391319274902,-0.22921669483184814,-0.05845723861801844,0.002800583839416504,-0.2870525121688843,-0.0690888371502183,-0.059101998805999756,-0.23762834072113037,-0.022529287282111454,-0.07247477769851685,-0.3394917845726013,-0.04831806385863047,-0.08195251226425171,-0.4047926366329193,-0.06305924618590097,-0.08678364753723145,-0.462236225605011,-0.0718358960186265,-0.011528313159942627,-0.2359333634376526,-0.026035051811220455,0.0028565526008605957,-0.3459797501564026,-0.06279596501934748,0.01476353406906128,-0.4201763868331909,-0.0844888072644494,0.029213368892669678,-0.48413923382759094,-0.09350129032480936,0.032079100608825684,-0.20882713794708252,-0.03267736176002245,0.04682689905166626,-0.24670284986495972,-0.08101142758476954,0.023213446140289307,-0.17153048515319824,-0.08162972146618586,0.006887853145599365,-0.1196058988571167,-0.06671399438727121,0.06788033246994019,-0.17014694213867188,-0.04141868466484766,0.0741415023803711,-0.20606201887130737,-0.07614355349886637,0.05481517314910889,-0.15584427118301392,-0.06905736589777689,0.0376429557800293,-0.11923158168792725,-0.054004920664908695
K with wrist,0.0,0.0,0.0,-0.04612898826599121,-0.06356149911880493,-0.03126872553235671,-0.057777464389801025,-0.15101677179336548,-0.04571473820811889,-0.02465987205505371,-0.2252570390701294,-0.05947665347463271,0.0012200474739074707,-0.28246432542800903,-0.06999594940549514,-0.05975717306137085,-0.2368198037147522,-0.02214610240167758,-0.07477569580078125,-0.33765649795532227,-0.04817951692945144,-0.08474975824356079,-0.40267789363861084,-0.06349113060838363,-0.08971196413040161,-0.45986899733543396,-0.07245543076402328,-0.011813938617706299,-0.23444592952728271,-0.025227494898501845,0.001881718635559082,-0.34593716263771057,-0.06167721970683715,0.013017535209655762,-0.4187455177307129,-0.08336314036256454,0.02701336145401001,-0.48357483744621277,-0.09208268149501464,0.03228551149368286,-0.20581364631652832,-0.03155356122857711,0.04662787914276123,-0.24346232414245605,-0.08044450952417037,0.02384650707244873,-0.16924446821212769,-0.08081408067351958,0.008503735065460205,-0.11923438310623169,-0.06523172034627578,0.067280113697052,-0.1645546555519104,-0.03986511601812026,0.07425624132156372,-0.2057417631149292,-0.07416525705463073,0.05609619617462158,-0.155816912651062,-0.06537726743823669,0.04062432050704956,-0.11948615312576294,-0.04887889547950408
K with wrist,0.0,0.0,0.0,-0.047801077365875244,-0.06381011009216309,-0.030469332044731345,-0.060388922691345215,-0.1525050401687622,-0.04474983007253286,-0.027125000953674316,-0.2289360761642456,-0.05850778535545942,-0.0009246468544006348,-0.28707265853881836,-0.06903379053414938,-0.06205374002456665,-0.2370922565460205,-0.021550258775960174,-0.07780826091766357,-0.3396679162979126,-0.04779870078505155,-0.08789712190628052,-0.40579184889793396,-0.06326894105018255,-0.09284341335296631,-0.46379804611206055,-0.07222152144254324,-0.014355599880218506,-0.23534947633743286,-0.024884982188950744,-0.0009532570838928223,-0.34835630655288696,-0.061282426273237434,0.009820997714996338,-0.42181065678596497,-0.08260810763181325,0.02353125810623169,-0.48695847392082214,-0.09093259662927267,0.0298880934715271,-0.20771926641464233,-0.03142391905726072,0.04531264305114746,-0.24811166524887085,-0.07985251039804098,0.022505581378936768,-0.17380034923553467,-0.07936651647628423,0.007085740566253662,-0.12356835603713989,-0.06320903093160268,0.06524461507797241,-0.16742074489593506,-0.03994367287100431,0.07339310646057129,-0.21037578582763672,-0.07373863846601125,0.055108070373535156,-0.16015833616256714,-0.06425479442418691,0.03950470685958862,-0.12366801500320435,-0.04718175918401357
K with wrist,0.0,0.0,0.0,-0.0472298264503479,-0.06366902589797974,-0.031284190450548977,-0.05991697311401367,-0.151749849319458,-0.04608624774658665,-0.02834153175354004,-0.22811943292617798,-0.06015428874337658,-0.0024983882904052734,-0.28658127784729004,-0.07098201635920987,-0.06416285037994385,-0.239008367061615,-0.022867923338651508,-0.08013558387756348,-0.3423175811767578,-0.049238119010567516,-0.0898362398147583,-0.4085089862346649,-0.0648096424683331,-0.09464901685714722,-0.46624526381492615,-0.07376663360440716,-0.016282379627227783,-0.23828357458114624,-0.025890134011149257,-0.0027863383293151855,-0.35277169942855835,-0.061709806059241146,0.008060693740844727,-0.4252001643180847,-0.08285414401137814,0.02160203456878662,-0.4898588955402374,-0.09114253494584545,0.028307735919952393,-0.2117292881011963,-0.03219349283421025,0.04502075910568237,-0.25021302700042725,-0.0798504349931477,0.022381901741027832,-0.17728662490844727,-0.08009438935363278,0.00672990083694458,-0.12869048118591309,-0.06473699185693249,0.0641668438911438,-0.17180585861206055,-0.04057979184830174,0.07346540689468384,-0.213947594165802,-0.07362616780841336,0.05586475133895874,-0.1651816964149475,-0.0646197420700787,0.040483713150024414,-0.12941086292266846,-0.04814182568037495
K with wrist,0.0,0.0,0.0,-0.04573047161102295,-0.06745129823684692,-0.030055880215059005,-0.05794227123260498,-0.15581881999969482,-0.043346890848170005,-0.026947438716888428,-0.23309558629989624,-0.05617651123930045,-0.0008209943771362305,-0.2912463843822479,-0.06555260125924178,-0.06440246105194092,-0.24224400520324707,-0.01815783758092948,-0.08036911487579346,-0.3465975522994995,-0.042502617131958687,-0.09041428565979004,-0.41235315799713135,-0.05773921091486045,-0.09492313861846924,-0.47018998861312866,-0.06698959473897048,-0.016549110412597656,-0.24084877967834473,-0.0211643796824319,-0.002905428409576416,-0.35506486892700195,-0.05668882061172553,0.007882416248321533,-0.4285985827445984,-0.07974077914286681,0.022073090076446533,-0.4946843683719635,-0.0898770183734996,0.02795332670211792,-0.2134411334991455,-0.027260055433998787,0.04562270641326904,-0.25486189126968384,-0.07394545678425857,0.023111581802368164,-0.18217194080352783,-0.0750876158886058,0.007714509963989258,-0.13357621431350708,-0.06081223640967437,0.06345915794372559,-0.17373555898666382,-0.035376401286612236,0.07371127605438232,-0.21902507543563843,-0.06746941212941238,0.056222736835479736,-0.16959333419799805,-0.058751532476435386,0.04097706079483032,-0.13362538814544678,-0.04292503524948188
K with wrist,0.0,0.0,0.0,-0.04684460163116455,-0.06663680076599121,-0.02971838047574238,-0.059453606605529785,-0.15577048063278198,-0.042950736413104096,-0.02720862627029419,-0.23409318923950195,-0.05569886980424599,-0.0007117390632629395,-0.2933076322078705,-0.06509639886985497,-0.06445580720901489,-0.24211853742599487,-0.018571529591781655,-0.08047997951507568,-0.3461206257343292,-0.042889313826663056,-0.0911252498626709,-0.4119081497192383,-0.05801601527105049,-0.09650146961212158,-0.46983110904693604,-0.06730563757787422,-0.016241133213043213,-0.2414293885231018,-0.02176181418667511,-0.00269162654876709,-0.35590410232543945,-0.05690947366724686,0.007782697677612305,-0.4289626181125641,-0.0795776304400988,0.02155965566635132,-0.4949165880680084,-0.0896617528594561,0.028361022472381592,-0.21446174383163452,-0.02799464581380562,0.04506504535675049,-0.25563710927963257,-0.07442707387576775,0.022132515907287598,-0.18234199285507202,-0.07543217209945396,0.006630599498748779,-0.13330084085464478,-0.06134157074461655,0.0641447901725769,-0.17510312795639038,-0.036211462745768586,0.07289344072341919,-0.21887725591659546,-0.06825505761275963,0.05530601739883423,-0.16909945011138916,-0.059498557875258484,0.04045116901397705,-0.1331782341003418,-0.043841706643206635
K with wrist,0.0,0.0,0.0,-0.047328412532806396,-0.06657326221466064,-0.029526821800970993,-0.05985766649246216,-0.1543923020362854,-0.04306860780110355,-0.027528584003448486,-0.2323986291885376,-0.056179729753637275,-0.0016478896141052246,-0.29207196831703186,-0.06592830782523151,-0.06581634283065796,-0.24107694625854492,-0.01990688731660839,-0.0819501280784607,-0.3462657332420349,-0.04529392486205097,-0.09278160333633423,-0.412802517414093,-0.06114219641079899,-0.09787803888320923,-0.47135430574417114,-0.07091099535813328,-0.017546236515045166,-0.24080830812454224,-0.02352705178549286,-0.004415929317474365,-0.35519087314605713,-0.06022943323245045,0.006201028823852539,-0.429287850856781,-0.08383763348450657,0.020289599895477295,-0.4957989454269409,-0.09449002658715244,0.027347981929779053,-0.21400213241577148,-0.02997424592962261,0.043317556381225586,-0.25527721643447876,-0.07722115283598896,0.020664453506469727,-0.18110328912734985,-0.07782735442509647,0.0053476691246032715,-0.13192671537399292,-0.06345626478781696,0.06298661231994629,-0.17425823211669922,-0.038415839427614173,0.07039302587509155,-0.2163143754005432,-0.07110225176205631,0.052491068840026855,-0.16493189334869385,-0.06206115474691387,0.037333667278289795,-0.1287030577659607,-0.04610483115305897
K with wrist,0.0,0.0,0.0,-0.0491335391998291,-0.06295555830001831,-0.029440376995410134,-0.06283313035964966,-0.15486901998519897,-0.043369585736002136,-0.030734717845916748,-0.2340749204158783,-0.05715454192301195,-0.0039460062980651855,-0.2946907579898834,-0.06777949453731935,-0.06698828935623169,-0.24047565460205078,-0.021763920871819664,-0.08339262008666992,-0.3447926342487335,-0.04879570202371042,-0.09405362606048584,-0.41191554069519043,-0.06458364994665544,-0.09922093152999878,-0.47109732031822205,-0.07412281454941194,-0.01822066307067871,-0.24293804168701172,-0.02600934178968828,-0.005552351474761963,-0.3560031056404114,-0.06387310297628801,0.005078375339508057,-0.4307320713996887,-0.0865925011171953,0.0190812349319458,-0.4972871243953705,-0.09639487238069933,0.027020633220672607,-0.21898049116134644,-0.033299317671264816,0.042068541049957275,-0.2566806972026825,-0.08142424942394655,0.018622159957885742,-0.18094927072525024,-0.0817033854260103,0.0031151175498962402,-0.13073480129241943,-0.06704024047991197,0.06370347738265991,-0.18179279565811157,-0.0427249317004339,0.06817257404327393,-0.2132309079170227,-0.07639110655924242,0.048847496509552,-0.1607450246810913,-0.06857854695459764,0.03331941366195679,-0.12488919496536255,-0.05343577460786264
K with wrist,0.0,0.0,0.0,-0.04901456832885742,-0.061134397983551025,-0.031099791934025234,-0.06277692317962646,-0.15295910835266113,-0.04563405859960312,-0.031161904335021973,-0.23141741752624512,-0.05978999782098526,-0.005173385143280029,-0.2927597761154175,-0.07066588226450676,-0.06739801168441772,-0.2401239573955536,-0.022454138209354824,-0.08455222845077515,-0.34393298625946045,-0.04963011789811844,-0.09532296657562256,-0.4106324315071106,-0.06492724392307991,-0.10040003061294556,-0.4692615866661072,-0.0738183123220324,-0.018419384956359863,-0.24250352382659912,-0.026023888324630207,-0.005869150161743164,-0.3548559844493866,-0.06444978836668724,0.004357337951660156,-0.4293532967567444,-0.08707594994200463,0.018272995948791504,-0.49524688720703125,-0.09625728551043267,0.02699357271194458,-0.2187633514404297,-0.03292761120690102,0.0420261025428772,-0.25358372926712036,-0.08234100166453118,0.018463969230651855,-0.17680060863494873,-0.08338770393027062,0.003053903579711914,-0.12730449438095093,-0.06861706200731987,0.06458407640457153,-0.18232625722885132,-0.04199644300831551,0.06927239894866943,-0.2117239236831665,-0.07670734945429558,0.049998939037323,-0.15891015529632568,-0.06958959374321694,0.034181058406829834,-0.1239703893661499,-0.05454323935998673
K with wrist,0.0,0.0,0.0,-0.05054605007171631,-0.06041139364242554,-0.029028954319983313,-0.06605613231658936,-0.1507343053817749,-0.043370155953198264,-0.03359496593475342,-0.2307516634464264,-0.05771981772068102,-0.005725085735321045,-0.2914210557937622,-0.06880679946425516,-0.06873595714569092,-0.23803043365478516,-0.022301633246570418,-0.08602601289749146,-0.3431815505027771,-0.04942001249673922,-0.0971297025680542,-0.41037654876708984,-0.06497013788703043,-0.1025354266166687,-0.4698471128940582,-0.07435406219246943,-0.019897043704986572,-0.24082469940185547,-0.027075048871665786,-0.007335960865020752,-0.35464605689048767,-0.06657398711922724,0.0026869773864746094,-0.43101030588150024,-0.09043280255082209,0.01610863208770752,-0.49786055088043213,-0.10074778120997507,0.02561473846435547,-0.21689850091934204,-0.034603542052536795,0.039286136627197266,-0.25303471088409424,-0.08419137667897303,0.01667153835296631,-0.17540240287780762,-0.08466408621552546,0.0015465021133422852,-0.12375128269195557,-0.0695735387134846,0.06321728229522705,-0.18016952276229858,-0.04412261989000399,0.06718772649765015,-0.21216940879821777,-0.0787421114373501,0.04838860034942627,-0.15813469886779785,-0.07085724394801218,0.03238868713378906,-0.12069350481033325,-0.05529764514449198
K with wrist,0.0,0.0,0.0,-0.05092775821685791,-0.06141287088394165,-0.02830740044578306,-0.06607043743133545,-0.1528327465057373,-0.04184443483813993,-0.03402513265609741,-0.23349356651306152,-0.055685993085944574,-0.005931437015533447,-0.2930832803249359,-0.06617787088021032,-0.06994497776031494,-0.2412882149219513,-0.01937960440977804,-0.08710342645645142,-0.3451341390609741,-0.045416969607913416,-0.09801828861236572,-0.41132932901382446,-0.060661829809987466,-0.10319209098815918,-0.47020673751831055,-0.07019804025753729,-0.020820140838623047,-0.24320286512374878,-0.024363957147443216,-0.008958041667938232,-0.3560144901275635,-0.06393383796080343,0.0018653273582458496,-0.4329254627227783,-0.08873239512308828,0.016101181507110596,-0.4992859661579132,-0.09980850274428121,0.025029897689819336,-0.21849346160888672,-0.032144777278745096,0.0381503701210022,-0.2532326877117157,-0.08211762065752737,0.015226304531097412,-0.17539316415786743,-0.0842234974609255,-0.0006619095802307129,-0.12272894382476807,-0.07021135444506399,0.06346637010574341,-0.1821693778038025,-0.041819751064622324,0.06778991222381592,-0.2129611372947693,-0.07737825418575994,0.04793339967727661,-0.15884536504745483,-0.07124752158983938,0.029972076416015625,-0.12068474292755127,-0.056904196541154306
K with wrist,0.0,0.0,0.0,-0.051308631896972656,-0.06116759777069092,-0.028870318127474093,-0.06621617078781128,-0.15350043773651123,-0.042119251606663966,-0.0337795615196228,-0.2358127236366272,-0.055549217430552744,-0.005512356758117676,-0.2962266504764557,-0.06558027308960845,-0.0710364580154419,-0.2409813404083252,-0.01898343120296886,-0.08811080455780029,-0.34574776887893677,-0.04457082417388847,-0.09882307052612305,-0.4119487404823303,-0.05966909420271804,-0.10366594791412354,-0.4709551930427551,-0.06936446022768905,-0.021848976612091064,-0.24315494298934937,-0.02350330170770576,-0.010056912899017334,-0.3564322590827942,-0.06313886683960845,0.0010780692100524902,-0.4334636330604553,-0.08851444911738326,0.015905261039733887,-0.4989423453807831,-0.1001783628441899,0.02404695749282837,-0.21842136979103088,-0.030824312982758784,0.03738522529602051,-0.2545458674430847,-0.0806175638415425,0.014628469944000244,-0.17626500129699707,-0.08309234869261672,-0.001118481159210205,-0.12332922220230103,-0.06961462837239196,0.06325852870941162,-0.1825040578842163,-0.04010970335980346,0.06745529174804688,-0.2137736678123474,-0.07615796667118957,0.047828853130340576,-0.15868419408798218,-0.07077094357987335,0.030082643032073975,-0.12016034126281738,-0.05706907999297073
K with wrist,0.0,0.0,0.0,-0.05121564865112305,-0.06116670370101929,-0.02867814983159178,-0.06449896097183228,-0.15448617935180664,-0.041533793238102135,-0.03097635507583618,-0.23666197061538696,-0.05468687313526743,-0.0031532645225524902,-0.2972150146961212,-0.06448982926934832,-0.07070392370223999,-0.24015814065933228,-0.017905118790565666,-0.08680671453475952,-0.34566330909729004,-0.04324109005659693,-0.09731006622314453,-0.4117423892021179,-0.05812530863016718,-0.10199254751205444,-0.47057801485061646,-0.06757436963647478,-0.021575570106506348,-0.24231824278831482,-0.022348021072446045,-0.009195804595947266,-0.35666388273239136,-0.062076750126777824,0.001649618148803711,-0.434068500995636,-0.08774687620729082,0.016378462314605713,-0.4989611506462097,-0.09946147623389834,0.02403193712234497,-0.21824100613594055,-0.029652233150898155,0.03864818811416626,-0.25415676832199097,-0.07950221273034686,0.015747547149658203,-0.1763128638267517,-0.08254068615764254,-0.00019633769989013672,-0.12377357482910156,-0.0693775368008005,0.06329607963562012,-0.1837376356124878,-0.03892775150865191,0.06878393888473511,-0.2142418920993805,-0.07481389763682955,0.0495876669883728,-0.15903621912002563,-0.06980277868836993,0.03209120035171509,-0.12102621793746948,-0.056421364572941
K with wrist,0.0,0.0,0.0,-0.05135166645050049,-0.06171911954879761,-0.028446907697514234,-0.06438940763473511,-0.1552715301513672,-0.04145966708500737,-0.030581414699554443,-0.23765072226524353,-0.05481895670135373,-0.002517402172088623,-0.2975390553474426,-0.06488745897848958,-0.06992900371551514,-0.2420080006122589,-0.01867501862187737,-0.08654212951660156,-0.3474036157131195,-0.044421574620798765,-0.09704583883285522,-0.41379308700561523,-0.059893819092110334,-0.10141998529434204,-0.47291016578674316,-0.06993507087071293,-0.020779848098754883,-0.24375152587890625,-0.02339141495366448,-0.008730709552764893,-0.35759541392326355,-0.06369737028916234,0.0027993321418762207,-0.4353397488594055,-0.08995593577463978,0.018142998218536377,-0.5003701150417328,-0.10225828230221623,0.025035619735717773,-0.21919551491737366,-0.030870833022788702,0.039081573486328125,-0.25479403138160706,-0.0809222185595786,0.015535235404968262,-0.17746734619140625,-0.08426057040531987,-0.001199960708618164,-0.12455958127975464,-0.0714762979729926,0.06441670656204224,-0.18421578407287598,-0.04031338780959004,0.06946724653244019,-0.21544590592384338,-0.07660004734833592,0.04943501949310303,-0.1602655053138733,-0.07191871344883793,0.03084796667098999,-0.12127554416656494,-0.05882654204805249
K with wrist,0.0,0.0,0.0,-0.051781535148620605,-0.06082272529602051,-0.02836924643401062,-0.06568992137908936,-0.15538698434829712,-0.0417631179201976,-0.0317920446395874,-0.23834800720214844,-0.05555301756743347,-0.0030089616775512695,-0.29813793301582336,-0.06602826939109718,-0.06979107856750488,-0.2416733205318451,-0.020050213124193306,-0.08630228042602539,-0.3473520278930664,-0.046507498632706756,-0.09686386585235596,-0.4138370454311371,-0.061989991377629394,-0.10133188962936401,-0.4732521176338196,-0.0719420932340995,-0.020768404006958008,-0.24382364749908447,-0.025092160712517853,-0.008430778980255127,-0.3576909899711609,-0.06625852213386452,0.00312960147857666,-0.4357096552848816,-0.09241080508712685,0.018294870853424072,-0.5012845993041992,-0.10445305184606468,0.025005757808685303,-0.21977925300598145,-0.032790309201516266,0.039290010929107666,-0.25533172488212585,-0.08353287951234734,0.01583230495452881,-0.17665612697601318,-0.08607232050184166,-0.0008924007415771484,-0.1229705810546875,-0.07251531855348503,0.06459575891494751,-0.1849789023399353,-0.04245772809866821,0.06960028409957886,-0.21482476592063904,-0.07919160501245415,0.04956787824630737,-0.15884649753570557,-0.07406535224203026,0.03102976083755493,-0.11961603164672852,-0.06046678722981369
K with wrist,0.0,0.0,0.0,-0.05177217721939087,-0.06109941005706787,-0.028008094839833575,-0.06586045026779175,-0.1557832956314087,-0.04104262854912122,-0.03174698352813721,-0.23834684491157532,-0.05463580679156621,-0.0029789209365844727,-0.2977212071418762,-0.06501414146282514,-0.0692247748374939,-0.24233776330947876,-0.01844421666123708,-0.08643954992294312,-0.3472750782966614,-0.04446969818332036,-0.09718102216720581,-0.4139615297317505,-0.059936991743825274,-0.10184437036514282,-0.4737450182437897,-0.06999928768732389,-0.02016359567642212,-0.2443484663963318,-0.02377987544991811,-0.008316755294799805,-0.3585912585258484,-0.06470632817604383,0.0032689571380615234,-0.43686723709106445,-0.09111799564220746,0.018580913543701172,-0.5032340288162231,-0.10332793261864026,0.025854289531707764,-0.2196645736694336,-0.031785028837703067,0.03964078426361084,-0.2555447220802307,-0.08274207528688748,0.01580291986465454,-0.1771906614303589,-0.08571063246586164,-0.0009756684303283691,-0.12322801351547241,-0.07231498029091199,0.06564754247665405,-0.18395209312438965,-0.04167828228332837,0.07034993171691895,-0.21529170870780945,-0.07869834717371305,0.050195515155792236,-0.15970581769943237,-0.07357330139734586,0.03165233135223389,-0.12016487121582031,-0.05988827612259229
K with wrist,0.0,0.0,0.0,-0.05272752046585083,-0.06084245443344116,-0.028511165825818807,-0.06756603717803955,-0.1562839150428772,-0.041682874037121564,-0.033267855644226074,-0.24024897813796997,-0.05518271513113859,-0.004288077354431152,-0.3012569546699524,-0.06532831601629141,-0.06975042819976807,-0.24394387006759644,-0.019374785198067457,-0.0870894193649292,-0.34929734468460083,-0.04521669559011343,-0.09820270538330078,-0.4161161780357361,-0.06063754968175772,-0.10336381196975708,-0.4763813316822052,-0.07081043086776617,-0.020209431648254395,-0.2456689178943634,-0.024395969880913526,-0.00847780704498291,-0.35994571447372437,-0.06479805819520834,0.002688288688659668,-0.4379778504371643,-0.09076737724075201,0.017615914344787598,-0.5045006275177002,-0.10294050089845541,0.025921761989593506,-0.22056227922439575,-0.03211016692051771,0.0389288067817688,-0.2574954926967621,-0.08274570964107397,0.014886856079101562,-0.17815029621124268,-0.08510026447305563,-0.001967012882232666,-0.12368357181549072,-0.07144768647680166,0.06574761867523193,-0.18442946672439575,-0.04177395365962866,0.06975489854812622,-0.2163209617137909,-0.0787078749371517,0.04927551746368408,-0.1605411171913147,-0.07334198169240835,0.03052341938018799,-0.12092077732086182,-0.05954717211255911
K with wrist,0.0,0.0,0.0,-0.052377521991729736,-0.06173437833786011,-0.028517578110552222,-0.065909743309021,-0.15646082162857056,-0.04161432789311448,-0.0316472053527832,-0.2403830587863922,-0.0549659508620266,-0.003117382526397705,-0.3012949824333191,-0.06495939226493874,-0.06952494382858276,-0.24319186806678772,-0.019265121162391097,-0.08701682090759277,-0.3483496308326721,-0.045621052697754294,-0.09833753108978271,-0.4155430197715759,-0.06138497249827424,-0.10333055257797241,-0.47613516449928284,-0.0716675597582821,-0.020196974277496338,-0.2457481026649475,-0.02409829789445439,-0.008355438709259033,-0.36020684242248535,-0.06545541466817895,0.002715468406677246,-0.43866243958473206,-0.09230618210182229,0.017939329147338867,-0.5052963495254517,-0.10487757654533425,0.025924265384674072,-0.22146597504615784,-0.031558044568157584,0.03972887992858887,-0.2557954490184784,-0.08260052682504693,0.015407443046569824,-0.17743009328842163,-0.0856918174181942,-0.001346588134765625,-0.12385928630828857,-0.07240479470834771,0.06575167179107666,-0.18647730350494385,-0.040959202066517264,0.07005631923675537,-0.216455340385437,-0.07792350681171456,0.04995071887969971,-0.16035032272338867,-0.072979577199078,0.03198254108428955,-0.1211855411529541,-0.059452344045496375
K with wrist,0.0,0.0,0.0,-0.05295383930206299,-0.06138795614242554,-0.029194336192006176,-0.06753581762313843,-0.15653502941131592,-0.04273028466224105,-0.03412812948226929,-0.2404496669769287,-0.05647355485081107,-0.005787014961242676,-0.30180788040161133,-0.06679153236865432,-0.06993961334228516,-0.24366754293441772,-0.019835052819246357,-0.08726555109024048,-0.3490583598613739,-0.04616578090309531,-0.09832894802093506,-0.4163300693035126,-0.06169969383000762,-0.10341286659240723,-0.4769180715084076,-0.07174311372756392,-0.020567715167999268,-0.24568501114845276,-0.024499239207500523,-0.008755147457122803,-0.35986632108688354,-0.06595299932479293,0.0022006630897521973,-0.4383508563041687,-0.09228130224465758,0.01719886064529419,-0.5050071179866791,-0.10434397849559218,0.0256575345993042,-0.22100430727005005,-0.031882623018020695,0.03897714614868164,-0.2573530375957489,-0.08332897517203719,0.014854073524475098,-0.17751049995422363,-0.08553208205222518,-0.001750946044921875,-0.12295973300933838,-0.07136589083194167,0.06581395864486694,-0.18554472923278809,-0.041243890107864445,0.06988668441772461,-0.21756461262702942,-0.07847806605815322,0.04979836940765381,-0.16135233640670776,-0.07289553973197371,0.03154176473617554,-0.12193471193313599,-0.058710576773876255
K with wrist,0.0,0.0,0.0,-0.052276015281677246,-0.06038475036621094,-0.029404314151577182,-0.06725847721099854,-0.15483230352401733,-0.04357736176865501,-0.03362816572189331,-0.2388562560081482,-0.05791784442084236,-0.004671990871429443,-0.3005657494068146,-0.06896189219372673,-0.06940197944641113,-0.24184754490852356,-0.021684287032655902,-0.08671951293945312,-0.3478727340698242,-0.049075402236155696,-0.09769606590270996,-0.4156724512577057,-0.06509764856713218,-0.10268628597259521,-0.47660940885543823,-0.07537836200611991,-0.020255982875823975,-0.24375465512275696,-0.026580389505795665,-0.00833660364151001,-0.35896968841552734,-0.06909401333945198,0.0027577877044677734,-0.43761777877807617,-0.09592233962433738,0.017803311347961426,-0.5047176778316498,-0.10827143109457893,0.025777339935302734,-0.21949461102485657,-0.03407469383495254,0.03932392597198486,-0.255539208650589,-0.086392100817136,0.01491016149520874,-0.17582827806472778,-0.08896343774216575,-0.0018987655639648438,-0.12140804529190063,-0.07500508791821403,0.0657241940498352,-0.18433153629302979,-0.043514978057316966,0.06961953639984131,-0.2152104675769806,-0.08132167524712486,0.04964721202850342,-0.15845072269439697,-0.07591118282692833,0.03143346309661865,-0.1187814474105835,-0.06182821086662216
K with wrist,0.0,0.0,0.0,-0.052591800689697266,-0.06011420488357544,-0.029105016373989656,-0.0671808123588562,-0.15506303310394287,-0.04290699527501829,-0.033558011054992676,-0.2390941083431244,-0.05688818485378988,-0.004822790622711182,-0.30059951543807983,-0.06761006952166326,-0.06920617818832397,-0.24190416932106018,-0.021094662480948045,-0.08676677942276001,-0.34774255752563477,-0.048074598767755106,-0.09778410196304321,-0.4154702126979828,-0.06361178995013006,-0.10284775495529175,-0.47609683871269226,-0.07343718350767858,-0.020111143589019775,-0.24423640966415405,-0.0259601449304796,-0.00822991132736206,-0.36006319522857666,-0.06778093368649252,0.002710700035095215,-0.43855804204940796,-0.0937790492260433,0.01762104034423828,-0.5052034258842468,-0.10541270614504583,0.025997042655944824,-0.2200573980808258,-0.03346160367965467,0.0392986536026001,-0.25727367401123047,-0.0852714100563503,0.01510775089263916,-0.17750459909439087,-0.08728601724743612,-0.0014006495475769043,-0.12353593111038208,-0.07290141970753439,0.06613260507583618,-0.1847361922264099,-0.042868255981204584,0.0697583556175232,-0.21681591868400574,-0.08020610303520925,0.04944479465484619,-0.16010183095932007,-0.07427237124085195,0.03096693754196167,-0.12088590860366821,-0.05979848966836698
K with wrist,0.0,0.0,0.0,-0.0525813102722168,-0.06154227256774902,-0.028871404954770696,-0.06729716062545776,-0.15504086017608643,-0.042884205484369886,-0.03373408317565918,-0.23814719915390015,-0.0571276443242823,-0.004495978355407715,-0.298866868019104,-0.06802209933994163,-0.06973344087600708,-0.2430080771446228,-0.021007224002460134,-0.08751565217971802,-0.34865128993988037,-0.047961772435883177,-0.09849202632904053,-0.41601765155792236,-0.06374785026309837,-0.10350590944290161,-0.47627055644989014,-0.07379554679391731,-0.020322442054748535,-0.24539223313331604,-0.026023966276625288,-0.008855104446411133,-0.3603896200656891,-0.06728626509902824,0.0021497011184692383,-0.4390890896320343,-0.09330324550865043,0.01698964834213257,-0.506035178899765,-0.10515076389310707,0.02607107162475586,-0.22095131874084473,-0.033696991407850874,0.038331687450408936,-0.2563755214214325,-0.08492444177863945,0.014148175716400146,-0.17774659395217896,-0.08750054707525123,-0.002348959445953369,-0.12364333868026733,-0.07366410365102638,0.06585937738418579,-0.185044527053833,-0.04329327216146339,0.06852185726165771,-0.2154092788696289,-0.08024730255601753,0.0475500226020813,-0.15981745719909668,-0.0747392000794207,0.028735637664794922,-0.12014681100845337,-0.06065734570620407
K with wrist,0.0,0.0,0.0,-0.05208462476730347,-0.06134992837905884,-0.027483999540947934,-0.06683111190795898,-0.15641480684280396,-0.040472494250082036,-0.03370034694671631,-0.23969310522079468,-0.054137302374385854,-0.0051500797271728516,-0.2990201413631439,-0.06449541244461443,-0.06840431690216064,-0.2424115538597107,-0.019361046885990163,-0.08591723442077637,-0.3484262228012085,-0.046054674124263784,-0.09659010171890259,-0.41591596603393555,-0.061642350440763494,-0.10130941867828369,-0.4759496748447418,-0.07173509690716173,-0.019023478031158447,-0.24464622139930725,-0.02517796847774889,-0.007488727569580078,-0.35999569296836853,-0.06688316706373598,0.0033012032508850098,-0.43884938955307007,-0.09355564955427553,0.018325090408325195,-0.5053948163986206,-0.1059117222185364,0.027234792709350586,-0.22004663944244385,-0.03350605238034632,0.039518892765045166,-0.25689682364463806,-0.08459386024429705,0.015180528163909912,-0.17799311876296997,-0.0867648327703705,-0.0011470317840576172,-0.12348175048828125,-0.07280906829788591,0.06718063354492188,-0.1844182014465332,-0.04373888838841822,0.07000172138214111,-0.21447303891181946,-0.08061582390024569,0.04942488670349121,-0.15933632850646973,-0.07507953587725069,0.031438589096069336,-0.12025409936904907,-0.061065466886304876
K with wrist,0.0,0.0,0.0,-0.052486956119537354,-0.06190931797027588,-0.02782475378245408,-0.06743943691253662,-0.15695983171463013,-0.04123325634628827,-0.03433960676193237,-0.24072223901748657,-0.055160213148894854,-0.0051901936531066895,-0.30103471875190735,-0.06572904426485593,-0.0691491961479187,-0.24403569102287292,-0.019980637243691035,-0.08695006370544434,-0.3497432768344879,-0.046757459527555056,-0.09791135787963867,-0.4172900915145874,-0.06236658979088361,-0.10299414396286011,-0.47762659192085266,-0.07229679811626966,-0.019592344760894775,-0.24661153554916382,-0.02548449475199277,-0.00808948278427124,-0.3613443076610565,-0.06621514994532163,0.0027846693992614746,-0.44004571437835693,-0.09182935941845471,0.017396748065948486,-0.5070762038230896,-0.10348433244854505,0.02685534954071045,-0.22239196300506592,-0.033600658065381594,0.038926124572753906,-0.25830012559890747,-0.08421871054798657,0.014178216457366943,-0.17975544929504395,-0.08618665475279386,-0.002798020839691162,-0.12531018257141113,-0.07207635778814847,0.06645017862319946,-0.18637782335281372,-0.04363248113423879,0.06909394264221191,-0.2158840000629425,-0.08010135579735334,0.04754960536956787,-0.16078495979309082,-0.07424651820093686,0.028367042541503906,-0.12111979722976685,-0.05995560798675115
K with wrist,0.0,0.0,0.0,-0.05250906944274902,-0.06305050849914551,-0.02670663031960885,-0.06744837760925293,-0.15776699781417847,-0.039708191484464805,-0.03407865762710571,-0.24104177951812744,-0.05344700250054757,-0.004883706569671631,-0.30058562755584717,-0.06389360311652581,-0.06903427839279175,-0.24320629239082336,-0.019475284919394653,-0.08685493469238281,-0.34903526306152344,-0.046389700800432365,-0.0979500412940979,-0.4166276454925537,-0.06245852816130082,-0.10288608074188232,-0.4768335521221161,-0.0729212481084005,-0.019926249980926514,-0.2452400028705597,-0.025680780366315048,-0.00859522819519043,-0.3611912429332733,-0.06662887516642968,0.001723647117614746,-0.43964099884033203,-0.09298353824044625,0.016416072845458984,-0.5070775151252747,-0.10545911821748177,0.02640312910079956,-0.22026506066322327,-0.034292025447143715,0.03844505548477173,-0.2586849331855774,-0.08452403727198998,0.013774335384368896,-0.18023240566253662,-0.08624395164872567,-0.002664804458618164,-0.12593215703964233,-0.07232143911744515,0.06574505567550659,-0.18349146842956543,-0.044774765104307335,0.06797611713409424,-0.21517929434776306,-0.08067716839934747,0.04665100574493408,-0.1608554720878601,-0.07442095312501351,0.028374910354614258,-0.12184327840805054,-0.06015614229465882
K with wrist,0.0,0.0,0.0,-0.0527491569519043,-0.0632549524307251,-0.0260647436605268,-0.0671459436416626,-0.15857362747192383,-0.03845945503576331,-0.03380882740020752,-0.24162009358406067,-0.05196801703436904,-0.005436360836029053,-0.30034899711608887,-0.062195291184025336,-0.06865483522415161,-0.24259263277053833,-0.01743735875948005,-0.08621454238891602,-0.34721559286117554,-0.043836933933334876,-0.0972028374671936,-0.414700448513031,-0.05969271194203429,-0.1021871566772461,-0.4749802350997925,-0.07020061220987373,-0.01976996660232544,-0.2450309693813324,-0.024036775715785552,-0.008805274963378906,-0.35954439640045166,-0.06488656010492377,0.0018878579139709473,-0.4383822977542877,-0.09149978067739539,0.01674032211303711,-0.5056369304656982,-0.10424122717245154,0.0260617733001709,-0.22051817178726196,-0.033124638162689735,0.03850245475769043,-0.25891950726509094,-0.08345999326570563,0.014211595058441162,-0.18026107549667358,-0.08538453783853583,-0.0024625658988952637,-0.1250508427619934,-0.07159496601684623,0.065632164478302,-0.18428152799606323,-0.04408788811429076,0.06871986389160156,-0.21557343006134033,-0.08044135328395896,0.047483086585998535,-0.16110950708389282,-0.0747453695164495,0.0283699631690979,-0.12115591764450073,-0.06085003297789626
K with wrist,0.0,0.0,0.0,-0.05306798219680786,-0.06203347444534302,-0.02678350072892499,-0.06709921360015869,-0.15834349393844604,-0.03935758669467759,-0.03316223621368408,-0.24171456694602966,-0.052824283880909206,-0.00451505184173584,-0.30063948035240173,-0.06300920893045259,-0.06807291507720947,-0.24257919192314148,-0.01843871821256471,-0.08569592237472534,-0.34762293100357056,-0.044994085026701214,-0.09683859348297119,-0.41515547037124634,-0.060764680547436,-0.10193711519241333,-0.4752213656902313,-0.07113843311162782,-0.019011080265045166,-0.2449038028717041,-0.0247046546319325,-0.008278429508209229,-0.3597942888736725,-0.06598313052745652,0.0019438862800598145,-0.4389333128929138,-0.09270360220762086,0.01658308506011963,-0.5061871111392975,-0.10537441719861818,0.026898682117462158,-0.22025969624519348,-0.03346641634198022,0.03863084316253662,-0.25876450538635254,-0.08420246739478898,0.014249801635742188,-0.18006014823913574,-0.08627392996640992,-0.0020496249198913574,-0.12485760450363159,-0.07245592672916246,0.06641411781311035,-0.18404477834701538,-0.04412419621439767,0.06864094734191895,-0.214704692363739,-0.08088171382041764,0.047381818294525146,-0.15992063283920288,-0.07539121706577134,0.028760015964508057,-0.1201203465461731,-0.06152514640780282
K with wrist,0.0,0.0,0.0,-0.0524749755859375,-0.061859965324401855,-0.02720166752692421,-0.06678485870361328,-0.15631020069122314,-0.04030361595209797,-0.03373950719833374,-0.2395150065422058,-0.05419258596953114,-0.005559444427490234,-0.2993984818458557,-0.06477712290939053,-0.0683627724647522,-0.24062812328338623,-0.0189139955734845,-0.08583259582519531,-0.34602218866348267,-0.045768966997229654,-0.09703093767166138,-0.4132915735244751,-0.06177156987246235,-0.10214817523956299,-0.4734222888946533,-0.0721735824888583,-0.01978832483291626,-0.2425830066204071,-0.024977238947712976,-0.008682787418365479,-0.3579895496368408,-0.0665375162905093,0.0013689994812011719,-0.43716731667518616,-0.0934656580036517,0.015523850917816162,-0.5046261250972748,-0.10625199424680432,0.025951743125915527,-0.21806439757347107,-0.03351955311950405,0.03787350654602051,-0.25662583112716675,-0.08476529466565808,0.013817012310028076,-0.1791359782218933,-0.08742101686652859,-0.0024352669715881348,-0.12450367212295532,-0.0738881249969836,0.06522363424301147,-0.1818898320198059,-0.0439019520824786,0.06780099868774414,-0.21361815929412842,-0.0809384231513377,0.0467376708984375,-0.15926241874694824,-0.07553344416078289,0.028052031993865967,-0.11931848526000977,-0.061689352715575296
K with wrist,0.0,0.0,0.0,-0.05285656452178955,-0.06077241897583008,-0.02654388032880206,-0.06726980209350586,-0.15603697299957275,-0.039340809434918356,-0.03409653902053833,-0.2388218343257904,-0.052981995493439626,-0.005529224872589111,-0.2980693280696869,-0.06342311620738883,-0.0680580735206604,-0.24025726318359375,-0.019105650931862783,-0.08587706089019775,-0.34511029720306396,-0.045703776628045034,-0.09706985950469971,-0.4125099778175354,-0.061009839624432516,-0.10211575031280518,-0.472296804189682,-0.07080017447498221,-0.019334137439727783,-0.24239355325698853,-0.02542541407075305,-0.007935643196105957,-0.3579128384590149,-0.06683471471097846,0.0019279122352600098,-0.43724462389945984,-0.09315176725414176,0.016071438789367676,-0.5040949583053589,-0.105285559296874,0.026410579681396484,-0.21801701188087463,-0.0341425468030252,0.03813999891281128,-0.2559055685997009,-0.08524233520057578,0.013692140579223633,-0.1777658462524414,-0.08748861819532294,-0.0025815963745117188,-0.12360435724258423,-0.07357766896512885,0.06583106517791748,-0.18211936950683594,-0.04461131289627929,0.06779026985168457,-0.21214741468429565,-0.08145753711488624,0.04655712842941284,-0.15694260597229004,-0.07589063465621848,0.027956366539001465,-0.11753153800964355,-0.061886545717982244
K with wrist,0.0,0.0,0.0,-0.053897202014923096,-0.05974471569061279,-0.026576021491621304,-0.06889629364013672,-0.15478825569152832,-0.03913103210840063,-0.03418886661529541,-0.23814374208450317,-0.05252230334195929,-0.00511014461517334,-0.29623961448669434,-0.06274067032251196,-0.0695028305053711,-0.23707616329193115,-0.018790570824478436,-0.08669406175613403,-0.3421081304550171,-0.04533667284164267,-0.0977066159248352,-0.4089202880859375,-0.06074668633851843,-0.10246074199676514,-0.468478262424469,-0.07062433826837378,-0.021018683910369873,-0.23964416980743408,-0.024698728500936795,-0.009917020797729492,-0.35488009452819824,-0.06604103910837011,0.00010347366333007812,-0.4339868426322937,-0.09229894149217444,0.014222264289855957,-0.4996528923511505,-0.10447618532094793,0.02475804090499878,-0.21661627292633057,-0.03307257386956053,0.037170350551605225,-0.25467449426651,-0.08401891755971747,0.013618707656860352,-0.17755383253097534,-0.08653946387681799,-0.002614438533782959,-0.12306082248687744,-0.07288558947954016,0.064822256565094,-0.18278223276138306,-0.043231887548301984,0.06742382049560547,-0.21350020170211792,-0.08021061289224463,0.04682391881942749,-0.15879404544830322,-0.07505022156152563,0.028348267078399658,-0.11899453401565552,-0.06136902961048918
K with wrist,0.0,0.0,0.0,-0.05382353067398071,-0.06155937910079956,-0.026386313633508962,-0.06805950403213501,-0.154222309589386,-0.03935023819047956,-0.03328359127044678,-0.23838743567466736,-0.05308661286670713,-0.004369378089904785,-0.2976606488227844,-0.06362003882367162,-0.06896543502807617,-0.23520267009735107,-0.01978834767777471,-0.08675616979598999,-0.34132006764411926,-0.046764877186603826,-0.09752196073532104,-0.40824538469314575,-0.0629380499287322,-0.10199201107025146,-0.4680587649345398,-0.07341891576487569,-0.02077728509902954,-0.2380039393901825,-0.025583884240575117,-0.010056793689727783,-0.35379791259765625,-0.06691075910765676,-0.0004870295524597168,-0.43319594860076904,-0.09334269215304403,0.013411462306976318,-0.49914366006851196,-0.10593475450713186,0.0247763991355896,-0.21479356288909912,-0.03372824986416845,0.036368489265441895,-0.25329145789146423,-0.083373204366751,0.012923598289489746,-0.17673838138580322,-0.08494212527710943,-0.0025064945220947266,-0.12251549959182739,-0.07110760410267858,0.06466329097747803,-0.18076777458190918,-0.04381353084880857,0.0668897032737732,-0.2132812738418579,-0.07946869035203008,0.04611784219741821,-0.15906769037246704,-0.07360115696627645,0.027737081050872803,-0.11920440196990967,-0.059719447539634984
K with wrist,0.0,0.0,0.0,-0.054430484771728516,-0.06082421541213989,-0.025258905832345135,-0.06865543127059937,-0.15292960405349731,-0.037531917561466344,-0.03361409902572632,-0.23556742072105408,-0.05082846211331571,-0.004000544548034668,-0.2917744815349579,-0.06104086862939084,-0.06832623481750488,-0.23473498225212097,-0.018840085361773617,-0.08547383546829224,-0.340453565120697,-0.045289581288272984,-0.09623962640762329,-0.40661299228668213,-0.060908695329601414,-0.10093188285827637,-0.4656747579574585,-0.07088747026460851,-0.019989728927612305,-0.23680830001831055,-0.02502613479333604,-0.008886158466339111,-0.35184815526008606,-0.0662376895739385,0.0006448626518249512,-0.4310387074947357,-0.09251383842962468,0.01440054178237915,-0.49624109268188477,-0.10478007199304784,0.025429248809814453,-0.21353963017463684,-0.03345613705056394,0.037730634212493896,-0.24955898523330688,-0.08309251220958913,0.014409899711608887,-0.17361021041870117,-0.08485029788749898,-0.0012354254722595215,-0.11983197927474976,-0.07094627769726003,0.0652397871017456,-0.17975664138793945,-0.043717076648647435,0.0686832070350647,-0.21165835857391357,-0.0791998967720815,0.048789024353027344,-0.15780675411224365,-0.07323596032398427,0.03087228536605835,-0.1180766224861145,-0.05920963140266622
K with wrist,0.0,0.0,0.0,-0.05304175615310669,-0.05789601802825928,-0.02796604727933527,-0.06881922483444214,-0.15207630395889282,-0.041873528264261495,-0.03515058755874634,-0.2354956567287445,-0.0562291355950606,-0.005863010883331299,-0.2939394414424896,-0.0672968315107596,-0.06790351867675781,-0.2344685196876526,-0.022962952606178533,-0.08552497625350952,-0.3405720591545105,-0.05056341236064554,-0.09596908092498779,-0.40749219059944153,-0.06625889112780214,-0.10049235820770264,-0.46712034940719604,-0.07609667500088335,-0.019876539707183838,-0.2369832992553711,-0.02827839238176466,-0.008833050727844238,-0.3531932234764099,-0.07007691135237337,0.0013889670372009277,-0.43247759342193604,-0.09570693095753313,0.015400588512420654,-0.49847400188446045,-0.10738056024143816,0.025234878063201904,-0.21394020318984985,-0.03602531050870539,0.03772616386413574,-0.25164052844047546,-0.0866893218977225,0.01418304443359375,-0.17494314908981323,-0.088237723909117,-0.0020428895950317383,-0.12013530731201172,-0.07392151524851442,0.06472557783126831,-0.17990779876708984,-0.04575121646354319,0.06921261548995972,-0.21258920431137085,-0.08209483196566225,0.04957765340805054,-0.16032278537750244,-0.07635355611870409,0.03134363889694214,-0.12114310264587402,-0.06230158974955202
K with wrist,0.0,0.0,0.0,-0.05386227369308472,-0.05994969606399536,-0.026587148169028296,-0.06890851259231567,-0.15373915433883667,-0.03967616052364065,-0.033941686153411865,-0.23685309290885925,-0.053421956459033026,-0.003708064556121826,-0.29377514123916626,-0.0640629687998171,-0.06753581762313843,-0.23498126864433289,-0.021483539575683608,-0.08491432666778564,-0.341014564037323,-0.048378878245102896,-0.09539449214935303,-0.4078255891799927,-0.06392607928250982,-0.09971141815185547,-0.4672793447971344,-0.07380455077623083,-0.019610285758972168,-0.23730504512786865,-0.027175561496960654,-0.008433222770690918,-0.3528438210487366,-0.06796962113116933,0.0020756125450134277,-0.43203121423721313,-0.0934078031871195,0.01642894744873047,-0.4974970519542694,-0.10516947598193838,0.025638163089752197,-0.21411281824111938,-0.03518831820224477,0.037917375564575195,-0.2511385679244995,-0.08495138675903036,0.013985872268676758,-0.17488962411880493,-0.08691431672309591,-0.0024479031562805176,-0.12009221315383911,-0.07318397701715185,0.06479018926620483,-0.17980945110321045,-0.045087707200991645,0.06811529397964478,-0.21091175079345703,-0.08118412734006597,0.04752868413925171,-0.1577000617980957,-0.07581904620860769,0.02881377935409546,-0.11770248413085938,-0.06215229720805837
K with wrist,0.0,0.0,0.0,-0.05335623025894165,-0.06189095973968506,-0.026174031708592338,-0.06781518459320068,-0.15393030643463135,-0.038976356897705955,-0.03347283601760864,-0.2358284294605255,-0.05240368894135372,-0.00411379337310791,-0.2917911410331726,-0.0626079892257394,-0.06731516122817993,-0.23590224981307983,-0.020585742358321113,-0.08387655019760132,-0.34200137853622437,-0.04699221676980869,-0.09408140182495117,-0.407995343208313,-0.06275484016930477,-0.09832864999771118,-0.4671005606651306,-0.07295693508183376,-0.01914799213409424,-0.23776784539222717,-0.026073348287695808,-0.007312893867492676,-0.3520956039428711,-0.06642540595328228,0.0035290122032165527,-0.4308153986930847,-0.09245717576538937,0.01814436912536621,-0.4961143434047699,-0.1049646963814439,0.02595609426498413,-0.2140733003616333,-0.03381037763153927,0.03816145658493042,-0.24965935945510864,-0.0827302118281068,0.014693737030029297,-0.17457985877990723,-0.08520194939171688,-0.0012466907501220703,-0.12019956111907959,-0.07217606208121197,0.06496691703796387,-0.17993438243865967,-0.04344193315898792,0.06882315874099731,-0.21060460805892944,-0.07891271314417736,0.048892855644226074,-0.15871071815490723,-0.07396940192973034,0.031189918518066406,-0.11949336528778076,-0.06084775603210346
K with wrist,0.0,0.0,0.0,-0.052249014377593994,-0.06187921762466431,-0.024961411099241104,-0.06641334295272827,-0.15401685237884521,-0.037720180194185104,-0.031799256801605225,-0.23475751280784607,-0.051525968204543915,-0.0026254653930664062,-0.2897365391254425,-0.0622020653293589,-0.06636166572570801,-0.23488306999206543,-0.020043700079725113,-0.08331871032714844,-0.34055837988853455,-0.04679061759571823,-0.09361773729324341,-0.4065823554992676,-0.06237708319287094,-0.09783852100372314,-0.465429425239563,-0.0723143025145987,-0.018553733825683594,-0.2367674708366394,-0.02645305458764824,-0.006578981876373291,-0.351109117269516,-0.06743904490332397,0.004063010215759277,-0.4293481707572937,-0.0933382316337088,0.01863938570022583,-0.4946347773075104,-0.10547535408596787,0.026486575603485107,-0.2131480574607849,-0.034997745494649735,0.03928273916244507,-0.24894458055496216,-0.08414889414171967,0.015520811080932617,-0.17331218719482422,-0.08581061948399338,-0.0005382299423217773,-0.11939370632171631,-0.07210172254900726,0.06577348709106445,-0.1786554455757141,-0.04534641940455231,0.06976503133773804,-0.20898234844207764,-0.08034847963909897,0.049276530742645264,-0.15680694580078125,-0.07449642110924515,0.031135916709899902,-0.11808818578720093,-0.06072043542127403
K with wrist,0.0,0.0,0.0,-0.052930235862731934,-0.06153899431228638,-0.024730151482913243,-0.06718945503234863,-0.15407061576843262,-0.03700875673541759,-0.03263711929321289,-0.23570585250854492,-0.050304261931273686,-0.0029554367065429688,-0.29062432050704956,-0.060514794626328694,-0.06604379415512085,-0.23390117287635803,-0.019340475984904515,-0.08323687314987183,-0.33895689249038696,-0.04580417085537647,-0.09388995170593262,-0.40513575077056885,-0.061327578463647114,-0.09840631484985352,-0.46433690190315247,-0.07132466320047115,-0.01807713508605957,-0.23619908094406128,-0.025689538531992184,-0.006300687789916992,-0.3509218692779541,-0.06639220748195385,0.003936409950256348,-0.42943981289863586,-0.09236709211120342,0.018237709999084473,-0.49506357312202454,-0.10459030602225994,0.026906132698059082,-0.21276789903640747,-0.03413776490936016,0.03880494832992554,-0.2493394911289215,-0.08310212377557491,0.01522892713546753,-0.17379385232925415,-0.08455327335843776,-0.0004087686538696289,-0.11997181177139282,-0.0706592220450375,0.06602269411087036,-0.1784307360649109,-0.04435986835608219,0.0688776969909668,-0.20945781469345093,-0.0791760328794453,0.0486789345741272,-0.15724605321884155,-0.0730676669264767,0.031202495098114014,-0.11873579025268555,-0.05908639539131855
