K,0.8142062425613403,0.9965250492095947,4.869941676588496e-07,0.785851776599884,0.9775940179824829,-0.03495842590928078,0.7826589345932007,0.931797981262207,-0.05203067138791084,0.8114882111549377,0.8863418102264404,-0.06445930153131485,0.8262451887130737,0.8437885642051697,-0.07441962510347366,0.7839522361755371,0.8699201941490173,-0.04763944447040558,0.781609058380127,0.7968219518661499,-0.0767284631729126,0.7813746929168701,0.7457385063171387,-0.09280157834291458,0.783156156539917,0.6991966962814331,-0.10121399909257889,0.8215414881706238,0.8654049038887024,-0.04281831160187721,0.8396270871162415,0.7860214114189148,-0.07134893536567688,0.8550596237182617,0.7287532687187195,-0.08290406316518784,0.8707733154296875,0.6808602809906006,-0.08613138645887375,0.851277768611908,0.8827064037322998,-0.04048557206988335,0.872632622718811,0.8800053596496582,-0.07687518000602722,0.8591529130935669,0.9280305504798889,-0.07624781131744385,0.8470178842544556,0.9659345149993896,-0.06390266865491867,0.873544454574585,0.9124919772148132,-0.040496792644262314,0.8897706866264343,0.9127335548400879,-0.07084991782903671,0.878329336643219,0.9473090171813965,-0.06852954626083374,0.8653171062469482,0.9760190844535828,-0.057890914380550385
K,0.8130444288253784,0.9801623225212097,7.507771329073876e-07,0.7823845148086548,0.9541909694671631,-0.032476238906383514,0.7769176959991455,0.8991017937660217,-0.047420684248209,0.8008758425712585,0.8465777635574341,-0.057774242013692856,0.813820481300354,0.803259551525116,-0.06557393819093704,0.7714843153953552,0.8336259126663208,-0.03983290493488312,0.7671565413475037,0.7550541758537292,-0.06303787231445312,0.7668995261192322,0.7033645510673523,-0.07609152793884277,0.7677503228187561,0.6573619842529297,-0.08308356255292892,0.8079425096511841,0.8322858214378357,-0.036576155573129654,0.8264342546463013,0.753216564655304,-0.06180734187364578,0.8423020243644714,0.6977016925811768,-0.07335356622934341,0.8563610911369324,0.6501097083091736,-0.07602488994598389,0.8388155102729797,0.8504928350448608,-0.03540944308042526,0.8585020899772644,0.8399866819381714,-0.06923586130142212,0.8452098369598389,0.8929134607315063,-0.0670124739408493,0.8344199061393738,0.9286466836929321,-0.05375716835260391,0.8628084659576416,0.879203200340271,-0.036340467631816864,0.8759545683860779,0.8737754225730896,-0.06392572075128555,0.8631995916366577,0.9122610688209534,-0.05811842530965805,0.8516067862510681,0.9397497773170471,-0.044982727617025375
K,0.8023198246955872,0.9677722454071045,7.31086856831098e-07,0.7693729400634766,0.932265043258667,-0.024116365239024162,0.7639340758323669,0.8642875552177429,-0.03416823223233223,0.7883598804473877,0.8053056597709656,-0.04250442981719971,0.8042597770690918,0.7625390887260437,-0.04920532926917076,0.7568227052688599,0.8017095327377319,-0.022479742765426636,0.7529294490814209,0.7269297242164612,-0.04108034446835518,0.7532413005828857,0.6771577000617981,-0.05215156450867653,0.7543718814849854,0.6333785653114319,-0.05873215198516846,0.7941858768463135,0.8031117916107178,-0.02373717911541462,0.8086708188056946,0.7200034856796265,-0.04617546498775482,0.8239284157752991,0.6651788353919983,-0.058813028037548065,0.8371167182922363,0.6180726885795593,-0.0630376860499382,0.8285784721374512,0.824506938457489,-0.026948075741529465,0.8412157297134399,0.7939836978912354,-0.06026799604296684,0.8281431198120117,0.8504146337509155,-0.059267401695251465,0.8176121711730957,0.8915821313858032,-0.04723494127392769,0.8550024032592773,0.8567176461219788,-0.03159124404191971,0.8594233393669128,0.8405393362045288,-0.0599123053252697,0.8460535407066345,0.882037341594696,-0.05524688959121704,0.8361101150512695,0.9138781428337097,-0.0431474894285202
K,0.7951229810714722,0.9479814171791077,6.804893359912967e-07,0.7626708149909973,0.902432382106781,-0.021106328815221786,0.7568485736846924,0.8303227424621582,-0.02788175456225872,0.780612587928772,0.7695835828781128,-0.034009963274002075,0.7930036783218384,0.7232590317726135,-0.03832694888114929,0.7486850619316101,0.7707472443580627,-0.012240689247846603,0.7398056983947754,0.6954666376113892,-0.02854866161942482,0.7374394536018372,0.6451181769371033,-0.03774654120206833,0.736505925655365,0.6008748412132263,-0.0424511656165123,0.7853082418441772,0.7713558673858643,-0.014038299210369587,0.7963661551475525,0.6862097382545471,-0.03493540734052658,0.8083346486091614,0.6311463117599487,-0.04699762165546417,0.8201681971549988,0.5837615132331848,-0.05039286985993385,0.8197199106216431,0.7922138571739197,-0.01835235394537449,0.8313501477241516,0.7610968351364136,-0.050525035709142685,0.8181894421577454,0.8148095011711121,-0.05085471272468567,0.809669554233551,0.8517999053001404,-0.03932939097285271,0.8476999402046204,0.823602020740509,-0.023872463032603264,0.8521522879600525,0.7985317707061768,-0.048144303262233734,0.8389260172843933,0.8375609517097473,-0.04253760725259781,0.8304800987243652,0.8658924698829651,-0.03045446239411831
K,0.7864704728126526,0.9206274151802063,6.083845391913201e-07,0.7533344030380249,0.8717001676559448,-0.01933284103870392,0.746027410030365,0.7985944747924805,-0.02457885630428791,0.7702921032905579,0.7389416694641113,-0.029923666268587112,0.7838548421859741,0.6943768262863159,-0.03341037407517433,0.7393693923950195,0.7428157329559326,-0.007041556760668755,0.7272987961769104,0.66651850938797,-0.02213805913925171,0.7233470678329468,0.6161620020866394,-0.030081477016210556,0.721453070640564,0.5727255344390869,-0.033500827848911285,0.7754710912704468,0.7426561713218689,-0.009067952632904053,0.7841988205909729,0.6588413715362549,-0.029303409159183502,0.7924267649650574,0.6046953797340393,-0.0405772440135479,0.8012280464172363,0.5581129193305969,-0.04315425828099251,0.8094145059585571,0.761481761932373,-0.013945957645773888,0.8198918104171753,0.7312972545623779,-0.045890651643276215,0.8071125745773315,0.7846936583518982,-0.04682812839746475,0.8000763058662415,0.8215693235397339,-0.03544218838214874,0.8375712633132935,0.7910119891166687,-0.019920876249670982,0.8407673835754395,0.7644851803779602,-0.04263530299067497,0.827843189239502,0.8036761283874512,-0.03694360330700874,0.8209447860717773,0.8325690031051636,-0.025072097778320312
K,0.7819783091545105,0.8931701183319092,5.779215257462056e-07,0.7480747103691101,0.8458030819892883,-0.019599376246333122,0.7376160621643066,0.7726945877075195,-0.02517472393810749,0.7597538828849792,0.7106291055679321,-0.03078756481409073,0.7744566202163696,0.6662489175796509,-0.03438039869070053,0.7310733199119568,0.7184938788414001,-0.007019309792667627,0.7182254791259766,0.6430196762084961,-0.022508209571242332,0.712549090385437,0.5934668779373169,-0.030780108645558357,0.7091156244277954,0.5501371622085571,-0.03472466021776199,0.7666477560997009,0.7172593474388123,-0.008984426036477089,0.7744249105453491,0.6341992616653442,-0.030362771824002266,0.7817634344100952,0.5820437073707581,-0.04191724210977554,0.7895311117172241,0.5360053181648254,-0.04478812217712402,0.8003566265106201,0.7347541451454163,-0.013804188929498196,0.8112993836402893,0.7027004957199097,-0.0469784140586853,0.7988414764404297,0.7593303322792053,-0.04701421037316322,0.7914252877235413,0.7976453304290771,-0.03493848443031311,0.8284449577331543,0.763063371181488,-0.019737986847758293,0.8321707844734192,0.7356474995613098,-0.04347926750779152,0.8199437856674194,0.7764064073562622,-0.03752925246953964,0.8126981854438782,0.8052085638046265,-0.025425219908356667
K,0.7775313854217529,0.8717924952507019,5.645773057949555e-07,0.7423155903816223,0.8234447836875916,-0.016826093196868896,0.7311860918998718,0.7514969706535339,-0.021879781037569046,0.7524593472480774,0.6899817585945129,-0.02756076492369175,0.7666195034980774,0.6463437080383301,-0.03132372722029686,0.7245311141014099,0.6991192102432251,-0.006317520514130592,0.7113469839096069,0.6254772543907166,-0.022032292559742928,0.7041071653366089,0.5763475298881531,-0.03078830987215042,0.6990307569503784,0.5335149765014648,-0.03524668887257576,0.7594363689422607,0.6969934701919556,-0.010054330341517925,0.7652199864387512,0.6135868430137634,-0.03168928250670433,0.7715544700622559,0.561428964138031,-0.043807681649923325,0.7783666253089905,0.515313982963562,-0.04735469073057175,0.7937149405479431,0.7130921483039856,-0.016221895813941956,0.8046115636825562,0.681227445602417,-0.04856216534972191,0.7931077480316162,0.7381650805473328,-0.04776204377412796,0.7859488129615784,0.777319610118866,-0.03561770170927048,0.8223323822021484,0.7406410574913025,-0.02336025983095169,0.8255184888839722,0.712598443031311,-0.0455007329583168,0.8148413300514221,0.7530465722084045,-0.03811675310134888,0.8081934452056885,0.7817466259002686,-0.02544945292174816
K,0.7746948003768921,0.8541666865348816,5.478772209244198e-07,0.7381993532180786,0.806448221206665,-0.017127184197306633,0.7267786860466003,0.7348132729530334,-0.021853860467672348,0.7468332052230835,0.6717529892921448,-0.02740533836185932,0.7594808340072632,0.6276793479919434,-0.031021850183606148,0.7200485467910767,0.6852027773857117,-0.004261624533683062,0.7061116099357605,0.6125513911247253,-0.01992194727063179,0.6979575157165527,0.5645814538002014,-0.029189419001340866,0.6917914152145386,0.5223629474639893,-0.034278325736522675,0.7544251680374146,0.6827725768089294,-0.008083628490567207,0.7588667869567871,0.5989748239517212,-0.02982228808104992,0.7640761733055115,0.5460615158081055,-0.04271281883120537,0.7698572874069214,0.4987775385379791,-0.047053929418325424,0.7883118987083435,0.6983740329742432,-0.014530914835631847,0.7983193397521973,0.6621832251548767,-0.04728204384446144,0.7880485653877258,0.7202454209327698,-0.04623783752322197,0.7811731696128845,0.7603301405906677,-0.033938929438591,0.8169500827789307,0.7252561450004578,-0.022072292864322662,0.819160521030426,0.6945531368255615,-0.04491610825061798,0.8096877932548523,0.735105037689209,-0.03751720115542412,0.8035968542098999,0.7641059756278992,-0.024803753942251205
K,0.7727558612823486,0.8400949239730835,5.51766959233646e-07,0.7357553839683533,0.7947685718536377,-0.018482791259884834,0.7236781120300293,0.7252994179725647,-0.024460647255182266,0.7432148456573486,0.6609358191490173,-0.03096959926187992,0.7547770738601685,0.615370512008667,-0.03559504821896553,0.7161673903465271,0.6744148135185242,-0.007140001747757196,0.7011052966117859,0.6009971499443054,-0.023769930005073547,0.6928262710571289,0.5531773567199707,-0.03371850773692131,0.686910092830658,0.5106265544891357,-0.039391905069351196,0.7501983046531677,0.6708851456642151,-0.010627785697579384,0.7535600662231445,0.5870568752288818,-0.0334683433175087,0.7586081027984619,0.5345920920372009,-0.04675175994634628,0.7646876573562622,0.4870368540287018,-0.051447685807943344,0.7840620875358582,0.6854737997055054,-0.01669708453118801,0.7937020063400269,0.6477876305580139,-0.050272878259420395,0.7840335965156555,0.7070094347000122,-0.04869059473276138,0.7776677012443542,0.7469999194145203,-0.03611070290207863,0.8131042122840881,0.7121036648750305,-0.02399684116244316,0.8150085806846619,0.6802957653999329,-0.04800489917397499,0.8059936761856079,0.7217651605606079,-0.0406196191906929,0.7998958826065063,0.7510554194450378,-0.02782990038394928
K,0.7704088091850281,0.829696774482727,5.532252203011012e-07,0.7330397367477417,0.7844604849815369,-0.01723848283290863,0.7209299206733704,0.7163392305374146,-0.021604828536510468,0.7397252321243286,0.6532776355743408,-0.02702161855995655,0.7516908049583435,0.6101853251457214,-0.030708111822605133,0.7121124863624573,0.6637322902679443,-0.0016896097222343087,0.6968594789505005,0.5915824174880981,-0.016925644129514694,0.6881909966468811,0.544079065322876,-0.026576025411486626,0.6818418502807617,0.5024660229682922,-0.03205906227231026,0.7460514903068542,0.6601401567459106,-0.005447610281407833,0.7486813068389893,0.5772073268890381,-0.02692146599292755,0.7535755038261414,0.5243094563484192,-0.040419962257146835,0.759387731552124,0.4777956008911133,-0.04513189196586609,0.7797735929489136,0.6741546392440796,-0.012053705751895905,0.7887580394744873,0.6374387741088867,-0.045370813459157944,0.7805598974227905,0.6951013803482056,-0.0456414669752121,0.7751487493515015,0.734796404838562,-0.0340467132627964,0.8088012337684631,0.6996708512306213,-0.01974189467728138,0.8104578256607056,0.6682808995246887,-0.043685685843229294,0.8023784160614014,0.7090974450111389,-0.03719472512602806,0.7971081137657166,0.7389077544212341,-0.024882636964321136
K,0.7674858570098877,0.8230257034301758,5.622226808554842e-07,0.7292441725730896,0.7764506340026855,-0.016751660034060478,0.7162242531776428,0.709786057472229,-0.0205338466912508,0.7349113821983337,0.6471745371818542,-0.025545554235577583,0.7486381530761719,0.6041181087493896,-0.028864223510026932,0.7073444128036499,0.657773494720459,0.0016998386709019542,0.6910858154296875,0.5859443545341492,-0.01282376330345869,0.6818606853485107,0.5385254621505737,-0.022555602714419365,0.6749545931816101,0.4969533681869507,-0.028183629736304283,0.7413530945777893,0.653758704662323,-0.00199869298376143,0.7430779337882996,0.5711280107498169,-0.022495750337839127,0.7476383447647095,0.5176710486412048,-0.036312367767095566,0.7529027462005615,0.47082510590553284,-0.04138519614934921,0.7747806906700134,0.6673920154571533,-0.008743682876229286,0.7824897766113281,0.6300827264785767,-0.04131297767162323,0.7752077579498291,0.6856169104576111,-0.042548708617687225,0.7701342701911926,0.7248109579086304,-0.03176293149590492,0.803618848323822,0.6919082403182983,-0.016537750139832497,0.8047477006912231,0.6603952050209045,-0.039700813591480255,0.7966944575309753,0.7006720304489136,-0.03347812592983246,0.7914943099021912,0.731066882610321,-0.021532533690333366
K,0.7617865204811096,0.8157322406768799,5.465390700010175e-07,0.7221068739891052,0.7705895900726318,-0.015279834158718586,0.7092968225479126,0.7057293057441711,-0.018764376640319824,0.7280440926551819,0.6437568664550781,-0.0239810012280941,0.7422630190849304,0.6020383834838867,-0.027708567678928375,0.7028713822364807,0.6546533107757568,0.0024386122822761536,0.6851982474327087,0.582992672920227,-0.012090994976460934,0.6753801107406616,0.5353790521621704,-0.021800238639116287,0.6681175827980042,0.4940197765827179,-0.027471598237752914,0.7363516092300415,0.6503154635429382,-0.0022198737133294344,0.7368378043174744,0.5674435496330261,-0.022481130436062813,0.7403395771980286,0.5141191482543945,-0.03628264740109444,0.7451723217964172,0.46771058440208435,-0.04162507876753807,0.7694358825683594,0.6635512709617615,-0.009768970310688019,0.7757814526557922,0.6236931085586548,-0.04128006845712662,0.7683836817741394,0.6786118149757385,-0.04178571701049805,0.7637943625450134,0.7172926664352417,-0.031025784090161324,0.7983325123786926,0.6877959370613098,-0.0183666180819273,0.7982056140899658,0.6546335220336914,-0.04041580483317375,0.7899960875511169,0.6943363547325134,-0.03359869495034218,0.7850992679595947,0.7244929671287537,-0.021626703441143036
K,0.7569014430046082,0.8150143623352051,5.494251240634185e-07,0.7169159054756165,0.7711570858955383,-0.01621970534324646,0.7041772603988647,0.7047812342643738,-0.019715793430805206,0.7225969433784485,0.6422696113586426,-0.02489113062620163,0.7355812788009644,0.5997980833053589,-0.028698932379484177,0.6966537833213806,0.6529719829559326,0.002393549308180809,0.6789288520812988,0.5806758999824524,-0.012339676730334759,0.6692742109298706,0.5328999757766724,-0.022167619317770004,0.6623275876045227,0.49185657501220703,-0.02784176543354988,0.7303928732872009,0.6485034823417664,-0.002062012907117605,0.7303562760353088,0.5653820633888245,-0.02266206406056881,0.7328895926475525,0.5114078521728516,-0.03675887733697891,0.7370194792747498,0.46533095836639404,-0.04209836199879646,0.7635756731033325,0.6620364785194397,-0.009613034315407276,0.7686672210693359,0.6210211515426636,-0.042103882879018784,0.7613786458969116,0.6753731966018677,-0.043337274342775345,0.75664222240448,0.7140305042266846,-0.032774653285741806,0.79239422082901,0.6867843866348267,-0.018229173496365547,0.7919575572013855,0.6507657170295715,-0.04163658618927002,0.7832415103912354,0.6912200450897217,-0.03544989228248596,0.7774564027786255,0.7230477333068848,-0.023616692051291466
K,0.7528308629989624,0.8134809732437134,5.463164143293398e-07,0.7129461765289307,0.7694469690322876,-0.01614498905837536,0.6995901465415955,0.7017863392829895,-0.019196726381778717,0.7175806760787964,0.6379610300064087,-0.023925714194774628,0.7307805418968201,0.5954857468605042,-0.027225712314248085,0.6920346617698669,0.6520543098449707,0.003375512547791004,0.6742324829101562,0.5808471441268921,-0.010991403833031654,0.6640329957008362,0.5337269902229309,-0.020884251222014427,0.656539261341095,0.49236220121383667,-0.02686578407883644,0.725380539894104,0.6469587683677673,-0.0007568158325739205,0.7250056266784668,0.5642404556274414,-0.02129332907497883,0.7277559638023376,0.5103422999382019,-0.035664599388837814,0.7320038080215454,0.46370744705200195,-0.0414249487221241,0.7583737969398499,0.6597458124160767,-0.007997844368219376,0.764250636100769,0.6179222464561462,-0.0406302884221077,0.7571970820426941,0.6736540198326111,-0.04198409616947174,0.7524030804634094,0.7135332226753235,-0.031553857028484344,0.7872746586799622,0.6835147142410278,-0.016307253390550613,0.7870422005653381,0.6482590436935425,-0.04014524072408676,0.7788867950439453,0.6894092559814453,-0.03442060202360153,0.7734636068344116,0.7213805317878723,-0.02295801229774952
K,0.7501422166824341,0.8127322196960449,5.490287549037021e-07,0.709710419178009,0.7690512537956238,-0.016079379245638847,0.69610196352005,0.7030332684516907,-0.019324492663145065,0.7136489748954773,0.6377002000808716,-0.02423766441643238,0.7263674736022949,0.5948375463485718,-0.027654187753796577,0.6885912418365479,0.6526272296905518,0.0031651570461690426,0.6704921126365662,0.580793023109436,-0.011587931774556637,0.660135805606842,0.5340539216995239,-0.02199549227952957,0.6525404453277588,0.492583692073822,-0.028490621596574783,0.7219693660736084,0.6472264528274536,-0.0010151303140446544,0.7212268114089966,0.5635635852813721,-0.022538242861628532,0.723235011100769,0.5093219876289368,-0.037696000188589096,0.7271516919136047,0.462258517742157,-0.04405377432703972,0.7550027966499329,0.6598107814788818,-0.008152812719345093,0.7595797777175903,0.6157495975494385,-0.0413360670208931,0.7528860569000244,0.6736559271812439,-0.04181614890694618,0.7487248182296753,0.7145927548408508,-0.030708804726600647,0.7842903733253479,0.6833797693252563,-0.016398798674345016,0.7828137874603271,0.6465908288955688,-0.04088439792394638,0.7753739953041077,0.6889560222625732,-0.034737490117549896,0.7707864046096802,0.721139132976532,-0.02280907891690731
K,0.7468141317367554,0.8113847970962524,5.414051997831848e-07,0.706377387046814,0.7668368220329285,-0.014177700504660606,0.6924837231636047,0.7029072046279907,-0.018366316333413124,0.7103673219680786,0.6386296153068542,-0.024649115279316902,0.7257446050643921,0.5969049334526062,-0.029477164149284363,0.6865221858024597,0.6528272032737732,0.0011956191156059504,0.6685929894447327,0.5813062191009521,-0.014490128494799137,0.6580411791801453,0.5354934930801392,-0.025104945525527,0.6508966684341431,0.49459245800971985,-0.03169938921928406,0.7193880677223206,0.6467424035072327,-0.004302018787711859,0.7193045616149902,0.5634585618972778,-0.027093498036265373,0.7198933362960815,0.5093825459480286,-0.042613685131073,0.7234525680541992,0.4623478949069977,-0.04931927099823952,0.7523469924926758,0.6589415669441223,-0.01224206481128931,0.7577970027923584,0.615149974822998,-0.045191727578639984,0.750675618648529,0.6737576127052307,-0.044288016855716705,0.7472038269042969,0.715282678604126,-0.03246188163757324,0.781441867351532,0.682884156703949,-0.02121351845562458,0.780035674571991,0.6472917199134827,-0.04495895653963089,0.7724699974060059,0.6894359588623047,-0.03781900927424431,0.7680423855781555,0.7213385701179504,-0.02531866356730461
K,0.7449997067451477,0.8111052513122559,5.337092261470389e-07,0.7039520740509033,0.7691507339477539,-0.014914806932210922,0.6896104216575623,0.7032523155212402,-0.01942693255841732,0.709394633769989,0.6383373141288757,-0.025921998545527458,0.7262833714485168,0.5960878729820251,-0.03106085956096649,0.6851825714111328,0.6522653698921204,-0.00019408229854889214,0.6677877902984619,0.5802947878837585,-0.01564164273440838,0.6573483347892761,0.5344611406326294,-0.025789596140384674,0.6502426862716675,0.4939906597137451,-0.03221539780497551,0.7183836102485657,0.6465924978256226,-0.005622098688036203,0.7188810706138611,0.5631270408630371,-0.028476325795054436,0.7191221117973328,0.5087014436721802,-0.04364970326423645,0.7224761843681335,0.46150216460227966,-0.05017594248056412,0.7513303756713867,0.6592190265655518,-0.0135507145896554,0.7566889524459839,0.6146551370620728,-0.046873949468135834,0.7490747570991516,0.6745667457580566,-0.045631762593984604,0.7455993294715881,0.7167401909828186,-0.03357888385653496,0.7808417081832886,0.68341463804245,-0.02257208712399006,0.7788757085800171,0.64692622423172,-0.04727896302938461,0.77132248878479,0.6894080638885498,-0.04045679420232773,0.7668769955635071,0.7214266061782837,-0.028126010671257973
K,0.7453711628913879,0.8122377395629883,5.297349616739666e-07,0.703517496585846,0.7697231769561768,-0.014330649748444557,0.6892865896224976,0.7040364146232605,-0.0181598961353302,0.7087787389755249,0.6383116245269775,-0.02400154061615467,0.7241518497467041,0.5946126580238342,-0.028338467702269554,0.6850318312644958,0.6530745625495911,0.0011540944688022137,0.6675692200660706,0.5810320377349854,-0.01375802792608738,0.6570066213607788,0.5352473258972168,-0.023689432069659233,0.6499360203742981,0.49446943402290344,-0.030077893286943436,0.7182838320732117,0.6470364332199097,-0.004259015433490276,0.7187753915786743,0.5640073418617249,-0.026875322684645653,0.7188808917999268,0.5091723799705505,-0.04245815798640251,0.7221909165382385,0.4621117115020752,-0.04942948371171951,0.7510794997215271,0.6596856713294983,-0.012127318419516087,0.7566775679588318,0.6160904765129089,-0.045040328055620193,0.7487608790397644,0.6752116680145264,-0.04413542151451111,0.7448813915252686,0.7171607613563538,-0.0325048603117466,0.7803924083709717,0.6834604740142822,-0.021053673699498177,0.778789758682251,0.6471502780914307,-0.04549996554851532,0.7710888385772705,0.6895752549171448,-0.038951802998781204,0.7663064002990723,0.7217895984649658,-0.026921765878796577
K,0.7448886036872864,0.811408519744873,5.312798521117656e-07,0.7033696174621582,0.7696267366409302,-0.014647365547716618,0.6892666220664978,0.7045309543609619,-0.018887998536229134,0.7087324857711792,0.6396276354789734,-0.02511153370141983,0.7244166731834412,0.5963685512542725,-0.029894821345806122,0.6848461627960205,0.6531617045402527,0.00042580688023008406,0.667635440826416,0.5812913775444031,-0.014647613279521465,0.657143771648407,0.5355814695358276,-0.024496277794241905,0.6501064300537109,0.495261549949646,-0.030711021274328232,0.7179866433143616,0.6473987102508545,-0.004958952311426401,0.7184449434280396,0.5644516944885254,-0.027681253850460052,0.7185503840446472,0.5097616910934448,-0.043083012104034424,0.7217940092086792,0.4631466865539551,-0.049826811999082565,0.7507139444351196,0.6600326299667358,-0.012790510430932045,0.7564405798912048,0.6165565252304077,-0.04592400789260864,0.7484520673751831,0.6754373908042908,-0.04511456936597824,0.7444267868995667,0.7173106074333191,-0.03346606716513634,0.7800258994102478,0.6838846206665039,-0.021666059270501137,0.7783572673797607,0.6477382779121399,-0.046275656670331955,0.7707234621047974,0.6902801990509033,-0.03970911353826523,0.7658685445785522,0.7228156328201294,-0.02761172503232956
K,0.7448790073394775,0.812146008014679,5.331295938049152e-07,0.7031449675559998,0.770719587802887,-0.014549488201737404,0.689123272895813,0.7055014967918396,-0.018684815615415573,0.7085751295089722,0.6404160261154175,-0.024829979985952377,0.7242121696472168,0.5972037315368652,-0.029537437483668327,0.6848322749137878,0.654087483882904,0.0003212032315786928,0.6674652695655823,0.5821914672851562,-0.014782849699258804,0.6569104790687561,0.5363507270812988,-0.024678168818354607,0.6499444842338562,0.49580806493759155,-0.030972320586442947,0.7180174589157104,0.6480791568756104,-0.005136529449373484,0.7184632420539856,0.5653820037841797,-0.02806106023490429,0.7185603976249695,0.510505735874176,-0.0435749851167202,0.7219478487968445,0.46365416049957275,-0.05038795620203018,0.7507948875427246,0.6607339382171631,-0.01299278438091278,0.756074845790863,0.6170379519462585,-0.04620449244976044,0.7480890154838562,0.6762193441390991,-0.04513860493898392,0.7441829442977905,0.718311607837677,-0.03329578414559364,0.7799746990203857,0.6846328377723694,-0.02190531976521015,0.7782418727874756,0.647990882396698,-0.04666021838784218,0.770281970500946,0.6907634139060974,-0.039996400475502014,0.7650657892227173,0.7236802577972412,-0.02778089977800846
K,0.744235634803772,0.8130289316177368,5.300866519064584e-07,0.7025260329246521,0.7708953619003296,-0.013507060706615448,0.6886925101280212,0.7060046792030334,-0.017252547666430473,0.708389163017273,0.6415529251098633,-0.023221539333462715,0.7248260378837585,0.5999285578727722,-0.027820978313684464,0.6848978400230408,0.6547865271568298,0.0007894669543020427,0.6673970222473145,0.58267742395401,-0.014076617546379566,0.6567344665527344,0.5368289351463318,-0.023980192840099335,0.6496615409851074,0.49627918004989624,-0.030354812741279602,0.7179268598556519,0.6490674018859863,-0.0050551011227071285,0.7183561325073242,0.5661566853523254,-0.027723945677280426,0.7183671593666077,0.5109822154045105,-0.04333028197288513,0.7216853499412537,0.4638844430446625,-0.05033852159976959,0.7506567239761353,0.6618503332138062,-0.013125430792570114,0.7560873627662659,0.6175105571746826,-0.045789044350385666,0.7477499842643738,0.6763148903846741,-0.0446745865046978,0.7435697317123413,0.7188323736190796,-0.03297410160303116,0.7796792387962341,0.6858909726142883,-0.022199714556336403,0.778155505657196,0.6490147113800049,-0.04654959589242935,0.7698464393615723,0.6911529302597046,-0.03985268250107765,0.7644060850143433,0.7241848111152649,-0.027713127434253693
K,0.7436530590057373,0.81303870677948,5.323676646185049e-07,0.7021582126617432,0.7715185284614563,-0.014668621122837067,0.6882432699203491,0.7056448459625244,-0.018763242289423943,0.7084555625915527,0.6408735513687134,-0.02492629364132881,0.7247733473777771,0.5985140800476074,-0.029782356694340706,0.6844385862350464,0.6546888947486877,0.00038327588117681444,0.6670512557029724,0.5828796625137329,-0.014753617346286774,0.6565073728561401,0.5368716716766357,-0.024620750918984413,0.6495148539543152,0.49614810943603516,-0.03080783784389496,0.7175592184066772,0.648973822593689,-0.005068858619779348,0.7181575298309326,0.5657767653465271,-0.027850359678268433,0.718323290348053,0.5107250213623047,-0.043144069612026215,0.7216823101043701,0.46376049518585205,-0.04967523366212845,0.7503141164779663,0.6617322564125061,-0.012979020364582539,0.7557718753814697,0.6177506446838379,-0.046615343540906906,0.7476762533187866,0.6770569086074829,-0.04592091217637062,0.7438207864761353,0.7199029922485352,-0.034073200076818466,0.7795665860176086,0.6859526634216309,-0.02190697193145752,0.7778599858283997,0.6491518020629883,-0.04705535247921944,0.7698883414268494,0.691713809967041,-0.040565624833106995,0.7648885846138,0.7250677347183228,-0.028318950906395912
K,0.7439727187156677,0.8139216899871826,5.321476805875136e-07,0.7025284767150879,0.7722179293632507,-0.014601738192141056,0.688644289970398,0.7064339518547058,-0.018859386444091797,0.7084221839904785,0.6412185430526733,-0.0251535102725029,0.7242469191551208,0.5979259014129639,-0.0300004705786705,0.6843257546424866,0.6551939249038696,-7.442464266205207e-05,0.6670622825622559,0.5829440355300903,-0.015236160717904568,0.656520664691925,0.536981999874115,-0.025056393817067146,0.6495121121406555,0.49633631110191345,-0.031312495470047,0.7175294160842896,0.6492178440093994,-0.00561536056920886,0.7182486057281494,0.5660943984985352,-0.02862199954688549,0.7183548212051392,0.5108978748321533,-0.04416508972644806,0.7217376232147217,0.46375206112861633,-0.05100145563483238,0.7503212690353394,0.6619775891304016,-0.013529250398278236,0.7556899785995483,0.6180974245071411,-0.046853892505168915,0.7474676370620728,0.6774347424507141,-0.04579222947359085,0.7434526681900024,0.7197489142417908,-0.033924445509910583,0.7796503901481628,0.6860172152519226,-0.022501008585095406,0.7779548168182373,0.6492480635643005,-0.04737416282296181,0.7698618769645691,0.6919845342636108,-0.040748391300439835,0.7646000385284424,0.7250716686248779,-0.028539342805743217
K,0.7439546585083008,0.8136947154998779,5.351984100343543e-07,0.7026829719543457,0.772023618221283,-0.01492513157427311,0.6885964870452881,0.7062853574752808,-0.019317548722028732,0.7083054184913635,0.64115309715271,-0.025720776990056038,0.7243886590003967,0.597978949546814,-0.030693499371409416,0.6841089129447937,0.6545386910438538,0.00017024163389578462,0.666978657245636,0.5823192596435547,-0.014774180017411709,0.656486988067627,0.5365881323814392,-0.024436114355921745,0.6494056582450867,0.4961715340614319,-0.030543889850378036,0.7173262238502502,0.6487637758255005,-0.005250729154795408,0.718197226524353,0.5657564997673035,-0.027947844937443733,0.7183743119239807,0.5107108354568481,-0.043248530477285385,0.7216915488243103,0.46377500891685486,-0.04988360032439232,0.7501643896102905,0.6617283225059509,-0.01313578151166439,0.7556952238082886,0.6180601716041565,-0.046559084206819534,0.7476333379745483,0.6777095198631287,-0.04569649323821068,0.7437828779220581,0.7203447818756104,-0.03386974334716797,0.779496967792511,0.6860695481300354,-0.022079618647694588,0.777755081653595,0.6495435833930969,-0.047108523547649384,0.7699001431465149,0.6922244429588318,-0.04060424864292145,0.765012264251709,0.7253053784370422,-0.02842566929757595
K,0.7444350719451904,0.8133537173271179,5.299819463289168e-07,0.7027133107185364,0.7718726992607117,-0.015224216505885124,0.6884765625,0.7059035301208496,-0.019831139594316483,0.7082198858261108,0.6402912735939026,-0.02633061818778515,0.7237810492515564,0.5957698822021484,-0.03134169802069664,0.6842560768127441,0.65408855676651,-0.0005866719293408096,0.667594313621521,0.5813341736793518,-0.01590082421898842,0.6573958992958069,0.5355237126350403,-0.025801965966820717,0.6502988934516907,0.49489182233810425,-0.03207859396934509,0.7176840305328369,0.6483298540115356,-0.005875994451344013,0.7182552218437195,0.5658345222473145,-0.028876153752207756,0.7184421420097351,0.5112522840499878,-0.044233161956071854,0.7216769456863403,0.464581698179245,-0.05096965655684471,0.7505953907966614,0.6611139178276062,-0.013649474829435349,0.7556742429733276,0.6180113554000854,-0.04718461632728577,0.7479440569877625,0.678104817867279,-0.04608003422617912,0.7442712187767029,0.7205169796943665,-0.03416474163532257,0.7802020907402039,0.684954822063446,-0.02252703160047531,0.7783316373825073,0.6489378809928894,-0.04766473174095154,0.770474374294281,0.6918593049049377,-0.0411534421145916,0.7653675675392151,0.7247501611709595,-0.0290136206895113
K,0.7444666624069214,0.8118798136711121,5.260156399344851e-07,0.7031641006469727,0.7701260447502136,-0.014830810017883778,0.689265787601471,0.7040798664093018,-0.01938972808420658,0.7086291909217834,0.6389356851577759,-0.02598085254430771,0.7249436378479004,0.5954044461250305,-0.03119250386953354,0.6859226226806641,0.6540825963020325,-0.0009282146929763258,0.6689308285713196,0.580861508846283,-0.01646246574819088,0.6584675908088684,0.534528911113739,-0.026492105796933174,0.6512305736541748,0.4935271739959717,-0.03288375586271286,0.7192427515983582,0.6488938331604004,-0.006462269928306341,0.7197017669677734,0.5654968619346619,-0.02950112149119377,0.7200825810432434,0.510627269744873,-0.04491695389151573,0.7234858870506287,0.4638306498527527,-0.05179254338145256,0.7520602941513062,0.6616060733795166,-0.014395139180123806,0.7570614814758301,0.6163636445999146,-0.04781419038772583,0.749352753162384,0.6759185791015625,-0.046695247292518616,0.7456068396568298,0.718257486820221,-0.0348687469959259,0.7817904949188232,0.6852191090583801,-0.023407818749547005,0.779719352722168,0.6482416391372681,-0.04825405403971672,0.7719382047653198,0.6905719041824341,-0.04164695367217064,0.766797661781311,0.7232850193977356,-0.029568824917078018
K,0.7449619770050049,0.810782790184021,5.346979605747038e-07,0.7036702632904053,0.7696036696434021,-0.015642734244465828,0.6896131634712219,0.703599750995636,-0.020452221855521202,0.7098730802536011,0.6386876106262207,-0.027151985093951225,0.7252598404884338,0.5946728587150574,-0.032377731055021286,0.6863755583763123,0.6511911749839783,-0.0008162691374309361,0.6695336103439331,0.5783809423446655,-0.01614341512322426,0.6592740416526794,0.5321272611618042,-0.02594836987555027,0.6522197127342224,0.4916033148765564,-0.03211277350783348,0.7201459407806396,0.6461421847343445,-0.0061178733594715595,0.7206007838249207,0.5631991624832153,-0.029127750545740128,0.7210859060287476,0.5085135698318481,-0.044485561549663544,0.7244148850440979,0.4621641933917999,-0.051073331385850906,0.7531560659408569,0.6597384810447693,-0.013959286734461784,0.7577718496322632,0.6152925491333008,-0.04803407937288284,0.7501173615455627,0.6752458810806274,-0.04723680764436722,0.7463365793228149,0.7179954051971436,-0.0352722592651844,0.782945454120636,0.6845183968544006,-0.02285933308303356,0.7808800339698792,0.6477983593940735,-0.04850336164236069,0.7729290127754211,0.6903800964355469,-0.04210802912712097,0.7675812840461731,0.7235097289085388,-0.029851820319890976
K,0.7455348372459412,0.8104455471038818,5.219274044065969e-07,0.7042586207389832,0.7690709233283997,-0.015187411569058895,0.690098226070404,0.7020837068557739,-0.019548533484339714,0.7103127837181091,0.6368145942687988,-0.025828612968325615,0.7263131141662598,0.5931748747825623,-0.030655134469270706,0.6869608163833618,0.6507271528244019,-0.0008236560388468206,0.670040488243103,0.5781717300415039,-0.016305921599268913,0.6598508358001709,0.531977117061615,-0.026088792830705643,0.6528221368789673,0.49129223823547363,-0.032203979790210724,0.720498263835907,0.6455280780792236,-0.0062608178704977036,0.7213873863220215,0.5622382164001465,-0.02927488461136818,0.7218432426452637,0.507595419883728,-0.04440401494503021,0.725164532661438,0.4609653949737549,-0.050803132355213165,0.753381073474884,0.6586942076683044,-0.014219307340681553,0.7585562467575073,0.6148812174797058,-0.048171188682317734,0.7505738139152527,0.6751149296760559,-0.04722970351576805,0.7466910481452942,0.7174338102340698,-0.03519003838300705,0.7831823825836182,0.6830760836601257,-0.02322767861187458,0.7814527750015259,0.6470910310745239,-0.048533372581005096,0.7732864618301392,0.6899616718292236,-0.04204552620649338,0.7679595351219177,0.7224675416946411,-0.029824845492839813
K,0.745205283164978,0.809490442276001,5.279433139548928e-07,0.7040711641311646,0.7683562636375427,-0.015085950493812561,0.6905152201652527,0.7015681266784668,-0.0196099691092968,0.710632860660553,0.6364709138870239,-0.026103032752871513,0.726650595664978,0.5931556820869446,-0.03120090812444687,0.6870698928833008,0.6500390768051147,-0.0010725207393988967,0.6704081892967224,0.5776540040969849,-0.016642460599541664,0.660353422164917,0.5313214659690857,-0.026554973796010017,0.6534740328788757,0.490478515625,-0.03280753642320633,0.7205588817596436,0.6447380781173706,-0.00661065336316824,0.7216244339942932,0.5613929629325867,-0.029724447056651115,0.7223374843597412,0.5063871741294861,-0.045016828924417496,0.7258476614952087,0.4596916139125824,-0.05160680040717125,0.7534070611000061,0.6579563617706299,-0.014598098583519459,0.7587175965309143,0.6139535307884216,-0.048422008752822876,0.7506471872329712,0.6737279295921326,-0.047454167157411575,0.7466053366661072,0.7164697647094727,-0.035500023514032364,0.7829868793487549,0.682452917098999,-0.023638255894184113,0.7812700867652893,0.646487832069397,-0.048880744725465775,0.7731786370277405,0.6890796422958374,-0.04238101840019226,0.7678422331809998,0.7220010161399841,-0.030194617807865143
K,0.7455921769142151,0.809667706489563,5.218327601141937e-07,0.704216480255127,0.7687088251113892,-0.014660622924566269,0.690240740776062,0.7016092538833618,-0.01901383325457573,0.7103214859962463,0.6359052658081055,-0.025354037061333656,0.7264634966850281,0.5923755764961243,-0.030316106975078583,0.6871796250343323,0.6504875421524048,-0.0014349748380482197,0.6702451705932617,0.5778772830963135,-0.01723918877542019,0.6601163744926453,0.5313246846199036,-0.027307407930493355,0.6533178687095642,0.48999345302581787,-0.03370112553238869,0.720661461353302,0.6448780298233032,-0.007092510350048542,0.7216623425483704,0.5611684322357178,-0.030524497851729393,0.7222766280174255,0.5061670541763306,-0.0459606796503067,0.7259078621864319,0.4592054486274719,-0.05269595608115196,0.7534432411193848,0.657619833946228,-0.015095540322363377,0.7588049173355103,0.6135658621788025,-0.04886825755238533,0.7505253553390503,0.6733684539794922,-0.04764851555228233,0.7465113997459412,0.7158706784248352,-0.03560933098196983,0.7829643487930298,0.6816136837005615,-0.02413993887603283,0.7813246250152588,0.645910382270813,-0.04924243316054344,0.7730367183685303,0.6886370182037354,-0.04261903092265129,0.7676191926002502,0.7213813066482544,-0.030409038066864014
K,0.7454726099967957,0.8093734383583069,5.248224397291779e-07,0.7041157484054565,0.767719030380249,-0.014822483994066715,0.6904774904251099,0.7005994319915771,-0.018908489495515823,0.7104721665382385,0.6350765228271484,-0.025021707639098167,0.7260063290596008,0.5915402770042419,-0.029708299785852432,0.6870715618133545,0.6492615342140198,4.7813929995754734e-05,0.6703025102615356,0.5769543051719666,-0.01521232072263956,0.6602821946144104,0.5306920409202576,-0.02509716898202896,0.6534521579742432,0.48973894119262695,-0.031385112553834915,0.7207590937614441,0.6440951824188232,-0.005427333526313305,0.7217972874641418,0.5609642863273621,-0.028332436457276344,0.7223712801933289,0.5059772729873657,-0.043793242424726486,0.7258182764053345,0.4591216444969177,-0.05059599503874779,0.7536296248435974,0.6573206782341003,-0.013404518365859985,0.758798360824585,0.6132275462150574,-0.047163981944322586,0.7506176829338074,0.6728916764259338,-0.04654134437441826,0.7466529011726379,0.7157015800476074,-0.034856267273426056,0.7832043766975403,0.6816049814224243,-0.022411376237869263,0.7814522981643677,0.6456746459007263,-0.04762452468276024,0.773163914680481,0.6879382133483887,-0.04141942784190178,0.7678135633468628,0.7207245826721191,-0.029495876282453537
K,0.7456653118133545,0.8087136745452881,5.163492460269481e-07,0.7039639949798584,0.7659118175506592,-0.01459237840026617,0.6902557015419006,0.6984425187110901,-0.018942387774586678,0.7106940150260925,0.6337917447090149,-0.025387553498148918,0.7267870306968689,0.5905463099479675,-0.03040987439453602,0.6877819299697876,0.6477628350257874,-0.0007911216816864908,0.6708483099937439,0.5751069188117981,-0.016566677019000053,0.6605967283248901,0.5285295248031616,-0.026679284870624542,0.653597891330719,0.487286239862442,-0.03305511921644211,0.7215333580970764,0.6428420543670654,-0.006649227812886238,0.7218028903007507,0.559371829032898,-0.029694780707359314,0.7221142649650574,0.5046921372413635,-0.0449812225997448,0.7255971431732178,0.45777374505996704,-0.051629018038511276,0.7546821236610413,0.6561691164970398,-0.01497343834489584,0.7595149874687195,0.6116284728050232,-0.04895699769258499,0.7510220408439636,0.6720298528671265,-0.0480705164372921,0.7471380829811096,0.7150492668151855,-0.03613104671239853,0.7846952080726624,0.680702269077301,-0.0243107620626688,0.7826707363128662,0.6448110938072205,-0.049607668071985245,0.773650586605072,0.6875182390213013,-0.04316679760813713,0.767780601978302,0.7205178737640381,-0.031031884253025055
K,0.7462673187255859,0.8063561320304871,5.228781105870439e-07,0.7050179243087769,0.7634245753288269,-0.015136327594518661,0.6915649175643921,0.6963813304901123,-0.01980971358716488,0.7119608521461487,0.6323233246803284,-0.026496782898902893,0.7280924916267395,0.5895913243293762,-0.031760819256305695,0.6884814500808716,0.6454631090164185,-0.0012135752476751804,0.6718178987503052,0.5730080008506775,-0.017219381406903267,0.6615514159202576,0.5266456007957458,-0.027471203356981277,0.654548704624176,0.48568689823150635,-0.03387530893087387,0.7221080660820007,0.6405618786811829,-0.006843524519354105,0.7228091359138489,0.5568443536758423,-0.03002537600696087,0.7235024571418762,0.5022373199462891,-0.045413631945848465,0.7270441055297852,0.4553580582141876,-0.05202556028962135,0.7550885677337646,0.6541740298271179,-0.014971609227359295,0.7604519724845886,0.6098122596740723,-0.04915414750576019,0.7520878314971924,0.6697946786880493,-0.048476558178663254,0.747832715511322,0.7123146057128906,-0.036579858511686325,0.7848321199417114,0.6792576313018799,-0.02412181906402111,0.7830663323402405,0.6427825093269348,-0.04953900724649429,0.7744817733764648,0.6855499744415283,-0.043053578585386276,0.7687345147132874,0.7185090184211731,-0.03080606833100319
K,0.7472131252288818,0.801985502243042,5.094697144158999e-07,0.705793023109436,0.7588417530059814,-0.01374694425612688,0.692223310470581,0.6935004591941833,-0.01772722415626049,0.7126774787902832,0.6306708455085754,-0.023849118500947952,0.7281413078308105,0.589272677898407,-0.028489289805293083,0.6890617609024048,0.6409398317337036,-0.0002662821498233825,0.6723656058311462,0.569329023361206,-0.015583807602524757,0.6621116995811462,0.5236049890518188,-0.0256417915225029,0.655191957950592,0.4832645654678345,-0.032011859118938446,0.7228848338127136,0.6361576914787292,-0.006238998845219612,0.7232908010482788,0.5535175800323486,-0.028769049793481827,0.7240261435508728,0.49922651052474976,-0.04423477128148079,0.7275256514549255,0.45272713899612427,-0.051154281944036484,0.7561041712760925,0.6496838331222534,-0.01451175194233656,0.7612563967704773,0.6064074039459229,-0.04777862876653671,0.7526877522468567,0.6651573181152344,-0.047578826546669006,0.7481932640075684,0.7072833776473999,-0.036393746733665466,0.785969614982605,0.674517810344696,-0.023695336654782295,0.7842937111854553,0.6391953229904175,-0.04833531007170677,0.7751442790031433,0.6808886528015137,-0.04216354712843895,0.7689164876937866,0.7133584022521973,-0.030408795922994614
K,0.749366044998169,0.7999197840690613,5.228747568253311e-07,0.7076981663703918,0.756615161895752,-0.015422239899635315,0.6936389207839966,0.6902368664741516,-0.019994260743260384,0.7134473919868469,0.6257652044296265,-0.026450295001268387,0.7285301089286804,0.5820299386978149,-0.03133651614189148,0.690238893032074,0.6408690810203552,-0.0007753224927000701,0.6731120347976685,0.5678994655609131,-0.016767488792538643,0.6627293229103088,0.5210986137390137,-0.02723262459039688,0.6557267904281616,0.4796217679977417,-0.03382374346256256,0.723955512046814,0.6354236006736755,-0.00609693955630064,0.7239941358566284,0.5518253445625305,-0.029303275048732758,0.7245087623596191,0.49697571992874146,-0.04505178704857826,0.7279103994369507,0.449543833732605,-0.052048977464437485,0.7569867372512817,0.6481611132621765,-0.013986686244606972,0.762153685092926,0.6035423874855042,-0.04820621758699417,0.7540395259857178,0.6628259420394897,-0.048003457486629486,0.750059187412262,0.7052926421165466,-0.03650778532028198,0.7868226170539856,0.6720552444458008,-0.022931167855858803,0.7848727703094482,0.6361501216888428,-0.048436298966407776,0.7766746282577515,0.6783101558685303,-0.042406514286994934,0.7714098691940308,0.7109043598175049,-0.030540456995368004
K,0.7512774467468262,0.7963588833808899,5.402235956353252e-07,0.7105153799057007,0.7504228353500366,-0.013203910551965237,0.6962258219718933,0.6868241429328918,-0.01771029829978943,0.7148393392562866,0.6231447458267212,-0.02451086975634098,0.7299421429634094,0.580909252166748,-0.02968299761414528,0.6911187171936035,0.6351537108421326,-8.507193342666142e-06,0.6739143133163452,0.5616264939308167,-0.01567385345697403,0.6636848449707031,0.5154401659965515,-0.02645416185259819,0.6566144227981567,0.47468262910842896,-0.03335834667086601,0.7247226238250732,0.6301996111869812,-0.006289983168244362,0.7243937253952026,0.5461668372154236,-0.029206054285168648,0.7250744700431824,0.4917334020137787,-0.04539802670478821,0.7285075783729553,0.4449363946914673,-0.05291171744465828,0.758232831954956,0.6436198949813843,-0.014667407609522343,0.7629584074020386,0.5984766483306885,-0.04723538085818291,0.7551432847976685,0.6569105386734009,-0.046284355223178864,0.7512452006340027,0.6993624567985535,-0.03474811464548111,0.7879997491836548,0.668502151966095,-0.02400405891239643,0.7862517833709717,0.6316814422607422,-0.04765759035944939,0.7776468396186829,0.6727522611618042,-0.040523555129766464,0.7719684839248657,0.7053858637809753,-0.028106126934289932
K,0.7525951862335205,0.7904980182647705,5.313953579388908e-07,0.7109434604644775,0.7457165122032166,-0.014841393567621708,0.6969845294952393,0.6785536408424377,-0.01860181614756584,0.7168499231338501,0.6152618527412415,-0.024418814107775688,0.7318186163902283,0.5735245943069458,-0.02872818522155285,0.6926813721656799,0.62921541929245,0.0012279090005904436,0.6750596165657043,0.5562290549278259,-0.013267000205814838,0.6645997166633606,0.5098234415054321,-0.02304176799952984,0.6571027040481567,0.4691835045814514,-0.029219910502433777,0.7264136075973511,0.624274730682373,-0.004016673192381859,0.7251583337783813,0.5402883887290955,-0.024995749816298485,0.7257494926452637,0.48606839776039124,-0.04000502824783325,0.7288568019866943,0.43995290994644165,-0.046718351542949677,0.7596898078918457,0.6379337906837463,-0.0118755167350173,0.7637254595756531,0.5922660827636719,-0.044333912432193756,0.7560243010520935,0.6495619416236877,-0.04505538567900658,0.7520217895507812,0.6919974684715271,-0.034553613513708115,0.7894477248191833,0.6628821492195129,-0.020732268691062927,0.7869988679885864,0.626518964767456,-0.044942449778318405,0.7785493731498718,0.6668444275856018,-0.039277996867895126,0.7732573747634888,0.6995142698287964,-0.027930080890655518
K,0.754248321056366,0.7847170829772949,5.337070660971222e-07,0.7129261493682861,0.7391068339347839,-0.014307640492916107,0.6985820531845093,0.6728085875511169,-0.018138861283659935,0.7176674604415894,0.6088128089904785,-0.02406352385878563,0.731981098651886,0.5664812922477722,-0.02837134152650833,0.69343101978302,0.6230779886245728,0.0009959269082173705,0.6758780479431152,0.5498948097229004,-0.013794000260531902,0.6653261184692383,0.5032073259353638,-0.023793095722794533,0.6577630043029785,0.46217817068099976,-0.03009972721338272,0.7271117568016052,0.6181061863899231,-0.004425098188221455,0.7259049415588379,0.5339632034301758,-0.026163626462221146,0.7263669371604919,0.47963422536849976,-0.041515059769153595,0.7294653654098511,0.433103084564209,-0.04837534949183464,0.7605828642845154,0.6314029693603516,-0.012287341989576817,0.7649946808815002,0.5864275693893433,-0.044862158596515656,0.7573878765106201,0.6444212794303894,-0.0448077917098999,0.7535896301269531,0.6867037415504456,-0.03369242697954178,0.7904019355773926,0.6558610200881958,-0.02113591879606247,0.7882478833198547,0.6187546253204346,-0.044982098042964935,0.7800801396369934,0.6597051024436951,-0.03858496621251106,0.7750073671340942,0.6922587156295776,-0.026684746146202087
K,0.7565919756889343,0.776351809501648,5.330816179593967e-07,0.7145354747772217,0.7316299080848694,-0.01491665281355381,0.6992526054382324,0.6648129820823669,-0.018361583352088928,0.7179932594299316,0.5997801423072815,-0.023812726140022278,0.7321000099182129,0.5567141771316528,-0.027619684115052223,0.6943610906600952,0.6148127317428589,0.002105594612658024,0.6765353083610535,0.541727602481842,-0.01217806525528431,0.6660532355308533,0.4953473210334778,-0.021985994651913643,0.6583771705627441,0.4543273448944092,-0.02818290889263153,0.7281621098518372,0.609800398349762,-0.002835426712408662,0.726348876953125,0.5262207388877869,-0.023898866027593613,0.7271658182144165,0.4723944664001465,-0.03892079368233681,0.730450451374054,0.42625653743743896,-0.045554887503385544,0.7615914940834045,0.622857928276062,-0.010472712107002735,0.7657875418663025,0.5783118009567261,-0.043149154633283615,0.7588486671447754,0.6366196870803833,-0.0436733178794384,0.755388081073761,0.6793959140777588,-0.032842956483364105,0.7915602922439575,0.646928071975708,-0.019144872203469276,0.7896562814712524,0.6104341149330139,-0.04329833760857582,0.7817478179931641,0.6513389348983765,-0.03745736554265022,0.7768868803977966,0.6840794086456299,-0.025909680873155594
K,0.7583618760108948,0.7712956666946411,5.483212248691416e-07,0.7163957953453064,0.7239318490028381,-0.013473089784383774,0.7017887830734253,0.6578546166419983,-0.017003362998366356,0.7200056314468384,0.5932779908180237,-0.022821292281150818,0.7342265844345093,0.5510883331298828,-0.02702600695192814,0.6956603527069092,0.6076808571815491,0.0021796964574605227,0.6775792241096497,0.5337077975273132,-0.012322169728577137,0.6670292615890503,0.4872964024543762,-0.022613629698753357,0.659614086151123,0.4460647702217102,-0.02930423803627491,0.7296064496040344,0.6027465462684631,-0.0036170892417430878,0.728331446647644,0.5187286734580994,-0.024966880679130554,0.7287598252296448,0.4645950198173523,-0.04069909453392029,0.7318863272666931,0.4178527295589447,-0.048066750168800354,0.7634106278419495,0.6164527535438538,-0.011747068725526333,0.7675752639770508,0.5704495310783386,-0.04335589334368706,0.7602685689926147,0.6290943026542664,-0.04298987612128258,0.7567257881164551,0.6715717911720276,-0.03202194347977638,0.7933840155601501,0.6416018605232239,-0.020887238904833794,0.7910078167915344,0.6041790246963501,-0.04395393282175064,0.7830244302749634,0.6451586484909058,-0.03717075660824776,0.778091311454773,0.6772816181182861,-0.025166867300868034
K,0.7596030235290527,0.7641596794128418,5.506707339009154e-07,0.7175818085670471,0.7179715633392334,-0.014975636266171932,0.7027382850646973,0.6501791477203369,-0.018019432201981544,0.7207947969436646,0.5846407413482666,-0.023124633356928825,0.7341839671134949,0.541157066822052,-0.02648022770881653,0.6964102983474731,0.5999184846878052,0.003897156100720167,0.6782456040382385,0.5259027481079102,-0.00964446272701025,0.6679003834724426,0.4791173040866852,-0.01918906345963478,0.6606717109680176,0.43799206614494324,-0.025206556543707848,0.7303957939147949,0.5949455499649048,-0.0008158305427059531,0.7291621565818787,0.5108065009117126,-0.02110236883163452,0.7298985123634338,0.45627298951148987,-0.036180268973112106,0.733210027217865,0.40979403257369995,-0.04292478784918785,0.7639439702033997,0.6082455515861511,-0.008364562876522541,0.7689733505249023,0.563225269317627,-0.04027174785733223,0.7616844773292542,0.6214763522148132,-0.04129859805107117,0.7577592134475708,0.6642425060272217,-0.030946454033255577,0.7938339710235596,0.6322248578071594,-0.016985343769192696,0.7924826741218567,0.5950775742530823,-0.04043746367096901,0.7843940854072571,0.6357910633087158,-0.034771647304296494,0.7792362570762634,0.6684560179710388,-0.02347937785089016
K,0.7611270546913147,0.7586857080459595,5.58530587113637e-07,0.7184068560600281,0.7108467817306519,-0.014094182290136814,0.7033922076225281,0.6454222202301025,-0.017359286546707153,0.7217114567756653,0.5795555710792542,-0.022693313658237457,0.7359204888343811,0.5364659428596497,-0.02615273743867874,0.6968621611595154,0.5941077470779419,0.00364144379273057,0.6787920594215393,0.5192998647689819,-0.010282461531460285,0.6679843664169312,0.47268009185791016,-0.020445240661501884,0.6603285670280457,0.4314369857311249,-0.027039911597967148,0.7307953834533691,0.5885290503501892,-0.0013229518663138151,0.7298493385314941,0.5038590431213379,-0.02236623503267765,0.7302441596984863,0.4489852786064148,-0.03849074989557266,0.7335510849952698,0.4020848274230957,-0.04616772383451462,0.764538049697876,0.6015391945838928,-0.008812148123979568,0.7699628472328186,0.5568045973777771,-0.04028413072228432,0.7626649141311646,0.6147715449333191,-0.041016608476638794,0.759016752243042,0.6573189496994019,-0.03076799400150776,0.7944536209106445,0.6251943111419678,-0.017347101122140884,0.7931658625602722,0.5887783765792847,-0.04031529650092125,0.7854437828063965,0.6290642619132996,-0.034394361078739166,0.7807434797286987,0.6609199047088623,-0.02304713800549507
K,0.7617203593254089,0.7510005235671997,5.696753646589059e-07,0.7196342349052429,0.7030061483383179,-0.014243999496102333,0.7045877575874329,0.6385802030563354,-0.017485737800598145,0.7221761345863342,0.572608470916748,-0.022704480215907097,0.7357242703437805,0.5288750529289246,-0.02592693828046322,0.6965848803520203,0.5847651362419128,0.004388617351651192,0.6783252358436584,0.5105587840080261,-0.009010620415210724,0.6678670644760132,0.4646725058555603,-0.019186824560165405,0.6606025099754333,0.4239746928215027,-0.025898974388837814,0.7308873534202576,0.5798588991165161,-0.00037625653203576803,0.7301095128059387,0.4958820343017578,-0.021160723641514778,0.7306200265884399,0.44137489795684814,-0.037624333053827286,0.7339321374893188,0.3945257067680359,-0.0456848107278347,0.7647450566291809,0.5936943292617798,-0.007651578634977341,0.7700330018997192,0.5493283271789551,-0.03861682116985321,0.7633344531059265,0.6080007553100586,-0.03918573632836342,0.7599417567253113,0.6501349210739136,-0.029022397473454475,0.7943422794342041,0.6179119348526001,-0.01600092463195324,0.7932833433151245,0.581581175327301,-0.03841613605618477,0.7858524918556213,0.6223942041397095,-0.032208580523729324,0.7812097072601318,0.6535767316818237,-0.02080904133617878
K,0.7615528702735901,0.7438734769821167,5.677845820173388e-07,0.7188555002212524,0.6954326629638672,-0.014431425370275974,0.7040906548500061,0.631597638130188,-0.018004179000854492,0.7217923998832703,0.5659556984901428,-0.023619361221790314,0.7366045713424683,0.5229026675224304,-0.027321720495820045,0.6967800259590149,0.5795438289642334,0.004123359452933073,0.6782165169715881,0.5049205422401428,-0.009556490927934647,0.6674351692199707,0.45872366428375244,-0.019906237721443176,0.6601730585098267,0.4178975224494934,-0.026760630309581757,0.731001079082489,0.5741989612579346,-0.0006371285417117178,0.7299478054046631,0.4894378185272217,-0.02159377746284008,0.7301657795906067,0.4345036745071411,-0.03840154409408569,0.7335165739059448,0.3873300552368164,-0.046813253313302994,0.7647696733474731,0.5877121090888977,-0.007892237044870853,0.7699490785598755,0.5417066812515259,-0.038944754749536514,0.7630836963653564,0.5999393463134766,-0.03986375406384468,0.759709358215332,0.6424427032470703,-0.030037565156817436,0.7944326400756836,0.6119042634963989,-0.016222575679421425,0.7927735447883606,0.5747783780097961,-0.038756731897592545,0.7854585647583008,0.6153814792633057,-0.032774847000837326,0.7810133695602417,0.6472959518432617,-0.021594207733869553
K,0.7615243792533875,0.7370482683181763,5.609513777926622e-07,0.7191470861434937,0.690197765827179,-0.01473733875900507,0.7035613656044006,0.6247347593307495,-0.018173983320593834,0.7212504148483276,0.5590245723724365,-0.023556005209684372,0.7356474995613098,0.5163721442222595,-0.02706458978354931,0.6963807344436646,0.5734078884124756,0.0031275975052267313,0.6778848767280579,0.49848294258117676,-0.010725903324782848,0.6671697497367859,0.45205259323120117,-0.020702004432678223,0.6596357822418213,0.4112647473812103,-0.027127448469400406,0.7303076982498169,0.5674712061882019,-0.0015282297972589731,0.7291620373725891,0.48277556896209717,-0.022541891783475876,0.7295957803726196,0.4282852113246918,-0.03849748522043228,0.7327770590782166,0.3816224932670593,-0.04598606005311012,0.7639918327331543,0.580061674118042,-0.00875630509108305,0.769625186920166,0.5351358652114868,-0.04027990251779556,0.7632134556770325,0.5937185287475586,-0.04098857566714287,0.7598621249198914,0.6364481449127197,-0.030727867037057877,0.7939335703849792,0.6034389734268188,-0.01706749014556408,0.7927871942520142,0.5675984025001526,-0.03998959809541702,0.785850465297699,0.6083481311798096,-0.03401781618595123,0.7815800309181213,0.6399285793304443,-0.022667966783046722
K,0.7614352703094482,0.7299877405166626,5.723632625631581e-07,0.7199347019195557,0.6821815371513367,-0.015466337092220783,0.7046729326248169,0.6172602772712708,-0.018448157235980034,0.7213765382766724,0.550245463848114,-0.023172004148364067,0.7349600791931152,0.5064147710800171,-0.025929568335413933,0.6956243515014648,0.5654588937759399,0.005351293366402388,0.6773749589920044,0.4913802146911621,-0.007709507830440998,0.6666669249534607,0.445303350687027,-0.01773146167397499,0.6591922044754028,0.4046626687049866,-0.02433841861784458,0.7297506332397461,0.5599196553230286,0.0013640904799103737,0.7284610867500305,0.4753795266151428,-0.018847821280360222,0.7289642691612244,0.42129331827163696,-0.035098880529403687,0.7322472333908081,0.37492114305496216,-0.04288915544748306,0.76360023021698,0.5732374787330627,-0.005404220428317785,0.7686460018157959,0.5279492139816284,-0.03659037500619888,0.7626031637191772,0.5866494178771973,-0.03777240589261055,0.7595783472061157,0.6287004947662354,-0.027862699702382088,0.7933040261268616,0.5972060561180115,-0.013293844647705555,0.791853666305542,0.5603167414665222,-0.03619625046849251,0.7851098775863647,0.6017135977745056,-0.030403627082705498,0.7811527252197266,0.6332333087921143,-0.019175086170434952
K,0.7611421346664429,0.7241538166999817,5.524421453628747e-07,0.7181727886199951,0.6771136522293091,-0.013890677131712437,0.7025443911552429,0.6107816100120544,-0.016470829024910927,0.7196916937828064,0.5440100431442261,-0.021249765530228615,0.7341339588165283,0.5010578632354736,-0.02419857680797577,0.6956887245178223,0.5584280490875244,0.005773409269750118,0.6771386861801147,0.4848252534866333,-0.00735454261302948,0.6662864089012146,0.4390755891799927,-0.017398951575160027,0.6586897969245911,0.39861878752708435,-0.02411271259188652,0.7297084331512451,0.553082287311554,0.0007909485138952732,0.7281031608581543,0.46905285120010376,-0.0194929800927639,0.7281532883644104,0.4147419333457947,-0.035771459341049194,0.7312197089195251,0.3681137263774872,-0.043741755187511444,0.7633853554725647,0.5662959814071655,-0.0068263947032392025,0.7685543894767761,0.5204666256904602,-0.0376412607729435,0.7620776891708374,0.5788169503211975,-0.038455501198768616,0.758813202381134,0.6211764812469482,-0.028530001640319824,0.7933361530303955,0.5900723338127136,-0.015514494851231575,0.7918698787689209,0.5525315403938293,-0.03804640844464302,0.784700870513916,0.593590259552002,-0.03206172212958336,0.7803622484207153,0.625738263130188,-0.020852811634540558
K,0.7614681720733643,0.7145869135856628,5.588352678387309e-07,0.7189211845397949,0.6674554347991943,-0.015320655889809132,0.7030806541442871,0.6009030938148499,-0.017892152070999146,0.7196134328842163,0.5323936939239502,-0.022174254059791565,0.7321453094482422,0.48822900652885437,-0.024508044123649597,0.6949615478515625,0.5510411262512207,0.0052941590547561646,0.676292896270752,0.4773687422275543,-0.007738386746495962,0.6656208634376526,0.4314955472946167,-0.017475266009569168,0.658034086227417,0.3908715546131134,-0.023779388517141342,0.7288156151771545,0.545307993888855,0.0014167164918035269,0.727187991142273,0.4606435000896454,-0.018645530566573143,0.7275866270065308,0.40702158212661743,-0.03416585177183151,0.7307618260383606,0.3609786629676819,-0.041330497711896896,0.7624208331108093,0.5581744313240051,-0.005282367113977671,0.7679675817489624,0.512261688709259,-0.03647598996758461,0.7619554400444031,0.5706815123558044,-0.03721960633993149,0.7588392496109009,0.6128169894218445,-0.026910752058029175,0.7921152114868164,0.5817081928253174,-0.01312245149165392,0.7913724780082703,0.5446956157684326,-0.0361345149576664,0.7845767736434937,0.5858444571495056,-0.030290063470602036,0.7805278897285461,0.6175295114517212,-0.018923837691545486
K,0.7606803178787231,0.7043765783309937,5.512723646461382e-07,0.7182697057723999,0.6603249311447144,-0.01681552454829216,0.7019553184509277,0.5919055938720703,-0.019578952342271805,0.7191378474235535,0.5237765908241272,-0.023988764733076096,0.7320120930671692,0.4795173704624176,-0.026785867288708687,0.6943026781082153,0.5434035062789917,0.004692842718213797,0.6757952570915222,0.4706364870071411,-0.008765844628214836,0.6651480197906494,0.42459312081336975,-0.018364766612648964,0.6573100090026855,0.3841807246208191,-0.024371599778532982,0.7281454205513,0.5379234552383423,0.000984283979050815,0.7257235050201416,0.4539170563220978,-0.01888478361070156,0.7262476682662964,0.40069812536239624,-0.03335271775722504,0.7292216420173645,0.3548402786254883,-0.03946447744965553,0.761781632900238,0.5506284236907959,-0.005966974887996912,0.766045093536377,0.5049642324447632,-0.03823278844356537,0.7609249949455261,0.5638062357902527,-0.03909797966480255,0.7583949565887451,0.6053608059883118,-0.02847244031727314,0.7918944954872131,0.5742114186286926,-0.014135005883872509,0.7896789908409119,0.5373606085777283,-0.03807348757982254,0.7834053039550781,0.5791488885879517,-0.03224257379770279,0.7799792885780334,0.6107001900672913,-0.020725710317492485
K,0.7597266435623169,0.6955636143684387,5.568142569245538e-07,0.7174593210220337,0.6520808339118958,-0.016723738983273506,0.7010071873664856,0.5845299959182739,-0.019662322476506233,0.7177914977073669,0.5168014168739319,-0.02421819232404232,0.7309998273849487,0.4727659523487091,-0.027144741266965866,0.6930415630340576,0.5360937118530273,0.0048005785793066025,0.6745237112045288,0.46322816610336304,-0.008239961229264736,0.6639530062675476,0.41752925515174866,-0.017503321170806885,0.6561300158500671,0.37739577889442444,-0.023262495175004005,0.726746141910553,0.5303003191947937,0.0012571129482239485,0.7245468497276306,0.446072518825531,-0.018083110451698303,0.7251081466674805,0.39312583208084106,-0.032222747802734375,0.7277780771255493,0.34782159328460693,-0.03808889538049698,0.7602251172065735,0.5425464510917664,-0.005504518281668425,0.764697253704071,0.49688249826431274,-0.03748474270105362,0.7599379420280457,0.5551332235336304,-0.03868122398853302,0.7575010061264038,0.5972141623497009,-0.028262050822377205,0.7902068495750427,0.5655630826950073,-0.013425705954432487,0.7885437607765198,0.5288202166557312,-0.03731429949402809,0.7822580337524414,0.5700896382331848,-0.03181874379515648,0.7786378264427185,0.6020935773849487,-0.02050059288740158
K,0.7585939168930054,0.6896728277206421,5.551582944463007e-07,0.7162909507751465,0.6443523168563843,-0.0161616001278162,0.7002126574516296,0.5764654278755188,-0.0188019797205925,0.7168043851852417,0.5089927911758423,-0.02317371405661106,0.7289693355560303,0.4647252559661865,-0.025826916098594666,0.6920831799507141,0.528867244720459,0.006000797264277935,0.6732351183891296,0.4564707577228546,-0.00661222031340003,0.6623234152793884,0.41100919246673584,-0.01576162688434124,0.6541587114334106,0.37116241455078125,-0.02145523391664028,0.7255347967147827,0.5230171084403992,0.002267771866172552,0.7229189872741699,0.4398822784423828,-0.01671835593879223,0.722967267036438,0.3865446448326111,-0.03101067617535591,0.7252975702285767,0.3408554196357727,-0.0370573066174984,0.7590569853782654,0.5351458787918091,-0.004677514545619488,0.7636842131614685,0.4902521073818207,-0.03617103770375252,0.7583713531494141,0.5483832955360413,-0.03743167221546173,0.7555527091026306,0.590621829032898,-0.02713746204972267,0.7892117500305176,0.5579624176025391,-0.012772208079695702,0.7875072956085205,0.521415114402771,-0.03630586713552475,0.7810630798339844,0.5625447034835815,-0.030779583379626274,0.7774274945259094,0.5947415232658386,-0.01945892907679081
K,0.7580695152282715,0.68206787109375,5.457754355120414e-07,0.7155658006668091,0.6383984088897705,-0.016053464263677597,0.6988886594772339,0.5709323883056641,-0.018573438748717308,0.7148696780204773,0.503265380859375,-0.0228757094591856,0.7278728485107422,0.4596535563468933,-0.02556794509291649,0.6909512877464294,0.5222751498222351,0.005799945443868637,0.6717188358306885,0.45029863715171814,-0.007054037414491177,0.66026371717453,0.4049820899963379,-0.016141748055815697,0.6516967415809631,0.3654851019382477,-0.02179720439016819,0.7244886755943298,0.5162346363067627,0.0018468929920345545,0.7215434312820435,0.43256691098213196,-0.017614059150218964,0.721442699432373,0.3796016573905945,-0.031989287585020065,0.7237365245819092,0.33434152603149414,-0.037984851747751236,0.7579948306083679,0.5283510684967041,-0.00526996748521924,0.7621021866798401,0.4830334484577179,-0.037262823432683945,0.7571617960929871,0.5409250259399414,-0.03850559890270233,0.7547616362571716,0.5825907588005066,-0.02813008427619934,0.787932276725769,0.5514342784881592,-0.013502067886292934,0.7859203815460205,0.5154931545257568,-0.03731733188033104,0.779653012752533,0.5566689372062683,-0.031808845698833466,0.7761876583099365,0.5884578824043274,-0.020495329052209854
K,0.7576357126235962,0.6793717741966248,5.61373326490866e-07,0.714301347732544,0.6322746872901917,-0.015378685668110847,0.6982998847961426,0.5668619871139526,-0.01819262094795704,0.7142817378044128,0.49878624081611633,-0.02286887913942337,0.7276871204376221,0.45436227321624756,-0.02566826529800892,0.6900598406791687,0.5188405513763428,0.005922286305576563,0.6704393625259399,0.4452224671840668,-0.006849924102425575,0.6587193608283997,0.3996274769306183,-0.016662470996379852,0.6501831412315369,0.35932838916778564,-0.023220952600240707,0.7237967848777771,0.5122461318969727,0.001807415741495788,0.7209916710853577,0.4287739396095276,-0.01778852939605713,0.7202691435813904,0.3747410178184509,-0.03356434032320976,0.7224935293197632,0.32827675342559814,-0.04123241826891899,0.7573623657226562,0.524445652961731,-0.005219580605626106,0.7616970539093018,0.47731027007102966,-0.036181382834911346,0.7559946179389954,0.5350703001022339,-0.03745541721582413,0.7532257437705994,0.5775333046913147,-0.027752362191677094,0.7870737910270691,0.5475999116897583,-0.013415921479463577,0.7852907776832581,0.5097923278808594,-0.03675598278641701,0.7783583402633667,0.5504850745201111,-0.031521741300821304,0.7741957902908325,0.583095908164978,-0.020712876692414284
K,0.7564208507537842,0.6748723983764648,5.536066396416572e-07,0.7127453088760376,0.6287733912467957,-0.01596885919570923,0.696904182434082,0.5626789331436157,-0.018586451187729836,0.7137312293052673,0.49411794543266296,-0.022971678525209427,0.7269078493118286,0.45022955536842346,-0.025575995445251465,0.6886231303215027,0.5132946968078613,0.00648335088044405,0.6689349412918091,0.44063156843185425,-0.006169081665575504,0.6574680805206299,0.3954761028289795,-0.015984928235411644,0.649170994758606,0.3555392622947693,-0.02243819832801819,0.7225067615509033,0.5070281028747559,0.0027805014979094267,0.7193914651870728,0.42397409677505493,-0.01645294576883316,0.7187203168869019,0.3704577088356018,-0.03182390332221985,0.7208340764045715,0.3243911862373352,-0.03908951207995415,0.7560511231422424,0.5193647742271423,-0.004021581262350082,0.7598299980163574,0.47226953506469727,-0.035110291093587875,0.7548501491546631,0.5301176309585571,-0.03645888715982437,0.7525357007980347,0.5723183155059814,-0.026651833206415176,0.7858285903930664,0.5426874160766602,-0.012031099759042263,0.7837923169136047,0.5049992799758911,-0.03533802554011345,0.7770923376083374,0.5461071729660034,-0.029958082363009453,0.7732357382774353,0.5786623954772949,-0.018990280106663704
K,0.7551552653312683,0.6716537475585938,5.556957489716297e-07,0.7124402523040771,0.6247762441635132,-0.015247579663991928,0.6964517831802368,0.561115026473999,-0.018495801836252213,0.7123025059700012,0.4938860833644867,-0.023455128073692322,0.7258281707763672,0.4508872628211975,-0.0265776589512825,0.6867002248764038,0.5104050636291504,0.004712519235908985,0.6668709516525269,0.4382002353668213,-0.008918565697968006,0.6552300453186035,0.3935624361038208,-0.019192906096577644,0.6470059156417847,0.35403677821159363,-0.025823956355452538,0.720387876033783,0.5038707852363586,0.0005477981176227331,0.7179709076881409,0.4201105237007141,-0.020006639882922173,0.7172967791557312,0.3669758439064026,-0.03598697483539581,0.719456136226654,0.3209252953529358,-0.04351940006017685,0.7541802525520325,0.5159905552864075,-0.006347269751131535,0.7587302923202515,0.4700731039047241,-0.037802744656801224,0.7536675333976746,0.5278336405754089,-0.03885584697127342,0.7513241767883301,0.5694809556007385,-0.028831379488110542,0.7836971282958984,0.5396708250045776,-0.014328837394714355,0.7817639112472534,0.5032768845558167,-0.037460219115018845,0.7754778861999512,0.5445353984832764,-0.031557757407426834,0.771984338760376,0.576261043548584,-0.020197439938783646
K,0.7530475854873657,0.6721749305725098,5.550743935600622e-07,0.70954829454422,0.6258328557014465,-0.01430460438132286,0.6930732131004333,0.5610775947570801,-0.01743992604315281,0.7090443968772888,0.49348488450050354,-0.022595323622226715,0.7234113812446594,0.4501951038837433,-0.02603883296251297,0.6852490305900574,0.5133980512619019,0.004143196158111095,0.6647887229919434,0.4397526681423187,-0.010112753137946129,0.6530643701553345,0.39372700452804565,-0.02053505927324295,0.6448371410369873,0.35287392139434814,-0.0273739080876112,0.7186909914016724,0.5060848593711853,-0.0007170934695750475,0.716194748878479,0.4206511378288269,-0.022013559937477112,0.7154499888420105,0.3662828207015991,-0.03796226903796196,0.7179368734359741,0.3195982873439789,-0.04557367414236069,0.7523004412651062,0.5170976519584656,-0.008216864429414272,0.7569478750228882,0.46877285838127136,-0.04010671004652977,0.7511314749717712,0.5273410081863403,-0.04038810729980469,0.7485963702201843,0.5704540014266968,-0.029885655269026756,0.7821858525276184,0.5395158529281616,-0.016803966835141182,0.7803152203559875,0.501929759979248,-0.04069347679615021,0.7734048962593079,0.5436668395996094,-0.034878674894571304,0.7694380283355713,0.5768587589263916,-0.023561367765069008
K,0.7501320838928223,0.6732330322265625,5.567875973611081e-07,0.7067561745643616,0.628404974937439,-0.015085717663168907,0.6905741691589355,0.5610153675079346,-0.017714757472276688,0.7073575854301453,0.49460291862487793,-0.022310297936201096,0.7221927046775818,0.4529820680618286,-0.025366486981511116,0.6829566359519958,0.513084352016449,0.0049814581871032715,0.6628077030181885,0.4404643177986145,-0.008808855898678303,0.6514156460762024,0.394666463136673,-0.018742140382528305,0.6433835625648499,0.3542135953903198,-0.025092922151088715,0.7166880369186401,0.5060805082321167,0.0005715681472793221,0.7138994932174683,0.42093130946159363,-0.01996302604675293,0.71330726146698,0.3667306900024414,-0.03523186221718788,0.7153788805007935,0.32049500942230225,-0.041996609419584274,0.7503622770309448,0.5174412131309509,-0.006745383609086275,0.7541977763175964,0.4688660204410553,-0.03913436457514763,0.7493206262588501,0.5270769596099854,-0.04026644676923752,0.7469057440757751,0.5704746246337891,-0.029846487566828728,0.7804592251777649,0.5400002598762512,-0.015103590674698353,0.778740406036377,0.5018133521080017,-0.039661113172769547,0.7721406817436218,0.5439465045928955,-0.03438015282154083,0.7680602669715881,0.5780278444290161,-0.02311515621840954
K,0.7484152317047119,0.6765086650848389,5.534486717806431e-07,0.7052357792854309,0.6325000524520874,-0.016151631250977516,0.6882185935974121,0.5657429099082947,-0.019500818103551865,0.7040410041809082,0.49826645851135254,-0.024776140227913857,0.7171468734741211,0.45479893684387207,-0.02850915677845478,0.6807537078857422,0.5166428089141846,0.004498664289712906,0.6595101356506348,0.44505375623703003,-0.010289672762155533,0.6481322646141052,0.39850568771362305,-0.02070714347064495,0.6403120756149292,0.3571300804615021,-0.02714548446238041,0.7141041159629822,0.5097259879112244,0.00019055817392654717,0.7112697958946228,0.4241625964641571,-0.02121496945619583,0.711381196975708,0.3698102831840515,-0.03626242280006409,0.7141583561897278,0.3237142860889435,-0.04255297780036926,0.7474637031555176,0.5208858251571655,-0.007334718946367502,0.7525985240936279,0.47378140687942505,-0.040936995297670364,0.7467169165611267,0.5313364863395691,-0.042354848235845566,0.743291437625885,0.5744978785514832,-0.0317867137491703,0.7775608897209167,0.5432618856430054,-0.01598099246621132,0.7771649956703186,0.5052517652511597,-0.04118696600198746,0.7692868113517761,0.5472487807273865,-0.036029357463121414,0.7636141180992126,0.5818613767623901,-0.024723291397094727
K,0.7443662881851196,0.6800240278244019,5.51566074591392e-07,0.6996743083000183,0.6373909711837769,-0.015174726024270058,0.6829888820648193,0.5690410733222961,-0.017434388399124146,0.7001561522483826,0.5029107928276062,-0.021782508119940758,0.7150641679763794,0.4621233344078064,-0.024659276008605957,0.6775931715965271,0.5210493206977844,0.005433875601738691,0.6563511490821838,0.44981008768081665,-0.008573695085942745,0.6447207927703857,0.40289005637168884,-0.018414165824651718,0.6368362903594971,0.36141878366470337,-0.024591781198978424,0.7111494541168213,0.51438307762146,0.0010888680117204785,0.7078393697738647,0.4297056496143341,-0.01982880011200905,0.7077513337135315,0.37430405616760254,-0.03473985195159912,0.7104452848434448,0.3278416395187378,-0.04112168028950691,0.7443795204162598,0.5255967974662781,-0.0064070140942931175,0.7493692636489868,0.47881075739860535,-0.03952176496386528,0.7434902787208557,0.5360283851623535,-0.04146188870072365,0.7398261427879333,0.5797688364982605,-0.031409405171871185,0.7742180824279785,0.547174334526062,-0.014957011677324772,0.7740476727485657,0.5104176998138428,-0.040305428206920624,0.7657885551452637,0.5524020195007324,-0.03614996373653412,0.7594804763793945,0.5877112150192261,-0.025670036673545837
K,0.7409679889678955,0.6864171028137207,5.532527325158298e-07,0.6971123814582825,0.6448285579681396,-0.016352765262126923,0.6796204447746277,0.5769056677818298,-0.019326919689774513,0.6957592964172363,0.5098360776901245,-0.02414698339998722,0.7094521522521973,0.4674372673034668,-0.027590565383434296,0.6734007596969604,0.5270355343818665,0.004303134977817535,0.6523451209068298,0.4556931257247925,-0.010081754066050053,0.6405341029167175,0.4090534448623657,-0.019885528832674026,0.6322083473205566,0.367612361907959,-0.025819282978773117,0.7070436477661133,0.5204835534095764,0.00019975683244410902,0.7038759589195251,0.43585270643234253,-0.021215146407485008,0.7035859823226929,0.38074296712875366,-0.03592372313141823,0.7059712409973145,0.33418768644332886,-0.041765667498111725,0.7407106161117554,0.532020092010498,-0.007100074086338282,0.7450861930847168,0.48651236295700073,-0.04088231548666954,0.7390838861465454,0.5437647700309753,-0.04245542734861374,0.7356387376785278,0.5865384340286255,-0.03180735930800438,0.7708810567855835,0.5544627904891968,-0.01550165843218565,0.7698267102241516,0.5178210139274597,-0.041044291108846664,0.7620431184768677,0.5598229169845581,-0.03613115847110748,0.7566461563110352,0.5941947102546692,-0.024844320490956306
K,0.7373212575912476,0.6952096819877625,5.593865921582619e-07,0.6920465230941772,0.6537265777587891,-0.016622766852378845,0.6740512847900391,0.5849825143814087,-0.019818807020783424,0.6914944648742676,0.5177301168441772,-0.024890579283237457,0.7056133151054382,0.4746997654438019,-0.02855963259935379,0.66884845495224,0.535126805305481,0.003584020771086216,0.6474758982658386,0.4641782343387604,-0.011230210773646832,0.6355149149894714,0.4171947240829468,-0.021275263279676437,0.6271092295646667,0.3752724528312683,-0.027349254116415977,0.7027432918548584,0.5280249118804932,-0.0006227254634723067,0.6997777223587036,0.44340044260025024,-0.022447369992733,0.6993604302406311,0.3876173496246338,-0.03738415241241455,0.7018632888793945,0.3408597707748413,-0.04333071783185005,0.7365764379501343,0.539219856262207,-0.008086125366389751,0.7409775257110596,0.4952658414840698,-0.042345527559518814,0.7345188856124878,0.5534204244613647,-0.04426435008645058,0.7312529683113098,0.5970384478569031,-0.033723510801792145,0.7670049667358398,0.5614289045333862,-0.016699183732271194,0.7656006217002869,0.526796281337738,-0.042628396302461624,0.7572567462921143,0.5692561864852905,-0.03806848078966141,0.7517514824867249,0.6038656234741211,-0.02695373073220253
K,0.7312614917755127,0.7050009965896606,5.594301342171093e-07,0.6865235567092896,0.6623135209083557,-0.015994036570191383,0.6697016954421997,0.5944325923919678,-0.01975388452410698,0.6874827742576599,0.5280559062957764,-0.025586029514670372,0.7016240358352661,0.4853375256061554,-0.030049951747059822,0.6643685102462769,0.5457753539085388,0.0025004164781421423,0.6428986191749573,0.4746215045452118,-0.012789531610906124,0.6308948993682861,0.4270804524421692,-0.0229355376213789,0.6226512789726257,0.38451236486434937,-0.028975628316402435,0.698047935962677,0.5382437705993652,-0.0022217656951397657,0.6951466202735901,0.4534211754798889,-0.024597590789198875,0.6947309970855713,0.3967178463935852,-0.03963754326105118,0.6975817084312439,0.34948980808258057,-0.045636940747499466,0.7321701645851135,0.5491432547569275,-0.009981445036828518,0.7363394498825073,0.5053308010101318,-0.0442977212369442,0.7296833992004395,0.5633441805839539,-0.045864224433898926,0.7267823815345764,0.6074057221412659,-0.03504912182688713,0.762981653213501,0.5711088180541992,-0.018844667822122574,0.7608724236488342,0.536758542060852,-0.04443610832095146,0.752333402633667,0.5787960290908813,-0.03944813087582588,0.7470191121101379,0.6137490272521973,-0.028032291680574417
K,0.7271661162376404,0.7198933362960815,5.424886353466718e-07,0.6812760829925537,0.6782320141792297,-0.015352249145507812,0.6629250049591064,0.6076952815055847,-0.019271882250905037,0.6818883419036865,0.5404149889945984,-0.02524157054722309,0.6979987025260925,0.49782705307006836,-0.02990788407623768,0.6612629294395447,0.5601752996444702,-0.001304964884184301,0.6391432881355286,0.48638731241226196,-0.01737343892455101,0.6267217397689819,0.43790745735168457,-0.02772565931081772,0.6184584498405457,0.3940352499485016,-0.03408131003379822,0.694957971572876,0.5519270300865173,-0.0062647974118590355,0.6917766332626343,0.46616774797439575,-0.029577380046248436,0.6903898119926453,0.4079954922199249,-0.04479890316724777,0.692977249622345,0.358958899974823,-0.05120615288615227,0.7290063500404358,0.5621882677078247,-0.013854427263140678,0.7325670719146729,0.517166256904602,-0.04809632524847984,0.7244755625724792,0.5762507319450378,-0.04888264462351799,0.7213660478591919,0.6214873790740967,-0.03783337026834488,0.7601308822631836,0.5832948088645935,-0.022537773475050926,0.7580000758171082,0.5483272075653076,-0.04821091145277023,0.7480432987213135,0.5901699066162109,-0.04326530918478966,0.7417505383491516,0.6251494884490967,-0.03206171467900276
K,0.7221769690513611,0.7319897413253784,5.37255971266859e-07,0.6770523190498352,0.6914231777191162,-0.01631353422999382,0.6596024036407471,0.6202141046524048,-0.0208676028996706,0.6779705882072449,0.5524139404296875,-0.0272987000644207,0.6927735209465027,0.5085715055465698,-0.032366421073675156,0.6565454602241516,0.5704705715179443,-0.0022156890481710434,0.6346668004989624,0.4972720742225647,-0.018665485084056854,0.6223650574684143,0.44952499866485596,-0.02867664396762848,0.6143404245376587,0.4063403606414795,-0.034512296319007874,0.6903103590011597,0.5629684329032898,-0.006997755728662014,0.6870855093002319,0.476921945810318,-0.031034285202622414,0.6857316493988037,0.419696569442749,-0.04616054892539978,0.6885045766830444,0.3712363839149475,-0.052094876766204834,0.7246431112289429,0.5739802122116089,-0.014473549090325832,0.727944016456604,0.531022310256958,-0.049361903220415115,0.7199435830116272,0.5916908383369446,-0.04958028718829155,0.7171211838722229,0.6361761093139648,-0.0377650149166584,0.7560299634933472,0.5956329107284546,-0.02306942827999592,0.7526838779449463,0.5615568161010742,-0.04846953600645065,0.7434177994728088,0.6048989295959473,-0.04265386238694191,0.7384222149848938,0.6390519738197327,-0.0307050421833992
K,0.7190060019493103,0.7466555237770081,5.388272938944283e-07,0.6731553673744202,0.7054827213287354,-0.01618123985826969,0.6553577780723572,0.6347864270210266,-0.020945575088262558,0.6747174263000488,0.5665727257728577,-0.027493782341480255,0.6904631853103638,0.5227639079093933,-0.0325983501970768,0.6535124182701111,0.585811972618103,-0.0036070854403078556,0.6311140060424805,0.5114908814430237,-0.02020210027694702,0.6187806725502014,0.4629872441291809,-0.030431346967816353,0.6109083890914917,0.4186347723007202,-0.03655814379453659,0.6869170069694519,0.5781398415565491,-0.008299451321363449,0.6833435297012329,0.4914642572402954,-0.03275185450911522,0.6826120615005493,0.4329890310764313,-0.04813719913363457,0.6863142251968384,0.3835682272911072,-0.05442773550748825,0.7210484147071838,0.5888121128082275,-0.015432744286954403,0.7246567606925964,0.5450665950775146,-0.05019327625632286,0.7162023186683655,0.6045742034912109,-0.05036896467208862,0.7131726741790771,0.6496928334236145,-0.038719091564416885,0.7526182532310486,0.6101203560829163,-0.023709096014499664,0.7501355409622192,0.5746175050735474,-0.049252141267061234,0.7406600117683411,0.6170560717582703,-0.04359898343682289,0.7350459098815918,0.6519964933395386,-0.03182527422904968
K,0.7151461243629456,0.7613505125045776,5.391473223426146e-07,0.6692550778388977,0.7200117111206055,-0.015851115807890892,0.6513300538063049,0.6480911374092102,-0.020395657047629356,0.6705703139305115,0.5806419253349304,-0.026779765263199806,0.6870760917663574,0.538515567779541,-0.03181874752044678,0.6497820615768433,0.5982182025909424,-0.004022739361971617,0.6279588341712952,0.5239492654800415,-0.02066233940422535,0.6156288981437683,0.4755651354789734,-0.03100844845175743,0.607717752456665,0.43135881423950195,-0.03721681237220764,0.6835055351257324,0.5912672281265259,-0.008996482007205486,0.6803345084190369,0.504668653011322,-0.033275119960308075,0.6795732378959656,0.44583696126937866,-0.04858991131186485,0.6832407712936401,0.39600998163223267,-0.05481709912419319,0.7179993391036987,0.6025843024253845,-0.016354668885469437,0.7213373184204102,0.5595422983169556,-0.05104956775903702,0.7126151919364929,0.6199944615364075,-0.05117819085717201,0.7095575928688049,0.6656805276870728,-0.03942275047302246,0.7496913075447083,0.6245844960212708,-0.024831464514136314,0.7467180490493774,0.589289665222168,-0.05033783242106438,0.7371001839637756,0.6323204040527344,-0.04450252279639244,0.7319203615188599,0.6676349639892578,-0.03252379968762398
K,0.7113140821456909,0.7758541107177734,5.481574589794036e-07,0.6655557155609131,0.7331337332725525,-0.015274088829755783,0.6489653587341309,0.6616191864013672,-0.020074304193258286,0.6695877313613892,0.5946587324142456,-0.026825517416000366,0.6860642433166504,0.5530020594596863,-0.03205498680472374,0.6468166708946228,0.6110425591468811,-0.0037714019417762756,0.6247093081474304,0.5367717146873474,-0.02058323286473751,0.6121455430984497,0.4886986315250397,-0.03102363646030426,0.604151725769043,0.4447210729122162,-0.037283431738615036,0.6807312369346619,0.6046314835548401,-0.009278248995542526,0.6776576042175293,0.5177313685417175,-0.03465917333960533,0.6769187450408936,0.4581185579299927,-0.05093139782547951,0.6806790828704834,0.4078172743320465,-0.057674605399370193,0.7154892086982727,0.6165692806243896,-0.01696762628853321,0.7179355621337891,0.5741844177246094,-0.05215398222208023,0.7091236710548401,0.6341001987457275,-0.05237141251564026,0.7062502503395081,0.6791252493858337,-0.04056768864393234,0.7472142577171326,0.6388532519340515,-0.025712119415402412,0.74332594871521,0.603736937046051,-0.05115186423063278,0.7338842749595642,0.6473701000213623,-0.04490739107131958,0.728794515132904,0.6824496388435364,-0.03259341046214104
K,0.7088748216629028,0.7883291244506836,5.408481342783489e-07,0.664044201374054,0.7467470169067383,-0.016040315851569176,0.6476165056228638,0.675635814666748,-0.021535880863666534,0.6676657795906067,0.6083577275276184,-0.02890879660844803,0.6836947202682495,0.5654395818710327,-0.03492191433906555,0.6449611783027649,0.6259589195251465,-0.005974911618977785,0.6226839423179626,0.5504481196403503,-0.023096034303307533,0.6099905967712402,0.5021921396255493,-0.03299407288432121,0.6013777256011963,0.45828115940093994,-0.03861499950289726,0.6785085201263428,0.6191533803939819,-0.011082622222602367,0.6765334606170654,0.5300571918487549,-0.036481715738773346,0.6761422753334045,0.47104960680007935,-0.051589738577604294,0.6796847581863403,0.42188560962677,-0.05722104012966156,0.7127136588096619,0.6306220293045044,-0.018386268988251686,0.716139018535614,0.5873949527740479,-0.05392025038599968,0.7074604630470276,0.647851824760437,-0.05363324657082558,0.7042185664176941,0.6927968263626099,-0.04126283526420593,0.7442127466201782,0.6530683040618896,-0.026731085032224655,0.7415622472763062,0.6169024705886841,-0.05220871791243553,0.7320848703384399,0.6602000594139099,-0.04566285014152527,0.7262297868728638,0.695129930973053,-0.03307598456740379
K,0.707486093044281,0.8019455075263977,5.3676143352277e-07,0.6630648374557495,0.7625994086265564,-0.01603545993566513,0.6466469764709473,0.6899918913841248,-0.021253718063235283,0.6668137907981873,0.6230010390281677,-0.028068631887435913,0.6820253729820251,0.58109050989151,-0.03342071548104286,0.6426249742507935,0.636683464050293,-0.007847532629966736,0.621277928352356,0.5610990524291992,-0.02480497770011425,0.6090872883796692,0.5129269957542419,-0.03443843498826027,0.6006857752799988,0.4693371057510376,-0.039886243641376495,0.6763634085655212,0.6301073431968689,-0.012907883152365685,0.6751576662063599,0.541002631187439,-0.037639226764440536,0.674932599067688,0.48207876086235046,-0.052081868052482605,0.678257405757904,0.43295103311538696,-0.05735807493329048,0.7108608484268188,0.6419095993041992,-0.020083151757717133,0.7158136963844299,0.6008772850036621,-0.054779551923274994,0.7072132229804993,0.6615723371505737,-0.05447765439748764,0.7035029530525208,0.7060171961784363,-0.04238239675760269,0.7425646781921387,0.6643717885017395,-0.028322085738182068,0.7412514686584473,0.630025327205658,-0.0532618910074234,0.7316609621047974,0.6730514168739319,-0.04696017876267433,0.7253475785255432,0.7069499492645264,-0.034746915102005005
K,0.7072272300720215,0.8131784796714783,5.44138401892269e-07,0.6624661684036255,0.7722905874252319,-0.01599913462996483,0.6461887359619141,0.700141966342926,-0.020711660385131836,0.6669840812683105,0.6334196329116821,-0.027114249765872955,0.6830572485923767,0.5920587778091431,-0.032027699053287506,0.6418686509132385,0.6453623175621033,-0.005434947554022074,0.6209477186203003,0.5704903602600098,-0.02165781520307064,0.6089487671852112,0.523002564907074,-0.031003287062048912,0.6006399989128113,0.4800511598587036,-0.036253392696380615,0.675668478012085,0.6395109295845032,-0.010342386551201344,0.6743552684783936,0.5506114959716797,-0.03477974981069565,0.6744443774223328,0.49176281690597534,-0.04954090341925621,0.6781396269798279,0.4430599808692932,-0.05490027740597725,0.7101985216140747,0.6523875594139099,-0.017478102818131447,0.714836835861206,0.6127550601959229,-0.052319545298814774,0.7061939835548401,0.6734794974327087,-0.05278271436691284,0.702385425567627,0.7177662253379822,-0.0410093292593956,0.7417358756065369,0.6759436726570129,-0.025641601532697678,0.7403427362442017,0.6419757604598999,-0.05083262920379639,0.7306494116783142,0.68564373254776,-0.044881220906972885,0.7239708304405212,0.719950795173645,-0.03278152644634247
K,0.7060856819152832,0.8231526017189026,5.348243803382502e-07,0.660395085811615,0.7815244197845459,-0.014515453949570656,0.6439175009727478,0.7081049084663391,-0.01812470145523548,0.6664823293685913,0.6412094831466675,-0.023831984028220177,0.6841274499893188,0.602330207824707,-0.0283254012465477,0.6420119404792786,0.6542651057243347,-0.00390050676651299,0.621766984462738,0.5789362788200378,-0.01939602568745613,0.6099384427070618,0.5311432480812073,-0.028400588780641556,0.6018877625465393,0.48835980892181396,-0.03364698588848114,0.6760824918746948,0.6484737396240234,-0.009451747871935368,0.6746670007705688,0.5595717430114746,-0.03302245959639549,0.6749526858329773,0.5004211664199829,-0.04736536741256714,0.6791410446166992,0.45206063985824585,-0.05265481024980545,0.7107296586036682,0.6618121862411499,-0.017172614112496376,0.7145515084266663,0.620866596698761,-0.05137719586491585,0.7060465216636658,0.6821065545082092,-0.05164439603686333,0.7025299072265625,0.7273354530334473,-0.03994152322411537,0.7423599362373352,0.6857778429985046,-0.02584157884120941,0.7400230765342712,0.6505619883537292,-0.05092810466885567,0.7299078702926636,0.6944460272789001,-0.04505101218819618,0.7231586575508118,0.7298331260681152,-0.033148083835840225
K,0.7061570882797241,0.828734815120697,5.338414439393091e-07,0.6609812378883362,0.7855699062347412,-0.013500108383595943,0.6452359557151794,0.7153884768486023,-0.017259344458580017,0.6674932837486267,0.6488739848136902,-0.02343646250665188,0.6843355298042297,0.6090734601020813,-0.028300002217292786,0.6422690153121948,0.6598875522613525,-0.002239631023257971,0.6225807666778564,0.5844321250915527,-0.017955979332327843,0.6107752323150635,0.5368214249610901,-0.027174169197678566,0.6029434204101562,0.4945061504840851,-0.032461412250995636,0.6767314076423645,0.6546064019203186,-0.008512821979820728,0.6761301755905151,0.5662722587585449,-0.03297038748860359,0.6754558086395264,0.5073730945587158,-0.04823924973607063,0.679018497467041,0.4589768052101135,-0.05405699834227562,0.7116385102272034,0.6682794094085693,-0.016822772100567818,0.7153252959251404,0.6276363730430603,-0.051360853016376495,0.7063007950782776,0.6894113421440125,-0.05092465877532959,0.7028559446334839,0.734153687953949,-0.038620512932538986,0.7432410717010498,0.6928167343139648,-0.026026424020528793,0.7404564023017883,0.6578871607780457,-0.050502192229032516,0.7306490540504456,0.7016614675521851,-0.043528202921152115,0.724513053894043,0.73604816198349,-0.03080325946211815
K,0.7071949243545532,0.8321656584739685,5.408790570982092e-07,0.6616350412368774,0.7893657684326172,-0.013647119514644146,0.6454923748970032,0.7185339331626892,-0.017503278329968452,0.6674153208732605,0.6533845067024231,-0.023739004507660866,0.6852998733520508,0.6149807572364807,-0.028677888214588165,0.6439236402511597,0.6624775528907776,-0.0028945079538971186,0.6245943903923035,0.5871297121047974,-0.018563253805041313,0.6126620173454285,0.5398312211036682,-0.02759363129734993,0.60450679063797,0.49796122312545776,-0.03283412754535675,0.6788464188575745,0.6580096483230591,-0.00937595497816801,0.6780097484588623,0.5694151520729065,-0.03368482366204262,0.6771447062492371,0.5107501745223999,-0.04873742163181305,0.6805275082588196,0.4621884822845459,-0.05439427122473717,0.7141123414039612,0.6727710962295532,-0.01785549893975258,0.71711665391922,0.6315113306045532,-0.052418481558561325,0.7081465125083923,0.6937888860702515,-0.05148306488990784,0.7047672867774963,0.7384231090545654,-0.03876334801316261,0.7458345293998718,0.6982867121696472,-0.027226774021983147,0.7423164248466492,0.6623592376708984,-0.05178529769182205,0.732729434967041,0.7059416770935059,-0.0444486066699028,0.7268732786178589,0.7399265766143799,-0.03141860291361809
K,0.7089898586273193,0.8335229754447937,5.4888664635655e-07,0.6634025573730469,0.7901197671890259,-0.0139588862657547,0.6473609805107117,0.7200877070426941,-0.01837710291147232,0.6688674688339233,0.655432403087616,-0.02522283047437668,0.6868488192558289,0.6161287426948547,-0.030554838478565216,0.6459916830062866,0.66294926404953,-0.0026796769816428423,0.626404345035553,0.5867288112640381,-0.018172496929764748,0.6144366264343262,0.5396416187286377,-0.027163026854395866,0.6062312722206116,0.4980984926223755,-0.03246138617396355,0.6812999844551086,0.6588471531867981,-0.009088343940675259,0.6809373497962952,0.5704888105392456,-0.033359527587890625,0.6801596283912659,0.512100338935852,-0.0487741120159626,0.6833746433258057,0.4641662538051605,-0.05483885481953621,0.7163417339324951,0.6740411520004272,-0.017540154978632927,0.718911349773407,0.6314592957496643,-0.05219760164618492,0.7099257707595825,0.6937631368637085,-0.051461540162563324,0.7063854932785034,0.7389523386955261,-0.038919560611248016,0.7479223608970642,0.699689507484436,-0.026897719129920006,0.744284987449646,0.6629682779312134,-0.05170166492462158,0.7345836162567139,0.7061868906021118,-0.044631361961364746,0.7283734679222107,0.7405952215194702,-0.03176085278391838
K,0.7097862958908081,0.8313005566596985,5.526936774913338e-07,0.6649073958396912,0.7874469757080078,-0.014251905493438244,0.6503027677536011,0.7179322838783264,-0.0187769066542387,0.6718701720237732,0.6528308391571045,-0.025623545050621033,0.6896925568580627,0.6118484139442444,-0.03094443678855896,0.64803147315979,0.6621829867362976,-0.0019747382029891014,0.6289700865745544,0.5861270427703857,-0.016875572502613068,0.6173067092895508,0.5390353202819824,-0.025490829721093178,0.6092854738235474,0.4973660707473755,-0.03056061826646328,0.6835141777992249,0.657446026802063,-0.008146235719323158,0.6833825707435608,0.5688624382019043,-0.031202858313918114,0.6827322840690613,0.5108574628829956,-0.04620277136564255,0.6860550045967102,0.46279746294021606,-0.05220910161733627,0.7187020778656006,0.6723921298980713,-0.01647058315575123,0.7215806841850281,0.6296271085739136,-0.050372350960969925,0.7120115160942078,0.6915684938430786,-0.04988478869199753,0.7084105014801025,0.7363792657852173,-0.03771302103996277,0.7502566576004028,0.6981211304664612,-0.025707192718982697,0.7461078763008118,0.6620609760284424,-0.04989107325673103,0.7363239526748657,0.7049503326416016,-0.042857859283685684,0.730668842792511,0.7389761209487915,-0.03017750009894371
K,0.7128282189369202,0.8289955854415894,5.35301865056681e-07,0.6683392524719238,0.7866761684417725,-0.014607943594455719,0.6526256799697876,0.7141577005386353,-0.019122900441288948,0.6740002036094666,0.6480101346969604,-0.02578364871442318,0.6926754713058472,0.6064459085464478,-0.03110726922750473,0.6507642269134521,0.6592817902565002,-0.0034686399158090353,0.6325767040252686,0.5831277966499329,-0.01867714338004589,0.6212375164031982,0.5353096127510071,-0.02698618732392788,0.6131836175918579,0.4934716522693634,-0.031631194055080414,0.6862096786499023,0.6544955372810364,-0.009548202157020569,0.6863770484924316,0.5654779672622681,-0.03229251503944397,0.686060905456543,0.5077064037322998,-0.04616851732134819,0.688857913017273,0.4599481225013733,-0.05111110210418701,0.7214739918708801,0.6688554286956787,-0.017846593633294106,0.7250733971595764,0.62665855884552,-0.05245215445756912,0.7159300446510315,0.688664972782135,-0.052123282104730606,0.7118125557899475,0.7334840297698975,-0.03969438746571541,0.753175675868988,0.6942455768585205,-0.02694397233426571,0.749462902545929,0.6580440998077393,-0.05185603350400925,0.7396859526634216,0.7021452784538269,-0.0448320135474205,0.7334246635437012,0.7372952699661255,-0.03192520886659622
K,0.7157648205757141,0.8254050016403198,5.469059374263452e-07,0.6715498566627502,0.7797878980636597,-0.0144655155017972,0.6559689044952393,0.7078443765640259,-0.018907498568296432,0.6773936748504639,0.641356348991394,-0.02558157965540886,0.6954963803291321,0.5983448624610901,-0.03075331263244152,0.6537253260612488,0.6539737582206726,-0.0015636372845619917,0.635301411151886,0.5773745775222778,-0.016537094488739967,0.6243295073509216,0.5292298197746277,-0.025371156632900238,0.6164785027503967,0.4870176911354065,-0.03052743524312973,0.689223051071167,0.649574339389801,-0.007690656464546919,0.6890430450439453,0.5599456429481506,-0.029901690781116486,0.6890864372253418,0.5024279356002808,-0.04439275339245796,0.6920414566993713,0.4545156955718994,-0.050092488527297974,0.7245951294898987,0.6641924977302551,-0.016153454780578613,0.7283778786659241,0.6204811930656433,-0.05022095516324043,0.7189638614654541,0.6820569634437561,-0.05027212202548981,0.7145079970359802,0.7271639108657837,-0.038364477455616,0.7564151287078857,0.6900476813316345,-0.025455059483647346,0.7530390620231628,0.6525582075119019,-0.04989277571439743,0.7432539463043213,0.6954143047332764,-0.042946793138980865,0.7370530962944031,0.7301763296127319,-0.030259855091571808
K,0.7185450196266174,0.8188719153404236,5.49392666471249e-07,0.6745795011520386,0.7713403105735779,-0.014731691218912601,0.658832848072052,0.7006328701972961,-0.01919490657746792,0.6807299256324768,0.6340001225471497,-0.02596575766801834,0.6993914246559143,0.5910652279853821,-0.031246934086084366,0.6567494869232178,0.6466041207313538,-0.0005386647535488009,0.6381288170814514,0.5699106454849243,-0.015557609498500824,0.6271265745162964,0.5222108364105225,-0.024917591363191605,0.6194444298744202,0.4799574017524719,-0.03063075616955757,0.6924363374710083,0.6423089504241943,-0.006575736217200756,0.6917746663093567,0.5531519651412964,-0.02880208007991314,0.6918054223060608,0.49625468254089355,-0.043766964226961136,0.695178747177124,0.44801247119903564,-0.050020236521959305,0.7277761101722717,0.6577312350273132,-0.015047764405608177,0.7309762239456177,0.6118404269218445,-0.049142200499773026,0.7216348648071289,0.6739686131477356,-0.048886265605688095,0.7176077961921692,0.7188864350318909,-0.03689975291490555,0.7591362595558167,0.6851316094398499,-0.024436097592115402,0.7555158734321594,0.6461632251739502,-0.049154363572597504,0.7456725835800171,0.6894700527191162,-0.0420665480196476,0.7399875521659851,0.7241141200065613,-0.029284736141562462
K,0.7219836711883545,0.8086023330688477,5.337791435522377e-07,0.6779885292053223,0.7608488202095032,-0.014618964865803719,0.6624878644943237,0.6888144612312317,-0.018332907930016518,0.6844310760498047,0.6228160858154297,-0.024300428107380867,0.7023651599884033,0.5798650979995728,-0.028786296024918556,0.6599888205528259,0.6365753412246704,0.00035646840115077794,0.6410313248634338,0.5611422657966614,-0.01370165217667818,0.6302699446678162,0.513521671295166,-0.022281495854258537,0.6224812865257263,0.47166600823402405,-0.027249736711382866,0.6956456899642944,0.6323254704475403,-0.005099648609757423,0.6943619847297668,0.543995201587677,-0.025648070499300957,0.6944969892501831,0.48775145411491394,-0.03929240256547928,0.6973150968551636,0.4406994879245758,-0.044520456343889236,0.7310205698013306,0.6473711729049683,-0.013139811344444752,0.7337104678153992,0.6029497385025024,-0.04618223011493683,0.7247337102890015,0.6632189750671387,-0.046655405312776566,0.720488965511322,0.7075206637382507,-0.035153139382600784,0.7628443837165833,0.6740727424621582,-0.022025376558303833,0.759556233882904,0.6356486082077026,-0.04563164338469505,0.7491228580474854,0.6777644157409668,-0.03889496251940727,0.7428226470947266,0.7124431729316711,-0.02647446095943451
K,0.7261165976524353,0.7974264621734619,5.270482574815105e-07,0.6826158761978149,0.7515045404434204,-0.014704365283250809,0.6656574010848999,0.6806705594062805,-0.01925674080848694,0.6863327026367188,0.6152303218841553,-0.02604222483932972,0.7047224044799805,0.5729635953903198,-0.031387753784656525,0.6632418036460876,0.6285719871520996,-0.0016657932428643107,0.6441587805747986,0.5527430772781372,-0.01647191122174263,0.6333510875701904,0.5048976540565491,-0.02526232786476612,0.6255672574043274,0.4632059335708618,-0.03034675121307373,0.6984431147575378,0.6236972212791443,-0.0073509071953594685,0.6967993974685669,0.534855842590332,-0.02846461720764637,0.6972448229789734,0.47877317667007446,-0.04192781075835228,0.7000107169151306,0.4321915805339813,-0.047044891864061356,0.7335368990898132,0.6375097036361694,-0.015512300655245781,0.7366358637809753,0.5922890901565552,-0.049128107726573944,0.7286471128463745,0.6518779993057251,-0.049605581909418106,0.7247270345687866,0.6966612935066223,-0.03814604878425598,0.7652273178100586,0.6631225943565369,-0.024486614391207695,0.762260913848877,0.6262893080711365,-0.04884473606944084,0.7523890137672424,0.6679792404174805,-0.042485568672418594,0.7463286519050598,0.7030431628227234,-0.03029736317694187
K,0.7308242321014404,0.7860424518585205,5.275120429359959e-07,0.6862912774085999,0.7390421628952026,-0.013282328844070435,0.6703478693962097,0.6675670146942139,-0.01649085059762001,0.6915122270584106,0.6024625301361084,-0.022346902638673782,0.7105761170387268,0.5613504648208618,-0.026847777888178825,0.6669280529022217,0.6158730387687683,0.0018495152471587062,0.647506058216095,0.5422825813293457,-0.012060924433171749,0.6365767121315002,0.4950082302093506,-0.020752400159835815,0.62850421667099,0.4539797306060791,-0.025905489921569824,0.7022157311439514,0.6113460063934326,-0.004407464060932398,0.700289249420166,0.5248214602470398,-0.024508312344551086,0.7002475261688232,0.4693605899810791,-0.03811175003647804,0.7028611302375793,0.42312681674957275,-0.04344596713781357,0.7376627922058105,0.6259312629699707,-0.013202988542616367,0.7406252026557922,0.5821349620819092,-0.045284453779459,0.7318630814552307,0.6417165398597717,-0.04565748572349548,0.7278062701225281,0.6856169700622559,-0.03444521129131317,0.7696470022201538,0.6521555781364441,-0.02284528873860836,0.7661045789718628,0.616283655166626,-0.04564494639635086,0.7558983564376831,0.6574246287345886,-0.03896450251340866,0.7498335838317871,0.6910644173622131,-0.026797201484441757
K,0.7359533905982971,0.7765573859214783,5.302902650328178e-07,0.6911742687225342,0.7292057275772095,-0.014279285445809364,0.6748231649398804,0.6578783988952637,-0.018069371581077576,0.6957736611366272,0.592082679271698,-0.024295225739479065,0.7138901352882385,0.5498707294464111,-0.029101286083459854,0.6709040403366089,0.6075602173805237,0.0009968209778890014,0.6514027714729309,0.5332791805267334,-0.013512007892131805,0.6405643820762634,0.48556840419769287,-0.022760814055800438,0.6326113939285278,0.44402647018432617,-0.02823195606470108,0.7060669660568237,0.6024010181427002,-0.004667988978326321,0.7036888599395752,0.5158732533454895,-0.025134224444627762,0.7038136720657349,0.4603675603866577,-0.03876928985118866,0.7064132690429688,0.4137798249721527,-0.04410884156823158,0.7413294315338135,0.6160281896591187,-0.01303287222981453,0.7450336813926697,0.5710650682449341,-0.04564525559544563,0.7366969585418701,0.6306090950965881,-0.04622894898056984,0.732535183429718,0.6755549311637878,-0.035050928592681885,0.7732916474342346,0.6411944031715393,-0.0223300289362669,0.7708534598350525,0.604470431804657,-0.045778557658195496,0.760424017906189,0.6451403498649597,-0.03951510414481163,0.7536824345588684,0.6795106530189514,-0.02753753960132599
K,0.7422614097595215,0.7655034065246582,5.315152407092683e-07,0.6976104378700256,0.7186070084571838,-0.014651713892817497,0.6803322434425354,0.6473487615585327,-0.018459971994161606,0.6999378800392151,0.5802871584892273,-0.02462630532681942,0.7169764041900635,0.5366515517234802,-0.029332419857382774,0.6758802533149719,0.5981800556182861,0.0010917644249275327,0.6560801267623901,0.5236698389053345,-0.013392768800258636,0.6449811458587646,0.4758899211883545,-0.02275240421295166,0.6365360021591187,0.43404167890548706,-0.028369002044200897,0.7107139229774475,0.5927568674087524,-0.004369538277387619,0.7076107859611511,0.5063047409057617,-0.024792468175292015,0.707410991191864,0.45067331194877625,-0.03849530220031738,0.709621250629425,0.40367135405540466,-0.04398913308978081,0.7457740306854248,0.6058123111724854,-0.012588214129209518,0.7490664720535278,0.5601232051849365,-0.045186568051576614,0.7417762279510498,0.6195977330207825,-0.04556240141391754,0.7382888793945312,0.6643794178962708,-0.034291986376047134,0.7779248356819153,0.6303158402442932,-0.021800803020596504,0.7751379013061523,0.5929518938064575,-0.04541430249810219,0.7655720710754395,0.6336420178413391,-0.039137598127126694,0.7595481872558594,0.6681350469589233,-0.027158519253134727
K,0.7473351955413818,0.7535645961761475,5.335116952664976e-07,0.7028882503509521,0.7070357799530029,-0.01389350462704897,0.6856642961502075,0.6356272101402283,-0.01753244735300541,0.704511821269989,0.5701770186424255,-0.02365444414317608,0.7205666899681091,0.5275499224662781,-0.02838476002216339,0.6803722381591797,0.5860349535942078,0.0006859352579340339,0.6593634486198425,0.5121427774429321,-0.013776566833257675,0.6479510068893433,0.46457821130752563,-0.023084845393896103,0.6395095586776733,0.42331767082214355,-0.028728853911161423,0.7154624462127686,0.5807311534881592,-0.005443934351205826,0.71158766746521,0.4949513077735901,-0.025799179449677467,0.7109845280647278,0.4395540654659271,-0.039648763835430145,0.7127073407173157,0.39304453134536743,-0.04534400999546051,0.7506883144378662,0.5942135453224182,-0.014177951030433178,0.7532156109809875,0.5478506684303284,-0.04632428660988808,0.7464463710784912,0.6067777276039124,-0.046674370765686035,0.7429940104484558,0.6508828401565552,-0.03568160533905029,0.7826043367385864,0.6195489168167114,-0.023856163024902344,0.7792145013809204,0.5828736424446106,-0.047123197466135025,0.7698214650154114,0.6239097118377686,-0.040817756205797195,0.7637132406234741,0.6582638025283813,-0.028993550688028336
K,0.7526609301567078,0.7435340285301208,5.357259169613826e-07,0.7078531980514526,0.696134090423584,-0.015338473953306675,0.6897590160369873,0.6257660388946533,-0.019457809627056122,0.7077081203460693,0.5588580369949341,-0.025802940130233765,0.7226685285568237,0.5132214426994324,-0.03055708296597004,0.6843394041061401,0.5773274898529053,0.0011608235072344542,0.6635017991065979,0.5030103325843811,-0.013820722699165344,0.6520644426345825,0.4549221992492676,-0.023677866905927658,0.6435949206352234,0.4125770926475525,-0.029578780755400658,0.7192021012306213,0.5707483291625977,-0.004001452121883631,0.7153942584991455,0.4851163923740387,-0.02480361796915531,0.7147001624107361,0.4296957552433014,-0.038902901113033295,0.7165469527244568,0.38264623284339905,-0.04467467963695526,0.754071056842804,0.5826767086982727,-0.012095618061721325,0.7580398917198181,0.5365595817565918,-0.04501624405384064,0.7515398859977722,0.5954923629760742,-0.04589467868208885,0.7482917308807373,0.6399028301239014,-0.03500333055853844,0.7861977815628052,0.6061158180236816,-0.02125573344528675,0.7842895984649658,0.5696617364883423,-0.0453614816069603,0.7751287221908569,0.6105711460113525,-0.03971068188548088,0.7689235210418701,0.6451272368431091,-0.028141284361481667
K,0.7583403587341309,0.729232907295227,5.410099106484267e-07,0.7138669490814209,0.6833268404006958,-0.015168496407568455,0.6949540972709656,0.611968457698822,-0.019344422966241837,0.7123539447784424,0.5456926822662354,-0.025653956457972527,0.7279491424560547,0.5017422437667847,-0.03033791296184063,0.6886176466941833,0.5626458525657654,-7.679544069105759e-05,0.6671591997146606,0.48951101303100586,-0.014637712389230728,0.655849814414978,0.4422711133956909,-0.023877477273344994,0.6477967500686646,0.40093615651130676,-0.0294332318007946,0.7231906056404114,0.5565488338470459,-0.005333846900612116,0.719413697719574,0.47196143865585327,-0.026028132066130638,0.7189571261405945,0.4173101782798767,-0.03965958580374718,0.7211440205574036,0.3707199692726135,-0.045114915817976,0.7580525279045105,0.5688773393630981,-0.01335927564650774,0.7629627585411072,0.5232825875282288,-0.04566376656293869,0.7570964694023132,0.582314133644104,-0.04592512547969818,0.7541947960853577,0.6261070370674133,-0.03483322262763977,0.7901524901390076,0.5927926301956177,-0.022452659904956818,0.7889766097068787,0.5568678975105286,-0.04600613936781883,0.7803795337677002,0.597622275352478,-0.04010054096579552,0.7745412588119507,0.6313307881355286,-0.028506074100732803
K,0.763288676738739,0.7193198204040527,5.477830882227863e-07,0.7186869382858276,0.6724141836166382,-0.015527131967246532,0.7005434632301331,0.6009291410446167,-0.018670834600925446,0.7180983424186707,0.5330601334571838,-0.02388998307287693,0.7324040532112122,0.48779433965682983,-0.0274374857544899,0.6929123401641846,0.5518319606781006,0.0035589649342000484,0.6719183325767517,0.4786314368247986,-0.010235925205051899,0.6601571440696716,0.43181508779525757,-0.019558748230338097,0.6513283848762512,0.39061129093170166,-0.025149177759885788,0.7276763319969177,0.5458373427391052,-0.001159220584668219,0.7236618399620056,0.46062764525413513,-0.020765874534845352,0.7225033044815063,0.405708909034729,-0.03470882400870323,0.7237789034843445,0.358586847782135,-0.04043592885136604,0.7627480626106262,0.5586567521095276,-0.008979038335382938,0.7669597268104553,0.5130841135978699,-0.04100043326616287,0.7614850401878357,0.5725142955780029,-0.0422590970993042,0.7586963176727295,0.6161350011825562,-0.03173702210187912,0.7946062088012695,0.5826873183250427,-0.01789012737572193,0.7924813628196716,0.5465187430381775,-0.041117094457149506,0.785018801689148,0.5869574546813965,-0.035463299602270126,0.7802537679672241,0.6191702485084534,-0.024058585986495018
K,0.7659881114959717,0.7073397636413574,5.409004302237008e-07,0.7217387557029724,0.6615991592407227,-0.015188245102763176,0.7031720280647278,0.5899254679679871,-0.01857840269804001,0.7202280759811401,0.5218908190727234,-0.02418239414691925,0.735305905342102,0.47710731625556946,-0.028236694633960724,0.6969038248062134,0.5420507192611694,0.0026260328013449907,0.676157534122467,0.46852344274520874,-0.011656110174953938,0.6641477346420288,0.42147475481033325,-0.02121265046298504,0.6550818681716919,0.3797926902770996,-0.02711026929318905,0.7312881946563721,0.5356270670890808,-0.0024942997843027115,0.7276546359062195,0.4495685398578644,-0.02294415421783924,0.72661954164505,0.3943908214569092,-0.03725775331258774,0.7279985547065735,0.34710198640823364,-0.04335298389196396,0.7660309672355652,0.5476978421211243,-0.010533308610320091,0.7708944082260132,0.49988818168640137,-0.04320130869746208,0.765527606010437,0.560064971446991,-0.043891120702028275,0.7625778317451477,0.6048126816749573,-0.03301607444882393,0.7978644371032715,0.5712229609489441,-0.0196393933147192,0.7960243225097656,0.5333437919616699,-0.043647147715091705,0.7889470458030701,0.5748245120048523,-0.03777039051055908,0.784247100353241,0.6086607575416565,-0.026166867464780807
K,0.7702991366386414,0.697556734085083,5.607193429568724e-07,0.7256511449813843,0.6518360376358032,-0.015606990084052086,0.7073079347610474,0.5807246565818787,-0.01935516484081745,0.7243226170539856,0.5133171677589417,-0.0251515693962574,0.7385492920875549,0.46879062056541443,-0.02923426777124405,0.6994868516921997,0.529014527797699,0.0018321789102628827,0.6781435012817383,0.45518824458122253,-0.01223919540643692,0.6666924953460693,0.4080193042755127,-0.021960848942399025,0.6587822437286377,0.366568386554718,-0.028169991448521614,0.7348390817642212,0.5232358574867249,-0.0031719980761408806,0.730927050113678,0.4385732114315033,-0.023633267730474472,0.7301991581916809,0.383482962846756,-0.038426224142313004,0.7319961190223694,0.33679839968681335,-0.04502149298787117,0.7700389623641968,0.5364157557487488,-0.011075579561293125,0.774541437625885,0.4886801242828369,-0.04347338154911995,0.7690609097480774,0.5482805967330933,-0.04455726221203804,0.7658025026321411,0.5927493572235107,-0.03420008718967438,0.8017379641532898,0.5609928369522095,-0.020075887441635132,0.8000146150588989,0.5236139297485352,-0.044282034039497375,0.7921988368034363,0.5649638175964355,-0.039054930210113525,0.7866529822349548,0.5987241864204407,-0.0279696062207222
K,0.7722797989845276,0.6889700889587402,5.521192179003265e-07,0.7280945777893066,0.6434907913208008,-0.016065148636698723,0.7095674872398376,0.5724681615829468,-0.019482363015413284,0.7264785766601562,0.5036123991012573,-0.024828670546412468,0.7408950328826904,0.4586044251918793,-0.028422396630048752,0.7021933197975159,0.5217707753181458,0.0025291640777140856,0.6816040277481079,0.44690999388694763,-0.011504210531711578,0.6696680188179016,0.3996555209159851,-0.021200787276029587,0.6608984470367432,0.35798805952072144,-0.027363279834389687,0.7370035648345947,0.5153513550758362,-0.002022436587139964,0.7333859205245972,0.4288041591644287,-0.02238370105624199,0.732533872127533,0.3731459975242615,-0.037103235721588135,0.7344017028808594,0.32572516798973083,-0.04366778954863548,0.7717812657356262,0.5278364419937134,-0.00958208180963993,0.7763295769691467,0.479918897151947,-0.042260073125362396,0.7707819938659668,0.5401754975318909,-0.04343421384692192,0.7680596709251404,0.5845940709114075,-0.03306471183896065,0.8033151626586914,0.5514742136001587,-0.01828208565711975,0.8014048933982849,0.5139052271842957,-0.04276154562830925,0.794214129447937,0.5560541749000549,-0.0374947227537632,0.789831817150116,0.5896555185317993,-0.02639291249215603
K,0.7745557427406311,0.6796160936355591,5.669298843713477e-07,0.7301943302154541,0.6330305337905884,-0.015648232772946358,0.7127376794815063,0.5633984208106995,-0.018889276310801506,0.7292817234992981,0.4946737289428711,-0.024079253897070885,0.7426086664199829,0.4501529633998871,-0.027400212362408638,0.704121470451355,0.512762725353241,0.0031043519265949726,0.683473527431488,0.4385329782962799,-0.011063569225370884,0.6717683672904968,0.3912850022315979,-0.02138913981616497,0.6635115742683411,0.34951257705688477,-0.028197085484862328,0.7391124367713928,0.5062553286552429,-0.001578254858031869,0.7354336977005005,0.4204075038433075,-0.02257409319281578,0.7348470687866211,0.36442631483078003,-0.03846636041998863,0.7371056079864502,0.31712138652801514,-0.04604196920990944,0.7739282250404358,0.5190984010696411,-0.00910903699696064,0.7788206934928894,0.47084710001945496,-0.041614215821027756,0.7731935977935791,0.530901312828064,-0.04269281402230263,0.7699251770973206,0.575765073299408,-0.03248854726552963,0.8049935102462769,0.5431087017059326,-0.01780550926923752,0.8035776615142822,0.5055670142173767,-0.042197760194540024,0.7963833212852478,0.5476166009902954,-0.03689254820346832,0.7913332581520081,0.581515908241272,-0.025833996012806892
K,0.7761105298995972,0.6713926196098328,5.77624859943171e-07,0.7319666147232056,0.6241368055343628,-0.015482739545404911,0.7145366072654724,0.556982696056366,-0.018770167604088783,0.730781614780426,0.48874232172966003,-0.023858148604631424,0.7443821430206299,0.4447198212146759,-0.0269736610352993,0.7049972414970398,0.5052505135536194,0.0030802940018475056,0.6842676401138306,0.43023040890693665,-0.010729382745921612,0.6723771691322327,0.38332873582839966,-0.021010546013712883,0.6640291810035706,0.3417481482028961,-0.02784349024295807,0.740016520023346,0.49875497817993164,-0.0012980573810636997,0.7366112470626831,0.41265785694122314,-0.022190922871232033,0.736329972743988,0.35673215985298157,-0.03848826885223389,0.7387843132019043,0.30940622091293335,-0.04643530398607254,0.7749242782592773,0.5114613771438599,-0.008352648466825485,0.7799357771873474,0.46333497762680054,-0.040532875806093216,0.7748737931251526,0.5228056311607361,-0.04201354458928108,0.7720978260040283,0.5671836137771606,-0.03220614790916443,0.8058586716651917,0.5352184772491455,-0.01650279015302658,0.8045642971992493,0.49821341037750244,-0.040728069841861725,0.7977996468544006,0.5402478575706482,-0.03563901409506798,0.7932136058807373,0.5738665461540222,-0.024765176698565483
K,0.7761464715003967,0.6647664904594421,5.893296588510566e-07,0.7322586178779602,0.6177659034729004,-0.016913145780563354,0.7152254581451416,0.5511536002159119,-0.02106594108045101,0.7315406799316406,0.4828875660896301,-0.02665761299431324,0.7458899617195129,0.4381263852119446,-0.030287817120552063,0.7046281695365906,0.5001055598258972,0.0019732497166842222,0.6845540404319763,0.4242608845233917,-0.012219982221722603,0.6725955605506897,0.3773283362388611,-0.022665290161967278,0.6643417477607727,0.335740864276886,-0.029569601640105247,0.7398717999458313,0.493453711271286,-0.00174057693220675,0.7370880842208862,0.407199501991272,-0.023293012753129005,0.7373908758163452,0.351247638463974,-0.03977929428219795,0.7403833270072937,0.303028404712677,-0.047796137630939484,0.7750502228736877,0.5058497190475464,-0.008227167651057243,0.7813421487808228,0.4579499363899231,-0.04096324369311333,0.7757762670516968,0.5174776911735535,-0.04250164330005646,0.7722753286361694,0.5617222785949707,-0.0327024906873703,0.8060115575790405,0.5293969511985779,-0.015902040526270866,0.80522221326828,0.4918930232524872,-0.04057726636528969,0.7987121939659119,0.5337635278701782,-0.035475727170705795,0.7938026189804077,0.5669074654579163,-0.02458980120718479
K,0.7761166095733643,0.6612651944160461,5.937571359027061e-07,0.7324729561805725,0.612791121006012,-0.01617436483502388,0.7152507901191711,0.5493789315223694,-0.021478310227394104,0.7313545942306519,0.4810199439525604,-0.0283583365380764,0.7462804913520813,0.43562573194503784,-0.03317384421825409,0.7046182751655579,0.4958325922489166,0.00022456001897808164,0.684326171875,0.41876184940338135,-0.015365547500550747,0.6724324226379395,0.37214046716690063,-0.027306441217660904,0.6642281413078308,0.3304406404495239,-0.03540953993797302,0.7399842143058777,0.488552451133728,-0.004220570437610149,0.7375177145004272,0.4021868109703064,-0.02724061906337738,0.7376521229743958,0.34669822454452515,-0.045025382190942764,0.7405650019645691,0.29797011613845825,-0.05428515374660492,0.7749782204627991,0.5007801651954651,-0.011110740713775158,0.7814077138900757,0.4529469907283783,-0.04380680248141289,0.7759501338005066,0.5128121376037598,-0.04427510127425194,0.772822916507721,0.5573996305465698,-0.034142740070819855,0.805489182472229,0.5249008536338806,-0.019259877502918243,0.8048975467681885,0.48642605543136597,-0.04376208037137985,0.7984437942504883,0.5283675789833069,-0.03778894245624542,0.7935305237770081,0.5622196197509766,-0.026414036750793457
K,0.7747829556465149,0.6589618921279907,5.906265982957848e-07,0.7318791151046753,0.6099535226821899,-0.015913130715489388,0.7150259017944336,0.5456017851829529,-0.021155713126063347,0.7303969264030457,0.47613823413848877,-0.02805512771010399,0.7455068230628967,0.42991986870765686,-0.032907404005527496,0.7037473917007446,0.49260327219963074,0.00033425260335206985,0.684110164642334,0.4163356125354767,-0.01589140295982361,0.6721975803375244,0.36938726902008057,-0.02811916172504425,0.6640081405639648,0.3274572491645813,-0.03638312593102455,0.7388516068458557,0.48535507917404175,-0.0045150513760745525,0.7370488047599792,0.3992006182670593,-0.02834055759012699,0.7374066710472107,0.3436397612094879,-0.046036504209041595,0.7407260537147522,0.29484984278678894,-0.05504825338721275,0.7739657759666443,0.49764180183410645,-0.011822713539004326,0.7813501954078674,0.4506320357322693,-0.04481343552470207,0.7755483984947205,0.511921763420105,-0.04381297156214714,0.7719816565513611,0.5558291673660278,-0.03259965032339096,0.8043901324272156,0.5220404267311096,-0.02046027034521103,0.8043105006217957,0.4831078350543976,-0.04480453580617905,0.7977889180183411,0.5269821286201477,-0.037632428109645844,0.7926531434059143,0.5606677532196045,-0.02538406103849411
K,0.7732808589935303,0.6580100655555725,5.886240046493185e-07,0.7306994795799255,0.6101359128952026,-0.018141886219382286,0.7138601541519165,0.5429851412773132,-0.023489410057663918,0.730086088180542,0.47460633516311646,-0.030299946665763855,0.7450791597366333,0.4286959767341614,-0.03529246523976326,0.7034689784049988,0.48958468437194824,0.000704941397998482,0.6842424273490906,0.4144325256347656,-0.01531922910362482,0.6724638938903809,0.36757057905197144,-0.026714149862527847,0.6638461351394653,0.32594794034957886,-0.03398025408387184,0.7379405498504639,0.48313242197036743,-0.003501070197671652,0.7361738085746765,0.39751678705215454,-0.026921967044472694,0.7365925908088684,0.34223273396492004,-0.04334978386759758,0.7395893931388855,0.29388272762298584,-0.05069657415151596,0.7728052139282227,0.4958479106426239,-0.010755701921880245,0.7804052233695984,0.4500218331813812,-0.04562213271856308,0.774075448513031,0.5110977292060852,-0.04625460132956505,0.7699400782585144,0.5547930002212524,-0.035159073770046234,0.8031971454620361,0.5207065939903259,-0.01934458501636982,0.8035692572593689,0.48288121819496155,-0.04544254392385483,0.7962983846664429,0.5270763635635376,-0.039397258311510086,0.7906578779220581,0.5612366199493408,-0.027364658191800117
K,0.7706187963485718,0.6594831943511963,5.9998171764164e-07,0.7278995513916016,0.6101520657539368,-0.016580838710069656,0.712222695350647,0.5443885922431946,-0.020995907485485077,0.7282077074050903,0.47530555725097656,-0.02683817781507969,0.7429059743881226,0.42989277839660645,-0.030624259263277054,0.7018991112709045,0.49087199568748474,0.0019747840706259012,0.6817785501480103,0.4155930280685425,-0.013153399340808392,0.6699949502944946,0.368449866771698,-0.024409817531704903,0.6619606614112854,0.3263762891292572,-0.03182445466518402,0.7367667555809021,0.48431554436683655,-0.0022663783747702837,0.7354452013969421,0.39706602692604065,-0.025143388658761978,0.7353307008743286,0.34045523405075073,-0.04233988747000694,0.7380805015563965,0.29123592376708984,-0.05059989541769028,0.7717936038970947,0.49751007556915283,-0.009145159274339676,0.7779954671859741,0.4509473145008087,-0.042641375213861465,0.7714638710021973,0.5112865567207336,-0.043153464794158936,0.7674891948699951,0.5549022555351257,-0.03234187513589859,0.8019824624061584,0.5226664543151855,-0.017227839678525925,0.801787257194519,0.48403576016426086,-0.04236215725541115,0.7939936518669128,0.5279971957206726,-0.03623566776514053,0.7880979776382446,0.5623691082000732,-0.0243296530097723
K,0.7670215368270874,0.6607970595359802,5.935727926953405e-07,0.7244550585746765,0.6127562522888184,-0.015897808596491814,0.7087870240211487,0.5456740856170654,-0.019683653488755226,0.7252396941184998,0.47710394859313965,-0.025306880474090576,0.740303099155426,0.43352633714675903,-0.029097402468323708,0.6996826529502869,0.4925899803638458,0.0034811305813491344,0.6795657277107239,0.4186286926269531,-0.011819271370768547,0.6680895090103149,0.3708285093307495,-0.022679686546325684,0.6604048013687134,0.32827553153038025,-0.029545072466135025,0.7344890236854553,0.4866564869880676,-0.0013163029216229916,0.7333353161811829,0.39925211668014526,-0.024695565924048424,0.7335084080696106,0.3421955704689026,-0.04156957566738129,0.7363111972808838,0.2935572862625122,-0.04902002215385437,0.7695107460021973,0.5001427531242371,-0.008874009363353252,0.7755262851715088,0.45449334383010864,-0.043894458562135696,0.7683548927307129,0.5146336555480957,-0.04525844380259514,0.7637801766395569,0.5589622259140015,-0.0342562198638916,0.8000426888465881,0.5255066156387329,-0.01745355874300003,0.8000199198722839,0.4882087707519531,-0.04373258352279663,0.7916789650917053,0.5323788523674011,-0.038223497569561005,0.7850823998451233,0.5675804615020752,-0.026297979056835175
K,0.7643375396728516,0.6677682399749756,6.102937959440169e-07,0.7208093404769897,0.6210947632789612,-0.01743466779589653,0.706041157245636,0.5530890226364136,-0.022355595603585243,0.7235909104347229,0.4850626289844513,-0.028734957799315453,0.7373851537704468,0.4404735863208771,-0.03311961516737938,0.696613609790802,0.4984048306941986,0.0007178318919613957,0.6765826344490051,0.4236895740032196,-0.015285382978618145,0.6650841236114502,0.3756856322288513,-0.025995468720793724,0.6576499342918396,0.3324618339538574,-0.03259625285863876,0.7320393323898315,0.4916936755180359,-0.003480625571683049,0.7314704060554504,0.4037795662879944,-0.0282950047403574,0.7320618033409119,0.3460168242454529,-0.04555071145296097,0.7355022430419922,0.29745960235595703,-0.05295243114233017,0.7669578790664673,0.5051658153533936,-0.010395609773695469,0.77333003282547,0.46153023838996887,-0.046702589839696884,0.7656617760658264,0.5211820006370544,-0.04863825440406799,0.7607609033584595,0.5655306577682495,-0.037705156952142715,0.7972285151481628,0.5298932194709778,-0.018381429836153984,0.7977414131164551,0.4951748251914978,-0.04591332748532295,0.7887523174285889,0.5395108461380005,-0.041192878037691116,0.7807257771492004,0.5748579502105713,-0.02951209805905819
K,0.761323094367981,0.6766101121902466,5.959944928690675e-07,0.7165979146957397,0.6318784952163696,-0.017583243548870087,0.7002851963043213,0.56107497215271,-0.022336870431900024,0.7191269993782043,0.49212202429771423,-0.028720837086439133,0.7347769737243652,0.4484967589378357,-0.033423252403736115,0.6938474774360657,0.5068492889404297,-0.0005234841373749077,0.6733842492103577,0.43116676807403564,-0.017269009724259377,0.6616570949554443,0.38191062211990356,-0.028129950165748596,0.6540159583091736,0.3378133773803711,-0.034687332808971405,0.728820264339447,0.5008308291435242,-0.004795279819518328,0.7282307744026184,0.411747008562088,-0.02999756671488285,0.7287559509277344,0.3533089756965637,-0.04651886597275734,0.7324965000152588,0.30468693375587463,-0.05319805443286896,0.7636240124702454,0.5141948461532593,-0.011925926432013512,0.769879162311554,0.4688572585582733,-0.04882083460688591,0.761862576007843,0.5300592184066772,-0.05027990788221359,0.7574650645256042,0.5755589604377747,-0.03874082490801811,0.7943187952041626,0.5384010076522827,-0.020173951983451843,0.794164776802063,0.5027590990066528,-0.048150334507226944,0.7851418256759644,0.547360360622406,-0.043403685092926025,0.7784428000450134,0.5827488303184509,-0.03158390149474144
