L with wrist,0.0,0.0,0.0,-0.04325556755065918,0.0029069185256958008,-0.03171810709148559,-0.08558416366577148,-0.02035844326019287,-0.057112308370172116,-0.10952913761138916,-0.033849477767944336,-0.08124853499442253,-0.12235778570175171,-0.03602612018585205,-0.10620728709012184,-0.06847119331359863,-0.13539767265319824,-0.057450326310693356,-0.07440686225891113,-0.23137736320495605,-0.09043419935017738,-0.07153832912445068,-0.2896069288253784,-0.1120936257413021,-0.06702375411987305,-0.33841270208358765,-0.12764654137402687,-0.024361491203308105,-0.15298420190811157,-0.05709923632651481,-0.03086799383163452,-0.12431907653808594,-0.09923021324187431,-0.03311651945114136,-0.059159278869628906,-0.10763309724837455,-0.03394407033920288,-0.027674436569213867,-0.10692854799538765,0.018287181854248047,-0.14428693056106567,-0.05905175782948646,0.013905048370361328,-0.10714089870452881,-0.09477616675406608,0.00961601734161377,-0.050132811069488525,-0.08459344335108909,0.007964849472045898,-0.025400996208190918,-0.07138404078990135,0.05734908580780029,-0.12518614530563354,-0.06448934801131401,0.05699455738067627,-0.09092676639556885,-0.09094473548442039,0.04889148473739624,-0.04322242736816406,-0.08337752349883232,0.04504430294036865,-0.0216672420501709,-0.07125378973990593
L with wrist,0.0,0.0,0.0,-0.046359121799468994,-0.011925339698791504,-0.030382925857992404,-0.09658288955688477,-0.051232099533081055,-0.0548319967735722,-0.14856988191604614,-0.06782859563827515,-0.07901414877662205,-0.19096457958221436,-0.08180922269821167,-0.10249492919930958,-0.06234157085418701,-0.17929762601852417,-0.034643247937054866,-0.06472867727279663,-0.2616236209869385,-0.06927645600327992,-0.06258910894393921,-0.3190266489982605,-0.0889242554355576,-0.05777788162231445,-0.37060362100601196,-0.10066198951491856,-0.01865684986114502,-0.1812150478363037,-0.03612844667324566,-0.01982825994491577,-0.19016891717910767,-0.07721238232144856,-0.026442885398864746,-0.11372631788253784,-0.07909003294000172,-0.028492867946624756,-0.09706085920333862,-0.0713398421455338,0.023774445056915283,-0.1676163673400879,-0.04272512367853665,0.022536396980285645,-0.1689801812171936,-0.08322505301723027,0.009911954402923584,-0.09951627254486084,-0.06819955653438114,0.0050847530364990234,-0.09157824516296387,-0.048635680441947216,0.06148636341094971,-0.1471756100654602,-0.051856424872966045,0.06109786033630371,-0.1592058539390564,-0.07498947924861454,0.046545982360839844,-0.1057170033454895,-0.0593403654445126,0.04103410243988037,-0.09043455123901367,-0.0415859150041058
L with wrist,0.0,0.0,0.0,-0.05843627452850342,-0.01941823959350586,-0.03259420370851984,-0.1160207986831665,-0.06278336048126221,-0.0579425466636323,-0.17334246635437012,-0.08599495887756348,-0.0834596080163621,-0.2211470603942871,-0.09473437070846558,-0.10802568471228113,-0.07369077205657959,-0.19891446828842163,-0.030533430857410337,-0.07655179500579834,-0.28270500898361206,-0.05823614051734438,-0.0761861801147461,-0.3390313982963562,-0.07047475105320444,-0.07010602951049805,-0.38747578859329224,-0.07780089950357905,-0.030184507369995117,-0.20226824283599854,-0.03048147423361769,-0.029489755630493164,-0.20724248886108398,-0.06686129396950236,-0.036711931228637695,-0.12820637226104736,-0.06364114558493128,-0.0344548225402832,-0.11495685577392578,-0.05191983631049624,0.013208568096160889,-0.18920648097991943,-0.03602617209946146,0.012890398502349854,-0.18675464391708374,-0.07318685179745188,-0.0001926422119140625,-0.11779642105102539,-0.05659766098653307,-0.001367330551147461,-0.11156517267227173,-0.035973101613869574,0.05245673656463623,-0.1689808964729309,-0.04474231949244967,0.0524137020111084,-0.17428022623062134,-0.06514465784822931,0.036781489849090576,-0.12262147665023804,-0.05069240903650751,0.03244471549987793,-0.1105269193649292,-0.034144855795254614
L with wrist,0.0,0.0,0.0,-0.06165206432342529,-0.03348946571350098,-0.034538535880676235,-0.11555671691894531,-0.07673859596252441,-0.058697922634712185,-0.1750732660293579,-0.10712939500808716,-0.08209264140092465,-0.22485172748565674,-0.1188090443611145,-0.10270650546514126,-0.07807385921478271,-0.21677881479263306,-0.02436110425256821,-0.07887297868728638,-0.3026135563850403,-0.05757025490962597,-0.07809692621231079,-0.358201801776886,-0.0745718763347778,-0.07213199138641357,-0.409696102142334,-0.08303764324151608,-0.03494459390640259,-0.20978254079818726,-0.021619502934447254,-0.034350037574768066,-0.24034792184829712,-0.0550331124242458,-0.03927266597747803,-0.15323907136917114,-0.04873864586912724,-0.03775906562805176,-0.14054995775222778,-0.0347248786266956,0.007398247718811035,-0.19664347171783447,-0.026135523351660694,0.007507801055908203,-0.22093480825424194,-0.06328407536708447,-0.0042288899421691895,-0.14359372854232788,-0.045459228115907635,-0.0071114301681518555,-0.13611078262329102,-0.023017878192296948,0.04541271924972534,-0.17955362796783447,-0.03381030123197171,0.04723083972930908,-0.20527863502502441,-0.050542170661321606,0.03178393840789795,-0.15050172805786133,-0.032084150719276394,0.02698493003845215,-0.13324183225631714,-0.01280700649582478
L with wrist,0.0,0.0,0.0,-0.06086641550064087,-0.03419804573059082,-0.03276901378566066,-0.1157679557800293,-0.07682502269744873,-0.05608517363005916,-0.178494393825531,-0.1068529486656189,-0.07888925134474079,-0.2271774411201477,-0.11685055494308472,-0.09906992375189105,-0.08183568716049194,-0.21479403972625732,-0.02233406401509086,-0.08382534980773926,-0.30150455236434937,-0.05495030491882602,-0.08299875259399414,-0.3559732437133789,-0.0725863656335477,-0.07780569791793823,-0.40614843368530273,-0.08173016517692844,-0.040426552295684814,-0.20907580852508545,-0.019019593142807878,-0.03977060317993164,-0.24011725187301636,-0.05280472024613658,-0.04156780242919922,-0.15542864799499512,-0.047992986285031236,-0.04074060916900635,-0.13904118537902832,-0.035264980637371934,0.001669466495513916,-0.1957421898841858,-0.02244705020719806,0.0026682019233703613,-0.2207350730895996,-0.058925424360573686,-0.006845951080322266,-0.14404171705245972,-0.04178287147814075,-0.011036694049835205,-0.13157153129577637,-0.019895339974105752,0.03770244121551514,-0.17760932445526123,-0.02875065117412845,0.04109984636306763,-0.20345962047576904,-0.045042783611357606,0.026140689849853516,-0.14873629808425903,-0.027247582220375932,0.02055656909942627,-0.13003754615783691,-0.008498659015536703
L with wrist,0.0,0.0,0.0,-0.061431169509887695,-0.035967350006103516,-0.033524830201128175,-0.11735355854034424,-0.07826238870620728,-0.05559837103770082,-0.18106722831726074,-0.10629010200500488,-0.07667605609581774,-0.22860383987426758,-0.11755532026290894,-0.09500918568060701,-0.08422160148620605,-0.21295899152755737,-0.021825185352423837,-0.08686172962188721,-0.2983442544937134,-0.05480005250261133,-0.08738481998443604,-0.3524874448776245,-0.07378005267069643,-0.08313202857971191,-0.403059184551239,-0.08389359743283098,-0.04362285137176514,-0.20676666498184204,-0.01827017434821432,-0.04265981912612915,-0.24302363395690918,-0.05191947550461595,-0.044773995876312256,-0.15831583738327026,-0.04859939620778864,-0.04417985677719116,-0.1406649947166443,-0.0371386821656019,-0.0027655959129333496,-0.19353067874908447,-0.02167002514884775,-0.001180887222290039,-0.22422713041305542,-0.059090957352379014,-0.011110067367553711,-0.14660567045211792,-0.043893635579803636,-0.016001880168914795,-0.1334601640701294,-0.02297283367202585,0.03281199932098389,-0.175417959690094,-0.027906010234215906,0.03664374351501465,-0.20826655626296997,-0.044389620730140855,0.021803438663482666,-0.15396523475646973,-0.026963582569220712,0.015208303928375244,-0.13330191373825073,-0.008619875022628953
L with wrist,0.0,0.0,0.0,-0.06287062168121338,-0.0359797477722168,-0.031861067853233394,-0.11891639232635498,-0.07798111438751221,-0.053454500726720866,-0.18037378787994385,-0.10710537433624268,-0.07459519534494596,-0.22810214757919312,-0.11681127548217773,-0.0935293185630055,-0.08668452501296997,-0.20733904838562012,-0.020417702487966594,-0.08954542875289917,-0.2927311062812805,-0.05160537465598303,-0.09074324369430542,-0.34651893377304077,-0.06977030365850645,-0.08733099699020386,-0.3963191509246826,-0.07984226673032957,-0.046039581298828125,-0.20200955867767334,-0.01786733894731718,-0.0445326566696167,-0.24074822664260864,-0.05248483373906332,-0.04564082622528076,-0.15689891576766968,-0.05031472175504881,-0.04396289587020874,-0.13577288389205933,-0.03961697324301916,-0.005644381046295166,-0.18919920921325684,-0.021754610455891665,-0.003735780715942383,-0.22371548414230347,-0.06015320225741583,-0.012801527976989746,-0.14611339569091797,-0.04527273505117613,-0.016957640647888184,-0.12844055891036987,-0.024427802405616816,0.02943110466003418,-0.17155230045318604,-0.02820713176514822,0.03391468524932861,-0.20777034759521484,-0.04578074171330648,0.019745230674743652,-0.1531764268875122,-0.028686606428882655,0.013201653957366943,-0.13064491748809814,-0.01063239491667467
L with wrist,0.0,0.0,0.0,-0.06164199113845825,-0.03314363956451416,-0.029973687268084248,-0.1175035834312439,-0.07539308071136475,-0.05188506994325515,-0.1762561798095703,-0.10545593500137329,-0.07432662103254195,-0.22413581609725952,-0.11503231525421143,-0.09525343928415175,-0.08474451303482056,-0.20301908254623413,-0.01895218308944102,-0.08725696802139282,-0.28696537017822266,-0.04832133058387633,-0.08895301818847656,-0.34066951274871826,-0.06415811333734389,-0.08549290895462036,-0.3896520137786865,-0.07285086963254805,-0.04366248846054077,-0.19775807857513428,-0.01818267967481013,-0.04277634620666504,-0.23920750617980957,-0.053088703788107594,-0.04418069124221802,-0.15497219562530518,-0.0499439329274356,-0.04201340675354004,-0.13546711206436157,-0.038104233927315434,-0.0033971071243286133,-0.18534135818481445,-0.023590266368573864,-0.0018451809883117676,-0.22121208906173706,-0.06273245219070311,-0.011402606964111328,-0.14377552270889282,-0.04691752571541663,-0.014780700206756592,-0.1263839602470398,-0.02524871718067523,0.032181620597839355,-0.16909819841384888,-0.0313846409686267,0.036088645458221436,-0.20623284578323364,-0.05052007887441512,0.022054433822631836,-0.15139710903167725,-0.03378801945526,0.016049504280090332,-0.12934881448745728,-0.01581178013164397
L with wrist,0.0,0.0,0.0,-0.06469172239303589,-0.035075604915618896,-0.032487075560375445,-0.11745887994766235,-0.07261580228805542,-0.053440876089617007,-0.17618012428283691,-0.10431516170501709,-0.07369009011296868,-0.22249025106430054,-0.12029790878295898,-0.09155133717565178,-0.08660203218460083,-0.20421403646469116,-0.01805544809310078,-0.08971518278121948,-0.2868412137031555,-0.04859959312586426,-0.09199988842010498,-0.33917027711868286,-0.06729037665633797,-0.08880412578582764,-0.3877109885215759,-0.07766855859069466,-0.046525537967681885,-0.19821810722351074,-0.0153149299031341,-0.04558825492858887,-0.24322658777236938,-0.04858045258431076,-0.04641306400299072,-0.15983521938323975,-0.04676531606225609,-0.044234395027160645,-0.1353856325149536,-0.03623120465187668,-0.007014632225036621,-0.18574029207229614,-0.019359942310138933,-0.005255997180938721,-0.22456008195877075,-0.055897254281326525,-0.013798236846923828,-0.14649659395217896,-0.04126411282329201,-0.01806044578552246,-0.12611758708953857,-0.02071430140046715,0.026683390140533447,-0.1676565408706665,-0.02636085615365147,0.03230470418930054,-0.20705646276474,-0.043436199211164706,0.017806291580200195,-0.1539962887763977,-0.027220811479374163,0.011022090911865234,-0.13024133443832397,-0.009758607268913977
L with wrist,0.0,0.0,0.0,-0.06742203235626221,-0.03420436382293701,-0.029677280091242153,-0.11962532997131348,-0.07056784629821777,-0.04854442258973535,-0.17761313915252686,-0.10347115993499756,-0.06706373100777085,-0.2216816544532776,-0.12045902013778687,-0.08356453185577806,-0.08780378103256226,-0.2000279426574707,-0.015530541405574638,-0.09195935726165771,-0.28333455324172974,-0.04483927121062692,-0.09475600719451904,-0.3352873921394348,-0.06365768318672593,-0.0920337438583374,-0.38281458616256714,-0.07433562433023866,-0.048569679260253906,-0.19488638639450073,-0.013197059609488804,-0.04787564277648926,-0.2408808469772339,-0.04558891137738641,-0.048408448696136475,-0.160328209400177,-0.0448947817613643,-0.04652059078216553,-0.13272589445114136,-0.035619244777159054,-0.009465277194976807,-0.18325930833816528,-0.017120870627955753,-0.00803983211517334,-0.22366565465927124,-0.05262926673193391,-0.015572428703308105,-0.1460881233215332,-0.03888274436493333,-0.0202791690826416,-0.12307500839233398,-0.01920920503933843,0.02406090497970581,-0.1656574010848999,-0.02369071064193662,0.029648005962371826,-0.20691579580307007,-0.04057647367616113,0.01605457067489624,-0.15391665697097778,-0.024859203823403675,0.008748173713684082,-0.12923866510391235,-0.007867800869540531
L with wrist,0.0,0.0,0.0,-0.06730157136917114,-0.03443509340286255,-0.027409527139770518,-0.11976766586303711,-0.07227897644042969,-0.04548714837621404,-0.17702561616897583,-0.10476076602935791,-0.06387251398156835,-0.22080808877944946,-0.12188345193862915,-0.08058617046664907,-0.08854126930236816,-0.19878584146499634,-0.01326090531985713,-0.09287244081497192,-0.2808248996734619,-0.04138042187880231,-0.09566998481750488,-0.3317803740501404,-0.059140307517754565,-0.09284037351608276,-0.3787752389907837,-0.06930684080909444,-0.0497589111328125,-0.19329720735549927,-0.012142325440454016,-0.049749016761779785,-0.24143683910369873,-0.04346607408117009,-0.04967808723449707,-0.1615842580795288,-0.042288956852662096,-0.04763418436050415,-0.13485491275787354,-0.03288198045085622,-0.01070183515548706,-0.18196725845336914,-0.017087040158020983,-0.009882748126983643,-0.22398293018341064,-0.05133712074350072,-0.01647394895553589,-0.14685356616973877,-0.036976599754797945,-0.020549893379211426,-0.12355488538742065,-0.01735790601562215,0.023174405097961426,-0.164902925491333,-0.024580482082473765,0.028025150299072266,-0.20688509941101074,-0.041308449270236025,0.015053749084472656,-0.1539899706840515,-0.025846214653956423,0.008565664291381836,-0.12954550981521606,-0.009226995209264288
L with wrist,0.0,0.0,0.0,-0.0685473084449768,-0.03597748279571533,-0.02549767285047011,-0.1195516586303711,-0.07210785150527954,-0.041916578779201075,-0.1753838062286377,-0.10450685024261475,-0.05897894851324992,-0.2185072898864746,-0.12347060441970825,-0.07448274246809916,-0.08774429559707642,-0.19735437631607056,-0.009744978280942007,-0.09225070476531982,-0.2792271375656128,-0.037101119527797266,-0.09501206874847412,-0.32921546697616577,-0.05521977669952349,-0.09238648414611816,-0.37573927640914917,-0.06577312550900416,-0.049613118171691895,-0.19242191314697266,-0.009332980731706186,-0.05007416009902954,-0.24217522144317627,-0.04087911895869212,-0.04929262399673462,-0.1634843349456787,-0.04144099704382853,-0.04654604196548462,-0.13341736793518066,-0.03309391416070895,-0.010671794414520264,-0.18143635988235474,-0.01473844494132237,-0.010859966278076172,-0.22520971298217773,-0.048308897534589335,-0.015769362449645996,-0.14795267581939697,-0.03441223851798014,-0.019332468509674072,-0.12305086851119995,-0.015117149571160837,0.02307051420211792,-0.16364425420761108,-0.02257404267249541,0.027081012725830078,-0.20813852548599243,-0.03868066496608691,0.015087425708770752,-0.15497362613677979,-0.022973591232876345,0.009347081184387207,-0.13019025325775146,-0.006159715125541254
L with wrist,0.0,0.0,0.0,-0.06989461183547974,-0.03636932373046875,-0.024861745012010772,-0.12016481161117554,-0.07074201107025146,-0.041692884114588935,-0.1751878261566162,-0.10318952798843384,-0.05957217275818749,-0.21811676025390625,-0.12214446067810059,-0.07626724749525948,-0.0877079963684082,-0.19558900594711304,-0.008342771266605098,-0.0918462872505188,-0.27673399448394775,-0.03416324913224145,-0.09475946426391602,-0.3262490928173065,-0.05162386730035706,-0.0925334095954895,-0.3712943196296692,-0.06218748300990029,-0.05011028051376343,-0.1913210153579712,-0.008521007780935008,-0.049781739711761475,-0.24131399393081665,-0.03987738623937531,-0.04923528432846069,-0.16345322132110596,-0.04108791559657021,-0.04688239097595215,-0.131402850151062,-0.033248843100871284,-0.011281430721282959,-0.18004029989242554,-0.014277602952923019,-0.010984301567077637,-0.22439205646514893,-0.047307585773076255,-0.01578068733215332,-0.14789271354675293,-0.033371010270919044,-0.01974773406982422,-0.12135690450668335,-0.014284931530262668,0.022284328937530518,-0.16121476888656616,-0.02243361569663449,0.02652561664581299,-0.2060297727584839,-0.038732872751559455,0.014888405799865723,-0.15274345874786377,-0.023117882606591422,0.009143710136413574,-0.12774288654327393,-0.006459097319300611
L with wrist,0.0,0.0,0.0,-0.07125061750411987,-0.037174880504608154,-0.02418801760070366,-0.12071865797042847,-0.0704793930053711,-0.040219010913300934,-0.17548799514770508,-0.10349565744400024,-0.05731794064633888,-0.2180030345916748,-0.12280464172363281,-0.07317391237013382,-0.08868682384490967,-0.19381165504455566,-0.006159804423827353,-0.09285485744476318,-0.27435991168022156,-0.03199407284848732,-0.09643876552581787,-0.3241358697414398,-0.04988350173227829,-0.09450095891952515,-0.3697800636291504,-0.060732243710685196,-0.05124235153198242,-0.19046980142593384,-0.006481280212778273,-0.05094325542449951,-0.2423948049545288,-0.0374841411947493,-0.050164103507995605,-0.16529357433319092,-0.03897531157128853,-0.04779195785522461,-0.1322869062423706,-0.031311435753035965,-0.012630999088287354,-0.18005156517028809,-0.01243492228679699,-0.012526988983154297,-0.22517699003219604,-0.044744691008258286,-0.016858041286468506,-0.1492021083831787,-0.030687157192755166,-0.020778298377990723,-0.12219953536987305,-0.011616245040226403,0.020578742027282715,-0.16155511140823364,-0.020832032093334618,0.024604201316833496,-0.20610833168029785,-0.03643598606579346,0.013449490070343018,-0.1532713770866394,-0.020580317953157845,0.008279979228973389,-0.12850701808929443,-0.0038472829736058145
L with wrist,0.0,0.0,0.0,-0.07071667909622192,-0.03803682327270508,-0.023228015647944744,-0.12042057514190674,-0.07107114791870117,-0.03909243819278174,-0.17522192001342773,-0.104053795337677,-0.056106051327404316,-0.21766889095306396,-0.12275797128677368,-0.07202737581890517,-0.08907973766326904,-0.192970871925354,-0.006532584679987963,-0.09378713369369507,-0.27306878566741943,-0.03174831894200736,-0.09777224063873291,-0.3227068781852722,-0.04929953617018157,-0.09593600034713745,-0.3680707812309265,-0.060136938364919956,-0.05174809694290161,-0.19096052646636963,-0.007056898800399836,-0.05168318748474121,-0.2425142526626587,-0.03775056255024367,-0.05044853687286377,-0.16648602485656738,-0.03930698883694106,-0.04743361473083496,-0.13321244716644287,-0.03203777027290755,-0.012923181056976318,-0.18063819408416748,-0.012833327883598145,-0.013649702072143555,-0.22572875022888184,-0.04441524845522338,-0.01724952459335327,-0.15084558725357056,-0.030129907550033863,-0.02028214931488037,-0.12302058935165405,-0.011233491720375355,0.02068483829498291,-0.1616261601448059,-0.02093032178443366,0.023608505725860596,-0.20661503076553345,-0.03612078529756957,0.012869417667388916,-0.15488868951797485,-0.020130263538774784,0.008166313171386719,-0.13038867712020874,-0.0034915789866118985
L with wrist,0.0,0.0,0.0,-0.07061487436294556,-0.03741854429244995,-0.023737567594231734,-0.1194658875465393,-0.06954735517501831,-0.03996693075257696,-0.17341798543930054,-0.10253554582595825,-0.05733121291357435,-0.21530097723007202,-0.12238436937332153,-0.07356340915519155,-0.08857357501983643,-0.19136667251586914,-0.006630404503972898,-0.09327197074890137,-0.27049899101257324,-0.03222228691536344,-0.0971372127532959,-0.3200409710407257,-0.04990240663844503,-0.09528636932373047,-0.36559247970581055,-0.06068052828866399,-0.051560163497924805,-0.1892591118812561,-0.007080609561832318,-0.05100369453430176,-0.24084502458572388,-0.03772604197818197,-0.04943019151687622,-0.16525417566299438,-0.03906915069180883,-0.04676926136016846,-0.13265389204025269,-0.03157991648274816,-0.013150990009307861,-0.17937076091766357,-0.012944872608365188,-0.013456225395202637,-0.22427767515182495,-0.044544399833263526,-0.016605496406555176,-0.14997905492782593,-0.030116559123577247,-0.01982283592224121,-0.12242722511291504,-0.011085148086728225,0.020148873329162598,-0.1606963872909546,-0.021228446742476592,0.023329854011535645,-0.20537316799163818,-0.03649789944845594,0.013082265853881836,-0.15412133932113647,-0.020469571581067214,0.008573651313781738,-0.1293981671333313,-0.003728199168996582
L with wrist,0.0,0.0,0.0,-0.070060133934021,-0.037877559661865234,-0.024559034057535456,-0.11901962757110596,-0.06876897811889648,-0.040969671704448984,-0.17304706573486328,-0.10254323482513428,-0.058380393334307,-0.21503639221191406,-0.12301087379455566,-0.07436569596139364,-0.08862930536270142,-0.19141948223114014,-0.00573300851938896,-0.09298920631408691,-0.2697625756263733,-0.03159717286435537,-0.097087562084198,-0.3193313181400299,-0.04917753303853445,-0.09507691860198975,-0.3645814061164856,-0.0595829319438117,-0.05116015672683716,-0.18921637535095215,-0.0056072874223964675,-0.05018198490142822,-0.2402125597000122,-0.03539908865896635,-0.049308180809020996,-0.16421496868133545,-0.03547212670055799,-0.047209978103637695,-0.13286221027374268,-0.027032267325200365,-0.012860417366027832,-0.179196298122406,-0.01129160451201372,-0.013009309768676758,-0.22427380084991455,-0.04282529468146734,-0.01672351360321045,-0.1501096487045288,-0.027867188700117396,-0.020221948623657227,-0.12373936176300049,-0.008360847853698061,0.020573198795318604,-0.16039705276489258,-0.019480885960735606,0.023798763751983643,-0.20503491163253784,-0.03443462590185575,0.013219892978668213,-0.1543431282043457,-0.018038984411038683,0.008537054061889648,-0.13038170337677002,-0.0010031803041847809
L with wrist,0.0,0.0,0.0,-0.0708879828453064,-0.038774967193603516,-0.02263101631833564,-0.119304358959198,-0.06981569528579712,-0.03818677248491298,-0.17230546474456787,-0.10351240634918213,-0.05508433537615787,-0.21385955810546875,-0.12443655729293823,-0.07058086128963481,-0.08772975206375122,-0.19197559356689453,-0.00462251272110592,-0.09248548746109009,-0.2713944613933563,-0.03014529379142772,-0.09656929969787598,-0.32107919454574585,-0.047712526042595016,-0.0943758487701416,-0.366172194480896,-0.05821644024981509,-0.05068272352218628,-0.19084811210632324,-0.005067777112707006,-0.048864662647247314,-0.24109360575675964,-0.03465314464701663,-0.0478670597076416,-0.16487902402877808,-0.03460046531690608,-0.04545551538467407,-0.13120126724243164,-0.02630499260558139,-0.012689352035522461,-0.18032306432724,-0.011055413392021762,-0.01265186071395874,-0.22514277696609497,-0.04226188616885196,-0.01600700616836548,-0.15048402547836304,-0.02681117201282035,-0.01895087957382202,-0.12257879972457886,-0.007171598021521675,0.021002769470214844,-0.16037803888320923,-0.01933332415355693,0.02423393726348877,-0.20622557401657104,-0.03399222971929561,0.013547182083129883,-0.15505987405776978,-0.017112680469288932,0.00871896743774414,-0.1307089924812317,9.909575747002464e-05
L with wrist,0.0,0.0,0.0,-0.07044810056686401,-0.039171457290649414,-0.02371571134511541,-0.11863797903060913,-0.07035958766937256,-0.03986350740973066,-0.17181247472763062,-0.10492724180221558,-0.05721436362449239,-0.21335500478744507,-0.12633174657821655,-0.07299370985213827,-0.08752578496932983,-0.19381290674209595,-0.005500195694306598,-0.09212267398834229,-0.2737666666507721,-0.03164194445792745,-0.09582167863845825,-0.3240000307559967,-0.049471876730361686,-0.09318715333938599,-0.36893877387046814,-0.059987946559825644,-0.050687193870544434,-0.19214898347854614,-0.005524574925342307,-0.04780292510986328,-0.2417791783809662,-0.0356175966161878,-0.047080814838409424,-0.16530007123947144,-0.035544577201047645,-0.04572266340255737,-0.13159209489822388,-0.02707392830137323,-0.012532830238342285,-0.18135660886764526,-0.011234482896664844,-0.011665284633636475,-0.2264813780784607,-0.04309233572069715,-0.015176951885223389,-0.15181535482406616,-0.027699818049708114,-0.019249677658081055,-0.12377738952636719,-0.007889396657386527,0.02088761329650879,-0.16094273328781128,-0.019312954654136405,0.024809181690216064,-0.20684468746185303,-0.03445004220787595,0.014179527759552002,-0.15564483404159546,-0.017609779869356856,0.008882522583007812,-0.13094234466552734,-0.0002358447244965589
L with wrist,0.0,0.0,0.0,-0.06994074583053589,-0.03861886262893677,-0.022985257575385276,-0.11869537830352783,-0.07037109136581421,-0.039034456381671134,-0.17176783084869385,-0.10528624057769775,-0.056348938861958686,-0.21331453323364258,-0.12667042016983032,-0.07215366176711768,-0.08770596981048584,-0.19386613368988037,-0.006515031581841413,-0.0922209620475769,-0.27427250146865845,-0.03302400968419761,-0.09606790542602539,-0.32427698373794556,-0.051111717144124214,-0.09350335597991943,-0.37016773223876953,-0.061930004874341193,-0.050255417823791504,-0.19243133068084717,-0.007082643354408447,-0.04702562093734741,-0.24185800552368164,-0.03785558454143256,-0.04589259624481201,-0.1651061773300171,-0.03815917334901542,-0.04420596361160278,-0.13178586959838867,-0.030101359257571403,-0.011766016483306885,-0.18173646926879883,-0.013108762348167602,-0.010651707649230957,-0.22655415534973145,-0.04540542922364921,-0.014123737812042236,-0.15179014205932617,-0.02979301884221286,-0.018033862113952637,-0.12368059158325195,-0.009987688990406696,0.021871089935302734,-0.16167348623275757,-0.021411158511511985,0.025901377201080322,-0.2074887752532959,-0.036862720171086494,0.01554715633392334,-0.15586429834365845,-0.0197936933432743,0.010411679744720459,-0.1307879090309143,-0.002310631698094312
L with wrist,0.0,0.0,0.0,-0.06808584928512573,-0.03781622648239136,-0.02598832479912261,-0.11670416593551636,-0.07113730907440186,-0.04276855408448199,-0.17095738649368286,-0.1051785945892334,-0.06008195623058299,-0.21298909187316895,-0.12716978788375854,-0.07541139169830302,-0.0874205231666565,-0.19630664587020874,-0.009151163764776982,-0.0919884443283081,-0.27633097767829895,-0.03749223171967486,-0.09556448459625244,-0.32650384306907654,-0.056012180887641705,-0.09303581714630127,-0.3729848861694336,-0.06651690348285655,-0.049490272998809814,-0.19383788108825684,-0.008614113808157242,-0.04562830924987793,-0.24232327938079834,-0.039596361361923016,-0.04441577196121216,-0.16462010145187378,-0.03856790929335574,-0.04414635896682739,-0.13386476039886475,-0.029228107326211727,-0.010999083518981934,-0.18317419290542603,-0.01423902741867522,-0.009160995483398438,-0.22614514827728271,-0.04762342690724353,-0.012803256511688232,-0.15108603239059448,-0.03211921199459056,-0.018005549907684326,-0.12611836194992065,-0.011971740305902756,0.02235889434814453,-0.1636335849761963,-0.022419500418486393,0.02702254056930542,-0.2078762650489807,-0.03847104802030543,0.016457676887512207,-0.15618175268173218,-0.02164038761753062,0.010748684406280518,-0.13117629289627075,-0.004072536036851204
L with wrist,0.0,0.0,0.0,-0.06876671314239502,-0.03851938247680664,-0.02625483001251183,-0.11711257696151733,-0.07142579555511475,-0.043316622326564413,-0.1711357831954956,-0.10636335611343384,-0.0610216903187748,-0.21352803707122803,-0.12879443168640137,-0.07675587112684212,-0.08667415380477905,-0.1969626545906067,-0.008421563605260474,-0.09111893177032471,-0.2771751880645752,-0.037057657787990195,-0.09469914436340332,-0.32779884338378906,-0.055927307406854254,-0.0921177864074707,-0.3748968839645386,-0.06673906470317803,-0.048634350299835205,-0.1942647099494934,-0.007926029215049368,-0.04484701156616211,-0.24300026893615723,-0.040008199463080985,-0.043874919414520264,-0.1650092601776123,-0.03960203106183968,-0.04309505224227905,-0.13374418020248413,-0.03042397374887429,-0.010074257850646973,-0.18315649032592773,-0.01368313102651797,-0.007837355136871338,-0.2259010672569275,-0.047868990401219946,-0.01215970516204834,-0.15094566345214844,-0.03252145747322999,-0.017297804355621338,-0.1262703537940979,-0.01222381840128861,0.023286759853363037,-0.16338449716567993,-0.022052937249135596,0.02864128351211548,-0.2071658968925476,-0.03839333827276192,0.01729494333267212,-0.15546053647994995,-0.021668895209622008,0.011312723159790039,-0.1312083601951599,-0.004103384973895174
L with wrist,0.0,0.0,0.0,-0.06778430938720703,-0.039395153522491455,-0.026497102004981343,-0.11633795499801636,-0.07285475730895996,-0.04479562550554306,-0.17091256380081177,-0.10832083225250244,-0.06387307554254562,-0.21397274732589722,-0.13040482997894287,-0.0809339067317012,-0.08655893802642822,-0.19917774200439453,-0.010043387895024125,-0.09055757522583008,-0.27973228693008423,-0.03921791970500976,-0.09367954730987549,-0.3309733271598816,-0.05814258068571121,-0.09083306789398193,-0.37782296538352966,-0.06895545929441482,-0.048157453536987305,-0.19641292095184326,-0.00954745210478336,-0.043595194816589355,-0.24394455552101135,-0.042429309932089154,-0.042788147926330566,-0.16498303413391113,-0.04187342211375267,-0.04291737079620361,-0.13421732187271118,-0.03254993691811592,-0.009095251560211182,-0.18487805128097534,-0.015152226795947854,-0.00627976655960083,-0.2268412709236145,-0.04977267294893295,-0.011156260967254639,-0.15183484554290771,-0.033915293065405194,-0.016969919204711914,-0.12677985429763794,-0.013315844943321054,0.024257242679595947,-0.16482263803482056,-0.023331270215606992,0.0301092267036438,-0.20795303583145142,-0.039945252833462064,0.018474280834197998,-0.15626376867294312,-0.023021611047482793,0.01184934377670288,-0.13212698698043823,-0.005277838686055247
L with wrist,0.0,0.0,0.0,-0.06756484508514404,-0.04065293073654175,-0.027068101696585245,-0.11626529693603516,-0.07551199197769165,-0.045159985206936426,-0.1718032956123352,-0.1115034818649292,-0.06385646843156678,-0.21496498584747314,-0.13409799337387085,-0.08039786749324662,-0.08604198694229126,-0.20241528749465942,-0.010427365906451769,-0.0896904468536377,-0.28388428688049316,-0.04026994564375741,-0.09235137701034546,-0.3355374038219452,-0.059666321508501596,-0.08911079168319702,-0.38270291686058044,-0.07067494922122819,-0.04739081859588623,-0.1994989514350891,-0.009511064633642263,-0.04252934455871582,-0.2462354302406311,-0.04213778757295472,-0.04161953926086426,-0.16680008172988892,-0.041145210049961634,-0.041812121868133545,-0.13629591464996338,-0.031602308981035776,-0.008030176162719727,-0.18778979778289795,-0.014920483238910265,-0.0048354268074035645,-0.22877764701843262,-0.04921800725898606,-0.010072112083435059,-0.1535845398902893,-0.033320476196621485,-0.01633971929550171,-0.1290786862373352,-0.0127823510094629,0.025158405303955078,-0.16708385944366455,-0.023031833477233477,0.03169804811477661,-0.20959818363189697,-0.03935196705899102,0.01924896240234375,-0.1584222912788391,-0.022553273372267313,0.012248575687408447,-0.13439017534255981,-0.004908885702405996
L with wrist,0.0,0.0,0.0,-0.06736427545547485,-0.040639519691467285,-0.02901706702827056,-0.11674320697784424,-0.07677358388900757,-0.04715633623121818,-0.17252027988433838,-0.11298853158950806,-0.06540356434701522,-0.21609032154083252,-0.1355627179145813,-0.08117265857575973,-0.08602321147918701,-0.20479536056518555,-0.011116301154778796,-0.0895344614982605,-0.2863423824310303,-0.04112462557672103,-0.09174275398254395,-0.3381021022796631,-0.06020281694649299,-0.08815056085586548,-0.3860885798931122,-0.07084245838044723,-0.04633927345275879,-0.20074063539505005,-0.009493320694254237,-0.04052847623825073,-0.24721187353134155,-0.0423320741188391,-0.040839433670043945,-0.16686385869979858,-0.04104968391178687,-0.04217100143432617,-0.1378493309020996,-0.03105576567171653,-0.006859540939331055,-0.18829017877578735,-0.01457153398363431,-0.002725660800933838,-0.22814106941223145,-0.049714273287044364,-0.009265363216400146,-0.15285885334014893,-0.03443693600414832,-0.01651829481124878,-0.13007646799087524,-0.013992179630385237,0.026618897914886475,-0.1675945520401001,-0.02250270590005954,0.03379654884338379,-0.2088126540184021,-0.03935041881917556,0.020720183849334717,-0.15842264890670776,-0.023058811647878485,0.01280057430267334,-0.13507479429244995,-0.005586936118142205
L with wrist,0.0,0.0,0.0,-0.06600117683410645,-0.04036557674407959,-0.030374744362863026,-0.11505305767059326,-0.07767218351364136,-0.049875748730929814,-0.1711755394935608,-0.11451900005340576,-0.06941304487708422,-0.21502995491027832,-0.13789647817611694,-0.08631160987141939,-0.08503782749176025,-0.20706963539123535,-0.013581390879782163,-0.08833980560302734,-0.2896604537963867,-0.045213797516854726,-0.09031707048416138,-0.3423221707344055,-0.0647952420783362,-0.08649325370788574,-0.3909159004688263,-0.07548907531026217,-0.04524129629135132,-0.20255517959594727,-0.011786161377759896,-0.03927183151245117,-0.24873113632202148,-0.0467399744463286,-0.0396459698677063,-0.1675424575805664,-0.04553667215231272,-0.0414465069770813,-0.13957345485687256,-0.03506631163481089,-0.005373716354370117,-0.19004333019256592,-0.016814449257882558,-0.0009413361549377441,-0.22968775033950806,-0.05353140962842318,-0.0078067779541015625,-0.15448009967803955,-0.03780835626247736,-0.015534520149230957,-0.13252675533294678,-0.016661283947261296,0.02798086404800415,-0.16965943574905396,-0.024842546708615743,0.0357668399810791,-0.20987939834594727,-0.04261972141984316,0.022328495979309082,-0.15926659107208252,-0.026231308854850255,0.014035165309906006,-0.1360064148902893,-0.008380678869517766
L with wrist,0.0,0.0,0.0,-0.06516128778457642,-0.04125320911407471,-0.032841870125821515,-0.11394822597503662,-0.07822304964065552,-0.05373930701284735,-0.17073488235473633,-0.11514222621917725,-0.07420690500407545,-0.21525484323501587,-0.13947796821594238,-0.09167523079781859,-0.08452069759368896,-0.21014469861984253,-0.016011209723046704,-0.08757245540618896,-0.29329439997673035,-0.049247754302314206,-0.08933228254318237,-0.34688395261764526,-0.06948027902512877,-0.08536767959594727,-0.395856112241745,-0.08021433794169752,-0.04433828592300415,-0.20452314615249634,-0.013237686392358228,-0.038270413875579834,-0.25104135274887085,-0.04793524512319891,-0.03862804174423218,-0.16869962215423584,-0.04544593909054129,-0.041168212890625,-0.14249402284622192,-0.03403662287860243,-0.004347085952758789,-0.19180035591125488,-0.017832258280805036,0.000806272029876709,-0.2314772605895996,-0.05459005900888769,-0.006354928016662598,-0.15602225065231323,-0.03822494068413107,-0.015089035034179688,-0.1353437304496765,-0.01658432142107813,0.028591036796569824,-0.17110741138458252,-0.025759340759805127,0.03750342130661011,-0.21141088008880615,-0.043381066557458325,0.023570656776428223,-0.16127395629882812,-0.026764584269812985,0.014462172985076904,-0.1376281976699829,-0.008693570767036363
L with wrist,0.0,0.0,0.0,-0.06484317779541016,-0.04039865732192993,-0.033792712917438905,-0.11340498924255371,-0.07802146673202515,-0.055743449559322755,-0.169569194316864,-0.115153968334198,-0.07727757581125871,-0.21442914009094238,-0.13963156938552856,-0.0958306092823662,-0.08402752876281738,-0.21152526140213013,-0.017702481901160638,-0.08723890781402588,-0.295989453792572,-0.05072339736472742,-0.08867144584655762,-0.3503037691116333,-0.07075427212368623,-0.08493369817733765,-0.3991442918777466,-0.08146308102261202,-0.04353839159011841,-0.20488208532333374,-0.015252440428248804,-0.036105453968048096,-0.25105011463165283,-0.05124770962249414,-0.03799813985824585,-0.16785132884979248,-0.04963649921666757,-0.04277878999710083,-0.14080482721328735,-0.03845520802389757,-0.0032470226287841797,-0.19165050983428955,-0.020055326824895303,0.0030443668365478516,-0.23133254051208496,-0.057698560139051835,-0.005249500274658203,-0.1553991436958313,-0.041752641281000535,-0.015453040599822998,-0.13374435901641846,-0.02017227113794462,0.029600560665130615,-0.1709306836128235,-0.028295091545096795,0.03979998826980591,-0.2100675106048584,-0.04696758203755991,0.025381028652191162,-0.15970122814178467,-0.030754209687820833,0.015020430088043213,-0.13545262813568115,-0.012665718985608976
L with wrist,0.0,0.0,0.0,-0.06261235475540161,-0.03926044702529907,-0.037011048371281774,-0.1122586727142334,-0.07906472682952881,-0.06124722453423992,-0.1692553162574768,-0.11751949787139893,-0.08462823423215404,-0.2155240774154663,-0.1421579122543335,-0.10473086925813213,-0.08370423316955566,-0.21454888582229614,-0.022569448301878126,-0.0865556001663208,-0.29924166202545166,-0.057764089281048925,-0.08791345357894897,-0.35421836376190186,-0.07776832076379314,-0.08422964811325073,-0.40407586097717285,-0.08792293312617794,-0.0428166389465332,-0.20707863569259644,-0.0191819393880035,-0.03433769941329956,-0.2523830533027649,-0.05603236573406711,-0.03709989786148071,-0.16794973611831665,-0.05252372341820255,-0.04383271932601929,-0.1458001732826233,-0.0396948369092609,-0.002237975597381592,-0.19448959827423096,-0.02358933034011379,0.005464136600494385,-0.23266446590423584,-0.0627879226452972,-0.003735840320587158,-0.15657711029052734,-0.04619011151262775,-0.015387475490570068,-0.13789969682693481,-0.02382709885605827,0.030763566493988037,-0.17546194791793823,-0.031727193469491155,0.04223817586898804,-0.2125765085220337,-0.05149098726579204,0.027431011199951172,-0.16219717264175415,-0.035531232679572256,0.01612865924835205,-0.13828277587890625,-0.017359518060770185
L with wrist,0.0,0.0,0.0,-0.06372964382171631,-0.03956633806228638,-0.037098280283998974,-0.11255139112472534,-0.07863229513168335,-0.06209466526229335,-0.17012041807174683,-0.1161109209060669,-0.08646386409122897,-0.21683663129806519,-0.14025628566741943,-0.10774251365978671,-0.08345913887023926,-0.2167872190475464,-0.02245411755461646,-0.08568930625915527,-0.3020249605178833,-0.057457137051414975,-0.08640855550765991,-0.35727256536483765,-0.07765395486671878,-0.0822378396987915,-0.40674084424972534,-0.0880443930061574,-0.04228085279464722,-0.20864593982696533,-0.018855554181527623,-0.032587647438049316,-0.25213924050331116,-0.05657870614845706,-0.0358959436416626,-0.1671966314315796,-0.05364826613981677,-0.04333776235580444,-0.1433795690536499,-0.04096941942293597,-0.0012461543083190918,-0.19518440961837769,-0.022960915360044964,0.007578849792480469,-0.23125320672988892,-0.06293130958397342,-0.0027378201484680176,-0.15473198890686035,-0.04685253569800807,-0.015429675579071045,-0.13472604751586914,-0.02451907018144084,0.03158849477767944,-0.17603576183319092,-0.030716643798541554,0.04433465003967285,-0.2123163342475891,-0.051379612776827344,0.028863370418548584,-0.16134542226791382,-0.03602290445883227,0.016753852367401123,-0.13735157251358032,-0.01801562601644946
L with wrist,0.0,0.0,0.0,-0.06210494041442871,-0.03974980115890503,-0.03949664691131893,-0.11226487159729004,-0.08092927932739258,-0.06565122091811482,-0.1703420877456665,-0.11975109577178955,-0.090748330295499,-0.2178494930267334,-0.14471960067749023,-0.11243304395716969,-0.08225536346435547,-0.22052741050720215,-0.025350317076261675,-0.08404684066772461,-0.30650296807289124,-0.061873728126700556,-0.08476334810256958,-0.3622997999191284,-0.08192137414258305,-0.08043819665908813,-0.4136490821838379,-0.09189571225684467,-0.04067099094390869,-0.2117956280708313,-0.02122418367904011,-0.03111940622329712,-0.2552957832813263,-0.05913369515579525,-0.03499490022659302,-0.16895639896392822,-0.05479005882185284,-0.04271745681762695,-0.15019279718399048,-0.0410252788070995,0.0007262825965881348,-0.1982283592224121,-0.02525272005837742,0.009638309478759766,-0.23420917987823486,-0.06597084337514225,-0.0010767579078674316,-0.15691488981246948,-0.048925922900851404,-0.01382899284362793,-0.14087837934494019,-0.025866904944594538,0.034163713455200195,-0.17887306213378906,-0.033210674018080866,0.04645758867263794,-0.21438193321228027,-0.05420564645570103,0.030906856060028076,-0.1628718376159668,-0.03833345109265629,0.01896810531616211,-0.13988029956817627,-0.019853710845525896
L with wrist,0.0,0.0,0.0,-0.06050616502761841,-0.04124581813812256,-0.041690994655658675,-0.11120688915252686,-0.08482438325881958,-0.06916563273029513,-0.17069143056869507,-0.12513941526412964,-0.09526279628830142,-0.21897387504577637,-0.15015852451324463,-0.11766716152982898,-0.08100026845932007,-0.2268781065940857,-0.027632851755191756,-0.08196061849594116,-0.3141457438468933,-0.06605692267971225,-0.08229434490203857,-0.37023603916168213,-0.0866685143168468,-0.07764559984207153,-0.4227484464645386,-0.09674792051868625,-0.038847267627716064,-0.2174322009086609,-0.02292601638095565,-0.027969062328338623,-0.26151812076568604,-0.06243263617711253,-0.032982468605041504,-0.17372846603393555,-0.05782150164799876,-0.0420801043510437,-0.15794283151626587,-0.04342372030573077,0.0029444098472595215,-0.20310503244400024,-0.02674788483040519,0.013081014156341553,-0.23778608441352844,-0.06917353779630847,0.0007854700088500977,-0.1595495343208313,-0.05202205911832042,-0.013731837272644043,-0.14671051502227783,-0.028483320629169417,0.036266982555389404,-0.1832936406135559,-0.03468141764955707,0.049865901470184326,-0.2172696590423584,-0.05656576589303203,0.03301358222961426,-0.1650998592376709,-0.04078296259598918,0.019479870796203613,-0.14313417673110962,-0.022144457926918937
L with wrist,0.0,0.0,0.0,-0.06024479866027832,-0.041321396827697754,-0.0433330965958143,-0.11069983243942261,-0.08248746395111084,-0.07175888324003465,-0.17157602310180664,-0.1223912239074707,-0.09828724169950731,-0.21961921453475952,-0.14746618270874023,-0.12100911343317278,-0.08183246850967407,-0.22801363468170166,-0.031004015522410944,-0.08183938264846802,-0.3177182972431183,-0.07144548946838625,-0.08116209506988525,-0.3748142123222351,-0.09411464089374788,-0.07565575838088989,-0.42786869406700134,-0.10545943135242708,-0.03929167985916138,-0.21890711784362793,-0.025182692500164583,-0.0263097882270813,-0.2604161202907562,-0.0660953467510248,-0.03205239772796631,-0.17253124713897705,-0.06259523534994371,-0.0428730845451355,-0.15526753664016724,-0.048957573416044786,0.003245830535888672,-0.20511174201965332,-0.02795422466318853,0.015152156352996826,-0.2376936674118042,-0.07145969772558458,0.0017119646072387695,-0.15865105390548706,-0.05536075511794336,-0.015033364295959473,-0.14446872472763062,-0.03225779363732584,0.036541759967803955,-0.1858012080192566,-0.03494025597195871,0.05202215909957886,-0.21697771549224854,-0.057751940729429796,0.03475344181060791,-0.16415077447891235,-0.04276483708839662,0.019711434841156006,-0.14160633087158203,-0.02437512593190916
L with wrist,0.0,0.0,0.0,-0.05994236469268799,-0.042244017124176025,-0.04325842545507719,-0.11090385913848877,-0.08430624008178711,-0.07324824542878439,-0.1731123924255371,-0.12450802326202393,-0.10194353819964697,-0.22190582752227783,-0.14781904220581055,-0.1271030238377886,-0.08234179019927979,-0.2325916886329651,-0.030784411962612168,-0.08144378662109375,-0.3235791325569153,-0.07198484302638342,-0.08020997047424316,-0.38180011510849,-0.09486069590924551,-0.07443326711654663,-0.4357544183731079,-0.10648654461978246,-0.038834571838378906,-0.2241901159286499,-0.025193671371324555,-0.025032758712768555,-0.2650855779647827,-0.06866321773408224,-0.03057265281677246,-0.17497539520263672,-0.06574624092458059,-0.04226118326187134,-0.1583823561668396,-0.05179924951074888,0.0051403045654296875,-0.21001142263412476,-0.02804252193449308,0.018139243125915527,-0.24075427651405334,-0.0731278291451769,0.003465890884399414,-0.16045540571212769,-0.05646255300520231,-0.014589369297027588,-0.14670342206954956,-0.032516003261788384,0.03893864154815674,-0.19047832489013672,-0.03506219447730352,0.055114030838012695,-0.21799802780151367,-0.05884593040822317,0.036562204360961914,-0.16300064325332642,-0.043857910345776574,0.020844340324401855,-0.14205986261367798,-0.025156584243758218
L with wrist,0.0,0.0,0.0,-0.059756696224212646,-0.043029963970184326,-0.04374773533796805,-0.11157101392745972,-0.08664822578430176,-0.07386287780260581,-0.17441612482070923,-0.1260068416595459,-0.10270495446180838,-0.2245481014251709,-0.1464802622795105,-0.1280029910967304,-0.08283329010009766,-0.23664993047714233,-0.030985760630722226,-0.08199721574783325,-0.3292328715324402,-0.07200854005074042,-0.08003765344619751,-0.38820216059684753,-0.09393300594543952,-0.07413321733474731,-0.4424213469028473,-0.10470992805218238,-0.038970232009887695,-0.22808045148849487,-0.025039556564445675,-0.024749815464019775,-0.26703089475631714,-0.06882327528452414,-0.030927419662475586,-0.17570418119430542,-0.06527939172243613,-0.04365193843841553,-0.16045933961868286,-0.05057385297274131,0.005402803421020508,-0.21352803707122803,-0.027616930322404087,0.018813014030456543,-0.241929292678833,-0.07377902151798743,0.003503859043121338,-0.1607598066329956,-0.0574495244190647,-0.015353083610534668,-0.14847630262374878,-0.03327592940783042,0.03970247507095337,-0.1939827799797058,-0.034244940744395436,0.05586683750152588,-0.21953868865966797,-0.058538028167243183,0.037018656730651855,-0.16391593217849731,-0.043622658716197193,0.02060222625732422,-0.14349961280822754,-0.02472540469622153
L with wrist,0.0,0.0,0.0,-0.05889385938644409,-0.04226040840148926,-0.04424870935022618,-0.11054164171218872,-0.0859149694442749,-0.07491702389657284,-0.17314249277114868,-0.1255728006362915,-0.10429353070199276,-0.22386157512664795,-0.14534783363342285,-0.13024201792418744,-0.0817672610282898,-0.2381143569946289,-0.03275214683949734,-0.08180677890777588,-0.33226972818374634,-0.07426889043986584,-0.08012443780899048,-0.391432523727417,-0.0960958580368736,-0.07492923736572266,-0.44689032435417175,-0.10671129625975873,-0.037378549575805664,-0.22905975580215454,-0.026576135202644124,-0.024185895919799805,-0.26743245124816895,-0.07144793671309735,-0.03059607744216919,-0.17629939317703247,-0.06815944415271069,-0.04324430227279663,-0.1625068187713623,-0.05355353829204823,0.006922900676727295,-0.21398484706878662,-0.02882577282130505,0.01991170644760132,-0.24204373359680176,-0.0764916966551521,0.0039948225021362305,-0.16065740585327148,-0.06045847561895634,-0.01504981517791748,-0.1493883728981018,-0.03619896423756863,0.04142242670059204,-0.19479632377624512,-0.034974599152205244,0.05761903524398804,-0.22191345691680908,-0.05996952381670262,0.038617610931396484,-0.16515976190567017,-0.0447558293932655,0.02189338207244873,-0.1437845230102539,-0.02550885070800568
L with wrist,0.0,0.0,0.0,-0.05902284383773804,-0.04145413637161255,-0.04657554564680311,-0.11135679483413696,-0.08463525772094727,-0.0784557604571745,-0.17401236295700073,-0.12303948402404785,-0.10874357012714597,-0.22452610731124878,-0.14277100563049316,-0.13569883195366117,-0.08133673667907715,-0.23986870050430298,-0.03609323067273351,-0.08333450555801392,-0.33425259590148926,-0.07801025299038145,-0.08202904462814331,-0.393845796585083,-0.09922720430101606,-0.07692277431488037,-0.44972434639930725,-0.10909787503685209,-0.0373041033744812,-0.23077327013015747,-0.029009606071369376,-0.024032413959503174,-0.2687612771987915,-0.07421785531248304,-0.03109067678451538,-0.17659074068069458,-0.07011451510395261,-0.04367953538894653,-0.16370177268981934,-0.05457441819514486,0.006893455982208252,-0.21505171060562134,-0.030491267644421782,0.02128535509109497,-0.2428116798400879,-0.07930124489273283,0.004240274429321289,-0.16022270917892456,-0.06325229940618726,-0.015080690383911133,-0.14984148740768433,-0.038493263848678794,0.0417444109916687,-0.1950787901878357,-0.03593827722276899,0.05856907367706299,-0.22247707843780518,-0.06148827386702749,0.039270639419555664,-0.16489094495773315,-0.04599158404077741,0.02274996042251587,-0.14342188835144043,-0.026304156832949843
L with wrist,0.0,0.0,0.0,-0.05971115827560425,-0.039707958698272705,-0.04631571716907246,-0.11276382207870483,-0.08469444513320923,-0.07836736238839848,-0.17439085245132446,-0.12291443347930908,-0.10917778558376057,-0.22652608156204224,-0.14215266704559326,-0.13666997350099308,-0.0827135443687439,-0.2401295304298401,-0.03544265649559719,-0.08437776565551758,-0.33499497175216675,-0.07679503656270725,-0.0833849310874939,-0.3959256112575531,-0.09606451041343433,-0.07822263240814209,-0.45276111364364624,-0.10452056176307423,-0.03830921649932861,-0.230818510055542,-0.02947642526867611,-0.023715674877166748,-0.2696460485458374,-0.07419267542007191,-0.031683146953582764,-0.17514806985855103,-0.06802179164531452,-0.044953346252441406,-0.16515624523162842,-0.05077294878008587,0.00587695837020874,-0.21549075841903687,-0.0323155509615205,0.020856618881225586,-0.24331527948379517,-0.08188718057515842,0.004253983497619629,-0.1588672399520874,-0.06429256744029743,-0.014353811740875244,-0.15051382780075073,-0.03830461076739056,0.04182702302932739,-0.19575858116149902,-0.039163055487897225,0.05831098556518555,-0.22396796941757202,-0.0657838905537389,0.039994657039642334,-0.1653805375099182,-0.04973295203688366,0.023954808712005615,-0.144483745098114,-0.029459141784336396
L with wrist,0.0,0.0,0.0,-0.05957859754562378,-0.03890538215637207,-0.04511973148188453,-0.11372590065002441,-0.08475565910339355,-0.0768137525578485,-0.1752183437347412,-0.12210190296173096,-0.10753859093389373,-0.22702330350875854,-0.1400884985923767,-0.13539938887557845,-0.08354169130325317,-0.23995047807693481,-0.03571988156041961,-0.08524465560913086,-0.33621999621391296,-0.07522189876041274,-0.08380293846130371,-0.3977341651916504,-0.09353588780364852,-0.07889246940612793,-0.4534262418746948,-0.10187074055871825,-0.03897970914840698,-0.23129290342330933,-0.03062010256550174,-0.02351433038711548,-0.2696915566921234,-0.07556024452648025,-0.030480623245239258,-0.17541593313217163,-0.0704041000267015,-0.044015467166900635,-0.16248780488967896,-0.05395677199563842,0.005612790584564209,-0.2159966230392456,-0.033751412089680244,0.02144479751586914,-0.24336254596710205,-0.08288347234926086,0.005606353282928467,-0.15935546159744263,-0.06551009675464492,-0.013406932353973389,-0.14827895164489746,-0.03996963685355048,0.041854918003082275,-0.1955828070640564,-0.040748121943090965,0.05862116813659668,-0.22462475299835205,-0.0675664420982347,0.041268765926361084,-0.16589808464050293,-0.051592322792624046,0.025350093841552734,-0.1439310908317566,-0.03144867232045989
L with wrist,0.0,0.0,0.0,-0.05967986583709717,-0.03798013925552368,-0.045874287104672895,-0.11413657665252686,-0.08319467306137085,-0.07785190708047818,-0.17599177360534668,-0.12066155672073364,-0.10869629747278164,-0.2283516526222229,-0.13839828968048096,-0.13655526257163952,-0.08460807800292969,-0.2388005256652832,-0.036530800825423704,-0.08703070878982544,-0.3353460729122162,-0.07647738671905469,-0.0859750509262085,-0.3972248435020447,-0.09466699576980542,-0.0811166763305664,-0.4532514214515686,-0.10267104274637173,-0.04038846492767334,-0.23061710596084595,-0.031020342102713094,-0.024497687816619873,-0.2690128982067108,-0.0759883529604144,-0.031714797019958496,-0.1744256615638733,-0.07023052192336987,-0.04552382230758667,-0.162040114402771,-0.05321441284424733,0.0038836002349853516,-0.2159845232963562,-0.03389500520235966,0.020130515098571777,-0.24308079481124878,-0.08386644042140912,0.004246950149536133,-0.15842759609222412,-0.06669799304611157,-0.01497948169708252,-0.1479535698890686,-0.04100496015555333,0.04037350416183472,-0.19650644063949585,-0.04061469501859616,0.05750584602355957,-0.2247016429901123,-0.06806592709428738,0.04020655155181885,-0.16565567255020142,-0.05229622191793393,0.023843050003051758,-0.1438118815422058,-0.03214914045340489
L with wrist,0.0,0.0,0.0,-0.05954146385192871,-0.03896749019622803,-0.04486832554821163,-0.11360526084899902,-0.08456408977508545,-0.07630438889745861,-0.17577290534973145,-0.12119549512863159,-0.10672937865738064,-0.22796273231506348,-0.13822978734970093,-0.134130349116365,-0.08482182025909424,-0.2400549054145813,-0.03528570915941387,-0.08720123767852783,-0.3358289301395416,-0.07561489726785808,-0.08632093667984009,-0.39772284030914307,-0.0947234534788528,-0.08150887489318848,-0.4535859227180481,-0.10339883502010494,-0.040248870849609375,-0.23153430223464966,-0.030249325292150075,-0.025017261505126953,-0.26984861493110657,-0.0748233401346603,-0.0320514440536499,-0.1753724217414856,-0.06949604089740902,-0.045851051807403564,-0.16285783052444458,-0.053048548953572805,0.0045318603515625,-0.21676069498062134,-0.033597929136792715,0.019370675086975098,-0.24437683820724487,-0.08251409019712597,0.003854036331176758,-0.16022056341171265,-0.0652466246056953,-0.014947474002838135,-0.14959865808486938,-0.03979962106231838,0.040976107120513916,-0.19676703214645386,-0.04082816626314312,0.05720239877700806,-0.22594594955444336,-0.06728970046524196,0.03974306583404541,-0.16756361722946167,-0.051186294959823186,0.023630857467651367,-0.1455252766609192,-0.03095659400705486
L with wrist,0.0,0.0,0.0,-0.05992943048477173,-0.03825509548187256,-0.04642116802583374,-0.11391401290893555,-0.08160930871963501,-0.07872183772574104,-0.17683130502700806,-0.11776107549667358,-0.10960719886074699,-0.22892910242080688,-0.13566023111343384,-0.1373900264764849,-0.08562809228897095,-0.23780998587608337,-0.037688130166632305,-0.08908027410507202,-0.3335440754890442,-0.07872021349917091,-0.08876049518585205,-0.39486032724380493,-0.09826304915199913,-0.08437454700469971,-0.4506254494190216,-0.10700027796278633,-0.04146420955657959,-0.22985857725143433,-0.031427351411682736,-0.026649057865142822,-0.26791059970855713,-0.07571283879528679,-0.03324258327484131,-0.17381078004837036,-0.0696887165571276,-0.04679465293884277,-0.1607183814048767,-0.052835845973593365,0.0029339194297790527,-0.21532201766967773,-0.033695557739836346,0.01820129156112671,-0.24300777912139893,-0.08255223336468376,0.002932608127593994,-0.15869826078414917,-0.06521102192650474,-0.016112685203552246,-0.1473206877708435,-0.03963997739205993,0.038999855518341064,-0.19573378562927246,-0.0399282813335482,0.05552917718887329,-0.22517311573028564,-0.06607834401379264,0.037979066371917725,-0.16644996404647827,-0.04991615715275444,0.021706581115722656,-0.1434154510498047,-0.029711557206017147
L with wrist,0.0,0.0,0.0,-0.060403645038604736,-0.03892505168914795,-0.04530386068290193,-0.1144757866859436,-0.08209139108657837,-0.07701525651281793,-0.177873432636261,-0.1185036301612854,-0.10747837834423501,-0.23013418912887573,-0.13591939210891724,-0.1348357256538244,-0.08753710985183716,-0.23704403638839722,-0.036401120949444365,-0.09127426147460938,-0.3330931067466736,-0.07802432589596231,-0.09150964021682739,-0.3947027921676636,-0.09832982533043344,-0.08776116371154785,-0.4511764347553253,-0.10751295648878534,-0.04328000545501709,-0.23015815019607544,-0.030506262559351516,-0.02977532148361206,-0.2689422369003296,-0.07487404905622919,-0.035295307636260986,-0.17491483688354492,-0.06920910440748651,-0.047817230224609375,-0.16156715154647827,-0.05261902697747667,0.0012839436531066895,-0.21667051315307617,-0.033080590892490935,0.015437543392181396,-0.24493640661239624,-0.08205697499578912,0.0007864236831665039,-0.16057848930358887,-0.06480188481872995,-0.017459571361541748,-0.14917171001434326,-0.039208402860817504,0.03761237859725952,-0.1978248953819275,-0.03949234448736627,0.053321778774261475,-0.22689813375473022,-0.06527528725927789,0.036141395568847656,-0.1683865189552307,-0.0486981626636358,0.020684778690338135,-0.14569741487503052,-0.02819864265984018
L with wrist,0.0,0.0,0.0,-0.059833526611328125,-0.039340972900390625,-0.046734191145063164,-0.11401331424713135,-0.08238309621810913,-0.07807907801425529,-0.1780848503112793,-0.11843138933181763,-0.10754742067611289,-0.23031175136566162,-0.13528412580490112,-0.13355622779882026,-0.08762592077255249,-0.23848307132720947,-0.03719456833159995,-0.09202545881271362,-0.333373099565506,-0.0794796977595098,-0.09273630380630493,-0.3939606547355652,-0.10036038946664405,-0.0892796516418457,-0.450435608625412,-0.10968640785968375,-0.04365372657775879,-0.23132020235061646,-0.0302500088170774,-0.030655324459075928,-0.2703426778316498,-0.07402380150115562,-0.0360795259475708,-0.17661994695663452,-0.06834096055781913,-0.04897552728652954,-0.16382259130477905,-0.051868285651565316,0.000554203987121582,-0.21800631284713745,-0.03207222711598945,0.014441907405853271,-0.24654781818389893,-0.08099866997754646,-6.794929504394531e-05,-0.16193997859954834,-0.06469542872464729,-0.01884138584136963,-0.15149646997451782,-0.03964877467906547,0.036577463150024414,-0.19941705465316772,-0.037795688624740365,0.051976799964904785,-0.22934842109680176,-0.0631988306001432,0.03503471612930298,-0.17098701000213623,-0.04700664770162177,0.01937103271484375,-0.14781522750854492,-0.026809528137803795
L with wrist,0.0,0.0,0.0,-0.060478925704956055,-0.0396694540977478,-0.04726570170894967,-0.1146620512008667,-0.08095896244049072,-0.07821757417694436,-0.18021118640899658,-0.1165819764137268,-0.10690345686451302,-0.23192328214645386,-0.1336715817451477,-0.13206614625231133,-0.08961039781570435,-0.2364599108695984,-0.03755850043670045,-0.0944928526878357,-0.33260175585746765,-0.08008202236667977,-0.09544211626052856,-0.39290961623191833,-0.10253979336992608,-0.0926622748374939,-0.449349045753479,-0.11321745884195672,-0.04566061496734619,-0.22943848371505737,-0.02976103384569989,-0.033534467220306396,-0.26872318983078003,-0.07375385683552133,-0.03824818134307861,-0.1765742301940918,-0.06988992613331185,-0.051230013370513916,-0.16087079048156738,-0.055085190353549585,-0.0013350248336791992,-0.2162930965423584,-0.03062223528102742,0.011784613132476807,-0.24643754959106445,-0.07887478244081841,-0.002454817295074463,-0.16214704513549805,-0.06367540430799828,-0.02215886116027832,-0.14904701709747314,-0.03964093026296006,0.03395158052444458,-0.1977691650390625,-0.03544123542085992,0.04957491159439087,-0.2280476689338684,-0.06040202525035249,0.03226578235626221,-0.1698334813117981,-0.04478177127019273,0.01550436019897461,-0.14543914794921875,-0.02513602261022435
L with wrist,0.0,0.0,0.0,-0.06097412109375,-0.038191020488739014,-0.04708978692174881,-0.11493200063705444,-0.08056670427322388,-0.07818702021718948,-0.17912393808364868,-0.11715501546859741,-0.10713888118148773,-0.23256778717041016,-0.13458484411239624,-0.13236981043697327,-0.08971995115280151,-0.23570185899734497,-0.03743988433958023,-0.09437811374664307,-0.33042460680007935,-0.08069066116691559,-0.09550219774246216,-0.39129966497421265,-0.1019286752688977,-0.0921558141708374,-0.4485684633255005,-0.11115137646079987,-0.04548752307891846,-0.22856807708740234,-0.029829414283046418,-0.033757805824279785,-0.2679142951965332,-0.07266657212854355,-0.03868752717971802,-0.17372453212738037,-0.06559005538106888,-0.05146956443786621,-0.16272038221359253,-0.04842915171862572,-0.0015208125114440918,-0.21594953536987305,-0.03126027966023415,0.010691463947296143,-0.24597644805908203,-0.08029273310781448,-0.002496957778930664,-0.160552978515625,-0.06324723521352738,-0.020580053329467773,-0.15139323472976685,-0.03773319879651993,0.034433603286743164,-0.19870972633361816,-0.036592362170228654,0.04906660318374634,-0.22942596673965454,-0.062003811542997056,0.03293830156326294,-0.1705033779144287,-0.04534297967434853,0.017695844173431396,-0.14719736576080322,-0.024874547218093568
L with wrist,0.0,0.0,0.0,-0.06153297424316406,-0.03930675983428955,-0.04457694457942152,-0.1158185601234436,-0.08167105913162231,-0.07485618980699682,-0.1822471022605896,-0.1170264482498169,-0.10347357930713796,-0.23392724990844727,-0.13231521844863892,-0.12883562387996816,-0.09124308824539185,-0.2360362410545349,-0.0359264740543952,-0.09646660089492798,-0.333111047744751,-0.07854712547832632,-0.09694415330886841,-0.3936944603919983,-0.10196204276853704,-0.09402155876159668,-0.45059776306152344,-0.11370119245821142,-0.0471382737159729,-0.23025059700012207,-0.02910479696565771,-0.035765647888183594,-0.2680967450141907,-0.07420145513588094,-0.038614749908447266,-0.17622774839401245,-0.07180486412817144,-0.05068624019622803,-0.15905684232711792,-0.058211749215661523,-0.002268671989440918,-0.21717482805252075,-0.03039959052675867,0.010059475898742676,-0.24649178981781006,-0.07839309962564611,-0.003026247024536133,-0.162966787815094,-0.062949044426023,-0.021807968616485596,-0.1487002968788147,-0.03906816037470007,0.03271818161010742,-0.19839048385620117,-0.035431513358890054,0.048286616802215576,-0.22817552089691162,-0.06017846407467031,0.03133910894393921,-0.16955119371414185,-0.04426489191228056,0.015451431274414062,-0.14533191919326782,-0.02453125247830057
L with wrist,0.0,0.0,0.0,-0.06125903129577637,-0.038342833518981934,-0.0476452939598655,-0.11600840091705322,-0.08038187026977539,-0.07769869346309655,-0.18180829286575317,-0.11559301614761353,-0.10505560118843071,-0.23446619510650635,-0.13214123249053955,-0.12838447172332756,-0.09180337190628052,-0.23508566617965698,-0.03768289540101044,-0.09676921367645264,-0.33059853315353394,-0.08139363009620659,-0.09836119413375854,-0.3906664252281189,-0.10347445387531273,-0.09595519304275513,-0.44866207242012024,-0.11336219389129631,-0.047688841819763184,-0.22843629121780396,-0.029294385427126812,-0.03667783737182617,-0.26778876781463623,-0.0718055226295089,-0.04076474905014038,-0.17453855276107788,-0.06546686668086998,-0.05360424518585205,-0.16347932815551758,-0.049277965763101506,-0.003587961196899414,-0.21604979038238525,-0.030021468961129116,0.008430123329162598,-0.24656188488006592,-0.07839401144672387,-0.004076540470123291,-0.1612263321876526,-0.0620672636120414,-0.022710204124450684,-0.15280675888061523,-0.03736980337787621,0.032140254974365234,-0.19855129718780518,-0.034730986544380116,0.04703468084335327,-0.22928321361541748,-0.059500825443754124,0.031123995780944824,-0.17012757062911987,-0.043097887971887516,0.015402138233184814,-0.14645171165466309,-0.023049487584719586
L with wrist,0.0,0.0,0.0,-0.061255574226379395,-0.03800821304321289,-0.047165701822194483,-0.11575329303741455,-0.07902771234512329,-0.07820670931116047,-0.18201076984405518,-0.11392301321029663,-0.10690538464561405,-0.23462456464767456,-0.13045912981033325,-0.13182437299266758,-0.09201395511627197,-0.23482412099838257,-0.03842380894795361,-0.0973007082939148,-0.331622451543808,-0.08281828342452946,-0.09824693202972412,-0.3931889533996582,-0.10590150831714573,-0.0954318642616272,-0.4508385956287384,-0.1165279957510561,-0.04756408929824829,-0.22873103618621826,-0.030468850121650126,-0.03702443838119507,-0.2667973041534424,-0.07467655716911259,-0.040087997913360596,-0.17375683784484863,-0.06952804951444569,-0.0525856614112854,-0.16113817691802979,-0.053900028304013636,-0.0027870535850524902,-0.21640026569366455,-0.03136156006232205,0.008990705013275146,-0.24576658010482788,-0.08037379263416233,-0.0032935738563537598,-0.16123127937316895,-0.0640338870741457,-0.02210181951522827,-0.15139585733413696,-0.039208310381326106,0.03294557332992554,-0.1987592577934265,-0.03617015732899609,0.04751574993133545,-0.22869646549224854,-0.0610996025659174,0.031713664531707764,-0.1697171926498413,-0.044355417326840785,0.016420483589172363,-0.14617574214935303,-0.023922343463453677
L with wrist,0.0,0.0,0.0,-0.06210613250732422,-0.037581801414489746,-0.04707319556808187,-0.11735910177230835,-0.07880496978759766,-0.07817687734102918,-0.18205511569976807,-0.11271345615386963,-0.10715629055237486,-0.23537296056747437,-0.12879705429077148,-0.13237886025643064,-0.09224003553390503,-0.23393672704696655,-0.037416531584021584,-0.09765785932540894,-0.32915198802948,-0.0808447141859503,-0.09924435615539551,-0.39110177755355835,-0.1021416176769705,-0.09660953283309937,-0.44890621304512024,-0.1114308227512808,-0.04769521951675415,-0.2276144027709961,-0.02984108298158361,-0.03622013330459595,-0.2664470076560974,-0.07267095043396665,-0.04001134634017944,-0.17227047681808472,-0.06543399288391782,-0.052988648414611816,-0.16146808862686157,-0.04823172359800054,-0.002933025360107422,-0.2155846357345581,-0.03134633495545103,0.008854031562805176,-0.24551743268966675,-0.08028413250183775,-0.002667069435119629,-0.16035479307174683,-0.06290220364069654,-0.02064347267150879,-0.15173375606536865,-0.03727960108852102,0.03399491310119629,-0.19864630699157715,-0.0368025143358679,0.04802823066711426,-0.2293916940689087,-0.06222260265683843,0.03324019908905029,-0.1702507734298706,-0.04526706307267858,0.018419265747070312,-0.14726382493972778,-0.024625063753482834
L with wrist,0.0,0.0,0.0,-0.06186884641647339,-0.03659111261367798,-0.04679474704192599,-0.11744451522827148,-0.07773804664611816,-0.07877873726414164,-0.18186944723129272,-0.11219972372055054,-0.10897412248180827,-0.23555386066436768,-0.12786448001861572,-0.13553506233023127,-0.09301143884658813,-0.23380988836288452,-0.03756397314594706,-0.09750324487686157,-0.329611212015152,-0.08066745199488123,-0.09871786832809448,-0.391531378030777,-0.10133310504482707,-0.09603923559188843,-0.4490186274051666,-0.11042060800121745,-0.04778921604156494,-0.22802960872650146,-0.030766434075698457,-0.03637135028839111,-0.2658291161060333,-0.07504976637886485,-0.039639055728912354,-0.17063748836517334,-0.06812629945801219,-0.05226200819015503,-0.16027969121932983,-0.05078050963805636,-0.0025089383125305176,-0.21639925241470337,-0.03289842330144366,0.009620726108551025,-0.24444758892059326,-0.08257453985737284,-0.0021950602531433105,-0.1589869260787964,-0.06463415272758921,-0.020288586616516113,-0.15071803331375122,-0.03862749137209376,0.03455418348312378,-0.19993633031845093,-0.03900442742036303,0.04870063066482544,-0.22818952798843384,-0.06511396266745051,0.0337558388710022,-0.16800498962402344,-0.048204326110348306,0.019031405448913574,-0.14603739976882935,-0.027514289172753892
L with wrist,0.0,0.0,0.0,-0.062115252017974854,-0.03744286298751831,-0.046898898653716437,-0.11795157194137573,-0.07861596345901489,-0.07873072194311082,-0.18295955657958984,-0.11261218786239624,-0.10869219618293702,-0.23661422729492188,-0.12814980745315552,-0.1349940644428438,-0.09468644857406616,-0.2352050542831421,-0.03743379654738366,-0.09942328929901123,-0.33114683628082275,-0.0803697528168863,-0.1005592942237854,-0.3934902250766754,-0.10118582563850342,-0.0980420708656311,-0.4509657919406891,-0.11037944721433579,-0.04943287372589111,-0.2291736602783203,-0.030380276016921393,-0.037590205669403076,-0.26707491278648376,-0.07378540652248322,-0.04036039113998413,-0.17215365171432495,-0.06676947789642274,-0.053595781326293945,-0.16171056032180786,-0.04961250441524445,-0.003788471221923828,-0.21751147508621216,-0.03227154257151543,0.008721649646759033,-0.24618709087371826,-0.0812799455449289,-0.002764582633972168,-0.16077476739883423,-0.06346984671804368,-0.02143263816833496,-0.1523849368095398,-0.037747093461484305,0.03344595432281494,-0.20087867975234985,-0.03813598024103104,0.04775327444076538,-0.23007583618164062,-0.06377455311271607,0.033197999000549316,-0.16989344358444214,-0.04669248031827866,0.0185164213180542,-0.14761489629745483,-0.025956087730855337
L with wrist,0.0,0.0,0.0,-0.06207150220870972,-0.03802919387817383,-0.04662964525121538,-0.11812877655029297,-0.0793609619140625,-0.07821834119457094,-0.18436866998672485,-0.113261878490448,-0.10796231063503114,-0.237440824508667,-0.1287633180618286,-0.13399482550519792,-0.09432941675186157,-0.2365025281906128,-0.03711216183799593,-0.0997856855392456,-0.33333632349967957,-0.08093883874315111,-0.10113883018493652,-0.39540907740592957,-0.10307619752782671,-0.09855568408966064,-0.45330485701560974,-0.11320825698274462,-0.04928833246231079,-0.23068130016326904,-0.030081084318936746,-0.03825938701629639,-0.2687801718711853,-0.07532183112996904,-0.040794312953948975,-0.17396879196166992,-0.07005441965955583,-0.05296635627746582,-0.16170305013656616,-0.05386288868683664,-0.0038880109786987305,-0.2187490463256836,-0.03188771786588518,0.00847691297531128,-0.24748098850250244,-0.08187682958740083,-0.0035477280616760254,-0.162159264087677,-0.06493368031877367,-0.021999716758728027,-0.15278548002243042,-0.03945233704942552,0.0327184796333313,-0.2016635537147522,-0.03760634022253839,0.04752826690673828,-0.23109614849090576,-0.06336841764348833,0.032165467739105225,-0.17090678215026855,-0.04645484717983095,0.01727813482284546,-0.1480095386505127,-0.025730099849880617
L with wrist,0.0,0.0,0.0,-0.06260699033737183,-0.03757011890411377,-0.046602685163020185,-0.11921125650405884,-0.07844293117523193,-0.07820515350460916,-0.18528026342391968,-0.11187082529067993,-0.10793697849869638,-0.23921620845794678,-0.126714289188385,-0.13409400002121835,-0.09573334455490112,-0.23585349321365356,-0.03778368250489145,-0.1010543704032898,-0.332477867603302,-0.08116634950995355,-0.10263067483901978,-0.3949858546257019,-0.10263844595312982,-0.10037392377853394,-0.4525336027145386,-0.11229186520934015,-0.0504874587059021,-0.23056095838546753,-0.030763872126339964,-0.03915959596633911,-0.26827824115753174,-0.07470661417603403,-0.04181939363479614,-0.17348355054855347,-0.0683927016055575,-0.054573893547058105,-0.1617146134376526,-0.0517642462348929,-0.004707396030426025,-0.219132661819458,-0.03256752730369478,0.0076386332511901855,-0.24778899550437927,-0.08187451974511056,-0.003825068473815918,-0.16221702098846436,-0.06448755429148584,-0.022404909133911133,-0.15267765522003174,-0.03895843789935022,0.032711684703826904,-0.20232713222503662,-0.03828619436383157,0.047222137451171875,-0.23175650835037231,-0.0639354364669314,0.03243142366409302,-0.17150598764419556,-0.046864945600031904,0.017464935779571533,-0.14843404293060303,-0.026125056827663473
L with wrist,0.0,0.0,0.0,-0.06200885772705078,-0.03662341833114624,-0.04754094617535509,-0.11860466003417969,-0.0775841474533081,-0.08036228107382692,-0.1846703290939331,-0.11183977127075195,-0.11137287901808657,-0.23898202180862427,-0.1281493902206421,-0.1386319904225055,-0.09529370069503784,-0.2371862530708313,-0.03865917982627787,-0.10097634792327881,-0.3343043029308319,-0.08245441155602373,-0.10246008634567261,-0.3968202471733093,-0.10349680321385302,-0.09949815273284912,-0.4542231261730194,-0.11264300929476656,-0.04982650279998779,-0.23185187578201294,-0.031441273410815374,-0.03756248950958252,-0.26932477951049805,-0.07658341365029253,-0.041060805320739746,-0.172978937625885,-0.0695956780212108,-0.0542263388633728,-0.16169428825378418,-0.051920166482228414,-0.0038849711418151855,-0.22011405229568481,-0.03320749687125124,0.009781897068023682,-0.24841049313545227,-0.08376633958985247,-0.0027115345001220703,-0.16196787357330322,-0.0659544228213016,-0.021650195121765137,-0.15319079160690308,-0.03970888467599787,0.03368711471557617,-0.20343828201293945,-0.03893647553493418,0.04923665523529053,-0.23163902759552002,-0.06560271071364321,0.03357821702957153,-0.1705198884010315,-0.048825996239680425,0.018101096153259277,-0.14845138788223267,-0.027999559660452977
L with wrist,0.0,0.0,0.0,-0.06287801265716553,-0.0371021032333374,-0.0462895933891847,-0.11957007646560669,-0.07793009281158447,-0.07887158583656095,-0.18576174974441528,-0.11209303140640259,-0.11004692356839918,-0.23977988958358765,-0.12757009267807007,-0.13785602193132185,-0.09590917825698853,-0.23701465129852295,-0.03759878169551634,-0.10156279802322388,-0.3347778916358948,-0.08051647286668562,-0.10308629274368286,-0.3978257179260254,-0.1016133655215814,-0.10055547952651978,-0.45505014061927795,-0.11116305779472135,-0.05041790008544922,-0.2317073941230774,-0.031104721536786784,-0.03883719444274902,-0.26942259073257446,-0.07643963437333845,-0.0414658784866333,-0.1739296317100525,-0.0705764893795564,-0.05387049913406372,-0.16115880012512207,-0.05379023816242956,-0.004297912120819092,-0.21989279985427856,-0.03324035968437933,0.008543789386749268,-0.24852827191352844,-0.08317346166625761,-0.0035549402236938477,-0.1626828908920288,-0.0654413257147386,-0.022149324417114258,-0.1518692970275879,-0.03944272961273931,0.03318911790847778,-0.20286232233047485,-0.039267030021102656,0.04818528890609741,-0.23238182067871094,-0.06548064987912916,0.03274118900299072,-0.1714603304862976,-0.048401136359126795,0.017699837684631348,-0.14819592237472534,-0.027441922983081568
L with wrist,0.0,0.0,0.0,-0.06358271837234497,-0.03614991903305054,-0.04583670169404197,-0.12142813205718994,-0.07760012149810791,-0.0787060146062677,-0.18724852800369263,-0.11150985956192017,-0.11042388871601272,-0.24172496795654297,-0.1273202896118164,-0.13877287105014968,-0.09633660316467285,-0.2375391721725464,-0.03727297827890563,-0.10176306962966919,-0.3351166546344757,-0.07957491621664214,-0.10303956270217896,-0.3980311155319214,-0.09932146564415145,-0.1001937985420227,-0.45521777868270874,-0.10799870983055282,-0.050228118896484375,-0.23246610164642334,-0.03128633618643928,-0.03867882490158081,-0.26903414726257324,-0.07670483336141753,-0.04169034957885742,-0.17238032817840576,-0.06980466440609145,-0.05417072772979736,-0.16093599796295166,-0.05211339116385627,-0.003667294979095459,-0.2205413579940796,-0.03393860131791282,0.00894707441329956,-0.24726754426956177,-0.08423649862697768,-0.003088533878326416,-0.1608567237854004,-0.06572412297418762,-0.02132803201675415,-0.15144813060760498,-0.03922390535762954,0.03465151786804199,-0.20393848419189453,-0.04045025602272201,0.04918968677520752,-0.23090499639511108,-0.06731952324798751,0.03387480974197388,-0.16918885707855225,-0.050404637756854775,0.01897883415222168,-0.14747238159179688,-0.029554623815328362
L with wrist,0.0,0.0,0.0,-0.06356966495513916,-0.03335106372833252,-0.044835927166362755,-0.12315517663955688,-0.07596451044082642,-0.07724772227587318,-0.18806040287017822,-0.10955959558486938,-0.10873524678530311,-0.24264174699783325,-0.12572163343429565,-0.1370611323195896,-0.09710639715194702,-0.23532164096832275,-0.03716530112208938,-0.10219025611877441,-0.33324646949768066,-0.07877874208273505,-0.10268676280975342,-0.3971143364906311,-0.09777940643610572,-0.09959405660629272,-0.45458120107650757,-0.10615683180870628,-0.05070692300796509,-0.2301422655582428,-0.032153139092346184,-0.039024949073791504,-0.2666676938533783,-0.07756610793652152,-0.04160022735595703,-0.16973018646240234,-0.0707103593427143,-0.054608285427093506,-0.15920323133468628,-0.053133512117286674,-0.0037779808044433594,-0.21850156784057617,-0.0355570187944374,0.008669376373291016,-0.24537983536720276,-0.08567044717850303,-0.002444028854370117,-0.15893816947937012,-0.06653612685980415,-0.020725607872009277,-0.14987701177597046,-0.03993300182404136,0.035386502742767334,-0.20183968544006348,-0.042773811348100654,0.04914790391921997,-0.22982057929039001,-0.07003254277290916,0.03500300645828247,-0.1675717830657959,-0.05278415066780662,0.020297884941101074,-0.14557600021362305,-0.03173731101336097
L with wrist,0.0,0.0,0.0,-0.06454330682754517,-0.03285747766494751,-0.044793355864239714,-0.12406909465789795,-0.076163649559021,-0.07769883016939261,-0.1889328956604004,-0.11097657680511475,-0.10993741790647604,-0.24398267269134521,-0.1273961067199707,-0.13918903062934973,-0.09725219011306763,-0.23664042353630066,-0.03679718787665465,-0.10182100534439087,-0.33507660031318665,-0.07884718070621588,-0.10227447748184204,-0.3999764621257782,-0.09839225898380377,-0.09908890724182129,-0.4588607847690582,-0.1072764504968653,-0.05037301778793335,-0.23102355003356934,-0.03219282220001318,-0.03919500112533569,-0.26764875650405884,-0.07849233935470679,-0.04123908281326294,-0.17019611597061157,-0.07225760410423376,-0.05374300479888916,-0.15980517864227295,-0.054957836520625136,-0.003122389316558838,-0.21908962726593018,-0.03597494552726843,0.008477628231048584,-0.24613451957702637,-0.08671573142404654,-0.0021402835845947266,-0.1596091389656067,-0.0672068480669985,-0.01968306303024292,-0.15043848752975464,-0.040223490101052306,0.03636932373046875,-0.2021234631538391,-0.04358854855294325,0.049066901206970215,-0.23102480173110962,-0.07117009500856497,0.03539782762527466,-0.16834819316864014,-0.05336556549067595,0.02183598279953003,-0.14605098962783813,-0.03179376910324194
L with wrist,0.0,0.0,0.0,-0.06471967697143555,-0.03141266107559204,-0.04622415680643854,-0.1255100965499878,-0.0761600136756897,-0.07917360443827448,-0.19031381607055664,-0.1120573878288269,-0.11110104847904978,-0.24620699882507324,-0.13088595867156982,-0.13961598504540262,-0.09756726026535034,-0.2379421889781952,-0.03750975284931002,-0.10132485628128052,-0.33560898900032043,-0.08027541864868937,-0.10179585218429565,-0.39985033869743347,-0.09903620410916147,-0.09858506917953491,-0.4603932797908783,-0.10706722218748865,-0.05022150278091431,-0.2315119206905365,-0.032453963944881536,-0.04016357660293579,-0.26686108112335205,-0.07840764004942713,-0.04273790121078491,-0.16819524765014648,-0.0705613144135171,-0.05491232872009277,-0.16278690099716187,-0.05204157013651667,-0.0027451515197753906,-0.21960890293121338,-0.03627124283668337,0.008426249027252197,-0.24423080682754517,-0.0875796847438508,-0.002436518669128418,-0.15657180547714233,-0.06748850126025019,-0.019840478897094727,-0.15316396951675415,-0.040047152379720785,0.037963271141052246,-0.20388251543045044,-0.04407297302243052,0.049428701400756836,-0.23084089159965515,-0.07178497541901407,0.03572052717208862,-0.1672016978263855,-0.053897483686178305,0.022532224655151367,-0.1471882462501526,-0.032320054659813025
L with wrist,0.0,0.0,0.0,-0.06501984596252441,-0.03150463104248047,-0.04626738777775774,-0.12567168474197388,-0.07736289501190186,-0.07929515963811884,-0.19063091278076172,-0.11400407552719116,-0.11116280531902323,-0.24715662002563477,-0.13340473175048828,-0.13950511938352594,-0.09652155637741089,-0.24040386080741882,-0.03817986822147379,-0.100169837474823,-0.3389773368835449,-0.08171950405855188,-0.10035693645477295,-0.4037078619003296,-0.10106787210721979,-0.09650719165802002,-0.4650343358516693,-0.10933289057035456,-0.048776865005493164,-0.2329590916633606,-0.03303263461608896,-0.03967881202697754,-0.2679520547389984,-0.07894121235628138,-0.042694032192230225,-0.16857296228408813,-0.07090055322666178,-0.054364919662475586,-0.16347384452819824,-0.05236630266923914,-0.001049816608428955,-0.22009801864624023,-0.03681321567316065,0.00874549150466919,-0.2454044222831726,-0.08815296864528666,-0.002078831195831299,-0.1574774980545044,-0.06777347004432688,-0.018487393856048584,-0.1546517014503479,-0.04019660255332003,0.03992098569869995,-0.20384430885314941,-0.0445350048543931,0.049977660179138184,-0.23205116391181946,-0.0719354165198327,0.03621786832809448,-0.1680012345314026,-0.05344085893054018,0.023877322673797607,-0.1478472352027893,-0.031470128655624485
L with wrist,0.0,0.0,0.0,-0.06489747762680054,-0.030704975128173828,-0.046606412430396205,-0.1265658736228943,-0.07782602310180664,-0.07970823933660043,-0.190731942653656,-0.11483043432235718,-0.11171217848836434,-0.2472628355026245,-0.13454097509384155,-0.14020072509824288,-0.09581571817398071,-0.24133941531181335,-0.038124656577696925,-0.09854859113693237,-0.34001871943473816,-0.08097456981717599,-0.09866559505462646,-0.40473729372024536,-0.09910772581874383,-0.0949103832244873,-0.46644455194473267,-0.10663889934598458,-0.0478169322013855,-0.23355913162231445,-0.03323645730792535,-0.03829711675643921,-0.2673015892505646,-0.07939833988725198,-0.04121565818786621,-0.16786515712738037,-0.07113202502309335,-0.05265510082244873,-0.16418111324310303,-0.05222616558252824,0.00018584728240966797,-0.2206772267818451,-0.0373087360459472,0.01048046350479126,-0.24363458156585693,-0.08879436393558038,0.00024259090423583984,-0.15555232763290405,-0.0681741296249534,-0.015807628631591797,-0.1546580195426941,-0.04043252234636796,0.04189270734786987,-0.20455849170684814,-0.04540298720180047,0.05172538757324219,-0.2316598892211914,-0.07285500903903497,0.038710057735443115,-0.16700416803359985,-0.054403534432044154,0.026886940002441406,-0.14806699752807617,-0.03251210441171182
L with wrist,0.0,0.0,0.0,-0.0660591721534729,-0.031282782554626465,-0.045754189452427596,-0.12749409675598145,-0.07864487171173096,-0.07863053571273682,-0.1921001672744751,-0.11667537689208984,-0.1104967285304248,-0.24904924631118774,-0.1376279592514038,-0.13869613300849792,-0.09624189138412476,-0.2444324493408203,-0.03825295980860588,-0.09903913736343384,-0.34399789571762085,-0.08221305053521988,-0.09894919395446777,-0.409496545791626,-0.10141141604472992,-0.09500640630722046,-0.47223618626594543,-0.10944939296533462,-0.04815328121185303,-0.2361782193183899,-0.03339803110648987,-0.03965121507644653,-0.26799139380455017,-0.07908230911781189,-0.04248529672622681,-0.16818827390670776,-0.070420860162276,-0.053234100341796875,-0.1653991937637329,-0.05159408863474724,0.00014847517013549805,-0.22277182340621948,-0.03748645525266525,0.00938504934310913,-0.24528735876083374,-0.08853416036655304,-0.0010003447532653809,-0.156755268573761,-0.0674434591441333,-0.01613795757293701,-0.15632212162017822,-0.039618148317831725,0.042282938957214355,-0.2064521312713623,-0.045501599869030684,0.05161774158477783,-0.23350566625595093,-0.07213331650783417,0.03765690326690674,-0.16813093423843384,-0.0528575171141803,0.026005148887634277,-0.1490986943244934,-0.03048301566233036
L with wrist,0.0,0.0,0.0,-0.06593108177185059,-0.03192150592803955,-0.04654837390492972,-0.127177894115448,-0.07930874824523926,-0.07972670337270316,-0.19215518236160278,-0.11730217933654785,-0.1118540837437969,-0.24872010946273804,-0.1382339596748352,-0.14045434435914572,-0.09534764289855957,-0.24412930011749268,-0.03887975951741751,-0.09778743982315063,-0.34373152256011963,-0.0832276492388111,-0.097858726978302,-0.40933918952941895,-0.10274044415067252,-0.09370791912078857,-0.47168487310409546,-0.1109906583101612,-0.0470888614654541,-0.23572126030921936,-0.03383976211856421,-0.0391693115234375,-0.26808157563209534,-0.07989063849757727,-0.04235011339187622,-0.16841137409210205,-0.07136175772260245,-0.05283689498901367,-0.1656283736228943,-0.052481263783679566,0.001300036907196045,-0.22209513187408447,-0.03785297265361365,0.010453581809997559,-0.24484732747077942,-0.0891337617308956,-0.0002980232238769531,-0.15702742338180542,-0.06807554503987845,-0.0155792236328125,-0.15717226266860962,-0.040113944468007645,0.043465614318847656,-0.20511144399642944,-0.045938417223201355,0.05234050750732422,-0.2328336238861084,-0.07274603834460791,0.03824806213378906,-0.1683591604232788,-0.05345340063880499,0.026712536811828613,-0.14919036626815796,-0.03098782328973826
L with wrist,0.0,0.0,0.0,-0.06579333543777466,-0.02966207265853882,-0.04673406473389896,-0.12872982025146484,-0.07838660478591919,-0.07969874507776531,-0.1934230923652649,-0.11670315265655518,-0.1115269101320866,-0.25021207332611084,-0.1362379789352417,-0.13997397190920147,-0.09610122442245483,-0.24384960532188416,-0.039431925779497945,-0.09855532646179199,-0.3450990915298462,-0.08248601472965511,-0.09784531593322754,-0.4118300676345825,-0.10129084802261623,-0.09371894598007202,-0.4745934009552002,-0.10956222183100017,-0.04815816879272461,-0.23543217778205872,-0.03479159615031513,-0.03867095708847046,-0.2682523727416992,-0.08218500382295879,-0.040670573711395264,-0.16802483797073364,-0.07536290950170788,-0.051650941371917725,-0.16300177574157715,-0.05743657416693004,0.0005038976669311523,-0.22214704751968384,-0.03882758683553966,0.01072394847869873,-0.24507278203964233,-0.0907856187879208,0.0009303092956542969,-0.15664809942245483,-0.07043119139066967,-0.01473844051361084,-0.15524035692214966,-0.042926650410807454,0.04295837879180908,-0.2053227424621582,-0.04688764727703365,0.052618980407714844,-0.23321104049682617,-0.07447852558485302,0.03984653949737549,-0.16758978366851807,-0.05560887596598896,0.028179168701171875,-0.14819157123565674,-0.03335911027184757
L with wrist,0.0,0.0,0.0,-0.06501013040542603,-0.02799016237258911,-0.045631334852728855,-0.13072538375854492,-0.0789366364479065,-0.07778067581013204,-0.19504880905151367,-0.11681878566741943,-0.10917153648689748,-0.2510681748390198,-0.13446587324142456,-0.13766138694838048,-0.09632521867752075,-0.24332356452941895,-0.03856426916674138,-0.09911978244781494,-0.3445037007331848,-0.07952513239935399,-0.09872055053710938,-0.4112233519554138,-0.09689848564222814,-0.09507948160171509,-0.4726591408252716,-0.10492209784344197,-0.04857528209686279,-0.23658892512321472,-0.03487879477098943,-0.03854578733444214,-0.26738229393959045,-0.08365899018600942,-0.040295183658599854,-0.1669411063194275,-0.07864296875551702,-0.0510290265083313,-0.16058063507080078,-0.06177444822743894,0.0002803206443786621,-0.22387686371803284,-0.03935305095866681,0.011449277400970459,-0.24442309141159058,-0.09199133209541799,0.001523137092590332,-0.15664011240005493,-0.07265878162935735,-0.014118194580078125,-0.15438616275787354,-0.04581585965708257,0.04352933168411255,-0.20706117153167725,-0.047712851982865345,0.053264498710632324,-0.23338249325752258,-0.0763471766527033,0.04061156511306763,-0.16772186756134033,-0.05859065867618085,0.028627753257751465,-0.14917588233947754,-0.03708940066054822
L with wrist,0.0,0.0,0.0,-0.06478583812713623,-0.028093993663787842,-0.04695767541879903,-0.12966227531433105,-0.07770335674285889,-0.07983965431803952,-0.19362390041351318,-0.1151648759841919,-0.11160136764401685,-0.24980390071868896,-0.13385462760925293,-0.14004068081731091,-0.09694600105285645,-0.2439514696598053,-0.040456399372761354,-0.10034537315368652,-0.3454538583755493,-0.08266776060218106,-0.10020279884338379,-0.4126238226890564,-0.1002743691718031,-0.09660297632217407,-0.4744631350040436,-0.1078204513108183,-0.04955899715423584,-0.23724231123924255,-0.03605135907882939,-0.03781241178512573,-0.2678917944431305,-0.08373033260459195,-0.040449440479278564,-0.16728347539901733,-0.07697755848521481,-0.05268281698226929,-0.16242295503616333,-0.059037823281233415,-0.0010918974876403809,-0.224768728017807,-0.04017683496231328,0.011744499206542969,-0.2461482584476471,-0.09292177861089002,0.0016196370124816895,-0.15786278247833252,-0.07316602026576291,-0.014949798583984375,-0.1567808985710144,-0.04594736923927556,0.04206579923629761,-0.20805704593658447,-0.04825346176976453,0.052993714809417725,-0.23544615507125854,-0.07660980527753125,0.04052644968032837,-0.16990071535110474,-0.058219078979437455,0.028004109859466553,-0.15112674236297607,-0.036210041544382676
L with wrist,0.0,0.0,0.0,-0.06545710563659668,-0.02971363067626953,-0.0478627579071258,-0.12968772649765015,-0.07818734645843506,-0.08110339285514101,-0.19487327337265015,-0.11521685123443604,-0.11295717300555452,-0.2513355016708374,-0.13388186693191528,-0.1412818962492679,-0.09875571727752686,-0.24530699849128723,-0.04140787662646517,-0.10292869806289673,-0.347576767206192,-0.08531650991818651,-0.10319197177886963,-0.41540172696113586,-0.10415576489350542,-0.09997951984405518,-0.47815337777137756,-0.11208292187831148,-0.051234662532806396,-0.23882445693016052,-0.03611522631427988,-0.039531588554382324,-0.2716003358364105,-0.08414986820599779,-0.041486918926239014,-0.16992425918579102,-0.07658831866166338,-0.05390751361846924,-0.16369938850402832,-0.05782210545322641,-0.002805173397064209,-0.2264748513698578,-0.0396462613501285,0.010367512702941895,-0.2496183216571808,-0.09347354711673006,0.0005606412887573242,-0.16005867719650269,-0.07369425983807787,-0.01656121015548706,-0.1580216884613037,-0.04588555635592684,0.04005783796310425,-0.21006697416305542,-0.04708755479833826,0.051965296268463135,-0.2385159730911255,-0.07567148001572832,0.039554715156555176,-0.17244940996170044,-0.0569628076412414,0.026699602603912354,-0.15279603004455566,-0.03453224243304476
L with wrist,0.0,0.0,0.0,-0.06581616401672363,-0.02793407440185547,-0.0472428782088663,-0.13170301914215088,-0.0762929916381836,-0.08048446310590762,-0.19709038734436035,-0.11275029182434082,-0.11265576464962024,-0.25377875566482544,-0.13122224807739258,-0.14155796749424,-0.10007017850875854,-0.24335205554962158,-0.040601203422060195,-0.10440617799758911,-0.3459956645965576,-0.0832761360509302,-0.10439693927764893,-0.4137023091316223,-0.10154581649135608,-0.10080522298812866,-0.4763011336326599,-0.10956410897802371,-0.052118659019470215,-0.23750436305999756,-0.03590322865079898,-0.039630115032196045,-0.268810510635376,-0.08442629707883853,-0.041594862937927246,-0.16797089576721191,-0.07808289511035937,-0.054207026958465576,-0.16156160831451416,-0.06030655858944911,-0.0031952857971191406,-0.2253330647945404,-0.039757171849718276,0.010210871696472168,-0.24706792831420898,-0.09312828464340228,0.0004892349243164062,-0.15836232900619507,-0.0735969973904993,-0.016640186309814453,-0.15614932775497437,-0.04634900225233096,0.040128469467163086,-0.20908862352371216,-0.04755854440759677,0.051687657833099365,-0.23648300766944885,-0.07623903287481326,0.03932398557662964,-0.17073190212249756,-0.0580417460007574,0.026553750038146973,-0.15157431364059448,-0.03612428737710971
L with wrist,0.0,0.0,0.0,-0.0656663179397583,-0.02925288677215576,-0.05002881415231286,-0.12995827198028564,-0.0760146975517273,-0.08356381036384164,-0.19587212800979614,-0.1133149266242981,-0.11504021860702096,-0.2538660168647766,-0.13337469100952148,-0.1423618627343899,-0.0998489260673523,-0.2460654377937317,-0.042853007242513286,-0.10359030961990356,-0.34838706254959106,-0.08839285947425424,-0.10433143377304077,-0.4158574044704437,-0.10795409061057626,-0.10071468353271484,-0.47977063059806824,-0.11556378580672799,-0.05161541700363159,-0.23916876316070557,-0.035971006527972804,-0.038079142570495605,-0.27061548829078674,-0.08310174770696221,-0.042217254638671875,-0.1687932014465332,-0.07442863859279214,-0.05589759349822998,-0.16467201709747314,-0.05502866409761964,-0.0034979581832885742,-0.22680091857910156,-0.03850244931919633,0.010583162307739258,-0.24968063831329346,-0.09312575139148294,-0.00042235851287841797,-0.15923172235488892,-0.0741407705102688,-0.018152952194213867,-0.15889286994934082,-0.046513566896749126,0.03978872299194336,-0.21126383543014526,-0.04496953837616502,0.05151265859603882,-0.24040722846984863,-0.07338079638822137,0.03834187984466553,-0.17487865686416626,-0.0546787848327881,0.025158584117889404,-0.15463846921920776,-0.03212379492862283
L with wrist,0.0,0.0,0.0,-0.06607115268707275,-0.02994745969772339,-0.050183589918702864,-0.13014572858810425,-0.07675331830978394,-0.08372060896286371,-0.1966661810874939,-0.11455202102661133,-0.11515014560350778,-0.2550106644630432,-0.13490664958953857,-0.14234352798590066,-0.10073089599609375,-0.24745598435401917,-0.042894925339311385,-0.10383832454681396,-0.35002416372299194,-0.08912019373306634,-0.10394376516342163,-0.4175141155719757,-0.10908717603811624,-0.0996713638305664,-0.48196664452552795,-0.11672821582683923,-0.05230993032455444,-0.24090877175331116,-0.03548888431319597,-0.03736382722854614,-0.27165812253952026,-0.0818808445466459,-0.041994333267211914,-0.17001891136169434,-0.0724402734769285,-0.05672711133956909,-0.16690820455551147,-0.05273804755339029,-0.0039000511169433594,-0.22857466340065002,-0.03766072855719926,0.011322975158691406,-0.25075438618659973,-0.09221596212515237,0.00010395050048828125,-0.1603909730911255,-0.07315973879227045,-0.018332302570343018,-0.16059863567352295,-0.04550373123416307,0.03968626260757446,-0.2130609154701233,-0.043732799006789946,0.05201375484466553,-0.24216842651367188,-0.07208903820642831,0.03854787349700928,-0.17692232131958008,-0.05331868247517946,0.024808943271636963,-0.15623605251312256,-0.030715453786939406
L with wrist,0.0,0.0,0.0,-0.06602156162261963,-0.0290985107421875,-0.04893299143430596,-0.13134562969207764,-0.07770466804504395,-0.08201229151007539,-0.19745737314224243,-0.11620378494262695,-0.11345295931813126,-0.25579923391342163,-0.13699239492416382,-0.14104396428582078,-0.10000067949295044,-0.24804478883743286,-0.041745267320841606,-0.10252183675765991,-0.35123223066329956,-0.08610617693182832,-0.10221505165100098,-0.4189404845237732,-0.10466106559750443,-0.09796184301376343,-0.48280632495880127,-0.11200438018557435,-0.051551222801208496,-0.24146705865859985,-0.03555580924865609,-0.03669244050979614,-0.2716405987739563,-0.08314104701992875,-0.04130291938781738,-0.17011570930480957,-0.0751475128125847,-0.05592900514602661,-0.16613256931304932,-0.0562493647229374,-0.002765476703643799,-0.22857502102851868,-0.03851207296964532,0.012332916259765625,-0.24882003664970398,-0.09333434279677277,0.0009604096412658691,-0.15922290086746216,-0.07475624557253724,-0.017612040042877197,-0.15931475162506104,-0.04753035630699998,0.041446149349212646,-0.21253883838653564,-0.04529117744085198,0.053336262702941895,-0.24037417769432068,-0.07466386582371598,0.03970468044281006,-0.17544901371002197,-0.05690440114256745,0.025533556938171387,-0.15593189001083374,-0.03494829635736352
L with wrist,0.0,0.0,0.0,-0.06669926643371582,-0.029050111770629883,-0.04903339009489116,-0.13236278295516968,-0.07821893692016602,-0.08216695274914798,-0.19829529523849487,-0.11752045154571533,-0.11363768364991245,-0.256300151348114,-0.13804584741592407,-0.1414276638230234,-0.09895896911621094,-0.24857524037361145,-0.042304327448263734,-0.10163110494613647,-0.35236185789108276,-0.08658790375794467,-0.10148769617080688,-0.4210268259048462,-0.10566184457148609,-0.09708660840988159,-0.4853169620037079,-0.11351921941842136,-0.05019944906234741,-0.24166792631149292,-0.03615628715361652,-0.03571814298629761,-0.272367388010025,-0.08460931267346439,-0.040655672550201416,-0.1707378625869751,-0.07756910260523853,-0.05419623851776123,-0.16386628150939941,-0.059194499363556474,-0.0014755725860595703,-0.22808140516281128,-0.03896738748754558,0.013165950775146484,-0.2495950162410736,-0.09440369691456851,0.0015193819999694824,-0.15963321924209595,-0.07606304224337634,-0.015892326831817627,-0.1570531129837036,-0.04877532806004581,0.04254913330078125,-0.21130222082138062,-0.04556356157864627,0.05469626188278198,-0.2406141757965088,-0.075238464136973,0.040796518325805664,-0.17511391639709473,-0.057291341682329744,0.0271642804145813,-0.1543160080909729,-0.03511785875762996
L with wrist,0.0,0.0,0.0,-0.06677472591400146,-0.027959585189819336,-0.049833235133608156,-0.13283014297485352,-0.07733255624771118,-0.08373990355821448,-0.19865435361862183,-0.11743468046188354,-0.11600587217899161,-0.2571439743041992,-0.13773185014724731,-0.14460623710246878,-0.09913289546966553,-0.2495703101158142,-0.043079742033203416,-0.10132843255996704,-0.35410141944885254,-0.08709090648980933,-0.1008157730102539,-0.422981321811676,-0.105426949251612,-0.0961269736289978,-0.4873742461204529,-0.11274093835445242,-0.050510406494140625,-0.24261167645454407,-0.03674191682430106,-0.03441643714904785,-0.271755188703537,-0.08557884841056662,-0.039754509925842285,-0.1699337363243103,-0.07821506707759696,-0.05369412899017334,-0.1633663773536682,-0.05940394176932173,-0.0017711520195007324,-0.2287924587726593,-0.03937133102508383,0.014090120792388916,-0.2488933503627777,-0.09554274081083136,0.0022282004356384277,-0.15855330228805542,-0.0769758567103942,-0.015296578407287598,-0.1555192470550537,-0.0493119031080802,0.04247254133224487,-0.2117530107498169,-0.04579576923342543,0.055381953716278076,-0.23991110920906067,-0.07625066189857321,0.041615188121795654,-0.1738278865814209,-0.05841774194331961,0.02799701690673828,-0.15301400423049927,-0.0361125625559886
L with wrist,0.0,0.0,0.0,-0.06640565395355225,-0.026904761791229248,-0.05119568147977205,-0.13370883464813232,-0.0778232216835022,-0.08537097686251016,-0.1990797519683838,-0.11753350496292114,-0.11767667197903009,-0.2576751708984375,-0.1380096673965454,-0.14636083358248086,-0.0992855429649353,-0.2503577768802643,-0.04398470782955499,-0.10086119174957275,-0.35433146357536316,-0.0873523321123919,-0.1000436544418335,-0.4230238199234009,-0.10536798500736566,-0.09505945444107056,-0.48751091957092285,-0.1129277836652598,-0.050747692584991455,-0.24342286586761475,-0.03764458784182878,-0.03260147571563721,-0.2719823718070984,-0.08751205020864816,-0.038541436195373535,-0.1699121594429016,-0.08178778403719278,-0.05351662635803223,-0.1638140082359314,-0.06403416806181284,-0.0019118189811706543,-0.22962221503257751,-0.04019243681152673,0.015673577785491943,-0.24859538674354553,-0.09690891617258401,0.0032358169555664062,-0.1580256223678589,-0.07920749151428552,-0.015104949474334717,-0.1558830738067627,-0.05213493519743295,0.04265463352203369,-0.21259546279907227,-0.04670283236821504,0.056289613246917725,-0.24055233597755432,-0.07791162693222375,0.04279214143753052,-0.1743830442428589,-0.06083488875349374,0.02895718812942505,-0.1545882225036621,-0.038987741258939224
L with wrist,0.0,0.0,0.0,-0.06681472063064575,-0.027034997940063477,-0.05017219037087273,-0.1343221664428711,-0.07848072052001953,-0.08412997722895454,-0.19969695806503296,-0.11882674694061279,-0.1165601044920237,-0.2582927346229553,-0.13878607749938965,-0.145564626159981,-0.09928393363952637,-0.25179749727249146,-0.04310457706721138,-0.10057264566421509,-0.35680723190307617,-0.08613942861826729,-0.09958595037460327,-0.4263661205768585,-0.10436005443604301,-0.09464532136917114,-0.4912247657775879,-0.11233984977276634,-0.050576627254486084,-0.24445807933807373,-0.0373933866647036,-0.032977938652038574,-0.272865355014801,-0.0879980728057177,-0.038684070110321045,-0.17037123441696167,-0.08321782499821495,-0.05330359935760498,-0.1633182168006897,-0.06606556773455452,-0.0014354586601257324,-0.2303105592727661,-0.040309860560014954,0.01539301872253418,-0.2499035894870758,-0.09727239907057594,0.0029582977294921875,-0.15896636247634888,-0.07957408875496697,-0.014944612979888916,-0.15571773052215576,-0.052511050554826966,0.04319179058074951,-0.21307671070098877,-0.04709746614368271,0.05664008855819702,-0.2414247691631317,-0.07861063927681755,0.042788147926330566,-0.17442840337753296,-0.061426787826135865,0.028939902782440186,-0.15437978506088257,-0.039431705328539124
L with wrist,0.0,0.0,0.0,-0.06648236513137817,-0.02736532688140869,-0.05089693103787596,-0.1337825059890747,-0.07911026477813721,-0.08532341156956846,-0.19948244094848633,-0.119376540184021,-0.11816189025399382,-0.25801771879196167,-0.13863331079483032,-0.1476481813645094,-0.0991659164428711,-0.25300171971321106,-0.04405105818864996,-0.10050010681152344,-0.3580895662307739,-0.08736770932433302,-0.09947502613067627,-0.428230881690979,-0.10584821139332945,-0.09445023536682129,-0.49313029646873474,-0.11402015720364744,-0.0504642128944397,-0.2466874122619629,-0.03799639229533369,-0.031129956245422363,-0.27391353249549866,-0.08897471760270292,-0.03717702627182007,-0.17124050855636597,-0.08440073166844542,-0.05242490768432617,-0.16342657804489136,-0.06732692156789,-0.0010790824890136719,-0.2327667772769928,-0.04057452787515814,0.01740396022796631,-0.2509984076023102,-0.09812879149672682,0.004338562488555908,-0.15979456901550293,-0.08074194525239164,-0.014261901378631592,-0.15545833110809326,-0.053680222079727,0.04378950595855713,-0.2151782512664795,-0.047037265793058225,0.05862218141555786,-0.24306154251098633,-0.07914777432439024,0.044262707233428955,-0.17598462104797363,-0.06227569614407713,0.029456257820129395,-0.15528255701065063,-0.04033802036997969
L with wrist,0.0,0.0,0.0,-0.06662923097610474,-0.02867281436920166,-0.051532313018004317,-0.13362395763397217,-0.07989591360092163,-0.08618510866061868,-0.19973987340927124,-0.12054014205932617,-0.11888625824348154,-0.25850725173950195,-0.1401362419128418,-0.1478426789631051,-0.09925562143325806,-0.25508564710617065,-0.0452355591346425,-0.10035926103591919,-0.3592463731765747,-0.09012718105212869,-0.09922313690185547,-0.4290907382965088,-0.10976980233089151,-0.09385859966278076,-0.4944746494293213,-0.11833235973016443,-0.050606369972229004,-0.24878820776939392,-0.03853997194663705,-0.030671358108520508,-0.2754960060119629,-0.08896819108621301,-0.036928415298461914,-0.17271381616592407,-0.08356494063035669,-0.052316248416900635,-0.16616559028625488,-0.06607925498382272,-0.0012810826301574707,-0.23480212688446045,-0.040728073357502836,0.01789546012878418,-0.2524137794971466,-0.0981787180294198,0.004712104797363281,-0.16110748052597046,-0.08074401670591058,-0.013954877853393555,-0.1580333113670349,-0.05362018549338998,0.04352545738220215,-0.2173030972480774,-0.0468556543578309,0.059091925621032715,-0.24471154808998108,-0.07835813963309946,0.04423481225967407,-0.17755621671676636,-0.06114431822196664,0.028996169567108154,-0.15677857398986816,-0.03901792296663942
L with wrist,0.0,0.0,0.0,-0.06586748361587524,-0.027555882930755615,-0.05080948169069188,-0.1338660717010498,-0.07998144626617432,-0.08599216635064977,-0.20016956329345703,-0.1204831600189209,-0.1197074591620435,-0.25897324085235596,-0.13887429237365723,-0.15009117270545858,-0.0993807315826416,-0.2548801004886627,-0.045515985737608844,-0.10031628608703613,-0.3605727553367615,-0.08938896800117391,-0.098624587059021,-0.43101298809051514,-0.10807923371629613,-0.09261512756347656,-0.49651792645454407,-0.11649362886981862,-0.05055427551269531,-0.24971801042556763,-0.03969277585582631,-0.030065476894378662,-0.2750491499900818,-0.09117228681878942,-0.03612351417541504,-0.17201095819473267,-0.08630347395973104,-0.051204800605773926,-0.16532200574874878,-0.06917248065309423,-0.0005738139152526855,-0.2358296811580658,-0.04239510516362088,0.019017338752746582,-0.2520595192909241,-0.09994524116353887,0.005945324897766113,-0.16131234169006348,-0.08187434221343892,-0.012299597263336182,-0.15759485960006714,-0.054618289272355014,0.044775307178497314,-0.21791350841522217,-0.049034928481148654,0.06054145097732544,-0.24446198344230652,-0.0812061443431844,0.04559224843978882,-0.17680585384368896,-0.06410896177129644,0.030321478843688965,-0.156183660030365,-0.042123248378800326
L with wrist,0.0,0.0,0.0,-0.0659036636352539,-0.027291536331176758,-0.050199756728620315,-0.13458514213562012,-0.08023566007614136,-0.08538357015153863,-0.20127111673355103,-0.12099975347518921,-0.11932980860969522,-0.2602236866950989,-0.13940155506134033,-0.1501601323058317,-0.09984898567199707,-0.25630515813827515,-0.045882827000827575,-0.10050886869430542,-0.36246293783187866,-0.08949039723178842,-0.09828931093215942,-0.43354880809783936,-0.10823780890008905,-0.09211087226867676,-0.4989417791366577,-0.11689119632741907,-0.051112234592437744,-0.25256913900375366,-0.040161384599418426,-0.028659701347351074,-0.2754281461238861,-0.09166143681308725,-0.03503608703613281,-0.17287278175354004,-0.08724696780940988,-0.05114954710006714,-0.16617631912231445,-0.07065078462860086,-0.0008381009101867676,-0.23888713121414185,-0.042678745793313766,0.020409762859344482,-0.2521992325782776,-0.10016827877065637,0.0069541335105896,-0.1615985631942749,-0.0823505505492399,-0.01199418306350708,-0.15706324577331543,-0.05539143304726579,0.04468333721160889,-0.22084921598434448,-0.049043482499332214,0.06188797950744629,-0.24488800764083862,-0.0815423264672468,0.04627823829650879,-0.17719078063964844,-0.06481960262557962,0.029910564422607422,-0.15655505657196045,-0.04303380321166017
L with wrist,0.0,0.0,0.0,-0.06563949584960938,-0.027221739292144775,-0.05044479544006819,-0.1346319317817688,-0.08002471923828125,-0.0858526776238584,-0.20151787996292114,-0.12013554573059082,-0.12001020709716315,-0.26055043935775757,-0.13799095153808594,-0.15117834011756415,-0.0997665524482727,-0.25591522455215454,-0.046493584911456054,-0.1002320647239685,-0.3620208203792572,-0.08993238459073538,-0.09812986850738525,-0.43313267827033997,-0.10865646104060644,-0.09215158224105835,-0.49836114048957825,-0.11744397381984228,-0.05094379186630249,-0.252918004989624,-0.04067050541483397,-0.027240633964538574,-0.2751121520996094,-0.09239492813788885,-0.03384524583816528,-0.1725572943687439,-0.08831691245280737,-0.05049419403076172,-0.16538721323013306,-0.07200827697955603,-0.0004672408103942871,-0.23955005407333374,-0.0430171365543508,0.02187401056289673,-0.25177720189094543,-0.10061500469886298,0.008198559284210205,-0.16138309240341187,-0.0831530789538526,-0.011214733123779297,-0.15672755241394043,-0.056493802617421096,0.0452880859375,-0.22156614065170288,-0.04921483869396681,0.0630110502243042,-0.24486050009727478,-0.08185424159013266,0.04726588726043701,-0.1773766279220581,-0.06543044994317526,0.030522167682647705,-0.15682858228683472,-0.04391621674143309
L with wrist,0.0,0.0,0.0,-0.06641417741775513,-0.02796274423599243,-0.051634407785758896,-0.13377416133880615,-0.08030211925506592,-0.0883908711346244,-0.2003428339958191,-0.1212625503540039,-0.12382242008768074,-0.2601338028907776,-0.13970190286636353,-0.15605865344129555,-0.09933644533157349,-0.25863611698150635,-0.047621323910579605,-0.09925711154937744,-0.36456120014190674,-0.09209600016199104,-0.09679114818572998,-0.4363197088241577,-0.1113907314809417,-0.08990544080734253,-0.502480536699295,-0.12035182788692467,-0.050440192222595215,-0.2558475136756897,-0.041510130462274475,-0.025671303272247314,-0.27707380056381226,-0.09342501982770912,-0.033177971839904785,-0.1740572452545166,-0.08875527158103935,-0.05025756359100342,-0.1681736707687378,-0.07198158576808922,4.3332576751708984e-05,-0.24222248792648315,-0.04380150064550392,0.023184537887573242,-0.2535981833934784,-0.10176190659128181,0.008684754371643066,-0.1628361940383911,-0.08376075252614967,-0.010880708694458008,-0.15880465507507324,-0.056689935919866485,0.045496344566345215,-0.22399219870567322,-0.050100370493755264,0.06415313482284546,-0.24599501490592957,-0.08290022536836616,0.04753988981246948,-0.1780104637145996,-0.06621701940618507,0.030260443687438965,-0.15769827365875244,-0.04445116147123329
L with wrist,0.0,0.0,0.0,-0.06582969427108765,-0.029573500156402588,-0.05123008742827828,-0.13275277614593506,-0.08173251152038574,-0.08823522508043702,-0.19975972175598145,-0.12244051694869995,-0.12404248446125443,-0.2597479820251465,-0.1414162516593933,-0.15655726522106583,-0.098782479763031,-0.26090285181999207,-0.047914005367941215,-0.09910506010055542,-0.3678153455257416,-0.09267358064550812,-0.09645730257034302,-0.43991798162460327,-0.11145974278349335,-0.08931773900985718,-0.5053633153438568,-0.11972210883993561,-0.050389230251312256,-0.2579144239425659,-0.04167990341681893,-0.025877296924591064,-0.2790237069129944,-0.0931386831392711,-0.03382217884063721,-0.17533445358276367,-0.08688611119884904,-0.0507548451423645,-0.16976267099380493,-0.06889452367920335,-0.0003046989440917969,-0.24370259046554565,-0.04394438817996438,0.02344536781311035,-0.25365957617759705,-0.10205795198578294,0.008242249488830566,-0.16333049535751343,-0.08364056378502305,-0.011758208274841309,-0.16043484210968018,-0.05613995671171601,0.044910550117492676,-0.2249811887741089,-0.05010896503824647,0.06437128782272339,-0.24580436944961548,-0.08274829715389664,0.04708737134933472,-0.1778525710105896,-0.06576501160759385,0.02925008535385132,-0.157861590385437,-0.04378560140628274
L with wrist,0.0,0.0,0.0,-0.06517904996871948,-0.03059566020965576,-0.05160613946598147,-0.13210076093673706,-0.08363175392150879,-0.0884245506672201,-0.19947415590286255,-0.12410551309585571,-0.12388947077077006,-0.2595195770263672,-0.14224201440811157,-0.15601400502007579,-0.09831947088241577,-0.26242274045944214,-0.048192458525115,-0.09857594966888428,-0.3686012029647827,-0.09356658376734828,-0.09587603807449341,-0.4398481845855713,-0.1127310789374647,-0.08880293369293213,-0.5051639080047607,-0.12120869226735209,-0.049603939056396484,-0.25796031951904297,-0.04208875291030978,-0.02573084831237793,-0.28056448698043823,-0.09384720988553141,-0.03382229804992676,-0.17626279592514038,-0.08773375518601512,-0.050960540771484375,-0.17160838842391968,-0.06981011696141337,0.0006916522979736328,-0.24316465854644775,-0.044629955962115275,0.02416139841079712,-0.25458651781082153,-0.10298953421395396,0.008530497550964355,-0.16343533992767334,-0.08458876825850581,-0.011939167976379395,-0.16145992279052734,-0.057085296436959254,0.046024978160858154,-0.2238207459449768,-0.05115574441831683,0.06548374891281128,-0.24582889676094055,-0.08387244708817576,0.04804438352584839,-0.17723733186721802,-0.06679862953703974,0.030006825923919678,-0.15708571672439575,-0.04479291506093119
L with wrist,0.0,0.0,0.0,-0.06488746404647827,-0.03024500608444214,-0.05131419622853883,-0.1321103572845459,-0.08468729257583618,-0.08783858889297136,-0.1994878649711609,-0.1252896785736084,-0.12293221676305421,-0.25931376218795776,-0.14417177438735962,-0.15468731397346147,-0.09954977035522461,-0.2633642256259918,-0.048133003204618774,-0.09957891702651978,-0.3705153465270996,-0.09386078143075594,-0.0965355634689331,-0.4424017369747162,-0.11348430687144884,-0.08928221464157104,-0.5083640217781067,-0.1223405363555301,-0.05063283443450928,-0.25839072465896606,-0.04258145639256128,-0.02816861867904663,-0.28324440121650696,-0.0945773037667621,-0.034745633602142334,-0.17807036638259888,-0.08884256207898744,-0.051220715045928955,-0.1728076934814453,-0.07109702998355516,0.00039714574813842773,-0.2437509000301361,-0.04561708742335924,0.02261638641357422,-0.25742560625076294,-0.10349850976422914,0.008258700370788574,-0.1653522253036499,-0.08440300697044023,-0.011942505836486816,-0.16294604539871216,-0.05656808862045892,0.04619896411895752,-0.22402921319007874,-0.05273901545957216,0.06485956907272339,-0.24758604168891907,-0.0851853998895038,0.04830968379974365,-0.17793357372283936,-0.06750521683648714,0.03072214126586914,-0.15713530778884888,-0.04506708183840402
L with wrist,0.0,0.0,0.0,-0.06458455324172974,-0.030989766120910645,-0.05220870127341115,-0.13138824701309204,-0.08596962690353394,-0.08941232611796224,-0.19906270503997803,-0.1269192099571228,-0.12507590850254857,-0.25901615619659424,-0.14607059955596924,-0.15710036655327642,-0.0995485782623291,-0.2666090130805969,-0.04841827054879033,-0.09898704290390015,-0.3732522428035736,-0.094494791826218,-0.095958411693573,-0.44483238458633423,-0.11404096533915364,-0.08835142850875854,-0.5108387172222137,-0.12289229979178273,-0.05012267827987671,-0.26184409856796265,-0.04267028545400464,-0.027310967445373535,-0.2863350510597229,-0.0949271341170963,-0.03400939702987671,-0.18040907382965088,-0.08880020876786077,-0.050832927227020264,-0.17751848697662354,-0.07079177548548543,0.001483321189880371,-0.2470601499080658,-0.04571368744036519,0.02404320240020752,-0.2595583200454712,-0.10303627898356282,0.009282290935516357,-0.167960524559021,-0.0832989608254131,-0.011284351348876953,-0.1682133674621582,-0.05536341493388974,0.04714775085449219,-0.22699862718582153,-0.05311724742314183,0.066231369972229,-0.24859994649887085,-0.08525879879853093,0.048580706119537354,-0.17947036027908325,-0.06784463872572744,0.030085444450378418,-0.16022592782974243,-0.04574983020684087
L with wrist,0.0,0.0,0.0,-0.06471294164657593,-0.030765831470489502,-0.05248366408930849,-0.13126486539840698,-0.08445096015930176,-0.09049968534098696,-0.19948548078536987,-0.12552303075790405,-0.12699943148480486,-0.25985783338546753,-0.14499622583389282,-0.15983853601800035,-0.09954816102981567,-0.2656102776527405,-0.04950754457102846,-0.09914958477020264,-0.37277013063430786,-0.09604916089163851,-0.09567391872406006,-0.44396036863327026,-0.11555805169926714,-0.08782768249511719,-0.5103051364421844,-0.1242178689776523,-0.04987889528274536,-0.26024869084358215,-0.04380175956474375,-0.02709639072418213,-0.2855542302131653,-0.09603384994851183,-0.033554017543792725,-0.179110586643219,-0.08880757653103899,-0.05057436227798462,-0.1761716604232788,-0.0700012009678943,0.0018319487571716309,-0.24474945664405823,-0.046985694402323475,0.02466040849685669,-0.2579635977745056,-0.10455313437567781,0.010177373886108398,-0.1659226417541504,-0.08407810443030428,-0.010808467864990234,-0.16654843091964722,-0.055659999334679355,0.04732406139373779,-0.22447803616523743,-0.05452294015275072,0.06683206558227539,-0.2470998764038086,-0.08670824878798555,0.0496593713760376,-0.1774914264678955,-0.06870830171691011,0.03136134147644043,-0.1578596830368042,-0.046273254984484424
L with wrist,0.0,0.0,0.0,-0.06524264812469482,-0.030032873153686523,-0.053079570149666466,-0.13242560625076294,-0.08462220430374146,-0.09141761667061488,-0.20039814710617065,-0.12688463926315308,-0.1283370316677157,-0.26073330640792847,-0.14689671993255615,-0.16179176277447382,-0.09978628158569336,-0.26579347252845764,-0.049141040509230294,-0.09897953271865845,-0.3735197186470032,-0.09544239795733134,-0.09546816349029541,-0.4456661343574524,-0.11525860286284129,-0.08791923522949219,-0.5122940242290497,-0.12455604082871119,-0.049893200397491455,-0.2594999670982361,-0.04378656900454203,-0.027698993682861328,-0.28649047017097473,-0.09776190525818507,-0.03382301330566406,-0.17994850873947144,-0.09247776723433176,-0.051038920879364014,-0.17600619792938232,-0.07472358501482645,0.002039790153503418,-0.24383628368377686,-0.04719857729006449,0.024078786373138428,-0.258841335773468,-0.10558406866121928,0.009749352931976318,-0.16640067100524902,-0.08525196320343653,-0.011401116847991943,-0.16540157794952393,-0.05672951272655169,0.047435224056243896,-0.2230149507522583,-0.05511095977354685,0.06641888618469238,-0.2471354603767395,-0.0883735627584521,0.04924154281616211,-0.17739003896713257,-0.07072699672508875,0.03083747625350952,-0.15739351511001587,-0.04827255985665957
L with wrist,0.0,0.0,0.0,-0.06540828943252563,-0.029668688774108887,-0.05372961790538433,-0.1329098343849182,-0.08483517169952393,-0.09178467274881008,-0.200991690158844,-0.12757134437561035,-0.1281736958143771,-0.26157474517822266,-0.148384690284729,-0.16101025224900845,-0.09981304407119751,-0.2662491500377655,-0.04920876206136349,-0.09877103567123413,-0.3743739128112793,-0.0958822015044749,-0.09476560354232788,-0.44650766253471375,-0.11605051339841488,-0.08696770668029785,-0.513236403465271,-0.1254896241543353,-0.04967796802520752,-0.25902116298675537,-0.04351996065354946,-0.027799010276794434,-0.28697526454925537,-0.09756182314134243,-0.03325188159942627,-0.18000054359436035,-0.0926810222981036,-0.05092477798461914,-0.17617660760879517,-0.07518272281861904,0.0026443004608154297,-0.24328216910362244,-0.046729648422962455,0.024480223655700684,-0.25947797298431396,-0.10543563396907452,0.010775327682495117,-0.16629821062088013,-0.08548140705800655,-0.010932505130767822,-0.16550517082214355,-0.05709500045753124,0.04837608337402344,-0.22246718406677246,-0.054460888665682106,0.06708168983459473,-0.24800720810890198,-0.08802287460542324,0.050675034523010254,-0.17792296409606934,-0.07045772106624248,0.03232276439666748,-0.15760278701782227,-0.04793227271414402
L with wrist,0.0,0.0,0.0,-0.06595069169998169,-0.030288755893707275,-0.05517035913846158,-0.13315314054489136,-0.08580875396728516,-0.09356104773661755,-0.20109772682189941,-0.12916308641433716,-0.1299066488184657,-0.2618945240974426,-0.15192151069641113,-0.16239121002337598,-0.09882915019989014,-0.26879072189331055,-0.049681415829869735,-0.09763628244400024,-0.37618738412857056,-0.0967623759546008,-0.0940513014793396,-0.4476521611213684,-0.11683000815293454,-0.0860832929611206,-0.5142195224761963,-0.12589845997473859,-0.04821419715881348,-0.26093167066574097,-0.04328768146416806,-0.02727639675140381,-0.2889271378517151,-0.09680390549084805,-0.033811211585998535,-0.18137061595916748,-0.09101616782328747,-0.05077403783798218,-0.17893517017364502,-0.07279187631985806,0.004032313823699951,-0.244602769613266,-0.04617154416820668,0.024842381477355957,-0.26129043102264404,-0.10484532457968854,0.010368704795837402,-0.16788291931152344,-0.08473073882243298,-0.01061946153640747,-0.1690114140510559,-0.056103428874227035,0.04984617233276367,-0.22364842891693115,-0.05371408728143834,0.06734931468963623,-0.24981936812400818,-0.08689201069256924,0.05057138204574585,-0.17996013164520264,-0.06910091084620618,0.03302872180938721,-0.1604178547859192,-0.04642331418773793
L with wrist,0.0,0.0,0.0,-0.06671613454818726,-0.03104788064956665,-0.05480637456174886,-0.13320213556289673,-0.08591276407241821,-0.09367372895475423,-0.20140397548675537,-0.12982094287872314,-0.13065803105827367,-0.262562096118927,-0.15302377939224243,-0.16371369416709936,-0.0987657904624939,-0.2698094844818115,-0.050065044861994146,-0.09728223085403442,-0.37812912464141846,-0.09836342240568197,-0.09396511316299438,-0.45039044320583344,-0.11920534874197042,-0.08612972497940063,-0.5179620385169983,-0.1284844433784107,-0.047859251499176025,-0.2619907259941101,-0.043667857152185796,-0.026527047157287598,-0.2893672585487366,-0.09712603743072545,-0.034057557582855225,-0.1820182204246521,-0.09038367922302282,-0.05140852928161621,-0.18039023876190186,-0.07151256556507146,0.004533112049102783,-0.24545034766197205,-0.04666586647625959,0.02542269229888916,-0.26170802116394043,-0.1055172910809139,0.010135114192962646,-0.1684989333152771,-0.08481776024099386,-0.010817527770996094,-0.17012709379196167,-0.05574971492286718,0.05001688003540039,-0.22453808784484863,-0.05427569205757177,0.06820237636566162,-0.24942588806152344,-0.0873496388911823,0.050618648529052734,-0.17924535274505615,-0.06906750107999837,0.03295236825942993,-0.15956902503967285,-0.04600278342958486
L with wrist,0.0,0.0,0.0,-0.0671701431274414,-0.03258329629898071,-0.05567806643636253,-0.13316625356674194,-0.0877312421798706,-0.09485789817960288,-0.20139241218566895,-0.13193732500076294,-0.13197417241723564,-0.26330429315567017,-0.15672647953033447,-0.16496576053292777,-0.09929215908050537,-0.2725617587566376,-0.050671883497548365,-0.09777987003326416,-0.38115400075912476,-0.09879792166144874,-0.09409737586975098,-0.4527340829372406,-0.11915968788058784,-0.08637112379074097,-0.5202116966247559,-0.12798095924050834,-0.04861247539520264,-0.26448696851730347,-0.04376024064810302,-0.0255049467086792,-0.2930896282196045,-0.09643768948705222,-0.033189594745635986,-0.1854698657989502,-0.08894285989196327,-0.051644980907440186,-0.1840701699256897,-0.06963345092923667,0.0034894347190856934,-0.24769631028175354,-0.04638381731898811,0.026278436183929443,-0.2641541063785553,-0.10550714713723686,0.010721445083618164,-0.16991651058197021,-0.08520614040286567,-0.011528372764587402,-0.17204517126083374,-0.056335360381913446,0.04886144399642944,-0.22686538100242615,-0.05358361509830978,0.06871283054351807,-0.25192490220069885,-0.08705594075114753,0.05090963840484619,-0.1815451979637146,-0.06913582665116813,0.0322721004486084,-0.16192245483398438,-0.046330828789782785
L with wrist,0.0,0.0,0.0,-0.06715679168701172,-0.034636497497558594,-0.05688159103162871,-0.13289713859558105,-0.09007817506790161,-0.09628794650204764,-0.20277607440948486,-0.13456815481185913,-0.13339799950488196,-0.26500260829925537,-0.16005969047546387,-0.1661979735887824,-0.09939920902252197,-0.27576419711112976,-0.050523556122857194,-0.09818452596664429,-0.38537144660949707,-0.09929438243277655,-0.0945507287979126,-0.4565459042787552,-0.11991836438544379,-0.086323082447052,-0.5240057110786438,-0.12859884212382422,-0.04812413454055786,-0.26647743582725525,-0.04281972284086333,-0.0266759991645813,-0.2969103455543518,-0.09540053019888983,-0.03454166650772095,-0.18829643726348877,-0.08706650445826636,-0.05233144760131836,-0.18721133470535278,-0.0669410408533393,0.004228115081787109,-0.2488565742969513,-0.045059091696816544,0.02576625347137451,-0.2676346004009247,-0.10448915819295035,0.009820342063903809,-0.17259341478347778,-0.08400357822545157,-0.012359559535980225,-0.17504596710205078,-0.05466513271101103,0.04960078001022339,-0.2275288701057434,-0.05196832428343878,0.06866610050201416,-0.25472480058670044,-0.08544491539366827,0.05036705732345581,-0.18422085046768188,-0.06736425618298636,0.031993329524993896,-0.16401457786560059,-0.044288984785157304
L with wrist,0.0,0.0,0.0,-0.06831061840057373,-0.03496330976486206,-0.05530826608002393,-0.13400906324386597,-0.09075528383255005,-0.09402475366652219,-0.20397019386291504,-0.13699758052825928,-0.13089421252072064,-0.26612746715545654,-0.16253536939620972,-0.1636212454205772,-0.09975707530975342,-0.2756108343601227,-0.04799753660619466,-0.09889769554138184,-0.38616621494293213,-0.0967514351969978,-0.09524232149124146,-0.4577988088130951,-0.11799684027493207,-0.08733373880386353,-0.5253764092922211,-0.12724010506928174,-0.04796326160430908,-0.2658105194568634,-0.041117860472800416,-0.028597712516784668,-0.29790592193603516,-0.09439736465275494,-0.035021185874938965,-0.18920308351516724,-0.08682612935364453,-0.051121294498443604,-0.1858707070350647,-0.06707931915581433,0.004799604415893555,-0.24817395210266113,-0.04407969722807614,0.024073541164398193,-0.268808513879776,-0.10352685163080899,0.008933663368225098,-0.17345112562179565,-0.08264162252009122,-0.012021303176879883,-0.1735636591911316,-0.052967181897761506,0.05040287971496582,-0.22685852646827698,-0.051651122516991776,0.06835103034973145,-0.25513190031051636,-0.08481075475275723,0.05019038915634155,-0.1845036745071411,-0.06622341880858151,0.032581865787506104,-0.16342651844024658,-0.04280603537619321
L with wrist,0.0,0.0,0.0,-0.06762051582336426,-0.03585571050643921,-0.056533466094979445,-0.13382166624069214,-0.09337574243545532,-0.0953957764449207,-0.204279363155365,-0.14021646976470947,-0.13209393900061528,-0.26686912775039673,-0.16612613201141357,-0.1644934145751087,-0.0995820164680481,-0.2792033553123474,-0.04898245539689938,-0.09810268878936768,-0.38953715562820435,-0.09786658268595616,-0.09513735771179199,-0.46152496337890625,-0.11870744358921925,-0.08773350715637207,-0.529678076505661,-0.1276126382889835,-0.04766720533370972,-0.2689504623413086,-0.04175840970302502,-0.027889132499694824,-0.30212563276290894,-0.09508561622525136,-0.035102009773254395,-0.19167304039001465,-0.08699820470238606,-0.05147475004196167,-0.18855392932891846,-0.06663720589304845,0.005143582820892334,-0.2510049641132355,-0.04455002304340283,0.024915874004364014,-0.27223312854766846,-0.10458244662905614,0.009172439575195312,-0.1757935881614685,-0.08376410138035695,-0.012197136878967285,-0.17674028873443604,-0.05382679309869687,0.05103522539138794,-0.22923392057418823,-0.05202693026686589,0.06898748874664307,-0.25857073068618774,-0.08561357390309254,0.050410687923431396,-0.18772506713867188,-0.06713260244751851,0.03222990036010742,-0.1667575240135193,-0.04366300534630696
L with wrist,0.0,0.0,0.0,-0.06822222471237183,-0.03552907705307007,-0.05632439073013629,-0.1344204545021057,-0.09298014640808105,-0.09517099898146952,-0.2049744725227356,-0.139823317527771,-0.13181375901984538,-0.2680909037590027,-0.16548830270767212,-0.16418153982447947,-0.09984928369522095,-0.2800956964492798,-0.04921833243059481,-0.09828943014144897,-0.39118045568466187,-0.09822242896842326,-0.09443169832229614,-0.4631505757570267,-0.11949003677653636,-0.0858222246170044,-0.5311335921287537,-0.12873520891951884,-0.04727303981781006,-0.26973962783813477,-0.041930293699973475,-0.027215957641601562,-0.3021021783351898,-0.09515518139886225,-0.03418993949890137,-0.19181177020072937,-0.08726403307008113,-0.05006963014602661,-0.1884346604347229,-0.06726649593400325,0.006187796592712402,-0.25166842341423035,-0.04461887668656672,0.025854408740997314,-0.27251675724983215,-0.10419057499455775,0.010032296180725098,-0.17617273330688477,-0.08325834762143458,-0.01099252700805664,-0.17669397592544556,-0.05352730493831004,0.052245914936065674,-0.229941725730896,-0.05201789926575984,0.07034891843795776,-0.2586684823036194,-0.08526332121180857,0.05150240659713745,-0.18760710954666138,-0.06674511920499171,0.033483266830444336,-0.16658151149749756,-0.043365543743842494
L with wrist,0.0,0.0,0.0,-0.0679558515548706,-0.035332560539245605,-0.05629548200418455,-0.135456383228302,-0.09307962656021118,-0.09553098448564512,-0.20628201961517334,-0.13944244384765625,-0.13281949379493696,-0.26932433247566223,-0.16542059183120728,-0.165917386794586,-0.09993767738342285,-0.2806895971298218,-0.04908704155137045,-0.0988660454750061,-0.39207902550697327,-0.09710011401226026,-0.09488368034362793,-0.4639078825712204,-0.11730372675706846,-0.08684921264648438,-0.5315583050251007,-0.12611409046699507,-0.048004746437072754,-0.2698359489440918,-0.042235994273919886,-0.028165221214294434,-0.30258306860923767,-0.09594837346126539,-0.0345492959022522,-0.1920413076877594,-0.08826637038042051,-0.0504528284072876,-0.18891143798828125,-0.06823506721307737,0.005452334880828857,-0.2512783110141754,-0.04522636675288183,0.025062084197998047,-0.27205637097358704,-0.10490967848350508,0.009799301624298096,-0.17565709352493286,-0.08389040597726805,-0.011135637760162354,-0.1767370104789734,-0.05409731858422262,0.05203479528427124,-0.22944697737693787,-0.05295444049884779,0.06967371702194214,-0.2584865391254425,-0.08662573763181669,0.051039278507232666,-0.18692582845687866,-0.06842624911119444,0.033106863498687744,-0.16646134853363037,-0.04524477713753683
L with wrist,0.0,0.0,0.0,-0.06839156150817871,-0.035619139671325684,-0.05873177573377575,-0.13517755270004272,-0.09280228614807129,-0.09881346300537075,-0.20669329166412354,-0.13937485218048096,-0.13629364595109905,-0.2702418863773346,-0.1665557622909546,-0.1691975556343266,-0.10016167163848877,-0.2813328504562378,-0.05147433281237568,-0.09925347566604614,-0.3929194211959839,-0.10139842704231228,-0.0961235761642456,-0.4656585454940796,-0.12249786034519161,-0.08819854259490967,-0.534827470779419,-0.1313860230177113,-0.048320651054382324,-0.2711455523967743,-0.04329309985334362,-0.028043508529663086,-0.3032767176628113,-0.0967768915026852,-0.03522711992263794,-0.19217222929000854,-0.08807694539720501,-0.051885366439819336,-0.19087377190589905,-0.06739672646219219,0.004929721355438232,-0.2533014416694641,-0.04543707520062412,0.02543818950653076,-0.2736128270626068,-0.10575226322109188,0.009646296501159668,-0.1764424443244934,-0.08449642733032192,-0.011880338191986084,-0.17936432361602783,-0.05434734747106518,0.051435112953186035,-0.2318575084209442,-0.05250279233152355,0.06947392225265503,-0.2607457637786865,-0.08596869930917705,0.050953447818756104,-0.1888602375984192,-0.0671925134986111,0.033090293407440186,-0.16811352968215942,-0.043588235977239265
L with wrist,0.0,0.0,0.0,-0.06829339265823364,-0.03669774532318115,-0.05926980665191195,-0.13483405113220215,-0.09416377544403076,-0.09925388759239695,-0.20686018466949463,-0.14122802019119263,-0.13640935188396952,-0.27063190937042236,-0.16839563846588135,-0.16884155040844462,-0.10012626647949219,-0.2836514115333557,-0.052002659349284386,-0.09878450632095337,-0.39521336555480957,-0.10313879167898676,-0.09534591436386108,-0.46806298196315765,-0.12511386936768076,-0.08670306205749512,-0.538045197725296,-0.13429991370304606,-0.04785972833633423,-0.27314507961273193,-0.04320829948647997,-0.02755570411682129,-0.3058497905731201,-0.09649304514988444,-0.0357397198677063,-0.1940523087978363,-0.08728619879349253,-0.05271637439727783,-0.193398118019104,-0.06630435055359385,0.005451798439025879,-0.2548986077308655,-0.04495495772226832,0.026039958000183105,-0.27582237124443054,-0.10568817174299738,0.009449541568756104,-0.17770272493362427,-0.08449832564457438,-0.012254774570465088,-0.18108820915222168,-0.054178538082680916,0.0518873929977417,-0.233364075422287,-0.05159896454080126,0.06990879774093628,-0.2627449035644531,-0.0849550536857464,0.05085194110870361,-0.19070452451705933,-0.06597006535395167,0.03296905755996704,-0.17003268003463745,-0.04217343991859934
L with wrist,0.0,0.0,0.0,-0.06856662034988403,-0.036158621311187744,-0.058453928260231436,-0.13572341203689575,-0.09355002641677856,-0.09824852230968517,-0.2079383134841919,-0.1401790976524353,-0.13540439638319057,-0.2719484567642212,-0.16684108972549438,-0.16791242691698116,-0.10127657651901245,-0.28312379121780396,-0.05180103662433666,-0.09996944665908813,-0.3951951861381531,-0.10274581941785854,-0.09617555141448975,-0.4683162122964859,-0.12462686332883877,-0.08784091472625732,-0.5379464626312256,-0.13378975125970882,-0.04903799295425415,-0.2731916308403015,-0.04337691846313518,-0.028017044067382812,-0.3048747777938843,-0.09619560423316997,-0.03558838367462158,-0.19351083040237427,-0.08674814882698101,-0.05317181348800659,-0.19247698783874512,-0.06582116666259807,0.004605114459991455,-0.2551528215408325,-0.04537769365134281,0.025627553462982178,-0.2753742039203644,-0.10569542231979412,0.009920179843902588,-0.17741310596466064,-0.08423415157022518,-0.011927187442779541,-0.180344820022583,-0.05397153976383251,0.05146151781082153,-0.23359882831573486,-0.05221348959031147,0.07004499435424805,-0.2623893916606903,-0.08532430562200588,0.051528096199035645,-0.19011074304580688,-0.06606933805170101,0.03333777189254761,-0.16911983489990234,-0.042202762840414465
