L,0.7541028261184692,0.6001830697059631,-1.2283344119623507e-07,0.7065339684486389,0.6105392575263977,-0.0003530675603542477,0.6645591855049133,0.5933383703231812,-0.0033452112693339586,0.6305291652679443,0.5857315063476562,-0.011739983223378658,0.6032434701919556,0.5627195835113525,-0.018757283687591553,0.6864630579948425,0.4762308895587921,0.02564297243952751,0.6630713939666748,0.4301115572452545,0.016667837277054787,0.6326057314872742,0.422800213098526,0.004589652642607689,0.6080679297447205,0.43052271008491516,-0.003192017087712884,0.6969877481460571,0.46356016397476196,0.013930044136941433,0.668301522731781,0.4048318564891815,0.005973359104245901,0.6315154433250427,0.40376076102256775,-0.004664002917706966,0.6073553562164307,0.4236525297164917,-0.010872449725866318,0.7073888778686523,0.45905575156211853,-0.0019083680817857385,0.6796783208847046,0.3964862525463104,-0.0088035948574543,0.6397103071212769,0.39710134267807007,-0.016795240342617035,0.6123539209365845,0.41373375058174133,-0.0209740549325943,0.7147440314292908,0.46371692419052124,-0.019403254613280296,0.683194100856781,0.415712833404541,-0.026170136407017708,0.6506434679031372,0.41008976101875305,-0.03149064630270004,0.6273015141487122,0.41800451278686523,-0.03422887623310089
L,0.7570391297340393,1.027970552444458,-3.437603979250525e-08,0.7035515308380127,1.0116424560546875,-0.04384072124958038,0.6531652808189392,0.9631822109222412,-0.0752781480550766,0.611029863357544,0.9182044267654419,-0.10224304348230362,0.5751118659973145,0.8851121068000793,-0.12867295742034912,0.7130102515220642,0.8532254099845886,-0.06376555562019348,0.7243070602416992,0.7711732983589172,-0.09297864139080048,0.7400710582733154,0.7200777530670166,-0.11025029420852661,0.7554734945297241,0.6776124238967896,-0.12340493500232697,0.7632562518119812,0.8461422920227051,-0.05816938728094101,0.7719748616218567,0.8410188555717468,-0.09253182262182236,0.7581927180290222,0.9057470560073853,-0.09736740589141846,0.7472566962242126,0.9407408237457275,-0.0960773378610611,0.8053034543991089,0.8586883544921875,-0.055735837668180466,0.8175907135009766,0.8557429909706116,-0.08559247851371765,0.8081961870193481,0.9037783145904541,-0.07809450477361679,0.799180805683136,0.9254335761070251,-0.06946595758199692,0.84015953540802,0.8792628049850464,-0.05749010667204857,0.8566777110099792,0.8732318878173828,-0.08019817620515823,0.842771053314209,0.9160326719284058,-0.07405851036310196,0.8287707567214966,0.9388954639434814,-0.06596052646636963
L,0.7702721953392029,0.984002947807312,-2.122288655925786e-08,0.70806884765625,0.948299765586853,-0.02999930828809738,0.6519758105278015,0.8831161856651306,-0.04825102165341377,0.604316234588623,0.8373866677284241,-0.06542935222387314,0.5604146718978882,0.8062839508056641,-0.08148621767759323,0.7044050693511963,0.7760958671569824,-0.031367067247629166,0.7158495783805847,0.6941337585449219,-0.054401498287916183,0.728566586971283,0.6435295343399048,-0.06826148182153702,0.7407850027084351,0.5956641435623169,-0.07892268896102905,0.7517833709716797,0.7667669653892517,-0.030489815399050713,0.7590590119361877,0.7855527400970459,-0.0692107230424881,0.7508974671363831,0.851367175579071,-0.07709112763404846,0.74479079246521,0.8837257623672485,-0.07483300566673279,0.7949214577674866,0.779536783695221,-0.03303271904587746,0.8005737066268921,0.8136252760887146,-0.06879217177629471,0.7901274561882019,0.8704125881195068,-0.060985028743743896,0.7844213843345642,0.8882825374603271,-0.04770548269152641,0.8332478404045105,0.8013018369674683,-0.03859323263168335,0.8407819867134094,0.8219627737998962,-0.05933351814746857,0.8256473541259766,0.8670957088470459,-0.05158093571662903,0.815910816192627,0.8829913139343262,-0.04056694731116295
L,0.7620469331741333,0.9389118552207947,6.060911061922525e-08,0.7008932828903198,0.898998498916626,-0.02847505360841751,0.6487377285957336,0.835706353187561,-0.04672640562057495,0.5998376607894897,0.7882541418075562,-0.06473852694034576,0.5568819642066956,0.7601960301399231,-0.08182934671640396,0.699044406414032,0.7214834690093994,-0.02140423096716404,0.7070815563201904,0.6323235034942627,-0.046571921557188034,0.7160409092903137,0.5821070671081543,-0.06224711611866951,0.7250823974609375,0.534205436706543,-0.07280485332012177,0.7424253225326538,0.7250460982322693,-0.021233035251498222,0.7552990913391113,0.6950133442878723,-0.06061083450913429,0.7477267384529114,0.768863320350647,-0.0662553533911705,0.739464521408081,0.8012634515762329,-0.060909491032361984,0.7831147313117981,0.7401678562164307,-0.02543206326663494,0.7961177229881287,0.7198219299316406,-0.06369384378194809,0.7844312191009521,0.7898684740066528,-0.05187128111720085,0.7738129496574402,0.8142417669296265,-0.03419068083167076,0.8163897395133972,0.7619717121124268,-0.0318608395755291,0.8310272693634033,0.7373543977737427,-0.052476078271865845,0.8163824677467346,0.7902213931083679,-0.03909869119524956,0.8046761751174927,0.8119845986366272,-0.023555271327495575
L,0.7564111351966858,0.8736494183540344,1.0389089766249526e-07,0.6975084543228149,0.8440312147140503,-0.03501388058066368,0.6460263729095459,0.7897771000862122,-0.0589759424328804,0.5998635292053223,0.744304358959198,-0.082110196352005,0.558354377746582,0.7128798365592957,-0.10394205152988434,0.6922035217285156,0.6672362089157104,-0.027976933866739273,0.6960022449493408,0.5792012214660645,-0.05405425652861595,0.7022284269332886,0.5292216539382935,-0.06779110431671143,0.7097277641296387,0.48320725560188293,-0.07669971883296967,0.733924388885498,0.6719142198562622,-0.026285698637366295,0.7453519105911255,0.6421715021133423,-0.0688239187002182,0.7402924299240112,0.7173436284065247,-0.07379521429538727,0.7329682111740112,0.7438977956771851,-0.06657714396715164,0.7733607888221741,0.6861876249313354,-0.02949502132833004,0.7845872640609741,0.6665855050086975,-0.0712740421295166,0.7757344245910645,0.7358189225196838,-0.05866067111492157,0.7660976648330688,0.7562960386276245,-0.03916224464774132,0.8076896071434021,0.7064708471298218,-0.03558497875928879,0.8190688490867615,0.6835901737213135,-0.05902067944407463,0.8076871037483215,0.7357994318008423,-0.04643423110246658,0.7974051237106323,0.7548552751541138,-0.03052443452179432
L,0.7530505657196045,0.8229306936264038,6.419180920147483e-08,0.6951221227645874,0.797523021697998,-0.03328996151685715,0.6436694264411926,0.7467792630195618,-0.05711719021201134,0.5969578623771667,0.706647515296936,-0.0803316980600357,0.556391179561615,0.6800558567047119,-0.10225530713796616,0.6845822930335999,0.6264245510101318,-0.0277725700289011,0.6859986782073975,0.5416334867477417,-0.054350659251213074,0.6908549070358276,0.491509348154068,-0.06679010391235352,0.6968600153923035,0.4469473361968994,-0.0742088332772255,0.7236035466194153,0.6316360831260681,-0.02663823589682579,0.7314168810844421,0.6034696102142334,-0.06651249527931213,0.7279019951820374,0.6806582808494568,-0.06772132217884064,0.7210978865623474,0.6990448832511902,-0.05814164876937866,0.7621560096740723,0.643906831741333,-0.030564047396183014,0.7702646255493164,0.624455988407135,-0.07087810337543488,0.7632009983062744,0.6940752863883972,-0.05612809211015701,0.7537015080451965,0.7075315117835999,-0.035626448690891266,0.7965414524078369,0.6608684062957764,-0.037307776510715485,0.8042609691619873,0.6392549872398376,-0.060119304805994034,0.794459342956543,0.6932206153869629,-0.04643113538622856,0.7848259210586548,0.7093639373779297,-0.029865052551031113
L,0.7508909702301025,0.7911401987075806,1.1693210844043733e-08,0.6935818791389465,0.762888491153717,-0.03243947774171829,0.6427040696144104,0.7171646356582642,-0.055339474231004715,0.593318521976471,0.678813099861145,-0.0775546208024025,0.5532786250114441,0.6547681093215942,-0.09759539365768433,0.6777465343475342,0.5944923758506775,-0.02451111562550068,0.6778309941291809,0.5156648755073547,-0.05403948575258255,0.6800627708435059,0.4674227237701416,-0.06829111278057098,0.6848459839820862,0.4237125515937805,-0.07560651004314423,0.7154342532157898,0.600983202457428,-0.02216559648513794,0.720847487449646,0.5680940747261047,-0.0576724149286747,0.7180449962615967,0.6483723521232605,-0.05434848740696907,0.7123998999595642,0.6616037487983704,-0.04213252291083336,0.7534520626068115,0.6122041344642639,-0.02581831067800522,0.7590963840484619,0.5856090784072876,-0.06439221650362015,0.7516796588897705,0.6572844386100769,-0.047910068184137344,0.742902934551239,0.6685387492179871,-0.026178564876317978,0.786354124546051,0.6272978782653809,-0.03225242719054222,0.7927191853523254,0.5980409383773804,-0.053313594311475754,0.782055139541626,0.6522943377494812,-0.03799600526690483,0.7732349038124084,0.6707620620727539,-0.020302152261137962
L,0.7493997812271118,0.7646816968917847,-2.1821362494733876e-08,0.6926199793815613,0.7356429100036621,-0.033792708069086075,0.6429741978645325,0.6937885284423828,-0.05500653386116028,0.5920067429542542,0.6575227975845337,-0.07478205859661102,0.552037239074707,0.6328173279762268,-0.09138664603233337,0.6734555959701538,0.5694395303726196,-0.02313881181180477,0.6718661785125732,0.4931851029396057,-0.05421242490410805,0.6729341745376587,0.4466404914855957,-0.0695103257894516,0.6777364611625671,0.40274542570114136,-0.07641857862472534,0.7100381255149841,0.5760653018951416,-0.019029710441827774,0.7140520215034485,0.5411084890365601,-0.05020138621330261,0.7103434205055237,0.6194592118263245,-0.04443083330988884,0.7050103545188904,0.628817081451416,-0.03148237243294716,0.7468816041946411,0.5863639116287231,-0.021862979978322983,0.7508692145347595,0.5554361343383789,-0.058312319219112396,0.7429789900779724,0.6273607611656189,-0.042138416320085526,0.7351481914520264,0.6369943022727966,-0.02086193859577179,0.7787595391273499,0.6011702418327332,-0.027712935581803322,0.7841256856918335,0.567985475063324,-0.04663773253560066,0.772563099861145,0.6193038821220398,-0.03099500760436058,0.7643795609474182,0.6398422122001648,-0.013282314874231815
L,0.7468786239624023,0.7404389381408691,-2.9065565954056183e-08,0.6908572912216187,0.7122958898544312,-0.03467395901679993,0.6423118114471436,0.6748369932174683,-0.0550006739795208,0.5910635590553284,0.6403544545173645,-0.07333241403102875,0.5516665577888489,0.6156846284866333,-0.08824944496154785,0.6698960661888123,0.5499235987663269,-0.022157244384288788,0.6685256361961365,0.4756736755371094,-0.05221403390169144,0.6691473126411438,0.4304742217063904,-0.0676400437951088,0.6734886169433594,0.3876889944076538,-0.07459334284067154,0.7060345411300659,0.5576490759849548,-0.017307210713624954,0.7088485360145569,0.5188870429992676,-0.04716107249259949,0.7055889368057251,0.5961928963661194,-0.04212956503033638,0.701099157333374,0.6081350445747375,-0.02987924963235855,0.7417274713516235,0.5673190355300903,-0.019575241953134537,0.7449638247489929,0.532856285572052,-0.055236902087926865,0.7372820973396301,0.6051362752914429,-0.040684476494789124,0.7295219302177429,0.616199254989624,-0.020514393225312233,0.7727763056755066,0.5807397365570068,-0.02492612786591053,0.7781984210014343,0.5458647012710571,-0.04299745336174965,0.767194390296936,0.5956135392189026,-0.02811804972589016,0.7594768404960632,0.6169201135635376,-0.011199044063687325
L,0.7456366419792175,0.7226661443710327,-3.887507560307313e-08,0.6878013014793396,0.6930835843086243,-0.03067147172987461,0.6399087309837341,0.6577897071838379,-0.04844936728477478,0.5885131359100342,0.6257905960083008,-0.06489387899637222,0.550652265548706,0.6016086339950562,-0.0783989354968071,0.6669657230377197,0.5364721417427063,-0.016972316429018974,0.6652054786682129,0.46239280700683594,-0.04419618472456932,0.6647967100143433,0.41731685400009155,-0.05978234484791756,0.6676547527313232,0.37558066844940186,-0.06774000823497772,0.7027779221534729,0.5428513884544373,-0.01349859219044447,0.7039974927902222,0.5029838681221008,-0.04207320511341095,0.7022401094436646,0.5774461030960083,-0.039690662175416946,0.6990376114845276,0.5952203869819641,-0.029919300228357315,0.7383785843849182,0.5518044829368591,-0.016436632722616196,0.7401658892631531,0.5166285634040833,-0.04899676889181137,0.7337361574172974,0.5868086814880371,-0.035931557416915894,0.726608395576477,0.601743757724762,-0.017657963559031487,0.7687792181968689,0.5649243593215942,-0.022224994376301765,0.7734717726707458,0.5286648273468018,-0.038284800946712494,0.7627562284469604,0.5764970183372498,-0.02411053143441677,0.7556016445159912,0.5979822278022766,-0.008316799066960812
L,0.7424349188804626,0.7093691825866699,-4.9071459784499893e-08,0.6844190955162048,0.6792919635772705,-0.029531385749578476,0.638031542301178,0.6462827920913696,-0.04675734043121338,0.5866724848747253,0.6150570511817932,-0.06286919116973877,0.5497044324874878,0.5916938781738281,-0.07622821629047394,0.664935827255249,0.5268623232841492,-0.015501763671636581,0.664078414440155,0.4536520540714264,-0.04258422553539276,0.6637795567512512,0.40905994176864624,-0.058973997831344604,0.6671766638755798,0.3680834472179413,-0.0676899328827858,0.6999230980873108,0.532604455947876,-0.011994834989309311,0.7010753154754639,0.4925689399242401,-0.04047132283449173,0.7002384662628174,0.5651215314865112,-0.03922261297702789,0.6976714730262756,0.5847063660621643,-0.030572568997740746,0.7351013422012329,0.5411877036094666,-0.014675852842628956,0.7373375296592712,0.5046700835227966,-0.04626662656664848,0.7314856648445129,0.5733844637870789,-0.03382061794400215,0.7241950035095215,0.5903922319412231,-0.01631345972418785,0.7648367881774902,0.5546716451644897,-0.020136835053563118,0.7701832056045532,0.517263650894165,-0.03567415475845337,0.7595596313476562,0.5640954375267029,-0.02211560495197773,0.7521825432777405,0.5858574509620667,-0.006976076401770115
L,0.7428889274597168,0.7008150815963745,-4.7846114625826885e-08,0.683019757270813,0.668477475643158,-0.027505716308951378,0.6367422938346863,0.6370211839675903,-0.0427810400724411,0.5860686898231506,0.6066192388534546,-0.057392556220293045,0.5494945049285889,0.5845860838890076,-0.06955419480800629,0.6646215319633484,0.5204936265945435,-0.009621579200029373,0.6633709073066711,0.4483342170715332,-0.034429099410772324,0.6631477475166321,0.40385347604751587,-0.05061809718608856,0.6667289137840271,0.36370325088500977,-0.05964970216155052,0.6986393928527832,0.5252615213394165,-0.006462612189352512,0.6995318531990051,0.4848123788833618,-0.033658575266599655,0.6988772749900818,0.5551292896270752,-0.03383832424879074,0.696463406085968,0.5773327946662903,-0.02625899575650692,0.7332215309143066,0.5335071682929993,-0.009346283040940762,0.7350941300392151,0.49651169776916504,-0.039136853069067,0.7299419045448303,0.5638791918754578,-0.02784326672554016,0.7227236032485962,0.582867443561554,-0.01140294037759304,0.7626652121543884,0.5476393103599548,-0.014918012544512749,0.7680730819702148,0.509914755821228,-0.029630279168486595,0.7573697566986084,0.5559154748916626,-0.016767987981438637,0.7499487400054932,0.5777294039726257,-0.0022742864675819874
L,0.7412492036819458,0.6959503889083862,-5.633177480035556e-08,0.6835126876831055,0.6647738218307495,-0.02874503657221794,0.6375020742416382,0.6325964331626892,-0.04489494860172272,0.5867074131965637,0.6018795371055603,-0.05998858064413071,0.5507631897926331,0.5795654654502869,-0.07251591980457306,0.663691520690918,0.516996443271637,-0.012875703163444996,0.6626584529876709,0.4459436237812042,-0.03917667642235756,0.6623080968856812,0.40227359533309937,-0.05593246966600418,0.665895402431488,0.3621390461921692,-0.06511601060628891,0.6978623867034912,0.5218504667282104,-0.009210299700498581,0.6990329623222351,0.482086718082428,-0.036845993250608444,0.6986544132232666,0.5521559119224548,-0.03655824065208435,0.6954748034477234,0.5722362399101257,-0.028828393667936325,0.7320022583007812,0.5295962691307068,-0.01167264860123396,0.7343512773513794,0.49380454421043396,-0.04200451821088791,0.729224681854248,0.5602878332138062,-0.030685817822813988,0.7213260531425476,0.5785079002380371,-0.014287997968494892,0.7607813477516174,0.5428255200386047,-0.0169150959700346,0.7667062282562256,0.5071222186088562,-0.03193267807364464,0.7561414837837219,0.5520402193069458,-0.019371386617422104,0.7482895851135254,0.5738368630409241,-0.005131246522068977
L,0.7427302002906799,0.6930476427078247,-6.772467742166555e-08,0.6842077374458313,0.6615006327629089,-0.027623401954770088,0.6388028860092163,0.629880964756012,-0.04249481111764908,0.5892294645309448,0.5988584756851196,-0.056470274925231934,0.553246021270752,0.5775705575942993,-0.06800738722085953,0.6640595197677612,0.5162685513496399,-0.009889146313071251,0.6624722480773926,0.4462405741214752,-0.03533856198191643,0.6623378992080688,0.40347805619239807,-0.05225028470158577,0.6659242510795593,0.36358797550201416,-0.061723463237285614,0.6981238126754761,0.5201200842857361,-0.006730471737682819,0.7000828385353088,0.4798318147659302,-0.03421244025230408,0.699884831905365,0.5492267608642578,-0.034829024225473404,0.6969653367996216,0.5718063116073608,-0.027637703344225883,0.7319133877754211,0.5275310277938843,-0.009672506712377071,0.734463095664978,0.4906553328037262,-0.03991197794675827,0.7298344373703003,0.5571177005767822,-0.029087120667099953,0.722383439540863,0.5768147706985474,-0.012919891625642776,0.7609115242958069,0.5407770276069641,-0.015279888175427914,0.7665836811065674,0.5039913058280945,-0.030001157894730568,0.7565606832504272,0.5488281846046448,-0.017289912328124046,0.7493067383766174,0.5705185532569885,-0.003001532284542918
L,0.7442324161529541,0.6925153136253357,-8.381665139722827e-08,0.6867769956588745,0.6617270708084106,-0.027423202991485596,0.6411669254302979,0.6295904517173767,-0.04192134737968445,0.591984212398529,0.5986696481704712,-0.055483389645814896,0.5562978386878967,0.577351450920105,-0.06660458445549011,0.6661504507064819,0.5164433717727661,-0.010256030596792698,0.6647109985351562,0.4472610056400299,-0.03596572205424309,0.6644407510757446,0.40511849522590637,-0.05274702608585358,0.6677003502845764,0.3656335473060608,-0.06195800006389618,0.7003180980682373,0.5206039547920227,-0.007353687658905983,0.7026102542877197,0.48093780875205994,-0.03422994911670685,0.7017731070518494,0.549708366394043,-0.03398772329092026,0.6977624893188477,0.5707435607910156,-0.026231203228235245,0.7337448000907898,0.5280686616897583,-0.010687345638871193,0.7362160086631775,0.4924541115760803,-0.04079216346144676,0.7313312888145447,0.557835578918457,-0.03005356714129448,0.7232795357704163,0.5756744742393494,-0.013995736837387085,0.7627121806144714,0.5412368178367615,-0.016684234142303467,0.7679933309555054,0.5060426592826843,-0.03139727935194969,0.757911741733551,0.5499460101127625,-0.018819289281964302,0.7504511475563049,0.5713779926300049,-0.004649100825190544
L,0.7459895610809326,0.6925409436225891,-8.450281541172444e-08,0.6896986961364746,0.6629492044448853,-0.028648359701037407,0.6442132592201233,0.630329966545105,-0.04335060715675354,0.5957615375518799,0.5989511013031006,-0.05674626678228378,0.5600011944770813,0.5776414275169373,-0.06744763255119324,0.6681863069534302,0.5169652104377747,-0.011349199339747429,0.6669759750366211,0.4480229318141937,-0.03738214820623398,0.6669560670852661,0.40569669008255005,-0.05383205786347389,0.6697596907615662,0.3656271994113922,-0.06255126744508743,0.7028201818466187,0.5220144391059875,-0.008013656362891197,0.7049415707588196,0.4839351773262024,-0.03472193330526352,0.7042410969734192,0.5523585677146912,-0.03389422595500946,0.6994515657424927,0.5712866187095642,-0.025603964924812317,0.7361286878585815,0.5295031070709229,-0.011160895228385925,0.7383037209510803,0.4951948821544647,-0.04196849465370178,0.7336936593055725,0.5603412389755249,-0.031432025134563446,0.7251436710357666,0.5762527585029602,-0.015279561281204224,0.7652707695960999,0.5418379306793213,-0.01702319085597992,0.7702018022537231,0.5079806447029114,-0.03222347050905228,0.7608250975608826,0.551701545715332,-0.019752442836761475,0.7533582448959351,0.5728070139884949,-0.005478837061673403
L,0.7481993436813354,0.6962053775787354,-9.871542516748377e-08,0.6921392679214478,0.664609432220459,-0.02775460109114647,0.6465244889259338,0.6322430372238159,-0.04190807789564133,0.5979918241500854,0.6009958982467651,-0.05490832403302193,0.562454879283905,0.5796168446540833,-0.06515605747699738,0.6711965799331665,0.5192716717720032,-0.01050946768373251,0.6697536706924438,0.45087379217147827,-0.036985643208026886,0.6691330075263977,0.4086691737174988,-0.05341111496090889,0.6721150875091553,0.3686140775680542,-0.06190285459160805,0.7056356072425842,0.5234286189079285,-0.007142533082515001,0.7081539630889893,0.48536238074302673,-0.03369268774986267,0.7067242860794067,0.5544680953025818,-0.03182539343833923,0.7020571231842041,0.5735354423522949,-0.022723162546753883,0.7390125393867493,0.5312395095825195,-0.010317926295101643,0.7413015961647034,0.4968566596508026,-0.04084501788020134,0.7361614108085632,0.5619797706604004,-0.029635682702064514,0.7279072999954224,0.57743901014328,-0.012980559840798378,0.768383264541626,0.5445796251296997,-0.016122525557875633,0.7729631066322327,0.5102020502090454,-0.03081223927438259,0.7628498673439026,0.5537558794021606,-0.0180169939994812,0.7555518746376038,0.5740006566047668,-0.003589979372918606
L,0.7512389421463013,0.6966561079025269,-1.0744707168441892e-07,0.6946312785148621,0.6650189161300659,-0.027965392917394638,0.6496893167495728,0.6327438950538635,-0.041367556899785995,0.6013528108596802,0.6010735034942627,-0.053223688155412674,0.5661198496818542,0.5797322988510132,-0.062194883823394775,0.6740362048149109,0.5205857753753662,-0.010082646273076534,0.6727426052093506,0.45205259323120117,-0.03597802296280861,0.6719462871551514,0.40959426760673523,-0.05248891934752464,0.6745340824127197,0.36936306953430176,-0.06110908091068268,0.7085428833961487,0.5252339243888855,-0.006319081876426935,0.7107871174812317,0.4869652986526489,-0.031432539224624634,0.7094890475273132,0.55519700050354,-0.02966328337788582,0.7049548029899597,0.5745471119880676,-0.021053336560726166,0.7417000532150269,0.532974123954773,-0.0091253612190485,0.7439570426940918,0.49788200855255127,-0.038888294249773026,0.7390384674072266,0.5630720257759094,-0.02821348048746586,0.7307016849517822,0.5787973403930664,-0.012122517451643944,0.7710533738136292,0.5462918281555176,-0.014577750116586685,0.7757036685943604,0.511681854724884,-0.02903725951910019,0.7659346461296082,0.5549163222312927,-0.016421673819422722,0.7584580183029175,0.5757609605789185,-0.0021854271180927753
L,0.7534620761871338,0.7001343965530396,-1.0336278677414157e-07,0.6990719437599182,0.6697413325309753,-0.02911013551056385,0.6534497737884521,0.6355577111244202,-0.04381052032113075,0.6045964956283569,0.603935718536377,-0.0568503737449646,0.5687517523765564,0.5821591019630432,-0.06684298813343048,0.6767190098762512,0.5217652320861816,-0.013215629383921623,0.6756941676139832,0.452863872051239,-0.04032183438539505,0.6748448610305786,0.41047778725624084,-0.05679651349782944,0.6772418022155762,0.36975619196891785,-0.06523632258176804,0.7113728523254395,0.5264464020729065,-0.009346991777420044,0.7147659063339233,0.4889286458492279,-0.03573351353406906,0.7134739756584167,0.5578272342681885,-0.03347599133849144,0.7076924443244934,0.5754880309104919,-0.024308934807777405,0.7446900010108948,0.5342475771903992,-0.012099156156182289,0.7476069331169128,0.5005338191986084,-0.042916443198919296,0.7426488399505615,0.5656272768974304,-0.03185923025012016,0.7334831357002258,0.5801710486412048,-0.015439453534781933,0.7739784717559814,0.547081470489502,-0.017558954656124115,0.7791554927825928,0.5134180784225464,-0.03277492895722389,0.7693722248077393,0.5569795966148376,-0.020304031670093536,0.7612659335136414,0.5776097774505615,-0.006104910280555487
L,0.7549306154251099,0.6996570229530334,-8.378203375514204e-08,0.7008185982704163,0.6689510345458984,-0.03098062425851822,0.6565324664115906,0.6358352899551392,-0.046968311071395874,0.6073399782180786,0.6047326922416687,-0.06098516285419464,0.5711170434951782,0.58262699842453,-0.07195009291172028,0.6790190935134888,0.5223541259765625,-0.01567780040204525,0.6775367856025696,0.4531148374080658,-0.043576810508966446,0.6764093637466431,0.4093879759311676,-0.060618724673986435,0.6788445711135864,0.3688400983810425,-0.06926195323467255,0.7136295437812805,0.5275846719741821,-0.011248236522078514,0.7172995209693909,0.48928093910217285,-0.03839582949876785,0.7156442403793335,0.5582438707351685,-0.03637339919805527,0.709745466709137,0.5774073600769043,-0.0270717553794384,0.7471199035644531,0.5351600646972656,-0.01357214618474245,0.7504541873931885,0.5013196468353271,-0.044893212616443634,0.7450631260871887,0.5664560794830322,-0.03398078307509422,0.7351998090744019,0.5818250179290771,-0.0173715241253376,0.7757728099822998,0.547870934009552,-0.018815891817212105,0.7816994786262512,0.5147918462753296,-0.03430027514696121,0.7716960906982422,0.5577210783958435,-0.02193751186132431,0.7630631923675537,0.5787959694862366,-0.0076387664303183556
L,0.7567912340164185,0.7012537717819214,-6.885520775767873e-08,0.702888011932373,0.670550525188446,-0.030541446059942245,0.6577309966087341,0.6370841264724731,-0.04692129045724869,0.6082847118377686,0.6062628626823425,-0.06168236956000328,0.5718308687210083,0.5842097997665405,-0.07346320152282715,0.6802646517753601,0.5230885744094849,-0.015443542040884495,0.6782492399215698,0.45359566807746887,-0.04335204139351845,0.6774345636367798,0.4098781943321228,-0.06020980700850487,0.6803450584411621,0.3691493272781372,-0.0689200684428215,0.7146822810173035,0.5275837182998657,-0.011144517920911312,0.718850314617157,0.4898826479911804,-0.039473406970500946,0.7178283929824829,0.5592280626296997,-0.03780178353190422,0.7121069431304932,0.5780466198921204,-0.028576413169503212,0.7486436367034912,0.535468578338623,-0.013410084880888462,0.7525343298912048,0.5026178956031799,-0.04499683901667595,0.7473184466362,0.5672539472579956,-0.03367634490132332,0.7376605868339539,0.5827246308326721,-0.016808727756142616,0.7774142622947693,0.5485401749610901,-0.01857679709792137,0.7841103076934814,0.515576958656311,-0.034300174564123154,0.7738358974456787,0.558800220489502,-0.022081634029746056,0.7651816606521606,0.5791529417037964,-0.007889593951404095
L,0.7574662566184998,0.7011265754699707,-7.579520655554006e-08,0.7039827704429626,0.6707617044448853,-0.03014433942735195,0.6590689420700073,0.6371456384658813,-0.046428222209215164,0.6095619201660156,0.6068085432052612,-0.06112873554229736,0.5732784867286682,0.5846080780029297,-0.07279106229543686,0.6813581585884094,0.5229291915893555,-0.015772728249430656,0.6798887252807617,0.4529537856578827,-0.04371827840805054,0.6788957118988037,0.4096166491508484,-0.0604579895734787,0.6817734241485596,0.3690035343170166,-0.06909717619419098,0.7159757614135742,0.5278022885322571,-0.011786281131207943,0.7201087474822998,0.4897858500480652,-0.039859555661678314,0.7187988758087158,0.5593918561935425,-0.037825457751750946,0.7133983969688416,0.5780832171440125,-0.028529886156320572,0.7498722672462463,0.5359440445899963,-0.014370991848409176,0.7539650201797485,0.5029457211494446,-0.045856211334466934,0.7482747435569763,0.5677034258842468,-0.03435114771127701,0.7386369705200195,0.5829412937164307,-0.01751720905303955,0.778590738773346,0.5489367842674255,-0.019821692258119583,0.785213053226471,0.5157720446586609,-0.03544917330145836,0.7747617363929749,0.5589744448661804,-0.023138588294386864,0.7660197019577026,0.5796326398849487,-0.008997684344649315
L,0.7586557269096375,0.7005255222320557,-6.958094900255674e-08,0.7051619291305542,0.6703142523765564,-0.03123309649527073,0.659977376461029,0.6374830007553101,-0.048081666231155396,0.610116183757782,0.606630802154541,-0.06311976909637451,0.5732976198196411,0.5847040414810181,-0.07509452849626541,0.6819596290588379,0.5233591794967651,-0.01692647486925125,0.6802903413772583,0.45308876037597656,-0.04490067809820175,0.6791867613792419,0.409707635641098,-0.06159853935241699,0.6819341778755188,0.3692707419395447,-0.0701507180929184,0.7163339853286743,0.5281652212142944,-0.01231854222714901,0.7204179763793945,0.49035462737083435,-0.04019511863589287,0.7190387845039368,0.5596659779548645,-0.038137827068567276,0.7133363485336304,0.5781856775283813,-0.028871625661849976,0.7500602006912231,0.535757839679718,-0.014315219596028328,0.7540082335472107,0.5023248195648193,-0.04587739333510399,0.7485672235488892,0.5675167441368103,-0.03450635448098183,0.7388520836830139,0.5836511850357056,-0.017671484500169754,0.7785003185272217,0.5481695532798767,-0.019257865846157074,0.7852877378463745,0.5149937272071838,-0.035111747682094574,0.7751033902168274,0.5581954121589661,-0.02294340543448925,0.7664104104042053,0.5795555710792542,-0.008783885277807713
L,0.7594113349914551,0.7000591158866882,-7.35882750291239e-08,0.7051559090614319,0.6694835424423218,-0.030163364484906197,0.6602820158004761,0.6372412443161011,-0.046520866453647614,0.6106052994728088,0.6068013310432434,-0.06130565330386162,0.5741974115371704,0.5848724246025085,-0.07309538871049881,0.6820828318595886,0.523503303527832,-0.015498066321015358,0.6803225874900818,0.4536341726779938,-0.04367133229970932,0.6789674162864685,0.4103251099586487,-0.060970235615968704,0.6815471053123474,0.3697998523712158,-0.06997016817331314,0.7165330648422241,0.5280328392982483,-0.011287547647953033,0.7201796174049377,0.49012699723243713,-0.03950168937444687,0.7191571593284607,0.5594589710235596,-0.03805925324559212,0.7138857245445251,0.578970193862915,-0.029171744361519814,0.7503671050071716,0.5355482697486877,-0.01359858363866806,0.7538628578186035,0.5020350217819214,-0.045194339007139206,0.7486662268638611,0.567193329334259,-0.033990029245615005,0.7393732666969299,0.5839473605155945,-0.017202775925397873,0.7788919806480408,0.5480553507804871,-0.018762852996587753,0.7853636145591736,0.5147714614868164,-0.034480441361665726,0.775211751461029,0.5580155253410339,-0.022248169407248497,0.7667853832244873,0.5793118476867676,-0.008037406019866467
L,0.7598693370819092,0.6988688111305237,-6.94765489583915e-08,0.7059175968170166,0.6693465113639832,-0.03147508576512337,0.6605650782585144,0.6367920637130737,-0.04823579639196396,0.6109529137611389,0.6064017415046692,-0.06312687695026398,0.5741851925849915,0.5841462016105652,-0.0748663991689682,0.6821326017379761,0.5225353240966797,-0.016937371343374252,0.680425226688385,0.4524942934513092,-0.04539002105593681,0.6789039373397827,0.4092060327529907,-0.0623449869453907,0.6809638142585754,0.3684890568256378,-0.07089301943778992,0.7166736125946045,0.5275263786315918,-0.012382137589156628,0.7202461361885071,0.489791601896286,-0.04033350944519043,0.7193719744682312,0.5595623254776001,-0.038359135389328,0.7137083411216736,0.5771010518074036,-0.029051583260297775,0.750365674495697,0.5343706607818604,-0.014546099118888378,0.7539187669754028,0.5009781718254089,-0.04661107808351517,0.7489995956420898,0.5669211745262146,-0.03541604056954384,0.7394219636917114,0.5825385451316833,-0.018490666523575783,0.7788430452346802,0.5459604859352112,-0.019664006307721138,0.7853507399559021,0.5127893090248108,-0.03571941703557968,0.7758682370185852,0.5564959645271301,-0.02339591085910797,0.7675983905792236,0.5780376195907593,-0.00897261779755354
L,0.7610286474227905,0.696866512298584,-7.304586091549936e-08,0.7072131037712097,0.6674845814704895,-0.03200558200478554,0.6620165705680847,0.6352272629737854,-0.04874683544039726,0.61245197057724,0.6041023135185242,-0.06343365460634232,0.5755778551101685,0.5817383527755737,-0.07486522197723389,0.6826770305633545,0.521919846534729,-0.016779500991106033,0.6806104183197021,0.4522235095500946,-0.04533267766237259,0.6788579225540161,0.4088727533817291,-0.06235458329319954,0.6806178092956543,0.3682214021682739,-0.07080458104610443,0.7173673510551453,0.5270851254463196,-0.012061995454132557,0.7201970815658569,0.4886123538017273,-0.03967723250389099,0.7197638750076294,0.5587599873542786,-0.037401195615530014,0.7145599126815796,0.5765186548233032,-0.02777121029794216,0.7508653402328491,0.5335128903388977,-0.01425101701170206,0.7537543177604675,0.49944695830345154,-0.04644244909286499,0.749377965927124,0.5655955672264099,-0.035335179418325424,0.740258514881134,0.5808537602424622,-0.018303759396076202,0.7795654535293579,0.5444719791412354,-0.01943766139447689,0.7854198813438416,0.5113289952278137,-0.03526289016008377,0.7765070796012878,0.5548085570335388,-0.02272459864616394,0.7688648104667664,0.5761440396308899,-0.008140168152749538
L,0.7633310556411743,0.6954399943351746,-6.99400715120646e-08,0.7086751461029053,0.6653946042060852,-0.030797617509961128,0.6629485487937927,0.6328783631324768,-0.04693254828453064,0.6134129762649536,0.6022882461547852,-0.06134161725640297,0.5769065022468567,0.5803623795509338,-0.07272526621818542,0.683530330657959,0.5208003520965576,-0.014537150040268898,0.6809719800949097,0.4516059160232544,-0.04174535349011421,0.6790630221366882,0.4084196388721466,-0.058406610041856766,0.6806312203407288,0.36815959215164185,-0.06704001873731613,0.717872679233551,0.5255105495452881,-0.010302683338522911,0.7201254367828369,0.48726269602775574,-0.03736378252506256,0.7205492854118347,0.5564975142478943,-0.03600206598639488,0.715753972530365,0.5747081637382507,-0.027274547144770622,0.7516127228736877,0.5315331816673279,-0.012743795290589333,0.7539594173431396,0.4972066879272461,-0.043812911957502365,0.7504691481590271,0.5627254247665405,-0.03297778218984604,0.7419577240943909,0.5793440937995911,-0.016511643305420876,0.7805485129356384,0.5426227450370789,-0.018144505098462105,0.785830020904541,0.5082306861877441,-0.03362307325005531,0.7773662805557251,0.5517200231552124,-0.021416116505861282,0.7703149914741516,0.5736759305000305,-0.007216474507004023
L,0.765388011932373,0.6916826963424683,-5.64490107990423e-08,0.7093054056167603,0.6623228192329407,-0.030555956065654755,0.6635445952415466,0.6306266784667969,-0.04681660607457161,0.6140407919883728,0.6001594066619873,-0.06151626631617546,0.5776951909065247,0.5777950286865234,-0.07337262481451035,0.6843366026878357,0.5177866220474243,-0.013932873494923115,0.6811512112617493,0.44879066944122314,-0.04055918753147125,0.6793172955513,0.40594565868377686,-0.05740251764655113,0.6810833811759949,0.36540329456329346,-0.06643761694431305,0.7190513610839844,0.5219435095787048,-0.009938717819750309,0.7214874029159546,0.4830986261367798,-0.037813007831573486,0.7219446301460266,0.5523644685745239,-0.03774348273873329,0.7177244424819946,0.5728142857551575,-0.029800191521644592,0.7530968189239502,0.528283953666687,-0.012390542775392532,0.755513608455658,0.4937134385108948,-0.04387529194355011,0.7518021464347839,0.559619128704071,-0.033510200679302216,0.7436777949333191,0.5776747465133667,-0.017242036759853363,0.7820428609848022,0.5397531986236572,-0.017708078026771545,0.7873894572257996,0.504792332649231,-0.03340873122215271,0.7787126302719116,0.5488276481628418,-0.02123076282441616,0.7717841267585754,0.5708262920379639,-0.006999506149441004
L,0.768622636795044,0.6889845132827759,-6.598823176773294e-08,0.711802065372467,0.6592457294464111,-0.029829781502485275,0.6658963561058044,0.6284950971603394,-0.04523841664195061,0.6164113879203796,0.5984343886375427,-0.0591723695397377,0.5804321765899658,0.5760073065757751,-0.07033437490463257,0.6863952279090881,0.5165361762046814,-0.012245352379977703,0.6826146841049194,0.4469452500343323,-0.03828437253832817,0.6807245016098022,0.4033612608909607,-0.05494865030050278,0.6822556853294373,0.36370182037353516,-0.06380117684602737,0.7206187844276428,0.5195318460464478,-0.008263921365141869,0.7230100631713867,0.4805799424648285,-0.0352017879486084,0.7241336107254028,0.5492900609970093,-0.03482098877429962,0.7197816967964172,0.5711560845375061,-0.026682812720537186,0.7546302080154419,0.5251827239990234,-0.010741299018263817,0.7568730115890503,0.4897571802139282,-0.041366297751665115,0.7540881037712097,0.5552100539207458,-0.031027162447571754,0.7455434203147888,0.5739779472351074,-0.01486753299832344,0.7838068604469299,0.5369471311569214,-0.016044005751609802,0.7889344096183777,0.5013461709022522,-0.031210117042064667,0.7807263135910034,0.5450164079666138,-0.01891879364848137,0.7735822200775146,0.5669890642166138,-0.0046606468968093395
L,0.7714912295341492,0.6843442916870117,-7.773235211061547e-08,0.7159581780433655,0.6563344597816467,-0.031562481075525284,0.6695769429206848,0.6255640983581543,-0.047333650290966034,0.6199478507041931,0.5955303311347961,-0.06099766492843628,0.5837273597717285,0.5733307003974915,-0.07149865478277206,0.6887583136558533,0.5136261582374573,-0.014920538291335106,0.6849068403244019,0.44413822889328003,-0.04183811694383621,0.682952344417572,0.4013069272041321,-0.05827586352825165,0.684522807598114,0.36105266213417053,-0.06657804548740387,0.723301112651825,0.5173794031143188,-0.010294873267412186,0.7250398397445679,0.4790629744529724,-0.03661045804619789,0.7262399196624756,0.5480398535728455,-0.03504449874162674,0.7218595743179321,0.5668068528175354,-0.026256436482071877,0.7566906213760376,0.5218884944915771,-0.01249630842357874,0.7588042616844177,0.4875401556491852,-0.04344156011939049,0.7561764717102051,0.5534417629241943,-0.03315861150622368,0.7476783990859985,0.56993567943573,-0.01703881286084652,0.7859018445014954,0.5315112471580505,-0.01767893321812153,0.7904824614524841,0.4972333610057831,-0.0328291580080986,0.7829302549362183,0.5408199429512024,-0.020541567355394363,0.775916337966919,0.5634599328041077,-0.006291616708040237
L,0.776727020740509,0.6794960498809814,-8.813515961492158e-08,0.7194070816040039,0.6512309312820435,-0.028835071250796318,0.6727957129478455,0.6210854053497314,-0.04320108890533447,0.6236531734466553,0.5914598703384399,-0.05599595606327057,0.5877713561058044,0.5699809193611145,-0.06611847132444382,0.6922323703765869,0.5116199851036072,-0.01216650940477848,0.6877239942550659,0.4422888457775116,-0.03798548877239227,0.6855966448783875,0.3994526267051697,-0.05478071793913841,0.6865593791007996,0.3592945337295532,-0.06378362327814102,0.7264026403427124,0.5136559009552002,-0.008558412082493305,0.7284995317459106,0.4756755232810974,-0.034550562500953674,0.7304129600524902,0.5431063771247864,-0.03430658578872681,0.726302444934845,0.5646905303001404,-0.026706933975219727,0.7599537372589111,0.5180395841598511,-0.011304053477942944,0.7616618275642395,0.4839617609977722,-0.04149049520492554,0.7600809335708618,0.5488213896751404,-0.031850866973400116,0.7521234154701233,0.5673545598983765,-0.01642422191798687,0.7895658016204834,0.5283823609352112,-0.01670818217098713,0.7933638095855713,0.4931730329990387,-0.03146107494831085,0.7864131927490234,0.5363296270370483,-0.019159168004989624,0.7799748778343201,0.5588885545730591,-0.005079210270196199
L,0.7823641300201416,0.6728350520133972,-9.363960629116264e-08,0.7243049740791321,0.6464702486991882,-0.027791300788521767,0.6779034733772278,0.6172765493392944,-0.04096750542521477,0.6298375129699707,0.588671863079071,-0.052564751356840134,0.5945264101028442,0.5673938393592834,-0.06143352761864662,0.6964541077613831,0.5068864226341248,-0.010655644349753857,0.6912943124771118,0.4374697804450989,-0.03532695770263672,0.6895129084587097,0.3954477906227112,-0.051414430141448975,0.6903209686279297,0.3555307686328888,-0.060048334300518036,0.7306237816810608,0.509184718132019,-0.007226362358778715,0.7323454022407532,0.4714411795139313,-0.03248683735728264,0.7354380488395691,0.5382146835327148,-0.03236117213964462,0.732043445110321,0.5597220063209534,-0.025012290105223656,0.7640406489372253,0.5137587785720825,-0.01000736840069294,0.7655476927757263,0.479647159576416,-0.03990468010306358,0.7648717164993286,0.5445924401283264,-0.030576882883906364,0.7571874856948853,0.5623732209205627,-0.015474621206521988,0.7942947149276733,0.5235397815704346,-0.015263078734278679,0.7972701191902161,0.48830968141555786,-0.029906772077083588,0.7913232445716858,0.5320744514465332,-0.01756678707897663,0.785088062286377,0.5539835095405579,-0.0035123031120747328
L,0.7887966632843018,0.6691805720329285,-9.456958594000753e-08,0.7313424348831177,0.6428573131561279,-0.028825975954532623,0.6846834421157837,0.613913357257843,-0.042340461164712906,0.6363974809646606,0.5853577852249146,-0.05416177585721016,0.6008039712905884,0.5635583996772766,-0.06296636909246445,0.7020061016082764,0.5030484795570374,-0.01122170127928257,0.6964794397354126,0.4343257546424866,-0.036541860550642014,0.6945480108261108,0.39260536432266235,-0.05228213220834732,0.6953567862510681,0.35280779004096985,-0.060346610844135284,0.7365779876708984,0.5051186680793762,-0.007411481346935034,0.7393559813499451,0.4678576588630676,-0.03284219279885292,0.7421213984489441,0.5349608063697815,-0.0316123366355896,0.7374920845031738,0.5542663335800171,-0.0232328400015831,0.7701461911201477,0.5094097256660461,-0.010135235264897346,0.772564709186554,0.4763646721839905,-0.04061489552259445,0.7714871168136597,0.5406501889228821,-0.03083963319659233,0.7629750967025757,0.5566346645355225,-0.015183410607278347,0.8001601696014404,0.5188361406326294,-0.015438691712915897,0.8037536144256592,0.484587699174881,-0.03039267100393772,0.7977741956710815,0.5274422764778137,-0.018029285594820976,0.7915472984313965,0.5483670830726624,-0.0037433269899338484
L,0.795328676700592,0.6637673377990723,-7.94681227489491e-08,0.7388110756874084,0.6391849517822266,-0.026784157380461693,0.690710186958313,0.6090301275253296,-0.04080285131931305,0.6428918838500977,0.5806194543838501,-0.05415278673171997,0.607258141040802,0.5601645112037659,-0.06521394848823547,0.7087219953536987,0.4994414150714874,-0.01038921345025301,0.702477753162384,0.43067577481269836,-0.0342930369079113,0.7013435363769531,0.38947537541389465,-0.04857195168733597,0.7023061513900757,0.3498687744140625,-0.05623814836144447,0.743071436882019,0.49988916516304016,-0.007951812818646431,0.7468081116676331,0.463653564453125,-0.034713324159383774,0.7507117390632629,0.5292541980743408,-0.0341666080057621,0.746161162853241,0.5481302738189697,-0.026170454919338226,0.776994526386261,0.5040286779403687,-0.011472792364656925,0.7804219126701355,0.47292593121528625,-0.042185958474874496,0.7798648476600647,0.5353896021842957,-0.03182685747742653,0.7718963027000427,0.5523995757102966,-0.016020532697439194,0.8068197965621948,0.5135765075683594,-0.017398742958903313,0.811333417892456,0.4802015721797943,-0.0333683155477047,0.8059163093566895,0.5235946178436279,-0.021472143009305,0.8000657558441162,0.5442621111869812,-0.007539692800492048
L,0.8039120435714722,0.6604524254798889,-5.7611366344190174e-08,0.7492542266845703,0.6367296576499939,-0.028735622763633728,0.6994324922561646,0.604604959487915,-0.04486393555998802,0.6513566970825195,0.5750773549079895,-0.06014707684516907,0.6150674819946289,0.5553346872329712,-0.07317051291465759,0.7163575887680054,0.4963025748729706,-0.014603869058191776,0.7103426456451416,0.42695197463035583,-0.03893408924341202,0.7091110944747925,0.3852205276489258,-0.05219978466629982,0.709595263004303,0.3459470868110657,-0.059193093329668045,0.7506301999092102,0.49526089429855347,-0.011859954334795475,0.7561435103416443,0.4583688974380493,-0.04049667716026306,0.7604937553405762,0.5247370600700378,-0.039370954036712646,0.7543880343437195,0.543067216873169,-0.03045542724430561,0.7845989465713501,0.4987959563732147,-0.01494942232966423,0.7902994751930237,0.4685254693031311,-0.04768427833914757,0.7897393107414246,0.5307255387306213,-0.03685656189918518,0.7802866697311401,0.5484546422958374,-0.02028835192322731,0.8140179514884949,0.5082806944847107,-0.02049250714480877,0.8205378651618958,0.4767884314060211,-0.03833558037877083,0.815333366394043,0.520441472530365,-0.026982147246599197,0.8078874349594116,0.5413774847984314,-0.013153101317584515
L,0.8115444183349609,0.6560017466545105,-5.4969554241779406e-08,0.7566080689430237,0.6320621371269226,-0.026748834177851677,0.7070437073707581,0.5988913774490356,-0.042062439024448395,0.6592541933059692,0.568983256816864,-0.05717490613460541,0.6230278015136719,0.5503443479537964,-0.07056809961795807,0.7250013947486877,0.4926338493824005,-0.012295802123844624,0.7182097434997559,0.4225388169288635,-0.035496119409799576,0.7169623374938965,0.3800968527793884,-0.048975519835948944,0.7171775698661804,0.3410581350326538,-0.05667297914624214,0.7589921951293945,0.49064722657203674,-0.010640434920787811,0.7652491927146912,0.4536307752132416,-0.04010650888085365,0.7696163058280945,0.5190023183822632,-0.041040096431970596,0.7635090351104736,0.540408730506897,-0.033588163554668427,0.7928896546363831,0.49417534470558167,-0.0143514359369874,0.7991728782653809,0.46383634209632874,-0.046991243958473206,0.7983860969543457,0.5253569483757019,-0.03688107430934906,0.7889873385429382,0.5457701683044434,-0.020930716767907143,0.8220536112785339,0.504281222820282,-0.02035411074757576,0.8293114304542542,0.47239774465560913,-0.03845592960715294,0.8237650394439697,0.5159305930137634,-0.027516227215528488,0.815971851348877,0.5375721454620361,-0.014020180329680443
L,0.8193681240081787,0.6540688872337341,-5.337210851052987e-08,0.7672553062438965,0.6318579912185669,-0.02840796299278736,0.7167627215385437,0.5965241193771362,-0.04503604397177696,0.6694254875183105,0.5657825469970703,-0.061164774000644684,0.6330901384353638,0.5464155673980713,-0.07537095993757248,0.7332211136817932,0.4892677962779999,-0.016291193664073944,0.7267414331436157,0.41819098591804504,-0.04010479152202606,0.7258108854293823,0.37550175189971924,-0.052861202508211136,0.7262305021286011,0.33637574315071106,-0.05999314785003662,0.7670206427574158,0.48734599351882935,-0.01428293902426958,0.774692714214325,0.45060187578201294,-0.0445990115404129,0.7788716554641724,0.5167083144187927,-0.0448450930416584,0.7714299559593201,0.5358176231384277,-0.036835361272096634,0.800899863243103,0.4905985891819,-0.017629629001021385,0.8085620999336243,0.46068647503852844,-0.05119811370968819,0.8075965046882629,0.5217483043670654,-0.04060667008161545,0.7977283000946045,0.5408645272254944,-0.02431153506040573,0.830600917339325,0.500313401222229,-0.023385992273688316,0.8383705615997314,0.46856388449668884,-0.042656317353248596,0.8331301808357239,0.5112230181694031,-0.032083019614219666,0.8251287937164307,0.5324222445487976,-0.01865280419588089
L,0.8267056941986084,0.6526360511779785,-6.161973686857891e-08,0.7736648917198181,0.6264215111732483,-0.02784748189151287,0.7257394790649414,0.5932485461235046,-0.04383236914873123,0.6778613328933716,0.5629289150238037,-0.05934927985072136,0.6418564915657043,0.5431605577468872,-0.07284614443778992,0.7421274185180664,0.48591145873069763,-0.014767928048968315,0.7355234026908875,0.41441282629966736,-0.04004603996872902,0.7347310185432434,0.3717781901359558,-0.05505823716521263,0.7362698912620544,0.3326253890991211,-0.06342444568872452,0.7761943340301514,0.48389121890068054,-0.012449377216398716,0.7848528027534485,0.44714054465293884,-0.042356740683317184,0.7880314588546753,0.5134326219558716,-0.042825136333703995,0.7809412479400635,0.5353108644485474,-0.035147882997989655,0.8102427124977112,0.4878401756286621,-0.015725281089544296,0.8179538249969482,0.4568535387516022,-0.04852965101599693,0.816024661064148,0.5183375477790833,-0.03808634728193283,0.8059415221214294,0.5395677089691162,-0.021895308047533035,0.8391914367675781,0.4994075894355774,-0.02147015929222107,0.8479396104812622,0.4667735695838928,-0.039557620882987976,0.8411105871200562,0.5088171362876892,-0.0284771416336298,0.8326192498207092,0.5310350060462952,-0.014775393530726433
L,0.8343770503997803,0.6533910036087036,-6.569634081188269e-08,0.7828925251960754,0.6258654594421387,-0.03119940124452114,0.7357620596885681,0.5931534767150879,-0.04808368906378746,0.6869653463363647,0.5620936155319214,-0.06348493695259094,0.6502140760421753,0.541598379611969,-0.07610274106264114,0.750059187412262,0.4836501181125641,-0.017671313136816025,0.7443718910217285,0.41125285625457764,-0.04494304582476616,0.7433511018753052,0.36821258068084717,-0.06060599535703659,0.7451446056365967,0.3290775418281555,-0.06860043108463287,0.7840588688850403,0.48319610953330994,-0.013534754514694214,0.7930185794830322,0.4453847408294678,-0.04271984472870827,0.7951561808586121,0.5132065415382385,-0.041232023388147354,0.7867727279663086,0.5334452390670776,-0.032033953815698624,0.8176823854446411,0.48743075132369995,-0.01574179343879223,0.8258864283561707,0.4553479254245758,-0.04904758930206299,0.8233672380447388,0.5181515216827393,-0.03845604136586189,0.8117541670799255,0.5377488732337952,-0.021748431026935577,0.8461664915084839,0.4987720847129822,-0.020723160356283188,0.8557802438735962,0.4659937620162964,-0.03867363557219505,0.8483529090881348,0.5074479579925537,-0.027476370334625244,0.8386291265487671,0.5303328633308411,-0.013508926145732403
L,0.8394007086753845,0.6542037725448608,-7.40365990736791e-08,0.7886999845504761,0.6248853206634521,-0.032147232443094254,0.7431438565254211,0.5920762419700623,-0.04914511367678642,0.6944900155067444,0.5604496002197266,-0.06433234363794327,0.6574012041091919,0.538925051689148,-0.07651502639055252,0.756731390953064,0.4820040166378021,-0.018931198865175247,0.7516676187515259,0.40872257947921753,-0.04694771766662598,0.7505472302436829,0.365755558013916,-0.06349357217550278,0.7528316974639893,0.3261524438858032,-0.07193730026483536,0.7910044193267822,0.48265451192855835,-0.014176204800605774,0.8001577854156494,0.4457109570503235,-0.04305648431181908,0.8010957837104797,0.5132736563682556,-0.04187076538801193,0.7928474545478821,0.5338650345802307,-0.03323620557785034,0.8245112299919128,0.48775893449783325,-0.015923377126455307,0.8321802020072937,0.455313116312027,-0.04903072491288185,0.8288108110427856,0.5181214809417725,-0.039106111973524094,0.8173012733459473,0.5381566882133484,-0.022986527532339096,0.8531736135482788,0.4994989037513733,-0.02053479477763176,0.8622691631317139,0.4651859402656555,-0.03831324353814125,0.8540213108062744,0.5056338906288147,-0.027328982949256897,0.8440513610839844,0.5299373269081116,-0.013545711524784565
L,0.8421289324760437,0.6522942185401917,-7.706855598144102e-08,0.7919104695320129,0.6242870688438416,-0.033245790749788284,0.7479451894760132,0.5925291180610657,-0.05009661614894867,0.6994478702545166,0.5607017874717712,-0.0646318718791008,0.6630893349647522,0.5379317998886108,-0.07609988003969193,0.7618071436882019,0.48254871368408203,-0.020453305914998055,0.7573719620704651,0.4081912040710449,-0.04894954338669777,0.7562258243560791,0.3642469048500061,-0.06659560650587082,0.7580536603927612,0.32416802644729614,-0.07586484402418137,0.7961426973342896,0.48383834958076477,-0.015045021660625935,0.8050839900970459,0.4464736580848694,-0.04421544075012207,0.8058069348335266,0.5137896537780762,-0.04413234069943428,0.7971985936164856,0.53609699010849,-0.03641150891780853,0.829416036605835,0.4884984493255615,-0.01609642431139946,0.8363248705863953,0.45516836643218994,-0.04925839230418205,0.833153486251831,0.5191201567649841,-0.03979876637458801,0.8212906718254089,0.5401765704154968,-0.02401828020811081,0.8574320077896118,0.4993095099925995,-0.020130958408117294,0.8665701150894165,0.46534496545791626,-0.03809991106390953,0.8588593602180481,0.5064484477043152,-0.02718588151037693,0.8490298390388489,0.531507134437561,-0.01339822169393301
L,0.8439416289329529,0.6526466608047485,-6.51526264050517e-08,0.7936709523200989,0.6244692206382751,-0.032643213868141174,0.7497705817222595,0.5928261280059814,-0.049486346542835236,0.7015199065208435,0.5618236660957336,-0.06421951204538345,0.6657230257987976,0.5382441282272339,-0.07588966190814972,0.7646214962005615,0.48194026947021484,-0.019775424152612686,0.7611976265907288,0.4079529047012329,-0.04876112565398216,0.7599527835845947,0.36391058564186096,-0.06720587611198425,0.7616623640060425,0.3230263590812683,-0.07711862027645111,0.7992810606956482,0.4838980436325073,-0.014777179807424545,0.8087750673294067,0.4468962252140045,-0.04531736671924591,0.8088796734809875,0.5142894983291626,-0.0464036762714386,0.8000851273536682,0.5371717214584351,-0.03925295174121857,0.8329709768295288,0.48921528458595276,-0.01611669920384884,0.8399571180343628,0.4560730457305908,-0.04962559789419174,0.8360661268234253,0.5202891826629639,-0.04027645289897919,0.8239142298698425,0.5413650274276733,-0.02448282018303871,0.8607725501060486,0.5004661679267883,-0.020435607060790062,0.8705310821533203,0.4666200280189514,-0.038498878479003906,0.8619651198387146,0.5080440044403076,-0.027638599276542664,0.8518162369728088,0.532360851764679,-0.013796798884868622
L,0.8443828225135803,0.6537094116210938,-5.903589439526513e-08,0.7938063144683838,0.6249707937240601,-0.031839437782764435,0.7504834532737732,0.5935784578323364,-0.048607777804136276,0.702110230922699,0.5624810457229614,-0.06342823803424835,0.6659208536148071,0.5394293069839478,-0.07544150203466415,0.7653690576553345,0.4843304753303528,-0.019434886053204536,0.761763334274292,0.40986746549606323,-0.048075154423713684,0.7610373497009277,0.3646990656852722,-0.06717858463525772,0.7634328603744507,0.32347166538238525,-0.07783383131027222,0.7999479174613953,0.4856376647949219,-0.01451889332383871,0.8100107908248901,0.4492001235485077,-0.044638246297836304,0.8106040954589844,0.5159180760383606,-0.0464215911924839,0.8022757172584534,0.5408664345741272,-0.040132585912942886,0.8339039087295532,0.49072837829589844,-0.015708185732364655,0.8410871028900146,0.4569913446903229,-0.048291146755218506,0.8373011350631714,0.5205755233764648,-0.0392436645925045,0.8252068758010864,0.5435892939567566,-0.024049675092101097,0.8614931702613831,0.5022439360618591,-0.019828354939818382,0.8712396025657654,0.4679074287414551,-0.03749701753258705,0.8626111745834351,0.5088686943054199,-0.02682797610759735,0.8525642156600952,0.5336995720863342,-0.013349461369216442
L,0.8442484736442566,0.6557945013046265,-4.375296214220725e-08,0.7936643958091736,0.6277126669883728,-0.03279195353388786,0.7503580451011658,0.5959233045578003,-0.05039198696613312,0.7020498514175415,0.5651436448097229,-0.06603052467107773,0.6654846668243408,0.5423535704612732,-0.07881603389978409,0.7651048898696899,0.48565810918807983,-0.020140308886766434,0.7610765695571899,0.4115056097507477,-0.049237728118896484,0.7606936693191528,0.36646682024002075,-0.06805284321308136,0.7636486291885376,0.3252499997615814,-0.07825373113155365,0.7998324632644653,0.48686596751213074,-0.014924361370503902,0.810265064239502,0.45098644495010376,-0.04572157561779022,0.8103968501091003,0.5182075500488281,-0.047091301530599594,0.8014030456542969,0.5416963696479797,-0.04014907032251358,0.8337416052818298,0.4920278787612915,-0.01597149483859539,0.8415800929069519,0.4592050313949585,-0.04948794096708298,0.8371108174324036,0.5232546329498291,-0.04034953564405441,0.824460506439209,0.5455684065818787,-0.02473542094230652,0.8611741662025452,0.5034393668174744,-0.019980765879154205,0.8714941740036011,0.4702041745185852,-0.03828808665275574,0.8626484274864197,0.511785626411438,-0.02776196226477623,0.8522918820381165,0.5363009572029114,-0.014140508137643337
L,0.8426233530044556,0.6576405763626099,-4.620134319566205e-08,0.7933375239372253,0.6306313872337341,-0.03587820753455162,0.7499767541885376,0.5990828275680542,-0.05511033162474632,0.701556384563446,0.5678082704544067,-0.07190781831741333,0.6635311841964722,0.5448564291000366,-0.08532345294952393,0.7632549405097961,0.4865141212940216,-0.022590167820453644,0.7591453790664673,0.41264817118644714,-0.05264531448483467,0.7593543529510498,0.36905398964881897,-0.06979510933160782,0.7625710368156433,0.3277917504310608,-0.07802905887365341,0.7978606224060059,0.48776865005493164,-0.01593676581978798,0.8085481524467468,0.45364314317703247,-0.04646649956703186,0.8084749579429626,0.5233067274093628,-0.0447537936270237,0.7981952428817749,0.5411883592605591,-0.035253480076789856,0.8310322165489197,0.4923141598701477,-0.0162658728659153,0.8401088714599609,0.4613291621208191,-0.05136816203594208,0.8353337049484253,0.5272092819213867,-0.04124196246266365,0.8216662406921387,0.5451301336288452,-0.02440579980611801,0.8579757809638977,0.5024083256721497,-0.019689267501235008,0.8691613078117371,0.47063374519348145,-0.03871123865246773,0.8606805801391602,0.5139796137809753,-0.027881305664777756,0.8494853973388672,0.5380569696426392,-0.01375375222414732
L,0.8403444290161133,0.6602821350097656,-4.885215076910754e-08,0.7918874621391296,0.6333462595939636,-0.036081839352846146,0.7475588321685791,0.6000024676322937,-0.05523936077952385,0.6990677118301392,0.5697718262672424,-0.07202336937189102,0.6610967516899109,0.5474845767021179,-0.08545830845832825,0.7604981660842896,0.48892369866371155,-0.023090744391083717,0.7564573884010315,0.41603654623031616,-0.05372525751590729,0.7563132643699646,0.372763991355896,-0.07066956162452698,0.7591875791549683,0.33039921522140503,-0.07891037315130234,0.7950644493103027,0.4898459017276764,-0.01708582229912281,0.805075466632843,0.4551113247871399,-0.048687323927879333,0.805056095123291,0.5251300930976868,-0.04723481088876724,0.7943584322929382,0.5399734973907471,-0.037706777453422546,0.8283035755157471,0.4936297535896301,-0.018149809911847115,0.8371420502662659,0.4641227126121521,-0.053442928940057755,0.8324645161628723,0.5299326181411743,-0.04285638406872749,0.8186097145080566,0.5444839000701904,-0.025800514966249466,0.8555773496627808,0.5034458637237549,-0.022513410076498985,0.8661246299743652,0.4728917181491852,-0.04152292758226395,0.8579811453819275,0.5162965059280396,-0.030672742053866386,0.8470174074172974,0.538396418094635,-0.016605140641331673
L,0.8364579677581787,0.662268340587616,-4.938659969866421e-08,0.7876580357551575,0.6347170472145081,-0.034840282052755356,0.7435615658760071,0.6018743515014648,-0.053322844207286835,0.6951196789741516,0.5718734264373779,-0.06950542330741882,0.6572666168212891,0.5493286848068237,-0.08241134136915207,0.7564640045166016,0.49022176861763,-0.022438453510403633,0.7529162168502808,0.41722041368484497,-0.05275813862681389,0.7530841827392578,0.3745218515396118,-0.06999875605106354,0.7561949491500854,0.33327752351760864,-0.07840878516435623,0.7910877466201782,0.4912400245666504,-0.016593994572758675,0.8010926842689514,0.456752747297287,-0.04798496887087822,0.8006114959716797,0.5261362195014954,-0.04715902730822563,0.7901095151901245,0.5424403548240662,-0.03812720999121666,0.8243656158447266,0.49517717957496643,-0.01753430813550949,0.8332635164260864,0.465760201215744,-0.052869655191898346,0.8283997774124146,0.5316401720046997,-0.04308789595961571,0.8146740794181824,0.5476638674736023,-0.026469679549336433,0.8517526984214783,0.504984438419342,-0.021531326696276665,0.8624322414398193,0.47455477714538574,-0.04059392958879471,0.8539900779724121,0.518146812915802,-0.02989579364657402,0.8428389430046082,0.5407565832138062,-0.015855444595217705
L,0.8327223658561707,0.6645931005477905,-4.754044624633025e-08,0.7837797999382019,0.6370842456817627,-0.03337289020419121,0.7388902902603149,0.6031839847564697,-0.05185944586992264,0.6905136108398438,0.5731590390205383,-0.06864955276250839,0.6526910066604614,0.5512341260910034,-0.08249721676111221,0.7524970173835754,0.4919639527797699,-0.02105082757771015,0.748191773891449,0.41931548714637756,-0.05002278462052345,0.7483400702476501,0.37652403116226196,-0.06633263826370239,0.7511011362075806,0.33558934926986694,-0.07460713386535645,0.7865987420082092,0.4920519292354584,-0.016060177236795425,0.7957462668418884,0.4580042362213135,-0.047801438719034195,0.7961773872375488,0.5276017189025879,-0.047415971755981445,0.7863134145736694,0.5439991354942322,-0.03863930702209473,0.8201746344566345,0.49614766240119934,-0.017484834417700768,0.8288471698760986,0.467513769865036,-0.052333761006593704,0.8243792653083801,0.5325297713279724,-0.042220424860715866,0.8111429810523987,0.5483822226524353,-0.025604505091905594,0.8481934666633606,0.506402850151062,-0.021882805973291397,0.8588628768920898,0.4761500656604767,-0.04077954962849617,0.8501855134963989,0.5195485949516296,-0.030213452875614166,0.838883101940155,0.5410743355751038,-0.016418544575572014
L,0.8270884156227112,0.6660645604133606,-3.041894913735632e-08,0.7775840759277344,0.6394704580307007,-0.03199724853038788,0.7321727871894836,0.6047857999801636,-0.05130533128976822,0.6843475103378296,0.5730277895927429,-0.0696989893913269,0.6462262868881226,0.5516452193260193,-0.08578380942344666,0.7471494674682617,0.4945923686027527,-0.019784754142165184,0.7427029013633728,0.42235010862350464,-0.04685481637716293,0.7428390979766846,0.379314124584198,-0.06164475157856941,0.7452586889266968,0.338626503944397,-0.06947600096464157,0.7809634208679199,0.49390119314193726,-0.015872959047555923,0.7887969017028809,0.45937538146972656,-0.04809151217341423,0.7904540300369263,0.5284298658370972,-0.04802984744310379,0.7823020815849304,0.5456065535545349,-0.039276886731386185,0.8144161701202393,0.4981701076030731,-0.01791403442621231,0.8227116465568542,0.47008565068244934,-0.05297244340181351,0.818982720375061,0.5340204238891602,-0.04237686097621918,0.8073953986167908,0.5512226819992065,-0.025441821664571762,0.8427100777626038,0.5085581541061401,-0.022756678983569145,0.8528958559036255,0.4780978262424469,-0.04241618886590004,0.8445442318916321,0.5217238068580627,-0.03199833631515503,0.8340708613395691,0.5433720350265503,-0.018298499286174774
L,0.8209465742111206,0.6668858528137207,-3.7388925733239375e-08,0.7701714634895325,0.6411082148551941,-0.030247585847973824,0.7243237495422363,0.6064957976341248,-0.04859945550560951,0.676834762096405,0.5746559500694275,-0.06621407717466354,0.6389204263687134,0.5539678335189819,-0.08166423439979553,0.7403534054756165,0.4968734681606293,-0.018823442980647087,0.7363021373748779,0.42445108294487,-0.04578692093491554,0.7362451553344727,0.38152116537094116,-0.060641877353191376,0.738116979598999,0.34138524532318115,-0.0684392899274826,0.7742462754249573,0.4960198998451233,-0.01538895070552826,0.7816488742828369,0.46247220039367676,-0.046898748725652695,0.7833235859870911,0.5309537053108215,-0.04671705514192581,0.7754313945770264,0.54791259765625,-0.03807101771235466,0.8078819513320923,0.4997863471508026,-0.017705144360661507,0.8157550692558289,0.47209274768829346,-0.05265916883945465,0.8122495412826538,0.5357407927513123,-0.0422622375190258,0.8010571599006653,0.552354633808136,-0.02551957778632641,0.8366521596908569,0.5094478130340576,-0.022544194012880325,0.8464480638504028,0.47950929403305054,-0.04215732589364052,0.8383956551551819,0.523318350315094,-0.0314343199133873,0.8284025192260742,0.5444900393486023,-0.01751001924276352
L,0.8134757280349731,0.6677901744842529,-4.7686121718015784e-08,0.7631242275238037,0.6425951719284058,-0.030926529318094254,0.7162929177284241,0.6083704233169556,-0.049442145973443985,0.6688299179077148,0.5768519639968872,-0.06704706698656082,0.6306122541427612,0.5565114617347717,-0.08209588378667831,0.7326216101646423,0.4984548091888428,-0.0188349150121212,0.7289336919784546,0.42702949047088623,-0.046033330261707306,0.7288250923156738,0.3846302926540375,-0.05976641923189163,0.7305517196655273,0.3444543182849884,-0.06638134270906448,0.7664518356323242,0.4988580644130707,-0.0153281819075346,0.77358078956604,0.4653171896934509,-0.04561353847384453,0.7750839591026306,0.5350934267044067,-0.04324468597769737,0.7663284540176392,0.547666072845459,-0.03307667002081871,0.7999690771102905,0.502068281173706,-0.018036793917417526,0.8077517747879028,0.47405368089675903,-0.05279373750090599,0.8044569492340088,0.5384395718574524,-0.04131539538502693,0.7928507328033447,0.551184892654419,-0.02390534244477749,0.8293553590774536,0.5106496214866638,-0.023399069905281067,0.8382457494735718,0.48142150044441223,-0.04271240159869194,0.8310111165046692,0.5258952975273132,-0.03143496811389923,0.8212250471115112,0.545949399471283,-0.01715952530503273
L,0.8045691847801208,0.6671923398971558,-4.229698902236123e-08,0.7538573145866394,0.6449611186981201,-0.03054259717464447,0.706220269203186,0.6096280217170715,-0.04881124198436737,0.659418523311615,0.5780260562896729,-0.06619741767644882,0.6214343905448914,0.5584231019020081,-0.08125320822000504,0.723761796951294,0.5004556775093079,-0.019398922100663185,0.7200007438659668,0.42836660146713257,-0.046005453914403915,0.7203994393348694,0.3856888711452484,-0.05926403030753136,0.721905529499054,0.345595121383667,-0.06579940021038055,0.7577562928199768,0.5005779266357422,-0.016431637108325958,0.7650001645088196,0.46728429198265076,-0.04751824960112572,0.7670884728431702,0.5364328622817993,-0.04585054889321327,0.7581337690353394,0.5494446754455566,-0.03600669652223587,0.7912898063659668,0.5032155513763428,-0.019412077963352203,0.7992109060287476,0.4758630096912384,-0.05450548976659775,0.7967590689659119,0.5396947860717773,-0.04303963854908943,0.7850673198699951,0.5518805980682373,-0.025680171325802803,0.8210513591766357,0.5109918713569641,-0.02498805895447731,0.8298025727272034,0.48236989974975586,-0.04468807205557823,0.8238649368286133,0.5274374485015869,-0.03333764895796776,0.8143777251243591,0.5466484427452087,-0.01899699680507183
L,0.7962784767150879,0.6685875654220581,-2.282493838379196e-08,0.7452535629272461,0.6482079029083252,-0.028650503605604172,0.6961888074874878,0.6121606826782227,-0.047003231942653656,0.6491400003433228,0.5807256102561951,-0.06514183431863785,0.6112117171287537,0.5622599124908447,-0.08164887875318527,0.714390218257904,0.5040056109428406,-0.01834520697593689,0.7101076245307922,0.43112945556640625,-0.04302985593676567,0.7107523083686829,0.3879120349884033,-0.05591067299246788,0.7119178771972656,0.3481418490409851,-0.06327369064092636,0.7479444146156311,0.5021637678146362,-0.016675671562552452,0.7553244233131409,0.46861085295677185,-0.04891697317361832,0.7585318684577942,0.5365628600120544,-0.049485549330711365,0.7501824498176575,0.5525747537612915,-0.041441403329372406,0.781876802444458,0.5047547221183777,-0.02019432932138443,0.7901517152786255,0.47775185108184814,-0.05469812825322151,0.7883729338645935,0.540289580821991,-0.04329514503479004,0.7775287628173828,0.5548098087310791,-0.026555459946393967,0.811588704586029,0.513287365436554,-0.026191571727395058,0.8207689523696899,0.48565661907196045,-0.04634518921375275,0.8150098919868469,0.5306636691093445,-0.0355546735227108,0.8059007525444031,0.5490978360176086,-0.02185821533203125
L,0.786467432975769,0.6708366870880127,-3.4162429329853694e-08,0.7351213693618774,0.649734616279602,-0.028670718893408775,0.6852572560310364,0.6141110062599182,-0.046467967331409454,0.6379864811897278,0.583172619342804,-0.06400102376937866,0.5999200344085693,0.5652334094047546,-0.07960257679224014,0.7041013240814209,0.5056857466697693,-0.01734856888651848,0.6999314427375793,0.43373990058898926,-0.04238582029938698,0.7002587914466858,0.39088761806488037,-0.05462630093097687,0.7013939619064331,0.35100752115249634,-0.061079882085323334,0.7378584146499634,0.5043702721595764,-0.015577283687889576,0.7439090013504028,0.4712394177913666,-0.04679965227842331,0.7466343641281128,0.5403430461883545,-0.04573675990104675,0.7380977272987366,0.5535119771957397,-0.03644989803433418,0.7716936469078064,0.5066531300544739,-0.019394880160689354,0.7787116765975952,0.4797300696372986,-0.05385719984769821,0.7768983840942383,0.5429663062095642,-0.04203539714217186,0.7662011384963989,0.555277407169342,-0.024812037125229836,0.8013947606086731,0.5147572159767151,-0.025716306641697884,0.8092916011810303,0.4867805540561676,-0.045510053634643555,0.8037824630737305,0.5316219925880432,-0.03442951664328575,0.7952069640159607,0.5497390627861023,-0.02045830711722374
L,0.7773450613021851,0.6687889695167542,-4.6126359620757285e-08,0.7250319719314575,0.6512726545333862,-0.02834654599428177,0.6742667555809021,0.6158835887908936,-0.04538050293922424,0.6270598769187927,0.5852320790290833,-0.06194070726633072,0.5896657705307007,0.5676819682121277,-0.07673811167478561,0.6939024329185486,0.5080990791320801,-0.01854761317372322,0.6890079379081726,0.4351046085357666,-0.04350884258747101,0.6895988583564758,0.39240363240242004,-0.05595140904188156,0.6904398202896118,0.3527907729148865,-0.06256506592035294,0.7274013757705688,0.5068230628967285,-0.016589712351560593,0.7336456775665283,0.4737889766693115,-0.047688890248537064,0.736743688583374,0.5414152145385742,-0.04698919504880905,0.7281314730644226,0.5557158589363098,-0.038178857415914536,0.7606526017189026,0.5084403157234192,-0.020015554502606392,0.7679585814476013,0.48146194219589233,-0.054427120834589005,0.7667058706283569,0.5445654392242432,-0.04306865483522415,0.755736231803894,0.5576398372650146,-0.026285722851753235,0.7902123332023621,0.5153582692146301,-0.025834057480096817,0.7983298301696777,0.4876781702041626,-0.04584174230694771,0.7936217784881592,0.5332189202308655,-0.03495921939611435,0.7848387956619263,0.5519044399261475,-0.02117351070046425
L,0.765741229057312,0.6705864667892456,-3.3214163863704016e-08,0.7138389945030212,0.6530488133430481,-0.028338436037302017,0.6628196239471436,0.6181434392929077,-0.04544900730252266,0.6158061027526855,0.5882017016410828,-0.06221857666969299,0.5784810185432434,0.570945680141449,-0.07721847295761108,0.6826862096786499,0.5108366012573242,-0.017471307888627052,0.6782351732254028,0.4382758140563965,-0.04227568954229355,0.6785533428192139,0.39534416794776917,-0.05442877858877182,0.6792976260185242,0.3555449843406677,-0.06090538576245308,0.7164626121520996,0.5093124508857727,-0.015981288626790047,0.721701979637146,0.4748927354812622,-0.04774658381938934,0.7247916460037231,0.5434435606002808,-0.047394607216119766,0.716420590877533,0.55732661485672,-0.03850135952234268,0.7497403621673584,0.5105931162834167,-0.019951090216636658,0.7564782500267029,0.4831692576408386,-0.05495062470436096,0.7552666664123535,0.5467609167098999,-0.043561581522226334,0.7446180582046509,0.5588862895965576,-0.026550669223070145,0.7793997526168823,0.5172668099403381,-0.026334337890148163,0.7867549061775208,0.4907209277153015,-0.04657261446118355,0.7822993993759155,0.5367514491081238,-0.035655245184898376,0.773949146270752,0.5544682741165161,-0.021785853430628777
L,0.7556338310241699,0.6725144386291504,-2.9336327145301766e-08,0.7026077508926392,0.6551151275634766,-0.027754392474889755,0.6507216691970825,0.620211124420166,-0.044448889791965485,0.6034243106842041,0.5904474258422852,-0.060829244554042816,0.5658888816833496,0.5739618539810181,-0.07538966834545135,0.6712931990623474,0.5131730437278748,-0.016326529905200005,0.6666290760040283,0.44080179929733276,-0.04099278524518013,0.6668818593025208,0.39821135997772217,-0.05343404412269592,0.6675592660903931,0.3582388162612915,-0.06014205515384674,0.7052388787269592,0.5116549730300903,-0.015090967528522015,0.710157573223114,0.4770495295524597,-0.046803880482912064,0.7131220698356628,0.5452209115028381,-0.04691986367106438,0.705141544342041,0.5596245527267456,-0.03838679939508438,0.7385088801383972,0.5127278566360474,-0.01928587444126606,0.7444437146186829,0.4848021864891052,-0.054024435579776764,0.7434889078140259,0.5483592748641968,-0.042705781757831573,0.7334108948707581,0.5609066486358643,-0.025808891281485558,0.7680157423019409,0.5188888907432556,-0.025842728093266487,0.7746210694313049,0.491580069065094,-0.045534342527389526,0.7704259157180786,0.5381177663803101,-0.03418464586138725,0.76260906457901,0.5561819076538086,-0.020111169666051865
L,0.7451359033584595,0.6746015548706055,-2.8539716367959045e-08,0.6915834546089172,0.6563920974731445,-0.027737701311707497,0.6396759748458862,0.6225414276123047,-0.04433630779385567,0.5913717746734619,0.5935049653053284,-0.0605613999068737,0.5537067651748657,0.5772317051887512,-0.07485370337963104,0.6594473719596863,0.5153747200965881,-0.01607741415500641,0.6548489928245544,0.44356536865234375,-0.04117811098694801,0.6546486020088196,0.40093207359313965,-0.0540098212659359,0.6555703282356262,0.36096107959747314,-0.060848962515592575,0.6932898759841919,0.5143426060676575,-0.014523053541779518,0.6977349519729614,0.4797970652580261,-0.04467560723423958,0.7003666758537292,0.5470967292785645,-0.04378746077418327,0.6922986507415771,0.5598173141479492,-0.035095084458589554,0.7267401218414307,0.5155430436134338,-0.018599199131131172,0.7317618727684021,0.48679229617118835,-0.05219263583421707,0.7307854890823364,0.5496066808700562,-0.04037989303469658,0.7210167646408081,0.5614371299743652,-0.023562274873256683,0.7563604712486267,0.5221909880638123,-0.02513211965560913,0.7620731592178345,0.49437740445137024,-0.044060587882995605,0.7577024102210999,0.5402243733406067,-0.032441265881061554,0.750482439994812,0.5582667589187622,-0.018413353711366653
L,0.7340214252471924,0.6762760281562805,-3.603453180289762e-08,0.6793218851089478,0.6582815051078796,-0.027305318042635918,0.6266301870346069,0.6250327229499817,-0.04393664002418518,0.5780470967292786,0.5957137942314148,-0.06039871275424957,0.5400567650794983,0.5797717571258545,-0.07499442994594574,0.6480339169502258,0.5181370377540588,-0.01547065656632185,0.6432192325592041,0.4464362859725952,-0.04038296267390251,0.6431712508201599,0.40402257442474365,-0.052890628576278687,0.6439478397369385,0.3644371032714844,-0.05950251594185829,0.681472659111023,0.517358124256134,-0.014106692746281624,0.6849641799926758,0.48333197832107544,-0.043837565928697586,0.6876800060272217,0.5500802993774414,-0.04265489801764488,0.6795433759689331,0.5617055892944336,-0.03398045524954796,0.714459240436554,0.5182520747184753,-0.01841103471815586,0.7189968824386597,0.48970091342926025,-0.05215957388281822,0.7182229161262512,0.5526212453842163,-0.040511298924684525,0.7083287239074707,0.5639749765396118,-0.023883406072854996,0.7441603541374207,0.52428138256073,-0.025098998099565506,0.7497074007987976,0.49707427620887756,-0.04424373432993889,0.7453709840774536,0.5434439778327942,-0.0328463613986969,0.7375391125679016,0.5616680383682251,-0.019074702635407448
L,0.7241865992546082,0.6794852018356323,-5.16468681155402e-08,0.6687552332878113,0.6625489592552185,-0.027643335983157158,0.6158545613288879,0.629590630531311,-0.04400544986128807,0.5670798420906067,0.6002355217933655,-0.06005032733082771,0.5289251804351807,0.584237813949585,-0.07404971867799759,0.6375873684883118,0.52080237865448,-0.014984565787017345,0.6323885917663574,0.45050179958343506,-0.04018797352910042,0.6315927505493164,0.4084562659263611,-0.05249381437897682,0.6318804025650024,0.36863598227500916,-0.058554358780384064,0.6709293723106384,0.5204951167106628,-0.013141466304659843,0.6729958057403564,0.4867244362831116,-0.042151790112257004,0.676051139831543,0.554645299911499,-0.03971681371331215,0.6687081456184387,0.5651242136955261,-0.029948169365525246,0.7036359906196594,0.5215811133384705,-0.01723523437976837,0.706871509552002,0.49287623167037964,-0.050979357212781906,0.7064930200576782,0.5567858219146729,-0.0389636866748333,0.6975399255752563,0.5663253664970398,-0.021768594160676003,0.7333400249481201,0.5271713733673096,-0.023692302405834198,0.7375679612159729,0.4997625946998596,-0.04214516654610634,0.7336121797561646,0.5464762449264526,-0.030159305781126022,0.7271325588226318,0.5638948082923889,-0.015916956588625908
L,0.7142491340637207,0.685297429561615,-6.826875420529177e-08,0.6584051847457886,0.6655174493789673,-0.027717556804418564,0.6066162586212158,0.6336385011672974,-0.0433921255171299,0.5572082996368408,0.6052167415618896,-0.05844256281852722,0.5192440748214722,0.5881967544555664,-0.07088436931371689,0.6277280449867249,0.5231223702430725,-0.014302290976047516,0.6225584149360657,0.45417284965515137,-0.0412570983171463,0.6211229562759399,0.4126046895980835,-0.0551614984869957,0.6219814419746399,0.37239575386047363,-0.06171359866857529,0.6611726880073547,0.5234991908073425,-0.011796394363045692,0.6614888310432434,0.49075236916542053,-0.03925110027194023,0.6640754342079163,0.5590217113494873,-0.03579534962773323,0.6581888794898987,0.568366527557373,-0.025638189166784286,0.6941254138946533,0.5249831080436707,-0.01570259779691696,0.6952593326568604,0.4962769150733948,-0.048227082937955856,0.6944533586502075,0.5601357817649841,-0.03625217825174332,0.6868090033531189,0.5684138536453247,-0.01914479397237301,0.7242103815078735,0.5313531160354614,-0.02208159863948822,0.7266561985015869,0.5029734373092651,-0.03857617452740669,0.7213159799575806,0.5484914779663086,-0.025957796722650528,0.7157193422317505,0.566361665725708,-0.011430681683123112
L,0.7049362063407898,0.6879040002822876,-7.391472678364153e-08,0.6485510468482971,0.6674834489822388,-0.027966467663645744,0.5971770882606506,0.6372138261795044,-0.04329003393650055,0.5484737753868103,0.6097291707992554,-0.057678621262311935,0.5108405351638794,0.5930251479148865,-0.0693930834531784,0.6189077496528625,0.525040864944458,-0.01486915722489357,0.6133110523223877,0.4568899869918823,-0.04118068888783455,0.6112526655197144,0.4158424437046051,-0.05484187975525856,0.6118069887161255,0.37622666358947754,-0.061140067875385284,0.6527637839317322,0.5263125896453857,-0.011797750368714333,0.6512455940246582,0.4926708936691284,-0.03818967938423157,0.6534212827682495,0.5611873269081116,-0.03428206592798233,0.6491963863372803,0.572018563747406,-0.023849645629525185,0.685748815536499,0.5284691452980042,-0.01512331236153841,0.6853216886520386,0.4989190101623535,-0.04695433750748634,0.6840538382530212,0.5633171200752258,-0.035350751131772995,0.6773964166641235,0.5724855065345764,-0.01843552477657795,0.7157465815544128,0.534757137298584,-0.020881550386548042,0.7171837687492371,0.5050028562545776,-0.036639485508203506,0.7115310430526733,0.5496860146522522,-0.02393287979066372,0.7068631052970886,0.5679702162742615,-0.009411444887518883
L,0.6973010897636414,0.692112386226654,-7.126552503677885e-08,0.6409973502159119,0.6712198257446289,-0.02789878286421299,0.5900697708129883,0.6411066055297852,-0.04396439343690872,0.5406219363212585,0.6139783263206482,-0.05913462117314339,0.5028067827224731,0.5968887209892273,-0.07183432579040527,0.6123443841934204,0.5286995768547058,-0.01561313308775425,0.6065053939819336,0.4605060815811157,-0.042179644107818604,0.6033411622047424,0.41841787099838257,-0.056555334478616714,0.6034014225006104,0.37829428911209106,-0.06352365761995316,0.6462913155555725,0.5294156670570374,-0.0129424799233675,0.6425650715827942,0.49452370405197144,-0.04033461958169937,0.6450878977775574,0.564039409160614,-0.037193864583969116,0.6430760622024536,0.5770717859268188,-0.02708445116877556,0.6794098615646362,0.5315159559249878,-0.016460740938782692,0.6770604848861694,0.500605583190918,-0.04858364909887314,0.6757616996765137,0.5660915374755859,-0.03657578304409981,0.6706556081771851,0.576967716217041,-0.019302677363157272,0.7096810340881348,0.5376582145690918,-0.022412365302443504,0.7094873189926147,0.5064200162887573,-0.03814798966050148,0.7034540772438049,0.5520151853561401,-0.024814672768115997,0.6998295187950134,0.5710154175758362,-0.009876818396151066
L,0.6935168504714966,0.6943149566650391,-6.756658876838628e-08,0.6353883147239685,0.6716876029968262,-0.02535519003868103,0.5852600336074829,0.6424372792243958,-0.04081353917717934,0.5351300835609436,0.616913378238678,-0.055957529693841934,0.49761801958084106,0.6004648804664612,-0.06910908967256546,0.6079729199409485,0.5300406813621521,-0.013474604114890099,0.6012259721755981,0.46157899498939514,-0.03888973221182823,0.5977367162704468,0.418601393699646,-0.05377303063869476,0.59792560338974,0.3786444664001465,-0.0615658238530159,0.6412186026573181,0.5299757122993469,-0.01138361357152462,0.6368176937103271,0.49578386545181274,-0.037890225648880005,0.6398109793663025,0.5643562078475952,-0.03548187017440796,0.6395492553710938,0.581380307674408,-0.02637000009417534,0.6749453544616699,0.5326547622680664,-0.01497763954102993,0.6711646318435669,0.5021201372146606,-0.044597040861845016,0.6701087951660156,0.5672399997711182,-0.03214098885655403,0.666283905506134,0.5816791653633118,-0.015318058431148529,0.7050696015357971,0.5406167507171631,-0.020898234099149704,0.7043195366859436,0.5079695582389832,-0.0349518246948719,0.6971451640129089,0.5534288883209229,-0.021272463724017143,0.693913996219635,0.5734100341796875,-0.0065430752001702785
L,0.6894533634185791,0.6949687600135803,-7.564022297401607e-08,0.6317747235298157,0.6739341020584106,-0.02536916546523571,0.5821375846862793,0.6446822881698608,-0.04071370139718056,0.5318809747695923,0.619182288646698,-0.055702321231365204,0.4948490858078003,0.6018707752227783,-0.06870199739933014,0.603522539138794,0.5313673615455627,-0.01402516383677721,0.596885085105896,0.46174514293670654,-0.03989914432168007,0.5936557650566101,0.4192288815975189,-0.05533144995570183,0.5938745737075806,0.37867090106010437,-0.06364204734563828,0.6371155381202698,0.5318586826324463,-0.012107357382774353,0.6320536732673645,0.4961169958114624,-0.04008352383971214,0.6358692646026611,0.5648754835128784,-0.039081599563360214,0.635985791683197,0.5826095342636108,-0.030778629705309868,0.6708494424819946,0.5345504283905029,-0.01572234556078911,0.666968822479248,0.5029730200767517,-0.046498242765665054,0.666123628616333,0.5692158341407776,-0.03450576588511467,0.6620873212814331,0.5846325755119324,-0.01777220331132412,0.7006986737251282,0.541656494140625,-0.02163795195519924,0.7003313302993774,0.5091900825500488,-0.03685927763581276,0.693132758140564,0.5560681819915771,-0.023738883435726166,0.6892518401145935,0.5767956972122192,-0.009190147742629051
L,0.6877325773239136,0.6971375942230225,-9.649836130165568e-08,0.6303294897079468,0.6756035685539246,-0.02644554153084755,0.5807294845581055,0.6464498043060303,-0.04115447774529457,0.5297238826751709,0.6202849745750427,-0.05489030107855797,0.4927082061767578,0.6027650237083435,-0.06618038564920425,0.6007744073867798,0.5325003862380981,-0.014609238132834435,0.5941477417945862,0.46232011914253235,-0.04110167548060417,0.5910143852233887,0.4201619625091553,-0.05665106698870659,0.5915319323539734,0.3794090747833252,-0.06458335369825363,0.6343591213226318,0.5331863164901733,-0.011779296211898327,0.6286422610282898,0.49714958667755127,-0.03803810849785805,0.6330236792564392,0.5662838816642761,-0.03549179434776306,0.6333039999008179,0.5825397372245789,-0.026343222707509995,0.6677556037902832,0.5356841683387756,-0.014891809783875942,0.6631282567977905,0.5032437443733215,-0.04490446299314499,0.6631316542625427,0.5702395439147949,-0.03279882296919823,0.6589624881744385,0.5844002962112427,-0.016029154881834984,0.6978987455368042,0.5428348779678345,-0.02040749602019787,0.6963914632797241,0.5096965432167053,-0.03455270454287529,0.6894462704658508,0.5559751391410828,-0.021041734144091606,0.6857752799987793,0.5768899917602539,-0.006348754279315472
L,0.68697190284729,0.6980365514755249,-1.0504658831678171e-07,0.6274808645248413,0.6757046580314636,-0.024830162525177002,0.5777280330657959,0.6474213600158691,-0.038774289190769196,0.5268834233283997,0.6202415823936462,-0.052201248705387115,0.49018603563308716,0.6015792489051819,-0.06341298669576645,0.5995851159095764,0.5323338508605957,-0.011600575409829617,0.5928242206573486,0.4614022672176361,-0.03753868117928505,0.5898513793945312,0.4192101061344147,-0.05390223115682602,0.5902518033981323,0.378269761800766,-0.06277123093605042,0.6331381797790527,0.5334992408752441,-0.00945079792290926,0.6269439458847046,0.49662813544273376,-0.0360010527074337,0.6315609216690063,0.5658189654350281,-0.03512141853570938,0.6324400305747986,0.5844929814338684,-0.027270808815956116,0.6666433811187744,0.5368320941925049,-0.013031610287725925,0.661453366279602,0.5026809573173523,-0.04314175248146057,0.6615383625030518,0.570775032043457,-0.03167424350976944,0.6577164530754089,0.5873821377754211,-0.015332117676734924,0.6969559788703918,0.5447887182235718,-0.018824230879545212,0.6952420473098755,0.5098413825035095,-0.03316381573677063,0.6882531046867371,0.5571702122688293,-0.019761744886636734,0.6846537590026855,0.5785487294197083,-0.005160114727914333
L,0.6852399110794067,0.6985286474227905,-1.1724886661568235e-07,0.6254017353057861,0.6768022179603577,-0.021865660324692726,0.5758397579193115,0.6480852365493774,-0.035013966262340546,0.5258511304855347,0.6211206912994385,-0.04853793606162071,0.4891156852245331,0.6037987470626831,-0.0603715181350708,0.5991669297218323,0.5331522822380066,-0.00888208206743002,0.5922709107398987,0.46180665493011475,-0.03328560292720795,0.5893712639808655,0.41978719830513,-0.04855532571673393,0.5898094773292542,0.3792111873626709,-0.05701339617371559,0.6324963569641113,0.5338733792304993,-0.008266041986644268,0.6264293789863586,0.4972076416015625,-0.03455272316932678,0.6307700872421265,0.5661202669143677,-0.03328802064061165,0.6322805285453796,0.5859600901603699,-0.025127949193120003,0.6659918427467346,0.5376646518707275,-0.013040854595601559,0.6603243947029114,0.504371702671051,-0.042026128619909286,0.660315215587616,0.5719816088676453,-0.029617514461278915,0.6573641300201416,0.5884607434272766,-0.01300065964460373,0.6965197324752808,0.5461868047714233,-0.019854381680488586,0.6941362619400024,0.5113572478294373,-0.03338239714503288,0.686914324760437,0.5589580535888672,-0.019427521154284477,0.6842305660247803,0.5793632864952087,-0.004708805121481419
L,0.6843584179878235,0.7019332051277161,-1.1922500675609626e-07,0.624430775642395,0.6782854795455933,-0.021209221333265305,0.5756128430366516,0.6495373249053955,-0.034194085747003555,0.5249795317649841,0.6231160759925842,-0.04760465398430824,0.4880812466144562,0.6069556474685669,-0.059482160955667496,0.5986406207084656,0.5353058576583862,-0.008759294636547565,0.5915235877037048,0.46385622024536133,-0.03364138677716255,0.5885918736457825,0.42160463333129883,-0.049835048615932465,0.5890018343925476,0.381106972694397,-0.05893993750214577,0.6315131783485413,0.5355275273323059,-0.007950725965201855,0.6257873773574829,0.4983363449573517,-0.03399796038866043,0.6301742792129517,0.5666106939315796,-0.03269544616341591,0.6316766142845154,0.5890069007873535,-0.02463473193347454,0.6652944087982178,0.5398036241531372,-0.012461595237255096,0.6595280170440674,0.5054864883422852,-0.0407458059489727,0.6596559882164001,0.5732272267341614,-0.02821735478937626,0.6566084027290344,0.5916585326194763,-0.01163027249276638,0.6957184076309204,0.5495139956474304,-0.01895437203347683,0.6937448978424072,0.5139561891555786,-0.03200765326619148,0.6857316493988037,0.5617662072181702,-0.018054887652397156,0.6825952529907227,0.5825966596603394,-0.003454775083810091
L,0.6821060180664062,0.7041595578193665,-1.2499400270371552e-07,0.6223791837692261,0.6806978583335876,-0.02115044742822647,0.5741068720817566,0.6527402997016907,-0.033662099391222,0.5247200727462769,0.6272749900817871,-0.0465533621609211,0.4882599115371704,0.6109334230422974,-0.05796779319643974,0.5975333452224731,0.5377712845802307,-0.008512725122272968,0.5906569957733154,0.46613961458206177,-0.03219231963157654,0.5881346464157104,0.42392995953559875,-0.047503046691417694,0.5886496305465698,0.3840348720550537,-0.056127630174160004,0.6305461525917053,0.5378292202949524,-0.0076889339834451675,0.6257022619247437,0.5018075108528137,-0.03336227685213089,0.6295745372772217,0.5701163411140442,-0.03227035328745842,0.630639374256134,0.5930900573730469,-0.024373920634388924,0.6641256809234619,0.5422495007514954,-0.012075474485754967,0.6593088507652283,0.5091810822486877,-0.04031487926840782,0.6589854955673218,0.5766052603721619,-0.02835061401128769,0.655491292476654,0.5947693586349487,-0.012154136784374714,0.6944425702095032,0.5521619319915771,-0.0183651652187109,0.6926106214523315,0.5170400738716125,-0.031551018357276917,0.6848592758178711,0.5644259452819824,-0.017756111919879913,0.681704044342041,0.5850216746330261,-0.003229702590033412
L,0.6810410022735596,0.7089759707450867,-1.073920898875258e-07,0.622111976146698,0.6860922574996948,-0.022846532985568047,0.5729495286941528,0.657934308052063,-0.03681537136435509,0.522769570350647,0.6324011087417603,-0.0508897490799427,0.48577481508255005,0.6164339184761047,-0.0634700208902359,0.59608393907547,0.5440542101860046,-0.01166027132421732,0.5886701345443726,0.4728860855102539,-0.036953404545784,0.5858492255210876,0.42977288365364075,-0.052884262055158615,0.5865138173103333,0.3890876770019531,-0.06172139197587967,0.6290215849876404,0.5435578227043152,-0.010148761793971062,0.6243079900741577,0.5069923996925354,-0.037212491035461426,0.6278980374336243,0.5757892727851868,-0.03607412800192833,0.6284276843070984,0.5973055958747864,-0.027947232127189636,0.6628643870353699,0.5472738146781921,-0.013881589286029339,0.6583662629127502,0.513823926448822,-0.043552979826927185,0.6576186418533325,0.5810390114784241,-0.03129564970731735,0.6538165807723999,0.5986835360527039,-0.014541052281856537,0.6931785941123962,0.5561834573745728,-0.019580373540520668,0.6913737654685974,0.5217857360839844,-0.03327101096510887,0.6839902400970459,0.5689613819122314,-0.019121315330266953,0.6811500191688538,0.5891060829162598,-0.00421342346817255
L,0.6799161434173584,0.7149287462234497,-1.0118679227844041e-07,0.6215524673461914,0.69336998462677,-0.023731274530291557,0.5718774199485779,0.6647815108299255,-0.03876275196671486,0.5210684537887573,0.6398617029190063,-0.053780343383550644,0.48381486535072327,0.623822033405304,-0.06729147583246231,0.5945678949356079,0.5504067540168762,-0.0140067208558321,0.5866330862045288,0.4795025587081909,-0.039823342114686966,0.5834829211235046,0.4360276758670807,-0.05573586747050285,0.5835743546485901,0.39507049322128296,-0.06454571336507797,0.6274372935295105,0.5495150685310364,-0.01227572187781334,0.6219239830970764,0.5141326785087585,-0.039533473551273346,0.6261945366859436,0.5830383896827698,-0.03785299137234688,0.6267528533935547,0.6035348176956177,-0.02949361503124237,0.6613039970397949,0.5530081391334534,-0.01578766293823719,0.656425416469574,0.5205506682395935,-0.045998577028512955,0.6559786796569824,0.5881673693656921,-0.03336275368928909,0.6522768139839172,0.6058737635612488,-0.016425762325525284,0.6916080713272095,0.5615179538726807,-0.021306084468960762,0.6896727085113525,0.5282579660415649,-0.03576037287712097,0.6820244789123535,0.5766621232032776,-0.021750357002019882,0.6785668134689331,0.5978374481201172,-0.006934724282473326
L,0.6782898902893066,0.7239949107170105,-9.965945224621464e-08,0.6222548484802246,0.7029629945755005,-0.025682788342237473,0.5716668367385864,0.6726474761962891,-0.042080823332071304,0.5204570293426514,0.6489584445953369,-0.058064404875040054,0.4824499487876892,0.6336290240287781,-0.07229524850845337,0.5925238728523254,0.5578578114509583,-0.017507342621684074,0.5851184129714966,0.48812225461006165,-0.04438428953289986,0.5815518498420715,0.4445997476577759,-0.05987915024161339,0.5813485980033875,0.4031646251678467,-0.06810693442821503,0.6256524324417114,0.5571380257606506,-0.015242770314216614,0.6198742389678955,0.5233703851699829,-0.04275203123688698,0.6240386366844177,0.592562198638916,-0.040038883686065674,0.6240683794021606,0.6090494990348816,-0.030837872996926308,0.6595389246940613,0.559922993183136,-0.018447961658239365,0.6545026898384094,0.529747486114502,-0.04921635985374451,0.6540957093238831,0.5962140560150146,-0.03632603585720062,0.6506701111793518,0.6105483174324036,-0.019110873341560364,0.6903714537620544,0.5671824812889099,-0.023833205923438072,0.6873734593391418,0.5347447395324707,-0.03838284686207771,0.6803653836250305,0.5824446678161621,-0.024261685088276863,0.6776784062385559,0.6031926870346069,-0.009286550804972649
L,0.6797803640365601,0.7333953380584717,-1.0879927003770717e-07,0.6237717866897583,0.7119933366775513,-0.02774766832590103,0.5725910067558289,0.6822701692581177,-0.044071752578020096,0.5206440091133118,0.659434974193573,-0.05922748148441315,0.48231977224349976,0.6441596150398254,-0.07200707495212555,0.5913291573524475,0.5657877326011658,-0.018327204510569572,0.5836737751960754,0.49665796756744385,-0.04591819643974304,0.579656720161438,0.45354312658309937,-0.06112212315201759,0.5789655447006226,0.4121325612068176,-0.06854835897684097,0.6244961619377136,0.5660982728004456,-0.014852010644972324,0.6190531849861145,0.5322347283363342,-0.040818117558956146,0.6234923005104065,0.6020907163619995,-0.036229655146598816,0.6222479939460754,0.6161164045333862,-0.025684010237455368,0.6581442952156067,0.5687460899353027,-0.01745816506445408,0.6536177396774292,0.5384378433227539,-0.04794381186366081,0.6539130210876465,0.6055417060852051,-0.03488129749894142,0.6493816375732422,0.6175495386123657,-0.017410149797797203,0.6892001628875732,0.575496256351471,-0.02245485968887806,0.6863291263580322,0.5433951616287231,-0.03669577091932297,0.6800782680511475,0.5909661054611206,-0.022535977885127068,0.6770952939987183,0.6114720702171326,-0.007453197613358498
L,0.6788554787635803,0.7435389757156372,-1.2487588207932276e-07,0.62400221824646,0.722975492477417,-0.02778450772166252,0.5729826092720032,0.6919580698013306,-0.04394078999757767,0.5214232802391052,0.6688827872276306,-0.05886894464492798,0.48329341411590576,0.6540616154670715,-0.07137623429298401,0.5913383960723877,0.5755938291549683,-0.019662482663989067,0.5829445123672485,0.5056300163269043,-0.04797746613621712,0.5790096521377563,0.46253320574760437,-0.0632094144821167,0.5789464116096497,0.42105111479759216,-0.07037440687417984,0.6245487332344055,0.5757027864456177,-0.016212977468967438,0.6181251406669617,0.5424712896347046,-0.04215286672115326,0.6228486895561218,0.6128032207489014,-0.036667488515377045,0.6221895217895508,0.6263604164123535,-0.02543158456683159,0.6580693125724792,0.5781351327896118,-0.018927909433841705,0.652626097202301,0.5484284162521362,-0.04967537149786949,0.6534568071365356,0.6154186129570007,-0.03633667528629303,0.6496542096138,0.626244068145752,-0.01855991967022419,0.6894710063934326,0.584656298160553,-0.023997940123081207,0.6856159567832947,0.5523101687431335,-0.037857990711927414,0.6798372864723206,0.5995853543281555,-0.023195961490273476,0.6777228713035583,0.6199279427528381,-0.0078085679560899734
L,0.679578959941864,0.7535995244979858,-1.381390717369868e-07,0.6241554021835327,0.7343763113021851,-0.028142178431153297,0.5727730393409729,0.7027725577354431,-0.044563427567481995,0.5212016105651855,0.6787012219429016,-0.059729307889938354,0.4828389883041382,0.6640786528587341,-0.07249049097299576,0.5913853645324707,0.585995614528656,-0.02005365863442421,0.5829636454582214,0.5161797404289246,-0.04841999709606171,0.5788360238075256,0.4733960032463074,-0.06329707056283951,0.5780802965164185,0.4318849444389343,-0.0702582597732544,0.6243890523910522,0.5855807065963745,-0.016538605093955994,0.6187755465507507,0.5534956455230713,-0.042832229286432266,0.6238313317298889,0.6244142651557922,-0.037221867591142654,0.6226038336753845,0.6377362608909607,-0.025843000039458275,0.6578787565231323,0.5877246856689453,-0.019174762070178986,0.6529683470726013,0.5595189332962036,-0.05060520023107529,0.6541212797164917,0.6270283460617065,-0.03719893842935562,0.6500353217124939,0.637528657913208,-0.01922508329153061,0.6893893480300903,0.5939409732818604,-0.0241403728723526,0.6852877140045166,0.5635626912117004,-0.03852110356092453,0.6799650192260742,0.6113844513893127,-0.023928562179207802,0.6773691773414612,0.631229817867279,-0.008479380048811436
L,0.6788579821586609,0.7656140327453613,-1.4046642604625958e-07,0.62384432554245,0.7445857524871826,-0.027294719591736794,0.5726726651191711,0.7130100131034851,-0.04347250238060951,0.5211543440818787,0.6894510984420776,-0.058607518672943115,0.48274898529052734,0.6749488115310669,-0.0712554007768631,0.5910475850105286,0.5970844626426697,-0.019319036975502968,0.5825731754302979,0.5273674726486206,-0.048615023493766785,0.578313410282135,0.48423799872398376,-0.06411563605070114,0.577511191368103,0.4418230652809143,-0.07130788266658783,0.6240441203117371,0.5970955491065979,-0.016125202178955078,0.6179020404815674,0.5659245848655701,-0.042482662945985794,0.6232430934906006,0.637015700340271,-0.03652815520763397,0.6224021315574646,0.6490470170974731,-0.024992650374770164,0.6576274633407593,0.5992092490196228,-0.019213559105992317,0.6520512700080872,0.5712792873382568,-0.050302278250455856,0.653438925743103,0.6387790441513062,-0.03630169481039047,0.6502249240875244,0.6479306221008301,-0.01802879385650158,0.6891743540763855,0.6053990125656128,-0.02464521862566471,0.6846298575401306,0.5748908519744873,-0.038397159427404404,0.6792472004890442,0.6226613521575928,-0.023372013121843338,0.6775869131088257,0.641657292842865,-0.007686137687414885
L,0.6786462664604187,0.7784797549247742,-1.4397193126569618e-07,0.6240881085395813,0.7568141222000122,-0.028268912807106972,0.5732258558273315,0.7252407670021057,-0.04493122547864914,0.5211732983589172,0.7006339430809021,-0.06040717661380768,0.48254382610321045,0.6863096356391907,-0.07316716760396957,0.5913044810295105,0.6082626581192017,-0.01970689743757248,0.5824897289276123,0.5393589735031128,-0.04922483488917351,0.5778797268867493,0.4967297315597534,-0.06407582014799118,0.5771231651306152,0.45451104640960693,-0.07052849233150482,0.6238995790481567,0.6083283424377441,-0.01582791656255722,0.6178356409072876,0.5779094696044922,-0.04185118526220322,0.6228055357933044,0.6493744850158691,-0.03435760736465454,0.6215996146202087,0.6601009964942932,-0.021448129788041115,0.6572381258010864,0.6105453968048096,-0.018527096137404442,0.6517225503921509,0.5848137736320496,-0.04961639270186424,0.6530458927154541,0.6520007848739624,-0.035329125821590424,0.6497683525085449,0.6593238711357117,-0.01659311354160309,0.6886736750602722,0.6168097853660583,-0.023667700588703156,0.6839542984962463,0.5876726508140564,-0.037103842943906784,0.6781071424484253,0.6347969770431519,-0.022174062207341194,0.6763866543769836,0.6529244184494019,-0.006492153741419315
L,0.6766133904457092,0.7933769822120667,-1.3967380141366448e-07,0.6223703026771545,0.7728663086891174,-0.025940176099538803,0.5717014670372009,0.7387701869010925,-0.041727881878614426,0.5214267373085022,0.7128114700317383,-0.05721597373485565,0.4838006794452667,0.6995053291320801,-0.07056234776973724,0.5907027721405029,0.6218510270118713,-0.015985723584890366,0.5831032991409302,0.5524718165397644,-0.0433339923620224,0.5785016417503357,0.5081357955932617,-0.05697936192154884,0.5775159597396851,0.46648749709129333,-0.06317982822656631,0.6233038902282715,0.6218655705451965,-0.013906929641962051,0.6170721650123596,0.5906327366828918,-0.040832240134477615,0.6222348809242249,0.6615208983421326,-0.03521554917097092,0.6215142607688904,0.6732016801834106,-0.023126918822526932,0.6570175886154175,0.6235395669937134,-0.01789156161248684,0.6513519883155823,0.5980023741722107,-0.04891123250126839,0.6524757742881775,0.6642090678215027,-0.0346762090921402,0.6499100923538208,0.6733229160308838,-0.015870796516537666,0.6888216137886047,0.6296257972717285,-0.024210136383771896,0.6831793785095215,0.6011825203895569,-0.038259103894233704,0.6780084371566772,0.6481010913848877,-0.02355501428246498,0.6768456101417542,0.6659755110740662,-0.007713064085692167
L,0.6776575446128845,0.8076009750366211,-1.23784900551982e-07,0.6229378581047058,0.787570059299469,-0.029771767556667328,0.5726260542869568,0.7551698684692383,-0.04793901368975639,0.5214529037475586,0.7295387983322144,-0.06502477079629898,0.4820796251296997,0.7144840955734253,-0.07916953414678574,0.591326117515564,0.6338299512863159,-0.01964641734957695,0.5834142565727234,0.5649946331977844,-0.049689069390296936,0.5786259770393372,0.521029531955719,-0.06390829384326935,0.5777727365493774,0.47879189252853394,-0.06947837024927139,0.6241855025291443,0.6348135471343994,-0.01572996750473976,0.6177284121513367,0.6040900349617004,-0.04242968559265137,0.6225769519805908,0.6767582297325134,-0.03422587364912033,0.6213657259941101,0.6847007870674133,-0.020010925829410553,0.657634973526001,0.6365060210227966,-0.018750183284282684,0.6520177125930786,0.6109215021133423,-0.05075211450457573,0.653052568435669,0.6784148812294006,-0.035427507013082504,0.6497709155082703,0.683687686920166,-0.01544482447206974,0.6890169382095337,0.6419118046760559,-0.02441410720348358,0.6839545965194702,0.6134089827537537,-0.03824107348918915,0.6789762377738953,0.6610910892486572,-0.02252352051436901,0.6778813004493713,0.6782975196838379,-0.0057905446738004684
L,0.6798675060272217,0.8172780275344849,-1.1338491390233685e-07,0.6241068840026855,0.7965230345726013,-0.029748769477009773,0.5730816125869751,0.7649218440055847,-0.047783978283405304,0.5217227935791016,0.7392634153366089,-0.06468410789966583,0.48197388648986816,0.7258992791175842,-0.07854986190795898,0.5916698575019836,0.6448396444320679,-0.019124669954180717,0.5834816694259644,0.5765357613563538,-0.04866226390004158,0.5788475871086121,0.5331444144248962,-0.06255493313074112,0.5777931809425354,0.49130553007125854,-0.06797835975885391,0.6244070529937744,0.6455234885215759,-0.015017187222838402,0.6166574358940125,0.6161000728607178,-0.04155527800321579,0.6220697164535522,0.6882358193397522,-0.033337417989969254,0.6215674877166748,0.6949136853218079,-0.01910804957151413,0.6576632261276245,0.6469274163246155,-0.01786893978714943,0.6511046886444092,0.6231414079666138,-0.04938535392284393,0.6523653268814087,0.6898660659790039,-0.034416042268276215,0.6495177745819092,0.6937970519065857,-0.014737396501004696,0.6889767646789551,0.6516099572181702,-0.023411324247717857,0.6836838722229004,0.6248925924301147,-0.0365009643137455,0.6784677505493164,0.6712536215782166,-0.02110985293984413,0.6776912212371826,0.6872686147689819,-0.004755916073918343
L,0.6792452335357666,0.8210184574127197,-1.239973812516837e-07,0.6252230405807495,0.8016819357872009,-0.03001396730542183,0.5766594409942627,0.772944450378418,-0.04794171079993248,0.5258323550224304,0.7487442493438721,-0.06432131677865982,0.48768818378448486,0.7346548438072205,-0.07757635414600372,0.5924757719039917,0.6545949578285217,-0.021519113332033157,0.5846157073974609,0.5862059593200684,-0.05234885215759277,0.5804296135902405,0.5430529713630676,-0.06768971681594849,0.5792422294616699,0.5013432502746582,-0.07404623925685883,0.6249024271965027,0.6555544137954712,-0.01711943745613098,0.6180392503738403,0.6274665594100952,-0.04376032575964928,0.6235422492027283,0.6981359124183655,-0.03621849790215492,0.6213660836219788,0.7048711776733398,-0.02305162325501442,0.657607913017273,0.6570993661880493,-0.019589530304074287,0.6522136926651001,0.6336373686790466,-0.05161511152982712,0.6537466645240784,0.6996930241584778,-0.037174951285123825,0.6488861441612244,0.7035924792289734,-0.018050294369459152,0.6883147954940796,0.6617895364761353,-0.024702178314328194,0.6841037273406982,0.6356642842292786,-0.03833611309528351,0.679602324962616,0.6816973686218262,-0.02302481234073639,0.677588701248169,0.6980922818183899,-0.006782782729715109
L,0.6798629760742188,0.8289478421211243,-1.3257749742479064e-07,0.6261612772941589,0.8095954656600952,-0.029651258140802383,0.5761436820030212,0.7794389724731445,-0.04686915874481201,0.5254502892494202,0.7564555406570435,-0.06227511912584305,0.48630619049072266,0.7434622645378113,-0.07455072551965714,0.5925787091255188,0.6623226404190063,-0.022602325305342674,0.585407555103302,0.5951762199401855,-0.05347167328000069,0.5810424089431763,0.5526388883590698,-0.06851810961961746,0.5799927711486816,0.5104327201843262,-0.0745488777756691,0.6257044076919556,0.6628100275993347,-0.0181465782225132,0.6187675595283508,0.6359113454818726,-0.0432954765856266,0.6243792176246643,0.7070671916007996,-0.034304529428482056,0.6228398680686951,0.7129949927330017,-0.020467542111873627,0.6587157845497131,0.6646729707717896,-0.02060813456773758,0.6526553630828857,0.6418797373771667,-0.052116505801677704,0.6545075178146362,0.708245038986206,-0.037595830857753754,0.6502826809883118,0.7110636234283447,-0.018656572327017784,0.6898418068885803,0.6698098182678223,-0.025556104257702827,0.6846591830253601,0.6428809762001038,-0.039002228528261185,0.6799988746643066,0.6891865134239197,-0.023651177063584328,0.6782305836677551,0.7061080932617188,-0.007623658515512943
L,0.6801288723945618,0.8332390785217285,-1.2699106832769758e-07,0.6271383762359619,0.8152742385864258,-0.02873167209327221,0.5771059989929199,0.7855988144874573,-0.0458991602063179,0.5279507040977478,0.7620269060134888,-0.06145627424120903,0.48856842517852783,0.7494280338287354,-0.07390929758548737,0.5946921706199646,0.6684833765029907,-0.022920431569218636,0.5874872207641602,0.6008003354072571,-0.05287587270140648,0.5835092663764954,0.5579438209533691,-0.06657769531011581,0.5820060968399048,0.515435516834259,-0.07178472727537155,0.6276196837425232,0.669308602809906,-0.018699515610933304,0.6196879744529724,0.6436668634414673,-0.043413758277893066,0.6253881454467773,0.7144617438316345,-0.03336067125201225,0.6239644289016724,0.718425989151001,-0.018921148031949997,0.6603175401687622,0.6712055206298828,-0.021163545548915863,0.6528573632240295,0.6490886807441711,-0.05176364257931709,0.6551214456558228,0.7151924967765808,-0.03595608100295067,0.6516010761260986,0.7159934639930725,-0.016572371125221252,0.6908389329910278,0.6755220890045166,-0.02606332302093506,0.6847292184829712,0.6498851776123047,-0.038855209946632385,0.6810387969017029,0.6957355737686157,-0.02300139144062996,0.6808034181594849,0.7101811766624451,-0.006855393759906292
L,0.6815379858016968,0.8369584083557129,-1.087176855207872e-07,0.6291370391845703,0.8192040324211121,-0.028724752366542816,0.5793030858039856,0.789703905582428,-0.04684361442923546,0.5303773283958435,0.7668010592460632,-0.06365924328565598,0.490859717130661,0.7534006237983704,-0.07742549479007721,0.5960831046104431,0.6716320514678955,-0.02276383526623249,0.5892797708511353,0.6051207780838013,-0.05282413214445114,0.5853284001350403,0.5627830028533936,-0.06663405895233154,0.583854079246521,0.5197654962539673,-0.07220364362001419,0.6291767358779907,0.6723635196685791,-0.018956903368234634,0.6209760904312134,0.6481320261955261,-0.04507292062044144,0.6264235973358154,0.7178811430931091,-0.03606335073709488,0.6253283619880676,0.7205120921134949,-0.022189313545823097,0.662198007106781,0.6748272776603699,-0.02172885648906231,0.654016375541687,0.6549774408340454,-0.0527462437748909,0.6560261249542236,0.7201493382453918,-0.03690377622842789,0.6531936526298523,0.7198359966278076,-0.01754540205001831,0.6928480863571167,0.6793315410614014,-0.027015112340450287,0.6860761642456055,0.6550895571708679,-0.04042468219995499,0.6817367672920227,0.7013112902641296,-0.025007573887705803,0.6818473935127258,0.714867115020752,-0.009088028222322464
L,0.6834370493888855,0.8377565145492554,-7.778485411336078e-08,0.6312456727027893,0.8196447491645813,-0.029729528352618217,0.5814682841300964,0.790434718132019,-0.048605892807245255,0.5324534773826599,0.7676244974136353,-0.06634701788425446,0.49273496866226196,0.755186915397644,-0.0808858722448349,0.5976362228393555,0.6721732020378113,-0.02121012657880783,0.5907732844352722,0.6060875654220581,-0.04985925555229187,0.5871737599372864,0.5640685558319092,-0.06233775615692139,0.5859420299530029,0.5218490958213806,-0.06716790795326233,0.6305009722709656,0.673330545425415,-0.01718602329492569,0.6219850778579712,0.6485840082168579,-0.043593212962150574,0.6277936697006226,0.7184481620788574,-0.034564971923828125,0.6273353695869446,0.7205165028572083,-0.02022426389157772,0.6635307669639587,0.676172137260437,-0.01989392563700676,0.6556178331375122,0.6560532450675964,-0.050768718123435974,0.6574745178222656,0.7203770875930786,-0.03484683111310005,0.654804527759552,0.7191221714019775,-0.015252671204507351,0.6940737962722778,0.68047696352005,-0.02530207857489586,0.688023030757904,0.6556059718132019,-0.038337621837854385,0.683286726474762,0.7011178731918335,-0.02315974235534668,0.68326735496521,0.7135686278343201,-0.007426429074257612
L,0.6867658495903015,0.8350145220756531,-5.983849860058399e-08,0.6345995664596558,0.8178269267082214,-0.030197033658623695,0.5838354825973511,0.7882339358329773,-0.049421001225709915,0.5345634818077087,0.7658110857009888,-0.06765605509281158,0.4940875470638275,0.7551236152648926,-0.08281862735748291,0.5993594527244568,0.6704052686691284,-0.02008681371808052,0.5934461951255798,0.604720950126648,-0.047296542674303055,0.5901387929916382,0.5624920725822449,-0.058583494275808334,0.5891469717025757,0.5203300714492798,-0.06296287477016449,0.6328784227371216,0.6718411445617676,-0.01669311337172985,0.6242768168449402,0.647037923336029,-0.043926190584897995,0.6301455497741699,0.717074453830719,-0.036241039633750916,0.6300464868545532,0.7179619073867798,-0.02255871519446373,0.6660772562026978,0.6748276352882385,-0.019908934831619263,0.6586103439331055,0.655123233795166,-0.05200088769197464,0.6597980260848999,0.7193794250488281,-0.036643702536821365,0.6566982269287109,0.7181109189987183,-0.017155617475509644,0.6969773173332214,0.6786994934082031,-0.025843165814876556,0.6903113126754761,0.6549708843231201,-0.04018457606434822,0.6861853003501892,0.7009359002113342,-0.025468679144978523,0.6856052875518799,0.7130991220474243,-0.009793783538043499
L,0.6901620030403137,0.8323149085044861,-5.284996973387024e-08,0.6368404626846313,0.8132699131965637,-0.030849557369947433,0.5882151126861572,0.7850444316864014,-0.049978431314229965,0.5376311540603638,0.76314377784729,-0.06770362704992294,0.4966060221195221,0.7525878548622131,-0.08201218396425247,0.6020687818527222,0.6669629812240601,-0.019443918019533157,0.5958575010299683,0.6018378138542175,-0.047243084758520126,0.5925556421279907,0.5604274272918701,-0.060114696621894836,0.5920906662940979,0.51766037940979,-0.06541568040847778,0.6360054612159729,0.6683906316757202,-0.015337368473410606,0.629202663898468,0.6429499387741089,-0.04083629325032234,0.6344536542892456,0.7125549912452698,-0.033664003014564514,0.6334736943244934,0.7145375609397888,-0.021083872765302658,0.6691011786460876,0.6712350845336914,-0.01806900091469288,0.6624728441238403,0.6492382287979126,-0.04841414839029312,0.6634123921394348,0.7132440805435181,-0.03367549553513527,0.6599850654602051,0.7137395143508911,-0.015203264541924,0.6994576454162598,0.6757749319076538,-0.023652149364352226,0.6940031051635742,0.6492671966552734,-0.0364164300262928,0.689375102519989,0.6945400834083557,-0.0213636327534914,0.688622236251831,0.708907425403595,-0.005809838883578777
L,0.69330894947052,0.8288005590438843,-3.802624348736572e-08,0.639717161655426,0.8087360262870789,-0.031173966825008392,0.5919608473777771,0.7808563709259033,-0.050381872802972794,0.54151451587677,0.758574366569519,-0.06824817508459091,0.501090943813324,0.748153805732727,-0.08255008608102798,0.604232668876648,0.66154545545578,-0.0179832112044096,0.5979095697402954,0.5961114168167114,-0.04545541852712631,0.5948013663291931,0.5544241070747375,-0.058397214859724045,0.5946279764175415,0.5121772885322571,-0.06368388235569,0.6383059620857239,0.6636017560958862,-0.013887072913348675,0.6319305896759033,0.6373000144958496,-0.0388355478644371,0.6372985243797302,0.706224262714386,-0.03202371299266815,0.6359148025512695,0.7080983519554138,-0.019718583673238754,0.6716883182525635,0.6662904620170593,-0.01676645129919052,0.665794849395752,0.6430658102035522,-0.04632122814655304,0.6664747595787048,0.7064063549041748,-0.03168163448572159,0.6626193523406982,0.7081308364868164,-0.013383838348090649,0.7022108435630798,0.6711996793746948,-0.0226654764264822,0.6974371075630188,0.643255352973938,-0.03530878573656082,0.692144513130188,0.6884170174598694,-0.020386191084980965,0.690468966960907,0.7046785950660706,-0.004767527338117361
L,0.6976916193962097,0.8237160444259644,-3.8970753735156904e-08,0.6434258222579956,0.803390622138977,-0.032283127307891846,0.5950735211372375,0.7753055691719055,-0.05141547694802284,0.5439792275428772,0.7519620656967163,-0.06896662712097168,0.5031623840332031,0.741364598274231,-0.08273284882307053,0.6068065166473389,0.6552829742431641,-0.017909031361341476,0.6002060174942017,0.5886635780334473,-0.0463281087577343,0.5972652435302734,0.5469985008239746,-0.05979868397116661,0.5970472693443298,0.5044816732406616,-0.06519606709480286,0.6408880949020386,0.6581609845161438,-0.013399898074567318,0.6338919401168823,0.6305276155471802,-0.03959019109606743,0.639231264591217,0.7005658745765686,-0.03337196260690689,0.6374592185020447,0.7023922204971313,-0.02104107104241848,0.6742602586746216,0.6604990363121033,-0.016106002032756805,0.6685561537742615,0.6355099678039551,-0.04723986238241196,0.6691332459449768,0.7006270289421082,-0.032800521701574326,0.6648592948913574,0.7031101584434509,-0.013962672092020512,0.7046583890914917,0.6649958491325378,-0.021900063380599022,0.7003541588783264,0.6360023021697998,-0.0353919118642807,0.6953339576721191,0.6822983026504517,-0.020396921783685684,0.6933912038803101,0.699561595916748,-0.00428437627851963
L,0.6975732445716858,0.813276469707489,-5.3891479723233715e-08,0.6424757838249207,0.7928147315979004,-0.02917061373591423,0.5947851538658142,0.7654238939285278,-0.04642782360315323,0.5434642434120178,0.7428609728813171,-0.06257083266973495,0.5038305521011353,0.7334505319595337,-0.07570818066596985,0.6089046001434326,0.6485493183135986,-0.015656260773539543,0.6016978025436401,0.5811480283737183,-0.04252356290817261,0.5985797047615051,0.5392093062400818,-0.05687982961535454,0.5977617502212524,0.4972982406616211,-0.06366042047739029,0.6427422761917114,0.6503692865371704,-0.01202273741364479,0.6355287432670593,0.6220321655273438,-0.03871244192123413,0.6415686011314392,0.6906765103340149,-0.03559457138180733,0.6407285332679749,0.6982498168945312,-0.025876250118017197,0.6762219071388245,0.6527115702629089,-0.014761297963559628,0.6703351736068726,0.626821756362915,-0.045262210071086884,0.6712531447410583,0.6914252638816833,-0.03253881633281708,0.6674562096595764,0.6984220743179321,-0.015239275060594082,0.7061803340911865,0.6573201417922974,-0.020203130319714546,0.7023055553436279,0.6275520324707031,-0.033601194620132446,0.6973586082458496,0.6735422015190125,-0.01928875595331192,0.6956225633621216,0.6915287971496582,-0.003911057021468878
L,0.7005668878555298,0.8017687201499939,-5.5628031958576685e-08,0.6457575559616089,0.7819108963012695,-0.02883082628250122,0.5976841449737549,0.7557318806648254,-0.045874856412410736,0.5462076663970947,0.7348429560661316,-0.06179022043943405,0.5066806077957153,0.726266086101532,-0.07454969733953476,0.6103099584579468,0.6396321058273315,-0.015528392978012562,0.6025564670562744,0.5729522705078125,-0.04277414456009865,0.5995928049087524,0.5316462516784668,-0.057013895362615585,0.5987911224365234,0.48958200216293335,-0.06354361772537231,0.6438007950782776,0.6413832902908325,-0.012020692229270935,0.637188196182251,0.6141321063041687,-0.038028743118047714,0.6431719064712524,0.6820124983787537,-0.03423347696661949,0.6417936682701111,0.6880786418914795,-0.024254674091935158,0.677111804485321,0.6434974670410156,-0.01502369437366724,0.6712640523910522,0.6183942556381226,-0.04522166773676872,0.6726512312889099,0.6825538277626038,-0.03221787512302399,0.6690908074378967,0.6884629130363464,-0.014799774624407291,0.7074108719825745,0.6478381752967834,-0.020726045593619347,0.7032665014266968,0.6179221272468567,-0.03387673199176788,0.6986316442489624,0.6636202931404114,-0.019437119364738464,0.6969600915908813,0.6814757585525513,-0.003987514413893223
L,0.7012655138969421,0.7898344397544861,-7.24425319731381e-08,0.6470189094543457,0.7712677717208862,-0.027085963636636734,0.5990750789642334,0.7452030181884766,-0.04251496493816376,0.5490397810935974,0.7251749038696289,-0.05688660219311714,0.5113636255264282,0.7161276936531067,-0.0681518018245697,0.610420286655426,0.6302696466445923,-0.014535419642925262,0.6028679609298706,0.5636439323425293,-0.04110276326537132,0.6003584861755371,0.5233566761016846,-0.05538368597626686,0.5996548533439636,0.48176658153533936,-0.06213352456688881,0.6442671418190002,0.6316428184509277,-0.011723524890840054,0.6384685635566711,0.6037610769271851,-0.037660133093595505,0.6449899673461914,0.670732855796814,-0.03483949974179268,0.643500566482544,0.6781865954399109,-0.025814153254032135,0.6777524948120117,0.6338517665863037,-0.015087381936609745,0.6726483106613159,0.6082441210746765,-0.045188918709754944,0.6743237376213074,0.6721186637878418,-0.033241286873817444,0.670089602470398,0.6788227558135986,-0.016773946583271027,0.7080854773521423,0.6382063627243042,-0.020892981439828873,0.7043205499649048,0.6078425049781799,-0.034202251583337784,0.6997910737991333,0.6536195278167725,-0.02022051066160202,0.6971709132194519,0.6720877289772034,-0.005253631621599197
L,0.702914297580719,0.7786930203437805,-7.290197601150794e-08,0.6489543914794922,0.7617868781089783,-0.027157383039593697,0.6007595062255859,0.7364488840103149,-0.042819052934646606,0.5510799288749695,0.7168334722518921,-0.05744114890694618,0.5130298137664795,0.7082014679908752,-0.06898317486047745,0.6119040250778198,0.6210941672325134,-0.014827391132712364,0.6047077775001526,0.5549061298370361,-0.04119498282670975,0.6018139719963074,0.5151511430740356,-0.05493323504924774,0.6010710000991821,0.4735672175884247,-0.061330750584602356,0.6458621025085449,0.6222478151321411,-0.01211386639624834,0.640472948551178,0.5930644273757935,-0.03795737028121948,0.6468545794487,0.6608432531356812,-0.03464771807193756,0.6454270482063293,0.6677936911582947,-0.02522517368197441,0.6791455149650574,0.6240711212158203,-0.015583493746817112,0.6746345162391663,0.5978917479515076,-0.04595812037587166,0.6759031414985657,0.662601113319397,-0.033799219876527786,0.6714556217193604,0.6695414185523987,-0.017162049189209938,0.7094014883041382,0.6281771659851074,-0.0214888583868742,0.7063765525817871,0.5981005430221558,-0.03538186103105545,0.7016645073890686,0.6443341374397278,-0.021685026586055756,0.6987549662590027,0.6631668210029602,-0.006898994091898203
L,0.705066442489624,0.7694358825683594,-5.8812439363009616e-08,0.6507752537727356,0.7517483830451965,-0.026035528630018234,0.6017208695411682,0.725495457649231,-0.041532933712005615,0.5510430335998535,0.706725001335144,-0.05642121285200119,0.5125768184661865,0.6994737386703491,-0.06859918683767319,0.6136871576309204,0.6119208335876465,-0.013544292189180851,0.6055854558944702,0.5453330278396606,-0.03915426507592201,0.6024523377418518,0.5050508975982666,-0.05339233949780464,0.6014253497123718,0.4640669822692871,-0.06067223101854324,0.6469281911849976,0.6121227741241455,-0.011371280066668987,0.6409850716590881,0.5830104351043701,-0.03809354826807976,0.6482221484184265,0.6500211358070374,-0.036730047315359116,0.6477421522140503,0.6595558524131775,-0.028735065832734108,0.6802245378494263,0.6138654947280884,-0.014961848966777325,0.6753908395767212,0.5871422290802002,-0.0452914796769619,0.6770646572113037,0.6513130068778992,-0.03391488641500473,0.6730664372444153,0.6610522270202637,-0.017932424321770668,0.7101917266845703,0.618574857711792,-0.020861981436610222,0.7073919773101807,0.5875588655471802,-0.03483697026968002,0.7025849223136902,0.6337898373603821,-0.021512344479560852,0.6995744705200195,0.6531718969345093,-0.007104809395968914
L,0.7065287828445435,0.7582249641418457,-6.132313501439057e-08,0.6522250175476074,0.7416466474533081,-0.025050049647688866,0.6032499074935913,0.715335488319397,-0.04047751799225807,0.5536302328109741,0.6967871189117432,-0.0554666742682457,0.5153262615203857,0.6903306841850281,-0.06799956411123276,0.6148466467857361,0.6024301052093506,-0.014174526557326317,0.6062284708023071,0.5357497930526733,-0.03881467506289482,0.6029887199401855,0.4952467083930969,-0.052226223051548004,0.6022530198097229,0.45535123348236084,-0.05903583765029907,0.6478328704833984,0.6019876003265381,-0.012356131337583065,0.6423671841621399,0.5720474123954773,-0.03806125372648239,0.6500694751739502,0.6384060382843018,-0.03568778187036514,0.6505371928215027,0.649208128452301,-0.02716486155986786,0.6812043190002441,0.6035576462745667,-0.016064299270510674,0.6767547130584717,0.5764570236206055,-0.045450445264577866,0.6785297393798828,0.6399661898612976,-0.033595770597457886,0.6751090288162231,0.6507664918899536,-0.01755165308713913,0.7116068005561829,0.6083096265792847,-0.021969346329569817,0.7087849378585815,0.5767131447792053,-0.03538588434457779,0.7038622498512268,0.6226058006286621,-0.021813254803419113,0.700901985168457,0.6421014666557312,-0.007446395233273506
L,0.7108244895935059,0.747158408164978,-5.9494315252095475e-08,0.6552748084068298,0.7304800152778625,-0.02423577569425106,0.6055448055267334,0.7049347758293152,-0.03900442272424698,0.5559375882148743,0.6868369579315186,-0.05349957197904587,0.517547070980072,0.6806701421737671,-0.06565284729003906,0.6173259019851685,0.5924344658851624,-0.012235495261847973,0.6087398529052734,0.5263584852218628,-0.03650190681219101,0.6055663228034973,0.48603418469429016,-0.050226613879203796,0.6046950817108154,0.4458860158920288,-0.05736856907606125,0.6505149602890015,0.5922527313232422,-0.010640009306371212,0.6448461413383484,0.561991810798645,-0.03610413894057274,0.6521106362342834,0.6277363896369934,-0.03454761579632759,0.652378261089325,0.638608992099762,-0.02666536346077919,0.6836605072021484,0.5936090350151062,-0.014512410387396812,0.6784588098526001,0.5660790205001831,-0.04388897866010666,0.6803362965583801,0.6296485066413879,-0.03260713070631027,0.6774154305458069,0.6408866047859192,-0.016867322847247124,0.7139800190925598,0.5977280139923096,-0.020485930144786835,0.7106865048408508,0.5661510229110718,-0.03395993262529373,0.7060046195983887,0.6117690205574036,-0.020562948659062386,0.7036294937133789,0.631202757358551,-0.00625954894348979
L,0.7134298086166382,0.7370386123657227,-5.869269159575197e-08,0.6573475003242493,0.7198935747146606,-0.023853693157434464,0.6080307960510254,0.6947428584098816,-0.03784765675663948,0.5584986209869385,0.6758136749267578,-0.05145641043782234,0.5204328298568726,0.6686515808105469,-0.06279794871807098,0.6194663643836975,0.5827419757843018,-0.011417941190302372,0.6109128594398499,0.5162360072135925,-0.03525324910879135,0.6084760427474976,0.47556284070014954,-0.04951002076268196,0.6080325245857239,0.4359699487686157,-0.05711672455072403,0.6523963212966919,0.5821774005889893,-0.009798280894756317,0.6473745703697205,0.5492782592773438,-0.03473910316824913,0.6552091240882874,0.6145565509796143,-0.03391440957784653,0.6550282835960388,0.6280503869056702,-0.02666379325091839,0.6854414343833923,0.5836926698684692,-0.013528590090572834,0.6812693476676941,0.5541043877601624,-0.042499348521232605,0.6837545037269592,0.6176154613494873,-0.03203333169221878,0.6800474524497986,0.6310167908668518,-0.016834938898682594,0.7157340049743652,0.588607907295227,-0.019273417070508003,0.7131239175796509,0.5552954077720642,-0.03235693648457527,0.7087705731391907,0.60029536485672,-0.019059287384152412,0.7056564092636108,0.620546281337738,-0.00489084655418992
L,0.7164865732192993,0.726610541343689,-5.934695934683987e-08,0.6605185866355896,0.7103167176246643,-0.02421814762055874,0.61091148853302,0.6847902536392212,-0.03889169543981552,0.5615778565406799,0.6651849150657654,-0.0532505102455616,0.5227920413017273,0.6585065126419067,-0.0653378814458847,0.622520923614502,0.5731125473976135,-0.011686465702950954,0.6139174699783325,0.50694739818573,-0.035240352153778076,0.6113582849502563,0.46700823307037354,-0.048856135457754135,0.6107098460197449,0.4274103045463562,-0.05608440935611725,0.6557102203369141,0.5720697045326233,-0.010161350481212139,0.6517642736434937,0.539818286895752,-0.03531292825937271,0.6596645712852478,0.6055397391319275,-0.03393252566456795,0.6591606736183167,0.6182901859283447,-0.026187732815742493,0.6885955929756165,0.5733402967453003,-0.014042661525309086,0.6854121088981628,0.5442845821380615,-0.04363135248422623,0.6876611113548279,0.608078122138977,-0.03292325139045715,0.6835846304893494,0.6211004853248596,-0.017508964985609055,0.7186816334724426,0.5776268243789673,-0.019937746226787567,0.7171719670295715,0.5456167459487915,-0.03391633555293083,0.7127122282981873,0.591274082660675,-0.02094183675944805,0.7089788317680359,0.6115705370903015,-0.006916152313351631
L,0.7209117412567139,0.7158796787261963,-6.615560010914123e-08,0.6632680892944336,0.6998364925384521,-0.022735193371772766,0.6136792898178101,0.6750440001487732,-0.0361960344016552,0.5646040439605713,0.6553214192390442,-0.049566593021154404,0.5268434882164001,0.6483615636825562,-0.060967572033405304,0.6266484260559082,0.5643805265426636,-0.009698118083178997,0.6179593801498413,0.4978729486465454,-0.032571692019701004,0.6152791380882263,0.4577040672302246,-0.04678899049758911,0.6144679188728333,0.41844800114631653,-0.05471731349825859,0.6596606969833374,0.5631210207939148,-0.008503085933625698,0.6554762721061707,0.5301332473754883,-0.03343256190419197,0.6633722186088562,0.5949760675430298,-0.03323577344417572,0.6632555723190308,0.6106002926826477,-0.026509372517466545,0.692615270614624,0.5642384886741638,-0.012456372380256653,0.6890426278114319,0.5341666340827942,-0.04130774363875389,0.6917253136634827,0.5979192852973938,-0.031173862516880035,0.6878706216812134,0.6135193109512329,-0.016344571486115456,0.7225983738899231,0.5688802599906921,-0.018309002742171288,0.7210478782653809,0.5361849069595337,-0.03194824606180191,0.7167373895645142,0.5817604064941406,-0.019169390201568604,0.7130492329597473,0.6025782823562622,-0.005404598545283079
