N with wrist,0.0,0.0,0.0,-0.035340309143066406,-0.009562671184539795,-0.03041703126055495,-0.06988245248794556,-0.01134645938873291,-0.0622725343577315,-0.08217775821685791,0.015595078468322754,-0.090660166578715,-0.07828795909881592,0.04613542556762695,-0.11857004149479167,-0.0683099627494812,-0.09271013736724854,-0.085162658827727,-0.07897090911865234,-0.0566563606262207,-0.12660523934883372,-0.07561129331588745,0.026949524879455566,-0.14394043071789042,-0.07560867071151733,0.09181451797485352,-0.1508372394613673,-0.01936572790145874,-0.09560602903366089,-0.09115860297006861,-0.03555130958557129,-0.09734976291656494,-0.13924109621567027,-0.043404579162597656,-0.010405361652374268,-0.15018322749656932,-0.05058807134628296,0.06268966197967529,-0.14932569547218577,0.026688337326049805,-0.08274787664413452,-0.09680181427521006,0.015044093132019043,-0.036521732807159424,-0.14053086622280375,-0.0007218718528747559,0.04660552740097046,-0.1412513075642039,-0.018838047981262207,0.10754400491714478,-0.132784110145991,0.06535488367080688,-0.05864328145980835,-0.1033462999634196,0.07179617881774902,-0.02719128131866455,-0.1308423845343043,0.0664597749710083,0.017145156860351562,-0.12646737380546824,0.055632829666137695,0.049895524978637695,-0.11832043214363352
N with wrist,0.0,0.0,0.0,-0.03710806369781494,-0.02020353078842163,-0.026435744290395746,-0.05914884805679321,-0.08081614971160889,-0.04544700709466554,-0.05216938257217407,-0.12983232736587524,-0.06392833990339852,-0.037350475788116455,-0.15820014476776123,-0.08030292046551324,-0.06017589569091797,-0.17119109630584717,-0.034808751468702326,-0.06898188591003418,-0.20936739444732666,-0.08224333477501489,-0.0667414665222168,-0.15782219171524048,-0.11117403609041787,-0.06508457660675049,-0.10397875308990479,-0.12250336659435845,-0.014239370822906494,-0.18393558263778687,-0.03952419412617303,-0.025627851486206055,-0.23969775438308716,-0.08993408483748055,-0.032448410987854004,-0.18344837427139282,-0.10809541148428536,-0.034033894538879395,-0.1237524151802063,-0.10612085861448861,0.031684815883636475,-0.17598199844360352,-0.048488013719364176,0.024948954582214355,-0.1635608673095703,-0.09448194903616525,0.008151352405548096,-0.08624744415283203,-0.0946937615919552,-0.004426181316375732,-0.029781103134155273,-0.0799004624534092,0.0748935341835022,-0.15263259410858154,-0.05916263562922097,0.07238852977752686,-0.14522898197174072,-0.08469421071295358,0.05491858720779419,-0.09497851133346558,-0.07685664695982553,0.04152923822402954,-0.0590398907661438,-0.06202681389932252
N with wrist,0.0,0.0,0.0,-0.04223209619522095,-0.029074132442474365,-0.021658294811544465,-0.057595252990722656,-0.12045431137084961,-0.03919119106203084,-0.036661624908447266,-0.20085066556930542,-0.054062248184976625,-0.004978477954864502,-0.25954341888427734,-0.06575825528770451,-0.07596784830093384,-0.14416462182998657,-0.0503728361573792,-0.08675909042358398,-0.24010425806045532,-0.08847373442321782,-0.07749098539352417,-0.21670812368392944,-0.10512853877216344,-0.07161784172058105,-0.1742556095123291,-0.10804081426530843,-0.03228205442428589,-0.15162312984466553,-0.05335659624606137,-0.043737709522247314,-0.26569992303848267,-0.08938413576751714,-0.043628692626953125,-0.2388172745704651,-0.09562130735784535,-0.04123342037200928,-0.19325929880142212,-0.0908129857626534,0.015431880950927734,-0.14812445640563965,-0.057950572088060426,0.013491988182067871,-0.22426867485046387,-0.09084947125583653,-0.0013317465782165527,-0.1671314239501953,-0.08067262636095052,-0.013986289501190186,-0.1167789101600647,-0.06371109650999074,0.0630033016204834,-0.13827276229858398,-0.0633893133845902,0.058106184005737305,-0.1997728943824768,-0.08136531428962712,0.03990048170089722,-0.1597796082496643,-0.06798181401163106,0.026508629322052002,-0.12106555700302124,-0.05214268432527547
N with wrist,0.0,0.0,0.0,-0.05180323123931885,-0.040337443351745605,-0.018346256673169137,-0.0635911226272583,-0.14059466123580933,-0.03316475367529392,-0.030241012573242188,-0.22441697120666504,-0.04698447054607868,0.0022839903831481934,-0.2874377965927124,-0.057667023598980904,-0.07775402069091797,-0.16424059867858887,-0.031630802064967156,-0.086029052734375,-0.26106327772140503,-0.06522026947124004,-0.07826435565948486,-0.22764909267425537,-0.08064283719642162,-0.07271599769592285,-0.18027877807617188,-0.08329689791781902,-0.030126333236694336,-0.1729993224143982,-0.03641158631427288,-0.04365682601928711,-0.2870374917984009,-0.06718098661286831,-0.046480000019073486,-0.2540341019630432,-0.07374936631305218,-0.046844542026519775,-0.20648878812789917,-0.06917463532073498,0.019589900970458984,-0.17032945156097412,-0.043690144181084634,0.008447110652923584,-0.2380002737045288,-0.07162449797971249,-0.005389153957366943,-0.1747208833694458,-0.06316935560090542,-0.01676952838897705,-0.12401098012924194,-0.04833501866443157,0.06846284866333008,-0.16011643409729004,-0.051917268991303445,0.05191373825073242,-0.21043020486831665,-0.06446376731975079,0.03583031892776489,-0.1605115532875061,-0.04968237048370838,0.02575218677520752,-0.119789719581604,-0.03404260715825558
N with wrist,0.0,0.0,0.0,-0.050423264503479004,-0.0513264536857605,-0.020857258852288396,-0.06236749887466431,-0.1496981382369995,-0.0340326010842773,-0.029216408729553223,-0.23007774353027344,-0.04749452244834629,-0.00017148256301879883,-0.2936705946922302,-0.05688708570198742,-0.07737404108047485,-0.20402038097381592,-0.011018012802765043,-0.09163254499435425,-0.27593594789505005,-0.04544284116821018,-0.08141404390335083,-0.21531367301940918,-0.06542847227649418,-0.07476383447647095,-0.15844446420669556,-0.0718344516714069,-0.031171560287475586,-0.20850342512130737,-0.01583023291425434,-0.04831916093826294,-0.2938130497932434,-0.04799922477798191,-0.04868537187576294,-0.22832554578781128,-0.0570290602405521,-0.04901838302612305,-0.1693292260169983,-0.05293444838719097,0.016845881938934326,-0.19750511646270752,-0.02566580582754341,0.0036864280700683594,-0.24595308303833008,-0.0552716284652206,-0.0050127506256103516,-0.16649717092514038,-0.04579074602918354,-0.011642754077911377,-0.115447998046875,-0.029413179646894605,0.06328564882278442,-0.17743068933486938,-0.03752757531003681,0.04477524757385254,-0.2125077247619629,-0.050550746883914144,0.033943772315979004,-0.1570245623588562,-0.035199436511561544,0.029573142528533936,-0.12261861562728882,-0.018587717007562787
N with wrist,0.0,0.0,0.0,-0.05022084712982178,-0.05299621820449829,-0.019660883699032183,-0.06092935800552368,-0.14526677131652832,-0.031715058837505694,-0.0295945405960083,-0.22172915935516357,-0.04458210349497449,-0.0031664371490478516,-0.2842444181442261,-0.05363316193637502,-0.0747227668762207,-0.20110547542572021,-0.004317833226593848,-0.08987903594970703,-0.2630552649497986,-0.039521915022703524,-0.08036547899246216,-0.20213502645492554,-0.05997242510733258,-0.07089030742645264,-0.14875411987304688,-0.06671086430964124,-0.028733015060424805,-0.2095094919204712,-0.009823700529011603,-0.04966336488723755,-0.29573118686676025,-0.04722059250292432,-0.050618767738342285,-0.22903376817703247,-0.059285679016682025,-0.04685544967651367,-0.17059063911437988,-0.055106104467483874,0.01875406503677368,-0.19883960485458374,-0.020280559663149234,0.005052506923675537,-0.23535311222076416,-0.05564402148542058,-0.003693819046020508,-0.15037614107131958,-0.04812970117149007,-0.008158206939697266,-0.10017621517181396,-0.030324283171864863,0.06335312128067017,-0.17836767435073853,-0.03244155750093114,0.04259014129638672,-0.20070630311965942,-0.047164843533607836,0.03194236755371094,-0.14388245344161987,-0.03212562680658948,0.028107881546020508,-0.11264902353286743,-0.014680644613179084
N with wrist,0.0,0.0,0.0,-0.05109095573425293,-0.0545274019241333,-0.019576269197358442,-0.06450867652893066,-0.14242643117904663,-0.03292945865084107,-0.0338587760925293,-0.21978992223739624,-0.04746309387971337,-0.0027464628219604492,-0.2818865180015564,-0.05838769021917756,-0.07442218065261841,-0.197864830493927,-0.006665162271900726,-0.0916527509689331,-0.26319700479507446,-0.042835311028255774,-0.08064496517181396,-0.20389562845230103,-0.06432360130835946,-0.0710025429725647,-0.15078651905059814,-0.07196432072211678,-0.029594779014587402,-0.20411157608032227,-0.012958522881461931,-0.05139189958572388,-0.2936134934425354,-0.050555069926275564,-0.050172507762908936,-0.2285720705986023,-0.06373328435708459,-0.04723304510116577,-0.16772961616516113,-0.06082480866004403,0.016791224479675293,-0.193048894405365,-0.02408992032994206,0.0031040310859680176,-0.23279833793640137,-0.0603007459967273,-0.00627976655960083,-0.15059763193130493,-0.05523781571079667,-0.013908624649047852,-0.0983172059059143,-0.039329708549274756,0.06110900640487671,-0.17249155044555664,-0.03683551866103585,0.04089093208312988,-0.19837415218353271,-0.05263305920649941,0.029926657676696777,-0.14375901222229004,-0.03958902973224099,0.024237632751464844,-0.10983401536941528,-0.023901375937356306
N with wrist,0.0,0.0,0.0,-0.05204826593399048,-0.05428111553192139,-0.018367123468891577,-0.06639540195465088,-0.144974946975708,-0.03070890778221269,-0.03492915630340576,-0.2230525016784668,-0.04443351799167772,-0.003020644187927246,-0.2845035791397095,-0.0544619733981051,-0.07609885931015015,-0.19648486375808716,-0.005159263643548684,-0.09273171424865723,-0.26401758193969727,-0.039959455519095854,-0.07958734035491943,-0.20890027284622192,-0.06057540202058931,-0.06838351488113403,-0.15616309642791748,-0.067583794384376,-0.03192633390426636,-0.20157074928283691,-0.011809404618219332,-0.052204012870788574,-0.2926865518093109,-0.04815487065829416,-0.048972249031066895,-0.23258882761001587,-0.06086176136054178,-0.045226335525512695,-0.17188823223114014,-0.05774627500690599,0.013871073722839355,-0.1906205415725708,-0.0232914226643004,0.002009749412536621,-0.234988272190094,-0.058424549787417845,-0.0067931413650512695,-0.15663611888885498,-0.053745190291778044,-0.01558595895767212,-0.10349345207214355,-0.03830929720319887,0.0579758882522583,-0.170748770236969,-0.03632124388136049,0.03962761163711548,-0.20233923196792603,-0.05165988454140802,0.029092729091644287,-0.14862537384033203,-0.038657514988557296,0.02306121587753296,-0.11213409900665283,-0.023117110743299918
N with wrist,0.0,0.0,0.0,-0.05277252197265625,-0.052100181579589844,-0.018152128493170494,-0.06657147407531738,-0.1438448429107666,-0.03038091543851351,-0.03365778923034668,-0.22193926572799683,-0.04398120526013827,-0.0013548731803894043,-0.28210991621017456,-0.05400177050171351,-0.0741836428642273,-0.19399374723434448,-0.00611935468180036,-0.09027963876724243,-0.2625739574432373,-0.04025514755187487,-0.0775371789932251,-0.20965611934661865,-0.060713827198128456,-0.06634455919265747,-0.1572837233543396,-0.0678386050814197,-0.030385494232177734,-0.19888192415237427,-0.012829790411274189,-0.049091219902038574,-0.28921574354171753,-0.04766684356866335,-0.04576456546783447,-0.2317768931388855,-0.06037925515113329,-0.04231250286102295,-0.17288118600845337,-0.05811264697251772,0.014777719974517822,-0.18799781799316406,-0.024317334925513023,0.004568338394165039,-0.2330474853515625,-0.0578349042290256,-0.005153179168701172,-0.15726476907730103,-0.054046224390845055,-0.015311777591705322,-0.10486197471618652,-0.04015932936010813,0.058357954025268555,-0.16814970970153809,-0.037362139260153526,0.04042243957519531,-0.201543390750885,-0.051949347888808006,0.029555082321166992,-0.14867019653320312,-0.039663992410282845,0.02304840087890625,-0.11162924766540527,-0.025274440234284157
N with wrist,0.0,0.0,0.0,-0.054122745990753174,-0.05011117458343506,-0.017257498518972625,-0.06686520576477051,-0.1447235345840454,-0.027995465265064468,-0.031564295291900635,-0.22085076570510864,-0.04030513943865799,0.0009170174598693848,-0.27817872166633606,-0.04931888537242912,-0.07329833507537842,-0.19183528423309326,-0.003407275711595048,-0.08706891536712646,-0.2635192573070526,-0.036065021471529235,-0.07486379146575928,-0.21427226066589355,-0.05675944493845009,-0.06474751234054565,-0.16135400533676147,-0.06434766756132149,-0.029302477836608887,-0.19699114561080933,-0.010050301381795634,-0.0471949577331543,-0.29000481963157654,-0.042994087503700484,-0.043698787689208984,-0.23555722832679749,-0.05685103492572807,-0.040666282176971436,-0.17695415019989014,-0.0559073443873217,0.015533924102783203,-0.18636608123779297,-0.021369326801448096,0.005870997905731201,-0.23640382289886475,-0.05272637488081955,-0.0034836530685424805,-0.16373735666275024,-0.05031940148904823,-0.014195621013641357,-0.1106104850769043,-0.038136510120182265,0.058671772480010986,-0.16745465993881226,-0.03426866786315941,0.04156327247619629,-0.20494884252548218,-0.047809345589428176,0.03055417537689209,-0.15382099151611328,-0.03622272418573402,0.022981584072113037,-0.11625880002975464,-0.02283190743759178
N with wrist,0.0,0.0,0.0,-0.05332839488983154,-0.04893386363983154,-0.01650434941117851,-0.06642776727676392,-0.14513808488845825,-0.02666972972517101,-0.03150582313537598,-0.2199040949344635,-0.0384209530807027,0.0004176497459411621,-0.27723246812820435,-0.04690676204924671,-0.07334166765213013,-0.1925702691078186,-0.003287922349471728,-0.08644473552703857,-0.263192355632782,-0.035587292388726155,-0.07423269748687744,-0.213424950838089,-0.05622397013073055,-0.0637403130531311,-0.16106241941452026,-0.06417739413743107,-0.028811097145080566,-0.1976989507675171,-0.010382894650746266,-0.04659301042556763,-0.28941595554351807,-0.0433892758942136,-0.04298961162567139,-0.23274391889572144,-0.0576525966084489,-0.03962862491607666,-0.1752469539642334,-0.05721411131386844,0.015912294387817383,-0.18731451034545898,-0.021981751770425717,0.005865693092346191,-0.23824092745780945,-0.05301497526531307,-0.0027130842208862305,-0.1643715500831604,-0.050293520317126195,-0.012338876724243164,-0.1116136908531189,-0.03827141992812244,0.058911263942718506,-0.16911226511001587,-0.03511716447835056,0.040029287338256836,-0.20537179708480835,-0.04820453770523159,0.029052376747131348,-0.15343397855758667,-0.03639273367886631,0.02253890037536621,-0.11686098575592041,-0.023162860647488515
N with wrist,0.0,0.0,0.0,-0.0529407262802124,-0.046861231327056885,-0.017340055733029658,-0.06638514995574951,-0.1421101689338684,-0.027734245239798838,-0.032829225063323975,-0.21845316886901855,-0.03944203543574076,-0.003103315830230713,-0.2772933840751648,-0.04791796865970355,-0.07504665851593018,-0.19122612476348877,-0.004542708463077361,-0.08895307779312134,-0.2625390291213989,-0.03759861278444987,-0.07649624347686768,-0.21450942754745483,-0.05861543032438021,-0.06515556573867798,-0.16322839260101318,-0.066699727504556,-0.030353188514709473,-0.19660484790802002,-0.011275792560581976,-0.04833418130874634,-0.28934434056282043,-0.04542063462645274,-0.04400360584259033,-0.23345881700515747,-0.06004632177860003,-0.039649903774261475,-0.17695969343185425,-0.059618416308467204,0.014403045177459717,-0.18652021884918213,-0.02253050829381209,0.0044386982917785645,-0.23749881982803345,-0.05446883204490405,-0.0036469697952270508,-0.16360169649124146,-0.05149052205592852,-0.012924611568450928,-0.11160290241241455,-0.039078633367125803,0.05728411674499512,-0.1687992811203003,-0.035393926381175334,0.03897947072982788,-0.2042929232120514,-0.04893690261155825,0.028145253658294678,-0.15244042873382568,-0.03697527858525973,0.021245360374450684,-0.11662626266479492,-0.02347999352127772
N with wrist,0.0,0.0,0.0,-0.054241716861724854,-0.045148253440856934,-0.017684214326123993,-0.06809824705123901,-0.13925498723983765,-0.028223278509955207,-0.03564012050628662,-0.21696236729621887,-0.040317884224037925,-0.006483912467956543,-0.2770034372806549,-0.04901716722784499,-0.07685798406600952,-0.19024133682250977,-0.003966787407676975,-0.08984297513961792,-0.26300695538520813,-0.03765703229842643,-0.07756656408309937,-0.21458274126052856,-0.05899952961740951,-0.06711876392364502,-0.16389751434326172,-0.06725549562511901,-0.032491445541381836,-0.19584745168685913,-0.010623778725545208,-0.04886442422866821,-0.2890087366104126,-0.045994734900574485,-0.045148491859436035,-0.23218366503715515,-0.060974067586045066,-0.04166710376739502,-0.17637711763381958,-0.06060021980343322,0.011462628841400146,-0.18619418144226074,-0.022024076940994064,0.0026901960372924805,-0.2345026433467865,-0.054356283085922996,-0.006380259990692139,-0.15980780124664307,-0.05133198438821296,-0.016272366046905518,-0.10804212093353271,-0.03877992792664031,0.05345594882965088,-0.16895180940628052,-0.03521539880571822,0.03754103183746338,-0.2033660113811493,-0.048277741807083885,0.02623528242111206,-0.15250521898269653,-0.03644693880019645,0.018507778644561768,-0.11772257089614868,-0.02317557162282924
N with wrist,0.0,0.0,0.0,-0.05328494310379028,-0.04688924551010132,-0.016426274619618653,-0.06753438711166382,-0.13890475034713745,-0.027013449065009354,-0.03611963987350464,-0.2151985764503479,-0.0395049621086514,-0.006626486778259277,-0.2740987241268158,-0.04851596995405316,-0.07641738653182983,-0.19036048650741577,-0.0038830699134564384,-0.08984154462814331,-0.2627639174461365,-0.03675537749342084,-0.07768923044204712,-0.21232521533966064,-0.057498542658606766,-0.06744873523712158,-0.16323572397232056,-0.06580035953930974,-0.032515764236450195,-0.19620472192764282,-0.011080815523484944,-0.04941052198410034,-0.2886923849582672,-0.045996809444943665,-0.046337246894836426,-0.23113223910331726,-0.060562027684966324,-0.04309546947479248,-0.17583519220352173,-0.06024040847233891,0.011031568050384521,-0.1874210238456726,-0.02288917645029187,0.001440584659576416,-0.23270952701568604,-0.054197849772492646,-0.008430898189544678,-0.15830862522125244,-0.05153761997036099,-0.018584132194519043,-0.10641461610794067,-0.03969332023672223,0.05261111259460449,-0.1710318922996521,-0.036481449447194336,0.03630596399307251,-0.20083385705947876,-0.04881869821957707,0.023392021656036377,-0.15107941627502441,-0.037963928721467255,0.014155685901641846,-0.11604714393615723,-0.025776680625597237
N with wrist,0.0,0.0,0.0,-0.05311399698257446,-0.04569971561431885,-0.017074086183697545,-0.06806755065917969,-0.1383858323097229,-0.027853213662297094,-0.03692072629928589,-0.2143934667110443,-0.04039354291001018,-0.007631063461303711,-0.27434486150741577,-0.049541935736328924,-0.07892316579818726,-0.19012480974197388,-0.005495616180837715,-0.09199333190917969,-0.2652512192726135,-0.03807566728630718,-0.07909226417541504,-0.2146463692188263,-0.05848320614734348,-0.06914353370666504,-0.16519218683242798,-0.06671766977945026,-0.03506749868392944,-0.19630402326583862,-0.01261671859958824,-0.05122017860412598,-0.2904430329799652,-0.04703534063139614,-0.04712343215942383,-0.23082780838012695,-0.06121636968293842,-0.04384958744049072,-0.17560499906539917,-0.06092328619399723,0.008403539657592773,-0.1877574324607849,-0.024343938047081792,-0.0004614591598510742,-0.2362356185913086,-0.05562475737372097,-0.008920490741729736,-0.16108262538909912,-0.053153545076042974,-0.018230915069580078,-0.10900092124938965,-0.04168562632241901,0.05001699924468994,-0.17145413160324097,-0.03786334436574634,0.03467589616775513,-0.20323631167411804,-0.050960030818373525,0.022305309772491455,-0.15285873413085938,-0.040678583497196996,0.012926101684570312,-0.11731034517288208,-0.028992750162274206
N with wrist,0.0,0.0,0.0,-0.0540507435798645,-0.04909813404083252,-0.016430173267764303,-0.06839567422866821,-0.1410759687423706,-0.02688208987299845,-0.036697447299957275,-0.21708840131759644,-0.03959316780154154,-0.006300508975982666,-0.2755701541900635,-0.048977092106980535,-0.07891112565994263,-0.18938016891479492,-0.0025343023828838795,-0.09139364957809448,-0.2639327943325043,-0.0349061528343384,-0.07787257432937622,-0.21409928798675537,-0.05572674443308756,-0.06916838884353638,-0.16421931982040405,-0.0641034955281441,-0.03575897216796875,-0.1954582929611206,-0.00992088877890751,-0.05160629749298096,-0.2875596284866333,-0.04351091777269289,-0.04674488306045532,-0.22971895337104797,-0.05855299552266047,-0.0447465181350708,-0.1746741533279419,-0.05914754067842409,0.007604122161865234,-0.18771272897720337,-0.022047007654947492,-0.0007807016372680664,-0.23456111550331116,-0.053134728421611044,-0.008380889892578125,-0.16039419174194336,-0.05212590863291666,-0.018102705478668213,-0.10768777132034302,-0.041620977421445104,0.049757957458496094,-0.17230886220932007,-0.03590374459807322,0.03467601537704468,-0.20388463139533997,-0.049005985458535406,0.02309274673461914,-0.15347325801849365,-0.039351996232909414,0.013687431812286377,-0.1162271499633789,-0.028097499360484335
N with wrist,0.0,0.0,0.0,-0.05361676216125488,-0.04799872636795044,-0.017202135449622347,-0.06749194860458374,-0.14275860786437988,-0.027930332621906473,-0.03468644618988037,-0.21885859966278076,-0.04033556980488129,-0.003500223159790039,-0.2775511145591736,-0.049309443956587984,-0.07827460765838623,-0.19022196531295776,-0.004845893284652902,-0.09054511785507202,-0.2641924023628235,-0.03675420609710045,-0.07627779245376587,-0.21293425559997559,-0.05717927989957161,-0.06710737943649292,-0.1634475588798523,-0.06568750766513176,-0.03433859348297119,-0.19694650173187256,-0.011659828288827612,-0.050975143909454346,-0.2892202138900757,-0.04541134116647072,-0.04569101333618164,-0.23025161027908325,-0.06043520969745941,-0.043203771114349365,-0.17519789934158325,-0.06113097099063225,0.009315848350524902,-0.1894165277481079,-0.02302127172646351,0.0001233816146850586,-0.23562771081924438,-0.0539730156719429,-0.007792472839355469,-0.1601724624633789,-0.05272820246813126,-0.018161892890930176,-0.10695165395736694,-0.04230606210825272,0.05155229568481445,-0.17466437816619873,-0.03613794622418709,0.03578746318817139,-0.20308035612106323,-0.0493149685621006,0.023888766765594482,-0.15180081129074097,-0.039850030368540956,0.013951599597930908,-0.11549371480941772,-0.028903229436252786
N with wrist,0.0,0.0,0.0,-0.05243110656738281,-0.04748189449310303,-0.01729319236770266,-0.06630349159240723,-0.1409401297569275,-0.028439862575083907,-0.03432077169418335,-0.2167896032333374,-0.04129339187934988,-0.004178941249847412,-0.2763344943523407,-0.050807533707171615,-0.0771830677986145,-0.19117701053619385,-0.005668733190447028,-0.0899888277053833,-0.26474615931510925,-0.03889421552017325,-0.07643604278564453,-0.2141643762588501,-0.06008852824166411,-0.06737172603607178,-0.1639363169670105,-0.06873637988761061,-0.03338420391082764,-0.1976032853126526,-0.012662772942036327,-0.05007970333099365,-0.28959953784942627,-0.04766103058651083,-0.04549431800842285,-0.23059114813804626,-0.06279839381173247,-0.043139517307281494,-0.17468273639678955,-0.0631788204570114,0.010264813899993896,-0.1897270679473877,-0.02427726044848555,0.0005151629447937012,-0.23542293906211853,-0.05630891948536032,-0.007261931896209717,-0.16074150800704956,-0.05506602853134268,-0.016876697540283203,-0.10831236839294434,-0.04434130891755217,0.05252730846405029,-0.17472153902053833,-0.03761733874276274,0.03608858585357666,-0.20180702209472656,-0.051479114141017135,0.023786306381225586,-0.14984220266342163,-0.042048649783879455,0.014231204986572266,-0.11361998319625854,-0.030899174432903465
N with wrist,0.0,0.0,0.0,-0.053752362728118896,-0.04685705900192261,-0.017768626691065492,-0.06744396686553955,-0.14057326316833496,-0.029097230763397874,-0.034302473068237305,-0.21659070253372192,-0.041937768117747964,-0.0035784244537353516,-0.27577951550483704,-0.051372129128537836,-0.0772508978843689,-0.18951112031936646,-0.007253906813673439,-0.08940178155899048,-0.26382794976234436,-0.040188625113330545,-0.07539057731628418,-0.21204373240470886,-0.060818921433053674,-0.06584107875823975,-0.16243916749954224,-0.0692804564100129,-0.03304648399353027,-0.19602853059768677,-0.014034907923303308,-0.04927647113800049,-0.28886961936950684,-0.04876069317873544,-0.044546544551849365,-0.2293621301651001,-0.06350314955528802,-0.041880905628204346,-0.17379528284072876,-0.0638083849411828,0.01078486442565918,-0.18809014558792114,-0.02534852329011983,0.0014505386352539062,-0.23440608382225037,-0.056954059408269586,-0.0068732500076293945,-0.15907669067382812,-0.05535053800161904,-0.0171547532081604,-0.10644829273223877,-0.044655065641961755,0.05266326665878296,-0.17286962270736694,-0.03846187855418748,0.036394357681274414,-0.19976896047592163,-0.05218920822557038,0.023806333541870117,-0.1482517123222351,-0.04284889961894578,0.013825535774230957,-0.11236119270324707,-0.031936864958368005
N with wrist,0.0,0.0,0.0,-0.05294167995452881,-0.04784601926803589,-0.0165982104436182,-0.0660473108291626,-0.14081138372421265,-0.027537270222666166,-0.03277134895324707,-0.21654707193374634,-0.04016305949247112,-0.0011502504348754883,-0.2741183042526245,-0.049423222203614614,-0.07504606246948242,-0.19091302156448364,-0.005302593816878698,-0.08673334121704102,-0.26284080743789673,-0.037311904837252996,-0.07366251945495605,-0.21019256114959717,-0.05772399227774372,-0.06468832492828369,-0.1605735421180725,-0.06626807968771686,-0.031112611293792725,-0.19648844003677368,-0.012440806959631345,-0.046868860721588135,-0.28773370385169983,-0.04640059243595829,-0.042437076568603516,-0.22789162397384644,-0.061038770486476324,-0.039912521839141846,-0.17209702730178833,-0.061401516903998754,0.012560427188873291,-0.18772053718566895,-0.023926698376300237,0.0033931732177734375,-0.2336910367012024,-0.05462776940024128,-0.004784822463989258,-0.15808534622192383,-0.05223603617108097,-0.014928340911865234,-0.10556405782699585,-0.041126654256942174,0.05443686246871948,-0.17185211181640625,-0.0371433205500864,0.038320183753967285,-0.19997602701187134,-0.05008657347119083,0.02626579999923706,-0.14889556169509888,-0.039857507456900976,0.016776561737060547,-0.11365574598312378,-0.02835556748962631
N with wrist,0.0,0.0,0.0,-0.05366271734237671,-0.047374606132507324,-0.016488736774107338,-0.06677770614624023,-0.14225554466247559,-0.027356177847167373,-0.03241539001464844,-0.21835777163505554,-0.03987277327038896,-0.0009753108024597168,-0.27685946226119995,-0.04911302057959688,-0.07506799697875977,-0.19187545776367188,-0.005810985154738546,-0.08851873874664307,-0.26429522037506104,-0.038577415327807785,-0.07537388801574707,-0.21287620067596436,-0.059214610885163665,-0.06525415182113647,-0.16322529315948486,-0.06756370542504442,-0.031077206134796143,-0.1975136399269104,-0.013130573834558845,-0.04739159345626831,-0.2894570827484131,-0.04762360481478822,-0.043030738830566406,-0.2296237349510193,-0.06152431694724214,-0.03981196880340576,-0.1731920838356018,-0.060933165530940414,0.012913942337036133,-0.1882106065750122,-0.02491318089820993,0.002926468849182129,-0.23575443029403687,-0.056145631055613876,-0.005375921726226807,-0.15868598222732544,-0.052353076915522934,-0.014802277088165283,-0.10551720857620239,-0.039877023826619507,0.05503702163696289,-0.1713167428970337,-0.038436379562398315,0.03755444288253784,-0.20212000608444214,-0.05172723932125223,0.025273382663726807,-0.14943426847457886,-0.04040110139109743,0.016730666160583496,-0.11324203014373779,-0.027744859735747696
N with wrist,0.0,0.0,0.0,-0.0531315803527832,-0.04706394672393799,-0.01667432944091729,-0.06640475988388062,-0.14206594228744507,-0.027539352800573624,-0.032525718212127686,-0.21813735365867615,-0.04008157449575833,-0.0009606480598449707,-0.2764003872871399,-0.049363127823795594,-0.07435834407806396,-0.19111961126327515,-0.005779662083710946,-0.08744937181472778,-0.2640048861503601,-0.038529503073419846,-0.07408875226974487,-0.21306052803993225,-0.05939700352760724,-0.06424462795257568,-0.16348791122436523,-0.06803433495375089,-0.030319571495056152,-0.19658058881759644,-0.013174527238930978,-0.04599201679229736,-0.288962185382843,-0.04736434939118794,-0.0414925217628479,-0.22945407032966614,-0.06190895559998921,-0.038840293884277344,-0.17336726188659668,-0.062088034029926575,0.013687610626220703,-0.18698477745056152,-0.02500347318860463,0.004328131675720215,-0.23498088121414185,-0.056039496239151276,-0.004237949848175049,-0.15891718864440918,-0.05299216034623555,-0.014150559902191162,-0.10627090930938721,-0.041327553715433396,0.05583697557449341,-0.16995543241500854,-0.03856430473538808,0.038634538650512695,-0.20121675729751587,-0.051631814714397706,0.02645289897918701,-0.14956122636795044,-0.040631147947038926,0.01797616481781006,-0.114216148853302,-0.02851711484404973
N with wrist,0.0,0.0,0.0,-0.053422749042510986,-0.04815143346786499,-0.016671961480824393,-0.0661928653717041,-0.14255201816558838,-0.02710200690671627,-0.032757461071014404,-0.21815302968025208,-0.03924323649152939,-0.0024952292442321777,-0.2764962613582611,-0.04808726564988319,-0.07545804977416992,-0.1912594437599182,-0.003642467856479925,-0.08737301826477051,-0.26381564140319824,-0.03625062138780777,-0.07439154386520386,-0.21306073665618896,-0.057356879422513884,-0.06519526243209839,-0.16344112157821655,-0.06612520323142235,-0.03123342990875244,-0.19672095775604248,-0.010861589880732936,-0.04655957221984863,-0.2880706787109375,-0.04513086409315292,-0.04212296009063721,-0.2283284068107605,-0.06023327291950409,-0.03967547416687012,-0.17236435413360596,-0.060690537402479094,0.012783169746398926,-0.18713361024856567,-0.02264597856446926,0.003786325454711914,-0.23470014333724976,-0.05382519991144363,-0.0045122504234313965,-0.1592550277709961,-0.05131440640434448,-0.014524221420288086,-0.10713893175125122,-0.0399102273677272,0.05464494228363037,-0.17039591073989868,-0.03616710410460655,0.0377885103225708,-0.20124375820159912,-0.04934468896135513,0.026292085647583008,-0.14993816614151,-0.03864018649801437,0.018003106117248535,-0.11516731977462769,-0.026658594915716094
N with wrist,0.0,0.0,0.0,-0.05373108386993408,-0.04805999994277954,-0.016852702253942198,-0.06652837991714478,-0.1420995593070984,-0.027539291658882803,-0.03249412775039673,-0.21765366196632385,-0.04003667762268037,-0.0012781023979187012,-0.27562910318374634,-0.049281536841277784,-0.07550269365310669,-0.19072377681732178,-0.0038671614671841326,-0.08797478675842285,-0.2645208537578583,-0.03676802595842332,-0.07491230964660645,-0.21429148316383362,-0.05819481914628,-0.06562292575836182,-0.164608895778656,-0.06710550864923448,-0.031716883182525635,-0.19613540172576904,-0.01109073614466638,-0.04685366153717041,-0.2885788381099701,-0.04568531295049638,-0.04249304533004761,-0.22949951887130737,-0.06120513310420961,-0.04014486074447632,-0.17392712831497192,-0.061879917287711805,0.011873066425323486,-0.18670207262039185,-0.02287596953797788,0.003561258316040039,-0.23429948091506958,-0.054363775306825346,-0.004590094089508057,-0.1583511233329773,-0.052115987294797606,-0.014326155185699463,-0.10588306188583374,-0.04071227764475793,0.05360907316207886,-0.17008137702941895,-0.03642345150697679,0.037569284439086914,-0.20142245292663574,-0.04986855691063852,0.026166439056396484,-0.15001916885375977,-0.03925880348074884,0.017855346202850342,-0.11480361223220825,-0.027202720993642515
N with wrist,0.0,0.0,0.0,-0.05350935459136963,-0.0477413535118103,-0.016589350505597622,-0.06648141145706177,-0.14182156324386597,-0.02715960468245271,-0.03228449821472168,-0.21746835112571716,-0.03952377985311273,-0.0008094906806945801,-0.2751457095146179,-0.0485950777967048,-0.07585740089416504,-0.1917133927345276,-0.003860443570516736,-0.08792036771774292,-0.26489555835723877,-0.03654783169818643,-0.0751686692237854,-0.21369940042495728,-0.05761217276645425,-0.06573659181594849,-0.1640688180923462,-0.06630729834628823,-0.03193563222885132,-0.1968630850315094,-0.011152373134024174,-0.04671812057495117,-0.28942495584487915,-0.04587617839766267,-0.04293382167816162,-0.22923877835273743,-0.06073223750186685,-0.04049074649810791,-0.17317968606948853,-0.0607444601793361,0.01162952184677124,-0.18702620267868042,-0.02299484561277154,0.0033522844314575195,-0.23516449332237244,-0.05451701532197717,-0.005031108856201172,-0.1587669849395752,-0.05170290867877725,-0.014516234397888184,-0.10635793209075928,-0.03978529895735505,0.05319768190383911,-0.1697975993156433,-0.036590612931973965,0.037375032901763916,-0.20108377933502197,-0.05004886861038926,0.025555908679962158,-0.14935392141342163,-0.03925812195134881,0.017144381999969482,-0.11404943466186523,-0.026971248417027027
N with wrist,0.0,0.0,0.0,-0.05332392454147339,-0.047964394092559814,-0.016313234184224257,-0.06626439094543457,-0.1427178978919983,-0.026630621243555197,-0.03217148780822754,-0.2178051471710205,-0.03869348189635957,-0.00028204917907714844,-0.2748662829399109,-0.04747308215900148,-0.07552367448806763,-0.19146007299423218,-0.004527184952337393,-0.0872337818145752,-0.26480573415756226,-0.036197060559231886,-0.07453644275665283,-0.21338501572608948,-0.05653033575816835,-0.06561887264251709,-0.16369205713272095,-0.06505969709559167,-0.031662821769714355,-0.1963617205619812,-0.011788306597907194,-0.0468021035194397,-0.28895968198776245,-0.04532703182502473,-0.04277825355529785,-0.22895696759223938,-0.059789912615258345,-0.04048645496368408,-0.17322176694869995,-0.06006005204125131,0.01174694299697876,-0.18661725521087646,-0.023449174899894842,0.003433823585510254,-0.2352495789527893,-0.05387910253210748,-0.005243480205535889,-0.1593611240386963,-0.05121421239181245,-0.015382707118988037,-0.10661399364471436,-0.039977339867789397,0.053247034549713135,-0.16951680183410645,-0.03685661948128427,0.037428319454193115,-0.20013391971588135,-0.04977971485658372,0.02526116371154785,-0.14904868602752686,-0.03933474219246591,0.016168534755706787,-0.1136365532875061,-0.02769240534706796
N with wrist,0.0,0.0,0.0,-0.053128600120544434,-0.04829341173171997,-0.016338314777357255,-0.06623536348342896,-0.14288926124572754,-0.026787269776804123,-0.032936811447143555,-0.21815145015716553,-0.03900022237573353,-0.0017067193984985352,-0.27612361311912537,-0.04803041919146267,-0.07497227191925049,-0.1909591555595398,-0.004858576608938847,-0.08796733617782593,-0.2641022801399231,-0.036840775897843514,-0.07497942447662354,-0.21374988555908203,-0.05742797060881344,-0.06585752964019775,-0.1642158031463623,-0.06605911060248104,-0.03128534555435181,-0.19613289833068848,-0.01219941481028286,-0.0471574068069458,-0.2874951958656311,-0.045658534309012566,-0.043051302433013916,-0.22810858488082886,-0.060331558724982415,-0.04104650020599365,-0.1725979447364807,-0.06090144618426052,0.012172460556030273,-0.18667089939117432,-0.02398060253833023,0.003505527973175049,-0.2345861792564392,-0.054445298304898415,-0.005562186241149902,-0.1594410538673401,-0.05225908561621395,-0.01636403799057007,-0.10694807767868042,-0.04151092275057522,0.05359494686126709,-0.1699114441871643,-0.037477886220557366,0.03708064556121826,-0.19968515634536743,-0.050543798050028954,0.02453148365020752,-0.14845424890518188,-0.040407163938624535,0.015018343925476074,-0.11267554759979248,-0.02907365179632393
N with wrist,0.0,0.0,0.0,-0.053058743476867676,-0.049111127853393555,-0.017789996693153398,-0.06626194715499878,-0.1417386531829834,-0.028952154794950502,-0.033422887325286865,-0.21701419353485107,-0.041583252603430765,-0.0037287473678588867,-0.27619263529777527,-0.05078438808979513,-0.07610064744949341,-0.19133508205413818,-0.005101556888092773,-0.08914560079574585,-0.263494610786438,-0.03809965541424276,-0.07683026790618896,-0.21238648891448975,-0.05969233950438024,-0.06651109457015991,-0.16403114795684814,-0.0690661831742716,-0.031814754009246826,-0.19705384969711304,-0.011835434006769674,-0.048042356967926025,-0.289070725440979,-0.04685804014863493,-0.0444645881652832,-0.22980055212974548,-0.062484232241530435,-0.0411531925201416,-0.175007164478302,-0.06348197301687719,0.011795282363891602,-0.18797814846038818,-0.023209975565094965,0.002777695655822754,-0.2357710599899292,-0.054646858478207605,-0.006723344326019287,-0.16121232509613037,-0.05275220563473226,-0.016949355602264404,-0.10882073640823364,-0.042003789449353235,0.05285906791687012,-0.17155849933624268,-0.03651630645455839,0.0364152193069458,-0.19985243678092957,-0.049997744614501016,0.023501455783843994,-0.1495416760444641,-0.04033136134805204,0.01406008005142212,-0.11469912528991699,-0.029243234077711122
N with wrist,0.0,0.0,0.0,-0.0534893274307251,-0.048296570777893066,-0.01735178674474014,-0.06756454706192017,-0.14100050926208496,-0.02823132011010898,-0.0352596640586853,-0.217011958360672,-0.040768056315329204,-0.004957437515258789,-0.27574944496154785,-0.049854780686047206,-0.07698988914489746,-0.19020843505859375,-0.004553582658019195,-0.08923870325088501,-0.2637668251991272,-0.03703614990129722,-0.0763312578201294,-0.2128402292728424,-0.05793623919501556,-0.06635797023773193,-0.16417890787124634,-0.06674997056737197,-0.03303295373916626,-0.19626998901367188,-0.011410513100173603,-0.04891502857208252,-0.28919532895088196,-0.045506953400519023,-0.04487186670303345,-0.2306981086730957,-0.060351981920149456,-0.04180401563644409,-0.17598313093185425,-0.060823335451033245,0.01053529977798462,-0.1873476505279541,-0.022886301529553066,0.0019440650939941406,-0.2351120412349701,-0.053805309486534725,-0.00733572244644165,-0.16013622283935547,-0.0514509148420359,-0.017852842807769775,-0.10773509740829468,-0.040340370637323986,0.05180537700653076,-0.17076832056045532,-0.03624780396833671,0.03608483076095581,-0.20033764839172363,-0.04927581841960205,0.023447513580322266,-0.15007060766220093,-0.039098526489880214,0.0137101411819458,-0.11497819423675537,-0.027604666677262912
N with wrist,0.0,0.0,0.0,-0.053207457065582275,-0.047793447971343994,-0.01765003113504804,-0.06714028120040894,-0.14151430130004883,-0.028361812815631993,-0.03520876169204712,-0.21821624040603638,-0.04071111290213025,-0.005597293376922607,-0.27766093611717224,-0.04966808541175283,-0.07752817869186401,-0.19082564115524292,-0.004101396188701756,-0.08942639827728271,-0.26417553424835205,-0.03643001301642812,-0.07582849264144897,-0.21243709325790405,-0.05729832185861028,-0.06622660160064697,-0.16303634643554688,-0.06603385566231168,-0.03370779752731323,-0.19689711928367615,-0.010768599458600647,-0.04953110218048096,-0.28841498494148254,-0.04466450645085729,-0.04504847526550293,-0.228496253490448,-0.05973367451187528,-0.042506515979766846,-0.1731739640235901,-0.06035089923497594,0.009915471076965332,-0.1881861686706543,-0.022115966886843808,0.001088261604309082,-0.23557564616203308,-0.05325350223537839,-0.0072539448738098145,-0.1599857211112976,-0.051634196773733265,-0.017521142959594727,-0.10726577043533325,-0.04096867202278531,0.05140531063079834,-0.17210417985916138,-0.035296924993957646,0.0355488657951355,-0.200929194688797,-0.048939232364858753,0.023580491542816162,-0.1495826244354248,-0.03941511048432744,0.01421576738357544,-0.11380159854888916,-0.028292069793309338
N with wrist,0.0,0.0,0.0,-0.05344259738922119,-0.04785948991775513,-0.017371116516414986,-0.06720399856567383,-0.14261406660079956,-0.028040955153528557,-0.03443819284439087,-0.2189697027206421,-0.04038650387269627,-0.0041658878326416016,-0.2779735326766968,-0.04936525442940365,-0.07738077640533447,-0.1906905174255371,-0.0042353908841050725,-0.09021192789077759,-0.26354125142097473,-0.03686362722260128,-0.07635074853897095,-0.21193617582321167,-0.05808579393965374,-0.0664747953414917,-0.16237109899520874,-0.06709660806995998,-0.033474862575531006,-0.1972721815109253,-0.011135053199950562,-0.0499001145362854,-0.28795933723449707,-0.045340283152881966,-0.045016467571258545,-0.22760561108589172,-0.06069085964304577,-0.04222351312637329,-0.1719297170639038,-0.061548607734266625,0.010261356830596924,-0.18896853923797607,-0.02271749855322014,0.00107651948928833,-0.23524689674377441,-0.05369199657184254,-0.007243037223815918,-0.15966796875,-0.05213510834914814,-0.017463386058807373,-0.10695135593414307,-0.04165714823943745,0.05180329084396362,-0.17359167337417603,-0.03615760647994648,0.03519785404205322,-0.20046377182006836,-0.049467427966419564,0.02327185869216919,-0.14942878484725952,-0.04003116705757748,0.014310240745544434,-0.11438548564910889,-0.02914222360891472
N with wrist,0.0,0.0,0.0,-0.05374175310134888,-0.048299551010131836,-0.017342604378086435,-0.06761258840560913,-0.14287978410720825,-0.02813683045826565,-0.03466343879699707,-0.21898657083511353,-0.040634125152450906,-0.003955423831939697,-0.2776240110397339,-0.04971365971289288,-0.0772295594215393,-0.1909806728363037,-0.004477054493349897,-0.09028548002243042,-0.2636813223361969,-0.03739780155740391,-0.07656830549240112,-0.21164506673812866,-0.05861999435148846,-0.06664925813674927,-0.16221797466278076,-0.06753759426794659,-0.03340238332748413,-0.19751259684562683,-0.011452305743318902,-0.04981279373168945,-0.2885228991508484,-0.04623322156987797,-0.045099735260009766,-0.22791066765785217,-0.061468790897947656,-0.04205971956253052,-0.17213082313537598,-0.06199687687478672,0.01032865047454834,-0.1891893744468689,-0.023101951608282434,0.0009663105010986328,-0.23562026023864746,-0.05455225674234043,-0.007170557975769043,-0.15942072868347168,-0.052585243860107767,-0.016883790493011475,-0.10649019479751587,-0.041534855643135415,0.051821768283843994,-0.17366009950637817,-0.036611620018106805,0.03517097234725952,-0.20107129216194153,-0.05013471809945713,0.02335137128829956,-0.14973384141921997,-0.04039462251387249,0.014751434326171875,-0.11452901363372803,-0.02908647959850441
N with wrist,0.0,0.0,0.0,-0.05376321077346802,-0.04862421751022339,-0.01679529557117121,-0.06792563199996948,-0.14336609840393066,-0.027596983407818243,-0.03442060947418213,-0.21924209594726562,-0.040113472660266325,-0.0020473599433898926,-0.27696841955184937,-0.04920929418989317,-0.07649099826812744,-0.19175589084625244,-0.004645398167156145,-0.08865910768508911,-0.26420775055885315,-0.0372257468301882,-0.07523083686828613,-0.21189811825752258,-0.058148754109822676,-0.06583887338638306,-0.16227740049362183,-0.06692366050668852,-0.032504498958587646,-0.19834378361701965,-0.011779574957870409,-0.04822045564651489,-0.2892089784145355,-0.046106105019532606,-0.04366886615753174,-0.2288748323917389,-0.06108835460730688,-0.041326701641082764,-0.17277121543884277,-0.06152047338076727,0.011398911476135254,-0.1902138590812683,-0.023433297221743032,0.001980125904083252,-0.23646953701972961,-0.05452060820647375,-0.005930781364440918,-0.16026324033737183,-0.05237208800502913,-0.01599729061126709,-0.10726553201675415,-0.04126315685101645,0.053133249282836914,-0.1749534010887146,-0.036864389945947096,0.036363303661346436,-0.20155063271522522,-0.05030864970871107,0.02457249164581299,-0.1497584581375122,-0.04049904020615713,0.01566624641418457,-0.11440843343734741,-0.029136083369337484
N with wrist,0.0,0.0,0.0,-0.05347394943237305,-0.047116875648498535,-0.016949698467527696,-0.06727385520935059,-0.1422402262687683,-0.027849448983346292,-0.033623456954956055,-0.21825793385505676,-0.040230130915318796,-0.0018877983093261719,-0.2771539092063904,-0.049360020224725076,-0.07680273056030273,-0.19164243340492249,-0.005615556285505363,-0.08877509832382202,-0.2644456624984741,-0.03800170696226246,-0.07553404569625854,-0.2128414809703827,-0.05893648243394978,-0.06588804721832275,-0.16288208961486816,-0.067728867892896,-0.03260493278503418,-0.19813019037246704,-0.012590976570521661,-0.0486372709274292,-0.2902795076370239,-0.046466762338553735,-0.044137656688690186,-0.2307082712650299,-0.06136448881474621,-0.041168391704559326,-0.17409855127334595,-0.06177815250006802,0.011457502841949463,-0.18965190649032593,-0.023976391319905588,0.0020250678062438965,-0.23616889119148254,-0.05476821786609776,-0.006090104579925537,-0.1599673628807068,-0.05268252841082699,-0.015979111194610596,-0.10680806636810303,-0.041736008737956354,0.05313676595687866,-0.1740342378616333,-0.037093503539239236,0.03562813997268677,-0.20036685466766357,-0.05061713806239254,0.02346724271774292,-0.1476658582687378,-0.04078725925532467,0.01458519697189331,-0.11194920539855957,-0.029446430642877885
N with wrist,0.0,0.0,0.0,-0.054198384284973145,-0.046226322650909424,-0.017684894843768006,-0.06905007362365723,-0.14198410511016846,-0.02847016160077942,-0.03593087196350098,-0.21869710087776184,-0.040457795603941804,-0.0038220882415771484,-0.2766095697879791,-0.04898293991274727,-0.07865637540817261,-0.19049620628356934,-0.006673816355686313,-0.08915293216705322,-0.2645720839500427,-0.038292593552540666,-0.07579421997070312,-0.21111884713172913,-0.058104462220143205,-0.06636083126068115,-0.16108965873718262,-0.06642248783893479,-0.034311771392822266,-0.19700276851654053,-0.012963707788657075,-0.05056583881378174,-0.29071474075317383,-0.046759165121983415,-0.04555255174636841,-0.22954267263412476,-0.06121912900991333,-0.04168999195098877,-0.17339837551116943,-0.06140301678962601,0.00976574420928955,-0.1884247064590454,-0.02353779156393898,0.0013654828071594238,-0.23768779635429382,-0.054073500676821595,-0.006528377532958984,-0.1608583927154541,-0.051540787561606294,-0.016636252403259277,-0.1075170636177063,-0.04042884637303246,0.05155223608016968,-0.173153817653656,-0.035907867594431764,0.03563368320465088,-0.19987720251083374,-0.04923580516762627,0.02396935224533081,-0.14838624000549316,-0.03953297738618744,0.014974892139434814,-0.1144668459892273,-0.028399282364915734
N with wrist,0.0,0.0,0.0,-0.053139686584472656,-0.045961201190948486,-0.018158412638484833,-0.06860947608947754,-0.14152991771697998,-0.02910868554133117,-0.03634226322174072,-0.21905305981636047,-0.04126890293079555,-0.0036787986755371094,-0.2773597240447998,-0.04988269424754321,-0.07901638746261597,-0.19194239377975464,-0.006793530292242167,-0.09019464254379272,-0.26621848344802856,-0.03849208644348323,-0.07575452327728271,-0.21242260932922363,-0.0581784165533179,-0.06608593463897705,-0.16170144081115723,-0.06621270916181743,-0.03499943017959595,-0.1982690989971161,-0.012989164430081246,-0.05135875940322876,-0.2923714518547058,-0.04659366152006328,-0.0458562970161438,-0.23110327124595642,-0.060932546022712586,-0.042498767375946045,-0.1747570037841797,-0.06089016712027728,0.008883118629455566,-0.18942338228225708,-0.02354900828319728,0.0006227493286132812,-0.23688822984695435,-0.05448794281798541,-0.007160782814025879,-0.15969312191009521,-0.052561651084005234,-0.017373085021972656,-0.10640841722488403,-0.041554640147268174,0.05058175325393677,-0.1732640266418457,-0.03585084817129314,0.03518795967102051,-0.20056673884391785,-0.049555181625663636,0.023684322834014893,-0.1483718752861023,-0.039966224792777894,0.01458507776260376,-0.11308926343917847,-0.02870285055357158
N with wrist,0.0,0.0,0.0,-0.053670644760131836,-0.045220375061035156,-0.018662878016897366,-0.06924784183502197,-0.14177054166793823,-0.0294121305299484,-0.036476194858551025,-0.21863698959350586,-0.0411081152809345,-0.0028913021087646484,-0.27541136741638184,-0.04933226730949514,-0.07980906963348389,-0.189194917678833,-0.009154201189943478,-0.09069377183914185,-0.26423728466033936,-0.040348357225724385,-0.074954092502594,-0.20995086431503296,-0.05933449294693105,-0.06541341543197632,-0.15933525562286377,-0.06706192966825597,-0.03558868169784546,-0.19617807865142822,-0.014999690170355962,-0.051386475563049316,-0.2911183834075928,-0.04822938394076459,-0.04486393928527832,-0.22859066724777222,-0.062244574244090245,-0.04189634323120117,-0.1722632646560669,-0.06222717341310613,0.008380413055419922,-0.18782013654708862,-0.02502605010099046,0.0014643669128417969,-0.23626816272735596,-0.05568835016615026,-0.006205141544342041,-0.1586487889289856,-0.05417622503168218,-0.017026782035827637,-0.10524868965148926,-0.043722658122845814,0.049936890602111816,-0.17206740379333496,-0.03676333528287046,0.03510630130767822,-0.19757050275802612,-0.05036406841404073,0.023768603801727295,-0.14518612623214722,-0.041332694406577275,0.014532208442687988,-0.11020243167877197,-0.030733410905071423
N with wrist,0.0,0.0,0.0,-0.05338549613952637,-0.044708073139190674,-0.02028973484090102,-0.06926101446151733,-0.14119821786880493,-0.03164779478362334,-0.03732490539550781,-0.2191821038722992,-0.043801383019001605,-0.0037022829055786133,-0.2762700319290161,-0.05247090095332396,-0.08020526170730591,-0.19109416007995605,-0.010075325049967887,-0.09151256084442139,-0.26448625326156616,-0.042776883483441,-0.07496541738510132,-0.20932024717330933,-0.06290857204845679,-0.06542015075683594,-0.1573219895362854,-0.07091744700124991,-0.036236464977264404,-0.19730263948440552,-0.015426049843938472,-0.05011749267578125,-0.2900499701499939,-0.04990372890284789,-0.043356895446777344,-0.22653058171272278,-0.06428344258716834,-0.04129511117935181,-0.16907960176467896,-0.06401055017164481,0.0077034831047058105,-0.18839114904403687,-0.02526121483793986,0.0025085806846618652,-0.2357056736946106,-0.05735069969347251,-0.005279660224914551,-0.15751391649246216,-0.056262486517937305,-0.01664888858795166,-0.10327893495559692,-0.045395758837969424,0.04914301633834839,-0.17187458276748657,-0.03689790600589049,0.03556704521179199,-0.1973736584186554,-0.05192007207921279,0.024375736713409424,-0.14395052194595337,-0.04316508480957282,0.014941751956939697,-0.10745507478713989,-0.03211449542692435
N with wrist,0.0,0.0,0.0,-0.054187893867492676,-0.04597795009613037,-0.0194399865926016,-0.07051575183868408,-0.1418612003326416,-0.03070078106827623,-0.038239121437072754,-0.2193792760372162,-0.04304094488031751,-0.0035749077796936035,-0.2754763066768646,-0.051956935471366705,-0.08047664165496826,-0.19070428609848022,-0.009240260033379855,-0.09184616804122925,-0.26342785358428955,-0.042331083363364996,-0.07555568218231201,-0.20866352319717407,-0.06282381216294652,-0.06595462560653687,-0.1568620800971985,-0.07091259459264165,-0.03646272420883179,-0.19653362035751343,-0.015022009296785654,-0.04947960376739502,-0.289310485124588,-0.04973890507824308,-0.04282510280609131,-0.22659045457839966,-0.063908221817087,-0.04068213701248169,-0.16868966817855835,-0.06330261627442724,0.007571160793304443,-0.1873633861541748,-0.02531619245417005,0.0025581717491149902,-0.23511162400245667,-0.057788963115285696,-0.004960179328918457,-0.1570056676864624,-0.0562923873425234,-0.01575368642807007,-0.1020803451538086,-0.04478848228461629,0.04916733503341675,-0.17034822702407837,-0.03734125072367078,0.03576385974884033,-0.19819876551628113,-0.05242277929789907,0.024721503257751465,-0.14536428451538086,-0.04314156497127897,0.015610158443450928,-0.10810458660125732,-0.031478694325755896
N with wrist,0.0,0.0,0.0,-0.05503392219543457,-0.048105716705322266,-0.018643756185042548,-0.07104748487472534,-0.14493197202682495,-0.029666610781418967,-0.03856295347213745,-0.2229236364364624,-0.04203119200872152,-0.002937793731689453,-0.2775643467903137,-0.05067574677275388,-0.07950818538665771,-0.1928911805152893,-0.00875902527229755,-0.08951187133789062,-0.2657080888748169,-0.041076850865351844,-0.07319217920303345,-0.2098202109336853,-0.06054940146611898,-0.06448495388031006,-0.1577920913696289,-0.06784801257060735,-0.03588205575942993,-0.19713586568832397,-0.014679235194194007,-0.04787719249725342,-0.2881104648113251,-0.04801565480636327,-0.0408475399017334,-0.2268485724925995,-0.06104978618429868,-0.03911930322647095,-0.16967618465423584,-0.05995477062867849,0.00809246301651001,-0.18719851970672607,-0.025054395918118644,0.004096508026123047,-0.23501920700073242,-0.0563156388442394,-0.0029675960540771484,-0.15708500146865845,-0.053861797575223136,-0.014020264148712158,-0.10166841745376587,-0.04185922143267362,0.0496712327003479,-0.16965395212173462,-0.03715518188880651,0.038156747817993164,-0.19952231645584106,-0.05134967413948743,0.02702087163925171,-0.1479780673980713,-0.041544661645161796,0.0171968936920166,-0.11062365770339966,-0.029481545809971976
N with wrist,0.0,0.0,0.0,-0.05409348011016846,-0.047453105449676514,-0.01809543960382598,-0.0704721212387085,-0.14265650510787964,-0.02892981313755172,-0.03854811191558838,-0.22037369012832642,-0.0411743077694382,-0.0022369027137756348,-0.27285394072532654,-0.0496715198515858,-0.0787922739982605,-0.18968981504440308,-0.008899772843619758,-0.08829766511917114,-0.2632811665534973,-0.041422147607704574,-0.07270121574401855,-0.2076234519481659,-0.06050976768722194,-0.0645790696144104,-0.15583491325378418,-0.06741642237295764,-0.035509586334228516,-0.1935771405696869,-0.014804538643261367,-0.046817123889923096,-0.28463008999824524,-0.049722977286478454,-0.03993862867355347,-0.22244015336036682,-0.0629757198749985,-0.03835111856460571,-0.1650775671005249,-0.06145438582291263,0.007976949214935303,-0.18383800983428955,-0.025021422958275252,0.004058539867401123,-0.23175734281539917,-0.057495847648283416,-0.0030324459075927734,-0.15492767095565796,-0.05544359639873164,-0.014058232307434082,-0.10055875778198242,-0.043217718905111724,0.04918384552001953,-0.1671057939529419,-0.03681478307237285,0.03770649433135986,-0.19676005840301514,-0.05170731276859897,0.02769303321838379,-0.14684933423995972,-0.04252236366858142,0.01923823356628418,-0.11162829399108887,-0.030658688700100356
N with wrist,0.0,0.0,0.0,-0.05267918109893799,-0.048180341720581055,-0.018245454391632165,-0.0699804425239563,-0.1428440809249878,-0.02866208690980443,-0.04018712043762207,-0.2200750708580017,-0.04037707995453843,-0.005661487579345703,-0.27247488498687744,-0.048140257110986795,-0.08046203851699829,-0.1899048089981079,-0.007252136690709676,-0.08970403671264648,-0.2630283534526825,-0.03941672619262704,-0.07232755422592163,-0.20716875791549683,-0.0586775312928296,-0.06343501806259155,-0.155731201171875,-0.06577640350738534,-0.03677487373352051,-0.19534534215927124,-0.012920652961526002,-0.0484851598739624,-0.28555864095687866,-0.04739634644070634,-0.039563655853271484,-0.2223632037639618,-0.06045818280259141,-0.03748595714569092,-0.16444307565689087,-0.058591778835449304,0.00705718994140625,-0.18619877099990845,-0.0229560970125533,0.002351045608520508,-0.2353166937828064,-0.05518776502290734,-0.002452254295349121,-0.15826040506362915,-0.052424538394603815,-0.013029992580413818,-0.10361027717590332,-0.03956738065758714,0.048185884952545166,-0.16923236846923828,-0.034619029125366296,0.037472307682037354,-0.19922593235969543,-0.049559592714700784,0.02865016460418701,-0.14971572160720825,-0.03979598682204255,0.0198172926902771,-0.11471158266067505,-0.02726532656529912
N with wrist,0.0,0.0,0.0,-0.05265915393829346,-0.04945075511932373,-0.017891725091203625,-0.0691881775856018,-0.1449497938156128,-0.027929655773505146,-0.03827947378158569,-0.22116303443908691,-0.039365930048688824,-0.0032715797424316406,-0.27190160751342773,-0.046801490275129254,-0.07922786474227905,-0.18951338529586792,-0.007353929368719037,-0.08794403076171875,-0.2637285590171814,-0.03885150843666452,-0.0717780590057373,-0.20818543434143066,-0.057479226527675564,-0.06342023611068726,-0.15715008974075317,-0.06436179348634141,-0.03607445955276489,-0.1951654553413391,-0.013226306563183243,-0.04855191707611084,-0.28650107979774475,-0.04708754041598695,-0.04002869129180908,-0.22441181540489197,-0.05989097946689981,-0.037219107151031494,-0.16720110177993774,-0.0581328473369922,0.007867038249969482,-0.18628853559494019,-0.0233621872346248,0.0034862160682678223,-0.23723620176315308,-0.05488184982345956,-0.0016118884086608887,-0.16076821088790894,-0.052053534923061306,-0.011997878551483154,-0.10572212934494019,-0.03948929676221269,0.049167752265930176,-0.16944783926010132,-0.03517970585630792,0.03886467218399048,-0.2005639374256134,-0.04973876246617692,0.02978527545928955,-0.15201020240783691,-0.040132840661271985,0.02102440595626831,-0.11702680587768555,-0.027957204295262272
N with wrist,0.0,0.0,0.0,-0.05238986015319824,-0.04622089862823486,-0.018176060450258547,-0.0695652961730957,-0.14198410511016846,-0.02838837010878592,-0.03780323266983032,-0.21737268567085266,-0.039497336653056436,-0.001524209976196289,-0.26701635122299194,-0.04674459090549021,-0.07945454120635986,-0.18652582168579102,-0.010679962393822962,-0.08693498373031616,-0.25968819856643677,-0.041742248740973764,-0.07023626565933228,-0.2034253180027008,-0.05977049684244662,-0.061453044414520264,-0.15257686376571655,-0.06650924524385005,-0.03607457876205444,-0.19243717193603516,-0.016308266949835115,-0.04807645082473755,-0.2842586934566498,-0.05039031272846728,-0.0390094518661499,-0.2212849259376526,-0.06309570958930522,-0.0355144739151001,-0.16462582349777222,-0.061320850905957514,0.00785607099533081,-0.18378335237503052,-0.025797060039820963,0.004641115665435791,-0.23399075865745544,-0.05701077943760424,-0.00043892860412597656,-0.15726864337921143,-0.05418958729225665,-0.010962605476379395,-0.10355871915817261,-0.041924482491793924,0.04875069856643677,-0.16725587844848633,-0.036910733488383585,0.03863626718521118,-0.19602349400520325,-0.051270949003281885,0.030488967895507812,-0.14739060401916504,-0.04183873375970393,0.022782862186431885,-0.11461877822875977,-0.030059024971905046
N with wrist,0.0,0.0,0.0,-0.05345427989959717,-0.04563051462173462,-0.018756022778632087,-0.06987631320953369,-0.1424647569656372,-0.028732536462428016,-0.03771239519119263,-0.21762540936470032,-0.03954287256050293,-0.001722097396850586,-0.26716166734695435,-0.04647541428852264,-0.07912272214889526,-0.18518388271331787,-0.010573965599121493,-0.08655089139938354,-0.25937730073928833,-0.041155323487998885,-0.06951731443405151,-0.2034139633178711,-0.05899690474319641,-0.06104999780654907,-0.15241438150405884,-0.06571891168999855,-0.03605198860168457,-0.1911318004131317,-0.01573065678525154,-0.04768902063369751,-0.2822728157043457,-0.049848571521522445,-0.03805184364318848,-0.21929332613945007,-0.06289656470465843,-0.035153985023498535,-0.16218149662017822,-0.0615403094415683,0.007399022579193115,-0.18285638093948364,-0.024838555706026,0.004556119441986084,-0.23369187116622925,-0.056131072444202346,-0.0003199577331542969,-0.15682554244995117,-0.05383419628191177,-0.011536598205566406,-0.1014215350151062,-0.042067457092286986,0.04765397310256958,-0.1670803427696228,-0.03561566407728378,0.03764611482620239,-0.19663608074188232,-0.05054910118627731,0.02941739559173584,-0.14656198024749756,-0.04171846072125618,0.021126866340637207,-0.11103850603103638,-0.030413281274320525
N with wrist,0.0,0.0,0.0,-0.053202807903289795,-0.04565024375915527,-0.01848708308423852,-0.0688626766204834,-0.14297950267791748,-0.028014825946939936,-0.03607064485549927,-0.21677038073539734,-0.03856737940694188,-0.0006363987922668457,-0.265979140996933,-0.045366011849893084,-0.07840859889984131,-0.18445640802383423,-0.008803227274967185,-0.08532625436782837,-0.25716784596443176,-0.03914770140434598,-0.06775075197219849,-0.20214158296585083,-0.05750296293879842,-0.05921018123626709,-0.1516287922859192,-0.06482619448686933,-0.03522753715515137,-0.1905764639377594,-0.014157458498431197,-0.046572208404541016,-0.27963119745254517,-0.04877549438859319,-0.03624957799911499,-0.21660971641540527,-0.06328528775955533,-0.03317058086395264,-0.1605665683746338,-0.06317270948673581,0.00793391466140747,-0.18224990367889404,-0.02348826295818185,0.005443096160888672,-0.23206332325935364,-0.05509351967955922,0.0006150007247924805,-0.15548962354660034,-0.054060127876056185,-0.010846614837646484,-0.10027533769607544,-0.043388933233273974,0.047156691551208496,-0.16691511869430542,-0.03449728368903493,0.0379597544670105,-0.19477438926696777,-0.049623403988135806,0.029772937297821045,-0.145488440990448,-0.041770652226460925,0.02120065689086914,-0.11108368635177612,-0.03142639278556203
N with wrist,0.0,0.0,0.0,-0.05397641658782959,-0.045996129512786865,-0.018736310836942494,-0.0693655014038086,-0.14182507991790771,-0.028289344695480168,-0.037785112857818604,-0.21762734651565552,-0.038994139594109356,-0.0027354955673217773,-0.2675250172615051,-0.04578972102430612,-0.07872366905212402,-0.18343418836593628,-0.006509136476637423,-0.08500415086746216,-0.2561919689178467,-0.03686587379601747,-0.06759881973266602,-0.20271235704421997,-0.05558169872787744,-0.0595511794090271,-0.15296846628189087,-0.06305566297200471,-0.03544807434082031,-0.18876224756240845,-0.011576675412328541,-0.046189963817596436,-0.27815529704093933,-0.04588972271707803,-0.03636026382446289,-0.21699243783950806,-0.0605786801996544,-0.03409785032272339,-0.1615438461303711,-0.060600152772934734,0.007531523704528809,-0.1797926425933838,-0.020891594302923977,0.004693388938903809,-0.22977527976036072,-0.052909022730858624,-0.00043272972106933594,-0.15485727787017822,-0.051944541347296536,-0.011993408203125,-0.10018962621688843,-0.04095607863095552,0.046742796897888184,-0.16417783498764038,-0.031879963887007534,0.03736424446105957,-0.19567975401878357,-0.04685548187521249,0.02927035093307495,-0.14851802587509155,-0.038514437687666714,0.02072805166244507,-0.11429989337921143,-0.027627889600665867
N with wrist,0.0,0.0,0.0,-0.054477035999298096,-0.04525172710418701,-0.019096124226194888,-0.07081001996994019,-0.13928765058517456,-0.028992374667865306,-0.0394020676612854,-0.21399948000907898,-0.040043327266317874,-0.005145072937011719,-0.26425889134407043,-0.047422985786539584,-0.08002042770385742,-0.18130093812942505,-0.006716002950412303,-0.08576738834381104,-0.2527788281440735,-0.03805607860718396,-0.06824588775634766,-0.19888514280319214,-0.05787721207175878,-0.05965965986251831,-0.15009582042694092,-0.06606800785098699,-0.036364972591400146,-0.18711483478546143,-0.011763463968378574,-0.046955645084381104,-0.27553892135620117,-0.04765713518295911,-0.03736114501953125,-0.21335157752037048,-0.06357359072003987,-0.034688711166381836,-0.15829122066497803,-0.06412906130586293,0.006573736667633057,-0.17855536937713623,-0.02106045862470296,0.004324555397033691,-0.2279055118560791,-0.05440486153398183,-0.00028830766677856445,-0.15198051929473877,-0.054102677160841495,-0.011399149894714355,-0.09775269031524658,-0.04318936472569135,0.04497110843658447,-0.1634300947189331,-0.03198781540427831,0.036416471004486084,-0.19407787919044495,-0.047636124545675784,0.028723061084747314,-0.1455925703048706,-0.03944861447249082,0.020408451557159424,-0.11150920391082764,-0.02849553270075944
N with wrist,0.0,0.0,0.0,-0.053081512451171875,-0.04410350322723389,-0.01931533331540436,-0.06903308629989624,-0.13667917251586914,-0.02871340999868721,-0.03918939828872681,-0.2124757468700409,-0.039117302024038736,-0.007532358169555664,-0.26398059725761414,-0.04569281938043446,-0.08151787519454956,-0.17811238765716553,-0.004513475322397653,-0.08737367391586304,-0.25081026554107666,-0.035242180549772684,-0.06855857372283936,-0.19784551858901978,-0.054819542193087045,-0.05870699882507324,-0.14918285608291626,-0.06267456638184399,-0.037589192390441895,-0.1850987672805786,-0.008879852690967027,-0.04872769117355347,-0.27506232261657715,-0.04414758014050335,-0.03782379627227783,-0.21353286504745483,-0.05959882142511219,-0.0336683988571167,-0.15800172090530396,-0.05955653938022465,0.0052512288093566895,-0.17728191614151,-0.017611402296694223,0.0022168755531311035,-0.22829389572143555,-0.050940177613171045,-0.0002486109733581543,-0.15223729610443115,-0.04984449523058743,-0.008997023105621338,-0.09756910800933838,-0.03798942195740551,0.043756842613220215,-0.16274958848953247,-0.02796849163738102,0.034155189990997314,-0.19528335332870483,-0.04352093043294758,0.02789783477783203,-0.14651459455490112,-0.03454727979865879,0.02134937047958374,-0.11202859878540039,-0.02274441833165497
N with wrist,0.0,0.0,0.0,-0.053595900535583496,-0.04300487041473389,-0.01924623561762928,-0.07058638334274292,-0.13540613651275635,-0.028755409770838014,-0.04111450910568237,-0.21138590574264526,-0.039278302469483606,-0.008795201778411865,-0.2630133628845215,-0.04597070825957417,-0.08339357376098633,-0.17708748579025269,-0.005188789346448175,-0.0881572961807251,-0.24923670291900635,-0.03645235685371517,-0.06953012943267822,-0.1963830590248108,-0.05629440782331585,-0.0601271390914917,-0.14729678630828857,-0.06419479487203716,-0.03975158929824829,-0.18449515104293823,-0.009761418343714467,-0.05021011829376221,-0.2733457684516907,-0.045647613831988565,-0.039134979248046875,-0.211833655834198,-0.06131520880126118,-0.034998178482055664,-0.15634030103683472,-0.06130738196634411,0.0030376315116882324,-0.17738282680511475,-0.018637612589827768,0.0010684728622436523,-0.22671428322792053,-0.0522710495974934,-0.0008215904235839844,-0.15017956495285034,-0.05117053178810238,-0.00968170166015625,-0.0958297848701477,-0.03924883542322277,0.04135078191757202,-0.16326254606246948,-0.029123634227744333,0.032760679721832275,-0.19370943307876587,-0.044684611388674966,0.0268704891204834,-0.1439826488494873,-0.03557970015071987,0.020049870014190674,-0.10958713293075562,-0.023635449015728227
N with wrist,0.0,0.0,0.0,-0.05313485860824585,-0.040972769260406494,-0.019486287439178795,-0.06888169050216675,-0.1361910104751587,-0.029208456927847237,-0.037187278270721436,-0.21215379238128662,-0.039590906182240815,-0.0037578940391540527,-0.26296234130859375,-0.04626808671088156,-0.08288627862930298,-0.17620056867599487,-0.007864001968812318,-0.08646047115325928,-0.247533917427063,-0.03876607103080687,-0.06751799583435059,-0.1928400695323944,-0.05827815813751158,-0.05763256549835205,-0.14374089241027832,-0.06631332246394095,-0.03904479742050171,-0.1841118037700653,-0.012360686266731591,-0.0501711368560791,-0.2736831307411194,-0.04894753156037268,-0.03886270523071289,-0.21089357137680054,-0.0644857919010633,-0.033354878425598145,-0.15493124723434448,-0.06428246555657324,0.0040135979652404785,-0.17723840475082397,-0.020826715806435914,0.002490818500518799,-0.22758525609970093,-0.05443551374406752,0.000961005687713623,-0.14808392524719238,-0.052471719512652726,-0.0074294209480285645,-0.09212517738342285,-0.04005834815831122,0.04172021150588989,-0.16373854875564575,-0.030938101762842507,0.03320246934890747,-0.19197070598602295,-0.046762659976195664,0.02750372886657715,-0.1405913233757019,-0.03749210370511946,0.020909249782562256,-0.10655158758163452,-0.025479569861602158
N with wrist,0.0,0.0,0.0,-0.05320340394973755,-0.042132437229156494,-0.01982315465571105,-0.0689704418182373,-0.13756674528121948,-0.02937668397785842,-0.03669315576553345,-0.21164178848266602,-0.03989534288407981,-0.0034912824630737305,-0.2615230083465576,-0.046835242060438986,-0.08146798610687256,-0.17643648386001587,-0.007592033350334759,-0.0862882137298584,-0.2478494942188263,-0.03895547076822936,-0.06724011898040771,-0.1946360170841217,-0.05875584318997085,-0.05815201997756958,-0.14500313997268677,-0.0667307323193711,-0.0385403037071228,-0.18426311016082764,-0.012238970247523184,-0.04949468374252319,-0.27254700660705566,-0.04839361294867217,-0.03798562288284302,-0.21120524406433105,-0.06433973669768989,-0.03360188007354736,-0.15603125095367432,-0.06471574514867484,0.00420147180557251,-0.17700976133346558,-0.021005211619154807,0.0030668973922729492,-0.2260277271270752,-0.05452259465815246,0.0014260411262512207,-0.14718860387802124,-0.05318187385560691,-0.007766842842102051,-0.09163236618041992,-0.04140765055777251,0.04225081205368042,-0.16263169050216675,-0.031474149075762625,0.034406304359436035,-0.19200929999351501,-0.04716005757214248,0.028316617012023926,-0.14066708087921143,-0.037850341049448843,0.020936906337738037,-0.1059952974319458,-0.025955796462909575
N with wrist,0.0,0.0,0.0,-0.05213576555252075,-0.042636334896087646,-0.021037565340321862,-0.06693196296691895,-0.139116108417511,-0.03063888827435335,-0.03507298231124878,-0.21348422765731812,-0.04093984680346807,-0.002599179744720459,-0.2642611861228943,-0.047530351002734506,-0.08210170269012451,-0.17726963758468628,-0.006960461643558347,-0.08688777685165405,-0.249399334192276,-0.03846249522737821,-0.06693422794342041,-0.19630885124206543,-0.05849595906309446,-0.05737709999084473,-0.14671999216079712,-0.06644780354670843,-0.038758695125579834,-0.18539035320281982,-0.010722180624526345,-0.04929494857788086,-0.2740289270877838,-0.046971859206479394,-0.037236690521240234,-0.21188396215438843,-0.06311680542401632,-0.033044397830963135,-0.15581530332565308,-0.06330879943541845,0.004147827625274658,-0.1782413125038147,-0.01883933859042486,0.0031325221061706543,-0.2265557050704956,-0.05276942791513761,0.0017102956771850586,-0.1476345658302307,-0.052089484204572045,-0.007668554782867432,-0.09170544147491455,-0.04039237441591581,0.042076826095581055,-0.16394895315170288,-0.028712685947340333,0.03440237045288086,-0.19329768419265747,-0.04474835636190733,0.028315424919128418,-0.14197856187820435,-0.0358731353478845,0.020462512969970703,-0.10664635896682739,-0.024041332100551926
N with wrist,0.0,0.0,0.0,-0.05253779888153076,-0.04305201768875122,-0.020378396927640097,-0.06741279363632202,-0.14027518033981323,-0.029680273576900618,-0.03462016582489014,-0.21425694227218628,-0.039802092208788054,-0.0008907318115234375,-0.26376909017562866,-0.046180675818845884,-0.0807984471321106,-0.1777089238166809,-0.006778753443882124,-0.0853375792503357,-0.24977338314056396,-0.037763587280437605,-0.0658988356590271,-0.19629308581352234,-0.057530692859813826,-0.056874096393585205,-0.14636492729187012,-0.06547469933263983,-0.03769165277481079,-0.18529707193374634,-0.010889223858043806,-0.04775458574295044,-0.2740720808506012,-0.046412970020696775,-0.03632920980453491,-0.21268993616104126,-0.06239052776925291,-0.03265661001205444,-0.1573854684829712,-0.06283182193271841,0.004867732524871826,-0.17802637815475464,-0.01926997032694544,0.00481182336807251,-0.2269437313079834,-0.052419795736000196,0.0025109052658081055,-0.14847558736801147,-0.05171922136776175,-0.007542788982391357,-0.09270048141479492,-0.04038583402268614,0.04255408048629761,-0.16369163990020752,-0.029415604739710943,0.03575313091278076,-0.19332513213157654,-0.04492701505057539,0.0294189453125,-0.14218038320541382,-0.036055839701816694,0.021425247192382812,-0.10676968097686768,-0.024492441757843153
N with wrist,0.0,0.0,0.0,-0.05165940523147583,-0.04302835464477539,-0.021354818476083892,-0.06605410575866699,-0.140625,-0.03092843083823027,-0.0333063006401062,-0.21440964937210083,-0.040994928909185546,0.00027292966842651367,-0.26434195041656494,-0.04729658899987044,-0.08032137155532837,-0.17845690250396729,-0.007324068566504138,-0.0839458703994751,-0.2508377730846405,-0.03850739611470999,-0.06475269794464111,-0.19703546166419983,-0.05843601165497603,-0.05575042963027954,-0.147416353225708,-0.06649404181325735,-0.036618947982788086,-0.18608054518699646,-0.010870238525512832,-0.04608654975891113,-0.2754213213920593,-0.04713966114604773,-0.03504359722137451,-0.21249011158943176,-0.06352219147765936,-0.031541526317596436,-0.15686166286468506,-0.06390584422433676,0.0060645341873168945,-0.17871606349945068,-0.018719538805726188,0.0059618353843688965,-0.22712057828903198,-0.052643855793121475,0.003253757953643799,-0.14779603481292725,-0.05239655239665808,-0.006945371627807617,-0.09213173389434814,-0.041051389408949035,0.04343414306640625,-0.16449183225631714,-0.028330042717698234,0.036422669887542725,-0.19230058789253235,-0.044520387185457366,0.0298423171043396,-0.14054656028747559,-0.036106133592966216,0.02168816328048706,-0.10562390089035034,-0.024643156436923164
N with wrist,0.0,0.0,0.0,-0.05226415395736694,-0.0435413122177124,-0.02176495859919214,-0.06661343574523926,-0.14182984828948975,-0.031054035150987147,-0.03326374292373657,-0.2156502604484558,-0.040948128649574755,0.0007951259613037109,-0.26562950015068054,-0.04715353468952799,-0.08077317476272583,-0.18065482378005981,-0.005882794824970006,-0.08403277397155762,-0.252082884311676,-0.03762274081407213,-0.06458860635757446,-0.19804301857948303,-0.058259925195557116,-0.055646657943725586,-0.14799398183822632,-0.0665471761911931,-0.03678929805755615,-0.1881747543811798,-0.00918744629768753,-0.04547673463821411,-0.27676230669021606,-0.045918179997784137,-0.03474956750869751,-0.21329018473625183,-0.06295984829364443,-0.031574785709381104,-0.15751832723617554,-0.0635370894759717,0.006028473377227783,-0.18006855249404907,-0.016988169723731517,0.006889283657073975,-0.22775483131408691,-0.05149636636076593,0.0036053061485290527,-0.14795345067977905,-0.05181437949238443,-0.00682443380355835,-0.09233248233795166,-0.04047921145854616,0.043098390102386475,-0.16492539644241333,-0.0265769086271348,0.03683418035507202,-0.19324252009391785,-0.042912690290791033,0.030121028423309326,-0.1413896083831787,-0.034547308781725405,0.02204442024230957,-0.10662633180618286,-0.022877419689280032
N with wrist,0.0,0.0,0.0,-0.052153170108795166,-0.04521983861923218,-0.021314090086178794,-0.06550192832946777,-0.14229458570480347,-0.03098720681484224,-0.03160649538040161,-0.2156299650669098,-0.04130286720211984,0.0019116401672363281,-0.2664266526699066,-0.047888670085029617,-0.07972729206085205,-0.18183088302612305,-0.005570721780912891,-0.08278107643127441,-0.2533301115036011,-0.03717328232343675,-0.06414175033569336,-0.19922515749931335,-0.05790297311361314,-0.05532902479171753,-0.1493183970451355,-0.06640353050644876,-0.03544098138809204,-0.1888284683227539,-0.009159982172803893,-0.04447638988494873,-0.27807602286338806,-0.045954026250200286,-0.03446221351623535,-0.21432656049728394,-0.06341045346673013,-0.0312536358833313,-0.15877169370651245,-0.06439913061078073,0.00757986307144165,-0.18017500638961792,-0.017106315089421287,0.0075476765632629395,-0.2300841212272644,-0.051437139479475036,0.0038720369338989258,-0.1499289870262146,-0.051539033619718566,-0.006157636642456055,-0.09417998790740967,-0.04018151384408952,0.0448070764541626,-0.16473442316055298,-0.02679028358872415,0.037169039249420166,-0.1933148205280304,-0.04285957661087991,0.03007972240447998,-0.1421351432800293,-0.03432919081862451,0.02244800329208374,-0.10848915576934814,-0.022638790277795806
N with wrist,0.0,0.0,0.0,-0.051774799823760986,-0.045592427253723145,-0.020266385329279046,-0.06592440605163574,-0.14084136486053467,-0.03000158215812121,-0.033168256282806396,-0.21436083316802979,-0.04052864718190108,0.0010461211204528809,-0.2648957669734955,-0.04736787411323462,-0.0789726972579956,-0.18298590183258057,-0.00622744955992971,-0.08138114213943481,-0.25441744923591614,-0.03784637483707343,-0.06315118074417114,-0.1999725103378296,-0.05806053015342627,-0.055053889751434326,-0.14997577667236328,-0.06609936389079962,-0.03461331129074097,-0.19000422954559326,-0.010325656784090143,-0.04262059926986694,-0.2786557078361511,-0.047218232927235704,-0.03308051824569702,-0.21439120173454285,-0.06386164906373892,-0.030570924282073975,-0.1584973931312561,-0.06410444858423148,0.008326232433319092,-0.18133759498596191,-0.01859185988953982,0.008165359497070312,-0.2285880744457245,-0.05291847097626601,0.0045206546783447266,-0.14873427152633667,-0.05226791608086501,-0.005508840084075928,-0.09431540966033936,-0.0402556318317977,0.045320868492126465,-0.16558414697647095,-0.02846310804537211,0.03789311647415161,-0.19311323761940002,-0.04403053554645453,0.030760586261749268,-0.14168286323547363,-0.03468187111369048,0.02310776710510254,-0.10859578847885132,-0.022339118224891763
N with wrist,0.0,0.0,0.0,-0.05038344860076904,-0.044258177280426025,-0.02118214502846172,-0.06432431936264038,-0.13954436779022217,-0.031436496450652385,-0.032429397106170654,-0.21485790610313416,-0.04213890157555511,0.0012842416763305664,-0.2669917345046997,-0.0489235120258229,-0.079043447971344,-0.18173068761825562,-0.008429814166476035,-0.08153820037841797,-0.256105899810791,-0.040732805653561854,-0.06305593252182007,-0.2023930549621582,-0.060590927525510097,-0.05495321750640869,-0.15247958898544312,-0.06817033238624504,-0.03446084260940552,-0.18918383121490479,-0.012049783057619834,-0.04219704866409302,-0.2801787257194519,-0.04949177898382118,-0.031714022159576416,-0.21554642915725708,-0.06541422106241157,-0.028545379638671875,-0.15926235914230347,-0.06488466359590461,0.008347928524017334,-0.181024432182312,-0.019906959532846713,0.00993192195892334,-0.22936388850212097,-0.05498275630091598,0.006849229335784912,-0.1487368941307068,-0.05383386559699943,-0.0037212371826171875,-0.09444993734359741,-0.04120913617228439,0.04590129852294922,-0.16571444272994995,-0.029420104845513606,0.04138869047164917,-0.1945958435535431,-0.04548129536127021,0.0337865948677063,-0.14220267534255981,-0.036264815404166484,0.02426278591156006,-0.10884565114974976,-0.02393010541712215
N with wrist,0.0,0.0,0.0,-0.04855549335479736,-0.046460628509521484,-0.021691916406268774,-0.06034427881240845,-0.14212578535079956,-0.03244513635348767,-0.026749610900878906,-0.21644845604896545,-0.04347770650696248,0.006263136863708496,-0.26889312267303467,-0.050729095831627546,-0.0762869119644165,-0.18181097507476807,-0.008609165333325564,-0.07903128862380981,-0.25559014081954956,-0.04108688224863499,-0.0612177848815918,-0.2033686339855194,-0.06186625351023167,-0.05216658115386963,-0.15393924713134766,-0.0702413244993636,-0.031001687049865723,-0.18910223245620728,-0.01218382538121432,-0.03899878263473511,-0.2814022898674011,-0.048951618269200026,-0.030111074447631836,-0.2191908061504364,-0.0656963809282729,-0.026596546173095703,-0.16317808628082275,-0.06607872982334584,0.012348651885986328,-0.18038487434387207,-0.020027415722722708,0.01369774341583252,-0.2293281853199005,-0.054186742648596464,0.009284913539886475,-0.1505313515663147,-0.05382613082241505,-0.0010912418365478516,-0.09613853693008423,-0.04219980527471989,0.05043154954910278,-0.16458076238632202,-0.0296575500519225,0.04481959342956543,-0.19217288494110107,-0.04509859149169415,0.03628945350646973,-0.1413854956626892,-0.03626474355172604,0.02702164649963379,-0.10866671800613403,-0.024550706043953596
N with wrist,0.0,0.0,0.0,-0.05151408910751343,-0.04684478044509888,-0.02084621773119011,-0.06482064723968506,-0.14196914434432983,-0.031105756620121383,-0.031166791915893555,-0.21555832028388977,-0.04157545589859524,0.0036503076553344727,-0.2670147716999054,-0.04820580952818432,-0.07891815900802612,-0.179462730884552,-0.009045543940914058,-0.08180081844329834,-0.252592533826828,-0.04058623858745136,-0.06365060806274414,-0.19888192415237427,-0.06038634651358166,-0.054528653621673584,-0.1500183343887329,-0.06865616315062084,-0.034216880798339844,-0.1890648603439331,-0.012697765464139366,-0.044730424880981445,-0.2823222279548645,-0.04902127557451763,-0.03473931550979614,-0.21778655052185059,-0.06496456437761822,-0.02992427349090576,-0.16126710176467896,-0.06514374339039364,0.008668005466461182,-0.18227922916412354,-0.02034804769809284,0.00879824161529541,-0.2308146357536316,-0.053186407173228645,0.005892157554626465,-0.1521461009979248,-0.05166407474334278,-0.003277122974395752,-0.09815037250518799,-0.03988564186747112,0.04689681529998779,-0.1680842638015747,-0.029909627372575187,0.041714489459991455,-0.19188213348388672,-0.04404838182981052,0.03390204906463623,-0.1416735053062439,-0.03511383929307499,0.025055348873138428,-0.11075931787490845,-0.023966593528342628
N with wrist,0.0,0.0,0.0,-0.04870462417602539,-0.0489235520362854,-0.02109277690092881,-0.06119304895401001,-0.13888561725616455,-0.032571662909191446,-0.030766427516937256,-0.213161438703537,-0.04453275049368699,0.00275576114654541,-0.2658812999725342,-0.05269314790407975,-0.07771557569503784,-0.18101471662521362,-0.009193369879227475,-0.08223289251327515,-0.2544490098953247,-0.04152585262696107,-0.0643656849861145,-0.2001524567604065,-0.06244719470183213,-0.055270254611968994,-0.15133225917816162,-0.07152789527813752,-0.03346806764602661,-0.19086962938308716,-0.013121931574147538,-0.04457300901412964,-0.284121572971344,-0.05011442000309785,-0.03475111722946167,-0.2193528413772583,-0.06696223164240678,-0.030499935150146484,-0.16287070512771606,-0.06795233184735139,0.009641647338867188,-0.18357473611831665,-0.02097811991612275,0.008251965045928955,-0.2316547930240631,-0.054288577980202035,0.005039215087890625,-0.15369713306427002,-0.05307057196537812,-0.0036621689796447754,-0.0992012619972229,-0.04149872506300767,0.04888880252838135,-0.1684628129005432,-0.030704335070055322,0.04173678159713745,-0.19406211376190186,-0.04482358018199761,0.033354759216308594,-0.14468485116958618,-0.03545486251155694,0.024653196334838867,-0.11246877908706665,-0.02399800414482911
N with wrist,0.0,0.0,0.0,-0.04863804578781128,-0.05025672912597656,-0.020788721304029423,-0.06126224994659424,-0.13759499788284302,-0.03243626610526462,-0.03199857473373413,-0.2120370864868164,-0.044601484696954685,-3.212690353393555e-05,-0.2663761079311371,-0.05290153579005619,-0.07824987173080444,-0.18355929851531982,-0.00874879353830238,-0.08364617824554443,-0.2565131187438965,-0.04132596359738727,-0.06512397527694702,-0.20258626341819763,-0.06232310042867084,-0.05615931749343872,-0.15359985828399658,-0.0712031009901466,-0.03395432233810425,-0.19299763441085815,-0.012854239467174011,-0.045952558517456055,-0.2860206663608551,-0.04961679832229038,-0.03560805320739746,-0.2223617136478424,-0.06682243527063747,-0.03155827522277832,-0.1673527956008911,-0.0682421583045425,0.009452104568481445,-0.18550586700439453,-0.020817966695517498,0.0072062015533447266,-0.2326039969921112,-0.054352145205825764,0.003957092761993408,-0.15478229522705078,-0.05332621143350025,-0.004884243011474609,-0.10093367099761963,-0.041847299348205524,0.04905158281326294,-0.16969966888427734,-0.03056825840064903,0.04087531566619873,-0.1960277557373047,-0.04492983178386112,0.03224742412567139,-0.1465919017791748,-0.03542042480000873,0.022909224033355713,-0.11400008201599121,-0.023730925779432255
N with wrist,0.0,0.0,0.0,-0.049730539321899414,-0.049185991287231445,-0.019506936301411315,-0.06302261352539062,-0.13956022262573242,-0.03033458382350318,-0.03343695402145386,-0.21369779109954834,-0.04186357498628013,-0.0019102096557617188,-0.2687060236930847,-0.049696813677371665,-0.07750147581100464,-0.183172345161438,-0.008100950498999282,-0.08361256122589111,-0.25642281770706177,-0.03941024780732505,-0.06616145372390747,-0.203890860080719,-0.05948568076354377,-0.05728989839553833,-0.15514177083969116,-0.06806088179808967,-0.03350639343261719,-0.19192183017730713,-0.013049204242349788,-0.046439528465270996,-0.28537923097610474,-0.04710908174973838,-0.03640735149383545,-0.2237294316291809,-0.0628444844530236,-0.03209644556045532,-0.16877174377441406,-0.06398916185361259,0.009815216064453125,-0.18483877182006836,-0.021960742180169746,0.006710827350616455,-0.23359262943267822,-0.05310628876549117,0.0033850669860839844,-0.1570870280265808,-0.051772493277610465,-0.006203651428222656,-0.10297662019729614,-0.041121232663215324,0.04958510398864746,-0.16937881708145142,-0.03272006974083297,0.040620625019073486,-0.19623637199401855,-0.04613218024832122,0.03163731098175049,-0.14728224277496338,-0.03689710364204757,0.02172088623046875,-0.11359649896621704,-0.02602393120986335
N with wrist,0.0,0.0,0.0,-0.050358593463897705,-0.04909008741378784,-0.020192299020862947,-0.06437468528747559,-0.1349605917930603,-0.03173731451985873,-0.03670644760131836,-0.21090295910835266,-0.04380602201578654,-0.0061095356941223145,-0.2675829529762268,-0.05190671419856585,-0.0802413821220398,-0.18325215578079224,-0.007615848892754684,-0.08630174398422241,-0.2564542889595032,-0.03968227839229144,-0.06903094053268433,-0.20371365547180176,-0.060346631315923105,-0.0598258376121521,-0.15503865480422974,-0.06920382937548197,-0.03587663173675537,-0.19264745712280273,-0.011932946724272142,-0.04844874143600464,-0.28607866168022156,-0.04824353566525019,-0.03854638338088989,-0.22323626279830933,-0.06526399960873164,-0.033939242362976074,-0.16865843534469604,-0.06681281885263957,0.007466554641723633,-0.1852647066116333,-0.020097874087667833,0.004688739776611328,-0.23222532868385315,-0.0531793739473585,0.001027226448059082,-0.15530353784561157,-0.05168332716581858,-0.0078696608543396,-0.1016852855682373,-0.04019734447953738,0.04742765426635742,-0.16912168264389038,-0.03004738500473536,0.03870111703872681,-0.19713318347930908,-0.04428769460079707,0.0294305682182312,-0.14802861213684082,-0.034467315283990274,0.019305109977722168,-0.11473959684371948,-0.02268615549562014
N with wrist,0.0,0.0,0.0,-0.05055016279220581,-0.04906511306762695,-0.020952483611154094,-0.06422233581542969,-0.1358126997947693,-0.03289030862038089,-0.03553837537765503,-0.21241146326065063,-0.04546825584952785,-0.0037915706634521484,-0.26804405450820923,-0.05420611795966579,-0.07941174507141113,-0.18387830257415771,-0.008167134569930568,-0.08624786138534546,-0.2561798691749573,-0.0416226796526189,-0.06928646564483643,-0.20121031999588013,-0.06335841116492702,-0.059878647327423096,-0.15243631601333618,-0.07287059721534206,-0.03495138883590698,-0.1934148669242859,-0.012647572876858248,-0.04752713441848755,-0.28578197956085205,-0.050692681195187106,-0.038120150566101074,-0.21982955932617188,-0.0683006122428651,-0.033804357051849365,-0.16469669342041016,-0.0699338018614526,0.008544862270355225,-0.18596267700195312,-0.021171772824573054,0.005970001220703125,-0.2338058352470398,-0.05550228801553203,0.0018988847732543945,-0.15561944246292114,-0.05427394059483959,-0.00696563720703125,-0.10188102722167969,-0.04270341617052509,0.04852175712585449,-0.17013126611709595,-0.03157423061315967,0.040041208267211914,-0.19758737087249756,-0.046694036545204654,0.03079622983932495,-0.14709264039993286,-0.03729681295340015,0.021001756191253662,-0.11355876922607422,-0.025665264548706546
N with wrist,0.0,0.0,0.0,-0.050176382064819336,-0.04647272825241089,-0.021953558783593508,-0.06424343585968018,-0.13473647832870483,-0.03334934101587805,-0.03558957576751709,-0.21200937032699585,-0.04536295146829161,-0.005322396755218506,-0.26912984251976013,-0.05370531813389334,-0.08055442571640015,-0.18258166313171387,-0.0064419147107628305,-0.08812552690505981,-0.2549728751182556,-0.04003213555699858,-0.06984090805053711,-0.2004682421684265,-0.06181986839658293,-0.05962163209915161,-0.15082305669784546,-0.07097077206856284,-0.03675562143325806,-0.1923564076423645,-0.010425944115581842,-0.04983490705490112,-0.28483885526657104,-0.04797698394543204,-0.03916192054748535,-0.21876931190490723,-0.0654331429410604,-0.0340082049369812,-0.16351550817489624,-0.06665615574604544,0.006713509559631348,-0.18529129028320312,-0.01878379122501883,0.004646360874176025,-0.2354649007320404,-0.0541806279230741,0.0025328397750854492,-0.15518438816070557,-0.05305193946844611,-0.005212545394897461,-0.10108679533004761,-0.04094428406244788,0.046731531620025635,-0.16971886157989502,-0.029006472091737123,0.039281487464904785,-0.20117515325546265,-0.04534340487009558,0.032215237617492676,-0.14901214838027954,-0.03566704155093703,0.02405107021331787,-0.11492425203323364,-0.02331696474141154
N with wrist,0.0,0.0,0.0,-0.049906134605407715,-0.04738551378250122,-0.022675196278498788,-0.06381285190582275,-0.13549423217773438,-0.03433847670595469,-0.03466373682022095,-0.21281179785728455,-0.04663837199251475,-0.004215121269226074,-0.2695600390434265,-0.05528418590466799,-0.08077740669250488,-0.18334025144577026,-0.005455009277568479,-0.08875888586044312,-0.2542523741722107,-0.039494364160702844,-0.07156795263290405,-0.1989516019821167,-0.06226888914744677,-0.0616491436958313,-0.1494707465171814,-0.0721974546198112,-0.03645455837249756,-0.1927424669265747,-0.009425630431280752,-0.049161434173583984,-0.2831094264984131,-0.04743052144686999,-0.03996455669403076,-0.21569859981536865,-0.06570015345852198,-0.03584474325180054,-0.16027355194091797,-0.06753880028765025,0.0072335004806518555,-0.18514972925186157,-0.018012431088493486,0.005025923252105713,-0.2335149049758911,-0.05380351712148013,0.0018256306648254395,-0.15294301509857178,-0.053299932378934045,-0.006335258483886719,-0.09910333156585693,-0.0416830131892425,0.04749917984008789,-0.1691853404045105,-0.028565746370361467,0.03965073823928833,-0.19928187131881714,-0.04522455726902308,0.032011330127716064,-0.14628124237060547,-0.03575686981122317,0.02350926399230957,-0.11203217506408691,-0.023606032702730317
N with wrist,0.0,0.0,0.0,-0.048728108406066895,-0.047401487827301025,-0.023636837202445804,-0.06239956617355347,-0.13701701164245605,-0.03555847210003549,-0.03384089469909668,-0.21463856101036072,-0.04798415553881341,-0.00436246395111084,-0.27208635210990906,-0.05656341713978463,-0.07976311445236206,-0.18519121408462524,-0.00612963288216406,-0.0881044864654541,-0.2565768361091614,-0.04083055135919267,-0.07126343250274658,-0.2006540298461914,-0.06406402093483621,-0.0617944598197937,-0.150820791721344,-0.07425851625515634,-0.03559690713882446,-0.19482499361038208,-0.009630984339253246,-0.047794878482818604,-0.28405439853668213,-0.048890399459139644,-0.03884530067443848,-0.2155279517173767,-0.0675876240165394,-0.03517425060272217,-0.15966302156448364,-0.06946131837679559,0.007823526859283447,-0.18729370832443237,-0.01791342412246877,0.006194472312927246,-0.23438867926597595,-0.054615831646458446,0.0027437806129455566,-0.15326249599456787,-0.054293288561837016,-0.005660951137542725,-0.09890586137771606,-0.04251455766274148,0.04772716760635376,-0.17172521352767944,-0.02825691987885648,0.04098784923553467,-0.20028817653656006,-0.0455481025309723,0.03319436311721802,-0.1476309895515442,-0.036593774977461635,0.024431288242340088,-0.11395531892776489,-0.02461854619099313
N with wrist,0.0,0.0,0.0,-0.049108684062957764,-0.04763418436050415,-0.02352805659427304,-0.06254196166992188,-0.13782823085784912,-0.03507735245182175,-0.03391498327255249,-0.21559524536132812,-0.04717373512937684,-0.005100131034851074,-0.2737172842025757,-0.05559362136079926,-0.0802985429763794,-0.18676340579986572,-0.004545869215121456,-0.08936887979507446,-0.2581208348274231,-0.039126810061475226,-0.07253903150558472,-0.2025357484817505,-0.06226805635049004,-0.06259751319885254,-0.15261346101760864,-0.0721345398600306,-0.035985708236694336,-0.19630783796310425,-0.007905660572191664,-0.04911619424819946,-0.28651636838912964,-0.04639340229584832,-0.040401339530944824,-0.21817752718925476,-0.06461512334897179,-0.036433517932891846,-0.1618780493736267,-0.06599873341872353,0.0075827836990356445,-0.1886422038078308,-0.01620494798078198,0.004098832607269287,-0.23693013191223145,-0.052682619916936346,0.0010863542556762695,-0.15619975328445435,-0.052320335435410925,-0.006420493125915527,-0.10202229022979736,-0.0403405431683268,0.04762774705886841,-0.1730007529258728,-0.026522396507402846,0.03880810737609863,-0.20321017503738403,-0.043786533551951834,0.03166365623474121,-0.15022605657577515,-0.03458403833462853,0.024016618728637695,-0.11604708433151245,-0.022242185103436896
N with wrist,0.0,0.0,0.0,-0.04747140407562256,-0.04695284366607666,-0.023968076614181655,-0.06094270944595337,-0.13578879833221436,-0.03607826708022799,-0.033270835876464844,-0.21462923288345337,-0.0485223907059833,-0.004984617233276367,-0.2737857401371002,-0.057174250764290946,-0.07898640632629395,-0.18658089637756348,-0.0068127711317345074,-0.08835071325302124,-0.2588575482368469,-0.0412562939352199,-0.07107383012771606,-0.2021823525428772,-0.06381327314440455,-0.06072932481765747,-0.15201324224472046,-0.07341567082468714,-0.03482240438461304,-0.19594132900238037,-0.009984604363779681,-0.04791516065597534,-0.28688785433769226,-0.04848983539406504,-0.0387263298034668,-0.2176510989665985,-0.06632469250027384,-0.034520864486694336,-0.16158974170684814,-0.0677397291189834,0.008620500564575195,-0.18791347742080688,-0.017862569821517127,0.005720615386962891,-0.23728826642036438,-0.054215856177251,0.00237882137298584,-0.15586692094802856,-0.053208224756161826,-0.0054441094398498535,-0.10177206993103027,-0.04108810825411524,0.048581063747406006,-0.17189157009124756,-0.027759401408474105,0.040156424045562744,-0.20340895652770996,-0.04499692125384058,0.03253519535064697,-0.14973896741867065,-0.0354230853742763,0.024164676666259766,-0.11504673957824707,-0.02299913419548716
N with wrist,0.0,0.0,0.0,-0.046981871128082275,-0.04839122295379639,-0.024929156629468707,-0.05963701009750366,-0.1380443572998047,-0.03756819861951044,-0.03171592950820923,-0.21640661358833313,-0.05036417218866518,-0.003728628158569336,-0.2757560610771179,-0.05929861041727236,-0.07734179496765137,-0.18856900930404663,-0.008127785390342979,-0.08604365587234497,-0.2598392963409424,-0.04340880188169649,-0.06890398263931274,-0.20360040664672852,-0.06648105579438379,-0.058783769607543945,-0.15319687128067017,-0.07624294805350473,-0.03299212455749512,-0.19730925559997559,-0.010926450705255775,-0.04590487480163574,-0.28774988651275635,-0.05083188238563707,-0.03756815195083618,-0.21951881051063538,-0.06960524070086649,-0.03368264436721802,-0.16308468580245972,-0.07141026305976084,0.010539233684539795,-0.18890738487243652,-0.018438952146198062,0.007789909839630127,-0.23684066534042358,-0.05596310841860941,0.0037351250648498535,-0.15556466579437256,-0.055611265925790576,-0.004368782043457031,-0.1008712649345398,-0.043546868590738086,0.05049431324005127,-0.17280429601669312,-0.027991075171257762,0.04218626022338867,-0.20276999473571777,-0.045849131522800235,0.034067630767822266,-0.14930731058120728,-0.03663827675404718,0.025415360927581787,-0.11480647325515747,-0.024276863886143474
N with wrist,0.0,0.0,0.0,-0.04572558403015137,-0.048076748847961426,-0.025277308849666724,-0.05811119079589844,-0.13798832893371582,-0.03804960447368444,-0.030414819717407227,-0.21645128726959229,-0.050728216497276435,-0.0024604201316833496,-0.27596068382263184,-0.05940095308241666,-0.07619816064834595,-0.18885380029678345,-0.009028788385961661,-0.08456826210021973,-0.2616158723831177,-0.04415049749431432,-0.06846046447753906,-0.20409858226776123,-0.06675556275067152,-0.058686137199401855,-0.15347963571548462,-0.07632075223145307,-0.03168874979019165,-0.1976093053817749,-0.01161487652925075,-0.043831050395965576,-0.28880274295806885,-0.05176037895498098,-0.03648066520690918,-0.21899059414863586,-0.07030397626576246,-0.032953083515167236,-0.16221290826797485,-0.0718481612485391,0.011834859848022461,-0.1887539029121399,-0.01881873208103002,0.008944690227508545,-0.2358700931072235,-0.05609926554379285,0.0040056705474853516,-0.15424513816833496,-0.055355019597385535,-0.004397571086883545,-0.10030227899551392,-0.04313855591234983,0.051864802837371826,-0.17227935791015625,-0.028088990328882346,0.04269284009933472,-0.20070558786392212,-0.0456863639038545,0.034391045570373535,-0.14749795198440552,-0.036362934587572227,0.025948405265808105,-0.1144062876701355,-0.024004066092942367
N with wrist,0.0,0.0,0.0,-0.046786487102508545,-0.049277663230895996,-0.024407074677100127,-0.05896264314651489,-0.13942396640777588,-0.03689592972611422,-0.029907941818237305,-0.21699219942092896,-0.04949603125666613,-0.0009412765502929688,-0.27446699142456055,-0.058037671150913184,-0.07562988996505737,-0.18943893909454346,-0.008368202375521605,-0.08422154188156128,-0.262215256690979,-0.042998148950090354,-0.06810653209686279,-0.20450997352600098,-0.06540993496989245,-0.05868715047836304,-0.1542799472808838,-0.07505341515158648,-0.031366586685180664,-0.19817161560058594,-0.011314175913383906,-0.04435807466506958,-0.2899893522262573,-0.05117265776013369,-0.03678572177886963,-0.22079452872276306,-0.06971911981915468,-0.03351563215255737,-0.16438233852386475,-0.07149407908534045,0.011847913265228271,-0.18901455402374268,-0.0187537585220241,0.008361518383026123,-0.23697200417518616,-0.055494512321700995,0.0035878419876098633,-0.15603113174438477,-0.05443888053511614,-0.004787266254425049,-0.10176366567611694,-0.04225747183178896,0.051947712898254395,-0.17246580123901367,-0.028274233343353217,0.04283583164215088,-0.20187854766845703,-0.04542277276729578,0.03459286689758301,-0.14927524328231812,-0.03592313721989626,0.026233255863189697,-0.11603617668151855,-0.023625631707062666
N with wrist,0.0,0.0,0.0,-0.04589325189590454,-0.05031496286392212,-0.024644569362152424,-0.05780452489852905,-0.14011114835739136,-0.0373456392983087,-0.02927374839782715,-0.21766778826713562,-0.050054858306992855,-0.0002225041389465332,-0.2751131057739258,-0.05871595708524069,-0.07518148422241211,-0.1900123953819275,-0.009388109537411538,-0.08382630348205566,-0.26308342814445496,-0.044128148684848156,-0.06724554300308228,-0.20540457963943481,-0.06650467110668501,-0.058199167251586914,-0.15507882833480835,-0.07600959284101805,-0.030866563320159912,-0.1987261176109314,-0.012074622193921414,-0.04365348815917969,-0.29059696197509766,-0.05172779304777464,-0.03567647933959961,-0.22144672274589539,-0.07026933027302107,-0.03282421827316284,-0.1651238203048706,-0.07208592338358244,0.012376248836517334,-0.1899462342262268,-0.01918338319157442,0.009438931941986084,-0.23598259687423706,-0.055655876974213925,0.004370987415313721,-0.15512913465499878,-0.05511357528959593,-0.004880309104919434,-0.101065993309021,-0.04332564664875349,0.0523456335067749,-0.17360442876815796,-0.028354852328646984,0.04356026649475098,-0.20101439952850342,-0.04515415323768934,0.0347631573677063,-0.14828330278396606,-0.03597861049567541,0.02553260326385498,-0.11491501331329346,-0.023994061032880154
N with wrist,0.0,0.0,0.0,-0.045390963554382324,-0.049582064151763916,-0.025244860911840306,-0.057050228118896484,-0.1407274603843689,-0.03799502086090456,-0.02792990207672119,-0.21806848049163818,-0.05067765992330919,0.0009124279022216797,-0.2757781445980072,-0.05930160265612017,-0.07412922382354736,-0.190463125705719,-0.009988470936292515,-0.08248913288116455,-0.2639814019203186,-0.04450333025502573,-0.06626564264297485,-0.20632094144821167,-0.06653993856357943,-0.05722153186798096,-0.15574467182159424,-0.07589791249679934,-0.02988964319229126,-0.19876962900161743,-0.012449659409099922,-0.04217052459716797,-0.29088738560676575,-0.05177971255230318,-0.0346335768699646,-0.22213375568389893,-0.070224384779209,-0.031917572021484375,-0.16529428958892822,-0.07208322268175493,0.013228356838226318,-0.18981784582138062,-0.019468785265559063,0.010225832462310791,-0.23585522174835205,-0.055785833859914646,0.004489004611968994,-0.15560805797576904,-0.055963399821990834,-0.0053640007972717285,-0.1011878252029419,-0.04483143892335306,0.05320197343826294,-0.1733534336090088,-0.02859984804140936,0.04446899890899658,-0.20103538036346436,-0.04567925539063822,0.035462021827697754,-0.1489652395248413,-0.03738573473142992,0.025982439517974854,-0.11514502763748169,-0.02615185361551653
N with wrist,0.0,0.0,0.0,-0.04569059610366821,-0.05079007148742676,-0.023922889414080828,-0.0563129186630249,-0.14350378513336182,-0.036308434712537974,-0.026102721691131592,-0.21956363320350647,-0.04874922047818586,0.0041321516036987305,-0.2754913568496704,-0.05718430961931631,-0.0720168948173523,-0.19142013788223267,-0.01073021806294605,-0.07972961664199829,-0.26387709379196167,-0.04475632022584364,-0.06384801864624023,-0.20484286546707153,-0.06635450656975195,-0.05533510446548462,-0.15430790185928345,-0.0756440618213503,-0.027724921703338623,-0.19925814867019653,-0.013664151462563723,-0.03979206085205078,-0.29094669222831726,-0.052912999796518534,-0.032225072383880615,-0.220767080783844,-0.07089284892643377,-0.029499709606170654,-0.16365087032318115,-0.07256822373236105,0.015477657318115234,-0.189922034740448,-0.020840913909324854,0.012358009815216064,-0.23625439405441284,-0.05621799539292738,0.0063460469245910645,-0.15522265434265137,-0.05556983213389799,-0.003762185573577881,-0.10024869441986084,-0.04423559542263433,0.05536520481109619,-0.1734026074409485,-0.03007811393106863,0.04653012752532959,-0.1998581886291504,-0.04609052177036688,0.03716099262237549,-0.1478394865989685,-0.03740108843410894,0.027581334114074707,-0.1146882176399231,-0.026225090878853052
N with wrist,0.0,0.0,0.0,-0.04525405168533325,-0.05239570140838623,-0.023564303446079293,-0.05488467216491699,-0.14260059595108032,-0.03594766013648609,-0.025712251663208008,-0.21832624077796936,-0.04842831395890812,0.0026990175247192383,-0.2754080295562744,-0.05685804613258938,-0.07169228792190552,-0.1926477551460266,-0.010471960681940118,-0.079872727394104,-0.26457640528678894,-0.04435041375782589,-0.06426334381103516,-0.20687073469161987,-0.06562422789957623,-0.05639517307281494,-0.1556454300880432,-0.07439104296591381,-0.027950763702392578,-0.199779212474823,-0.013425015996659795,-0.04089993238449097,-0.29070547223091125,-0.05251252852704624,-0.03342032432556152,-0.22257590293884277,-0.07053898848917584,-0.031217455863952637,-0.16545754671096802,-0.07227599449780087,0.015027165412902832,-0.1903374195098877,-0.020519081655407945,0.011479794979095459,-0.23637160658836365,-0.05614135988381008,0.005976319313049316,-0.1568165421485901,-0.05568020619776348,-0.004046022891998291,-0.10167288780212402,-0.04432851277616123,0.05516254901885986,-0.17317038774490356,-0.029577005806828538,0.046118199825286865,-0.20119702816009521,-0.045833582210804025,0.036652445793151855,-0.14927130937576294,-0.03705971144464115,0.026661694049835205,-0.11472612619400024,-0.025652351010108987
N with wrist,0.0,0.0,0.0,-0.04508352279663086,-0.05257457494735718,-0.02321223938523076,-0.05483710765838623,-0.14112114906311035,-0.03562022769509099,-0.026226282119750977,-0.21730464696884155,-0.04821321019588254,0.002351045608520508,-0.27491647005081177,-0.05673898780403874,-0.07216930389404297,-0.19283831119537354,-0.009038442984802941,-0.07978653907775879,-0.26517197489738464,-0.042670596629960755,-0.06463438272476196,-0.2075597643852234,-0.06406486803351186,-0.056801021099090576,-0.1564922332763672,-0.07302688086090825,-0.028052449226379395,-0.19993984699249268,-0.012109606765790204,-0.04068082571029663,-0.29133692383766174,-0.050924971938712815,-0.0335879921913147,-0.22268342971801758,-0.06910070800839208,-0.03130370378494263,-0.16581422090530396,-0.07098370069323323,0.015093743801116943,-0.1899627447128296,-0.019339692086560945,0.01143789291381836,-0.23687702417373657,-0.0544493126278951,0.005327284336090088,-0.15832698345184326,-0.05393896275816701,-0.005058348178863525,-0.10400086641311646,-0.04271756509004376,0.05517846345901489,-0.1721193790435791,-0.02852864401100419,0.04621696472167969,-0.201849102973938,-0.04430828267393849,0.03652602434158325,-0.1510627269744873,-0.035333201528175096,0.02615952491760254,-0.11720508337020874,-0.023875523597581605
N with wrist,0.0,0.0,0.0,-0.04559218883514404,-0.05278879404067993,-0.024037321705208115,-0.05643725395202637,-0.14318549633026123,-0.03673290801404505,-0.027085721492767334,-0.21931996941566467,-0.04959187251685648,0.0035340189933776855,-0.27639371156692505,-0.05833373186348467,-0.07260465621948242,-0.1931976079940796,-0.009192673165188125,-0.07883602380752563,-0.26505374908447266,-0.04366099056957751,-0.06336963176727295,-0.2076752781867981,-0.06569237229584246,-0.055854201316833496,-0.15679538249969482,-0.07494568047283678,-0.028383493423461914,-0.20077049732208252,-0.01209891834466248,-0.03925544023513794,-0.29246681928634644,-0.05141578954814463,-0.03223919868469238,-0.22499841451644897,-0.07010087338446169,-0.030602574348449707,-0.168759286403656,-0.07204917040823489,0.014793813228607178,-0.19146442413330078,-0.019373656857595734,0.012714505195617676,-0.23716911673545837,-0.054853900942788414,0.00648266077041626,-0.15903013944625854,-0.054814904603944115,-0.004710733890533447,-0.10594052076339722,-0.04359660637734919,0.054622113704681396,-0.17452216148376465,-0.028717668402777008,0.047196030616760254,-0.2030477523803711,-0.04426195812581568,0.03744691610336304,-0.15299612283706665,-0.035370915803895286,0.026605963706970215,-0.12066388130187988,-0.023860277283773712
N with wrist,0.0,0.0,0.0,-0.04567807912826538,-0.05194634199142456,-0.023625461221087107,-0.05713307857513428,-0.14255177974700928,-0.03554896993969692,-0.027934134006500244,-0.21886789798736572,-0.04769534601305736,0.0019191503524780273,-0.27578750252723694,-0.05569572730396999,-0.0734516978263855,-0.19160932302474976,-0.0072698326077045294,-0.08005201816558838,-0.2658352851867676,-0.04010976462100757,-0.06413626670837402,-0.20740115642547607,-0.06126227586005939,-0.05596327781677246,-0.15747320652008057,-0.07048427669738544,-0.0293692946434021,-0.19928359985351562,-0.010262420237410197,-0.04037749767303467,-0.29249030351638794,-0.048046603635299334,-0.03293496370315552,-0.2239803671836853,-0.06642911194299472,-0.030771732330322266,-0.1685488224029541,-0.0687039455625893,0.013598501682281494,-0.18954473733901978,-0.01764163544808639,0.01131141185760498,-0.2372567057609558,-0.0519783644232632,0.005008816719055176,-0.15895545482635498,-0.052006210968244204,-0.005903363227844238,-0.10641521215438843,-0.04146944715117229,0.05359792709350586,-0.1723560094833374,-0.027096098125326762,0.04558563232421875,-0.20176148414611816,-0.04242828099464191,0.03617280721664429,-0.15187495946884155,-0.03387991322611583,0.025854527950286865,-0.12004220485687256,-0.023013254464018473
N with wrist,0.0,0.0,0.0,-0.04571843147277832,-0.05368870496749878,-0.023895579690389468,-0.05669194459915161,-0.14504718780517578,-0.03544005502229197,-0.02678060531616211,-0.22204017639160156,-0.0474241909778641,0.0037418603897094727,-0.2791171669960022,-0.05533465493684275,-0.0742219090461731,-0.19420140981674194,-0.004280623348705603,-0.07996296882629395,-0.2673633098602295,-0.036928457508139445,-0.06478607654571533,-0.2088075876235962,-0.05822722364430888,-0.056935787200927734,-0.15888381004333496,-0.06734228257303698,-0.029978573322296143,-0.20088905096054077,-0.0070067642464266555,-0.04021644592285156,-0.2922600209712982,-0.044731268028073146,-0.032994091510772705,-0.22292795777320862,-0.06338686619167788,-0.03029996156692505,-0.167039692401886,-0.0653363031542824,0.013288497924804688,-0.19102996587753296,-0.01447611890947087,0.011599600315093994,-0.2368258833885193,-0.04932783294682963,0.004750072956085205,-0.15736210346221924,-0.050501150379233195,-0.006703078746795654,-0.10414767265319824,-0.04011579353576167,0.0529288649559021,-0.17414498329162598,-0.023989872375778987,0.045123934745788574,-0.2024645209312439,-0.03954966116910441,0.03535258769989014,-0.15208029747009277,-0.03157651175027354,0.024715304374694824,-0.11958903074264526,-0.020697855690769984
N with wrist,0.0,0.0,0.0,-0.046201109886169434,-0.05259746313095093,-0.023142730883705553,-0.0563850998878479,-0.14444011449813843,-0.0346485973069548,-0.024530887603759766,-0.22023940086364746,-0.04660538218115562,0.006202578544616699,-0.2767433524131775,-0.0546557792196154,-0.0747370719909668,-0.19177526235580444,-0.004090546231168446,-0.08028674125671387,-0.2638169229030609,-0.03680424026345008,-0.06549888849258423,-0.2056604027748108,-0.05869600928519958,-0.057108283042907715,-0.1558024287223816,-0.06834495819305175,-0.030383706092834473,-0.19858813285827637,-0.007340760036754546,-0.04111135005950928,-0.29030606150627136,-0.044983748413073954,-0.03468191623687744,-0.22095412015914917,-0.0636681318948149,-0.03161001205444336,-0.1645110845565796,-0.06568115956281417,0.01299375295639038,-0.18891620635986328,-0.015257177940952715,0.011234104633331299,-0.23656624555587769,-0.049540117449510035,0.004145383834838867,-0.15627938508987427,-0.05008247501348251,-0.006765246391296387,-0.10289984941482544,-0.03952769941781753,0.05275273323059082,-0.17224454879760742,-0.025245163656222758,0.04404091835021973,-0.20006048679351807,-0.040266700155484614,0.03391551971435547,-0.1489642858505249,-0.03178248561118835,0.023721814155578613,-0.11702173948287964,-0.020784299887168345
N with wrist,0.0,0.0,0.0,-0.04538249969482422,-0.0523490309715271,-0.023772031421685824,-0.055392563343048096,-0.14381104707717896,-0.03554143978180946,-0.024284720420837402,-0.2204470932483673,-0.047582107017660746,0.006054997444152832,-0.2769808769226074,-0.05565594358267845,-0.07379436492919922,-0.19156014919281006,-0.005525884105736623,-0.08001279830932617,-0.26327386498451233,-0.038349939863110194,-0.06459999084472656,-0.2051604986190796,-0.05998490227284492,-0.056226491928100586,-0.15455025434494019,-0.06921221537413658,-0.02998185157775879,-0.19805723428726196,-0.008273529241705546,-0.04059410095214844,-0.2885596454143524,-0.046030143628740916,-0.03391444683074951,-0.22046276926994324,-0.06466275675120414,-0.03101450204849243,-0.1636999249458313,-0.06653147412362159,0.01322948932647705,-0.18847978115081787,-0.015623706745827803,0.011629104614257812,-0.23360013961791992,-0.050134225170040736,0.004472911357879639,-0.15438514947891235,-0.05099837703528465,-0.006398558616638184,-0.10116034746170044,-0.040408084521914134,0.052820801734924316,-0.1719527244567871,-0.025001511330629,0.043953537940979004,-0.1993679404258728,-0.04019158927621902,0.03458678722381592,-0.1484508514404297,-0.031728322039271006,0.025230050086975098,-0.11596179008483887,-0.02050133084776462
N with wrist,0.0,0.0,0.0,-0.04584932327270508,-0.05071467161178589,-0.023542783603460293,-0.05567115545272827,-0.14262723922729492,-0.03554533366897772,-0.02405869960784912,-0.2196587324142456,-0.04779965747931669,0.006590306758880615,-0.27634483575820923,-0.056095398411542874,-0.07298362255096436,-0.19081664085388184,-0.006802516438455086,-0.07929027080535889,-0.26292064785957336,-0.03998992537000845,-0.06409430503845215,-0.20462626218795776,-0.0614482643161125,-0.055653929710388184,-0.1535370945930481,-0.07041225899794767,-0.029033422470092773,-0.19695889949798584,-0.009899438739211064,-0.03923642635345459,-0.28770795464515686,-0.04789398182967375,-0.03294527530670166,-0.21923285722732544,-0.06588746179679106,-0.03035438060760498,-0.16208291053771973,-0.06723445971348951,0.014315426349639893,-0.18711209297180176,-0.017508359074980717,0.012865900993347168,-0.233781099319458,-0.05230951254108618,0.006021976470947266,-0.1526302695274353,-0.05183743630388449,-0.004386186599731445,-0.09848558902740479,-0.040213222995788556,0.05398714542388916,-0.17011809349060059,-0.027129083320886593,0.04495072364807129,-0.1984255313873291,-0.04266016875246237,0.03537261486053467,-0.14607709646224976,-0.03333267886975477,0.026013076305389404,-0.11301863193511963,-0.021317487031609517
N with wrist,0.0,0.0,0.0,-0.04634898900985718,-0.051674485206604004,-0.02326957640264027,-0.055451035499572754,-0.14344501495361328,-0.03517379743072979,-0.022613465785980225,-0.2196793556213379,-0.04737544936153881,0.009079456329345703,-0.2744995355606079,-0.05555486810419552,-0.0714564323425293,-0.19044512510299683,-0.0067904292701541635,-0.07778829336166382,-0.2615433633327484,-0.04005703088853352,-0.06273692846298218,-0.202752947807312,-0.06152181086156361,-0.05428999662399292,-0.15124833583831787,-0.07037323472115986,-0.027681052684783936,-0.19651633501052856,-0.009817622052764818,-0.037611424922943115,-0.2861519753932953,-0.048412607433533594,-0.03143751621246338,-0.21780455112457275,-0.06666979697558872,-0.028846561908721924,-0.1604980230331421,-0.06799258795592777,0.01559603214263916,-0.18665969371795654,-0.017262519719338343,0.014513134956359863,-0.23216265439987183,-0.05238232892963879,0.007529914379119873,-0.15120357275009155,-0.05190926176521771,-0.0027108192443847656,-0.09676188230514526,-0.04001485687706463,0.05530130863189697,-0.16980814933776855,-0.026686846660709307,0.04638063907623291,-0.19766628742218018,-0.042309717657303736,0.03689056634902954,-0.1456175446510315,-0.03293591124031536,0.027979493141174316,-0.11269283294677734,-0.020677996250128672
N with wrist,0.0,0.0,0.0,-0.04678034782409668,-0.05308091640472412,-0.02334598549256839,-0.05565309524536133,-0.14325684309005737,-0.03556974888394393,-0.023208141326904297,-0.22035232186317444,-0.04800565451930083,0.008885622024536133,-0.2752671241760254,-0.05629685804794349,-0.07071083784103394,-0.19192421436309814,-0.006749472157906666,-0.07708179950714111,-0.2631906270980835,-0.04026552573392905,-0.06360316276550293,-0.20462489128112793,-0.06204312578390159,-0.05609703063964844,-0.15328985452651978,-0.07113798246334113,-0.026900649070739746,-0.1976919174194336,-0.00966374114702262,-0.036608874797821045,-0.28634804487228394,-0.04913538605521239,-0.03150707483291626,-0.21757549047470093,-0.06779337212989844,-0.02930814027786255,-0.1607722043991089,-0.06943109170148887,0.01618736982345581,-0.18703186511993408,-0.016903952738147154,0.015152931213378906,-0.23231744766235352,-0.05256218374321975,0.0074964165687561035,-0.15187162160873413,-0.05152459726284064,-0.002727031707763672,-0.09751147031784058,-0.039206220811109915,0.05572032928466797,-0.16948920488357544,-0.026128050913911238,0.046878159046173096,-0.19847548007965088,-0.04198277652810134,0.03701484203338623,-0.14664924144744873,-0.0320406882519535,0.027901768684387207,-0.11392724514007568,-0.01927711539516963
N with wrist,0.0,0.0,0.0,-0.04701435565948486,-0.05159837007522583,-0.020843922534396597,-0.056072354316711426,-0.14476722478866577,-0.032308604010751196,-0.021883368492126465,-0.22039192914962769,-0.04427843112628693,0.011767089366912842,-0.27256807684898376,-0.05211726147811646,-0.0688897967338562,-0.1918410062789917,-0.007971798443605849,-0.07435333728790283,-0.26239266991615295,-0.041439081916024634,-0.05991065502166748,-0.20254772901535034,-0.06216552052777047,-0.051179707050323486,-0.15101659297943115,-0.07040375787894959,-0.024396657943725586,-0.19733357429504395,-0.012231544965317198,-0.03239595890045166,-0.28674694895744324,-0.05153278205673928,-0.02684628963470459,-0.21859446167945862,-0.06818252373616929,-0.024082541465759277,-0.16003215312957764,-0.06787503827493424,0.01939213275909424,-0.18752115964889526,-0.0206076441345715,0.018818140029907227,-0.23147690296173096,-0.05549185294788117,0.011127054691314697,-0.14957505464553833,-0.05299819950144524,0.00022834539413452148,-0.09487766027450562,-0.03957938719671006,0.059314608573913574,-0.17100107669830322,-0.030872055703213164,0.050563812255859375,-0.19515174627304077,-0.046158424952437827,0.039749979972839355,-0.14248305559158325,-0.035907793232610175,0.030029654502868652,-0.11009633541107178,-0.022846783885171362
N with wrist,0.0,0.0,0.0,-0.046066999435424805,-0.05098402500152588,-0.021786295530915822,-0.054155945777893066,-0.14490699768066406,-0.03378177313280162,-0.0206831693649292,-0.2201264500617981,-0.046308497620344724,0.012498021125793457,-0.27387964725494385,-0.054939909560204114,-0.06782817840576172,-0.19419628381729126,-0.008921526094496812,-0.07348626852035522,-0.2650839388370514,-0.042304954213619794,-0.059519171714782715,-0.20718169212341309,-0.06265536202263888,-0.05161774158477783,-0.15478408336639404,-0.0702064882047182,-0.023419618606567383,-0.19785034656524658,-0.012863883470714654,-0.03106093406677246,-0.2893197536468506,-0.04967863364291247,-0.026293575763702393,-0.22450149059295654,-0.0646222631461626,-0.02477794885635376,-0.16451233625411987,-0.06325338287425097,0.020483553409576416,-0.18654054403305054,-0.021279264894843664,0.019414544105529785,-0.23096147179603577,-0.055369092804909315,0.010935425758361816,-0.15114164352416992,-0.05339369056892451,-0.0006392598152160645,-0.09596633911132812,-0.040221157205820646,0.060919225215911865,-0.16802328824996948,-0.031575987768889036,0.05282658338546753,-0.19747620820999146,-0.04670125870180186,0.04099583625793457,-0.14655476808547974,-0.036525937450647916,0.030285894870758057,-0.11158585548400879,-0.023384685350180234
N with wrist,0.0,0.0,0.0,-0.046288371086120605,-0.05079609155654907,-0.021250448715392167,-0.055785417556762695,-0.14553654193878174,-0.03236387443214994,-0.022248804569244385,-0.2207394540309906,-0.04426480602890592,0.0123748779296875,-0.27226555347442627,-0.05206736322909933,-0.06748133897781372,-0.1976546049118042,-0.006413724333498294,-0.07165098190307617,-0.26852601766586304,-0.039195345309082086,-0.05913090705871582,-0.20932459831237793,-0.058925734427276666,-0.052265822887420654,-0.15639477968215942,-0.06587652635246855,-0.022951841354370117,-0.1999834179878235,-0.010060759786966855,-0.02936410903930664,-0.29013919830322266,-0.046221145954433496,-0.024915218353271484,-0.22468262910842896,-0.060220336135927255,-0.023211300373077393,-0.1647205352783203,-0.05792725976974111,0.020586907863616943,-0.18768543004989624,-0.01842357177704912,0.0202062726020813,-0.23223325610160828,-0.05228792649180036,0.01144343614578247,-0.15359824895858765,-0.050238566067520196,0.00018078088760375977,-0.09893643856048584,-0.03668255132109266,0.06041598320007324,-0.16858184337615967,-0.02862012159496885,0.05258530378341675,-0.1987009048461914,-0.04382056888610464,0.041091859340667725,-0.14946728944778442,-0.03403367992908102,0.031329214572906494,-0.11536639928817749,-0.02084048610598188
N with wrist,0.0,0.0,0.0,-0.04622542858123779,-0.05242830514907837,-0.021958092292095444,-0.05479586124420166,-0.14859014749526978,-0.03322550474598529,-0.020627617835998535,-0.22355982661247253,-0.045238377590919754,0.01321035623550415,-0.27467969059944153,-0.0530241151054156,-0.06627720594406128,-0.19995814561843872,-0.006853589386935255,-0.070315420627594,-0.2709440290927887,-0.04009730561568858,-0.05787348747253418,-0.2105976939201355,-0.06038014038398387,-0.05166518688201904,-0.15745759010314941,-0.06778544752791049,-0.021496593952178955,-0.20201724767684937,-0.01041437971338155,-0.028582096099853516,-0.2921951115131378,-0.04692398204400661,-0.024531126022338867,-0.22685059905052185,-0.06154025166227939,-0.023996174335479736,-0.1672164797782898,-0.0598433521290076,0.022056996822357178,-0.18925225734710693,-0.01880274905755641,0.02167433500289917,-0.23516511917114258,-0.05302259146168353,0.01226341724395752,-0.15658175945281982,-0.0515810792048228,-0.0003083348274230957,-0.10100120306015015,-0.03855617537095668,0.061680614948272705,-0.16961950063705444,-0.02913704893484237,0.05448341369628906,-0.19885647296905518,-0.04503767757609012,0.04196655750274658,-0.15045392513275146,-0.03613833158209445,0.030509769916534424,-0.11625343561172485,-0.02359665191664817
N with wrist,0.0,0.0,0.0,-0.046550452709198,-0.05196702480316162,-0.022782431443744144,-0.05450838804244995,-0.14932209253311157,-0.0341982929907374,-0.01961272954940796,-0.22520554065704346,-0.04596206312399431,0.014973223209381104,-0.2765618860721588,-0.05327684571366831,-0.06687206029891968,-0.20019471645355225,-0.00846344930451437,-0.069835364818573,-0.2719714343547821,-0.041372118046098194,-0.05649685859680176,-0.210085928440094,-0.06090499972324892,-0.04992640018463135,-0.1567060947418213,-0.06789073487144037,-0.021563589572906494,-0.2022903561592102,-0.011406999541037521,-0.028310716152191162,-0.293997198343277,-0.048087922384553394,-0.023236393928527832,-0.2266402244567871,-0.06212679063301607,-0.021966516971588135,-0.16660308837890625,-0.0599091178677611,0.02217555046081543,-0.1897391676902771,-0.01913096149783655,0.022579431533813477,-0.2355319857597351,-0.05323265632014795,0.013006627559661865,-0.15669697523117065,-0.051448245992474995,-0.0001698136329650879,-0.10139769315719604,-0.03819982846599146,0.06157732009887695,-0.1703253984451294,-0.028870153700523815,0.05576223134994507,-0.2000046968460083,-0.044313789804988346,0.043614089488983154,-0.15170389413833618,-0.03529139747243448,0.03188091516494751,-0.11766594648361206,-0.022819997271113834
N with wrist,0.0,0.0,0.0,-0.04669290781021118,-0.05388486385345459,-0.023089429060917155,-0.054369449615478516,-0.15401262044906616,-0.0340898182941487,-0.018139779567718506,-0.22857826948165894,-0.045399792189698474,0.017261981964111328,-0.2779993712902069,-0.05226433991919066,-0.06640094518661499,-0.20130515098571777,-0.008576214010815875,-0.06792843341827393,-0.2743353843688965,-0.04107411175499465,-0.05514836311340332,-0.2113059163093567,-0.060506693716149584,-0.0495564341545105,-0.15695691108703613,-0.06760176985989119,-0.020866036415100098,-0.20364683866500854,-0.011172106186847941,-0.026678502559661865,-0.2957819402217865,-0.04828760370145346,-0.021678149700164795,-0.22745048999786377,-0.06302982538471724,-0.021175384521484375,-0.1664036512374878,-0.06124631285200621,0.02304697036743164,-0.19141077995300293,-0.018511667544942156,0.02471369504928589,-0.23695436120033264,-0.0522836182964852,0.015048205852508545,-0.1572784185409546,-0.05111065849195029,0.0009674429893493652,-0.10088932514190674,-0.038395352358918444,0.06196737289428711,-0.1730523705482483,-0.027924690092902438,0.05680269002914429,-0.20118451118469238,-0.04292139008174445,0.044572412967681885,-0.15316909551620483,-0.034376207436423556,0.03255361318588257,-0.1199181079864502,-0.022442597593169467
N with wrist,0.0,0.0,0.0,-0.047481656074523926,-0.05515718460083008,-0.023009990045494533,-0.054371535778045654,-0.15668821334838867,-0.033626659476823306,-0.01714080572128296,-0.2312617301940918,-0.04447245475060413,0.018842458724975586,-0.2809569835662842,-0.051009404176539874,-0.06665730476379395,-0.20378530025482178,-0.007265483198381162,-0.06724470853805542,-0.27644041180610657,-0.039202197158402896,-0.054470062255859375,-0.21380847692489624,-0.058778333181209064,-0.0488322377204895,-0.15991592407226562,-0.06618206825262973,-0.02064502239227295,-0.2057514190673828,-0.009874175006217456,-0.02655172348022461,-0.29844996333122253,-0.046308825427360034,-0.02132415771484375,-0.22964632511138916,-0.06134637322432468,-0.02043086290359497,-0.16816318035125732,-0.059955822938746905,0.023630976676940918,-0.1930139660835266,-0.017241359391874767,0.025064826011657715,-0.24034830927848816,-0.05067179974324176,0.015545368194580078,-0.15989404916763306,-0.049711386376685596,0.0015726685523986816,-0.10276991128921509,-0.037353030109471774,0.06263613700866699,-0.1742875576019287,-0.026681975165075755,0.056442081928253174,-0.20280927419662476,-0.041779218876428104,0.04413282871246338,-0.1532244086265564,-0.03327749174243877,0.03214573860168457,-0.11898845434188843,-0.021494303533501125
N with wrist,0.0,0.0,0.0,-0.04662901163101196,-0.0552295446395874,-0.023721687085327403,-0.054054081439971924,-0.15517622232437134,-0.03510029759198119,-0.01760488748550415,-0.229898601770401,-0.04685035865693976,0.01840198040008545,-0.28103840351104736,-0.05428775545149733,-0.0660172700881958,-0.20560014247894287,-0.007645868285891311,-0.0668286681175232,-0.27713632583618164,-0.040854977033433215,-0.05395472049713135,-0.2150600552558899,-0.06120849545985152,-0.04876309633255005,-0.16083496809005737,-0.06880311068087508,-0.020580291748046875,-0.20673280954360962,-0.010370439439412849,-0.025328397750854492,-0.29785361886024475,-0.047548258266743915,-0.02001255750656128,-0.22901183366775513,-0.06278325762539794,-0.020190119743347168,-0.1677829623222351,-0.06144764419585158,0.023310542106628418,-0.1935352087020874,-0.018111608512100474,0.025603652000427246,-0.23920267820358276,-0.05285462882309844,0.015708565711975098,-0.159465491771698,-0.05242874991088797,0.0008606314659118652,-0.10333645343780518,-0.040149947217997806,0.06210052967071533,-0.17383724451065063,-0.027920176796015994,0.057471632957458496,-0.2037947177886963,-0.04395581554561545,0.04497230052947998,-0.15356403589248657,-0.03559981804281165,0.03217148780822754,-0.11812269687652588,-0.023703150040802257
N with wrist,0.0,0.0,0.0,-0.046031296253204346,-0.054552555084228516,-0.023529710257037095,-0.052748024463653564,-0.15359961986541748,-0.034851128244383744,-0.016466975212097168,-0.22779735922813416,-0.04635727965234082,0.019174516201019287,-0.27866652607917786,-0.05365745165346425,-0.06646615266799927,-0.2038002610206604,-0.008187477485819272,-0.06624209880828857,-0.27403122186660767,-0.041192850106938295,-0.052962541580200195,-0.21179473400115967,-0.06135713868735593,-0.047331809997558594,-0.15815860033035278,-0.06885089167354863,-0.02075272798538208,-0.20493650436401367,-0.010906751276536397,-0.025135815143585205,-0.2961009442806244,-0.04810806550977986,-0.019359946250915527,-0.22592663764953613,-0.06297695078848164,-0.01891922950744629,-0.16405963897705078,-0.061200873935206346,0.02337789535522461,-0.19214510917663574,-0.01849211753307145,0.025695204734802246,-0.23846688866615295,-0.053179012620432786,0.01664745807647705,-0.1576993465423584,-0.05231031217573445,0.0023372769355773926,-0.10126179456710815,-0.03964459710715573,0.06183081865310669,-0.17287516593933105,-0.02809415572284024,0.05672013759613037,-0.20158934593200684,-0.04415749945638936,0.04499083757400513,-0.15010881423950195,-0.03559097834823888,0.03303557634353638,-0.11439645290374756,-0.02346757241485875
N with wrist,0.0,0.0,0.0,-0.04715007543563843,-0.0528944730758667,-0.023988988130497546,-0.05471968650817871,-0.15369558334350586,-0.03517604048471412,-0.01858609914779663,-0.22870931029319763,-0.04636872734050712,0.017509281635284424,-0.27924782037734985,-0.05322823475222549,-0.0676426887512207,-0.2024930715560913,-0.010351308501469703,-0.06772255897521973,-0.27552875876426697,-0.042300915225553126,-0.05355268716812134,-0.21256518363952637,-0.06127016793112716,-0.04832589626312256,-0.15902084112167358,-0.06826051126341781,-0.022020399570465088,-0.20413750410079956,-0.01262145756851396,-0.02674037218093872,-0.29635190963745117,-0.04892416100125274,-0.019995033740997314,-0.22718670964241028,-0.06329177866797409,-0.01994478702545166,-0.16640448570251465,-0.06170720036249122,0.021889686584472656,-0.1914200782775879,-0.019523644699859233,0.02428513765335083,-0.2385314702987671,-0.05329919780712089,0.015719890594482422,-0.15775024890899658,-0.05197403381686172,0.0011192560195922852,-0.10107052326202393,-0.039474965884494395,0.060231804847717285,-0.17241054773330688,-0.028465269013452144,0.05513650178909302,-0.20214581489562988,-0.04399904782991371,0.04355335235595703,-0.15163296461105347,-0.03522245387654266,0.031205415725708008,-0.11604183912277222,-0.023262642203974337
N with wrist,0.0,0.0,0.0,-0.049172818660736084,-0.053704261779785156,-0.02225161103754658,-0.05740809440612793,-0.15514534711837769,-0.032949806584412045,-0.019519388675689697,-0.22955948114395142,-0.04413634671121258,0.018054664134979248,-0.2790504992008209,-0.051105586273962444,-0.06882202625274658,-0.20214605331420898,-0.007876611708098835,-0.06869935989379883,-0.27450448274612427,-0.03986127061992306,-0.054869115352630615,-0.21231669187545776,-0.059116402103001064,-0.04933822154998779,-0.1586342453956604,-0.06625303386002201,-0.023042261600494385,-0.2036740779876709,-0.011234619116777367,-0.028010964393615723,-0.29575222730636597,-0.04742729051261563,-0.021213173866271973,-0.22585561871528625,-0.06168095154910702,-0.020234286785125732,-0.16443270444869995,-0.05988220630436558,0.02129495143890381,-0.19087892770767212,-0.019262354283029026,0.023637115955352783,-0.24013707041740417,-0.0527575178280415,0.015086531639099121,-0.15886414051055908,-0.05096874891071934,0.0008876919746398926,-0.10158336162567139,-0.03812771423011441,0.060056328773498535,-0.17154455184936523,-0.029249917177850193,0.05447942018508911,-0.20334875583648682,-0.044301619215303845,0.04295879602432251,-0.15301138162612915,-0.03494995592384953,0.031020939350128174,-0.11751264333724976,-0.02261205708830971
N with wrist,0.0,0.0,0.0,-0.04872256517410278,-0.05394834280014038,-0.022578329378632134,-0.05673593282699585,-0.15421128273010254,-0.03358513914969308,-0.01940971612930298,-0.2297094166278839,-0.04495864414599282,0.01746654510498047,-0.2800968885421753,-0.052095927828816,-0.06943124532699585,-0.20156019926071167,-0.008253781655696457,-0.06881242990493774,-0.2743059992790222,-0.04052698292758805,-0.05342966318130493,-0.21251118183135986,-0.06026241981413705,-0.04787397384643555,-0.15821689367294312,-0.0675748815479551,-0.023220598697662354,-0.2034388780593872,-0.011360678421226567,-0.028097927570343018,-0.29501283168792725,-0.04720329173829896,-0.019790589809417725,-0.2261444330215454,-0.06182913162734849,-0.019110679626464844,-0.16455680131912231,-0.06042991631653649,0.021567881107330322,-0.19109469652175903,-0.019108821237352913,0.02415686845779419,-0.2390521764755249,-0.05279981770542008,0.0167849063873291,-0.1579514741897583,-0.051525775873926705,0.002199888229370117,-0.10046994686126709,-0.03894014337089402,0.06058424711227417,-0.1716904640197754,-0.02875143528905255,0.055890679359436035,-0.20352697372436523,-0.04415015184309823,0.045153260231018066,-0.15278035402297974,-0.034877542937067574,0.032930076122283936,-0.11653059720993042,-0.02242494800117356
N with wrist,0.0,0.0,0.0,-0.049134254455566406,-0.05460560321807861,-0.02184827652428112,-0.056713104248046875,-0.1554613709449768,-0.03251236703846416,-0.018548130989074707,-0.23007389903068542,-0.04364157494757137,0.019495666027069092,-0.27895334362983704,-0.0507172162518259,-0.06958943605422974,-0.2018347978591919,-0.009127024827932928,-0.06799954175949097,-0.27346712350845337,-0.04120909076783619,-0.05359756946563721,-0.211359441280365,-0.060740273712610815,-0.04860365390777588,-0.15696829557418823,-0.06801674169156513,-0.023294568061828613,-0.20341390371322632,-0.012599323211645697,-0.027723193168640137,-0.29338714480400085,-0.048827205120062445,-0.020093142986297607,-0.22410589456558228,-0.06330702107999286,-0.019508838653564453,-0.16202497482299805,-0.06173327219340763,0.021617591381072998,-0.19070810079574585,-0.020456321804260824,0.024629294872283936,-0.23878461122512817,-0.054134939132666204,0.017025887966156006,-0.15661215782165527,-0.05221460041258297,0.0022864341735839844,-0.09830033779144287,-0.039202954886889074,0.06028980016708374,-0.17083293199539185,-0.03015491206798515,0.05609536170959473,-0.20209282636642456,-0.04559457701299152,0.04487192630767822,-0.15043121576309204,-0.03591194030497036,0.0322955846786499,-0.11389803886413574,-0.023135323344206427
