N,0.0,0.0,0.0,0.04809318482875824,-0.03342658281326294,-0.026938773530361004,0.06546099483966827,-0.11281248927116394,-0.03634527309500868,0.02349984645843506,-0.16934099793434143,-0.04400002940261061,-0.011413916945457458,-0.2037675678730011,-0.04751919193827803,0.07283835113048553,-0.17156115174293518,-0.004800987268623658,0.07824184000492096,-0.22624221444129944,-0.03247671185695822,0.0675564855337143,-0.17866680026054382,-0.05037443696224386,0.06044392287731171,-0.13473379611968994,-0.05790244399273092,0.03567282855510712,-0.17667728662490845,-0.0020210631907104926,0.04689739644527435,-0.24545907974243164,-0.030891144486901112,0.04063422977924347,-0.1871839165687561,-0.04147693871223623,0.03648759424686432,-0.13997140526771545,-0.039966773080465146,0.0004925131797790527,-0.1704852283000946,-0.004974795809772559,0.006133288145065308,-0.25053566694259644,-0.03573736532294447,0.009492173790931702,-0.1893506646156311,-0.03524419276678259,0.009972140192985535,-0.14295199513435364,-0.025468136953946896,-0.03524614870548248,-0.15056273341178894,-0.009995235900220223,-0.022727206349372864,-0.1941482424736023,-0.036011215138074704,-0.014776363968849182,-0.14629721641540527,-0.035661618995305844,-0.012511566281318665,-0.11001360416412354,-0.028309933679935284
N,0.0,0.0,0.0,0.017916332930326462,-0.03697115182876587,-0.016195895053726872,0.02293005958199501,-0.07747268676757812,-0.023688986800891598,0.018585551530122757,-0.0999753475189209,-0.03077092757104083,0.007745388895273209,-0.11322325468063354,-0.03611798947332545,-0.009147778153419495,-0.15355724096298218,-0.0045103280770604215,-0.0328301377594471,-0.15044009685516357,-0.020729778237921437,-0.028816962614655495,-0.12132567167282104,-0.03482920666812106,-0.017962448298931122,-0.099742591381073,-0.042912110589725216,-0.03325467184185982,-0.15012729167938232,-0.0038136538549338184,-0.05659782513976097,-0.1433538794517517,-0.01976023418484374,-0.048020925372838974,-0.11061108112335205,-0.02905758274374648,-0.036815209314227104,-0.08840727806091309,-0.032287951462251385,-0.05234654247760773,-0.13448810577392578,-0.006096772287321528,-0.0711473897099495,-0.13058239221572876,-0.022430730887037953,-0.060163553804159164,-0.10048764944076538,-0.024443527587038716,-0.04914764687418938,-0.08413416147232056,-0.021596709169728,-0.06517865136265755,-0.11253637075424194,-0.010100882403833111,-0.0756300799548626,-0.11438816785812378,-0.02216840525744601,-0.06488524749875069,-0.09201914072036743,-0.020916014813167294,-0.053641971200704575,-0.07948338985443115,-0.016053259276134213
N,0.0,0.0,0.0,0.029964879155158997,-0.02665930986404419,-0.030169979505842548,0.04628927260637283,-0.07445144653320312,-0.04734477477580867,0.036572568118572235,-0.09205204248428345,-0.06144346373588405,0.013114333152770996,-0.08290106058120728,-0.07274245547563396,0.01632249355316162,-0.1648826003074646,-0.027527284645145755,-0.000291578471660614,-0.1754014492034912,-0.05640397297651134,0.006379574537277222,-0.12974876165390015,-0.07213307248861156,0.017193950712680817,-0.10541796684265137,-0.07981166320354305,-0.022815052419900894,-0.15239077806472778,-0.025538150989120822,-0.04068902134895325,-0.16198855638504028,-0.05483045133263431,-0.026853427290916443,-0.10817879438400269,-0.06136785896927677,-0.014420632272958755,-0.08790373802185059,-0.05999244826347194,-0.055199217051267624,-0.1259990930557251,-0.028272637002771717,-0.07034783437848091,-0.13181883096694946,-0.05554758834153972,-0.053984541445970535,-0.08554381132125854,-0.05065163301736675,-0.04321857914328575,-0.07287418842315674,-0.04143523129135929,-0.0802750289440155,-0.09315574169158936,-0.033599463128155094,-0.08981804177165031,-0.09429770708084106,-0.04926402943641506,-0.0750560350716114,-0.06121993064880371,-0.04259820359260402,-0.06521294638514519,-0.05174332857131958,-0.03379928397447429
N,0.0,0.0,0.0,0.026411347091197968,-0.030248939990997314,-0.027729641389328208,0.029248297214508057,-0.10120522975921631,-0.03482522044726011,0.012372635304927826,-0.1477847695350647,-0.038280907761532035,-0.014136046171188354,-0.15962648391723633,-0.0389969383592188,-0.003257967531681061,-0.14502596855163574,-0.02063705746479627,-0.01612456887960434,-0.17561721801757812,-0.04581330318399068,-0.01376897469162941,-0.14272701740264893,-0.05894088719435331,-0.012166593223810196,-0.12743252515792847,-0.06426736686773893,-0.0337299145758152,-0.12850242853164673,-0.014940164726453986,-0.047154949977993965,-0.1557411551475525,-0.03718926731892225,-0.039702290669083595,-0.12380266189575195,-0.04263122726626989,-0.03497578576207161,-0.11456948518753052,-0.041850734245258536,-0.05756358988583088,-0.10409832000732422,-0.014068635855096545,-0.07092781364917755,-0.1262497901916504,-0.0361491252893984,-0.05986509285867214,-0.09715384244918823,-0.032080027949291434,-0.05391994211822748,-0.08860623836517334,-0.024603124451118674,-0.07710209675133228,-0.07441890239715576,-0.01552922718622085,-0.08626350201666355,-0.09268033504486084,-0.029242181893664565,-0.07503757439553738,-0.07470130920410156,-0.02452681560464498,-0.06822647340595722,-0.06763511896133423,-0.01754480760939714
N,0.0,0.0,0.0,0.024363115429878235,-0.034606873989105225,-0.023860499487980746,0.024150684475898743,-0.09761703014373779,-0.030496688784822368,0.008809909224510193,-0.14741206169128418,-0.03515874430702581,-0.0054846033453941345,-0.17155957221984863,-0.03787183970378294,-0.012813910841941833,-0.14233702421188354,-0.006864795686468028,-0.03219861164689064,-0.17490023374557495,-0.023555081562861346,-0.028666488826274872,-0.17119067907333374,-0.036106286795600795,-0.021579816937446594,-0.16423189640045166,-0.042057307662233256,-0.039704009890556335,-0.127485454082489,-0.00033389930429450487,-0.05925465002655983,-0.15888965129852295,-0.01386672374026432,-0.05350674316287041,-0.15218043327331543,-0.021269919575914287,-0.04784178361296654,-0.14526289701461792,-0.023442847879394435,-0.06246647238731384,-0.10737121105194092,0.0017982482753922113,-0.08036329038441181,-0.13735496997833252,-0.011568705776497268,-0.07486430928111076,-0.13208311796188354,-0.011070142725273513,-0.06968940980732441,-0.12675899267196655,-0.007629742605402612,-0.08253983594477177,-0.08263379335403442,0.001478463768236793,-0.10004022717475891,-0.11308884620666504,-0.007614215129777335,-0.09593275189399719,-0.11061978340148926,-0.005086563752755069,-0.09187221899628639,-0.1068795919418335,-0.0005571136640156737
N,0.0,0.0,0.0,0.029333293437957764,-0.03941798210144043,-0.03397539794192994,0.032658517360687256,-0.11516940593719482,-0.05039356440053666,-0.006638169288635254,-0.15503662824630737,-0.06343281805263246,-0.046275585889816284,-0.16637080907821655,-0.06936276495204652,0.014721199870109558,-0.18801718950271606,-0.023675247800809984,-0.003645569086074829,-0.24210834503173828,-0.06407701760278428,-0.0009100139141082764,-0.17569804191589355,-0.08120099246249879,0.0075005292892456055,-0.14340513944625854,-0.08571810066447938,-0.0240689218044281,-0.1728001832962036,-0.021480105591280108,-0.03912162780761719,-0.22835594415664673,-0.06198937982068742,-0.027927733957767487,-0.15402179956436157,-0.0654216685865947,-0.016460970044136047,-0.13398373126983643,-0.05690415367232049,-0.05674153193831444,-0.15162020921707153,-0.02654838911936963,-0.07010329514741898,-0.19200444221496582,-0.06439239322887147,-0.05337151885032654,-0.12688368558883667,-0.052871683386428,-0.04259625822305679,-0.11427688598632812,-0.03476268961773599,-0.08494044840335846,-0.12721413373947144,-0.034701173899037485,-0.09296560287475586,-0.149916410446167,-0.05276984140024865,-0.07769222930073738,-0.10721248388290405,-0.04100256576882089,-0.06897108629345894,-0.09587693214416504,-0.02665071911857808
N,0.0,0.0,0.0,0.024783283472061157,-0.049296796321868896,-0.025671911718987417,0.023952677845954895,-0.11275488138198853,-0.03567973646774192,0.0014521777629852295,-0.15933442115783691,-0.043894273522042226,-0.020742245018482208,-0.1852288842201233,-0.04974667105331321,-0.005346767604351044,-0.14984112977981567,-0.01396165351822276,-0.022779136896133423,-0.18587017059326172,-0.03912901628270049,-0.015158012509346008,-0.19196563959121704,-0.055553251239203405,-0.008096881210803986,-0.19946593046188354,-0.06348265829934974,-0.03355447202920914,-0.13633716106414795,-0.009782658251666021,-0.04995068907737732,-0.17316097021102905,-0.03461164731039901,-0.039778076112270355,-0.16772079467773438,-0.04427824664368529,-0.03298582881689072,-0.1684858798980713,-0.04581301781787772,-0.057465214282274246,-0.11817580461502075,-0.010396164203726244,-0.07362552732229233,-0.1508193016052246,-0.035011311354779195,-0.05920114368200302,-0.13978618383407593,-0.03350307914867301,-0.047822505235672,-0.13497954607009888,-0.0263776139493217,-0.07841229438781738,-0.09437566995620728,-0.013536872635327768,-0.09169628098607063,-0.12418174743652344,-0.031108337747596693,-0.07947246730327606,-0.11992335319519043,-0.02911135676755805,-0.06976240500807762,-0.11733555793762207,-0.02283326472594638
N,0.0,0.0,0.0,0.030319005250930786,-0.041687071323394775,-0.02965693584193474,0.03666439652442932,-0.10497790575027466,-0.04147776997198349,0.02585567533969879,-0.16134345531463623,-0.05151210388650185,0.013691306114196777,-0.2008419632911682,-0.05732252857198006,0.009386599063873291,-0.16056758165359497,-0.013180984542863428,-0.0056807249784469604,-0.20111632347106934,-0.04668077862371689,0.002095043659210205,-0.17458045482635498,-0.06564061007012612,0.009081542491912842,-0.15913420915603638,-0.07258639893044716,-0.02233513444662094,-0.15225660800933838,-0.00782475656379944,-0.036258526146411896,-0.18671268224716187,-0.04093983805288559,-0.026270627975463867,-0.15091842412948608,-0.0500723276149202,-0.01822911947965622,-0.1371505856513977,-0.048231419534580766,-0.05105627328157425,-0.13871526718139648,-0.009093032577233373,-0.06418458372354507,-0.16884368658065796,-0.04028523004163986,-0.0515773743391037,-0.13627952337265015,-0.03648805654157883,-0.0415252223610878,-0.12256217002868652,-0.025412295372383653,-0.07711327075958252,-0.11955833435058594,-0.01320655493547207,-0.08800634741783142,-0.14522147178649902,-0.03339778667797333,-0.0752144493162632,-0.12416034936904907,-0.030129967616097986,-0.06450754404067993,-0.1137736439704895,-0.021287145451800882
N,0.0,0.0,0.0,0.03493601083755493,-0.04371291399002075,-0.02360930060385158,0.048976629972457886,-0.12029498815536499,-0.034567763557419084,0.014657944440841675,-0.17100751399993896,-0.04397729550836971,-0.023902907967567444,-0.19601309299468994,-0.04800253128050258,0.03859111666679382,-0.1929614543914795,-0.010758768295630716,0.03323158621788025,-0.24246171116828918,-0.04574861516593387,0.029416590929031372,-0.17803937196731567,-0.06362418969510486,0.030938953161239624,-0.13518470525741577,-0.06977633525966098,-0.0009856969118118286,-0.18864047527313232,-0.011993045447155737,-0.007850006222724915,-0.25182634592056274,-0.04840373759506633,-0.003674417734146118,-0.17782926559448242,-0.05459600453613689,0.004600241780281067,-0.14125299453735352,-0.04810067777870586,-0.03539480268955231,-0.1718161702156067,-0.018916511436685823,-0.0417570024728775,-0.20674824714660645,-0.05352516611455371,-0.028595566749572754,-0.14029747247695923,-0.04526404430507114,-0.01907101273536682,-0.1160663366317749,-0.02955868048010757,-0.06617283821105957,-0.14601504802703857,-0.027865129982814096,-0.06601371616125107,-0.16051900386810303,-0.0475224419438689,-0.05184890329837799,-0.11481189727783203,-0.03862356533645084,-0.04364651441574097,-0.10004019737243652,-0.026007700240000986
N,0.0,0.0,0.0,0.025914549827575684,-0.054329633712768555,-0.01583225442205105,0.03350567817687988,-0.1276227831840515,-0.020294401553613284,0.022085487842559814,-0.18646222352981567,-0.025651516151768305,0.0134621262550354,-0.2277287244796753,-0.026348788050157168,0.01853860914707184,-0.1854267716407776,0.00926043676103916,0.011533558368682861,-0.2162376046180725,-0.01728857657049332,0.02220386266708374,-0.18171316385269165,-0.03230216330025826,0.026956290006637573,-0.17331618070602417,-0.03825659653280411,-0.012572184205055237,-0.18285667896270752,0.008265130462902448,-0.0171872079372406,-0.21589714288711548,-0.017047689986569026,-0.004161626100540161,-0.1655932068824768,-0.020914794636112788,-0.00041328370571136475,-0.15805643796920776,-0.016054779050094226,-0.04099994897842407,-0.16986775398254395,0.0012028816936862086,-0.044081807136535645,-0.19661301374435425,-0.02662668725584183,-0.02791638672351837,-0.14644604921340942,-0.016733672228795626,-0.022158369421958923,-0.1358923316001892,-0.002080022582006791,-0.0691135972738266,-0.14693039655685425,-0.007684773524445632,-0.06594983488321304,-0.167385995388031,-0.024680766967279055,-0.05054209381341934,-0.1294744610786438,-0.015468029995602706,-0.043670639395713806,-0.11935925483703613,-0.0029075592673990514
N,0.0,0.0,0.0,0.03458571434020996,-0.05087780952453613,-0.018676576629985675,0.0461391806602478,-0.13915801048278809,-0.023724860937107906,0.008406132459640503,-0.1925087571144104,-0.027517802507389888,-0.02862553298473358,-0.21905940771102905,-0.025823305786360606,0.034297868609428406,-0.1914001703262329,0.001229830824996725,0.03405842185020447,-0.2378082573413849,-0.02639365890692602,0.03277808427810669,-0.18232333660125732,-0.038461898878921374,0.029697775840759277,-0.15068989992141724,-0.04092595489393602,-0.0030774325132369995,-0.18707692623138428,0.0002669968055499794,-0.003473803400993347,-0.2456408441066742,-0.025426029653061732,0.00398293137550354,-0.17817604541778564,-0.027356355876435146,0.005839526653289795,-0.1488984227180481,-0.019640838221420154,-0.03683890402317047,-0.17208373546600342,-0.006369677797664508,-0.04005183279514313,-0.21032986044883728,-0.03299875693093668,-0.023763716220855713,-0.14734846353530884,-0.021927672863711223,-0.019938811659812927,-0.12570112943649292,-0.00607585670124422,-0.07082845270633698,-0.14730709791183472,-0.014520149172057017,-0.06679508090019226,-0.17335182428359985,-0.02798652970861326,-0.04953525960445404,-0.12976562976837158,-0.015481959522475108,-0.044875726103782654,-0.11690139770507812,-0.001254897990037307
N,0.0,0.0,0.0,0.0395900160074234,-0.046709418296813965,-0.019425545745093586,0.05473349988460541,-0.129427969455719,-0.027364267893631222,0.01709255576133728,-0.18273010849952698,-0.03434916298886037,-0.021586552262306213,-0.2087617814540863,-0.036403831951815846,0.04556743800640106,-0.18861326575279236,-0.0030938318656126285,0.048460111021995544,-0.2375940978527069,-0.033979118727643254,0.044686153531074524,-0.18008190393447876,-0.050222408883769276,0.040480419993400574,-0.13744473457336426,-0.05546238359113431,0.0074269771575927734,-0.18525701761245728,-0.005407242496062281,0.007721319794654846,-0.25130537152290344,-0.035889756791789296,0.013031482696533203,-0.1832374632358551,-0.041841608398158314,0.01574873924255371,-0.14499902725219727,-0.035996352248389485,-0.027655407786369324,-0.16907918453216553,-0.012939331979055169,-0.02910737693309784,-0.2096220850944519,-0.04354517247577405,-0.013657748699188232,-0.14774537086486816,-0.0361268566181252,-0.009049862623214722,-0.12208747863769531,-0.021442391835648777,-0.06196291744709015,-0.14338761568069458,-0.021817234270770314,-0.05635817348957062,-0.17104196548461914,-0.03823695790072179,-0.039854422211647034,-0.1283474564552307,-0.027364746593434575,-0.03594793379306793,-0.11213099956512451,-0.01385171797176099
N,0.0,0.0,0.0,0.040793463587760925,-0.04605364799499512,-0.017235258813371956,0.05856825411319733,-0.127782940864563,-0.02406866870390445,0.02262367308139801,-0.18285983800888062,-0.030212491969933808,-0.012859374284744263,-0.20909270644187927,-0.03146987802850276,0.050100699067115784,-0.18481877446174622,-0.002193544512039125,0.057044222950935364,-0.2394145429134369,-0.03196390740143329,0.051991596817970276,-0.18213891983032227,-0.0472248459564355,0.04577629268169403,-0.13692635297775269,-0.0516830759452489,0.012553736567497253,-0.1820465624332428,-0.005545312292298377,0.018040195107460022,-0.2531130015850067,-0.0339729564593938,0.021308258175849915,-0.18575400114059448,-0.03934828213917285,0.021173492074012756,-0.14769667387008667,-0.03369624562131435,-0.022375822067260742,-0.166639506816864,-0.01375139060931474,-0.019893407821655273,-0.21120429039001465,-0.04339656628238231,-0.0067370980978012085,-0.14880508184432983,-0.03620337344275981,-0.00488772988319397,-0.12314718961715698,-0.021905126269331276,-0.057067617774009705,-0.14170819520950317,-0.02303080096410781,-0.04803931713104248,-0.1761799454689026,-0.038686916451325715,-0.03264357149600983,-0.13195645809173584,-0.026916267569532693,-0.03103862702846527,-0.11289089918136597,-0.0130274819539693
N,0.0,0.0,0.0,0.04226809740066528,-0.042588889598846436,-0.019422313255091694,0.06052970886230469,-0.12479561567306519,-0.027546649855395344,0.02420419454574585,-0.18428581953048706,-0.034473724719902066,-0.010380819439888,-0.2161473035812378,-0.03605574375094989,0.05566248297691345,-0.18112096190452576,-0.00481804605649927,0.06395429372787476,-0.23762503266334534,-0.036327596810480145,0.05886396765708923,-0.17971235513687134,-0.05201464152040103,0.05185341835021973,-0.13465988636016846,-0.05642993008794406,0.01846402883529663,-0.17945444583892822,-0.007391516641547469,0.024764299392700195,-0.2511450946331024,-0.03758265083732226,0.0277024507522583,-0.1831994354724884,-0.043119281587024716,0.026895195245742798,-0.14594677090644836,-0.03740310302080729,-0.01651768386363983,-0.1659114956855774,-0.01509701466264346,-0.013003244996070862,-0.21149662137031555,-0.048026826289316205,-0.0005891025066375732,-0.14539813995361328,-0.040892250892540005,0.0008442699909210205,-0.11909103393554688,-0.025828804877420453,-0.05117933452129364,-0.1436699628829956,-0.02384737325908759,-0.04083573818206787,-0.17827260494232178,-0.042692076471468,-0.025973424315452576,-0.13032031059265137,-0.031568963137289074,-0.02483554184436798,-0.11040812730789185,-0.017492990997453717
N,0.0,0.0,0.0,0.04315018653869629,-0.0415571928024292,-0.018921453350571937,0.06378957629203796,-0.12021380662918091,-0.02750204674282486,0.03028285503387451,-0.17890521883964539,-0.03524529359617645,-0.002220064401626587,-0.21286550164222717,-0.0378336066690963,0.05736544728279114,-0.17911356687545776,-0.0050722261270266245,0.06750831007957458,-0.23272213339805603,-0.037406874665407486,0.06178891658782959,-0.17548218369483948,-0.05342839456477577,0.0536494255065918,-0.13121920824050903,-0.057784432390121765,0.020480960607528687,-0.17833945155143738,-0.007866476507274456,0.02860492467880249,-0.2495412826538086,-0.040343226709751434,0.0300733745098114,-0.18119609355926514,-0.046778125533251114,0.02856975793838501,-0.14215731620788574,-0.040887264379648514,-0.014151215553283691,-0.166355162858963,-0.015654062697080917,-0.008563995361328125,-0.20877596735954285,-0.0502724292067569,0.0016223788261413574,-0.14030903577804565,-0.04359180650988037,0.002528965473175049,-0.1125415563583374,-0.02806315555551464,-0.04850149154663086,-0.1462918519973755,-0.024389579736975975,-0.03653506934642792,-0.17727991938591003,-0.04415330089011604,-0.02330601215362549,-0.12784481048583984,-0.03360026127973015,-0.022128716111183167,-0.10891175270080566,-0.019520312392501182
N,0.0,0.0,0.0,0.0454573929309845,-0.03868371248245239,-0.018508241613005794,0.06720545887947083,-0.11666703224182129,-0.026865185339545405,0.03275218605995178,-0.1759481132030487,-0.034473341990803874,0.0018033981323242188,-0.21208396553993225,-0.03688203646669308,0.06039521098136902,-0.17487967014312744,-0.005080059737508691,0.0723106861114502,-0.23070740699768066,-0.03714424474964062,0.06614619493484497,-0.17466026544570923,-0.05253377660045544,0.05738362669944763,-0.13128411769866943,-0.05650227992663304,0.023499876260757446,-0.174831360578537,-0.00797410133162657,0.03390467166900635,-0.2484649121761322,-0.041381162692402995,0.03407052159309387,-0.17996492981910706,-0.048406892557238734,0.03150323033332825,-0.14039543271064758,-0.0426420579744331,-0.010986328125,-0.16393974423408508,-0.015624648061191238,-0.004045248031616211,-0.20902055501937866,-0.05048093675503651,0.004895299673080444,-0.13880932331085205,-0.043424391288851893,0.005318790674209595,-0.11021286249160767,-0.027429691616987384,-0.045196473598480225,-0.14465442299842834,-0.024182661537622607,-0.03218573331832886,-0.1766243875026703,-0.04398570312986294,-0.019884973764419556,-0.12713623046875,-0.03339313446412007,-0.01961490511894226,-0.10881048440933228,-0.01925101793239037
N,0.0,0.0,0.0,0.046451568603515625,-0.03807687759399414,-0.019376651867645478,0.06775987148284912,-0.11673837900161743,-0.028832196741717553,0.03179064393043518,-0.17643332481384277,-0.03760528519691775,0.0004813969135284424,-0.21403157711029053,-0.04105348467768977,0.06021931767463684,-0.17405825853347778,-0.00557343710156033,0.07416188716888428,-0.2280738353729248,-0.03916007608117411,0.0691194236278534,-0.17213895916938782,-0.05524235919060061,0.060476988554000854,-0.12846195697784424,-0.0595126594597275,0.023978710174560547,-0.17464804649353027,-0.00867021877260754,0.03867021203041077,-0.24736946821212769,-0.044168192445653176,0.038518816232681274,-0.17813411355018616,-0.052317138313668465,0.034367650747299194,-0.13928228616714478,-0.04705626100243876,-0.010623127222061157,-0.16464298963546753,-0.016735799163001275,-0.0013182461261749268,-0.20921117067337036,-0.053444765060561394,0.006791889667510986,-0.1374746859073639,-0.04698667630495379,0.0059760212898254395,-0.10953158140182495,-0.031118047907369828,-0.04533170163631439,-0.14604994654655457,-0.02574365355016539,-0.030923575162887573,-0.17481881380081177,-0.046838048397916054,-0.01813182234764099,-0.12442159652709961,-0.03709068849624941,-0.017721891403198242,-0.1075516939163208,-0.023521761893647408
N,0.0,0.0,0.0,0.04741784930229187,-0.03377312421798706,-0.020270345814680013,0.06983023881912231,-0.11750710010528564,-0.028608635150050077,0.03249639272689819,-0.17990058660507202,-0.03575696618125335,0.0011914372444152832,-0.2184874713420868,-0.03736284197137252,0.06085178256034851,-0.17286664247512817,-0.006303785450910482,0.07573965191841125,-0.22726446390151978,-0.03848823726937667,0.06976774334907532,-0.17030102014541626,-0.05313642144963637,0.06078055500984192,-0.12896066904067993,-0.05716252148911849,0.024797141551971436,-0.1740187704563141,-0.008929248050009164,0.03970155119895935,-0.24746879935264587,-0.04355130911633864,0.03947809338569641,-0.17739760875701904,-0.050786221482013616,0.0353129506111145,-0.1395275592803955,-0.04539543212220565,-0.009990185499191284,-0.16435334086418152,-0.01662403353319064,-0.00023746490478515625,-0.2116665244102478,-0.05261108473703757,0.008199185132980347,-0.13854041695594788,-0.045490531332944784,0.007054418325424194,-0.11120009422302246,-0.029877152376030836,-0.04478706419467926,-0.14648094773292542,-0.025384679518793973,-0.030187606811523438,-0.17505952715873718,-0.046302123077367696,-0.017894446849822998,-0.12421596050262451,-0.03696297676131621,-0.018391400575637817,-0.10897094011306763,-0.02430743732318774
N,0.0,0.0,0.0,0.048045217990875244,-0.034950196743011475,-0.02068527555937294,0.06975045800209045,-0.11817312240600586,-0.02939271322364334,0.03284883499145508,-0.18174442648887634,-0.03689349769527439,0.0031415224075317383,-0.22179847955703735,-0.03908756329590801,0.06146347522735596,-0.17223024368286133,-0.006887698554493227,0.07596465945243835,-0.2282753586769104,-0.03869263037020687,0.06982478499412537,-0.17174851894378662,-0.05343856244260792,0.06076079607009888,-0.1293821930885315,-0.057591553320236244,0.02550235390663147,-0.1742493212223053,-0.009270963733143844,0.040546685457229614,-0.2488236129283905,-0.0423786523836327,0.040115028619766235,-0.1795543134212494,-0.04889369710261349,0.03587368130683899,-0.14032161235809326,-0.04336843966419224,-0.009531915187835693,-0.16518473625183105,-0.016839539174981155,0.0009450614452362061,-0.21361079812049866,-0.05188332452351574,0.009131848812103271,-0.1414390504360199,-0.04479818372900013,0.00795060396194458,-0.11218750476837158,-0.029435723562784233,-0.04485228657722473,-0.14686307311058044,-0.025540926967806854,-0.029574453830718994,-0.17870303988456726,-0.04644261627370838,-0.01747441291809082,-0.12775832414627075,-0.037133708139009514,-0.01777362823486328,-0.10915100574493408,-0.024507414092369117
N,0.0,0.0,0.0,0.047119468450546265,-0.03773611783981323,-0.019992182006916437,0.06936144828796387,-0.11868029832839966,-0.028887266268810663,0.03353986144065857,-0.1813783049583435,-0.03674599153347913,0.0036312639713287354,-0.22016185522079468,-0.03927161169596616,0.060978710651397705,-0.17362546920776367,-0.0076522063220352265,0.07492294907569885,-0.23290592432022095,-0.03915531930871907,0.06964296102523804,-0.17572888731956482,-0.05344045904823247,0.06078308820724487,-0.13288891315460205,-0.057101100658854875,0.024979382753372192,-0.17513996362686157,-0.010214429324349794,0.040773212909698486,-0.2522006928920746,-0.04289022085615102,0.04099568724632263,-0.18328320980072021,-0.049006801074227724,0.036086708307266235,-0.14350470900535583,-0.04320713130184117,-0.010390877723693848,-0.16592508554458618,-0.01778364737876359,0.0009857714176177979,-0.21431022882461548,-0.05260438842125836,0.008979588747024536,-0.1423690915107727,-0.04561461505838338,0.007010221481323242,-0.11349183320999146,-0.030156332975110445,-0.04570084810256958,-0.1475503146648407,-0.026347927724799547,-0.028981447219848633,-0.18118441104888916,-0.04666244981237355,-0.01761719584465027,-0.13070136308670044,-0.03687701371856633,-0.019459635019302368,-0.11094534397125244,-0.023889068489751253
N,0.0,0.0,0.0,0.04710596799850464,-0.040069401264190674,-0.018786454678604514,0.06805500388145447,-0.1205180287361145,-0.027272664115855605,0.03326815366744995,-0.18236279487609863,-0.035111734748909385,0.0037474632263183594,-0.22099512815475464,-0.03769283565981141,0.060339897871017456,-0.17461824417114258,-0.00632665270296684,0.07446840405464172,-0.23365071415901184,-0.037693837762901694,0.069455087184906,-0.17684206366539001,-0.052171928913423926,0.0606139600276947,-0.13424283266067505,-0.05603038343889466,0.024691134691238403,-0.17622703313827515,-0.009443030797967822,0.040433257818222046,-0.2522319257259369,-0.04192247066004029,0.04054367542266846,-0.1838529109954834,-0.0482097958336567,0.03555905818939209,-0.14470899105072021,-0.042747447372505576,-0.010509073734283447,-0.16699719429016113,-0.017488056899139792,0.0007102489471435547,-0.2150348424911499,-0.052203754068443686,0.009046763181686401,-0.14377152919769287,-0.0454024133394455,0.007346212863922119,-0.1150473952293396,-0.03019284467501393,-0.04596027731895447,-0.14848127961158752,-0.02644158351523629,-0.029505789279937744,-0.18183490633964539,-0.04678045410020104,-0.01744455099105835,-0.13174128532409668,-0.03704528334839097,-0.01884859800338745,-0.11179846525192261,-0.02411131943864575
N,0.0,0.0,0.0,0.0478539764881134,-0.03965514898300171,-0.019683495340501622,0.06879526376724243,-0.12031000852584839,-0.028339158920204,0.03337875008583069,-0.18241912126541138,-0.03618917073086436,0.00403168797492981,-0.22174876928329468,-0.0386815948315018,0.06039044260978699,-0.17490917444229126,-0.0060202723272198,0.07460379600524902,-0.23316052556037903,-0.038023242903506116,0.070150226354599,-0.17592549324035645,-0.05294496769980128,0.06143379211425781,-0.13303953409194946,-0.056950440806900815,0.024855107069015503,-0.17602160573005676,-0.008884302517031983,0.04075455665588379,-0.2523098289966583,-0.042554354471718625,0.040996253490448,-0.1829724907875061,-0.04955402965620692,0.03569585084915161,-0.1429721713066101,-0.04415363277271922,-0.01008838415145874,-0.16655969619750977,-0.016845598993455724,0.001031249761581421,-0.21483874320983887,-0.052373582673823194,0.009119600057601929,-0.14334255456924438,-0.045700984252249555,0.0071714818477630615,-0.11482465267181396,-0.03025561216250594,-0.045402735471725464,-0.14783570170402527,-0.025815602568542317,-0.029168546199798584,-0.1809343695640564,-0.04649622569755252,-0.017405211925506592,-0.13045477867126465,-0.03678232635334666,-0.018883079290390015,-0.1110614538192749,-0.023749187765275792
N,0.0,0.0,0.0,0.04727596044540405,-0.03947103023529053,-0.01909685805094341,0.06785273551940918,-0.12071108818054199,-0.027483201768518484,0.032823801040649414,-0.18254411220550537,-0.03516154847693542,0.004081428050994873,-0.2221236228942871,-0.03761572129678825,0.06001204252243042,-0.17410102486610413,-0.006396864258022106,0.07398033142089844,-0.23333939909934998,-0.03755161650133232,0.0697317123413086,-0.17687475681304932,-0.05179365463209251,0.06118956208229065,-0.13452589511871338,-0.055493564527751005,0.02477976679801941,-0.175143301486969,-0.009299773905695474,0.04022499918937683,-0.2520706057548523,-0.042273757230759657,0.04066064953804016,-0.18386563658714294,-0.04890942684960464,0.035586029291152954,-0.14398705959320068,-0.043435828011752164,-0.01010042428970337,-0.16559165716171265,-0.01709935925555328,0.0006558895111083984,-0.2139209508895874,-0.05200179032635788,0.00907185673713684,-0.14284789562225342,-0.04532717652273277,0.007454276084899902,-0.11396336555480957,-0.030078428980232275,-0.04521259665489197,-0.14715832471847534,-0.02583426907312969,-0.028879672288894653,-0.18028223514556885,-0.046290286999465025,-0.01717814803123474,-0.1300525665283203,-0.03671215586018661,-0.018680721521377563,-0.11025691032409668,-0.023870735612035787
N,0.0,0.0,0.0,0.047404199838638306,-0.0393904447555542,-0.019304108669558673,0.06806665658950806,-0.12020659446716309,-0.027839767610231547,0.03287342190742493,-0.18208792805671692,-0.035629506086507945,0.004308342933654785,-0.22200411558151245,-0.0381758947424089,0.05970686674118042,-0.17346414923667908,-0.006644522634843497,0.07401716709136963,-0.2328670620918274,-0.03801378500978103,0.06970322132110596,-0.17650872468948364,-0.05231781942168823,0.06108039617538452,-0.13406801223754883,-0.056011444752613215,0.024501383304595947,-0.1745152771472931,-0.009493888219395785,0.040152668952941895,-0.25169339776039124,-0.04276629058043113,0.04051968455314636,-0.1832982301712036,-0.049480370109478145,0.03537943959236145,-0.14312350749969482,-0.04396428433577171,-0.010317236185073853,-0.1651514172554016,-0.017270806109110026,0.0006001591682434082,-0.21366313099861145,-0.05246592578808418,0.008759886026382446,-0.142378032207489,-0.04579398674289337,0.006969273090362549,-0.11342370510101318,-0.030442916651765017,-0.04538676142692566,-0.1469382345676422,-0.025992789169350772,-0.02896443009376526,-0.18021363019943237,-0.046601663207212596,-0.017347216606140137,-0.12992477416992188,-0.037032197093168406,-0.018869340419769287,-0.11017125844955444,-0.024153324639001994
N,0.0,0.0,0.0,0.047254860401153564,-0.0392451286315918,-0.01953182578790802,0.06787246465682983,-0.12037581205368042,-0.028210474408751907,0.03247082233428955,-0.18227839469909668,-0.03613767609704155,0.0037994384765625,-0.2224809229373932,-0.03884575352776665,0.05918923020362854,-0.1730157434940338,-0.006989386163240852,0.07394272089004517,-0.23250269889831543,-0.03832084522355217,0.06974861025810242,-0.17592307925224304,-0.052503878481275024,0.061053305864334106,-0.1338704228401184,-0.05613874853361267,0.024024665355682373,-0.17393171787261963,-0.009719489372855605,0.04004427790641785,-0.25112009048461914,-0.04303418681729454,0.040256500244140625,-0.1826762557029724,-0.04972559422958511,0.03490206599235535,-0.1424732208251953,-0.04419302404630798,-0.01074129343032837,-0.16453751921653748,-0.01735870749462265,0.0004124939441680908,-0.21310916543006897,-0.05265339300740379,0.008394867181777954,-0.14144396781921387,-0.045880204297191085,0.006513625383377075,-0.11206436157226562,-0.030429834730512084,-0.04580846428871155,-0.1464894413948059,-0.025941856436020316,-0.02936375141143799,-0.17966628074645996,-0.04666556627262253,-0.017629504203796387,-0.12917977571487427,-0.03705673129070419,-0.018867939710617065,-0.10909557342529297,-0.02411418058682102
N,0.0,0.0,0.0,0.047735005617141724,-0.038249433040618896,-0.02005645293675684,0.06902232766151428,-0.11898559331893921,-0.028959246686923734,0.033778995275497437,-0.1813434660434723,-0.037021991200077764,0.004768073558807373,-0.22149774432182312,-0.03976706076346659,0.06030416488647461,-0.17226028442382812,-0.007130376863557331,0.07535344362258911,-0.23108762502670288,-0.03919600728832506,0.07080236077308655,-0.1740780472755432,-0.053819127715456716,0.061715543270111084,-0.13153564929962158,-0.057589840478527776,0.024969547986984253,-0.17328131198883057,-0.009658599606979124,0.04098159074783325,-0.2496914565563202,-0.04377481002293848,0.04113081097602844,-0.18082964420318604,-0.0507635254033687,0.035689979791641235,-0.14083415269851685,-0.04527629572831415,-0.009802967309951782,-0.1642158329486847,-0.017210318110215894,0.001629650592803955,-0.21224036812782288,-0.053236026651489965,0.009239763021469116,-0.14005506038665771,-0.046438757664788,0.007021665573120117,-0.11093032360076904,-0.030791478566158048,-0.04498046636581421,-0.14675959944725037,-0.025743145830261938,-0.027796775102615356,-0.17884552478790283,-0.04691197756611132,-0.01648879051208496,-0.1278059482574463,-0.03737742859803461,-0.01827666163444519,-0.1083332896232605,-0.024383958763706914
N,0.0,0.0,0.0,0.0474759042263031,-0.03797900676727295,-0.019708634521890644,0.06884831190109253,-0.11774194240570068,-0.02865208609037495,0.03391572833061218,-0.1800501048564911,-0.03677645063035584,0.005186647176742554,-0.2199346423149109,-0.03965890889995194,0.06003308296203613,-0.1715589463710785,-0.007704099807966713,0.07469889521598816,-0.2313092052936554,-0.039567222055126194,0.07053893804550171,-0.174760103225708,-0.05407217254870034,0.06168395280838013,-0.1321500539779663,-0.057795030232597355,0.02478998899459839,-0.17251688241958618,-0.010346518065858845,0.04041564464569092,-0.24980315566062927,-0.044177242722440724,0.04110649228096008,-0.1814694106578827,-0.05104914044969178,0.036100834608078,-0.14103001356124878,-0.04555541759364701,-0.009964615106582642,-0.16345933079719543,-0.017903083171773915,0.0010423064231872559,-0.21232548356056213,-0.05347118636601067,0.009041666984558105,-0.14095991849899292,-0.04667953139178849,0.007254362106323242,-0.1115715503692627,-0.031179811041880612,-0.04505917429924011,-0.14581099152565002,-0.02642832620077229,-0.02833455801010132,-0.17813384532928467,-0.04743221512072182,-0.01683586835861206,-0.12757575511932373,-0.038035188969303135,-0.01819571852684021,-0.10770916938781738,-0.02517693785958386
N,0.0,0.0,0.0,0.04728645086288452,-0.03843337297439575,-0.019352230893645128,0.06813615560531616,-0.1183854341506958,-0.028068113791022142,0.03322643041610718,-0.1802840232849121,-0.03606013925579532,0.004796475172042847,-0.22005107998847961,-0.038856774287495455,0.06046736240386963,-0.1714347004890442,-0.007253070080849966,0.07451963424682617,-0.23122131824493408,-0.0390145775845383,0.07019418478012085,-0.17499852180480957,-0.05355271668938144,0.06154927611351013,-0.1320650577545166,-0.05730812595990642,0.02500709891319275,-0.172364741563797,-0.010037091279599508,0.04012906551361084,-0.24949532747268677,-0.04363646702674373,0.04085776209831238,-0.1813884675502777,-0.05039298133758052,0.03632768988609314,-0.14089077711105347,-0.04486395018008693,-0.00994873046875,-0.163221538066864,-0.017750205191049417,0.0007736086845397949,-0.21193629503250122,-0.05324416952041133,0.008813023567199707,-0.14070600271224976,-0.04653469445017322,0.0073174238204956055,-0.11137890815734863,-0.031132172512087664,-0.04507675766944885,-0.14536145329475403,-0.02640796424654468,-0.028339922428131104,-0.17750820517539978,-0.04750977428463443,-0.016973257064819336,-0.12688946723937988,-0.03823574976829036,-0.018252670764923096,-0.10701042413711548,-0.02547703282741054
N,0.0,0.0,0.0,0.04720586538314819,-0.03874838352203369,-0.01945199917676632,0.06770628690719604,-0.11906272172927856,-0.02821028519096558,0.032356053590774536,-0.18080559372901917,-0.03610573623004143,0.0035863518714904785,-0.21995767951011658,-0.038697223250295565,0.06030184030532837,-0.17113909125328064,-0.00764375839057152,0.07413548231124878,-0.23093557357788086,-0.0390926628154773,0.06903958320617676,-0.17460176348686218,-0.05325355667295639,0.06040966510772705,-0.13209182024002075,-0.05685710075917427,0.024765104055404663,-0.17224526405334473,-0.010312405486132548,0.03977343440055847,-0.24948346614837646,-0.043670642260934756,0.03995174169540405,-0.1816297173500061,-0.05020285311761086,0.035366952419281006,-0.14167192578315735,-0.044637079421903536,-0.010249674320220947,-0.16301846504211426,-0.01784862119379227,0.00021889805793762207,-0.21116378903388977,-0.053015052412177965,0.008305847644805908,-0.1404373049736023,-0.046250394616748736,0.00697287917137146,-0.1116228699684143,-0.03092820856394951,-0.045237183570861816,-0.14504393935203552,-0.0263279500198621,-0.029216527938842773,-0.17801988124847412,-0.047051965330268786,-0.01756039261817932,-0.12777626514434814,-0.03763777304115479,-0.018580585718154907,-0.107852041721344,-0.024888263155247614
N,0.0,0.0,0.0,0.0469670295715332,-0.039121925830841064,-0.019300944881109672,0.06708404421806335,-0.12019819021224976,-0.027854027004508453,0.03150525689125061,-0.1817954182624817,-0.03558471590426393,0.0025911033153533936,-0.22093817591667175,-0.03800621420290895,0.059372782707214355,-0.17193341255187988,-0.007141513993559556,0.07349973917007446,-0.2313464879989624,-0.03848578199890085,0.06894239783287048,-0.1748422384262085,-0.05254195794609018,0.06033250689506531,-0.13270872831344604,-0.05606870517280527,0.02402004599571228,-0.17303621768951416,-0.009872644917635398,0.039265602827072144,-0.24966514110565186,-0.042940335126189666,0.03977099061012268,-0.18145471811294556,-0.04928385630395837,0.03502422571182251,-0.1420069932937622,-0.043649388255147414,-0.010925829410552979,-0.16364151239395142,-0.017520330624250846,-0.00022748112678527832,-0.21143636107444763,-0.05250753998902269,0.008156269788742065,-0.14051634073257446,-0.04571229383495279,0.006627678871154785,-0.11208558082580566,-0.030418798105387168,-0.04589259624481201,-0.14538994431495667,-0.026098927260903793,-0.02979835867881775,-0.1782780885696411,-0.04656382814195581,-0.017903685569763184,-0.1281440258026123,-0.03704935103800722,-0.019077688455581665,-0.10848641395568848,-0.024293826670913177
N,0.0,0.0,0.0,0.04718169569969177,-0.03899127244949341,-0.01943772034528024,0.06748291850090027,-0.1200876235961914,-0.02791637489380605,0.03206133842468262,-0.18175598978996277,-0.03558435039403207,0.0035845935344696045,-0.2212892770767212,-0.03797034667613275,0.05921885371208191,-0.17208075523376465,-0.007102040851435731,0.07369297742843628,-0.23153632879257202,-0.0386655864286638,0.06901955604553223,-0.17492201924324036,-0.052807566987297605,0.06022515892982483,-0.1322157382965088,-0.056310915665648054,0.023797035217285156,-0.17309701442718506,-0.009843525754234861,0.039377361536026,-0.25009065866470337,-0.043451843129417966,0.039730072021484375,-0.18165630102157593,-0.050075927095434736,0.03484874963760376,-0.1416454315185547,-0.04441028209211595,-0.011207729578018188,-0.16370999813079834,-0.017524545358440946,1.952052116394043e-05,-0.21165990829467773,-0.05313207702519662,0.007977813482284546,-0.14002060890197754,-0.04641896607162721,0.00614243745803833,-0.11112171411514282,-0.03093870477559335,-0.04638016223907471,-0.14544832706451416,-0.02612467603566415,-0.02968856692314148,-0.1780761182308197,-0.04709343360545404,-0.01789751648902893,-0.12741470336914062,-0.03765841321828134,-0.01916566491127014,-0.1077500581741333,-0.024811615513584684
N,0.0,0.0,0.0,0.04730251431465149,-0.039259493350982666,-0.019273893095288486,0.06777909398078918,-0.12017518281936646,-0.02754233137491724,0.03289741277694702,-0.18200752139091492,-0.035013505376610965,0.004485636949539185,-0.22150835394859314,-0.03727883578065416,0.060292452573776245,-0.17203840613365173,-0.006872523229304761,0.07418990135192871,-0.23162952065467834,-0.0378786782992222,0.06958165764808655,-0.1755084991455078,-0.05180174962404749,0.060708194971084595,-0.13358443975448608,-0.05531239987138292,0.024889320135116577,-0.17310720682144165,-0.009521087750528068,0.039853423833847046,-0.25020721554756165,-0.04245894134763262,0.040329307317733765,-0.18220466375350952,-0.04877808795097849,0.0355755090713501,-0.14234590530395508,-0.043071990020308704,-0.010224997997283936,-0.1640726625919342,-0.017085972361002177,0.0005933940410614014,-0.21277722716331482,-0.052092158354554385,0.008626490831375122,-0.1420174539089203,-0.04543495283249399,0.006910383701324463,-0.11313754320144653,-0.030207426406178683,-0.04569274187088013,-0.14630314707756042,-0.025576506860289783,-0.0288846492767334,-0.17814484238624573,-0.04641806439283869,-0.017177820205688477,-0.12790364027023315,-0.037292660332951755,-0.01831960678100586,-0.10821133852005005,-0.024745141274962634
N,0.0,0.0,0.0,0.04752993583679199,-0.0405886173248291,-0.019208862727168707,0.06743785738945007,-0.12045449018478394,-0.02791419187713018,0.032813698053359985,-0.18234091997146606,-0.03598689222860685,0.005069822072982788,-0.22314870357513428,-0.038859135752204566,0.060512810945510864,-0.17279446125030518,-0.006339786389503388,0.07499828934669495,-0.23195263743400574,-0.03806852111745229,0.07062190771102905,-0.17577189207077026,-0.052686627303842215,0.06176942586898804,-0.13317030668258667,-0.056433677022937445,0.02494269609451294,-0.17369341850280762,-0.009158489575270323,0.04046350717544556,-0.25077223777770996,-0.042913011556152014,0.04083049297332764,-0.18255621194839478,-0.04997702250409475,0.03589537739753723,-0.1418498456478119,-0.044582850580695776,-0.010194003582000732,-0.1644023060798645,-0.016907693167809157,0.0005831718444824219,-0.21304652094841003,-0.052550944780591635,0.008483827114105225,-0.14197230339050293,-0.0459178232603108,0.006846994161605835,-0.11225247383117676,-0.030389686396006255,-0.045555055141448975,-0.14615947008132935,-0.025568462257865576,-0.029380321502685547,-0.17970570921897888,-0.04660740057158819,-0.017578303813934326,-0.1291118860244751,-0.037094957476142554,-0.01841527223587036,-0.10832023620605469,-0.02404468069005361
N,0.0,0.0,0.0,0.04687991738319397,-0.03824979066848755,-0.020135994969848525,0.06791439652442932,-0.11956793069839478,-0.0289085264941491,0.03408569097518921,-0.18294653296470642,-0.03675026257241143,0.007277846336364746,-0.2254548966884613,-0.03923112709725274,0.060996443033218384,-0.17274338006973267,-0.007847553088311088,0.07480257749557495,-0.232927143573761,-0.04021877606118096,0.07063934206962585,-0.1755220592021942,-0.05476219017708672,0.061840176582336426,-0.1327384114265442,-0.058183373852614295,0.02509385347366333,-0.17279058694839478,-0.010022153115812671,0.04060554504394531,-0.2506156861782074,-0.04464527402723206,0.041182100772857666,-0.18095168471336365,-0.051507702066544425,0.036360353231430054,-0.14000952243804932,-0.04557776261771096,-0.009888529777526855,-0.16298213601112366,-0.017148489101771247,0.00041306018829345703,-0.21181774139404297,-0.05361652929985894,0.008518576622009277,-0.14004284143447876,-0.04685380865538491,0.007208645343780518,-0.11055845022201538,-0.030878812043908965,-0.04472458362579346,-0.1450817883014679,-0.02518208880627526,-0.02910512685775757,-0.17853951454162598,-0.046785833283308875,-0.01703891158103943,-0.12769371271133423,-0.03741137866580857,-0.01744687557220459,-0.10739141702651978,-0.024212520538810622
N,0.0,0.0,0.0,0.04747161269187927,-0.03952544927597046,-0.019103649990341864,0.06938958168029785,-0.12013334035873413,-0.027577185989997588,0.035371214151382446,-0.18266433477401733,-0.03530764578439971,0.007629185914993286,-0.22375944256782532,-0.03790115936257621,0.06215229630470276,-0.17289528250694275,-0.007339268909476004,0.07580545544624329,-0.23306408524513245,-0.038772348301193915,0.0711696445941925,-0.17602163553237915,-0.052896052585623465,0.06220254302024841,-0.13383930921554565,-0.05632291732885619,0.026152342557907104,-0.17328372597694397,-0.009980464340827666,0.04120752215385437,-0.25081878900527954,-0.043545734123966895,0.04121693968772888,-0.181862473487854,-0.05019102244236251,0.036272287368774414,-0.14148932695388794,-0.044480029480240546,-0.00903657078742981,-0.16353681683540344,-0.017393302159092627,0.001448988914489746,-0.21227341890335083,-0.05310752613999625,0.009048491716384888,-0.14065009355545044,-0.04638394712068816,0.007618576288223267,-0.11108362674713135,-0.030741823823831282,-0.04432651400566101,-0.14532870054244995,-0.025619303794286452,-0.028597533702850342,-0.1787828803062439,-0.04679870976664802,-0.016822755336761475,-0.1280689835548401,-0.037312734858772956,-0.017206043004989624,-0.10736685991287231,-0.024204101400158606
N,0.0,0.0,0.0,0.0473291277885437,-0.03774374723434448,-0.02001366551206729,0.06901887059211731,-0.11952710151672363,-0.028358597040039513,0.03469720482826233,-0.18317005038261414,-0.03582800339148662,0.007641196250915527,-0.22520029544830322,-0.0381672510056319,0.06232184171676636,-0.17232772707939148,-0.006987261783194754,0.07637009024620056,-0.23246532678604126,-0.03888522247956416,0.07164621353149414,-0.17591845989227295,-0.053617624297601196,0.06230276823043823,-0.1328112781047821,-0.057218601658803436,0.026294410228729248,-0.17287418246269226,-0.009115727349978897,0.04187139868736267,-0.25079357624053955,-0.042473701491815063,0.04187953472137451,-0.18203642964363098,-0.04902879308150432,0.03679195046424866,-0.1402890980243683,-0.04301900576041362,-0.00891202688217163,-0.16346782445907593,-0.0163043082802119,0.0016458332538604736,-0.21224269270896912,-0.052083437993985626,0.00911170244216919,-0.14050662517547607,-0.045630933448535416,0.007542282342910767,-0.10984301567077637,-0.029920004039865944,-0.044053301215171814,-0.1457541584968567,-0.024418532580000374,-0.027758777141571045,-0.17897668480873108,-0.045867515459519836,-0.016463100910186768,-0.12832021713256836,-0.036717237636310074,-0.01726946234703064,-0.1072397232055664,-0.0236653403489413
N,0.0,0.0,0.0,0.04678529500961304,-0.03647404909133911,-0.019823384748946182,0.06963056325912476,-0.1183234453201294,-0.027294009270320885,0.035767823457717896,-0.18252348899841309,-0.03390292199159717,0.009553998708724976,-0.22473770380020142,-0.0353892383148775,0.06332075595855713,-0.172650545835495,-0.005375626309017889,0.07593819499015808,-0.23245254158973694,-0.03687325240875339,0.07105553150177002,-0.17580735683441162,-0.051251323240052216,0.06241792440414429,-0.1333950161933899,-0.054648173319350235,0.027352631092071533,-0.1732456088066101,-0.007497670872311346,0.0414101779460907,-0.251166433095932,-0.04052569465542888,0.04150325059890747,-0.18183565139770508,-0.04659447194839572,0.03735896944999695,-0.14051079750061035,-0.04004324721003627,-0.00763276219367981,-0.16359105706214905,-0.014814858602534287,0.0012169480323791504,-0.2123073935508728,-0.05100222797895526,0.008836835622787476,-0.14008769392967224,-0.04464972885156726,0.008236795663833618,-0.10976207256317139,-0.028732798339973442,-0.04259254038333893,-0.14549094438552856,-0.023009292127738945,-0.028132379055023193,-0.17893177270889282,-0.04516414301301097,-0.016849219799041748,-0.12751474976539612,-0.03634020807052707,-0.01662576198577881,-0.10599243640899658,-0.023238267095933907
N,0.0,0.0,0.0,0.04590371251106262,-0.03481566905975342,-0.022121500922793302,0.06852293014526367,-0.11573117971420288,-0.03142946655904666,0.034863680601119995,-0.18055352568626404,-0.03930663014804736,0.007668346166610718,-0.22260579466819763,-0.04166734288489238,0.06355896592140198,-0.17196282744407654,-0.008307443699294481,0.07615408301353455,-0.23206236958503723,-0.04168261284982577,0.07091665267944336,-0.17442893981933594,-0.057261955691927824,0.06250113248825073,-0.13009968400001526,-0.06119789253031627,0.027346312999725342,-0.17262068390846252,-0.009750799043530378,0.04064705967903137,-0.24939468502998352,-0.04463979299222842,0.04051336646080017,-0.17935293912887573,-0.051395286573523435,0.03710082173347473,-0.13848945498466492,-0.04512193496381656,-0.007866859436035156,-0.16336363554000854,-0.016614387510770712,0.0006666481494903564,-0.2097088098526001,-0.05419812421357051,0.0077735185623168945,-0.13717025518417358,-0.04782684217249766,0.007643967866897583,-0.10772615671157837,-0.03166885371362582,-0.0427982360124588,-0.14613240957260132,-0.024574554292911444,-0.029761314392089844,-0.17788690328598022,-0.047592238290661726,-0.018328189849853516,-0.12544798851013184,-0.03880321676885501,-0.017112910747528076,-0.10411590337753296,-0.025544502539986524
N,0.0,0.0,0.0,0.04597249627113342,-0.03291434049606323,-0.022759338681908048,0.07008972764015198,-0.11584272980690002,-0.031232766648145116,0.037292927503585815,-0.18142855167388916,-0.03811358085772554,0.010384023189544678,-0.2238980531692505,-0.03915475851795236,0.06510499119758606,-0.17245939373970032,-0.0060802044620231754,0.0772562325000763,-0.23311465978622437,-0.03953530064723054,0.07175472378730774,-0.17502418160438538,-0.05474291912219087,0.06314778327941895,-0.13151228427886963,-0.05806833303472558,0.028731822967529297,-0.17377632856369019,-0.006984950815649427,0.04220551252365112,-0.25201836228370667,-0.04211548886200944,0.04141375422477722,-0.1812014877796173,-0.048765478496761716,0.03744304180145264,-0.14136359095573425,-0.04171709514162103,-0.006570786237716675,-0.16470566391944885,-0.013567436327548421,0.0010524094104766846,-0.21083694696426392,-0.05168294704458276,0.007314532995223999,-0.13640627264976501,-0.04495633936426202,0.006721854209899902,-0.10783475637435913,-0.027871256535263456,-0.0414394736289978,-0.1479642689228058,-0.02129252425334016,-0.029207974672317505,-0.17963847517967224,-0.043937137191505826,-0.018846958875656128,-0.1268407106399536,-0.03445283866426507,-0.018601030111312866,-0.10737067461013794,-0.02039269528290788
N,0.0,0.0,0.0,0.046618491411209106,-0.03568309545516968,-0.021940400120598724,0.07027310132980347,-0.11692017316818237,-0.030697877746803215,0.037581026554107666,-0.18170002102851868,-0.038197278273088386,0.009388893842697144,-0.222259521484375,-0.04001223598120873,0.06680095195770264,-0.17521798610687256,-0.005297134392691305,0.07771363854408264,-0.23482072353363037,-0.03910863701699441,0.07221934199333191,-0.17655542492866516,-0.055202937912923744,0.06363418698310852,-0.13226467370986938,-0.05907389078734582,0.030097514390945435,-0.17659300565719604,-0.006724149216694286,0.0421069860458374,-0.2536007761955261,-0.04157556895611947,0.041692376136779785,-0.18247169256210327,-0.04835639823673432,0.038290709257125854,-0.14180314540863037,-0.04156207967994874,-0.005495727062225342,-0.1675351858139038,-0.013832662482542446,0.0007200837135314941,-0.21429085731506348,-0.05178292770384019,0.007486164569854736,-0.13941290974617004,-0.04516079206464951,0.0077390968799591064,-0.10916516184806824,-0.028213217151147774,-0.04084692895412445,-0.15026012063026428,-0.0220868692219085,-0.02925737202167511,-0.1823531687259674,-0.04472997341750329,-0.018970251083374023,-0.1290205717086792,-0.03525111008880799,-0.018160879611968994,-0.10816699266433716,-0.02114872377811139
N,0.0,0.0,0.0,0.04735845327377319,-0.03597599267959595,-0.021871666049065652,0.07201769948005676,-0.1176321804523468,-0.03060940708726889,0.039280056953430176,-0.18306592106819153,-0.03814119156211859,0.009617805480957031,-0.2233351469039917,-0.03993658032030112,0.06841051578521729,-0.17616257071495056,-0.004960854162874284,0.07876715064048767,-0.23660960793495178,-0.038857184906902376,0.07237806916236877,-0.17835447192192078,-0.05504030044883734,0.06389486789703369,-0.13442125916481018,-0.05894566010445601,0.03084278106689453,-0.1773805320262909,-0.0065321513427818445,0.042086631059646606,-0.2553004026412964,-0.041723657955827775,0.041426897048950195,-0.18480771780014038,-0.048825413545074525,0.03868618607521057,-0.14453792572021484,-0.042186458220186296,-0.005222141742706299,-0.16813424229621887,-0.013717137833538118,0.00022464990615844727,-0.21607264876365662,-0.0519692717096234,0.006908535957336426,-0.14099738001823425,-0.04498967956513411,0.007750809192657471,-0.110380619764328,-0.027658325245084825,-0.04073336720466614,-0.15069201588630676,-0.022038687576952043,-0.02987682819366455,-0.18472284078598022,-0.04469288568705565,-0.019655436277389526,-0.13091573119163513,-0.03461241405219084,-0.01843106746673584,-0.1091468334197998,-0.019945858602824273
N,0.0,0.0,0.0,0.04841908812522888,-0.03505021333694458,-0.02383088056978977,0.07449346780776978,-0.11861231923103333,-0.032629232081148984,0.041778624057769775,-0.1854114532470703,-0.039894524189207914,0.010867804288864136,-0.22605949640274048,-0.041063587340090635,0.07174143195152283,-0.1785711646080017,-0.004437273061398628,0.08166384696960449,-0.23898521065711975,-0.03827913773295677,0.07280805706977844,-0.1808992624282837,-0.0543223425471524,0.0645996630191803,-0.13870102167129517,-0.05824528184768951,0.03322526812553406,-0.18018817901611328,-0.005292391097668769,0.044011861085891724,-0.25804752111434937,-0.04144776535270012,0.0417877733707428,-0.18771278858184814,-0.04902982634541786,0.039985448122024536,-0.14799878001213074,-0.04219539758798874,-0.0032247602939605713,-0.17106828093528748,-0.011992138969276311,0.0014880895614624023,-0.2185782790184021,-0.05125767287847793,0.007588118314743042,-0.1424068808555603,-0.044316954138253095,0.009334594011306763,-0.11119005084037781,-0.026435037302348974,-0.038817062973976135,-0.15375375747680664,-0.020044752555463674,-0.028054893016815186,-0.18616610765457153,-0.04325870719787872,-0.018545225262641907,-0.1318768560886383,-0.03321736601230896,-0.017049476504325867,-0.11061984300613403,-0.018167213695619466
N,0.0,0.0,0.0,0.04877598583698273,-0.033521294593811035,-0.025070505785635078,0.07542888820171356,-0.11690488457679749,-0.034587978022983634,0.04047830402851105,-0.18871363997459412,-0.04207153488962945,0.008498206734657288,-0.23086944222450256,-0.043165593045642936,0.07772137224674225,-0.17880988121032715,-0.00678562103851732,0.08470018208026886,-0.24499225616455078,-0.039747914868286216,0.0702286809682846,-0.184867262840271,-0.054570014226129615,0.06211040914058685,-0.14165985584259033,-0.05838082973926362,0.036696746945381165,-0.1823875904083252,-0.007152435473045671,0.04469968378543854,-0.26485031843185425,-0.0433817306634694,0.03877730667591095,-0.18893933296203613,-0.04941135143010911,0.03867025673389435,-0.14719390869140625,-0.04151807223527726,-0.001463368535041809,-0.17361456155776978,-0.013229009332945907,0.00023846328258514404,-0.22390317916870117,-0.05140036587684449,0.005474671721458435,-0.14659222960472107,-0.042627616423061454,0.009054526686668396,-0.11522987484931946,-0.024096470895102584,-0.03860415518283844,-0.15639758110046387,-0.020919100019028747,-0.029973819851875305,-0.18876534700393677,-0.04393334184854325,-0.020662903785705566,-0.13355088233947754,-0.033550380366733634,-0.017155781388282776,-0.1118222177028656,-0.018393219086220824
N,0.0,0.0,0.0,0.0500534325838089,-0.03552138805389404,-0.02290440771847102,0.07866959273815155,-0.12065979838371277,-0.03155292619138095,0.04560662806034088,-0.1907285749912262,-0.038925592341712445,0.012580648064613342,-0.23117023706436157,-0.040112436303189725,0.07764695584774017,-0.18473374843597412,-0.004206706789574355,0.08346359431743622,-0.24635440111160278,-0.03839820671944949,0.07108272612094879,-0.18664497137069702,-0.05435293961434695,0.0640949159860611,-0.14365699887275696,-0.05852973509698245,0.036718472838401794,-0.18657788634300232,-0.005908780751070708,0.04484058916568756,-0.2665453553199768,-0.04350859720378253,0.04032488167285919,-0.19194918870925903,-0.05050520647435519,0.039357706904411316,-0.14997288584709167,-0.04295722443728778,-0.0011930465698242188,-0.17751231789588928,-0.013440103755584687,-2.9608607292175293e-05,-0.22865015268325806,-0.05351758796840045,0.006301745772361755,-0.150059312582016,-0.045902494826606244,0.010290905833244324,-0.11752694845199585,-0.02762758407860133,-0.037684038281440735,-0.15983742475509644,-0.022345884257248372,-0.028832346200942993,-0.1932639479637146,-0.04659517902999255,-0.018854573369026184,-0.1371806561946869,-0.03702778045206401,-0.014889940619468689,-0.11483463644981384,-0.02225033614902827
N,0.0,0.0,0.0,0.050107210874557495,-0.03581845760345459,-0.024540585946539295,0.078897625207901,-0.12152868509292603,-0.033436893966296566,0.04588782787322998,-0.19206750392913818,-0.040650985684493435,0.013198792934417725,-0.23377299308776855,-0.04152146681795443,0.08002275228500366,-0.18685531616210938,-0.004727453474203003,0.08517512679100037,-0.24821358919143677,-0.039253573414185894,0.07062676548957825,-0.18936848640441895,-0.055551431622603786,0.06290456652641296,-0.14579957723617554,-0.05995788752684916,0.03827464580535889,-0.18926352262496948,-0.00555689587841357,0.04517894983291626,-0.26821935176849365,-0.04361655145535792,0.03945755958557129,-0.19343715906143188,-0.05089543342242564,0.03914588689804077,-0.15160226821899414,-0.0433354075218233,-0.00018984079360961914,-0.1805187463760376,-0.012441749234000099,-7.721781730651855e-05,-0.23027199506759644,-0.05280174642453517,0.005862623453140259,-0.1527494192123413,-0.045855905410149944,0.010539621114730835,-0.12110894918441772,-0.027944646325209987,-0.03698739409446716,-0.16318285465240479,-0.020879180651405704,-0.029156386852264404,-0.19384765625,-0.0456150244141611,-0.019026458263397217,-0.13873806595802307,-0.036918103244403255,-0.014048263430595398,-0.11766207218170166,-0.022616769667962444
N,0.0,0.0,0.0,0.050414443016052246,-0.03650909662246704,-0.0244057274740328,0.07958564162254333,-0.12404739856719971,-0.03315214843863146,0.0456467866897583,-0.19601401686668396,-0.04028484628909723,0.012915506958961487,-0.23855453729629517,-0.04104354263657228,0.07982328534126282,-0.18785256147384644,-0.005045013813315791,0.08477136492729187,-0.2517721652984619,-0.039765000654398364,0.07008194923400879,-0.19212764501571655,-0.055690598053871554,0.06300148367881775,-0.1478312611579895,-0.059745509488521975,0.03756028413772583,-0.1895344853401184,-0.006011057024835509,0.04392564296722412,-0.2707737386226654,-0.044668805165230197,0.03822323679924011,-0.19484296441078186,-0.05180199475401537,0.03857237100601196,-0.15211141109466553,-0.043954138023792666,-0.001258939504623413,-0.18034902215003967,-0.013010509623228472,-0.0011541247367858887,-0.2319355010986328,-0.05417222933286325,0.004963919520378113,-0.15273472666740417,-0.046838440312086504,0.01016080379486084,-0.11992710828781128,-0.028389595760046404,-0.03827798366546631,-0.16296401619911194,-0.02148374573701517,-0.030113667249679565,-0.1962340772151947,-0.04668751017564432,-0.020411431789398193,-0.1395975649356842,-0.03756190122479097,-0.015654146671295166,-0.1170671284198761,-0.022801587669192713
N,0.0,0.0,0.0,0.05041058361530304,-0.03579127788543701,-0.02554846147612011,0.0799403041601181,-0.12500271201133728,-0.03435752505973255,0.045109525322914124,-0.19768527150154114,-0.04128647560790455,0.010933458805084229,-0.23976656794548035,-0.041787825176271554,0.08020751178264618,-0.1908586621284485,-0.005097581656428929,0.08377404510974884,-0.25477731227874756,-0.03971029410675442,0.06908543407917023,-0.19536933302879333,-0.055835984298738595,0.062675341963768,-0.15109622478485107,-0.060101907351764794,0.03773503005504608,-0.19261670112609863,-0.005471766577812787,0.04341600835323334,-0.27309539914131165,-0.04420043865755474,0.03803779184818268,-0.19662630558013916,-0.051536854007991906,0.03905470669269562,-0.15407931804656982,-0.043727021315845604,-0.001014620065689087,-0.18349960446357727,-0.012033200474235173,-0.0015753954648971558,-0.23523768782615662,-0.05309915507748997,0.005040958523750305,-0.15630170702934265,-0.04615889454797184,0.01088106632232666,-0.12381476163864136,-0.028031738126429673,-0.037937507033348083,-0.16617652773857117,-0.020202904591116067,-0.03013990819454193,-0.19909396767616272,-0.04557562957123196,-0.020474344491958618,-0.14202257990837097,-0.03691097686603939,-0.015256747603416443,-0.11942732334136963,-0.022451569909009095
N,0.0,0.0,0.0,0.049866706132888794,-0.035436272621154785,-0.026398857769521555,0.07918193936347961,-0.12567070126533508,-0.03554210969522842,0.04410621523857117,-0.19923162460327148,-0.042703697171958765,0.00961296260356903,-0.24237394332885742,-0.04328619101360687,0.08066627383232117,-0.192263662815094,-0.005413436976226649,0.08443185687065125,-0.2575482428073883,-0.04076858767584213,0.06958925724029541,-0.19728702306747437,-0.05732749560192474,0.06295603513717651,-0.15215784311294556,-0.06164785632208236,0.03797651827335358,-0.19385948777198792,-0.005517607268842539,0.04350006580352783,-0.2746196687221527,-0.04506785952762016,0.03790345788002014,-0.19784024357795715,-0.05276818731144317,0.039056941866874695,-0.1548253893852234,-0.04491324880436309,-0.0010499060153961182,-0.1847524642944336,-0.01197196421489366,-0.001776278018951416,-0.23588550090789795,-0.05385495879963287,0.0045583248138427734,-0.1563827395439148,-0.04712471523598083,0.010700762271881104,-0.12345525622367859,-0.02884037577823051,-0.0381588339805603,-0.1676849126815796,-0.020100153696688494,-0.030536040663719177,-0.19946810603141785,-0.046168705162557444,-0.021242469549179077,-0.14148560166358948,-0.037697678145917735,-0.01588490605354309,-0.11849218606948853,-0.023121496376546702
N,0.0,0.0,0.0,0.048962220549583435,-0.03594738245010376,-0.026601440081435612,0.07784433662891388,-0.12620800733566284,-0.035782770061928204,0.04465802013874054,-0.2000170350074768,-0.043086328351932934,0.012087538838386536,-0.24449551105499268,-0.04380194544239657,0.08037097752094269,-0.19463658332824707,-0.004488015355605057,0.08273287117481232,-0.25970104336738586,-0.04034929423971789,0.06859792768955231,-0.19955956935882568,-0.05751127823634761,0.06271015107631683,-0.15408265590667725,-0.06215367912693637,0.03758171200752258,-0.1963338851928711,-0.004693274194437436,0.041583091020584106,-0.2771908640861511,-0.04435376896901744,0.03648453950881958,-0.2006225883960724,-0.05225464775605815,0.03833557665348053,-0.15803378820419312,-0.044446863973576,-0.0014479607343673706,-0.18675261735916138,-0.011456757592100075,-0.003461390733718872,-0.2380579710006714,-0.05355783253355639,0.0032079368829727173,-0.15912321209907532,-0.04707796945615428,0.010229840874671936,-0.1269024908542633,-0.028881729388672284,-0.038293883204460144,-0.16873186826705933,-0.01996598094149249,-0.03251267969608307,-0.20018374919891357,-0.046357207739788464,-0.02295936644077301,-0.14291134476661682,-0.03816031738563197,-0.016502171754837036,-0.12041482329368591,-0.023650643223959378
N,0.0,0.0,0.0,0.04859894514083862,-0.038604021072387695,-0.02518919719528867,0.07779619097709656,-0.12587788701057434,-0.033401826900956166,0.046968623995780945,-0.19990748167037964,-0.04001737995218946,0.014852717518806458,-0.2420801818370819,-0.03991696475219442,0.08171817660331726,-0.19527336955070496,-0.0028291612784983045,0.08244085311889648,-0.2621620297431946,-0.03845900906395627,0.06740817427635193,-0.20206335186958313,-0.05513280866813375,0.06213781237602234,-0.1569441258907318,-0.059371924532172216,0.03923161327838898,-0.1978270709514618,-0.003229024858740104,0.040866538882255554,-0.27767977118492126,-0.04386437920999242,0.03506769239902496,-0.2004566490650177,-0.05201194299530698,0.03818972408771515,-0.15887057781219482,-0.04399973018240644,0.00039477646350860596,-0.18848660588264465,-0.00997837962728454,-0.003979787230491638,-0.23791220784187317,-0.05244651300978376,0.00216849148273468,-0.1591927707195282,-0.04597866771888448,0.010699018836021423,-0.12749671936035156,-0.027518839148399366,-0.03648948669433594,-0.1698395013809204,-0.01836815340590192,-0.033783093094825745,-0.19929581880569458,-0.044921683651921285,-0.024090781807899475,-0.14267465472221375,-0.037036425007102025,-0.01593761146068573,-0.1209993064403534,-0.022450591010567678
N,0.0,0.0,0.0,0.04836583137512207,-0.037882328033447266,-0.025784920406891843,0.07689477503299713,-0.12794363498687744,-0.034502794471933385,0.044666409492492676,-0.20337048172950745,-0.04158964144940569,0.012288704514503479,-0.24754789471626282,-0.04182644697780802,0.08013089001178741,-0.1957678198814392,-0.004182845325573226,0.08225606381893158,-0.2651066482067108,-0.039857102063848515,0.06762616336345673,-0.2034645974636078,-0.05621640893573954,0.06208626925945282,-0.15766823291778564,-0.06021872672195627,0.03733539581298828,-0.1977621614933014,-0.004436313611819287,0.03938387334346771,-0.27873504161834717,-0.04452257367725565,0.03450094163417816,-0.2014678716659546,-0.0522320246970196,0.03754618763923645,-0.16031429171562195,-0.04432783785219385,-0.0018082410097122192,-0.1880488097667694,-0.011098009971334477,-0.004611074924468994,-0.2393854856491089,-0.053274442878915806,0.0022444874048233032,-0.1598769724369049,-0.04621998730058863,0.010114938020706177,-0.12734895944595337,-0.027640984830810567,-0.03896397352218628,-0.1697354018688202,-0.01944095219428732,-0.03482908010482788,-0.20028018951416016,-0.04564358803386881,-0.024457529187202454,-0.1435437798500061,-0.037328505394413014,-0.01667781174182892,-0.12128573656082153,-0.022654514265610715
N,0.0,0.0,0.0,0.048942700028419495,-0.040700554847717285,-0.02558360041018659,0.07658760249614716,-0.12950262427330017,-0.03478164204295808,0.0434107631444931,-0.20388221740722656,-0.042574710928761306,0.010889723896980286,-0.24684050679206848,-0.04365875177916223,0.07902781665325165,-0.19744741916656494,-0.0035206598871582173,0.07936398684978485,-0.26472169160842896,-0.03991019331749612,0.06647218763828278,-0.20276743173599243,-0.05712497585352594,0.06276960670948029,-0.15698930621147156,-0.061669684731327834,0.03612580895423889,-0.19843262434005737,-0.003983094141744914,0.038221195340156555,-0.2777193784713745,-0.0440061462753647,0.03436994552612305,-0.20090484619140625,-0.051973517768942656,0.038249075412750244,-0.16071808338165283,-0.04457737856444055,-0.002965375781059265,-0.18854084610939026,-0.010959993832670989,-0.005412086844444275,-0.24142247438430786,-0.05337065436776811,0.0019139200448989868,-0.1618688404560089,-0.04657151528533632,0.010131537914276123,-0.1288970410823822,-0.02835455142792398,-0.04037277400493622,-0.16999182105064392,-0.01961833775874311,-0.03699696063995361,-0.20069000124931335,-0.046492103272044005,-0.02522851526737213,-0.1435457468032837,-0.03872915335830385,-0.016192108392715454,-0.12037864327430725,-0.02442555666800672
N,0.0,0.0,0.0,0.04827438294887543,-0.040425509214401245,-0.02602403562033828,0.07427342236042023,-0.1303466558456421,-0.03550648454094585,0.03908136487007141,-0.20555198192596436,-0.043395677092320284,0.006856396794319153,-0.2501693367958069,-0.044536714884287676,0.07874803245067596,-0.19613060355186462,-0.003812573361045679,0.07979907095432281,-0.2633505165576935,-0.040512853744274935,0.067369744181633,-0.20327484607696533,-0.057877281191593966,0.06360189616680145,-0.15713641047477722,-0.06250341373944934,0.03586679697036743,-0.19745340943336487,-0.004222825146115383,0.03968141973018646,-0.27802035212516785,-0.04461071405077632,0.03564213216304779,-0.2017400562763214,-0.05286611008907016,0.03891068696975708,-0.1610306203365326,-0.04557048294211086,-0.003540724515914917,-0.1875596046447754,-0.011207565176135859,-0.005722597241401672,-0.23964440822601318,-0.0538428290512627,0.0016366690397262573,-0.16149359941482544,-0.0473970747318333,0.009460106492042542,-0.12969937920570374,-0.029331046598798594,-0.04147599637508392,-0.16895854473114014,-0.019830513256437143,-0.037147149443626404,-0.19982260465621948,-0.0462955361929005,-0.025891855359077454,-0.1436919867992401,-0.03841002795363124,-0.018119454383850098,-0.12173163890838623,-0.024210942420012316
N,0.0,0.0,0.0,0.04783080518245697,-0.038216590881347656,-0.026776876311799924,0.07495835423469543,-0.12827062606811523,-0.03633000889053051,0.03935509920120239,-0.2044457197189331,-0.04410536774625484,0.006889641284942627,-0.24914813041687012,-0.04490100407232944,0.07955890893936157,-0.19413673877716064,-0.004615101974508207,0.08077007532119751,-0.2644501328468323,-0.04163698666920368,0.06805047392845154,-0.20326632261276245,-0.058705067273280065,0.06423196196556091,-0.15670645236968994,-0.06299347617854778,0.036417052149772644,-0.19530344009399414,-0.0045696450509638,0.04026311635971069,-0.2781156897544861,-0.045468842621943395,0.03600528836250305,-0.20075169205665588,-0.05352202990283672,0.039440661668777466,-0.15962085127830505,-0.045774379756352346,-0.0031149983406066895,-0.1858261525630951,-0.011187084961733262,-0.005415752530097961,-0.2390589714050293,-0.05446228944887821,0.001474529504776001,-0.15961617231369019,-0.04784155079354946,0.009454667568206787,-0.12765318155288696,-0.029367527004382055,-0.04097825288772583,-0.1680176556110382,-0.019484341155788343,-0.036800384521484375,-0.1989612579345703,-0.0465265382193536,-0.025874555110931396,-0.14186745882034302,-0.03883118369807903,-0.01798662543296814,-0.11948609352111816,-0.02456232347716991
N,0.0,0.0,0.0,0.048129111528396606,-0.039165616035461426,-0.02634232307372031,0.0752386748790741,-0.1284879744052887,-0.0358230248331779,0.0398421585559845,-0.20451942086219788,-0.04364029320475993,0.0070348381996154785,-0.24807393550872803,-0.044556047791218134,0.0797070562839508,-0.19371312856674194,-0.0046669999375694715,0.08091375231742859,-0.26382964849472046,-0.04143578189012942,0.06790563464164734,-0.20294803380966187,-0.058582648658727976,0.06421321630477905,-0.15617987513542175,-0.0630924031376594,0.036629363894462585,-0.19471031427383423,-0.004874613625531765,0.04009842872619629,-0.2774079442024231,-0.04574370759127078,0.0356660932302475,-0.20068615674972534,-0.05394598471519885,0.03917071223258972,-0.15888798236846924,-0.046425513946985575,-0.002712920308113098,-0.1852097511291504,-0.011645481945549818,-0.0051043033599853516,-0.23870307207107544,-0.054716825509046885,0.0017434358596801758,-0.15960481762886047,-0.04817914592621264,0.009816169738769531,-0.12683188915252686,-0.029896443733548494,-0.040352821350097656,-0.16722121834754944,-0.020103666955208155,-0.036325663328170776,-0.19815361499786377,-0.04714312779304919,-0.02541986107826233,-0.14135879278182983,-0.03965793924925265,-0.01731725037097931,-0.11851277947425842,-0.025625431933974596
N,0.0,0.0,0.0,0.047787755727767944,-0.03837817907333374,-0.02691469585911932,0.0750608742237091,-0.12877115607261658,-0.036706196725532436,0.03903689980506897,-0.2050841748714447,-0.044743804842397594,0.00611308217048645,-0.24921965599060059,-0.04571192955987158,0.07980358600616455,-0.19359096884727478,-0.0049881228470951555,0.08128586411476135,-0.2634224593639374,-0.042579038649961376,0.06859007477760315,-0.20145106315612793,-0.059809482306405926,0.06457418203353882,-0.15487608313560486,-0.0641604947151393,0.03677372634410858,-0.19464939832687378,-0.005065935313865566,0.040620073676109314,-0.2772010862827301,-0.04634666314737501,0.03637400269508362,-0.19941455125808716,-0.054089839220210933,0.039522767066955566,-0.15880823135375977,-0.04612509405629339,-0.0026362985372543335,-0.18548274040222168,-0.011965883545741463,-0.004306912422180176,-0.237730473279953,-0.055656014591619396,0.0023803412914276123,-0.1578519642353058,-0.04901351279036703,0.00985938310623169,-0.12687534093856812,-0.03054536564664545,-0.04025101661682129,-0.16831743717193604,-0.020580202922388935,-0.03544268012046814,-0.19789829850196838,-0.04764031863228979,-0.024825334548950195,-0.14019763469696045,-0.040091323316261196,-0.017306745052337646,-0.11851310729980469,-0.02607110200838747
N,0.0,0.0,0.0,0.046755462884902954,-0.03833800554275513,-0.027119247132958435,0.07332929968833923,-0.12866312265396118,-0.037023266667546295,0.037300318479537964,-0.20408445596694946,-0.04520615365547087,0.004568442702293396,-0.2477748692035675,-0.046395311022223495,0.07967209815979004,-0.19465580582618713,-0.004756786750675701,0.08031246066093445,-0.262209415435791,-0.0422599333171263,0.06733500957489014,-0.20122116804122925,-0.05995905947131064,0.06313937902450562,-0.1543767750263214,-0.06474473875206854,0.036533236503601074,-0.19541585445404053,-0.004858212901325487,0.039103567600250244,-0.2759389281272888,-0.046221678966702484,0.03499026596546173,-0.1990281641483307,-0.0542673895899668,0.03852130472660065,-0.1580398678779602,-0.046528575832070374,-0.0029845088720321655,-0.18608319759368896,-0.011874272378207706,-0.0049264878034591675,-0.23706620931625366,-0.05534443807047751,0.0019087046384811401,-0.15853694081306458,-0.049210289383353256,0.009519651532173157,-0.12756985425949097,-0.031217148417653107,-0.0406491756439209,-0.16860586404800415,-0.02072655212325003,-0.035086557269096375,-0.1965646743774414,-0.047815615201415085,-0.024604663252830505,-0.13979217410087585,-0.040901372099341415,-0.0170707106590271,-0.11856904625892639,-0.027431763598741554
N,0.0,0.0,0.0,0.047366753220558167,-0.039451003074645996,-0.025842991801255266,0.07232712209224701,-0.1303202509880066,-0.03545480887805752,0.034700483083724976,-0.20480695366859436,-0.043540938901060144,0.0016368180513381958,-0.24753546714782715,-0.04514629687582783,0.07437102496623993,-0.19329926371574402,-0.0036360122303449316,0.07715286314487457,-0.26048436760902405,-0.039969413684957544,0.06450344622135162,-0.20080631971359253,-0.05774942706739239,0.058677807450294495,-0.15333306789398193,-0.06282002400075726,0.03233011066913605,-0.19373977184295654,-0.004154208259933512,0.037038177251815796,-0.2770622968673706,-0.04379208307182125,0.03356434404850006,-0.20074686408042908,-0.05227379049574665,0.03574874997138977,-0.15700984001159668,-0.04518017466580204,-0.006211593747138977,-0.1840662956237793,-0.011244447114222567,-0.006769627332687378,-0.23809823393821716,-0.052959772901886026,0.0002719312906265259,-0.15972471237182617,-0.046819443958156626,0.0063460469245910645,-0.12666597962379456,-0.029126304345481913,-0.043396905064582825,-0.16568100452423096,-0.02005866463696293,-0.037068530917167664,-0.19787096977233887,-0.04591845642244152,-0.02660401165485382,-0.14135634899139404,-0.0383036426774197,-0.020585879683494568,-0.11829662322998047,-0.024642466711156885
N,0.0,0.0,0.0,0.04723036289215088,-0.03721499443054199,-0.02623460540436895,0.07377400994300842,-0.12721353769302368,-0.03527967357896955,0.03857637941837311,-0.20151489973068237,-0.04246952483319433,0.006721511483192444,-0.24457120895385742,-0.04308667132519872,0.0774993896484375,-0.19172707200050354,-0.005489783881984067,0.07840433716773987,-0.25919702649116516,-0.042115208747617316,0.06578043103218079,-0.19861829280853271,-0.059276164564124656,0.06103125214576721,-0.15139859914779663,-0.06375925341509969,0.03553430736064911,-0.1922401487827301,-0.005488313789300037,0.03826063871383667,-0.27507829666137695,-0.04634185979031713,0.034245073795318604,-0.1984325647354126,-0.0543707172002712,0.03741680085659027,-0.1548072099685669,-0.04655214125179441,-0.003186538815498352,-0.18332642316818237,-0.01201887434237392,-0.005054682493209839,-0.23464438319206238,-0.05467604944371374,0.0013736933469772339,-0.1560850739479065,-0.04855617234372289,0.008546233177185059,-0.12377014756202698,-0.030630844699970794,-0.040570080280303955,-0.16658225655555725,-0.020258578526608062,-0.03541511297225952,-0.19449949264526367,-0.04694857919477613,-0.025390759110450745,-0.13754218816757202,-0.04008625918888242,-0.018283367156982422,-0.11577880382537842,-0.02676403434836061
N,0.0,0.0,0.0,0.04714842140674591,-0.035994648933410645,-0.025803849705823723,0.07377107441425323,-0.12679895758628845,-0.03497041449821836,0.03696082532405853,-0.2008976936340332,-0.04246824667728788,0.0038136839866638184,-0.24327468872070312,-0.04340184540427572,0.0760655552148819,-0.19048678874969482,-0.0044519842130625875,0.07812748849391937,-0.257365882396698,-0.04105459586656934,0.06563781201839447,-0.19680750370025635,-0.05842857495821363,0.05993272364139557,-0.14966395497322083,-0.06313753188527471,0.03412117063999176,-0.19073691964149475,-0.004906592098393503,0.03763951361179352,-0.2732256054878235,-0.04566683308161146,0.034556880593299866,-0.19566181302070618,-0.05395058602965719,0.03698857128620148,-0.15193769335746765,-0.04640052528060323,-0.004441455006599426,-0.18165767192840576,-0.011959586897262398,-0.005442097783088684,-0.23393332958221436,-0.054988880315193,0.0016262084245681763,-0.1542455554008484,-0.04905025348938352,0.00786881148815155,-0.12203481793403625,-0.031231860303648773,-0.04155495762825012,-0.16488125920295715,-0.020631386571892563,-0.03521072864532471,-0.1938689947128296,-0.047665738174089256,-0.02497933804988861,-0.1354770064353943,-0.040809818216928306,-0.01877520978450775,-0.1133706271648407,-0.027570780971416298
N,0.0,0.0,0.0,0.04817207157611847,-0.03771907091140747,-0.024296920842289182,0.07442434132099152,-0.12649688124656677,-0.03352272892630026,0.03687839210033417,-0.1985132396221161,-0.04131097728645727,0.00331762433052063,-0.23931318521499634,-0.042953718549370024,0.0738563984632492,-0.18871992826461792,-0.004654677214830372,0.076133593916893,-0.25488710403442383,-0.04044569293296263,0.06465695798397064,-0.19506889581680298,-0.05776960412299559,0.05924828350543976,-0.14852482080459595,-0.06266729915773794,0.032199516892433167,-0.1889251470565796,-0.005737968816220018,0.036691054701805115,-0.2717115879058838,-0.04478738094007895,0.03425408899784088,-0.19553875923156738,-0.05274524921810553,0.036242350935935974,-0.15167230367660522,-0.045564517474531385,-0.005916044116020203,-0.17957571148872375,-0.013041661216675493,-0.006105348467826843,-0.23343759775161743,-0.05449251840150282,0.0012002140283584595,-0.15430483222007751,-0.04790847385561392,0.006781354546546936,-0.12133368849754333,-0.030128430670856687,-0.04262067377567291,-0.16176006197929382,-0.021819157621621343,-0.03558287024497986,-0.19425207376480103,-0.04750784496104643,-0.025411799550056458,-0.13651785254478455,-0.039481151944755766,-0.020203113555908203,-0.11336708068847656,-0.025724893531560156
N,0.0,0.0,0.0,0.04812243580818176,-0.03771352767944336,-0.023655988887099966,0.07412746548652649,-0.12471365928649902,-0.032732790947108015,0.03697815537452698,-0.19612348079681396,-0.04048904278889154,0.004030212759971619,-0.23629900813102722,-0.04230176532283281,0.07235148549079895,-0.1870480477809906,-0.004608362592904314,0.07540997862815857,-0.25377026200294495,-0.03966745981588815,0.06461724638938904,-0.19498851895332336,-0.05669023343935464,0.05932372808456421,-0.14840251207351685,-0.06143983328357194,0.031236648559570312,-0.18698903918266296,-0.005767302733062252,0.03640693426132202,-0.2707369923591614,-0.043980578571705564,0.034089237451553345,-0.1954927146434784,-0.05189061784759019,0.035917848348617554,-0.15098357200622559,-0.04483044767394517,-0.006359785795211792,-0.17753583192825317,-0.0129258890227959,-0.005595415830612183,-0.2320532202720642,-0.05371095487490152,0.0014721453189849854,-0.15363338589668274,-0.04725520560160135,0.0064513832330703735,-0.11974203586578369,-0.029630264878420576,-0.042815327644348145,-0.15954360365867615,-0.021479983493833288,-0.03498108685016632,-0.19335734844207764,-0.04687861973062013,-0.02480711042881012,-0.13596570491790771,-0.03872521469011758,-0.02013052999973297,-0.11157581210136414,-0.02487084516897653
N,0.0,0.0,0.0,0.04851368069648743,-0.03784811496734619,-0.023729985406163223,0.07493075728416443,-0.12437945604324341,-0.03295361233270455,0.03679957985877991,-0.19459229707717896,-0.04080456105387498,0.0034716427326202393,-0.23323771357536316,-0.042795862828853615,0.07121074199676514,-0.18746936321258545,-0.005040568125906475,0.07560774683952332,-0.2522919476032257,-0.039820831095340736,0.06537511944770813,-0.19298872351646423,-0.05669029039657403,0.05970025062561035,-0.14656347036361694,-0.0612834988287716,0.030431270599365234,-0.18741661310195923,-0.006166092877748497,0.03645142912864685,-0.2704298794269562,-0.04352835175907899,0.034542977809906006,-0.1958627700805664,-0.05123699066555787,0.03565111756324768,-0.15132057666778564,-0.04421337304032136,-0.006939515471458435,-0.1773601472377777,-0.013232060534420498,-0.005163222551345825,-0.22963985800743103,-0.0532561538866787,0.002236306667327881,-0.15158477425575256,-0.0468976011625557,0.006444334983825684,-0.11744868755340576,-0.029437668447855003,-0.043312132358551025,-0.15849623084068298,-0.02169248444354821,-0.03427024185657501,-0.19287174940109253,-0.04605161008751679,-0.023971274495124817,-0.13640108704566956,-0.03739266825235177,-0.02028799057006836,-0.11176726222038269,-0.023343624373438843
N,0.0,0.0,0.0,0.04811045527458191,-0.03824114799499512,-0.024410149546042703,0.07376649975776672,-0.12403729557991028,-0.033768043385521196,0.03567773103713989,-0.19438418745994568,-0.04173589916683795,0.0028070062398910522,-0.2334720492362976,-0.04378882469393375,0.07097062468528748,-0.18821430206298828,-0.004522016735450052,0.07473880052566528,-0.2523069679737091,-0.03951830090738895,0.06437739729881287,-0.19335785508155823,-0.05679076211310985,0.058923810720443726,-0.14664757251739502,-0.06164063187100055,0.030275464057922363,-0.18796414136886597,-0.005353828889951728,0.03526568412780762,-0.2700354754924774,-0.04333381773687961,0.033018559217453,-0.19555547833442688,-0.0515593034193671,0.034735679626464844,-0.1506497859954834,-0.04468867601610782,-0.006909817457199097,-0.17771127820014954,-0.012274658770934366,-0.00612659752368927,-0.228561669588089,-0.05274494783736827,0.0009924471378326416,-0.15127664804458618,-0.046885133253113054,0.005834519863128662,-0.1172226071357727,-0.02954803081013324,-0.043241679668426514,-0.15875935554504395,-0.020703122483269,-0.03502689301967621,-0.1918926239013672,-0.045405146198049806,-0.024897143244743347,-0.13578882813453674,-0.0372208845780051,-0.020525246858596802,-0.11111310124397278,-0.023366278500930093
N,0.0,0.0,0.0,0.04823054373264313,-0.0386393666267395,-0.023721296937054603,0.07303233444690704,-0.12406080961227417,-0.033259148374980896,0.03504468500614166,-0.19378960132598877,-0.04157488666552922,0.002211660146713257,-0.23269981145858765,-0.04411944992918393,0.06967402994632721,-0.18812450766563416,-0.005078798756784408,0.07449488341808319,-0.2513543665409088,-0.039771864787525146,0.06519840657711029,-0.19226107001304626,-0.05700062833804509,0.059632107615470886,-0.14546117186546326,-0.06189736224789044,0.029359862208366394,-0.18758487701416016,-0.006325571463293045,0.035463348031044006,-0.26866957545280457,-0.04307724036354443,0.03414912521839142,-0.19500982761383057,-0.05082010723728558,0.035313680768013,-0.15063664317131042,-0.04417435325760266,-0.007771626114845276,-0.17668333649635315,-0.013524152935332268,-0.005512535572052002,-0.22796034812927246,-0.05293748028654477,0.0023597627878189087,-0.15116524696350098,-0.04663510866541287,0.006428077816963196,-0.11680364608764648,-0.029484367594903915,-0.04399608075618744,-0.1568126380443573,-0.022178125233239143,-0.03419755399227142,-0.19239145517349243,-0.04601633422154805,-0.023625046014785767,-0.1371203064918518,-0.03710016109127423,-0.020123690366744995,-0.11180835962295532,-0.02303066536862275
N,0.0,0.0,0.0,0.047370895743370056,-0.03836703300476074,-0.022854763212166063,0.07326526939868927,-0.12178203463554382,-0.03185018816824936,0.036426618695259094,-0.19219329953193665,-0.03948321485754036,0.00564517080783844,-0.23365578055381775,-0.04117162072893166,0.06965132057666779,-0.18045246601104736,-0.00610681403290414,0.07774685323238373,-0.24521443247795105,-0.040693423839769594,0.06666482985019684,-0.1867365539073944,-0.05669636199112915,0.059889331459999084,-0.14216157793998718,-0.060898381414375535,0.03112243115901947,-0.18221697211265564,-0.007579155395291082,0.039749905467033386,-0.2651987373828888,-0.04549409741397881,0.03643415868282318,-0.19201430678367615,-0.05325330341096901,0.03720556199550629,-0.1489945650100708,-0.04635550374027275,-0.0052457451820373535,-0.1733703315258026,-0.014678035060427419,-0.002020210027694702,-0.22119325399398804,-0.0543633505129435,0.004085108637809753,-0.1439501941204071,-0.04772270390625977,0.007983371615409851,-0.11207103729248047,-0.03029585176940941,-0.04157283902168274,-0.1558578610420227,-0.023067428859434358,-0.03248666226863861,-0.18649211525917053,-0.046142622026167146,-0.022873088717460632,-0.13211339712142944,-0.03691662022706055,-0.019449979066848755,-0.11096912622451782,-0.022862333002052537
N,0.0,0.0,0.0,0.047193288803100586,-0.03671276569366455,-0.023485852306606603,0.07210955023765564,-0.11989516019821167,-0.03294511502039654,0.03606969118118286,-0.18946430087089539,-0.04112334539544804,0.005153656005859375,-0.2279718816280365,-0.04349361350190861,0.07004222273826599,-0.18463295698165894,-0.0049092750008128405,0.07756927609443665,-0.2459525465965271,-0.0389319843555711,0.06933480501174927,-0.18770870566368103,-0.05595591281903012,0.06288644671440125,-0.14186882972717285,-0.061006724735619855,0.031125783920288086,-0.1852010190486908,-0.006203242944451404,0.040103018283843994,-0.2638396918773651,-0.04213503738296254,0.038709551095962524,-0.1914576292037964,-0.04982344796312077,0.03861522674560547,-0.14934802055358887,-0.043545707961442304,-0.0054609328508377075,-0.175195574760437,-0.01344217070740683,-0.0007445961236953735,-0.22300851345062256,-0.05210365345132573,0.006454199552536011,-0.14867916703224182,-0.04645837088477833,0.009243309497833252,-0.11736571788787842,-0.03018517223549111,-0.04160463809967041,-0.15645265579223633,-0.02212605988037808,-0.029871538281440735,-0.18893957138061523,-0.04560798396718724,-0.0197037011384964,-0.13504165410995483,-0.03728166957748158,-0.01734781265258789,-0.11193054914474487,-0.0239723212028764
N,0.0,0.0,0.0,0.047412678599357605,-0.03677701950073242,-0.022155236391483868,0.07242952287197113,-0.11848711967468262,-0.031246410621463383,0.036450669169425964,-0.18621155619621277,-0.03915130154615554,0.00605948269367218,-0.22547200322151184,-0.04133599431639823,0.07131974399089813,-0.18104255199432373,-0.005715982927142704,0.07798062264919281,-0.24329456686973572,-0.03947816596752318,0.06915511190891266,-0.1852695345878601,-0.05590227053886565,0.06291769444942474,-0.13940060138702393,-0.060662975473462666,0.032213643193244934,-0.18233630061149597,-0.007381397703795756,0.040774837136268616,-0.2617025375366211,-0.04361431480771216,0.03852604329586029,-0.18953296542167664,-0.05100654990798148,0.038415953516960144,-0.14711573719978333,-0.04457543225413474,-0.004493936896324158,-0.17334294319152832,-0.014700679978489006,-0.00023940205574035645,-0.22204747796058655,-0.05298999504572066,0.006288513541221619,-0.14768680930137634,-0.046786589486657704,0.009564116597175598,-0.11669784784317017,-0.030445290668069447,-0.040605559945106506,-0.15556111931800842,-0.023330969674645985,-0.029511407017707825,-0.18656429648399353,-0.046636676354467,-0.019982367753982544,-0.13229450583457947,-0.038298847092448796,-0.017173975706100464,-0.11046814918518066,-0.025211960015951718
N,0.0,0.0,0.0,0.046690791845321655,-0.03636479377746582,-0.02196726036905261,0.07119202613830566,-0.11763489246368408,-0.030940078400959692,0.03612321615219116,-0.18597081303596497,-0.03880085071264716,0.0069849491119384766,-0.22709789872169495,-0.04087362831174346,0.07072857022285461,-0.17993929982185364,-0.004956615825136623,0.07828730344772339,-0.24174901843070984,-0.03891147320805999,0.0700027346611023,-0.183524489402771,-0.05535979216634246,0.06348609924316406,-0.13792654871940613,-0.059920389407267294,0.031966716051101685,-0.1806166172027588,-0.006697263770689688,0.041305720806121826,-0.25824475288391113,-0.043024644457688055,0.039280712604522705,-0.1859828233718872,-0.050662998312105856,0.03844514489173889,-0.1446310579776764,-0.044415567272295675,-0.004510149359703064,-0.1711549162864685,-0.014139492266764364,-3.167986869812012e-05,-0.21790888905525208,-0.05296081697284194,0.007039844989776611,-0.14369258284568787,-0.047114242070307455,0.010067999362945557,-0.11381006240844727,-0.030821321734180174,-0.04041162133216858,-0.15326330065727234,-0.022766567968716345,-0.02971711754798889,-0.18505296111106873,-0.046280600332607946,-0.01944953203201294,-0.13076335191726685,-0.03772918527661773,-0.016642004251480103,-0.10888856649398804,-0.024342075192322454
N,0.0,0.0,0.0,0.04603701829910278,-0.03552645444869995,-0.02197797927948386,0.07064160704612732,-0.11794251203536987,-0.030757180936063833,0.03606283664703369,-0.18703752756118774,-0.038264525643910474,0.008021652698516846,-0.23004871606826782,-0.03994943719300181,0.06990936398506165,-0.1786653995513916,-0.004954957924212522,0.07821780443191528,-0.24094456434249878,-0.03885911177786738,0.07019132375717163,-0.18328753113746643,-0.05511288117560298,0.06322449445724487,-0.13743364810943604,-0.05950801219734103,0.0312560498714447,-0.1793268620967865,-0.006584426909114427,0.041019052267074585,-0.25732487440109253,-0.04319375898631961,0.03912702202796936,-0.1851503551006317,-0.05113912519010455,0.03796461224555969,-0.14357909560203552,-0.04502979438694865,-0.005157530307769775,-0.16979369521141052,-0.013862807824637002,-0.0005202442407608032,-0.2161942422389984,-0.052891986034239835,0.006546348333358765,-0.14243283867835999,-0.04707951616438777,0.00928160548210144,-0.11331027746200562,-0.030759263373340673,-0.04092547297477722,-0.1520785391330719,-0.022254801876272268,-0.030353188514709473,-0.18429741263389587,-0.04587794240507037,-0.020095735788345337,-0.13012421131134033,-0.0372271105268851,-0.01750604808330536,-0.10907095670700073,-0.023759161643113202
N,0.0,0.0,0.0,0.04607681930065155,-0.035836875438690186,-0.022051625206756853,0.07019130885601044,-0.11808586120605469,-0.030975993975687288,0.034904852509498596,-0.18692076206207275,-0.03855880375175502,0.006438985466957092,-0.22952821850776672,-0.04046819756894138,0.06950472295284271,-0.1776723563671112,-0.005691028918761276,0.07759375870227814,-0.24020493030548096,-0.039112229153204225,0.06950752437114716,-0.18301701545715332,-0.05521190936832454,0.06273458898067474,-0.13725820183753967,-0.05967729191451099,0.030905649065971375,-0.17858052253723145,-0.0072128379453602065,0.04064883291721344,-0.2572607398033142,-0.04334810028939273,0.038682326674461365,-0.18584918975830078,-0.0512166361060622,0.03761683404445648,-0.143471360206604,-0.04522466684846904,-0.005394697189331055,-0.1691955029964447,-0.014250900849390291,-0.0008402317762374878,-0.2165839970111847,-0.05268372248082187,0.006104037165641785,-0.14334288239479065,-0.04683272938399341,0.008892461657524109,-0.11315584182739258,-0.030650865539598726,-0.041023433208465576,-0.15145573019981384,-0.022419188424635195,-0.030681222677230835,-0.18445906043052673,-0.045863975092458986,-0.020529210567474365,-0.13056489825248718,-0.03727794836430576,-0.0178973525762558,-0.10861223936080933,-0.02392497497766044
N,0.0,0.0,0.0,0.046286433935165405,-0.03407639265060425,-0.022764631485785003,0.07154253125190735,-0.11666780710220337,-0.03161752310975885,0.03666567802429199,-0.1854492723941803,-0.0389873878417859,0.007959067821502686,-0.2271406650543213,-0.04053390858157968,0.07024410367012024,-0.17808648943901062,-0.005539876813287492,0.07771065831184387,-0.23940974473953247,-0.039346811300362106,0.06945779919624329,-0.1819656789302826,-0.05549161968215799,0.06298640370368958,-0.13689205050468445,-0.059973713880623336,0.031591325998306274,-0.17935901880264282,-0.006776808234150167,0.04081574082374573,-0.25684285163879395,-0.0434931041060338,0.038781940937042236,-0.18434050679206848,-0.05123945040091371,0.03821942210197449,-0.14293107390403748,-0.0448850439248929,-0.004680842161178589,-0.1702912449836731,-0.013735501965726371,-0.0007110536098480225,-0.21632927656173706,-0.05273187992557382,0.006092756986618042,-0.14222976565361023,-0.04691838932617998,0.009464800357818604,-0.11309313774108887,-0.03061688033326959,-0.04037211835384369,-0.15301352739334106,-0.021939956521833892,-0.030697405338287354,-0.1825946569442749,-0.04586653498395776,-0.020328044891357422,-0.12826085090637207,-0.03782014263256883,-0.016707271337509155,-0.10791391134262085,-0.02476639946385717
N,0.0,0.0,0.0,0.045714959502220154,-0.03344815969467163,-0.02413233673107129,0.07082812488079071,-0.11612808704376221,-0.03352552210819226,0.03570343554019928,-0.1863831877708435,-0.04118885403406125,0.0066719502210617065,-0.22819635272026062,-0.04276291211974126,0.06989730894565582,-0.17942297458648682,-0.005926836523229895,0.0776098221540451,-0.24001631140708923,-0.040233279819602785,0.06940914690494537,-0.18177533149719238,-0.05668952992093068,0.06283442676067352,-0.13731133937835693,-0.061281691546554384,0.03130434453487396,-0.18111678957939148,-0.006704909968192396,0.0412248820066452,-0.2581102252006531,-0.0434286363972376,0.03933219611644745,-0.18531090021133423,-0.05102736061346036,0.03846670687198639,-0.14492148160934448,-0.04458212038409215,-0.004927739500999451,-0.17191189527511597,-0.013443583863789854,0.0001592487096786499,-0.21704211831092834,-0.052636250163430987,0.006627336144447327,-0.14297696948051453,-0.04691182752978307,0.009065940976142883,-0.11442071199417114,-0.030605883578772364,-0.04059697687625885,-0.15412303805351257,-0.02158901585173112,-0.029594257473945618,-0.1829971969127655,-0.04558297922741872,-0.019351109862327576,-0.12873339653015137,-0.037710617537612734,-0.016579195857048035,-0.10852301120758057,-0.02473366005253297
N,0.0,0.0,0.0,0.04590320587158203,-0.03567981719970703,-0.02441487955707089,0.07137507200241089,-0.11887484788894653,-0.034366092931804815,0.03478747606277466,-0.18706271052360535,-0.04283212060886399,0.0037856698036193848,-0.2258719503879547,-0.04524245421248452,0.06873434782028198,-0.18240594863891602,-0.006091563783911624,0.07541689276695251,-0.24311888217926025,-0.04120251844483391,0.0663815438747406,-0.18352890014648438,-0.0581870333369352,0.059984058141708374,-0.13873827457427979,-0.06275228719073311,0.029681921005249023,-0.1827312409877777,-0.006988053497252622,0.03827852010726929,-0.2605094909667969,-0.04410252283173577,0.03672662377357483,-0.18621930480003357,-0.05168342153388039,0.03671035170555115,-0.14465901255607605,-0.044746815514145055,-0.006749793887138367,-0.17268353700637817,-0.013934904996631303,-0.003009200096130371,-0.2194671332836151,-0.05322349752145783,0.004018545150756836,-0.14383670687675476,-0.04703854705053345,0.0070754289627075195,-0.11331140995025635,-0.02997259172457234,-0.0426316112279892,-0.15420162677764893,-0.02237603935259358,-0.0321260541677475,-0.18605932593345642,-0.04533342580157296,-0.02190561592578888,-0.13189071416854858,-0.036305892568407216,-0.019087299704551697,-0.10972988605499268,-0.022299520027218023
N,0.0,0.0,0.0,0.046451568603515625,-0.03514498472213745,-0.02447221194984195,0.07174715399742126,-0.11873036623001099,-0.034196571909205886,0.03534087538719177,-0.1882004737854004,-0.0422149128246474,0.005916178226470947,-0.22931116819381714,-0.04429945489050624,0.06886833906173706,-0.1833781599998474,-0.006661904041038724,0.07609951496124268,-0.24311307072639465,-0.04122901847244975,0.06832540035247803,-0.1834752857685089,-0.057920602612512084,0.06211119890213013,-0.1386655569076538,-0.06258471076966998,0.029671400785446167,-0.18429410457611084,-0.007512363601790639,0.03911736607551575,-0.2624908685684204,-0.04411162202836749,0.037977635860443115,-0.18780437111854553,-0.05146115040065524,0.037329286336898804,-0.14585107564926147,-0.04465168853880641,-0.0066608041524887085,-0.17412447929382324,-0.014341459140496227,-0.0017585158348083496,-0.2208433747291565,-0.05349752073766467,0.005420178174972534,-0.1451680064201355,-0.0473813354003596,0.007817625999450684,-0.1149396300315857,-0.030613835431950065,-0.042394980788230896,-0.1548878252506256,-0.022618039973394843,-0.03100229799747467,-0.18676799535751343,-0.04616296803237674,-0.02082526683807373,-0.1322820782661438,-0.03744777431370494,-0.01877942681312561,-0.11039137840270996,-0.023780613668577644
N,0.0,0.0,0.0,0.045499175786972046,-0.03693634271621704,-0.0237972224734051,0.06950145959854126,-0.11849892139434814,-0.03390677744963,0.032605499029159546,-0.18565422296524048,-0.042674341299317575,0.0025519728660583496,-0.22518029808998108,-0.04567195574261973,0.06659719347953796,-0.18470007181167603,-0.00648130575635264,0.07396888732910156,-0.2443082630634308,-0.04107058147408793,0.06667542457580566,-0.18516284227371216,-0.058229708173058725,0.060030847787857056,-0.14008688926696777,-0.06312726164676974,0.02779257297515869,-0.1848994791507721,-0.0077984636320991285,0.03685072064399719,-0.2629746198654175,-0.043500059344552255,0.0365501344203949,-0.18932124972343445,-0.05072999844767878,0.035914480686187744,-0.14736783504486084,-0.044203729429028726,-0.008487030863761902,-0.17377343773841858,-0.015022410140119291,-0.0037089288234710693,-0.22179433703422546,-0.05317296559431384,0.0042886435985565186,-0.14684337377548218,-0.04675319890000651,0.006442934274673462,-0.11557400226593018,-0.030135669805787302,-0.044472917914390564,-0.1534581184387207,-0.023718128972433306,-0.033112168312072754,-0.18705904483795166,-0.0463957349441273,-0.022192031145095825,-0.13323217630386353,-0.037080933400176264,-0.020121097564697266,-0.11020827293395996,-0.023164424174211717
N,0.0,0.0,0.0,0.04552796483039856,-0.036778151988983154,-0.023277100270547635,0.07154223322868347,-0.11711865663528442,-0.032863061970033414,0.03626132011413574,-0.18466857075691223,-0.04089052984670616,0.006053328514099121,-0.22411438822746277,-0.04307497674778915,0.06763753294944763,-0.18130409717559814,-0.007474088670619494,0.07487821578979492,-0.24090972542762756,-0.041639864539661176,0.06628203392028809,-0.18061673641204834,-0.057567257529058224,0.060255974531173706,-0.13745886087417603,-0.06185767436579681,0.02921554446220398,-0.1823819875717163,-0.008881759924747712,0.037862926721572876,-0.2618325650691986,-0.04495668048218704,0.03650689125061035,-0.1877070963382721,-0.0513976776059053,0.03625708818435669,-0.1471191644668579,-0.04425377780751205,-0.007005602121353149,-0.17216888070106506,-0.015989726504244572,-0.0026890933513641357,-0.2185460329055786,-0.0544772894139669,0.0046586692333221436,-0.14282464981079102,-0.04741082722500778,0.006943613290786743,-0.11359620094299316,-0.030320476835527188,-0.043015703558921814,-0.15288716554641724,-0.024431558420815236,-0.03302803635597229,-0.18459102511405945,-0.046768657958068616,-0.022382766008377075,-0.1312047243118286,-0.037041183656015164,-0.020356565713882446,-0.11062753200531006,-0.022970113998212582
N,0.0,0.0,0.0,0.044202834367752075,-0.036202311515808105,-0.02474699269717462,0.0691603422164917,-0.11859637498855591,-0.03454149055963285,0.033484697341918945,-0.1881130337715149,-0.042577042316253255,0.003983169794082642,-0.22872760891914368,-0.04436653021460302,0.06795832514762878,-0.18180835247039795,-0.0067094583783102735,0.07522997260093689,-0.2412245273590088,-0.04195355165487058,0.06714996695518494,-0.17989009618759155,-0.058738350008781026,0.06120729446411133,-0.13665896654129028,-0.06335559401398427,0.02962818741798401,-0.18216687440872192,-0.007661129885519813,0.03859075903892517,-0.2594800591468811,-0.04383724469428785,0.037631213665008545,-0.1839599609375,-0.050175025199706624,0.03763628005981445,-0.14444774389266968,-0.043136189763600896,-0.0067747533321380615,-0.17158544063568115,-0.014842298885042737,-0.0024504363536834717,-0.218372642993927,-0.053721967225129674,0.005043208599090576,-0.14267712831497192,-0.046428552900607656,0.007395029067993164,-0.11439317464828491,-0.029317622144873212,-0.04334169626235962,-0.15222370624542236,-0.023574090634639333,-0.032846733927726746,-0.18438851833343506,-0.04619694415217168,-0.022006988525390625,-0.1300763487815857,-0.036415978406722616,-0.019827470183372498,-0.10880899429321289,-0.022347589095289777
N,0.0,0.0,0.0,0.0445733368396759,-0.03581714630126953,-0.024012520261834425,0.06693315505981445,-0.12144696712493896,-0.03350928361041383,0.031411170959472656,-0.18999391794204712,-0.041163738169501585,0.0005056560039520264,-0.23447003960609436,-0.04260029951555566,0.06698992848396301,-0.1813344955444336,-0.008020847388337415,0.07483357191085815,-0.236659437417984,-0.04340315917951898,0.06635341048240662,-0.17555248737335205,-0.05982652986867265,0.05817371606826782,-0.13419604301452637,-0.06453185463769273,0.029488444328308105,-0.1840130090713501,-0.009582991995642942,0.038218021392822266,-0.25948256254196167,-0.04782716492636041,0.03738871216773987,-0.18291687965393066,-0.05567539046032266,0.03573283553123474,-0.14296954870224,-0.04954241896493272,-0.007100552320480347,-0.17364513874053955,-0.016863753371666235,-0.003366619348526001,-0.2161264717578888,-0.05709802667124109,0.0063021183013916016,-0.1392386555671692,-0.05068835923893289,0.008992224931716919,-0.1114269495010376,-0.0340732031546338,-0.04334147274494171,-0.15425753593444824,-0.025425917752812666,-0.03382715582847595,-0.17970412969589233,-0.04923933679683046,-0.02102656662464142,-0.12544065713882446,-0.040352481701205534,-0.018480122089385986,-0.10821866989135742,-0.026970929750035566
N,0.0,0.0,0.0,0.043569326400756836,-0.036268532276153564,-0.02411854337097452,0.06692498922348022,-0.12035566568374634,-0.033528749599469165,0.03114941716194153,-0.18806719779968262,-0.04114878247619913,0.0027748048305511475,-0.2305006980895996,-0.042553548469555835,0.06501713395118713,-0.18278110027313232,-0.007023195038897256,0.0750378966331482,-0.24030673503875732,-0.04153651069046305,0.06668832898139954,-0.17844706773757935,-0.05768822576047228,0.05900892615318298,-0.1352587342262268,-0.061960109277976017,0.027585327625274658,-0.18436336517333984,-0.007910107030880908,0.03877061605453491,-0.2599429488182068,-0.043846693589699726,0.037676483392715454,-0.18404054641723633,-0.0503380380118017,0.036586612462997437,-0.14461749792099,-0.04333565081597612,-0.008553355932235718,-0.17450672388076782,-0.014763746179056625,-0.0031855404376983643,-0.21753525733947754,-0.05272638495208071,0.005046755075454712,-0.1416805386543274,-0.04598960350395487,0.0072519779205322266,-0.1141211986541748,-0.029407792493117313,-0.04499727487564087,-0.15598905086517334,-0.02305711875797556,-0.03426298499107361,-0.18365353345870972,-0.04486725921870516,-0.022719785571098328,-0.13051748275756836,-0.035492897733462314,-0.02035859227180481,-0.11231642961502075,-0.021879750072372417
N,0.0,0.0,0.0,0.0443272590637207,-0.037046849727630615,-0.024966963152394328,0.06693696975708008,-0.12151730060577393,-0.035047263423905406,0.02989041805267334,-0.1877955198287964,-0.04331385395954612,0.00023728609085083008,-0.22950375080108643,-0.045536183337674174,0.06275621056556702,-0.1836826205253601,-0.00767117045353416,0.07506448030471802,-0.2404436469078064,-0.04268050245474342,0.06801283359527588,-0.17824292182922363,-0.059540600101456675,0.05950912833213806,-0.13411253690719604,-0.06416628561447624,0.025983065366744995,-0.18511980772018433,-0.008391958246932063,0.0393979549407959,-0.2603452205657959,-0.04441038943360809,0.038869887590408325,-0.18412518501281738,-0.051347334454760585,0.03654316067695618,-0.14342588186264038,-0.044635888705954585,-0.010156840085983276,-0.17533183097839355,-0.015239591295824084,-0.002426654100418091,-0.21803009510040283,-0.05346649936865333,0.005647629499435425,-0.14249074459075928,-0.04739727876614097,0.006360888481140137,-0.11430573463439941,-0.031177977616891894,-0.046943336725234985,-0.15693479776382446,-0.023549818019375834,-0.03397306799888611,-0.18489313125610352,-0.04540142841170791,-0.02275899052619934,-0.13172054290771484,-0.03611892885993484,-0.02200157940387726,-0.11282342672348022,-0.022653857762918506
N,0.0,0.0,0.0,0.043720632791519165,-0.03684115409851074,-0.025173768943687946,0.06622537970542908,-0.12215965986251831,-0.03450767563893464,0.02909204363822937,-0.18735510110855103,-0.04182829948379663,-0.0009340643882751465,-0.2282276749610901,-0.04297621788694528,0.06374382972717285,-0.1849094033241272,-0.0066484749154653855,0.07495319843292236,-0.2403334379196167,-0.041176247021695644,0.06777128577232361,-0.17833983898162842,-0.05776763947918084,0.059940993785858154,-0.13404136896133423,-0.06228576841070321,0.02649444341659546,-0.18659168481826782,-0.007274188643833668,0.03953665494918823,-0.2614133059978485,-0.04273925962164071,0.038972944021224976,-0.18531811237335205,-0.04937765615298417,0.037253111600875854,-0.1451546549797058,-0.04238380732252267,-0.009781956672668457,-0.17684108018875122,-0.01417403908683923,-0.0031175613403320312,-0.21850931644439697,-0.05208673568679956,0.005690813064575195,-0.14392322301864624,-0.046275469085713894,0.007376313209533691,-0.11748147010803223,-0.03028838390721944,-0.0462777316570282,-0.1579495072364807,-0.02261759953810838,-0.03433920443058014,-0.185571551322937,-0.04443265738203195,-0.022572755813598633,-0.13249289989471436,-0.035304060748359234,-0.02122598886489868,-0.11407732963562012,-0.021984557232400448
N,0.0,0.0,0.0,0.04404091835021973,-0.037551045417785645,-0.02422860816423622,0.06708550453186035,-0.1204109787940979,-0.03410807244782177,0.0311223566532135,-0.1858026385307312,-0.04218659915332523,0.0014564692974090576,-0.22691702842712402,-0.04433911659126011,0.06234085559844971,-0.18374115228652954,-0.008530673499450359,0.07400107383728027,-0.24058020114898682,-0.04308469958905903,0.06806418299674988,-0.17934918403625488,-0.05940268554095951,0.060237109661102295,-0.13506674766540527,-0.06381221108441082,0.02471446990966797,-0.18510150909423828,-0.009608580659374866,0.03781825304031372,-0.2598784565925598,-0.04477841772441593,0.03816211223602295,-0.18432730436325073,-0.051033805984303626,0.03599858283996582,-0.14481961727142334,-0.04421316825155941,-0.011518150568008423,-0.1752212643623352,-0.01669004179839817,-0.003677576780319214,-0.2163364291191101,-0.05461348958615986,0.005286961793899536,-0.14220869541168213,-0.04878824197058407,0.00632360577583313,-0.11617684364318848,-0.03302156545524326,-0.047432929277420044,-0.1562589406967163,-0.025149736481949958,-0.03437542915344238,-0.18463504314422607,-0.047083936560198936,-0.022536545991897583,-0.1318202018737793,-0.03804776065354076,-0.02181316912174225,-0.11290770769119263,-0.02493760727648464
N,0.0,0.0,0.0,0.044312864542007446,-0.036485135555267334,-0.025081156445992292,0.06765437126159668,-0.11954575777053833,-0.03500476728225976,0.031316787004470825,-0.18361830711364746,-0.04290263230944902,0.0017283856868743896,-0.22461676597595215,-0.04494313399339944,0.061885565519332886,-0.18514549732208252,-0.00829412105525762,0.07252198457717896,-0.24020111560821533,-0.042431435240757764,0.06814426183700562,-0.1793433427810669,-0.058963606758368314,0.06105613708496094,-0.13484781980514526,-0.0636643009915474,0.02394816279411316,-0.18579310178756714,-0.00877611680920154,0.03628113865852356,-0.2573390007019043,-0.04363054285789758,0.03782394528388977,-0.18186616897583008,-0.05034517000461847,0.035939186811447144,-0.14250510931015015,-0.04397570217992097,-0.012329310178756714,-0.1754453182220459,-0.015375816887569727,-0.004237741231918335,-0.21534210443496704,-0.05322166035915643,0.005688518285751343,-0.14239025115966797,-0.048245417578471006,0.006865054368972778,-0.11667138338088989,-0.03316558028603822,-0.04830449819564819,-0.156183660030365,-0.023410238949907125,-0.03443002700805664,-0.1828305721282959,-0.0459815586640957,-0.02145010232925415,-0.13041436672210693,-0.037831469131958784,-0.01998928189277649,-0.11182379722595215,-0.025276775164854826
N,0.0,0.0,0.0,0.043003231287002563,-0.03632688522338867,-0.026640316807743147,0.06394079327583313,-0.12290209531784058,-0.03685066323828323,0.026031911373138428,-0.18855923414230347,-0.044722130858417586,-0.0034658610820770264,-0.23242318630218506,-0.04640433784675224,0.05981779098510742,-0.18359291553497314,-0.00846247874301298,0.07043245434761047,-0.23988187313079834,-0.04409932192515953,0.06674224138259888,-0.178422212600708,-0.0610192030305825,0.059240758419036865,-0.13347256183624268,-0.06548114340853317,0.021882086992263794,-0.18401718139648438,-0.008214312010522917,0.03490781784057617,-0.25730443000793457,-0.04481479372930153,0.03646692633628845,-0.18094438314437866,-0.051841399037357405,0.034135520458221436,-0.14042556285858154,-0.0449282176430188,-0.014562532305717468,-0.173955500125885,-0.014437238090749815,-0.006135463714599609,-0.2132517695426941,-0.053885931485410765,0.004203349351882935,-0.13978689908981323,-0.049095595591779784,0.005618959665298462,-0.11401510238647461,-0.033390013837333754,-0.050313740968704224,-0.15555346012115479,-0.022160480135198668,-0.03599007427692413,-0.17978888750076294,-0.045795912259336546,-0.022128909826278687,-0.1271352767944336,-0.03822637941789253,-0.0198022723197937,-0.10940980911254883,-0.02566755410384758
N,0.0,0.0,0.0,0.04136228561401367,-0.036527931690216064,-0.025685246606940382,0.062418133020401,-0.12148392200469971,-0.03538032392191326,0.028594523668289185,-0.1860848069190979,-0.04290120447205936,-0.0010546445846557617,-0.22895938158035278,-0.04425343642162716,0.06131032109260559,-0.18168312311172485,-0.008340061215335481,0.0695493221282959,-0.2402603030204773,-0.04332094410585796,0.0654628574848175,-0.1781628131866455,-0.05973198780941402,0.05825266242027283,-0.1327710747718811,-0.06372255603002941,0.023293018341064453,-0.18167144060134888,-0.008386244570488088,0.0326237678527832,-0.2559617757797241,-0.0446665375881139,0.035307496786117554,-0.17995142936706543,-0.051231530999416464,0.035184651613235474,-0.13872534036636353,-0.0439065038614217,-0.013428911566734314,-0.1707838773727417,-0.014616401439184301,-0.0070844292640686035,-0.2137487530708313,-0.05300342062639629,0.0041182637214660645,-0.1418406367301941,-0.04685878152179157,0.006944507360458374,-0.1146402359008789,-0.030372464602464788,-0.04973030090332031,-0.15263545513153076,-0.022386049424881094,-0.03615400195121765,-0.18032759428024292,-0.04527895668672954,-0.022267401218414307,-0.12894946336746216,-0.036662118082517736,-0.019666507840156555,-0.10984766483306885,-0.023186945860857122
N,0.0,0.0,0.0,0.041889041662216187,-0.03651648759841919,-0.02602241919285575,0.06397387385368347,-0.11954522132873535,-0.036671636485522185,0.028826743364334106,-0.18437927961349487,-0.04501097076482097,-0.0011688768863677979,-0.22721925377845764,-0.047066872798865234,0.06241387128829956,-0.1800452470779419,-0.010026844077771102,0.06989708542823792,-0.23705634474754333,-0.045785227649872695,0.06483808159828186,-0.1749780774116516,-0.06230596252626697,0.05814337730407715,-0.1304343342781067,-0.06648738854474345,0.024090945720672607,-0.18000143766403198,-0.010240643144612704,0.03315356373786926,-0.25377562642097473,-0.04779935427851001,0.03509613871574402,-0.17743420600891113,-0.054587123774950896,0.03502073884010315,-0.1366257667541504,-0.047419296436970626,-0.012429147958755493,-0.16931593418121338,-0.016558369481032287,-0.00726240873336792,-0.21212995052337646,-0.055864008002942,0.003205418586730957,-0.13908571004867554,-0.04918012567705432,0.006224840879440308,-0.11195635795593262,-0.03235351466483394,-0.04845470190048218,-0.15123331546783447,-0.024444721498554145,-0.03621436655521393,-0.1775606870651245,-0.047933274739449416,-0.02271200716495514,-0.1253916621208191,-0.03929656916207591,-0.019821733236312866,-0.10727763175964355,-0.025835383542840873
N,0.0,0.0,0.0,0.041902899742126465,-0.03427249193191528,-0.025180842139178594,0.06551077961921692,-0.11731356382369995,-0.03540067688410886,0.031965792179107666,-0.18332409858703613,-0.043516288854533514,0.0021387338638305664,-0.2266024947166443,-0.04546419844811567,0.06414887309074402,-0.1778174638748169,-0.009392691187912305,0.07188576459884644,-0.2360527515411377,-0.044624413706713995,0.06658011674880981,-0.17452341318130493,-0.060663096018487295,0.059596359729766846,-0.1298845410346985,-0.06442515120690473,0.025930345058441162,-0.17806947231292725,-0.00983590108191379,0.03504016995429993,-0.2524564564228058,-0.046887434430772146,0.03643772006034851,-0.17746824026107788,-0.053517795510941824,0.03593119978904724,-0.1368280053138733,-0.04629089624469884,-0.010633185505867004,-0.16761308908462524,-0.016186296351605733,-0.004712969064712524,-0.21166843175888062,-0.055316682316714605,0.004989296197891235,-0.13819003105163574,-0.04828709305112966,0.007556825876235962,-0.10993105173110962,-0.031141511507684072,-0.04691872000694275,-0.15005087852478027,-0.02397409767692693,-0.03340362012386322,-0.17738264799118042,-0.04744550899451383,-0.02073030173778534,-0.12472623586654663,-0.038416217424327215,-0.018483921885490417,-0.10567349195480347,-0.024541274987512907
N,0.0,0.0,0.0,0.042349040508270264,-0.03534978628158569,-0.02386831429856784,0.0661260187625885,-0.11778771877288818,-0.033469907316145964,0.03454852104187012,-0.18334192037582397,-0.041226725402054853,0.00536954402923584,-0.2256484031677246,-0.04287323293345935,0.06619402766227722,-0.1779094934463501,-0.007793151150224276,0.07350760698318481,-0.2354114055633545,-0.04232846883195407,0.06756314635276794,-0.17396944761276245,-0.05804534194129474,0.060641855001449585,-0.1312347650527954,-0.061747323098359175,0.027917802333831787,-0.17846637964248657,-0.008772936026332445,0.03662598133087158,-0.2531720697879791,-0.044844026985344954,0.03759923577308655,-0.17939406633377075,-0.051189187290844984,0.036556750535964966,-0.1407586932182312,-0.044065847369608946,-0.008835524320602417,-0.16810452938079834,-0.015533239888725348,-0.0032410025596618652,-0.21287652850151062,-0.05405541074532039,0.006161540746688843,-0.13958525657653809,-0.046797289821086,0.008256465196609497,-0.11207365989685059,-0.029678994166431494,-0.04524962604045868,-0.15017461776733398,-0.023637217777547903,-0.032337337732315063,-0.1791592836380005,-0.04660809722798831,-0.01952897012233734,-0.12686681747436523,-0.03715870839613444,-0.01723495125770569,-0.10762345790863037,-0.023045094060478277
N,0.0,0.0,0.0,0.043784648180007935,-0.03446084260940552,-0.02368255076873993,0.06853225827217102,-0.11531615257263184,-0.03331221757400726,0.03738683462142944,-0.18228158354759216,-0.04107112927306389,0.009074181318283081,-0.22370803356170654,-0.04251136375535225,0.06753522157669067,-0.17797330021858215,-0.0068355433264741805,0.07475781440734863,-0.2374412715435028,-0.041166664342767945,0.06875437498092651,-0.17571038007736206,-0.05647796882260536,0.062148481607437134,-0.1336613893508911,-0.05992019293773865,0.029528707265853882,-0.17864477634429932,-0.007884827684051743,0.03846842050552368,-0.25348466634750366,-0.04373429087866043,0.03925591707229614,-0.17911654710769653,-0.049927172492630234,0.03796577453613281,-0.1423945426940918,-0.04274235783088898,-0.007275998592376709,-0.16836261749267578,-0.014777601006812802,-0.0016198158264160156,-0.21215158700942993,-0.05372555671203827,0.00703701376914978,-0.13830077648162842,-0.046507698725349655,0.008598864078521729,-0.11230850219726562,-0.029299100171215287,-0.04389218986034393,-0.15014880895614624,-0.02293513646293377,-0.03138880431652069,-0.1794889271259308,-0.04628255708087181,-0.01862671971321106,-0.12631165981292725,-0.03678624449241852,-0.01622043550014496,-0.10715913772583008,-0.022527658622152558
N,0.0,0.0,0.0,0.04587969183921814,-0.0318567156791687,-0.02479802154942945,0.07225140929222107,-0.1141248345375061,-0.03386396811350778,0.03873589634895325,-0.18252891302108765,-0.040727022001590285,0.007988214492797852,-0.22242838144302368,-0.04109968141659692,0.06904232501983643,-0.1784801483154297,-0.005463029621239457,0.0773945152759552,-0.23843169212341309,-0.03939448566183046,0.07086890935897827,-0.17668035626411438,-0.05473652006133989,0.0638730525970459,-0.1348300576210022,-0.05823175505742029,0.031163007020950317,-0.18045392632484436,-0.006080435952242169,0.04130131006240845,-0.2558898329734802,-0.04089734599932626,0.041177958250045776,-0.1817357838153839,-0.04706137151464418,0.03908872604370117,-0.1452411413192749,-0.03976241768344835,-0.0057052671909332275,-0.17040139436721802,-0.012821850264515433,0.0006424784660339355,-0.2136477828025818,-0.051651294240798507,0.00878077745437622,-0.13867229223251343,-0.0448441867624183,0.009581446647644043,-0.11298888921737671,-0.027662251973595176,-0.04232080280780792,-0.15126043558120728,-0.020884751239862,-0.030105262994766235,-0.18100684881210327,-0.04407219485386804,-0.017566919326782227,-0.12713170051574707,-0.03433706880554155,-0.015694350004196167,-0.10794848203659058,-0.019803223097767386
N,0.0,0.0,0.0,0.04652068018913269,-0.034448862075805664,-0.025226559438181084,0.0708199143409729,-0.11578935384750366,-0.03526043700463788,0.037415921688079834,-0.18304315209388733,-0.04324705334789769,0.005839645862579346,-0.2225182056427002,-0.044835673593354386,0.07055020332336426,-0.18136653304100037,-0.005997255858403605,0.07835793495178223,-0.2406330108642578,-0.04029125156290547,0.07181474566459656,-0.17892321944236755,-0.056670827739310425,0.06458395719528198,-0.13673830032348633,-0.06094540464169995,0.03193092346191406,-0.18322104215621948,-0.006600823667270106,0.04111936688423157,-0.25882378220558167,-0.04148020776398198,0.040926843881607056,-0.18470200896263123,-0.04833308043367879,0.038786619901657104,-0.1477084457874298,-0.04168828757889287,-0.005324989557266235,-0.17300322651863098,-0.013289806381237668,4.51207160949707e-05,-0.21805310249328613,-0.051866026543450516,0.008363693952560425,-0.14364901185035706,-0.04534125509150044,0.009209394454956055,-0.11672049760818481,-0.028521973587942284,-0.04215860366821289,-0.1532210409641266,-0.02141603822298066,-0.030373871326446533,-0.18449929356575012,-0.04479363369233624,-0.017530277371406555,-0.1310638189315796,-0.03515475424416081,-0.01525290310382843,-0.11038267612457275,-0.020627850614857834
N,0.0,0.0,0.0,0.048163533210754395,-0.03455299139022827,-0.024442101041927344,0.0727459192276001,-0.11537262797355652,-0.033979304279341704,0.03865307569503784,-0.1832103133201599,-0.0416726508691454,0.006589710712432861,-0.22140413522720337,-0.04321657880689145,0.07297787070274353,-0.17995238304138184,-0.004763937234088189,0.08111345767974854,-0.23943424224853516,-0.03838348403121472,0.07422032952308655,-0.17940658330917358,-0.054881666000142104,0.0669766366481781,-0.1368664801120758,-0.05953146159197331,0.0346052348613739,-0.1826891303062439,-0.005705744638248689,0.0437961220741272,-0.25893205404281616,-0.04043168216492177,0.043026357889175415,-0.18587267398834229,-0.047725170995249755,0.04105427861213684,-0.14729830622673035,-0.04137573778177739,-0.002666458487510681,-0.17316600680351257,-0.012639998602821834,0.001963019371032715,-0.2189415693283081,-0.050987936700835235,0.009558498859405518,-0.14523100852966309,-0.04470577850486279,0.01059839129447937,-0.11745387315750122,-0.02807881325031758,-0.039898112416267395,-0.1539618968963623,-0.020975547055854804,-0.028425127267837524,-0.18580323457717896,-0.044418297852530486,-0.016675308346748352,-0.1320255696773529,-0.034988880301966674,-0.01451420783996582,-0.11105239391326904,-0.02067009001518727
N,0.0,0.0,0.0,0.04831336438655853,-0.033446311950683594,-0.02414301681545794,0.0744839459657669,-0.11447125673294067,-0.03353339704898417,0.041564151644706726,-0.18384867906570435,-0.04118127647069514,0.009174153208732605,-0.22155052423477173,-0.04252597960856974,0.07389111816883087,-0.17854371666908264,-0.004809799988095165,0.08229117095470428,-0.23923972249031067,-0.038626699626718164,0.07452036440372467,-0.17855674028396606,-0.05475754562047541,0.06754781305789948,-0.13641053438186646,-0.059046539396319986,0.03545914590358734,-0.18142521381378174,-0.006002596497808099,0.045151785016059875,-0.25859689712524414,-0.04107145118740618,0.04367046058177948,-0.18493226170539856,-0.0479809743466717,0.04188947379589081,-0.14709824323654175,-0.041203691542420984,-0.001818627119064331,-0.17230725288391113,-0.013160947628591657,0.0031291693449020386,-0.21920627355575562,-0.05200825530317843,0.010020747780799866,-0.1440441906452179,-0.04514926570681155,0.01107420027256012,-0.11572468280792236,-0.027869227260623575,-0.039094433188438416,-0.15377825498580933,-0.021696395159040094,-0.027357712388038635,-0.18623459339141846,-0.045252575457368494,-0.01601184904575348,-0.1320481300354004,-0.03540534424809039,-0.013915061950683594,-0.110293447971344,-0.02061823654202044
N,0.0,0.0,0.0,0.049251705408096313,-0.03531712293624878,-0.024030498649551646,0.07478630542755127,-0.11632844805717468,-0.033732544120027796,0.04337000846862793,-0.18604308366775513,-0.04184032553024508,0.011599481105804443,-0.22472184896469116,-0.043744250621273295,0.07428643107414246,-0.17897626757621765,-0.005066174968703763,0.08366960287094116,-0.2402660846710205,-0.039291496809198634,0.0752297043800354,-0.18066680431365967,-0.05586216920204379,0.06759536266326904,-0.13810831308364868,-0.0603157761055968,0.035794615745544434,-0.18202611804008484,-0.006345967717095391,0.046341121196746826,-0.2603730857372284,-0.04185888865180232,0.04404130578041077,-0.18836238980293274,-0.04928298988528468,0.04170668125152588,-0.14965856075286865,-0.04275881447978236,-0.0015629231929779053,-0.173222154378891,-0.013525939967109935,0.004117727279663086,-0.22115594148635864,-0.05254688435383059,0.010426998138427734,-0.14623281359672546,-0.04599510827250697,0.011433213949203491,-0.11643433570861816,-0.02876827069707133,-0.03859773278236389,-0.1546488106250763,-0.02209318378157832,-0.026219293475151062,-0.18766173720359802,-0.04587725126333453,-0.015148073434829712,-0.13386192917823792,-0.0362945529181502,-0.013057902455329895,-0.11126977205276489,-0.021570182825996653
N,0.0,0.0,0.0,0.049842387437820435,-0.033574312925338745,-0.02095786944903466,0.0782548189163208,-0.11679738759994507,-0.0276062460330877,0.05035915970802307,-0.1871584951877594,-0.03360164069511029,0.019320935010910034,-0.22678357362747192,-0.03368640595056149,0.07904225587844849,-0.17844119668006897,3.0065906116760743e-05,0.08373704552650452,-0.2380218207836151,-0.03273024686552617,0.07363593578338623,-0.18006783723831177,-0.04849695318318936,0.06712105870246887,-0.13970288634300232,-0.05223168709255788,0.040139079093933105,-0.18202802538871765,-0.0017633804533261355,0.04748493432998657,-0.2587558627128601,-0.036378684425130814,0.04398268461227417,-0.18638604879379272,-0.04302653574325177,0.04259192943572998,-0.1490330696105957,-0.03560278841234776,0.003301963210105896,-0.17354115843772888,-0.009304400504902333,0.0041364580392837524,-0.22256511449813843,-0.047157126450315445,0.00997111201286316,-0.14606082439422607,-0.03901284092046353,0.012622147798538208,-0.1164904236793518,-0.020574114256874054,-0.033339112997055054,-0.15650177001953125,-0.018092979648486107,-0.024642214179039,-0.1922304630279541,-0.04015367754675481,-0.016153424978256226,-0.13738569617271423,-0.02898164370037648,-0.013957694172859192,-0.11439472436904907,-0.013063178369179695
N,0.0,0.0,0.0,0.052073657512664795,-0.034572869539260864,-0.02324994966909344,0.08038857579231262,-0.1145387589931488,-0.0320923955790704,0.04932039976119995,-0.18378686904907227,-0.039547412996739695,0.017023026943206787,-0.22103628516197205,-0.041038002227992365,0.07814377546310425,-0.17624127864837646,-0.0046683432213967535,0.08818244934082031,-0.23826295137405396,-0.03686034620329792,0.07581266760826111,-0.1802205741405487,-0.05213173792287762,0.06790950894355774,-0.13871195912361145,-0.056180871432275126,0.03876349329948425,-0.17992255091667175,-0.005872412925214121,0.04942569136619568,-0.2585260272026062,-0.040527194147557566,0.04471045732498169,-0.1877371370792389,-0.04742294490858967,0.04316204786300659,-0.14806723594665527,-0.04055595711395199,0.0012149214744567871,-0.17214065790176392,-0.012680102480203459,0.006506979465484619,-0.22298318147659302,-0.051090277140588114,0.01164957880973816,-0.14747321605682373,-0.044386844491214106,0.013700991868972778,-0.11452198028564453,-0.027045232584328005,-0.035789087414741516,-0.15491953492164612,-0.020846502264589617,-0.023289069533348083,-0.18845286965370178,-0.04503308177515919,-0.013664275407791138,-0.13383343815803528,-0.03596702904030735,-0.011150866746902466,-0.10876119136810303,-0.021431579595059702
N,0.0,0.0,0.0,0.05017980933189392,-0.032901883125305176,-0.024179519478593647,0.07924041152000427,-0.11615324020385742,-0.03253317004850942,0.04923611879348755,-0.18706676363945007,-0.039433398608480275,0.018027514219284058,-0.2273382544517517,-0.039935221288715184,0.07831725478172302,-0.17805862426757812,-0.0034468999117507337,0.08764389157295227,-0.24192364513874054,-0.03766082352808553,0.0754641592502594,-0.18255111575126648,-0.05328967547825414,0.06760773062705994,-0.14108595252037048,-0.05693951002172071,0.03948494791984558,-0.1807534098625183,-0.00423810477218467,0.04971426725387573,-0.2590804994106293,-0.041376305137191594,0.045035868883132935,-0.1860005259513855,-0.04843280962518293,0.043888092041015625,-0.14766693115234375,-0.040725236151729405,0.002460390329360962,-0.17308011651039124,-0.01119401617756921,0.006490170955657959,-0.223348468542099,-0.051932522420202076,0.01105007529258728,-0.1452210545539856,-0.04494119561127263,0.013888627290725708,-0.11432504653930664,-0.026576754961524784,-0.03411544859409332,-0.15698972344398499,-0.01957354075125295,-0.023997768759727478,-0.18857848644256592,-0.04481961331180173,-0.014967277646064758,-0.13237664103507996,-0.03591673946789342,-0.011535093188285828,-0.10989111661911011,-0.02110946862808305
N,0.0,0.0,0.0,0.05226777493953705,-0.03660005331039429,-0.022642889704258096,0.07960478961467743,-0.11876848340034485,-0.030881184797436845,0.04785658419132233,-0.19015175104141235,-0.038158200394065034,0.01633499562740326,-0.23073133826255798,-0.03958517284289087,0.0774288922548294,-0.1759330928325653,-0.002782080268190157,0.08733086287975311,-0.2412717640399933,-0.03677648277178491,0.07483576238155365,-0.18349802494049072,-0.0528137382973739,0.0668916255235672,-0.140321284532547,-0.056797560017258775,0.03904910385608673,-0.1783776581287384,-0.004110745798499238,0.04917968809604645,-0.2577337622642517,-0.040716662715823304,0.04415525496006012,-0.18657231330871582,-0.04826555372372354,0.0429299920797348,-0.14607912302017212,-0.041331156801135194,0.0022990554571151733,-0.17134064435958862,-0.011414269629568707,0.005677387118339539,-0.22375968098640442,-0.051680151086003434,0.010117307305335999,-0.1467742621898651,-0.045069873045832765,0.012858644127845764,-0.1133154034614563,-0.027191783945710313,-0.03455565869808197,-0.15585920214653015,-0.01996181690290655,-0.025059759616851807,-0.19223284721374512,-0.044933411936909806,-0.016348063945770264,-0.1362554430961609,-0.03594555677071298,-0.013068705797195435,-0.11067888140678406,-0.02124568418756212
N,0.0,0.0,0.0,0.05225783586502075,-0.03598594665527344,-0.021899300425417323,0.07933494448661804,-0.11941990256309509,-0.02970657384312858,0.04609119892120361,-0.19087913632392883,-0.03664453586853256,0.014764010906219482,-0.23124432563781738,-0.03787565117991676,0.07646453380584717,-0.17703869938850403,-0.0022968326537977646,0.08661308884620667,-0.24108272790908813,-0.03594039639747848,0.07463902235031128,-0.1836167573928833,-0.051914765297539134,0.06664013862609863,-0.13937515020370483,-0.05591379365242233,0.037937283515930176,-0.17894259095191956,-0.0038419093779396007,0.047956496477127075,-0.25777295231819153,-0.040229971318609614,0.04331013560295105,-0.1866423785686493,-0.048019434123403926,0.04237675666809082,-0.14512881636619568,-0.041405352561838527,0.0011081397533416748,-0.17138329148292542,-0.011237768254346747,0.004672199487686157,-0.2244672030210495,-0.051202419011957545,0.00961238145828247,-0.14771562814712524,-0.04501721522129287,0.012708783149719238,-0.11343684792518616,-0.02761808110690822,-0.03592018783092499,-0.1555933952331543,-0.019785427286393542,-0.02644258737564087,-0.19197922945022583,-0.04477940386450996,-0.016987860202789307,-0.13629361987113953,-0.03629658630407562,-0.013001933693885803,-0.11055874824523926,-0.022090085580117602
N,0.0,0.0,0.0,0.05156838893890381,-0.033368825912475586,-0.02749192413469359,0.07956647872924805,-0.11756548285484314,-0.03571803939124152,0.04773023724555969,-0.18815377354621887,-0.04135458615203902,0.014808714389801025,-0.22899475693702698,-0.04137330201049849,0.07989469170570374,-0.1791803538799286,-0.005512831514380423,0.08567559719085693,-0.23893025517463684,-0.0386758602835755,0.07394805550575256,-0.18442177772521973,-0.0553052767791371,0.06740906834602356,-0.14202454686164856,-0.0600684553064923,0.040854692459106445,-0.1830347180366516,-0.0038679801073442377,0.04877927899360657,-0.26021072268486023,-0.040319659528933016,0.04355397820472717,-0.193327397108078,-0.049487770316801516,0.04393160343170166,-0.15157505869865417,-0.04348394346018836,0.0032302141189575195,-0.17440930008888245,-0.008141320911846606,0.005416214466094971,-0.22365796566009521,-0.04832143035312697,0.00960192084312439,-0.14897426962852478,-0.043229103801451174,0.013392329216003418,-0.11453935503959656,-0.026216939804754702,-0.03432163596153259,-0.15604662895202637,-0.014020403628848044,-0.024005025625228882,-0.18862614035606384,-0.0404989279486756,-0.01655253767967224,-0.13401660323143005,-0.03280101042767569,-0.014266356825828552,-0.108878493309021,-0.018546585706673113
N,0.0,0.0,0.0,0.0459500253200531,-0.03871721029281616,-0.02815944082533406,0.06376060843467712,-0.12857770919799805,-0.038368140677562224,0.02359411120414734,-0.1899375021457672,-0.045652051786532866,-0.009033650159835815,-0.23024126887321472,-0.047110480586638914,0.056216806173324585,-0.18665805459022522,-0.010720523404529558,0.06599941849708557,-0.2415522038936615,-0.045747042963853346,0.060712993144989014,-0.17989543080329895,-0.06297477088367032,0.05357632040977478,-0.13171005249023438,-0.067706239740005,0.017730802297592163,-0.18538355827331543,-0.009521580631485449,0.028539687395095825,-0.2626291811466217,-0.04661683491860913,0.030972927808761597,-0.1888178288936615,-0.05486047021543072,0.02939721941947937,-0.14028716087341309,-0.04833087823783444,-0.019232094287872314,-0.1726170778274536,-0.014300396996191012,-0.015203684568405151,-0.22430190443992615,-0.05327036730443524,-0.0025457143783569336,-0.14854639768600464,-0.04687079913412617,-0.0005315840244293213,-0.11175984144210815,-0.02975402712320374,-0.0560573935508728,-0.14933913946151733,-0.020773009727349745,-0.043063610792160034,-0.18483799695968628,-0.04568016282712506,-0.029367536306381226,-0.13168150186538696,-0.037055665026059614,-0.029384955763816833,-0.10741448402404785,-0.02299520872031735
N,0.0,0.0,0.0,0.03370921313762665,-0.011354207992553711,-0.0008855531841618358,0.054347649216651917,-0.04127576947212219,-0.003661467569145316,0.05636496841907501,-0.06588217616081238,-0.008162335135239118,0.04803450405597687,-0.07831767201423645,-0.012168036416369432,0.05769394338130951,-0.08859685063362122,-0.008677869677740091,0.08300556242465973,-0.09739208221435547,-0.024024478733736032,0.08227415382862091,-0.04029703140258789,-0.03325460256655788,0.07736171782016754,0.012077629566192627,-0.03713534922917461,0.03509308397769928,-0.08962416648864746,-0.01427283288558101,0.0594569593667984,-0.104342520236969,-0.028168080017167085,0.06142215430736542,-0.0422343909740448,-0.030627168357568735,0.06216944754123688,0.006063640117645264,-0.030558278426724428,0.013142123818397522,-0.07912033796310425,-0.02075217814763164,0.03328193724155426,-0.07802239060401917,-0.03398717345316982,0.038618192076683044,-0.02312380075454712,-0.028442887231904024,0.042321547865867615,0.015164613723754883,-0.0230236552806673,-0.00498315691947937,-0.05733990669250488,-0.02689604425449943,0.011593937873840332,-0.049809932708740234,-0.032284656182127947,0.018177390098571777,-0.01587623357772827,-0.022913818821507448,0.022488325834274292,0.009517192840576172,-0.015265118904608244
N,0.0,0.0,0.0,0.048692137002944946,-0.04488879442214966,-0.023786628692533895,0.06667134165763855,-0.13332396745681763,-0.03391594260850184,0.02758154273033142,-0.19825813174247742,-0.042796125709202215,-0.005722135305404663,-0.2389567494392395,-0.0459833052746319,0.061642199754714966,-0.19136017560958862,-0.00491449803033106,0.07304713129997253,-0.25075334310531616,-0.039958788155701086,0.06756576895713806,-0.18852320313453674,-0.05816067576327555,0.05963161587715149,-0.14026623964309692,-0.06368644729175799,0.02243092656135559,-0.18977072834968567,-0.006556890512939617,0.03333014249801636,-0.26995110511779785,-0.0427373071006798,0.03671577572822571,-0.19504892826080322,-0.05143629580655329,0.03561145067214966,-0.1496087908744812,-0.04617676332512133,-0.014847725629806519,-0.17690348625183105,-0.013998292460229322,-0.009190917015075684,-0.23637449741363525,-0.05210869207897417,0.0032871365547180176,-0.1593707799911499,-0.04436481565156214,0.0046516358852386475,-0.12271463871002197,-0.026966536491300985,-0.052279382944107056,-0.1547895073890686,-0.022948583661701605,-0.03827175498008728,-0.19664543867111206,-0.046471314578440115,-0.024223387241363525,-0.14271283149719238,-0.03610908806243174,-0.02412937581539154,-0.11717480421066284,-0.021230854167725965
N,0.0,0.0,0.0,0.023260176181793213,-0.0072991251945495605,-0.02749187107147577,0.04620903730392456,-0.016140133142471313,-0.05558701771261099,0.05406409502029419,-0.008902490139007568,-0.0820510590350807,0.05535051226615906,-0.008960843086242676,-0.10455679687621,0.06797444820404053,-0.08517876267433167,-0.06021334770085218,0.08206963539123535,-0.09923183917999268,-0.10667674037577513,0.0847429633140564,-0.0468006432056427,-0.12865345719220045,0.08230426907539368,-0.01621261239051819,-0.13855031671883467,0.028207719326019287,-0.08917036652565002,-0.06611516865851286,0.038516491651535034,-0.1013517677783966,-0.11957196685435179,0.04478418827056885,-0.036839455366134644,-0.13154052737118604,0.0466761589050293,-0.009513497352600098,-0.13155218007923963,-0.00790916383266449,-0.07140052318572998,-0.07481050285460356,0.000333249568939209,-0.04958021640777588,-0.1180317679321945,0.014360159635543823,0.004049897193908691,-0.10933204534413221,0.019124150276184082,0.02245473861694336,-0.09562204572321775,-0.03579847514629364,-0.040755391120910645,-0.08590747955204847,-0.02308349311351776,-0.007809102535247803,-0.11252034249665144,-0.005128383636474609,0.030381083488464355,-0.10675302687050703,0.004671603441238403,0.038914382457733154,-0.09796144607426527
N,0.0,0.0,0.0,0.04903388023376465,-0.04590672254562378,-0.024363169246271354,0.06762385368347168,-0.13329249620437622,-0.03572999293442081,0.027880072593688965,-0.2002444863319397,-0.045677829333499176,-0.005508840084075928,-0.24176692962646484,-0.0498184783243687,0.06358718872070312,-0.1925743818283081,-0.007739668977365,0.07310906052589417,-0.25434690713882446,-0.043523750998929245,0.0667104721069336,-0.19159826636314392,-0.061944983699277145,0.05874219536781311,-0.1418527364730835,-0.06749769652719806,0.02339351177215576,-0.19089969992637634,-0.009353395351126892,0.033402204513549805,-0.2730165123939514,-0.04643282274241756,0.035334378480911255,-0.19824761152267456,-0.05511191839809726,0.034685760736465454,-0.1511189043521881,-0.04964466372962306,-0.014816224575042725,-0.17861193418502808,-0.016706742145970566,-0.009034514427185059,-0.23650580644607544,-0.05534168685312579,0.0022338032722473145,-0.160361647605896,-0.04809280837412189,0.00431513786315918,-0.12325239181518555,-0.030851444029167396,-0.0523335337638855,-0.15716135501861572,-0.02558325769837211,-0.03783494234085083,-0.19809141755104065,-0.049306105622008545,-0.023973092436790466,-0.144206702709198,-0.039338219710543854,-0.022629469633102417,-0.11789196729660034,-0.024661004342988235
N,0.0,0.0,0.0,0.020553231239318848,-0.0026262402534484863,-0.02576840287315818,0.048162758350372314,-0.020550310611724854,-0.049273952751040184,0.05413445830345154,-0.02511054277420044,-0.07151842108237716,0.04356980323791504,-0.037050068378448486,-0.09025086453425857,0.05410459637641907,-0.09563234448432922,-0.048842538057446205,0.06563058495521545,-0.12732693552970886,-0.0907613410638568,0.06177574396133423,-0.07506659626960754,-0.10686314096915694,0.054798394441604614,-0.04011496901512146,-0.11099902531373473,0.014749318361282349,-0.09903895854949951,-0.05354288956391784,0.021087825298309326,-0.13673514127731323,-0.10187695166337463,0.023736506700515747,-0.06348448991775513,-0.10812431564795943,0.024000108242034912,-0.02860882878303528,-0.10222075125443908,-0.023013830184936523,-0.08615964651107788,-0.06179229161012145,-0.02078273892402649,-0.1062132716178894,-0.10628377637135955,-0.009919881820678711,-0.039840757846832275,-0.09552902719247314,-0.00460737943649292,-0.010191142559051514,-0.07766918083894225,-0.053404927253723145,-0.059531718492507935,-0.07146275034415694,-0.04819551110267639,-0.06107398867607117,-0.09968141457307311,-0.032393038272857666,-0.015225708484649658,-0.09182287743556472,-0.023630201816558838,0.004702270030975342,-0.07965348651874038
N,0.0,0.0,0.0,0.050523996353149414,-0.04705005884170532,-0.0236225837175823,0.06918582320213318,-0.13623297214508057,-0.03427562129544981,0.02684822678565979,-0.2021903693675995,-0.04389633250283964,-0.006866395473480225,-0.245475172996521,-0.04817990970659025,0.06380364298820496,-0.19386452436447144,-0.006371818602559642,0.07287552952766418,-0.25479334592819214,-0.042510196686265544,0.06712734699249268,-0.19499987363815308,-0.061813823998448925,0.05962750315666199,-0.14418625831604004,-0.0678977706735111,0.02350825071334839,-0.19183498620986938,-0.008301499419388847,0.03382578492164612,-0.27648958563804626,-0.04652832460450895,0.034725695848464966,-0.20296910405158997,-0.05628038582253225,0.03308969736099243,-0.15116235613822937,-0.05093310785341032,-0.014477372169494629,-0.17974790930747986,-0.016057096541402416,-0.009966671466827393,-0.24001318216323853,-0.05532666307735212,0.0013100206851959229,-0.16355609893798828,-0.04909940448450811,0.004019647836685181,-0.12325906753540039,-0.032176602751491146,-0.05180071294307709,-0.1578817367553711,-0.025289470449564533,-0.038301289081573486,-0.1985841989517212,-0.04987116542505987,-0.025135889649391174,-0.14440250396728516,-0.04099745315360792,-0.023470282554626465,-0.11694568395614624,-0.026973668605563716
N,0.0,0.0,0.0,0.024462223052978516,-0.0018163323402404785,-0.027514444169003838,0.05469942092895508,-0.03011852502822876,-0.0477301361676048,0.06140100955963135,-0.04641321301460266,-0.0652893553193401,0.05665987730026245,-0.0608556866645813,-0.07928035358746754,0.057440757751464844,-0.10593068599700928,-0.04094567845423924,0.0700070858001709,-0.1455909013748169,-0.07784663836320149,0.06800568103790283,-0.09730055928230286,-0.0925783808048557,0.06299862265586853,-0.059589654207229614,-0.09596642057259785,0.020572692155838013,-0.10844826698303223,-0.04157960737903821,0.030747294425964355,-0.16214314103126526,-0.08436071823199498,0.03115898370742798,-0.09437143802642822,-0.09082763592560994,0.028952568769454956,-0.05226850509643555,-0.08420321295817601,-0.015507444739341736,-0.09752905368804932,-0.0458954381461929,-0.010604828596115112,-0.12767797708511353,-0.08594472656806218,-0.004284203052520752,-0.06145668029785156,-0.07825683007796513,-0.0011901259422302246,-0.02845090627670288,-0.06181993285973775,-0.046548277139663696,-0.07508531212806702,-0.05152186329324948,-0.040361762046813965,-0.0852104127407074,-0.07754177550633656,-0.02807062864303589,-0.039977818727493286,-0.07060976276953923,-0.021276310086250305,-0.018340349197387695,-0.05836654404957997
N,0.0,0.0,0.0,0.05136144161224365,-0.04855614900588989,-0.02281237025988503,0.06964638829231262,-0.13571590185165405,-0.03317032200527592,0.027525514364242554,-0.20271673798561096,-0.04274405357671185,-0.0051093995571136475,-0.2468622326850891,-0.047210743699793056,0.0645073652267456,-0.193338543176651,-0.005944500726286606,0.07299831509590149,-0.2555069327354431,-0.041724143598798946,0.06651195883750916,-0.19650396704673767,-0.060921570335153774,0.05964285135269165,-0.14548903703689575,-0.06713752639723225,0.024293094873428345,-0.19138753414154053,-0.008123640020016865,0.03404960036277771,-0.27645036578178406,-0.045920001391891674,0.03376132249832153,-0.2037982940673828,-0.05549889249039097,0.03240460157394409,-0.1520821452140808,-0.050361419145588115,-0.013562530279159546,-0.17948389053344727,-0.016055237550858692,-0.009748965501785278,-0.24085751175880432,-0.05498673212957783,0.0006424784660339355,-0.16481393575668335,-0.04862054256034298,0.003777742385864258,-0.12419015169143677,-0.031868564013961986,-0.05088058114051819,-0.15750184655189514,-0.025415532339934543,-0.03865079581737518,-0.19966045022010803,-0.04984505665731831,-0.026258468627929688,-0.14544609189033508,-0.040856985424284176,-0.02431279420852661,-0.1172437071800232,-0.026903351817850307
N,0.0,0.0,0.0,0.03577175736427307,-0.007901787757873535,-0.021766444007042196,0.07019034028053284,-0.055262207984924316,-0.030444455603245046,0.05831629037857056,-0.09468287229537964,-0.03587321684706524,0.03779587149620056,-0.12053972482681274,-0.035837811688068655,0.05873635411262512,-0.13681504130363464,-0.017547396281841543,0.067437082529068,-0.18713471293449402,-0.048966278592232015,0.06282627582550049,-0.13844361901283264,-0.058136300454023626,0.05576702952384949,-0.10140284895896912,-0.05701523766863659,0.022760629653930664,-0.1413678228855133,-0.017014879072192457,0.034636080265045166,-0.20945629477500916,-0.057416041651848104,0.03199586272239685,-0.13642457127571106,-0.06334598110068157,0.02693122625350952,-0.09665873646736145,-0.05424941823828533,-0.013866901397705078,-0.13137537240982056,-0.02019681529152706,-0.009926587343215942,-0.17550238966941833,-0.05962423355329349,-0.004018962383270264,-0.10270154476165771,-0.049466842124346044,-0.002011209726333618,-0.07263410091400146,-0.02953313783753231,-0.04972118139266968,-0.10781124234199524,-0.023917324179890898,-0.04399998486042023,-0.13603928685188293,-0.04790648193109348,-0.03051052987575531,-0.08518791198730469,-0.03703825295913532,-0.024293601512908936,-0.0658104419708252,-0.02087258667695835
N,0.0,0.0,0.0,0.04181644320487976,-0.02604365348815918,-0.02791766823682451,0.06465759873390198,-0.1162271499633789,-0.03617635184380674,0.023073196411132812,-0.18061158061027527,-0.04124685191962385,-0.01038011908531189,-0.21979674696922302,-0.040031997500392436,0.0612277090549469,-0.17385649681091309,-0.005488997338744639,0.06730741262435913,-0.22601455450057983,-0.039161330102416514,0.05981028079986572,-0.17022305727005005,-0.05418871158215666,0.05260181427001953,-0.12871843576431274,-0.057248612879249094,0.020066797733306885,-0.17538166046142578,-0.0035321458842929587,0.031618863344192505,-0.2447507381439209,-0.04151765817258024,0.030190318822860718,-0.17025408148765564,-0.05008305051777029,0.02697896957397461,-0.12864840030670166,-0.042746225385400294,-0.017797768115997314,-0.16447851061820984,-0.007802901337328194,-0.013985157012939453,-0.21291717886924744,-0.04636072927567625,-0.004645586013793945,-0.13757595419883728,-0.04013624974939489,-0.0022645890712738037,-0.10755014419555664,-0.02287066542956495,-0.05423572659492493,-0.1435055136680603,-0.013754442347618578,-0.043055787682533264,-0.17460092902183533,-0.037465592859717844,-0.031208127737045288,-0.1216827929019928,-0.02936212161037588,-0.02822418510913849,-0.10305207967758179,-0.015490838339957236
N,0.0,0.0,0.0,0.047827452421188354,-0.03594779968261719,-0.023887242720235236,0.06782859563827515,-0.12720486521720886,-0.032291424990404494,0.025297075510025024,-0.19121631979942322,-0.03873723891447867,-0.008016914129257202,-0.23135867714881897,-0.039649160177219755,0.06296548247337341,-0.18204376101493835,-0.005687228468019612,0.07219749689102173,-0.24100834131240845,-0.0388938575692066,0.06477871537208557,-0.18329304456710815,-0.05450103205512846,0.057481199502944946,-0.13718241453170776,-0.05830851343344534,0.02251848578453064,-0.18190783262252808,-0.006649513327289469,0.03221392631530762,-0.26443225145339966,-0.04240178835462416,0.032788366079330444,-0.19240304827690125,-0.050007508666027434,0.031554579734802246,-0.14549249410629272,-0.04312229302595938,-0.0152549147605896,-0.1706368327140808,-0.01325650473009432,-0.011805295944213867,-0.22993534803390503,-0.05086481344770277,-0.0007397234439849854,-0.15312409400939941,-0.04344669503043974,0.0019068717956542969,-0.11614042520523071,-0.025914936856139548,-0.05217379331588745,-0.14950299263000488,-0.021232764766324408,-0.04155878722667694,-0.19018888473510742,-0.045061019778955824,-0.02796567976474762,-0.13531768321990967,-0.03569985699724043,-0.02541472017765045,-0.11041653156280518,-0.021310321585048086
N,0.0,0.0,0.0,0.05059611797332764,-0.04108947515487671,-0.02349034143654194,0.07080066204071045,-0.13066989183425903,-0.03356314269868221,0.02778884768486023,-0.1968708634376526,-0.04213004378644314,-0.005827009677886963,-0.23880627751350403,-0.0453572478708395,0.06486469507217407,-0.186964750289917,-0.008412737455643082,0.07316431403160095,-0.249139666557312,-0.04352468816605892,0.06577426195144653,-0.1898050308227539,-0.061036659460938836,0.05913299322128296,-0.1412261426448822,-0.06618253333536472,0.02472671866416931,-0.18590381741523743,-0.010108389016664887,0.03533589839935303,-0.27163705229759216,-0.04772279230920162,0.03459209203720093,-0.19783636927604675,-0.05616280255881634,0.033020734786987305,-0.14772409200668335,-0.049901692253030205,-0.012973517179489136,-0.17498919367790222,-0.017358277049339677,-0.009749263525009155,-0.23647981882095337,-0.05602437449661579,0.000441133975982666,-0.1600283980369568,-0.0490750652369627,0.00350305438041687,-0.1215936541557312,-0.031909471434033776,-0.049995824694633484,-0.15443262457847595,-0.02596175489989605,-0.03933045268058777,-0.19626426696777344,-0.05014289734927502,-0.026730671525001526,-0.14143210649490356,-0.04101509047714558,-0.024116218090057373,-0.11440396308898926,-0.02701199619141903
N,0.0,0.0,0.0,0.05122774839401245,-0.046214520931243896,-0.021691666859652514,0.07061892747879028,-0.1325891613960266,-0.031993504557277674,0.02769264578819275,-0.19800737500190735,-0.04146838182535362,-0.006447136402130127,-0.2393224835395813,-0.04603770369615745,0.06410747766494751,-0.19072437286376953,-0.006667525451149459,0.07275789976119995,-0.2523992359638214,-0.04073205584612083,0.06643182039260864,-0.19420844316482544,-0.058729615006114955,0.059538573026657104,-0.14436492323875427,-0.064492732230093,0.024075090885162354,-0.18987923860549927,-0.009104390572275634,0.03519126772880554,-0.2743622064590454,-0.04465422028627586,0.03497898578643799,-0.20252951979637146,-0.053322385940219874,0.03239843249320984,-0.1518116593360901,-0.04813114548053932,-0.01371687650680542,-0.17867594957351685,-0.016878286320235247,-0.009727388620376587,-0.2403544783592224,-0.05402500549283218,0.0008224546909332275,-0.16497012972831726,-0.047658417317535395,0.0030735135078430176,-0.12456083297729492,-0.03147345030632209,-0.05112661421298981,-0.15701937675476074,-0.025897391084100718,-0.039754122495651245,-0.20024091005325317,-0.04949536913957786,-0.026694893836975098,-0.1461854875087738,-0.04035887116518211,-0.024717867374420166,-0.1170467734336853,-0.026566993388797755
N,0.0,0.0,0.0,0.051698654890060425,-0.04748809337615967,-0.021000783477518326,0.07158839702606201,-0.1328505277633667,-0.031011854816767936,0.029406756162643433,-0.19731363654136658,-0.04041590872833467,-0.0050178468227386475,-0.23769128322601318,-0.04508204716870523,0.06561747193336487,-0.19176051020622253,-0.006130030431393152,0.07325515151023865,-0.2537989914417267,-0.03992260951230264,0.06668394804000854,-0.195875883102417,-0.0580547522349093,0.060140907764434814,-0.14612749218940735,-0.06401787284443117,0.025593549013137817,-0.19045031070709229,-0.008834566508028274,0.035422563552856445,-0.2751791477203369,-0.044233914051744705,0.03512775897979736,-0.2040923833847046,-0.05302799824306703,0.03319889307022095,-0.15321144461631775,-0.04802239272424913,-0.012219369411468506,-0.17901000380516052,-0.0167970485580895,-0.008961349725723267,-0.24136391282081604,-0.05365841049382425,0.0012764036655426025,-0.16621893644332886,-0.047302819375488525,0.0038499832153320312,-0.1253567934036255,-0.031232581992242103,-0.04962444305419922,-0.1573275327682495,-0.025998061109874016,-0.038447752594947815,-0.20044013857841492,-0.04945777687856889,-0.02596394717693329,-0.14669114351272583,-0.040410760377142196,-0.024003565311431885,-0.11751723289489746,-0.026724723686072593
N,0.0,0.0,0.0,0.051222264766693115,-0.04761236906051636,-0.021000555072021143,0.07093006372451782,-0.13275477290153503,-0.031396705944132464,0.02904289960861206,-0.19787999987602234,-0.0412339310236689,-0.00585174560546875,-0.23823320865631104,-0.04637115477402176,0.06499218940734863,-0.19230163097381592,-0.0065692018792447016,0.07312652468681335,-0.2540101408958435,-0.04054339631278481,0.06719774007797241,-0.19619882106781006,-0.05892393021662201,0.06054258346557617,-0.14608654379844666,-0.06499601556737389,0.024974584579467773,-0.1909923553466797,-0.009300343047868864,0.03516450524330139,-0.27488642930984497,-0.04455328016359772,0.0355076789855957,-0.2036762535572052,-0.05337069957334961,0.03349044919013977,-0.15275290608406067,-0.048555255223107,-0.01285204291343689,-0.17934313416481018,-0.01726610614736046,-0.008738666772842407,-0.24075865745544434,-0.05406446783621277,0.0017963945865631104,-0.16597238183021545,-0.047875780899119036,0.004094839096069336,-0.12489563226699829,-0.03198732836921181,-0.05022372305393219,-0.15749138593673706,-0.026450289700221674,-0.03854629397392273,-0.20084944367408752,-0.04979300900180306,-0.025700196623802185,-0.14737766981124878,-0.04071772127230133,-0.023889124393463135,-0.11764192581176758,-0.027054654721212046
N,0.0,0.0,0.0,0.051883161067962646,-0.045742928981781006,-0.022883894329169152,0.07154664397239685,-0.13281819224357605,-0.03348018269727504,0.029612690210342407,-0.19916227459907532,-0.04320260550568378,-0.003928542137145996,-0.24246066808700562,-0.047935448994138596,0.06633922457695007,-0.1910797357559204,-0.007191500568040965,0.07535919547080994,-0.2531197667121887,-0.04228055517862117,0.0683358907699585,-0.19398543238639832,-0.061164703627326844,0.06118038296699524,-0.14357808232307434,-0.06739133264611041,0.026188582181930542,-0.18971726298332214,-0.009346113947430013,0.03735637664794922,-0.27543458342552185,-0.04610465507695949,0.03648814558982849,-0.20308002829551697,-0.05549003969619548,0.03414991497993469,-0.15133315324783325,-0.05055866803715503,-0.011899560689926147,-0.1783907115459442,-0.01706323254595077,-0.0075244903564453125,-0.24142733216285706,-0.05524515401313579,0.0023482441902160645,-0.16529914736747742,-0.0493033979434756,0.004693776369094849,-0.12375330924987793,-0.03316016908476627,-0.04949977993965149,-0.15692928433418274,-0.026163317670324204,-0.036862581968307495,-0.19950717687606812,-0.05058870505283153,-0.024359628558158875,-0.14528989791870117,-0.04209153767416751,-0.022549673914909363,-0.115886390209198,-0.028649332409003136
N,0.0,0.0,0.0,0.05182024836540222,-0.04741358757019043,-0.0206888493892734,0.07147175073623657,-0.13297277688980103,-0.030792754962760682,0.02941456437110901,-0.19778698682785034,-0.0404520080235784,-0.00499376654624939,-0.23829492926597595,-0.04529624514253783,0.06512656807899475,-0.19221797585487366,-0.005756603441852803,0.0737852156162262,-0.2540798783302307,-0.039643091037589784,0.06753972172737122,-0.19555529952049255,-0.05776446767123389,0.06034958362579346,-0.14555898308753967,-0.06365824572714018,0.02505466341972351,-0.19109416007995605,-0.00867730274768519,0.035888463258743286,-0.2752040922641754,-0.04411550320656943,0.035949915647506714,-0.2031702995300293,-0.0529186845568006,0.03343874216079712,-0.1524328589439392,-0.04794175632270026,-0.01296854019165039,-0.17960965633392334,-0.016874386816937204,-0.008713454008102417,-0.24048244953155518,-0.053844128623325105,0.0019965767860412598,-0.1652231216430664,-0.04774769477518248,0.004150688648223877,-0.12483641505241394,-0.031812251433450456,-0.0504935085773468,-0.1579587459564209,-0.026243940815049882,-0.03846573829650879,-0.20053988695144653,-0.04943062074454474,-0.025477468967437744,-0.14708667993545532,-0.040332299545127626,-0.023858577013015747,-0.11819639801979065,-0.026687159090954538
N,0.0,0.0,0.0,0.05160301923751831,-0.047303974628448486,-0.021352384900836796,0.07180243730545044,-0.13278180360794067,-0.03140954180636868,0.03101298213005066,-0.19838374853134155,-0.040907519599585385,-0.003188490867614746,-0.23983299732208252,-0.04565259694138035,0.06601852178573608,-0.19221222400665283,-0.0054537185562537616,0.07395383715629578,-0.25400370359420776,-0.039973004451184124,0.06747737526893616,-0.19586297869682312,-0.05865015341916546,0.060802072286605835,-0.14536041021347046,-0.06469506277719006,0.026039451360702515,-0.19080600142478943,-0.007998988693742604,0.03562578558921814,-0.2754732668399811,-0.04414164899864659,0.035376787185668945,-0.20366376638412476,-0.05327370642700657,0.03368097543716431,-0.15194600820541382,-0.04816536857762799,-0.011929184198379517,-0.17925167083740234,-0.015972238695411534,-0.008790969848632812,-0.24106332659721375,-0.053658685377030224,0.0015265941619873047,-0.16556459665298462,-0.04760107650437817,0.004500597715377808,-0.12432345747947693,-0.03132345779815182,-0.04943442344665527,-0.15752869844436646,-0.025192764317779393,-0.03841865062713623,-0.20036256313323975,-0.04913530378618702,-0.025887370109558105,-0.14653605222702026,-0.040273549696593136,-0.023712962865829468,-0.11714494228363037,-0.02646390228548512
N,0.0,0.0,0.0,0.05142751336097717,-0.04547476768493652,-0.024917216880851356,0.0703783929347992,-0.13298392295837402,-0.0356746762084299,0.03165990114212036,-0.2011793553829193,-0.045223034827643005,-0.0009038150310516357,-0.24580997228622437,-0.04922572514288959,0.06613931059837341,-0.1950879693031311,-0.004896170834683744,0.07604971528053284,-0.25638651847839355,-0.04083103304975566,0.06966465711593628,-0.1973915994167328,-0.06038962668054637,0.06215423345565796,-0.14720910787582397,-0.06672536945217189,0.02645033597946167,-0.19428378343582153,-0.006083552169286577,0.0367715060710907,-0.2767847180366516,-0.04358347123735484,0.036984801292419434,-0.20432820916175842,-0.05325406408184108,0.03533738851547241,-0.15438896417617798,-0.04792020088308391,-0.011421769857406616,-0.1826190948486328,-0.013442982828848926,-0.007104843854904175,-0.2405794858932495,-0.05322746550911006,0.0030846595764160156,-0.1644822061061859,-0.04785828655832347,0.005582660436630249,-0.12505844235420227,-0.031210988669329254,-0.04823023080825806,-0.16069895029067993,-0.022383926345639793,-0.03603680431842804,-0.1994236707687378,-0.047961234955721466,-0.02359384298324585,-0.1454140841960907,-0.039949908761911956,-0.021803587675094604,-0.11811530590057373,-0.02616968555622634
N,0.0,0.0,0.0,0.05143076181411743,-0.04791700839996338,-0.022967013841338257,0.07089367508888245,-0.1337272822856903,-0.0334311661625577,0.033518463373184204,-0.2029704749584198,-0.04313232873923312,0.0017877817153930664,-0.24844393134117126,-0.04771157478339205,0.0666121244430542,-0.19256168603897095,-0.005447805238731007,0.07572796940803528,-0.2556507885456085,-0.04123233755476008,0.06984373927116394,-0.19672232866287231,-0.06052430843359957,0.06271851062774658,-0.14625617861747742,-0.06658954297549258,0.02683064341545105,-0.19142156839370728,-0.007316393157310586,0.03777685761451721,-0.27611732482910156,-0.04423751806265841,0.03767523169517517,-0.20356911420822144,-0.05345574145562182,0.03545215725898743,-0.15287113189697266,-0.048173421373434167,-0.011353492736816406,-0.18003949522972107,-0.014971302201814751,-0.006155192852020264,-0.24180129170417786,-0.054190666725702386,0.0034252405166625977,-0.1658080816268921,-0.04812288408524523,0.0054610371589660645,-0.12492373585700989,-0.03127198045498858,-0.049092769622802734,-0.1583797037601471,-0.02398120736128817,-0.03616243600845337,-0.20065605640411377,-0.049352665742702584,-0.023364529013633728,-0.14626380801200867,-0.04074540485984812,-0.02146047353744507,-0.116763174533844,-0.02659467545694838
N,0.0,0.0,0.0,0.05115029215812683,-0.048231422901153564,-0.022983510127204454,0.07097706198692322,-0.13379737734794617,-0.03390520819081644,0.03330618143081665,-0.2021653950214386,-0.044113639822143114,0.00030943751335144043,-0.2465062439441681,-0.04912797369613031,0.06603017449378967,-0.1931176483631134,-0.005244416730391777,0.075898677110672,-0.2559487223625183,-0.04134136446370462,0.07051610946655273,-0.1968419849872589,-0.061139587392943895,0.0627748966217041,-0.14545202255249023,-0.06745221101297716,0.026290804147720337,-0.1916450560092926,-0.007334231479006803,0.036684781312942505,-0.27545011043548584,-0.04429391779555658,0.03780791163444519,-0.20341888070106506,-0.05406517170919756,0.035824358463287354,-0.1527809500694275,-0.049278207203286684,-0.0121680349111557,-0.17989486455917358,-0.015222717156547105,-0.007104218006134033,-0.24041274189949036,-0.05469675742639879,0.00333559513092041,-0.1643255054950714,-0.048905335446733034,0.005251854658126831,-0.12344017624855042,-0.032212723126548326,-0.05011504888534546,-0.157892107963562,-0.024455785831349885,-0.03658035397529602,-0.1995532512664795,-0.049875427117484605,-0.023325741291046143,-0.14535364508628845,-0.04117264606608728,-0.021717339754104614,-0.1163911521434784,-0.02697410815014223
N,0.0,0.0,0.0,0.05168557167053223,-0.048351407051086426,-0.023358688510057846,0.07177066802978516,-0.13355541229248047,-0.03465878479838125,0.033035993576049805,-0.20141661167144775,-0.04501996450781576,-0.0018350780010223389,-0.2435368299484253,-0.05010745563268415,0.06605523824691772,-0.1924603283405304,-0.006416003040072837,0.07608309388160706,-0.25527316331863403,-0.04255782701730482,0.07013410329818726,-0.19586333632469177,-0.062116349867579856,0.06219789385795593,-0.14463958144187927,-0.06832083948611967,0.02598029375076294,-0.19144609570503235,-0.008490448637900272,0.0361613929271698,-0.2759840786457062,-0.04563694708704702,0.03758171200752258,-0.20432353019714355,-0.05535553284644834,0.03600519895553589,-0.15399453043937683,-0.05049335845470182,-0.01284116506576538,-0.1798100471496582,-0.016264523199794212,-0.007899969816207886,-0.23925450444221497,-0.055886457494494834,0.002926766872406006,-0.1632775068283081,-0.050054839632508674,0.0049173831939697266,-0.1228451132774353,-0.033289181820151725,-0.051036521792411804,-0.15780779719352722,-0.02537809760033838,-0.03712204098701477,-0.1994437575340271,-0.050654968998429695,-0.023595884442329407,-0.1453149914741516,-0.04167709388494245,-0.022268056869506836,-0.11654680967330933,-0.02729818300068132
N,0.0,0.0,0.0,0.0523720383644104,-0.047670066356658936,-0.024367241372146964,0.07236209511756897,-0.1336628794670105,-0.035526694913187384,0.03523629903793335,-0.20336326956748962,-0.04566391762045896,0.001739203929901123,-0.24793195724487305,-0.050340289433279395,0.06756007671356201,-0.19339776039123535,-0.005398028247782349,0.07827949523925781,-0.2572503089904785,-0.04220026191023862,0.07176810503005981,-0.19779092073440552,-0.06223903055933988,0.06336870789527893,-0.14678552746772766,-0.06854489650277173,0.027690082788467407,-0.19294732809066772,-0.006837969363459706,0.037954181432724,-0.2776269316673279,-0.04455010052470243,0.038850247859954834,-0.20579305291175842,-0.05446652527598417,0.0373958945274353,-0.15574905276298523,-0.04944277014283216,-0.010974839329719543,-0.18168604373931885,-0.014311253276446223,-0.0059700608253479,-0.24175137281417847,-0.05437290128020322,0.00407177209854126,-0.16520535945892334,-0.04855552892831838,0.006130695343017578,-0.12452811002731323,-0.0315356424048332,-0.04902787506580353,-0.15999072790145874,-0.023286400546112418,-0.03543604910373688,-0.20046064257621765,-0.04899336229709661,-0.022406429052352905,-0.14611846208572388,-0.0404634756937412,-0.020714908838272095,-0.1175902783870697,-0.026177199740686774
N,0.0,0.0,0.0,0.05183166265487671,-0.04516863822937012,-0.025278528130286304,0.07247599959373474,-0.13254901766777039,-0.03655062327408132,0.03433707356452942,-0.2014465034008026,-0.04650217751287755,-0.0012934505939483643,-0.24115154147148132,-0.05076392079018888,0.06959083676338196,-0.19769129157066345,-0.006127979515724746,0.07897680997848511,-0.2608163356781006,-0.041115333235495655,0.07099989056587219,-0.20013216137886047,-0.06029196167611417,0.0640764832496643,-0.15147757530212402,-0.06674383292221364,0.028828918933868408,-0.1982308328151703,-0.007504272184007732,0.03847190737724304,-0.2820502519607544,-0.04356094533824262,0.03750929236412048,-0.2079308032989502,-0.0525237032236987,0.03661930561065674,-0.15996819734573364,-0.04708826253437337,-0.010120853781700134,-0.18682733178138733,-0.014808281234138576,-0.0058622658252716064,-0.2485397458076477,-0.052408312356703846,0.00343245267868042,-0.17192012071609497,-0.045663804656498996,0.0056236982345581055,-0.13203462958335876,-0.028802943325274555,-0.04849530756473541,-0.1645495891571045,-0.023944673037760822,-0.03491213917732239,-0.20514124631881714,-0.04760156655930814,-0.022967219352722168,-0.15169644355773926,-0.03827992538236913,-0.021456748247146606,-0.12359726428985596,-0.02386363493525323
N,0.0,0.0,0.0,0.05340127646923065,-0.048105329275131226,-0.02351660501369679,0.07492350041866302,-0.13591614365577698,-0.03364781137713635,0.037963107228279114,-0.206661194562912,-0.04295690950164044,0.00402851402759552,-0.24918383359909058,-0.046564532780735135,0.07125414907932281,-0.197391539812088,-0.003613710041804552,0.08197693526744843,-0.2630186676979065,-0.039579740130989194,0.07449229061603546,-0.20213234424591064,-0.05879354696878636,0.06606276333332062,-0.15205436944961548,-0.06462934833177769,0.030352070927619934,-0.19746840000152588,-0.00548987636500442,0.040966883301734924,-0.2836974263191223,-0.042528169566480756,0.040690526366233826,-0.21085795760154724,-0.05189644392737591,0.039000317454338074,-0.16256111860275269,-0.04641197841772282,-0.008667096495628357,-0.18608427047729492,-0.01333101220586741,-0.003981560468673706,-0.24789240956306458,-0.05313930880436146,0.005178347229957581,-0.1699627935886383,-0.04691094752558911,0.0068855732679367065,-0.12999370694160461,-0.029526081273047566,-0.04687859117984772,-0.163958340883255,-0.02262154255220139,-0.03330358862876892,-0.206071674823761,-0.04791575517663205,-0.02095690369606018,-0.15077263116836548,-0.038649535143463254,-0.01977670192718506,-0.12204936146736145,-0.023728983813612103
N,0.0,0.0,0.0,0.05405403673648834,-0.047291576862335205,-0.0243165812455004,0.07672370970249176,-0.13579481840133667,-0.03480018889530356,0.03942815959453583,-0.20772287249565125,-0.04428432723506148,0.0047782063484191895,-0.25099578499794006,-0.0480149335227793,0.07287503778934479,-0.1975991427898407,-0.004477515164751367,0.08381576836109161,-0.26457369327545166,-0.04063384821637328,0.07524271309375763,-0.20316749811172485,-0.059824934508640126,0.06653927266597748,-0.15328431129455566,-0.0657485670409983,0.03168259561061859,-0.19810360670089722,-0.0061478226445501605,0.042954131960868835,-0.2848374843597412,-0.04366863733156379,0.041924163699150085,-0.21063488721847534,-0.05296271508558448,0.03988553583621979,-0.1620529592037201,-0.047330288495857076,-0.007574990391731262,-0.18726614117622375,-0.013867864664632634,-0.002584487199783325,-0.25081783533096313,-0.054113691952068166,0.0060729533433914185,-0.17170864343643188,-0.04753308212383445,0.007632985711097717,-0.13129571080207825,-0.029866187181312398,-0.046190887689590454,-0.16585472226142883,-0.023106718715268926,-0.0324523001909256,-0.20826470851898193,-0.04891699766739066,-0.020673856139183044,-0.15204080939292908,-0.039639445301133946,-0.01967848837375641,-0.12298429012298584,-0.024643302243191556
N,0.0,0.0,0.0,0.05464746057987213,-0.049692302942276,-0.024308633157261283,0.07732690870761871,-0.13594725728034973,-0.03509498024845925,0.04075108468532562,-0.20699545741081238,-0.04512320096159783,0.005594909191131592,-0.24941319227218628,-0.04959635818863717,0.07439737021923065,-0.2001246213912964,-0.003336412697308333,0.08355022966861725,-0.2654199153184891,-0.03987145061159936,0.0740802139043808,-0.2056354582309723,-0.06010819981361237,0.06617797911167145,-0.15569213032722473,-0.06675803298617211,0.03298993408679962,-0.20037657022476196,-0.005104014747985275,0.04262165725231171,-0.2848230451345444,-0.043296232917555244,0.04070647060871124,-0.21143296360969543,-0.05352051938439217,0.03987281024456024,-0.16276812553405762,-0.04840407902861443,-0.0063814520835876465,-0.18956124782562256,-0.01302324058974591,-0.0023580938577651978,-0.25209835171699524,-0.053689792850263984,0.005487218499183655,-0.1736484169960022,-0.047783646830566795,0.008005127310752869,-0.1323992908000946,-0.030419897386082084,-0.04534652829170227,-0.16790401935577393,-0.022551210695155532,-0.03230760991573334,-0.20931440591812134,-0.0487822332468113,-0.021109268069267273,-0.1534009873867035,-0.03999843830729333,-0.01909501850605011,-0.12392070889472961,-0.025158403539307983
N,0.0,0.0,0.0,0.0556102991104126,-0.04777875542640686,-0.024038978115413556,0.07986357808113098,-0.13743433356285095,-0.03409856391022004,0.04247838258743286,-0.2085411250591278,-0.043201813668702016,0.00458189845085144,-0.24817068874835968,-0.04685630482504166,0.07321995496749878,-0.20097023248672485,-0.0039041635661760665,0.0852963924407959,-0.2672068476676941,-0.03844936397740639,0.07458144426345825,-0.2082543671131134,-0.05776607450911797,0.06464707851409912,-0.15838047862052917,-0.06409290266105927,0.03138607740402222,-0.202195405960083,-0.005567767386082778,0.040735214948654175,-0.29006995260715485,-0.041505059421751866,0.03886815905570984,-0.2178131639957428,-0.05122817513415612,0.03738930821418762,-0.16695019602775574,-0.04600597378680504,-0.007992088794708252,-0.19127658009529114,-0.013014716290626893,-0.004109486937522888,-0.2546851336956024,-0.050855530620310674,0.00476779043674469,-0.17639055848121643,-0.04469932076403893,0.006723225116729736,-0.13322573900222778,-0.027697982460949788,-0.04652361571788788,-0.1692102551460266,-0.02217313666710652,-0.03228083252906799,-0.2108844816684723,-0.046100093246195684,-0.02001628279685974,-0.1560496985912323,-0.03672836554119385,-0.018440276384353638,-0.1259029507637024,-0.021910207540486226
N,0.0,0.0,0.0,0.05523516237735748,-0.05112659931182861,-0.02217172972390813,0.07854630053043365,-0.13834312558174133,-0.03180723405907315,0.04190574586391449,-0.20896315574645996,-0.04112254224250478,0.006071180105209351,-0.25120970606803894,-0.04523029692003888,0.07516340911388397,-0.20039910078048706,-0.0017641229927392033,0.08351577818393707,-0.26778027415275574,-0.03779742635319394,0.0732649713754654,-0.2104194164276123,-0.0577289029164092,0.06564749777317047,-0.1602330505847931,-0.06434446714351338,0.03347979485988617,-0.2004772424697876,-0.0044620703114048865,0.04268030822277069,-0.28793206810951233,-0.0431431844038741,0.04012386500835419,-0.21464499831199646,-0.05357333041260404,0.0395192950963974,-0.16458237171173096,-0.04834548525045079,-0.0060580819845199585,-0.1901586651802063,-0.01306144196072978,-0.0030304044485092163,-0.25446590781211853,-0.054044248084522906,0.004610732197761536,-0.17540684342384338,-0.04813189200589818,0.007569372653961182,-0.13374727964401245,-0.030589848305083933,-0.0453382283449173,-0.16941159963607788,-0.023043788517810526,-0.03375785052776337,-0.21190375089645386,-0.04934554688165349,-0.022815153002738953,-0.1559348702430725,-0.040417378316618624,-0.020375698804855347,-0.1270330846309662,-0.025497797424890223
N,0.0,0.0,0.0,0.055328622460365295,-0.05128353834152222,-0.022727812323864782,0.0772295743227005,-0.1401730477809906,-0.032787221167382086,0.03924669325351715,-0.21155157685279846,-0.04246372604757198,0.004006177186965942,-0.25509554147720337,-0.046917269621189917,0.07368104159832001,-0.19986069202423096,-0.002710582371946657,0.08274318277835846,-0.2668749988079071,-0.03916315237074741,0.07237119972705841,-0.20806196331977844,-0.059396951142844046,0.06436647474765778,-0.15656158328056335,-0.06617246815949329,0.03193874657154083,-0.1994001865386963,-0.005333646815415705,0.0420348197221756,-0.28717514872550964,-0.044054771457012976,0.03962482511997223,-0.21346184611320496,-0.05475090691834339,0.038153454661369324,-0.16190209984779358,-0.049854903165396536,-0.008012741804122925,-0.18862411379814148,-0.013904537689086283,-0.005170539021492004,-0.25455427169799805,-0.054881876949366415,0.003619581460952759,-0.1753665804862976,-0.04926578948288807,0.0067564696073532104,-0.13193553686141968,-0.032081640008982504,-0.047600001096725464,-0.16697832942008972,-0.023890862856205786,-0.03612004220485687,-0.2107919156551361,-0.050671684239205206,-0.02418188750743866,-0.154647558927536,-0.04226437458783039,-0.02135239541530609,-0.12391254305839539,-0.02778026895612129
N,0.0,0.0,0.0,0.055421531200408936,-0.05201530456542969,-0.02200338715394423,0.07711029052734375,-0.14103373885154724,-0.031482935936054446,0.03825235366821289,-0.21277382969856262,-0.040686094255050875,0.002887547016143799,-0.25599631667137146,-0.044879601389965273,0.07432419061660767,-0.19901147484779358,-0.0017953088338060752,0.08236384391784668,-0.26679426431655884,-0.03745173016270087,0.07174265384674072,-0.2093104124069214,-0.05751073086341307,0.06430447101593018,-0.15749025344848633,-0.06433662870605872,0.03250354528427124,-0.19849815964698792,-0.004470801499536492,0.04133826494216919,-0.28700610995292664,-0.04258347028573439,0.03850507736206055,-0.21462726593017578,-0.05343807214578078,0.037931352853775024,-0.16229581832885742,-0.04879210987766669,-0.007471024990081787,-0.18781766295433044,-0.012962018192610003,-0.0055283308029174805,-0.2539026439189911,-0.053049464763006426,0.002663224935531616,-0.17575427889823914,-0.04753401601394103,0.006517127156257629,-0.13187739253044128,-0.030641381681761004,-0.0471440851688385,-0.16633865237236023,-0.02284756587525294,-0.036617934703826904,-0.21026837825775146,-0.048936520756086566,-0.024996712803840637,-0.15494698286056519,-0.04057200351437018,-0.021400004625320435,-0.1240779459476471,-0.026288940624198176
N,0.0,0.0,0.0,0.0549197793006897,-0.05030149221420288,-0.022214349656593413,0.07721462845802307,-0.13925713300704956,-0.0318725838505145,0.03908899426460266,-0.21233972907066345,-0.041084112896811575,0.0037123262882232666,-0.2560843229293823,-0.04520330049027166,0.07504168152809143,-0.1987852156162262,-0.002817615465488643,0.08224958181381226,-0.26734524965286255,-0.03828203521598539,0.07166534662246704,-0.21070647239685059,-0.05789431773055753,0.06487971544265747,-0.16006964445114136,-0.06452005572546682,0.03293830156326294,-0.1984703242778778,-0.005298088136356682,0.041277945041656494,-0.28697818517684937,-0.04346364952553472,0.03885173797607422,-0.21456551551818848,-0.05386166118015012,0.038595885038375854,-0.16292321681976318,-0.04894561536539754,-0.0069687217473983765,-0.18803364038467407,-0.01351539261568746,-0.005818471312522888,-0.2543705701828003,-0.05349444068897924,0.0029520392417907715,-0.17642265558242798,-0.047462093009841055,0.007173985242843628,-0.13283970952033997,-0.03030996613134107,-0.04640582203865051,-0.16706791520118713,-0.02314300864864549,-0.03727400302886963,-0.21174335479736328,-0.04918869055737218,-0.025464579463005066,-0.15665191411972046,-0.04066632904041967,-0.021535903215408325,-0.1256144642829895,-0.026266008912813277
N,0.0,0.0,0.0,0.05480732023715973,-0.05014193058013916,-0.022985763594476794,0.07751257717609406,-0.13933494687080383,-0.032568691045014475,0.039245590567588806,-0.21043351292610168,-0.04152043324705801,0.004207909107208252,-0.2530650794506073,-0.0451646388768836,0.07593832910060883,-0.19970858097076416,-0.0027108480948641045,0.08291368186473846,-0.268026202917099,-0.038285022348134135,0.07093636691570282,-0.2115854024887085,-0.05780694049593649,0.06398044526576996,-0.1617908477783203,-0.06432340455052099,0.03391547501087189,-0.20001640915870667,-0.004877448759941672,0.04316423833370209,-0.2874523997306824,-0.043320176869599436,0.03826798498630524,-0.21425098180770874,-0.053430506706206415,0.03753678500652313,-0.1636025309562683,-0.047945333391396616,-0.006124943494796753,-0.18999987840652466,-0.012947892516820048,-0.004907503724098206,-0.25564344227313995,-0.053183609366385554,0.0014105290174484253,-0.1764218807220459,-0.046887827783791636,0.005318090319633484,-0.1335669755935669,-0.029347754761545275,-0.04565231502056122,-0.16959109902381897,-0.022550901144711588,-0.03683558106422424,-0.21155959367752075,-0.04866479125615797,-0.026837065815925598,-0.15584516525268555,-0.04002077293392858,-0.02327236533164978,-0.12643158435821533,-0.025406848385898684
N,0.0,0.0,0.0,0.05333143472671509,-0.047864168882369995,-0.023003008947199532,0.07623410224914551,-0.1384795904159546,-0.03269160239440794,0.03626510500907898,-0.20944362878799438,-0.04162162615401144,0.000387534499168396,-0.2512010335922241,-0.04512168912631864,0.07446178793907166,-0.19970256090164185,-0.004256733026778647,0.08164402842521667,-0.26868289709091187,-0.03919711409551496,0.0692199170589447,-0.21079885959625244,-0.057946112737482736,0.06258314847946167,-0.16055569052696228,-0.06419812960965032,0.03213253617286682,-0.19990643858909607,-0.006546286199665019,0.041832029819488525,-0.288262277841568,-0.044149697557514855,0.03668507933616638,-0.21526631712913513,-0.05342901943666334,0.03611171245574951,-0.16452032327651978,-0.047742948666638085,-0.00790482759475708,-0.18969985842704773,-0.01460755503219957,-0.006670504808425903,-0.2567426264286041,-0.05407935453993673,-0.00016804039478302002,-0.17707780003547668,-0.04722319243890638,0.00419732928276062,-0.13368213176727295,-0.0297535292659461,-0.04705400764942169,-0.16924211382865906,-0.024246115968054482,-0.03824722766876221,-0.21161949634552002,-0.05018476097328062,-0.028167620301246643,-0.1552864909172058,-0.04156063197595472,-0.024341091513633728,-0.12495821714401245,-0.02722453771573896
N,0.0,0.0,0.0,0.053347647190093994,-0.048522382974624634,-0.02294352962070434,0.07612395286560059,-0.1405019462108612,-0.03270539580279319,0.034731775522232056,-0.21254417300224304,-0.041655372217235254,-0.0021557360887527466,-0.2549055367708206,-0.04517893059545486,0.07384130358695984,-0.20066049695014954,-0.004242481984135793,0.08088275790214539,-0.26934242248535156,-0.038984067127046274,0.06924039125442505,-0.21101194620132446,-0.058029647305545495,0.06213817000389099,-0.15922221541404724,-0.06456582932167976,0.031071096658706665,-0.2001003921031952,-0.0063749000839266046,0.03938335180282593,-0.28887617588043213,-0.043743959948358224,0.03629589080810547,-0.21571332216262817,-0.05351216657453506,0.03604358434677124,-0.16367235779762268,-0.048450152710017846,-0.008982256054878235,-0.18960905075073242,-0.01422208859020202,-0.008220762014389038,-0.2564399838447571,-0.05308711840206115,0.0003813058137893677,-0.17787417769432068,-0.0465167531221482,0.004855334758758545,-0.13465964794158936,-0.02957731983059375,-0.04801231622695923,-0.16907158493995667,-0.02363908416026561,-0.038738787174224854,-0.21269145607948303,-0.04889511628442733,-0.027794450521469116,-0.15678521990776062,-0.04024673564725845,-0.02432781457901001,-0.12637266516685486,-0.026235097408232377
N,0.0,0.0,0.0,0.052670955657958984,-0.049009770154953,-0.02200027792611081,0.07566437125205994,-0.1416833996772766,-0.03179856068351228,0.032492995262145996,-0.21250972151756287,-0.0409007412836786,-0.006160765886306763,-0.2525292634963989,-0.044543024663710185,0.07357645034790039,-0.2021465301513672,-0.004561665979110785,0.07939478754997253,-0.2707367539405823,-0.03903051889398057,0.06795379519462585,-0.21189814805984497,-0.05780389211037118,0.06114387512207031,-0.16124406456947327,-0.06432542628505189,0.030466675758361816,-0.20251575112342834,-0.007399053824030943,0.03835570812225342,-0.29327769577503204,-0.044327971105360575,0.035720646381378174,-0.2192744016647339,-0.053630892698549815,0.03571012616157532,-0.16806593537330627,-0.04825158095815141,-0.009623199701309204,-0.1921752393245697,-0.01576062156715352,-0.009051769971847534,-0.2587415277957916,-0.053724989806198664,0.0002190321683883667,-0.18083637952804565,-0.04684491506674249,0.004683583974838257,-0.1396344006061554,-0.029969070617937632,-0.04869425296783447,-0.17102298140525818,-0.0256385584817167,-0.03819260001182556,-0.21497532725334167,-0.049358699981951304,-0.02694183588027954,-0.15915119647979736,-0.03990133530356843,-0.023997366428375244,-0.1294231116771698,-0.025707526643657275
N,0.0,0.0,0.0,0.05371019244194031,-0.04987061023712158,-0.020445785654317206,0.07685568928718567,-0.13888242840766907,-0.03007881639672405,0.034317612648010254,-0.20877143740653992,-0.03936982264889366,-0.004030570387840271,-0.24799922108650208,-0.043530182150732344,0.07257959246635437,-0.20020639896392822,-0.004762471356968945,0.0790356695652008,-0.27004924416542053,-0.03892094006909019,0.06848403811454773,-0.21061155200004578,-0.05718596389664299,0.061982423067092896,-0.15938395261764526,-0.0633672077037204,0.030129700899124146,-0.20031490921974182,-0.00814423820150978,0.03821650147438049,-0.2919648289680481,-0.044229564426075285,0.035861194133758545,-0.2177315056324005,-0.05274669563544876,0.03565356135368347,-0.166433185338974,-0.04721762722505218,-0.009680002927780151,-0.18983358144760132,-0.0168138455427993,-0.008482962846755981,-0.257085844874382,-0.0545151617206443,0.0007357150316238403,-0.17927485704421997,-0.04723340755475647,0.004775702953338623,-0.1377277672290802,-0.03025984315348751,-0.04909086227416992,-0.1688336730003357,-0.026760838163625067,-0.038941338658332825,-0.21428552269935608,-0.05039228608978874,-0.027039334177970886,-0.15859076380729675,-0.040439740923773115,-0.023718848824501038,-0.12805145978927612,-0.02595635054780132
N,0.0,0.0,0.0,0.0532417893409729,-0.049582600593566895,-0.020471572885838896,0.07634571194648743,-0.13917669653892517,-0.029687929908362776,0.034190237522125244,-0.20918011665344238,-0.038539048294154554,-0.0034000277519226074,-0.24801653623580933,-0.042117428044406324,0.0715060830116272,-0.20117390155792236,-0.0038456767896093424,0.07827779650688171,-0.26969674229621887,-0.037742298106280714,0.06780323386192322,-0.20992282032966614,-0.055846560756293684,0.060774773359298706,-0.15932345390319824,-0.06187577919158116,0.028891563415527344,-0.20161756873130798,-0.007020766856697946,0.037249624729156494,-0.2921021282672882,-0.042460843930570036,0.035249948501586914,-0.21806782484054565,-0.050643555829850584,0.034855157136917114,-0.16786694526672363,-0.04498390854391232,-0.01077289879322052,-0.1912829875946045,-0.015595694082406908,-0.009174332022666931,-0.25673162937164307,-0.052596896896687895,0.00015814602375030518,-0.17901405692100525,-0.04520772771033421,0.003773108124732971,-0.13835036754608154,-0.028290372351733595,-0.04979562759399414,-0.17020729184150696,-0.02552139946314469,-0.038830190896987915,-0.21539363265037537,-0.04813565314802304,-0.027352243661880493,-0.1599692404270172,-0.037927631298629194,-0.024889007210731506,-0.13023200631141663,-0.023440644154874235
N,0.0,0.0,0.0,0.05463428795337677,-0.05104351043701172,-0.02058054789378616,0.0772138386964798,-0.13835546374320984,-0.0303139882482526,0.033775463700294495,-0.20633208751678467,-0.03977745495214435,-0.004560604691505432,-0.24422523379325867,-0.04420597202553722,0.07215715944766998,-0.20004040002822876,-0.003686047889658539,0.07897745072841644,-0.2675085514783859,-0.03770248315706226,0.068600133061409,-0.2086983621120453,-0.05648409671559307,0.061569347977638245,-0.1577686369419098,-0.06307421348466846,0.029738232493400574,-0.2003348171710968,-0.0069700479827758954,0.03796239197254181,-0.29082395136356354,-0.042877987990522115,0.03555448353290558,-0.21773594617843628,-0.051999931255721776,0.03511832654476166,-0.16594669222831726,-0.0469666617311475,-0.00984218716621399,-0.19008758664131165,-0.01564975551738712,-0.007630601525306702,-0.25651273131370544,-0.053083547423028676,0.0010436177253723145,-0.17942902445793152,-0.046457336316251485,0.00418698787689209,-0.1373785138130188,-0.029975309068703382,-0.04898054897785187,-0.16897496581077576,-0.025679077053808896,-0.03701178729534149,-0.21423375606536865,-0.049026795694970815,-0.026253581047058105,-0.15871116518974304,-0.03944764755144092,-0.02446308732032776,-0.12808912992477417,-0.02532705388441059
N,0.0,0.0,0.0,0.052563756704330444,-0.04979109764099121,-0.02122319898134606,0.07666897773742676,-0.13856685161590576,-0.030383440093459058,0.035518139600753784,-0.20959585905075073,-0.03916357679790394,-0.0007115751504898071,-0.24934780597686768,-0.04289568810290234,0.07163456082344055,-0.19972965121269226,-0.0029731587370349644,0.08086889982223511,-0.26535743474960327,-0.03687466530627148,0.07094573974609375,-0.20736846327781677,-0.05551231129592793,0.06275328993797302,-0.15824759006500244,-0.06173476426428692,0.030743837356567383,-0.20086103677749634,-0.005766857774318623,0.04108023643493652,-0.2904170751571655,-0.04071302934116261,0.038720130920410156,-0.2182207703590393,-0.049621800319613385,0.03684186935424805,-0.16768938302993774,-0.04451555980867283,-0.007877513766288757,-0.1903921663761139,-0.014002106511355805,-0.005017727613449097,-0.25270876288414,-0.050655400739373135,0.002991229295730591,-0.1744321584701538,-0.043521507070721555,0.004664361476898193,-0.13243114948272705,-0.02663541807359593,-0.04697337746620178,-0.16863206028938293,-0.023698548213900494,-0.03507708013057709,-0.21531468629837036,-0.045562332854927945,-0.02422577142715454,-0.15980207920074463,-0.034601336703957486,-0.023152515292167664,-0.1285231113433838,-0.01952673716968434
N,0.0,0.0,0.0,0.05251501500606537,-0.0519329309463501,-0.02130207819811858,0.07329989969730377,-0.13622820377349854,-0.031140392925067317,0.034379228949546814,-0.20587646961212158,-0.040968200470729244,-6.35385513305664e-05,-0.24534231424331665,-0.045687811728043926,0.06982199847698212,-0.20026573538780212,-0.0015607318370030043,0.07910133898258209,-0.26431959867477417,-0.03583194902114428,0.07024626433849335,-0.2052660882472992,-0.055287020559831035,0.0630279928445816,-0.15575772523880005,-0.06209804331831492,0.029840394854545593,-0.20071125030517578,-0.004548391606135738,0.03951285779476166,-0.2878412902355194,-0.03975682547263659,0.03746269643306732,-0.21627891063690186,-0.04896322851948298,0.03664137423038483,-0.16691318154335022,-0.04416386624745883,-0.00856742262840271,-0.18986552953720093,-0.013301682006044757,-0.004644706845283508,-0.2517458200454712,-0.05042226826719798,0.0025320202112197876,-0.17590072751045227,-0.04396220883302249,0.004066839814186096,-0.13473621010780334,-0.027416240702791583,-0.04733137786388397,-0.16811832785606384,-0.023606021236105335,-0.034512028098106384,-0.2133300006389618,-0.04599772607855357,-0.024246707558631897,-0.15929225087165833,-0.03580416953138865,-0.02359941601753235,-0.12790203094482422,-0.021147594134731662
N,0.0,0.0,0.0,0.052014127373695374,-0.050452351570129395,-0.021314538152495288,0.07352574169635773,-0.13527068495750427,-0.03117320972827997,0.03255976736545563,-0.20377692580223083,-0.04080554570404615,-0.003212153911590576,-0.2419278621673584,-0.04536372150627699,0.06917192041873932,-0.19885766506195068,-0.0025059439461472266,0.07833121716976166,-0.262710839509964,-0.03622408683744993,0.0695769339799881,-0.20349496603012085,-0.05531503360120382,0.062284305691719055,-0.1545107066631317,-0.062147916363159084,0.028920546174049377,-0.1992984414100647,-0.005425965016314649,0.039119526743888855,-0.2864251136779785,-0.04025601323095884,0.03735728561878204,-0.21451956033706665,-0.04935130576936331,0.036215975880622864,-0.16514748334884644,-0.04466920818535414,-0.009340927004814148,-0.18850639462471008,-0.013960666091719531,-0.0050407350063323975,-0.25114017724990845,-0.05048042635766592,0.0026222318410873413,-0.175387442111969,-0.04380489613262739,0.004006430506706238,-0.1347058117389679,-0.02746455098835554,-0.04793091118335724,-0.16653278470039368,-0.02403994749633398,-0.03451085090637207,-0.21177169680595398,-0.04613544891921606,-0.02431851625442505,-0.15755799412727356,-0.035951335982957744,-0.024152040481567383,-0.12687760591506958,-0.02157538856712904
N,0.0,0.0,0.0,0.05159077048301697,-0.04974180459976196,-0.02159079442424172,0.07276397943496704,-0.1346490979194641,-0.03135339262587422,0.03217598795890808,-0.2031233310699463,-0.040814534748619735,-0.0030145347118377686,-0.2412143349647522,-0.04521854686242932,0.06782150268554688,-0.1980821192264557,-0.002889303710958302,0.07729291915893555,-0.26228439807891846,-0.03653500693542355,0.06875208020210266,-0.20279034972190857,-0.055244696314161956,0.06148102879524231,-0.1541348397731781,-0.06167013662559384,0.02821117639541626,-0.19851449131965637,-0.005557428567385614,0.03830030560493469,-0.2854917645454407,-0.04021998586756581,0.036382585763931274,-0.21373119950294495,-0.04892093035084599,0.035063743591308594,-0.16470497846603394,-0.04384605678421849,-0.009566649794578552,-0.187598317861557,-0.013849997880583942,-0.005261644721031189,-0.24844613671302795,-0.050328315223282516,0.0016920268535614014,-0.17244425415992737,-0.04353005530936116,0.002614647150039673,-0.13195133209228516,-0.02691802660626763,-0.04772445559501648,-0.16590720415115356,-0.023666325012868583,-0.03471386432647705,-0.2112504243850708,-0.04533111768466824,-0.02500629425048828,-0.15720653533935547,-0.034735579962557495,-0.02523219585418701,-0.12661096453666687,-0.020004083390062988
N,0.0,0.0,0.0,0.051077961921691895,-0.04996746778488159,-0.021837045252652842,0.07168757915496826,-0.13411760330200195,-0.031799039617510516,0.030699044466018677,-0.2018587589263916,-0.04146472997996398,-0.003935873508453369,-0.24024951457977295,-0.046075771376820285,0.06699401140213013,-0.19784849882125854,-0.0026576156265605277,0.07629314064979553,-0.2602715790271759,-0.036497465148897845,0.06783011555671692,-0.2009967565536499,-0.055530118570061404,0.06055435538291931,-0.15213948488235474,-0.062132960930796344,0.02739572525024414,-0.19825580716133118,-0.005255184881718833,0.03742241859436035,-0.2839892506599426,-0.04013587422701903,0.03560155630111694,-0.21231701970100403,-0.049152060225935656,0.03446406126022339,-0.16313639283180237,-0.0442429807040412,-0.010251417756080627,-0.18726563453674316,-0.013535114750595767,-0.005889073014259338,-0.24758556485176086,-0.0501507956537921,0.001037001609802246,-0.17163360118865967,-0.0435556087646205,0.0020104944705963135,-0.13098815083503723,-0.027028054744334895,-0.04835151135921478,-0.16525045037269592,-0.023388174176545817,-0.035194605588912964,-0.2101038098335266,-0.0451623860749919,-0.025449365377426147,-0.15622922778129578,-0.0347248975190837,-0.025527402758598328,-0.1257779896259308,-0.020069976151319224
N,0.0,0.0,0.0,0.0512443482875824,-0.04959684610366821,-0.0215077683442928,0.07186096906661987,-0.13359490036964417,-0.03149252982080952,0.0300295352935791,-0.20033404231071472,-0.0410930313283302,-0.005000293254852295,-0.23888510465621948,-0.04565615431607739,0.06697872281074524,-0.1961463987827301,-0.003429680748070041,0.07650056481361389,-0.2585121989250183,-0.03686918170393483,0.06792041659355164,-0.20000669360160828,-0.05548669995010869,0.0604797899723053,-0.15142446756362915,-0.0619706831985809,0.027199506759643555,-0.19667351245880127,-0.0060302740076281225,0.0378701388835907,-0.2823159098625183,-0.040741769980797926,0.03624516725540161,-0.21094149351119995,-0.04977121056259648,0.034836769104003906,-0.16173088550567627,-0.04501158596218602,-0.010430291295051575,-0.18612366914749146,-0.014134793926189104,-0.0061417073011398315,-0.2467784583568573,-0.050357228528866926,0.001710653305053711,-0.17157596349716187,-0.04392166660369412,0.0029606521129608154,-0.13138222694396973,-0.02778501474500672,-0.048317134380340576,-0.16450601816177368,-0.023746826138506094,-0.035335272550582886,-0.2089526355266571,-0.04559744374097363,-0.02494525909423828,-0.15528634190559387,-0.035562189679751555,-0.024755433201789856,-0.12531974911689758,-0.021349758293638388
N,0.0,0.0,0.0,0.051404982805252075,-0.047329843044281006,-0.021781202285097834,0.07272246479988098,-0.13156208395957947,-0.03175564098219752,0.03116282820701599,-0.19920799136161804,-0.041191175459431406,-0.002978101372718811,-0.23895853757858276,-0.045547004668520685,0.0673249363899231,-0.19362565875053406,-0.004381439527975317,0.07707980275154114,-0.2560068964958191,-0.03784556674818873,0.06880280375480652,-0.19740977883338928,-0.05614078032832026,0.061168938875198364,-0.14880168437957764,-0.06238455313305735,0.027583807706832886,-0.19440791010856628,-0.006854181988643404,0.03857162594795227,-0.2800610065460205,-0.04143407928805232,0.037118107080459595,-0.20860743522644043,-0.050099965064333674,0.03528869152069092,-0.15946006774902344,-0.045143976687000986,-0.009949266910552979,-0.1839822232723236,-0.014826591937350031,-0.005364343523979187,-0.24463385343551636,-0.05124385642866969,0.0026643872261047363,-0.16918757557868958,-0.04471162694554209,0.0036872029304504395,-0.12953555583953857,-0.02852528157691836,-0.04766261577606201,-0.1626804769039154,-0.024277079729841944,-0.03436708450317383,-0.20679253339767456,-0.046439427761839625,-0.023935362696647644,-0.15306836366653442,-0.03652129310231089,-0.024085327982902527,-0.12379121780395508,-0.022430088250445124
N,0.0,0.0,0.0,0.050204187631607056,-0.04540067911148071,-0.022122398882572725,0.07261589169502258,-0.1308698058128357,-0.032228779911463334,0.03233212232589722,-0.1995334029197693,-0.04150286403245218,-0.0017582178115844727,-0.2405397593975067,-0.04565638762659319,0.06761467456817627,-0.1925382912158966,-0.006298702142601087,0.07678058743476868,-0.2513777017593384,-0.040650927394096925,0.06752625107765198,-0.19288724660873413,-0.059214913218681886,0.05999138951301575,-0.1446707844734192,-0.06545368668383844,0.02772700786590576,-0.1932644546031952,-0.00854944058454521,0.03826183080673218,-0.2754168212413788,-0.044251010685627534,0.03681054711341858,-0.20228683948516846,-0.052768249928419664,0.03598833084106445,-0.15314742922782898,-0.047670890509550645,-0.009467408061027527,-0.1823958158493042,-0.016175276532237604,-0.00478634238243103,-0.2382393777370453,-0.053057894974415376,0.003362983465194702,-0.16154178977012634,-0.04576861944741495,0.0051330626010894775,-0.12257224321365356,-0.02912907947546728,-0.04664325714111328,-0.16084405779838562,-0.02528790657169111,-0.03325667977333069,-0.20316609740257263,-0.046958689510290696,-0.023011356592178345,-0.14921161532402039,-0.036175281673138215,-0.022978782653808594,-0.12115496397018433,-0.02158265833503492
N,0.0,0.0,0.0,0.05087023973464966,-0.04603773355484009,-0.02197473507118275,0.07168281078338623,-0.12943518161773682,-0.03202315803360989,0.029898762702941895,-0.19448396563529968,-0.04138619463634541,-0.003906309604644775,-0.23229092359542847,-0.04564609762024929,0.06599897146224976,-0.19012653827667236,-0.0046014516775017,0.07572603225708008,-0.24941164255142212,-0.03763937588524868,0.06717756390571594,-0.1913570761680603,-0.055747605969429515,0.059777915477752686,-0.14371457695960999,-0.06205579649400761,0.026804834604263306,-0.19113439321517944,-0.006918345687211058,0.0385073721408844,-0.27411043643951416,-0.041235815842867396,0.03632816672325134,-0.20433077216148376,-0.04991740744304707,0.03414773941040039,-0.15632402896881104,-0.045134969164848826,-0.010408297181129456,-0.18113330006599426,-0.014735766795695326,-0.005637139081954956,-0.23928874731063843,-0.050676841398001216,0.002067357301712036,-0.165220707654953,-0.04442569624376347,0.003298550844192505,-0.12654340267181396,-0.02862911496055176,-0.04760971665382385,-0.1605893075466156,-0.02406548160803368,-0.034387171268463135,-0.20226222276687622,-0.04577388997864773,-0.02411271631717682,-0.1495164930820465,-0.03616477559995701,-0.024213001132011414,-0.12144523859024048,-0.02250089879822781
N,0.0,0.0,0.0,0.05000162124633789,-0.046669602394104004,-0.02180446158479299,0.07031989097595215,-0.1290220022201538,-0.03205184857677068,0.028559893369674683,-0.1928965151309967,-0.04162824000547971,-0.0059022605419158936,-0.2291298508644104,-0.04628876070808019,0.06500911712646484,-0.19046783447265625,-0.005660752163635152,0.07379910349845886,-0.24912723898887634,-0.03841164554785337,0.06567424535751343,-0.19100290536880493,-0.056368777857528585,0.05890864133834839,-0.1432071328163147,-0.06266853059958066,0.026065289974212646,-0.19096669554710388,-0.008049391539202588,0.03667166829109192,-0.2728833854198456,-0.041903684244857686,0.035124510526657104,-0.20337465405464172,-0.05026808972786512,0.03376433253288269,-0.1553260087966919,-0.045460628674732106,-0.01087072491645813,-0.18047571182250977,-0.015802223564492124,-0.006414920091629028,-0.2376427948474884,-0.05139902453254308,0.0014553070068359375,-0.1638495922088623,-0.04501727070044126,0.0030297040939331055,-0.124825119972229,-0.02927182275186624,-0.04794330894947052,-0.15930524468421936,-0.02504363502691831,-0.035179704427719116,-0.20134955644607544,-0.04663963835071172,-0.024815648794174194,-0.14856910705566406,-0.036858646528230565,-0.024477839469909668,-0.11958932876586914,-0.023101657958136457
N,0.0,0.0,0.0,0.05100375413894653,-0.046772897243499756,-0.02156297453561251,0.07174941897392273,-0.12706446647644043,-0.031381802269009995,0.03119555115699768,-0.19073352217674255,-0.04056304843047087,-0.0026043951511383057,-0.22728437185287476,-0.04500117675283377,0.06566497683525085,-0.18750834465026855,-0.005073970284996676,0.07407596707344055,-0.24702870845794678,-0.03736960292675917,0.06598040461540222,-0.1899983286857605,-0.05495318175175612,0.05956605076789856,-0.14276134967803955,-0.06099955887415831,0.027022510766983032,-0.18809574842453003,-0.00718001798608725,0.0370783805847168,-0.27040982246398926,-0.04112269134142821,0.035224318504333496,-0.20137661695480347,-0.04970152080872481,0.03424760699272156,-0.15330451726913452,-0.04492667839744513,-0.009439438581466675,-0.17828530073165894,-0.014570822574881959,-0.004716694355010986,-0.23479288816452026,-0.05038402379372542,0.0026838183403015137,-0.16139650344848633,-0.04440124482729857,0.0046131908893585205,-0.12224942445755005,-0.02871239521422808,-0.046224355697631836,-0.15842017531394958,-0.02337831036069815,-0.03364650905132294,-0.20051902532577515,-0.04521722496369307,-0.024124979972839355,-0.1477869153022766,-0.035759964593438553,-0.02377702295780182,-0.11855214834213257,-0.022096121319322037
N,0.0,0.0,0.0,0.05041584372520447,-0.04694986343383789,-0.020476128392800774,0.07159435749053955,-0.12721014022827148,-0.029808651142701592,0.03168913722038269,-0.19015762209892273,-0.038692360230669465,-0.0028198063373565674,-0.22553491592407227,-0.042973199346050706,0.06532260775566101,-0.1865481436252594,-0.004130353172257628,0.0734613835811615,-0.2447281777858734,-0.036125612863287415,0.06562775373458862,-0.1878870129585266,-0.05347687885998198,0.059205085039138794,-0.14079469442367554,-0.0592763772690148,0.026809215545654297,-0.18703994154930115,-0.0065966536746771,0.03639879822731018,-0.2673671245574951,-0.04047140241502234,0.034949928522109985,-0.1979590654373169,-0.04897328973649451,0.03387254476547241,-0.149976909160614,-0.04402875662682959,-0.00943763554096222,-0.1774943768978119,-0.014272185460612263,-0.005003839731216431,-0.23191559314727783,-0.050066502251610245,0.003194659948348999,-0.15906351804733276,-0.04456626013754317,0.005519777536392212,-0.12047749757766724,-0.029079125680908646,-0.04578156769275665,-0.15804266929626465,-0.02320782788930842,-0.03379100561141968,-0.19940179586410522,-0.044888006010040726,-0.023639574646949768,-0.14697736501693726,-0.035670199849590745,-0.02264454960823059,-0.11791527271270752,-0.022127182641014542
N,0.0,0.0,0.0,0.05005854368209839,-0.04551488161087036,-0.020994242155978782,0.07144373655319214,-0.12736564874649048,-0.03024189347965489,0.03231897950172424,-0.1915413737297058,-0.03881172264559041,-0.0012156367301940918,-0.2294045090675354,-0.04262946347338925,0.06546485424041748,-0.1845296025276184,-0.004885353023240668,0.07449349761009216,-0.2433682680130005,-0.0370644944403864,0.06653234362602234,-0.1864055097103119,-0.05406912962538968,0.059551775455474854,-0.139659583568573,-0.05942024091822873,0.027343541383743286,-0.18516051769256592,-0.006870058706084592,0.03817906975746155,-0.26551422476768494,-0.04066543827397595,0.03619927167892456,-0.19644403457641602,-0.04870885411841641,0.034396231174468994,-0.14901477098464966,-0.043369261423180205,-0.00884699821472168,-0.17603465914726257,-0.014121419625411136,-0.0032281577587127686,-0.22922015190124512,-0.04999248857242833,0.004248708486557007,-0.1562517285346985,-0.044251127043793304,0.005955159664154053,-0.1182592511177063,-0.028495550030896766,-0.04502439498901367,-0.1576898694038391,-0.022609392056295974,-0.03229561448097229,-0.19857367873191833,-0.044129559645483596,-0.022637948393821716,-0.14617854356765747,-0.034692531326840026,-0.022231832146644592,-0.11757618188858032,-0.020982384556958777
N,0.0,0.0,0.0,0.049699604511260986,-0.044493019580841064,-0.0213038035544173,0.07035687565803528,-0.12657761573791504,-0.03080988199138801,0.03110337257385254,-0.19049102067947388,-0.03953281686330001,-0.002128422260284424,-0.22903788089752197,-0.04344666273021858,0.0654536783695221,-0.18420472741127014,-0.005285859933735537,0.07419437170028687,-0.2419106364250183,-0.03745720059299629,0.06575947999954224,-0.18519389629364014,-0.05470095471167724,0.05872747302055359,-0.13824224472045898,-0.06033980742716949,0.027211010456085205,-0.1850343942642212,-0.007188388972224402,0.038128823041915894,-0.26422184705734253,-0.04056242749715011,0.03576695919036865,-0.19572076201438904,-0.048462084388972926,0.03383094072341919,-0.14815467596054077,-0.04323260009908836,-0.009015709161758423,-0.17550942301750183,-0.014394461071731257,-0.0039962828159332275,-0.22961273789405823,-0.04963966727876823,0.00376969575881958,-0.15758109092712402,-0.04386632785821121,0.005874544382095337,-0.11936116218566895,-0.02842689574384849,-0.044991329312324524,-0.15633004903793335,-0.022931928640844035,-0.033389315009117126,-0.19548380374908447,-0.04461109534526031,-0.022752732038497925,-0.1442110538482666,-0.0357636798980252,-0.021154120564460754,-0.11626118421554565,-0.022525626129151988
N,0.0,0.0,0.0,0.04971492290496826,-0.04418224096298218,-0.022414391312281623,0.07058277726173401,-0.12652486562728882,-0.032190791714469924,0.03177410364151001,-0.19175958633422852,-0.0409774849298401,-0.0014582276344299316,-0.23047387599945068,-0.044873810756485,0.06485176086425781,-0.18522918224334717,-0.005381002939770951,0.07375088334083557,-0.24277129769325256,-0.037931847769300475,0.06537246704101562,-0.1862424612045288,-0.05547924284962846,0.058452218770980835,-0.13898080587387085,-0.06119475831417276,0.026768118143081665,-0.18587109446525574,-0.006761844653169646,0.03659859299659729,-0.2641269564628601,-0.040813188451807036,0.03465801477432251,-0.19539496302604675,-0.049183025408069625,0.03355532884597778,-0.147533118724823,-0.044025308835784926,-0.00910089910030365,-0.17603722214698792,-0.013589388142804637,-0.004796326160430908,-0.2289658784866333,-0.04937169646052553,0.003106534481048584,-0.15686893463134766,-0.04374936168221666,0.005678415298461914,-0.11831486225128174,-0.028113228652159705,-0.04466560482978821,-0.15653711557388306,-0.021864031824748054,-0.03385813534259796,-0.1962251365184784,-0.04374872838286592,-0.02344353497028351,-0.14490807056427002,-0.034872531342784896,-0.021759063005447388,-0.11640757322311401,-0.021423661533276572
N,0.0,0.0,0.0,0.049387067556381226,-0.04446536302566528,-0.0220067876558403,0.06974297761917114,-0.12778490781784058,-0.031832194251904866,0.03018966317176819,-0.19277650117874146,-0.040767742617020986,-0.0028713643550872803,-0.23304492235183716,-0.0448776505123476,0.06541270017623901,-0.18298298120498657,-0.00600908167470493,0.07366740703582764,-0.24127358198165894,-0.03884807444919147,0.06530535221099854,-0.1848098635673523,-0.05634831480492153,0.05802285671234131,-0.137897789478302,-0.06198706693757572,0.027074187994003296,-0.1828821301460266,-0.007508435582707307,0.03720518946647644,-0.2615633010864258,-0.04190281621922054,0.035058945417404175,-0.19273990392684937,-0.05012640572894611,0.033053696155548096,-0.14488714933395386,-0.04490746401060619,-0.009138703346252441,-0.1734364926815033,-0.01439921214986839,-0.004868313670158386,-0.22820913791656494,-0.050676415039191625,0.0033413171768188477,-0.15571224689483643,-0.04492847092259922,0.005827784538269043,-0.11705094575881958,-0.02922932833243408,-0.04498392343521118,-0.15490353107452393,-0.022607600612531087,-0.0334722101688385,-0.1939297616481781,-0.045096079183707616,-0.02264264225959778,-0.142347514629364,-0.03652724094499149,-0.020834654569625854,-0.11478078365325928,-0.02330016933191814
N,0.0,0.0,0.0,0.04917207360267639,-0.043714046478271484,-0.021842740555513274,0.06927356123924255,-0.12651687860488892,-0.03153323576341904,0.030111610889434814,-0.1918220818042755,-0.04027705461274422,-0.0021099448204040527,-0.23314717411994934,-0.04440202385674752,0.06459039449691772,-0.18055042624473572,-0.0064029945854429116,0.07287755608558655,-0.2385333776473999,-0.03923312023769654,0.06479254364967346,-0.18350201845169067,-0.056793721472132574,0.05767503380775452,-0.13622885942459106,-0.062477326099980246,0.026360392570495605,-0.1805255115032196,-0.007982666683602702,0.03714337944984436,-0.2601795196533203,-0.0424566958893422,0.03472486138343811,-0.19283172488212585,-0.050946476017344366,0.032224297523498535,-0.14404338598251343,-0.04593555823456086,-0.009783238172531128,-0.17109239101409912,-0.014852665444124113,-0.0056081414222717285,-0.2271082103252411,-0.05107724115740098,0.002417951822280884,-0.1554044485092163,-0.045440239911187064,0.004809081554412842,-0.11625039577484131,-0.029860045840251814,-0.045593589544296265,-0.15245336294174194,-0.023017982100355994,-0.03426334261894226,-0.1920548379421234,-0.045870943074334036,-0.023265674710273743,-0.1407211422920227,-0.0375806671429757,-0.0212840735912323,-0.113034188747406,-0.02452527180801667
N,0.0,0.0,0.0,0.049543529748916626,-0.042323410511016846,-0.02310634559270852,0.06960898637771606,-0.12716519832611084,-0.03273718027648442,0.03089126944541931,-0.191512793302536,-0.04098734228190892,-0.0020231902599334717,-0.23198369145393372,-0.04409977389749997,0.06468334794044495,-0.18323540687561035,-0.00581774177280181,0.07313236594200134,-0.24083110690116882,-0.039158459438652926,0.0656556487083435,-0.18494391441345215,-0.05679424820718282,0.05841246247291565,-0.13834047317504883,-0.06227648226794713,0.02672576904296875,-0.18394869565963745,-0.00684715310362094,0.03686928749084473,-0.2625047564506531,-0.041638932808012896,0.03511771559715271,-0.1933063268661499,-0.04980715332803243,0.03290271759033203,-0.14618706703186035,-0.04402158750471585,-0.009041517972946167,-0.17450377345085144,-0.01349304771301263,-0.006295204162597656,-0.2280198335647583,-0.05034038765606397,0.002412080764770508,-0.15455785393714905,-0.04449616341170781,0.005392938852310181,-0.11741173267364502,-0.02834185553965085,-0.04388958215713501,-0.15604698657989502,-0.021531285403938227,-0.034189894795417786,-0.19189181923866272,-0.04439777849492543,-0.023052573204040527,-0.14003121852874756,-0.03585532648739331,-0.020733118057250977,-0.11534953117370605,-0.022393237485260897
N,0.0,0.0,0.0,0.05013039708137512,-0.0439336895942688,-0.02248628940208164,0.07064452767372131,-0.12785595655441284,-0.03203664663953987,0.03246796131134033,-0.19172510504722595,-0.0404310816876432,-0.0018516182899475098,-0.23040777444839478,-0.04381481129451004,0.06545528769493103,-0.184754878282547,-0.0054596312321564255,0.07263773679733276,-0.24261698126792908,-0.03862895015402046,0.06498074531555176,-0.18659383058547974,-0.056233189439012676,0.05835554003715515,-0.140142023563385,-0.061769108658268124,0.0271720290184021,-0.18541568517684937,-0.006785936558230787,0.036391615867614746,-0.26321083307266235,-0.04149573985262123,0.03450384736061096,-0.19393578171730042,-0.0496926786355516,0.032720595598220825,-0.14712035655975342,-0.04400013331098762,-0.008805394172668457,-0.17584770917892456,-0.013646521044506699,-0.006796017289161682,-0.2290010154247284,-0.05029348972959724,0.0018115639686584473,-0.15579569339752197,-0.044479369556142956,0.005101427435874939,-0.11869525909423828,-0.028423886185123592,-0.04400262236595154,-0.15706336498260498,-0.021869602983429104,-0.03519591689109802,-0.19322818517684937,-0.04440706167144981,-0.024001866579055786,-0.14149600267410278,-0.03572833109421936,-0.02115723490715027,-0.11654084920883179,-0.022195455988480717
N,0.0,0.0,0.0,0.05161076784133911,-0.0425301194190979,-0.02147377186236099,0.07359212636947632,-0.12363529205322266,-0.03077049084720329,0.03942996263504028,-0.18824085593223572,-0.0392194715958567,0.005935683846473694,-0.22719264030456543,-0.04267749094185547,0.0683375895023346,-0.18460282683372498,-0.004844801470312632,0.07560062408447266,-0.24315083026885986,-0.03658411555704788,0.06576988101005554,-0.1869252324104309,-0.053686494908902205,0.05856478214263916,-0.14121723175048828,-0.05910462789950088,0.02875402569770813,-0.1859394907951355,-0.006592532589706934,0.036283940076828,-0.26419907808303833,-0.039538762502047575,0.03409922122955322,-0.19771885871887207,-0.04723876991090492,0.03347465395927429,-0.15172195434570312,-0.04180483051356987,-0.00818885862827301,-0.17574289441108704,-0.013489881500277079,-0.0057010650634765625,-0.22896918654441833,-0.0481996452134581,0.002365604043006897,-0.1571701467037201,-0.04103773736176208,0.005270615220069885,-0.11946994066238403,-0.024590252868506468,-0.043911129236221313,-0.15584030747413635,-0.021842959306809462,-0.03264886140823364,-0.1951601207256317,-0.042723755322072066,-0.022110775113105774,-0.1440601348876953,-0.03220403843340591,-0.020579218864440918,-0.11694842576980591,-0.017493321530196226
N,0.0,0.0,0.0,0.051802679896354675,-0.04250895977020264,-0.022437559910969185,0.0745905190706253,-0.12445470690727234,-0.0318299145483536,0.039805397391319275,-0.1890469193458557,-0.040211821445183205,0.005626499652862549,-0.22687003016471863,-0.043345368006185936,0.06920753419399261,-0.1875734031200409,-0.0038655265280169715,0.07470856606960297,-0.24465996026992798,-0.036496064164595055,0.06508804857730865,-0.1882246732711792,-0.054390842565254616,0.05813734233379364,-0.14230191707611084,-0.06027072528834765,0.029727742075920105,-0.18818625807762146,-0.0052532381423873176,0.035813137888908386,-0.265691876411438,-0.039576778658585,0.03386501967906952,-0.19817596673965454,-0.04822163889642184,0.03317658603191376,-0.15238672494888306,-0.0430051558696789,-0.006811946630477905,-0.17741918563842773,-0.012124483012513565,-0.006583109498023987,-0.2299109697341919,-0.04821848730082934,0.0024595558643341064,-0.1577874720096588,-0.042303076484159874,0.006382778286933899,-0.1210286021232605,-0.026280979164795326,-0.0416845977306366,-0.15738049149513245,-0.020532072060660767,-0.03280189633369446,-0.19313859939575195,-0.04258789727921908,-0.021520331501960754,-0.14269277453422546,-0.03365219990249102,-0.018464937806129456,-0.11798059940338135,-0.019881688528613495
N,0.0,0.0,0.0,0.05142773687839508,-0.04304981231689453,-0.022588194605020817,0.07408414781093597,-0.12591055035591125,-0.03223753466835433,0.03745006024837494,-0.1905042827129364,-0.04081382348766738,0.0025594979524612427,-0.22887718677520752,-0.044117667969374,0.07009471952915192,-0.1877421736717224,-0.004443160049675043,0.07468701899051666,-0.24523919820785522,-0.03732271238794738,0.06390427052974701,-0.18909427523612976,-0.055353661324886616,0.05708475410938263,-0.14339220523834229,-0.06144257008662635,0.029792532324790955,-0.18829095363616943,-0.006013920787779625,0.03533954918384552,-0.2670932710170746,-0.04057781144609862,0.03293581306934357,-0.19905775785446167,-0.04898479699721747,0.03296445310115814,-0.15301191806793213,-0.04366723194351607,-0.0072145164012908936,-0.17779222130775452,-0.01310470632841998,-0.007272928953170776,-0.23216009140014648,-0.04923933490744048,0.0014477372169494629,-0.15983161330223083,-0.042795514013675984,0.005557075142860413,-0.12288486957550049,-0.026574936952499684,-0.04251454770565033,-0.15770292282104492,-0.021801964636949833,-0.03333643078804016,-0.19437262415885925,-0.044002940204052265,-0.022513195872306824,-0.14317351579666138,-0.034846314486173924,-0.01962544023990631,-0.11790540814399719,-0.020999809052852925
N,0.0,0.0,0.0,0.051245421171188354,-0.04397493600845337,-0.023035497190562637,0.07297635078430176,-0.1281377673149109,-0.032357650594917686,0.0360213965177536,-0.19385260343551636,-0.04058793445130959,0.0018951445817947388,-0.23407480120658875,-0.04342101772328988,0.07009938359260559,-0.1894703507423401,-0.0037281206065244987,0.07422611117362976,-0.24818161129951477,-0.03658757989308015,0.06243044137954712,-0.19164296984672546,-0.05449154858490601,0.05539634823799133,-0.14563554525375366,-0.060487209605184944,0.029524147510528564,-0.1900233030319214,-0.004979180423674734,0.034568920731544495,-0.2693268060684204,-0.039837828623262794,0.031271547079086304,-0.20075392723083496,-0.048405444966761024,0.03145366907119751,-0.15443536639213562,-0.043041663961616905,-0.007746711373329163,-0.1794150471687317,-0.011882142881063373,-0.00869123637676239,-0.2345338761806488,-0.04813263823291436,-0.00017412006855010986,-0.1620645821094513,-0.04188461859723702,0.004633858799934387,-0.12480694055557251,-0.025711186947432907,-0.04322187602519989,-0.15922456979751587,-0.02046455142101422,-0.035013288259506226,-0.19502505660057068,-0.042922618584839256,-0.023808002471923828,-0.14412370324134827,-0.034298787610737236,-0.019694462418556213,-0.11923903226852417,-0.020744847851005943
N,0.0,0.0,0.0,0.0508122593164444,-0.04479950666427612,-0.023272628949399632,0.07288099825382233,-0.1280813217163086,-0.03267207095157687,0.03698936104774475,-0.1939353048801422,-0.04093891480695788,0.0028381943702697754,-0.2340458333492279,-0.043860775472040814,0.06938447058200836,-0.19098451733589172,-0.004077722837593001,0.07335244119167328,-0.2519373297691345,-0.036849820108528775,0.06081022322177887,-0.196312814950943,-0.05454599955808703,0.05343793332576752,-0.15017688274383545,-0.06021422991287295,0.028720006346702576,-0.19166046380996704,-0.005174502783830803,0.033142656087875366,-0.27315640449523926,-0.04008236253392283,0.02954097092151642,-0.20536845922470093,-0.048747145624275845,0.03003840148448944,-0.15845933556556702,-0.04315053025018756,-0.008725106716156006,-0.18087905645370483,-0.011835121603127163,-0.010218992829322815,-0.2360662817955017,-0.04840921336543147,-0.001840844750404358,-0.163196861743927,-0.0423947508050162,0.0033558905124664307,-0.12491011619567871,-0.025971869991536778,-0.04454101622104645,-0.1602524220943451,-0.020131218300576847,-0.037067413330078125,-0.1970202922821045,-0.04293927648794238,-0.025684833526611328,-0.14574426412582397,-0.03418345102798526,-0.020998001098632812,-0.1194513738155365,-0.02016362087559287
N,0.0,0.0,0.0,0.0518544465303421,-0.04730778932571411,-0.02290688733131674,0.07337872684001923,-0.132199227809906,-0.032252223217199116,0.037935733795166016,-0.19753575325012207,-0.0406557367977598,0.0029897689819335938,-0.23654353618621826,-0.04386773797244814,0.0703941136598587,-0.19405239820480347,-0.003664455130035549,0.07346184551715851,-0.2551920711994171,-0.0362958395716646,0.06082729995250702,-0.19950300455093384,-0.05446152480811861,0.05370070040225983,-0.15244954824447632,-0.06049812304348734,0.029315143823623657,-0.19442445039749146,-0.004759165910343199,0.032828256487846375,-0.27493467926979065,-0.03960546570391443,0.029252737760543823,-0.20760685205459595,-0.04868735837311533,0.029872074723243713,-0.15932971239089966,-0.04344961511463907,-0.0086069256067276,-0.18331941962242126,-0.011367059299061566,-0.01121191680431366,-0.23988384008407593,-0.0473138922688463,-0.0022202134132385254,-0.16731610894203186,-0.04153025987119463,0.0037160515785217285,-0.12710300087928772,-0.025483748861859112,-0.04451759159564972,-0.16223466396331787,-0.0196606153485277,-0.03744418919086456,-0.1993628442287445,-0.04227621572584894,-0.025636494159698486,-0.1487056016921997,-0.0338716404375532,-0.02021433413028717,-0.12139022350311279,-0.020157943466017514
N,0.0,0.0,0.0,0.05194561183452606,-0.04668909311294556,-0.023505975130689194,0.0746726542711258,-0.13153976202011108,-0.032577127787959625,0.040311917662620544,-0.19805678725242615,-0.04057727811087375,0.006518900394439697,-0.23827454447746277,-0.043203931871545365,0.07346464693546295,-0.1930316984653473,-0.0035375401952535412,0.07599897682666779,-0.25568199157714844,-0.03650325593699222,0.06226061284542084,-0.2000076174736023,-0.054451909485948136,0.05515243113040924,-0.1534404158592224,-0.06033109185446506,0.031939998269081116,-0.19399875402450562,-0.004422525513660958,0.03501895070075989,-0.2752479314804077,-0.04017117303956752,0.03060726821422577,-0.2066381573677063,-0.04926067275155788,0.03190872073173523,-0.159251868724823,-0.04370750171293025,-0.00643552839756012,-0.1835537850856781,-0.01094283127386575,-0.00916936993598938,-0.24104082584381104,-0.04815555793393855,-0.0013937801122665405,-0.16688311100006104,-0.04214946982611423,0.004727452993392944,-0.1275867521762848,-0.02559433561910396,-0.04311090707778931,-0.16307172179222107,-0.019173587310802986,-0.03640541434288025,-0.1998460292816162,-0.04294647705901866,-0.025312691926956177,-0.14786523580551147,-0.03466108498324161,-0.019608482718467712,-0.1214306652545929,-0.020737549859774163
N,0.0,0.0,0.0,0.051473990082740784,-0.044062137603759766,-0.02493522768949674,0.07699501514434814,-0.12934869527816772,-0.03419424673651861,0.043128207325935364,-0.1980251669883728,-0.04202393150066541,0.00966307520866394,-0.2346745729446411,-0.043992888984433876,0.07852143049240112,-0.19287413358688354,-0.004085087088100181,0.07685196399688721,-0.2574104070663452,-0.0382218666944425,0.061703503131866455,-0.19955065846443176,-0.056074675974599586,0.05654136836528778,-0.154598206281662,-0.0619231135222833,0.035420626401901245,-0.19484329223632812,-0.005022188984952436,0.03573106229305267,-0.2803599238395691,-0.0427978046808164,0.02988380193710327,-0.20744696259498596,-0.051098980811588035,0.032547906041145325,-0.16094189882278442,-0.044167009052983985,-0.0034720152616500854,-0.18447428941726685,-0.011910310817114578,-0.008753091096878052,-0.24254977703094482,-0.05098113870357679,-0.001921147108078003,-0.1657048761844635,-0.04363888209795164,0.005125969648361206,-0.12858757376670837,-0.025551696178666816,-0.04081560671329498,-0.16389885544776917,-0.020715239328495727,-0.03573223948478699,-0.19982075691223145,-0.04514768054818319,-0.02607320249080658,-0.14591524004936218,-0.03612327283357786,-0.020082637667655945,-0.12075135111808777,-0.02137807091807531
N,0.0,0.0,0.0,0.053147271275520325,-0.04884672164916992,-0.020606438547190464,0.07797510921955109,-0.1306530237197876,-0.02914284254592303,0.0448460578918457,-0.1976516842842102,-0.03732654350977782,0.011034011840820312,-0.23611953854560852,-0.04025996375065688,0.07483763992786407,-0.19376340508460999,-0.00205348400567118,0.07658080756664276,-0.2567770481109619,-0.03483778882008437,0.06157104671001434,-0.2004261612892151,-0.05238297480326537,0.05466967821121216,-0.15381842851638794,-0.05825578692537192,0.03333498537540436,-0.1957000494003296,-0.0044436360819304355,0.03458337485790253,-0.2771220803260803,-0.04038115861993674,0.029553160071372986,-0.20522716641426086,-0.04865619811397437,0.030853256583213806,-0.15804490447044373,-0.04276303100567702,-0.004866763949394226,-0.18539267778396606,-0.012241040274318493,-0.009939894080162048,-0.2437848448753357,-0.049058820038851536,-0.002140417695045471,-0.16845810413360596,-0.041965565562065876,0.0043432265520095825,-0.12998107075691223,-0.025043017148789204,-0.0416138619184494,-0.16457262635231018,-0.021547368645485676,-0.037204205989837646,-0.20141634345054626,-0.04406090351920966,-0.02616739273071289,-0.1502087116241455,-0.034996538340863026,-0.020104601979255676,-0.12509995698928833,-0.020967907190140522
N,0.0,0.0,0.0,0.05209903419017792,-0.047701358795166016,-0.023409095697275006,0.07708834111690521,-0.1310730278491974,-0.0321588209943684,0.044334933161735535,-0.1993449330329895,-0.03992139465378841,0.011373057961463928,-0.240521639585495,-0.042319852031937444,0.0757146030664444,-0.1936137080192566,-0.00300619668530544,0.0770108550786972,-0.2581197917461395,-0.03585405192541202,0.06156684458255768,-0.20309579372406006,-0.05345422319339832,0.05508321523666382,-0.1572468876838684,-0.05919080889987072,0.0339042991399765,-0.19520306587219238,-0.0038709730023356315,0.03594611585140228,-0.27750107645988464,-0.04049269772337993,0.029843077063560486,-0.2078613042831421,-0.04967825032042583,0.03164300322532654,-0.16060099005699158,-0.043871763266793096,-0.004747211933135986,-0.1849759817123413,-0.010334251552990281,-0.009019464254379272,-0.2430439591407776,-0.048594120063057744,-0.002620115876197815,-0.1679202914237976,-0.042547638632527196,0.004443570971488953,-0.12808692455291748,-0.02556427858041843,-0.04191462695598602,-0.16448602080345154,-0.018452896841040456,-0.036444291472435,-0.20051944255828857,-0.043063025094738805,-0.026388019323349,-0.1482895314693451,-0.03498956478404125,-0.019907578825950623,-0.12161862850189209,-0.02088019541668018
N,0.0,0.0,0.0,0.05181431770324707,-0.04979658126831055,-0.02202140899075289,0.07615774869918823,-0.13174495100975037,-0.030427850649488164,0.0452570766210556,-0.19920319318771362,-0.03823110075367708,0.013257265090942383,-0.2404419481754303,-0.04087124751580973,0.0744008719921112,-0.19448918104171753,-0.001497414644603623,0.0758814811706543,-0.25900644063949585,-0.03358628587497492,0.06079937517642975,-0.20488673448562622,-0.05130428807510157,0.05408141016960144,-0.15875312685966492,-0.05731769637836237,0.03295832872390747,-0.19597750902175903,-0.0028035550907077322,0.03471754491329193,-0.27743902802467346,-0.03832423301113863,0.029191911220550537,-0.2081802487373352,-0.047704648093116475,0.030982360243797302,-0.16126516461372375,-0.042613495007884694,-0.005440190434455872,-0.18518659472465515,-0.009540104173851205,-0.00962875783443451,-0.24381378293037415,-0.04616354392541666,-0.002777963876724243,-0.1702348291873932,-0.04011436165941973,0.003923103213310242,-0.13068905472755432,-0.023817481339705182,-0.04244711995124817,-0.16377052664756775,-0.01790576787365694,-0.0373925119638443,-0.20071551203727722,-0.04115786390079279,-0.027032464742660522,-0.14997905492782593,-0.03285362185610552,-0.020609363913536072,-0.12341654300689697,-0.01904550926460047
N,0.0,0.0,0.0,0.05279672145843506,-0.048990845680236816,-0.022456608878712814,0.07783091068267822,-0.13192889094352722,-0.03067708590839402,0.044952526688575745,-0.2015480399131775,-0.038128735663633506,0.011973351240158081,-0.24241241812705994,-0.040368704291324775,0.07639825344085693,-0.19305887818336487,-0.002173292849477093,0.07679912447929382,-0.25889018177986145,-0.0345468168875982,0.06152994930744171,-0.20443853735923767,-0.052095057608823936,0.055675208568573,-0.15832024812698364,-0.05796578356836335,0.034669846296310425,-0.1941935420036316,-0.0032319891529937195,0.03573286533355713,-0.2761615216732025,-0.03975793549631135,0.02967648208141327,-0.20651492476463318,-0.04920152777646081,0.03204980492591858,-0.1589674949645996,-0.04372836852286355,-0.0036268383264541626,-0.18416321277618408,-0.00976333970044152,-0.008709326386451721,-0.24419134855270386,-0.04749907383535401,-0.0026565492153167725,-0.1693505346775055,-0.0413650629839708,0.004477605223655701,-0.12898623943328857,-0.02456969784412877,-0.040660351514816284,-0.1634337604045868,-0.017927946688871543,-0.03626662492752075,-0.20061296224594116,-0.04236625337813393,-0.02653709053993225,-0.14875644445419312,-0.03454068878505723,-0.019787311553955078,-0.12202486395835876,-0.020731738003235023
N,0.0,0.0,0.0,0.05231045186519623,-0.048128336668014526,-0.0230146408552514,0.07690317928791046,-0.1309380829334259,-0.03189881560450658,0.043203920125961304,-0.1989900767803192,-0.0400261398876296,0.010097160935401917,-0.23992425203323364,-0.04281907570606336,0.07548011839389801,-0.1920265257358551,-0.0024869467137591528,0.0761672705411911,-0.2556682527065277,-0.03621753719693288,0.06122475862503052,-0.20058223605155945,-0.05453416374569997,0.05503430962562561,-0.15429124236106873,-0.060766257765351384,0.03402893245220184,-0.19311392307281494,-0.0038490402052389072,0.03530040383338928,-0.274475634098053,-0.04141051364189252,0.029765471816062927,-0.20442640781402588,-0.051049866201935856,0.03175610303878784,-0.1573086977005005,-0.045585625293313115,-0.0043337345123291016,-0.18314823508262634,-0.010968642728983014,-0.009268909692764282,-0.24257367849349976,-0.04999543395882711,-0.002578645944595337,-0.1671220362186432,-0.04398927879577741,0.004463091492652893,-0.12762907147407532,-0.027114373120127766,-0.04146230220794678,-0.16267994046211243,-0.019755417900739758,-0.03714267909526825,-0.19787949323654175,-0.0450709801638709,-0.027107402682304382,-0.1455984115600586,-0.03745953408127889,-0.02046339213848114,-0.11965525150299072,-0.023776967498122303
N,0.0,0.0,0.0,0.05181090533733368,-0.048483192920684814,-0.023593043800957503,0.07616941630840302,-0.13307225704193115,-0.032240506154067816,0.04102154076099396,-0.20282486081123352,-0.039953950685031714,0.007514059543609619,-0.24457687139511108,-0.04229531798935682,0.07491700351238251,-0.19180738925933838,-0.0023165535037890095,0.07548682391643524,-0.2567785233259201,-0.03554376203990728,0.0603986531496048,-0.2014126181602478,-0.05372172583318502,0.05483560264110565,-0.15460988879203796,-0.05989007641053945,0.03331805765628815,-0.1929740309715271,-0.0030885482063069958,0.03433695435523987,-0.27379244565963745,-0.03960080806589872,0.028577715158462524,-0.20368564128875732,-0.049194402885206046,0.030872628092765808,-0.1568426489830017,-0.04403440643525869,-0.004853561520576477,-0.18353193998336792,-0.009667462561793627,-0.009813055396080017,-0.24521875381469727,-0.047764729600913824,-0.0031680017709732056,-0.1694527268409729,-0.04188061494804174,0.0038635581731796265,-0.1285361349582672,-0.02543495212174207,-0.04190246760845184,-0.16353142261505127,-0.017978967991240324,-0.038098856806755066,-0.2000991404056549,-0.04297346238470823,-0.028150707483291626,-0.14790308475494385,-0.035662136864431204,-0.02136138081550598,-0.12092477083206177,-0.02230038669384271
N,0.0,0.0,0.0,0.05168803036212921,-0.045856863260269165,-0.025071919683966826,0.07577542960643768,-0.1307315230369568,-0.03406567943528671,0.039404019713401794,-0.20126086473464966,-0.04180322659448166,0.00529007613658905,-0.24263131618499756,-0.04383705255821724,0.07448254525661469,-0.18700990080833435,-0.003065202173445414,0.07606135308742523,-0.25362130999565125,-0.03782811832860489,0.062163546681404114,-0.19817250967025757,-0.0556493893010952,0.057858869433403015,-0.15220266580581665,-0.061120205347094725,0.03356492519378662,-0.1874406337738037,-0.003327930367220233,0.03634713590145111,-0.27064330875873566,-0.04186985713675995,0.031254589557647705,-0.1997983157634735,-0.05113558915689964,0.034188732504844666,-0.15473029017448425,-0.04501880404785652,-0.004276499152183533,-0.1785869002342224,-0.009724766735587309,-0.007598876953125,-0.24063491821289062,-0.050922293935570906,-0.0015268027782440186,-0.1633739173412323,-0.04466908869579811,0.0053459107875823975,-0.12444731593132019,-0.026869364802394102,-0.04129612445831299,-0.1605738401412964,-0.01776374762192745,-0.03688439726829529,-0.19787544012069702,-0.044498105321679304,-0.02756713330745697,-0.14366844296455383,-0.03684566986993332,-0.021583840250968933,-0.11705100536346436,-0.022665946532640646
N,0.0,0.0,0.0,0.05172725021839142,-0.04251503944396973,-0.024425904333014614,0.07706765830516815,-0.13023683428764343,-0.033126535891909725,0.041015878319740295,-0.20069032907485962,-0.04047823238315118,0.005543604493141174,-0.24077051877975464,-0.04222899216355813,0.07424850761890411,-0.18788686394691467,-0.003969797931034691,0.07673279941082001,-0.2543044239282608,-0.03771220061125291,0.06214664876461029,-0.20015373826026917,-0.0552864736610843,0.056883081793785095,-0.15365588665008545,-0.06088191556872857,0.03303913772106171,-0.18872037529945374,-0.004438438519258625,0.03777746856212616,-0.2712342143058777,-0.041826176523585445,0.03181491792201996,-0.20240339636802673,-0.05112423661293519,0.033026114106178284,-0.15640127658843994,-0.04537514883222116,-0.005097001791000366,-0.1802409589290619,-0.010760904356260426,-0.007115215063095093,-0.24074992537498474,-0.05073320034088624,-0.001133069396018982,-0.1638183295726776,-0.0449085562223388,0.005009740591049194,-0.12381801009178162,-0.02792206320108903,-0.04193226993083954,-0.16257837414741516,-0.018696450694818623,-0.03552331030368805,-0.1982453465461731,-0.04531987670006288,-0.026889875531196594,-0.14317181706428528,-0.03822103056253923,-0.021927669644355774,-0.11559441685676575,-0.02467969159724248
N,0.0,0.0,0.0,0.051877692341804504,-0.04347962141036987,-0.024078608428823145,0.07641856372356415,-0.1306055188179016,-0.032914002364265116,0.0399235337972641,-0.2007858157157898,-0.040518690770255716,0.004105493426322937,-0.24059754610061646,-0.04273767111240545,0.07476629316806793,-0.18761512637138367,-0.004268492510306032,0.07626248896121979,-0.2534776031970978,-0.03775587019859472,0.06030939519405365,-0.19936680793762207,-0.05577390355406919,0.054405659437179565,-0.1523531973361969,-0.06182648328481832,0.03327524662017822,-0.1884809136390686,-0.004789049209790619,0.03796711564064026,-0.2701234370470047,-0.04152987239299932,0.03094358742237091,-0.20336344838142395,-0.05111402360140005,0.03164112567901611,-0.15698963403701782,-0.04604069603024641,-0.005069643259048462,-0.18021678924560547,-0.01101735041825691,-0.0068178921937942505,-0.2410522997379303,-0.05004373279749075,-0.0015503466129302979,-0.16501328349113464,-0.044287470107661875,0.004380121827125549,-0.12397640943527222,-0.027797155951844843,-0.041920602321624756,-0.16268527507781982,-0.018897821133720072,-0.03493940830230713,-0.1988925039768219,-0.045119487618791254,-0.02638404071331024,-0.14403685927391052,-0.038078860318051966,-0.02133236825466156,-0.11551141738891602,-0.02478839916525999
N,0.0,0.0,0.0,0.05121518671512604,-0.04304015636444092,-0.02419051738789335,0.07583221793174744,-0.130706787109375,-0.03269877123048559,0.03960771858692169,-0.20062589645385742,-0.039933095000293406,0.00394362211227417,-0.240242600440979,-0.04163732217958227,0.07505664229393005,-0.1873645782470703,-0.0038677889514531216,0.07618960738182068,-0.253481924533844,-0.03750140803268209,0.060331135988235474,-0.19908744096755981,-0.05510167615821615,0.054920077323913574,-0.1524927318096161,-0.06071070792486921,0.03352975845336914,-0.18826299905776978,-0.0043697429481710515,0.037755101919174194,-0.26993507146835327,-0.041614542029407176,0.030734091997146606,-0.2022949457168579,-0.05089228438546911,0.03198432922363281,-0.15636003017425537,-0.045217847697045954,-0.004859849810600281,-0.17991691827774048,-0.010679376557078513,-0.007005169987678528,-0.2397097945213318,-0.050486805162933024,-0.0020162463188171387,-0.16296976804733276,-0.04465406226327673,0.00424465537071228,-0.12272146344184875,-0.02772047954013601,-0.041612476110458374,-0.16230127215385437,-0.0185956286858584,-0.03517469763755798,-0.19817036390304565,-0.045233274124171885,-0.02694794535636902,-0.14257067441940308,-0.03811590956857458,-0.02167639136314392,-0.11426970362663269,-0.0245334806512858
N,0.0,0.0,0.0,0.05081513524055481,-0.04222184419631958,-0.02483531506928216,0.07603949308395386,-0.12823286652565002,-0.03363566706153165,0.04078763723373413,-0.1988449990749359,-0.041021971499645815,0.006422951817512512,-0.23837897181510925,-0.04267865652414571,0.07619628310203552,-0.18838074803352356,-0.004023324234509573,0.07614186406135559,-0.25344669818878174,-0.038262768184864626,0.06018388271331787,-0.19849535822868347,-0.05611132690879117,0.05519843101501465,-0.15221673250198364,-0.06176977465125333,0.03477761149406433,-0.18929558992385864,-0.004303717987710343,0.03790009021759033,-0.27078793942928314,-0.04233088949891339,0.030677884817123413,-0.20206177234649658,-0.05148837948414098,0.032614827156066895,-0.15651780366897583,-0.04538659611912976,-0.0034902989864349365,-0.18085601925849915,-0.010557203089916811,-0.0065402984619140625,-0.2402249574661255,-0.05107050994607221,-0.0016619861125946045,-0.1637590527534485,-0.045342216735804186,0.0052468180656433105,-0.12423896789550781,-0.028146682774746523,-0.04037924110889435,-0.16310030221939087,-0.01849134126874219,-0.03497260808944702,-0.19882383942604065,-0.04553493345352422,-0.02629491686820984,-0.14327117800712585,-0.0387268983778597,-0.019866585731506348,-0.11513367295265198,-0.025138244500482188
N,0.0,0.0,0.0,0.049623146653175354,-0.043608665466308594,-0.02315958303466914,0.07319717109203339,-0.13053297996520996,-0.031604974466119984,0.03380686044692993,-0.20217472314834595,-0.03906197746351836,-0.000607803463935852,-0.24009045958518982,-0.04089380701140044,0.07184194028377533,-0.19012600183486938,-0.002871019002725461,0.07368652522563934,-0.25613993406295776,-0.03668181871131537,0.06087993085384369,-0.19990992546081543,-0.05409721558049796,0.05625827610492706,-0.15324437618255615,-0.05944905330494521,0.030853271484375,-0.19031551480293274,-0.004241470182989815,0.03483569622039795,-0.27470123767852783,-0.04066787933066962,0.03025202453136444,-0.2027842104434967,-0.048830180364404896,0.032633885741233826,-0.15707674622535706,-0.0424522412295687,-0.0069991350173950195,-0.1802693009376526,-0.011498263041232804,-0.008490011096000671,-0.24115416407585144,-0.050454980629240254,-0.0030061006546020508,-0.16405624151229858,-0.04397588496163962,0.0024762004613876343,-0.12566474080085754,-0.026640410470520237,-0.044863104820251465,-0.16009527444839478,-0.02032982644692538,-0.03768400847911835,-0.20104873180389404,-0.04490754653767226,-0.027584344148635864,-0.14597615599632263,-0.03647140313938735,-0.021425798535346985,-0.11693429946899414,-0.022315452742134312
N,0.0,0.0,0.0,0.0491216778755188,-0.04537093639373779,-0.023408451259285812,0.07167461514472961,-0.13287955522537231,-0.031954937756211166,0.03165620565414429,-0.20260801911354065,-0.039389030218274,-0.0028433799743652344,-0.24019065499305725,-0.041209661543518905,0.07051083445549011,-0.19343096017837524,-0.0030133155194675965,0.0726422369480133,-0.25742655992507935,-0.03579782056823433,0.05994880199432373,-0.19992351531982422,-0.05302098873272598,0.05528786778450012,-0.15334343910217285,-0.058713236034066085,0.02937851846218109,-0.19382187724113464,-0.004280809454769496,0.03356704115867615,-0.2770600914955139,-0.039820873320252304,0.02933637797832489,-0.2052200436592102,-0.048040540099293594,0.03149537742137909,-0.1588784158229828,-0.042012733549029235,-0.008672833442687988,-0.1833215057849884,-0.011342313282341365,-0.010417208075523376,-0.24358314275741577,-0.04947735103979767,-0.0038667023181915283,-0.1669563353061676,-0.043230989158303146,0.0017864257097244263,-0.1282540261745453,-0.02644967767611206,-0.04626992344856262,-0.16225728392601013,-0.0200264744015044,-0.039045512676239014,-0.20114564895629883,-0.0447775583268708,-0.02828441560268402,-0.14620336890220642,-0.03684512633100212,-0.022331327199935913,-0.11784467101097107,-0.02319570365563095
N,0.0,0.0,0.0,0.04988662898540497,-0.04352736473083496,-0.02426117206522349,0.07403458654880524,-0.131168395280838,-0.03325943382986907,0.034235745668411255,-0.20250260829925537,-0.040870451504076755,0.0008187294006347656,-0.24262231588363647,-0.04268642994173888,0.072940394282341,-0.19199448823928833,-0.004427593802745378,0.07459910213947296,-0.25863757729530334,-0.038545784676159656,0.06188781559467316,-0.20005226135253906,-0.05594885828503493,0.057179465889930725,-0.15305903553962708,-0.06133787068137053,0.03183521330356598,-0.1924360990524292,-0.005209942018325364,0.03653797507286072,-0.27828145027160645,-0.04215050222882155,0.03185178339481354,-0.2045542597770691,-0.05027984934457663,0.03385394811630249,-0.1581619679927826,-0.043706578338230884,-0.006154581904411316,-0.1829565465450287,-0.01188386245229367,-0.007771983742713928,-0.24443629384040833,-0.05129278930434111,-0.0021574944257736206,-0.16635626554489136,-0.04441361981042746,0.003282412886619568,-0.12837311625480652,-0.026769929701174533,-0.04400978982448578,-0.16331186890602112,-0.02018569889077071,-0.036842480301856995,-0.203853040933609,-0.045463082516278064,-0.027285099029541016,-0.14710929989814758,-0.03698578583606604,-0.02219448983669281,-0.11869785189628601,-0.02273129964777354
N,0.0,0.0,0.0,0.04897493124008179,-0.04380190372467041,-0.023694287039006667,0.07296973466873169,-0.13080710172653198,-0.03244699443098398,0.03383606672286987,-0.20174920558929443,-0.040052614159549194,-6.160140037536621e-05,-0.23978585004806519,-0.04191857481714578,0.07179141044616699,-0.1946461796760559,-0.0030244523507008125,0.07449957728385925,-0.25820010900497437,-0.03649301359769197,0.06234145164489746,-0.1990557312965393,-0.05400727594610544,0.05752500891685486,-0.1519363522529602,-0.05965379903432222,0.030661627650260925,-0.1950336992740631,-0.004337870034987645,0.034956902265548706,-0.2786614000797272,-0.04011257270690294,0.03124469518661499,-0.20570343732833862,-0.047938241608108,0.03343015909194946,-0.15965873003005981,-0.04158998931166025,-0.00725594162940979,-0.18441736698150635,-0.011605606399143653,-0.008208677172660828,-0.24384477734565735,-0.050553566760981994,-0.001850515604019165,-0.16589125990867615,-0.04387395361777635,0.003132641315460205,-0.1274537742137909,-0.026555686242545562,-0.04494641721248627,-0.163335382938385,-0.020502463899219947,-0.03695133328437805,-0.20378649234771729,-0.04560859406706186,-0.027099579572677612,-0.14717721939086914,-0.03707434887405725,-0.02244199812412262,-0.1179613471031189,-0.022869938037956672
N,0.0,0.0,0.0,0.049277499318122864,-0.04210144281387329,-0.02420051139930024,0.07446281611919403,-0.12920966744422913,-0.03279590164461865,0.0350627601146698,-0.2005525529384613,-0.040118321079404495,0.0011072605848312378,-0.23855307698249817,-0.041608135450275086,0.07252149283885956,-0.19400429725646973,-0.0031739855200214606,0.07527737319469452,-0.25768405199050903,-0.036816149253041885,0.0629366785287857,-0.19745555520057678,-0.054055921036393784,0.058118388056755066,-0.15073689818382263,-0.059426791268975876,0.03140106797218323,-0.19417908787727356,-0.004297094188274286,0.03573162853717804,-0.2773078680038452,-0.040119487095267914,0.031883254647254944,-0.20386582612991333,-0.047681040364892624,0.03430946171283722,-0.15872636437416077,-0.04109641467371716,-0.006405308842658997,-0.18320047855377197,-0.011461645599098347,-0.007134765386581421,-0.2415030598640442,-0.050646017539889954,-0.0011439770460128784,-0.16318479180335999,-0.04370109294691815,0.0036854147911071777,-0.12571513652801514,-0.026120730910093926,-0.04400971531867981,-0.16184291243553162,-0.020265667933614395,-0.035817667841911316,-0.2022227942943573,-0.04514494468608632,-0.026120007038116455,-0.14552730321884155,-0.036181311357410095,-0.021547958254814148,-0.11693361401557922,-0.02167573687771096
N,0.0,0.0,0.0,0.04808424413204193,-0.043075621128082275,-0.023955755591970274,0.07247377932071686,-0.12997424602508545,-0.03285019351599772,0.033729612827301025,-0.20099857449531555,-0.04063577456830103,-0.0010662674903869629,-0.23774453997612,-0.04273364199755747,0.07050596177577972,-0.19662711024284363,-0.002393867545407602,0.0731557160615921,-0.2572859227657318,-0.03595885513780672,0.06218428909778595,-0.19731947779655457,-0.053715358213167974,0.057572826743125916,-0.15043765306472778,-0.059416207209807226,0.029702603816986084,-0.19689077138900757,-0.0037798266435231653,0.033907920122146606,-0.2778874635696411,-0.03895668564794619,0.030991017818450928,-0.20500412583351135,-0.04666022090671618,0.03311787545681,-0.16030463576316833,-0.04031500844715197,-0.008166790008544922,-0.18521320819854736,-0.011218946152013132,-0.008742913603782654,-0.2414650321006775,-0.04973304523585398,-0.002038136124610901,-0.16405394673347473,-0.04306425033567507,0.0023880749940872192,-0.12709945440292358,-0.025821787030082533,-0.04594819247722626,-0.16275513172149658,-0.020305080995541402,-0.03756760060787201,-0.2024952471256256,-0.04441770045517046,-0.027024731040000916,-0.1468261480331421,-0.03516193731186945,-0.02237054705619812,-0.11845770478248596,-0.020554368109088728
N,0.0,0.0,0.0,0.04702310264110565,-0.04239434003829956,-0.024831353617770446,0.070757657289505,-0.13078755140304565,-0.03349450875626303,0.03312043845653534,-0.20277491211891174,-0.040845259023768676,-0.00047659873962402344,-0.24214598536491394,-0.04238458995328642,0.07067826390266418,-0.19836941361427307,-0.0026543624009320865,0.07178118824958801,-0.26002976298332214,-0.036982151610715164,0.061008572578430176,-0.19912052154541016,-0.05488238756166197,0.056783854961395264,-0.1515710949897766,-0.06038255516992308,0.02954794466495514,-0.19827938079833984,-0.003480709787396563,0.03226269781589508,-0.27941909432411194,-0.03958330575929381,0.029429197311401367,-0.20577770471572876,-0.04734608058438994,0.032206401228904724,-0.16088157892227173,-0.04070865262852408,-0.008404627442359924,-0.18641677498817444,-0.010570789618356002,-0.009844452142715454,-0.24252617359161377,-0.04981625352607466,-0.003416582942008972,-0.16475093364715576,-0.04318374295340277,0.0014991313219070435,-0.12821507453918457,-0.025716665131909622,-0.04597923159599304,-0.16382747888565063,-0.019399107364876045,-0.038503795862197876,-0.20269492268562317,-0.044181100023848785,-0.02829514443874359,-0.14652281999588013,-0.035397029412848724,-0.023132652044296265,-0.11880040168762207,-0.0209203724990914
N,0.0,0.0,0.0,0.046745821833610535,-0.04171621799468994,-0.024411726967599634,0.07084175944328308,-0.12839627265930176,-0.03300368994584346,0.031894877552986145,-0.1981317400932312,-0.040346184970047716,-0.0022365450859069824,-0.2357039749622345,-0.04185595572104717,0.06998437643051147,-0.19705846905708313,-0.0025853426113542355,0.07149824500083923,-0.2578827142715454,-0.03636699006071353,0.06085667014122009,-0.19683876633644104,-0.053805748225357775,0.05633947253227234,-0.15001636743545532,-0.05917538166156078,0.029318302869796753,-0.19718876481056213,-0.003548718515020255,0.03231002390384674,-0.2774275839328766,-0.039275070876982454,0.02959693968296051,-0.2026256024837494,-0.04669031337013507,0.03192834556102753,-0.1586102843284607,-0.03991794049849773,-0.008131325244903564,-0.18549633026123047,-0.010700168312695268,-0.009712934494018555,-0.2393125593662262,-0.049507880808022264,-0.0027163922786712646,-0.1620101034641266,-0.04284776955952907,0.0021238476037979126,-0.1270155906677246,-0.02557624526431823,-0.045464158058166504,-0.16359952092170715,-0.019546689690258745,-0.03850504755973816,-0.20036131143569946,-0.04369525447597766,-0.02804023027420044,-0.1445162296295166,-0.0347462540875938,-0.023157209157943726,-0.118274986743927,-0.020404694826510195
N,0.0,0.0,0.0,0.04636402428150177,-0.043528199195861816,-0.026487970687384177,0.06811872124671936,-0.13355129957199097,-0.03663723912083583,0.029979825019836426,-0.2055329978466034,-0.045111324600810576,-0.004316195845603943,-0.24883896112442017,-0.04774411018931346,0.06876599788665771,-0.19767743349075317,-0.005727766510034371,0.06763482093811035,-0.2548443078994751,-0.042395651303166915,0.0572582483291626,-0.1928582787513733,-0.06228595223271327,0.05209574103355408,-0.14508378505706787,-0.06895390894257503,0.028134286403656006,-0.19747725129127502,-0.006097157448465396,0.029165178537368774,-0.27650630474090576,-0.04547534134232478,0.026737675070762634,-0.2006850242614746,-0.05532877143465953,0.028586015105247498,-0.15219449996948242,-0.04972513016306834,-0.009490683674812317,-0.1857985556125641,-0.012765439189905692,-0.01381787657737732,-0.23928779363632202,-0.05380092930042224,-0.0044418275356292725,-0.16225218772888184,-0.04841326173388438,0.0024229586124420166,-0.12456977367401123,-0.03162409733974414,-0.046687930822372437,-0.16358262300491333,-0.021249750591749716,-0.04130023717880249,-0.19872942566871643,-0.04726664718234019,-0.029046282172203064,-0.14397287368774414,-0.03973940011107402,-0.022600173950195312,-0.11729323863983154,-0.02615735862397628
N,0.0,0.0,0.0,0.04597380757331848,-0.04322540760040283,-0.02487321292844058,0.06778234243392944,-0.1306341290473938,-0.03419793678310157,0.028203681111335754,-0.19871893525123596,-0.0420597708025241,-0.004956483840942383,-0.23803108930587769,-0.04418881146099807,0.06669390201568604,-0.19735020399093628,-0.004238959884759197,0.06978726387023926,-0.25564754009246826,-0.0379166482188964,0.059670716524124146,-0.19465503096580505,-0.055646936426427374,0.05480894446372986,-0.147333025932312,-0.061450938711431036,0.026377126574516296,-0.1976844072341919,-0.0050628059716189,0.03113386034965515,-0.27661627531051636,-0.04076662940767051,0.028485149145126343,-0.20302414894104004,-0.048622730205323705,0.03035721182823181,-0.15777015686035156,-0.042393098602559576,-0.01097230613231659,-0.18624675273895264,-0.011966440843906412,-0.010512560606002808,-0.23932096362113953,-0.05016036612775565,-0.002879321575164795,-0.16354310512542725,-0.04392955360796691,0.001937970519065857,-0.12797915935516357,-0.027317420596745023,-0.04796352982521057,-0.16447585821151733,-0.020625348220136175,-0.03942836821079254,-0.19933056831359863,-0.04456862343337775,-0.028627336025238037,-0.1445717215538025,-0.03615466786411048,-0.02417808771133423,-0.11896967887878418,-0.022481230104830274
N,0.0,0.0,0.0,0.04612235724925995,-0.043138980865478516,-0.02549468779366748,0.06834925711154938,-0.13145339488983154,-0.034876047236735985,0.028347760438919067,-0.1988053321838379,-0.042739091975505517,-0.004077926278114319,-0.23845645785331726,-0.04474716128211753,0.06612519919872284,-0.19908004999160767,-0.003490851329530642,0.0689520388841629,-0.2557154595851898,-0.03760748223763244,0.05953167378902435,-0.194355309009552,-0.055835711372907326,0.05452410876750946,-0.1466381549835205,-0.061912833316142724,0.025394126772880554,-0.19839006662368774,-0.0041077496240689015,0.030392184853553772,-0.27615782618522644,-0.040803267223651574,0.028980031609535217,-0.20022886991500854,-0.049320987028892205,0.030920162796974182,-0.15419000387191772,-0.04318287090760009,-0.011971205472946167,-0.18635565042495728,-0.010994172258193657,-0.01157456636428833,-0.23933866620063782,-0.050098093761022255,-0.002454116940498352,-0.16293108463287354,-0.044440670473392174,0.002544879913330078,-0.12758243083953857,-0.02794556373160617,-0.04907454550266266,-0.16424137353897095,-0.019673014594133065,-0.04014579951763153,-0.19832617044448853,-0.04447939114075439,-0.028391286730766296,-0.14312899112701416,-0.03669400380354659,-0.023899182677268982,-0.11815685033798218,-0.023322923643405602
N,0.0,0.0,0.0,0.045303940773010254,-0.04418665170669556,-0.02561637695157515,0.06675606966018677,-0.13107550144195557,-0.035272994369506705,0.026105403900146484,-0.19598275423049927,-0.043195647478341925,-0.0065521299839019775,-0.23376190662384033,-0.04538878920698153,0.06442981958389282,-0.197160005569458,-0.0053423478382228495,0.06692662835121155,-0.2532975971698761,-0.038833868980646,0.05708736181259155,-0.19226878881454468,-0.056494531512498725,0.05245867371559143,-0.14542514085769653,-0.06250940385484682,0.02424478530883789,-0.1971111297607422,-0.005750922776996958,0.029621630907058716,-0.27524882555007935,-0.0420258690717219,0.026934757828712463,-0.20010340213775635,-0.05016955110454546,0.028591901063919067,-0.15472859144210815,-0.043977068096637595,-0.012832388281822205,-0.18590283393859863,-0.012226159975170958,-0.012717753648757935,-0.23643383383750916,-0.05046619969630228,-0.0045927464962005615,-0.16152441501617432,-0.044998196244478095,0.0006009340286254883,-0.1276577115058899,-0.029021057591080535,-0.04960937798023224,-0.16499322652816772,-0.02050361345732199,-0.04145181179046631,-0.19622403383255005,-0.04444276291155802,-0.03026743233203888,-0.14225900173187256,-0.03681954118633257,-0.02553798258304596,-0.11889457702636719,-0.023957609489798415
N,0.0,0.0,0.0,0.046357572078704834,-0.043023765087127686,-0.02651571579772849,0.06818097829818726,-0.1300228238105774,-0.036442638417071294,0.027219802141189575,-0.19567030668258667,-0.04436694928008933,-0.005245566368103027,-0.23487675189971924,-0.04652235381800551,0.0657312273979187,-0.19687765836715698,-0.006198735484218787,0.06861945986747742,-0.2538864016532898,-0.039760959376877736,0.05885380506515503,-0.19229435920715332,-0.05728607722122092,0.053990453481674194,-0.1451091170310974,-0.0631018961270513,0.02519141137599945,-0.19633859395980835,-0.006080937148368548,0.030502498149871826,-0.2741895318031311,-0.042066295673436116,0.028012067079544067,-0.19800430536270142,-0.04992875554162879,0.029757410287857056,-0.15256845951080322,-0.0436498644252481,-0.011859461665153503,-0.18467795848846436,-0.012085537468379925,-0.011568650603294373,-0.23534095287322998,-0.05012508951622863,-0.0033921897411346436,-0.15996909141540527,-0.044141472359484624,0.0017622709274291992,-0.1259317398071289,-0.02783671305078883,-0.04850703477859497,-0.16361916065216064,-0.019924418111628484,-0.04104733467102051,-0.19747096300125122,-0.04358212002117057,-0.02989017963409424,-0.14312529563903809,-0.03529155724245925,-0.02511383593082428,-0.11898964643478394,-0.021936369170731496
N,0.0,0.0,0.0,0.0449879914522171,-0.045024991035461426,-0.02611637670872824,0.06493337452411652,-0.1303189992904663,-0.03665450956998484,0.026304125785827637,-0.19653034210205078,-0.045394320006948874,-0.007230117917060852,-0.23659464716911316,-0.048617746646982596,0.06378127634525299,-0.19730353355407715,-0.007138143725228474,0.06718562543392181,-0.2528330087661743,-0.04121217873273508,0.057755932211875916,-0.19184136390686035,-0.05965232845721857,0.05255402624607086,-0.14456242322921753,-0.06596661355672495,0.024060741066932678,-0.19733589887619019,-0.007191436796915696,0.029378607869148254,-0.27363666892051697,-0.04349627342401163,0.02707570791244507,-0.19858235120773315,-0.052155949141365454,0.028350800275802612,-0.1517748236656189,-0.04655821245489733,-0.012347057461738586,-0.1853482723236084,-0.01310443129716532,-0.013015896081924438,-0.2356325089931488,-0.050384204800707266,-0.004201561212539673,-0.16084933280944824,-0.04422476139245646,0.001117989420890808,-0.12391537427902222,-0.027970086749178336,-0.04828636348247528,-0.16348671913146973,-0.02091799859283583,-0.04242238402366638,-0.19799959659576416,-0.04414189603505747,-0.03044980764389038,-0.14549511671066284,-0.03565975647745745,-0.024939075112342834,-0.11979079246520996,-0.022073853726965353
N,0.0,0.0,0.0,0.04547576606273651,-0.046605825424194336,-0.024333199333170796,0.06571091711521149,-0.13253051042556763,-0.034507471915105725,0.027590587735176086,-0.19901752471923828,-0.043066929872850324,-0.007034525275230408,-0.23877954483032227,-0.04612328096828833,0.06359170377254486,-0.1938929557800293,-0.008730815570572759,0.06574957072734833,-0.25279510021209717,-0.043433308448413754,0.05651773512363434,-0.19136446714401245,-0.061174921538452054,0.05175413191318512,-0.14349126815795898,-0.06672761946521177,0.023820728063583374,-0.19353532791137695,-0.0094414612611331,0.02812829613685608,-0.2716294229030609,-0.047343503530839826,0.025999411940574646,-0.19588571786880493,-0.05571826532087698,0.027781009674072266,-0.14840608835220337,-0.049676477756122495,-0.012775599956512451,-0.18213242292404175,-0.01563597268960848,-0.01372276246547699,-0.2338770627975464,-0.053679123367885495,-0.0048323869705200195,-0.158710777759552,-0.046479347940305615,0.0011572837829589844,-0.12184590101242065,-0.029417306031803037,-0.04875628650188446,-0.161310613155365,-0.023462481643775845,-0.0431380420923233,-0.19670486450195312,-0.046753860857108975,-0.03109915554523468,-0.14403116703033447,-0.03769368290505781,-0.025486990809440613,-0.11904370784759521,-0.02372211202583685
N,0.0,0.0,0.0,0.0456562340259552,-0.044662654399871826,-0.02597384443276951,0.06608417630195618,-0.13200891017913818,-0.036684750670133326,0.02586686611175537,-0.19732260704040527,-0.045363712215362284,-0.00949542224407196,-0.2371414303779602,-0.04866360043877194,0.06235915422439575,-0.19182872772216797,-0.010156212465403769,0.06519734859466553,-0.2504488229751587,-0.04466348429912159,0.05609786510467529,-0.1899823546409607,-0.06253892099255154,0.05107063055038452,-0.14150744676589966,-0.06828549420231411,0.022716417908668518,-0.1909772753715515,-0.01022133985304663,0.027784734964370728,-0.2701312303543091,-0.0472305669426305,0.025907307863235474,-0.19597870111465454,-0.055559824311671946,0.027003273367881775,-0.14739996194839478,-0.04957902347439358,-0.01384483277797699,-0.17944902181625366,-0.01593433981531689,-0.014931917190551758,-0.23148536682128906,-0.053704912865100596,-0.005376994609832764,-0.15699023008346558,-0.04715384086364338,0.0004807710647583008,-0.11990535259246826,-0.030574676671562884,-0.049860745668411255,-0.1589323878288269,-0.023387688302932474,-0.04386138916015625,-0.1941777467727661,-0.046834292912421915,-0.03152523934841156,-0.14179980754852295,-0.03817989220613072,-0.026089489459991455,-0.11666750907897949,-0.024579175838766787
N,0.0,0.0,0.0,0.04519158601760864,-0.044801950454711914,-0.025116784192249497,0.0659818947315216,-0.13157087564468384,-0.03529026701264115,0.02633875608444214,-0.19764339923858643,-0.04357262297682496,-0.008535429835319519,-0.23824962973594666,-0.046477522395178994,0.06292131543159485,-0.1922873854637146,-0.008515255219862183,0.06521034240722656,-0.25009873509407043,-0.04284487261585923,0.05615919828414917,-0.18960976600646973,-0.06054499714784356,0.0512981116771698,-0.142106831073761,-0.0662330311458561,0.022883817553520203,-0.19142943620681763,-0.008844392999634465,0.027396351099014282,-0.26937365531921387,-0.046219914845750054,0.025980979204177856,-0.19420278072357178,-0.054906524411961755,0.027720987796783447,-0.14702129364013672,-0.04911885752491685,-0.013661667704582214,-0.17984139919281006,-0.014755376308784207,-0.014970481395721436,-0.23103559017181396,-0.0529312562864277,-0.005070537328720093,-0.15654557943344116,-0.046566117249057015,0.0010044127702713013,-0.12113940715789795,-0.030054120041057786,-0.04961003363132477,-0.15903407335281372,-0.022269522465393266,-0.04419362545013428,-0.1935843825340271,-0.04603477909378739,-0.03133419156074524,-0.14081072807312012,-0.037546116552874764,-0.02544647455215454,-0.11669433116912842,-0.023974446273967942
N,0.0,0.0,0.0,0.04479038715362549,-0.04567176103591919,-0.024951353828072342,0.06512226164340973,-0.13169413805007935,-0.03490125776326636,0.02565161883831024,-0.19843131303787231,-0.042999856332897934,-0.009016618132591248,-0.23872393369674683,-0.045580133954644,0.063621386885643,-0.19167309999465942,-0.007877547452807221,0.06506316363811493,-0.24950659275054932,-0.04199295506870726,0.055441275238990784,-0.18905425071716309,-0.05954526008164862,0.05075429379940033,-0.14224112033843994,-0.06524345667159537,0.023406952619552612,-0.19111233949661255,-0.008146464052259716,0.027395814657211304,-0.2678486704826355,-0.04559277013933638,0.025493741035461426,-0.19303381443023682,-0.05435651929175833,0.02760504186153412,-0.14695674180984497,-0.048773709843516144,-0.013118147850036621,-0.1796351671218872,-0.01398610153293589,-0.014549076557159424,-0.22973275184631348,-0.05198628471291045,-0.004882007837295532,-0.15603941679000854,-0.045599319199681076,0.0015657991170883179,-0.12119662761688232,-0.029220776791333947,-0.0490250438451767,-0.15882349014282227,-0.021454466665744576,-0.04362943768501282,-0.19233518838882446,-0.045046832571387085,-0.030786216259002686,-0.14042359590530396,-0.036762837479471955,-0.024515196681022644,-0.11715102195739746,-0.023419730524182114
N,0.0,0.0,0.0,0.04450841248035431,-0.04235696792602539,-0.026026512815093383,0.06561580300331116,-0.13113242387771606,-0.03639286322746216,0.025206997990608215,-0.19769984483718872,-0.04457554532442032,-0.008971035480499268,-0.23943984508514404,-0.04707558019313751,0.06281334161758423,-0.1902279257774353,-0.009205929322575912,0.0649779736995697,-0.24894899129867554,-0.04413805468234955,0.056108951568603516,-0.1880040168762207,-0.0615673394337648,0.051378995180130005,-0.14081621170043945,-0.06695677651319443,0.022652193903923035,-0.18918371200561523,-0.009340621849929676,0.027710750699043274,-0.26804882287979126,-0.047026886923646316,0.0262891948223114,-0.19217336177825928,-0.055027778579329834,0.02763482928276062,-0.1459178924560547,-0.04856769679341255,-0.0142536461353302,-0.1779409646987915,-0.015355395472084865,-0.015026286244392395,-0.22934910655021667,-0.0543058582976812,-0.004752516746520996,-0.15431421995162964,-0.04774057803902565,0.0014753788709640503,-0.12060505151748657,-0.030959972499346122,-0.0503954142332077,-0.1579943299293518,-0.022986616326903686,-0.04416485130786896,-0.19157934188842773,-0.047243151201342926,-0.03107801079750061,-0.13818359375,-0.0389114351407045,-0.025042563676834106,-0.11552125215530396,-0.025488182289933548
N,0.0,0.0,0.0,0.04457502067089081,-0.04157149791717529,-0.026973536122596897,0.06549139320850372,-0.13064265251159668,-0.03750228311494652,0.02423793077468872,-0.19658130407333374,-0.045576648671186604,-0.010685712099075317,-0.2381138801574707,-0.0479676889963514,0.06299097836017609,-0.1892101764678955,-0.01029602333531443,0.06492312252521515,-0.24708345532417297,-0.0454763862080938,0.05595697462558746,-0.18665015697479248,-0.06285867269710366,0.0510726124048233,-0.1398313045501709,-0.06807588960603539,0.0231904536485672,-0.18869918584823608,-0.009758479777730145,0.028057456016540527,-0.2675252854824066,-0.04760756145790879,0.02647426724433899,-0.19243955612182617,-0.0554595160074598,0.027656644582748413,-0.14640694856643677,-0.048734055716550984,-0.01355542242527008,-0.17806100845336914,-0.015156196314848103,-0.015281379222869873,-0.22757422924041748,-0.054614761728799976,-0.005363106727600098,-0.15202820301055908,-0.04843143175915543,0.0007364153861999512,-0.11825114488601685,-0.031633527833974995,-0.04953475296497345,-0.1593015193939209,-0.02218464750424687,-0.044168874621391296,-0.19089102745056152,-0.046867830563343205,-0.0313660204410553,-0.1372319459915161,-0.03893310378865067,-0.025626137852668762,-0.11496388912200928,-0.025636384148157276
N,0.0,0.0,0.0,0.044600456953048706,-0.044367969036102295,-0.0248356461582091,0.06437641382217407,-0.13145703077316284,-0.03501680121397044,0.024181529879570007,-0.19687241315841675,-0.04326468334173228,-0.011494547128677368,-0.23637503385543823,-0.04618742690061595,0.06183710694313049,-0.1907680630683899,-0.009560110053172366,0.06343328952789307,-0.2490805983543396,-0.04351761192654635,0.0544891357421875,-0.18894892930984497,-0.06086371094559695,0.050000280141830444,-0.14158666133880615,-0.06633853540395762,0.021956533193588257,-0.19037729501724243,-0.009860412223389403,0.02690918743610382,-0.268061101436615,-0.04647747800325419,0.024967506527900696,-0.1940644383430481,-0.05461044237588908,0.026094704866409302,-0.1469360589981079,-0.048626609152307765,-0.014649644494056702,-0.17899680137634277,-0.015614802954843299,-0.0163080096244812,-0.23013952374458313,-0.05283540860389735,-0.006269007921218872,-0.15647739171981812,-0.04636977241014506,4.99039888381958e-05,-0.12044459581375122,-0.0300857592431214,-0.050493329763412476,-0.15841299295425415,-0.022970359778156535,-0.04543125629425049,-0.19224518537521362,-0.046370733535042064,-0.03214511275291443,-0.14049094915390015,-0.038121782248964564,-0.025735989212989807,-0.1161392331123352,-0.024842035031070964
N,0.0,0.0,0.0,0.0480625182390213,-0.03174477815628052,-0.030492378741143966,0.07347042858600616,-0.11935535073280334,-0.038895661353706146,0.03733900189399719,-0.18720588088035583,-0.04333205369078996,0.006612643599510193,-0.22984692454338074,-0.04143170860373857,0.0752960592508316,-0.17698460817337036,-0.00968498677724483,0.07487519085407257,-0.23277199268341064,-0.045091288506625915,0.0631314069032669,-0.1728205680847168,-0.06031855788791063,0.057481780648231506,-0.13063180446624756,-0.06337576207482698,0.03400160372257233,-0.17945778369903564,-0.006166838917522455,0.03844857215881348,-0.254531592130661,-0.04421077144110086,0.0344935804605484,-0.18118149042129517,-0.050615212291120315,0.0353250652551651,-0.14062464237213135,-0.041803671389459396,-0.0038680285215377808,-0.17060741782188416,-0.009123857475458408,-0.006502985954284668,-0.22253692150115967,-0.050606904893754745,0.0007344484329223633,-0.14370372891426086,-0.04316864383184793,0.006156072020530701,-0.1113726794719696,-0.024251392453550125,-0.041517049074172974,-0.15083560347557068,-0.013856066733239913,-0.03551653027534485,-0.1823628544807434,-0.041872026741145874,-0.02574317157268524,-0.12542977929115295,-0.03444256108963373,-0.02154672145843506,-0.10397011041641235,-0.01985531893336656
