O,0.7474232912063599,0.9468495845794678,-7.09000346432731e-07,0.7024810910224915,0.9183133840560913,-0.003767120186239481,0.6589540243148804,0.843039333820343,-0.008591472171247005,0.6352068781852722,0.7947015762329102,-0.018649496138095856,0.6391096711158752,0.7607532739639282,-0.026482436805963516,0.7138547301292419,0.7337032556533813,0.010373045690357685,0.6728156208992004,0.688980758190155,-0.014908991754055023,0.6443637609481812,0.7276948690414429,-0.03363240882754326,0.6430312395095825,0.7685009241104126,-0.04301157221198082,0.7387593984603882,0.7333196401596069,-0.0014761827187612653,0.6889709234237671,0.6862725019454956,-0.023363349959254265,0.6572239398956299,0.7368232011795044,-0.031826116144657135,0.6593562960624695,0.7741031646728516,-0.03275910019874573,0.7621391415596008,0.7472413778305054,-0.017712345346808434,0.7155641913414001,0.6903048157691956,-0.03948494791984558,0.6802459359169006,0.7369374632835388,-0.035644952207803726,0.679700493812561,0.7769839763641357,-0.027271999046206474,0.7788940072059631,0.7739847302436829,-0.03533756732940674,0.7351270914077759,0.7208804488182068,-0.04959053173661232,0.7014410495758057,0.7462916970252991,-0.043716028332710266,0.6951695084571838,0.7772921323776245,-0.0347881093621254
O,0.748073935508728,0.9135768413543701,-5.028759915148839e-07,0.6973921656608582,0.8749614357948303,-0.0004414644499775022,0.6590555906295776,0.7967869639396667,-0.0019549664575606585,0.6316322088241577,0.7476277947425842,-0.010495803318917751,0.6298401951789856,0.7068169116973877,-0.01619301363825798,0.7266815900802612,0.70648193359375,0.02357085794210434,0.6979780793190002,0.6394960284233093,-0.00011808558338088915,0.6560572385787964,0.6581430435180664,-0.018666082993149757,0.6391057968139648,0.6961881518363953,-0.027353204786777496,0.7490254044532776,0.7063562870025635,0.010758225806057453,0.7077499628067017,0.6343250274658203,-0.011556325480341911,0.6581658720970154,0.6645705103874207,-0.023498158901929855,0.6442094445228577,0.7044450640678406,-0.025277551263570786,0.7669524550437927,0.7149651050567627,-0.007063846103847027,0.7260285019874573,0.6384882926940918,-0.027855487540364265,0.6750200986862183,0.665082573890686,-0.029558442533016205,0.6587488055229187,0.7050945162773132,-0.02327066846191883,0.7761450409889221,0.7317234873771667,-0.02612849697470665,0.7362177968025208,0.6624539494514465,-0.03966129198670387,0.694268524646759,0.6685458421707153,-0.03776204213500023,0.6762905716896057,0.6956645250320435,-0.03072858415544033
O,0.7504462599754333,0.8719614148139954,-5.23501284988015e-07,0.6951607465744019,0.8255783915519714,0.0015208454569801688,0.6603688597679138,0.7504599690437317,-0.0007086427649483085,0.6342449188232422,0.7053529024124146,-0.010627452284097672,0.6255279779434204,0.6676080226898193,-0.018181079998612404,0.7261096239089966,0.6630041599273682,0.02327807806432247,0.6969218254089355,0.5907577872276306,-0.0007323496975004673,0.6548405885696411,0.6129101514816284,-0.01950577273964882,0.6381991505622864,0.6544535756111145,-0.028225580230355263,0.7457593679428101,0.6638123393058777,0.009050635620951653,0.7038883566856384,0.5855547189712524,-0.015567362308502197,0.6548994779586792,0.618233323097229,-0.029644163325428963,0.641135036945343,0.6635439991950989,-0.03251497820019722,0.7620485424995422,0.6727832555770874,-0.009852576069533825,0.7212380766868591,0.5902431011199951,-0.03102041408419609,0.6704103946685791,0.6171443462371826,-0.03483103588223457,0.6533823013305664,0.6597042679786682,-0.03021649271249771,0.7717519402503967,0.6884930729866028,-0.02975649945437908,0.735643744468689,0.6133714914321899,-0.04191884770989418,0.6929436922073364,0.6176162958145142,-0.040167178958654404,0.6717939376831055,0.6455361843109131,-0.03401055559515953
O,0.7508106827735901,0.83306884765625,-5.09512574353721e-07,0.6952760219573975,0.7855236530303955,0.00015956249262671918,0.6568652391433716,0.7128820419311523,-0.0036878061946481466,0.6281185746192932,0.6666468977928162,-0.01478700339794159,0.6266780495643616,0.6256133317947388,-0.023228434845805168,0.7291651368141174,0.628886342048645,0.022634629160165787,0.7013253569602966,0.5532660484313965,-0.0020106264855712652,0.6584337949752808,0.5693627595901489,-0.021831611171364784,0.6366846561431885,0.6073981523513794,-0.03132115676999092,0.7473897337913513,0.6277309656143188,0.009486951865255833,0.7056890726089478,0.5438314080238342,-0.014886746183037758,0.6557531952857971,0.5689612627029419,-0.031208841130137444,0.6372284293174744,0.6103274822235107,-0.036498792469501495,0.762290358543396,0.6336601376533508,-0.008334320038557053,0.7216420769691467,0.5475267767906189,-0.02962246723473072,0.669291615486145,0.5689800977706909,-0.03681113198399544,0.6471135020256042,0.6082053184509277,-0.03508857637643814,0.7695317268371582,0.6466391086578369,-0.02701537124812603,0.7331499457359314,0.5702307224273682,-0.03940507024526596,0.6905587911605835,0.5718796849250793,-0.039869435131549835,0.6661345362663269,0.5977747440338135,-0.03584489971399307
O,0.7503423094749451,0.7978394031524658,-4.917254159408913e-07,0.6950827836990356,0.7535337805747986,-0.0030192448757588863,0.6575309038162231,0.6858913898468018,-0.007794806268066168,0.6276346445083618,0.64012211561203,-0.01902799867093563,0.6244528293609619,0.59405916929245,-0.02731076255440712,0.7260658144950867,0.5998257994651794,0.022254813462495804,0.7014247179031372,0.5264148116111755,-0.002369007095694542,0.6592958569526672,0.5364524722099304,-0.02261338010430336,0.634940505027771,0.5700617432594299,-0.03246774896979332,0.7428642511367798,0.5963662266731262,0.010981612838804722,0.7069733142852783,0.5119994282722473,-0.012371521443128586,0.6584241986274719,0.5297292470932007,-0.02900371141731739,0.6357758641242981,0.5679309368133545,-0.03513679280877113,0.7570974230766296,0.5992828607559204,-0.005328337196260691,0.7196683883666992,0.5143977403640747,-0.027318403124809265,0.6685794591903687,0.5322648286819458,-0.03605957701802254,0.6433736085891724,0.5690337419509888,-0.03569168969988823,0.7641785144805908,0.6095228791236877,-0.02269466407597065,0.7266688942909241,0.5360763072967529,-0.03710202872753143,0.6843159198760986,0.5394014120101929,-0.03923407196998596,0.6575329303741455,0.5666393637657166,-0.03643384948372841
O,0.7498247027397156,0.767719030380249,-4.806821607417078e-07,0.6935955882072449,0.7235433459281921,0.0016766722546890378,0.6565327048301697,0.6572617292404175,-0.000150688283611089,0.6269629597663879,0.6117043495178223,-0.009581073187291622,0.6230445504188538,0.565857470035553,-0.016530342400074005,0.7183734774589539,0.5746614336967468,0.03080136887729168,0.6955991387367249,0.5045218467712402,0.009348323568701744,0.6559774279594421,0.51375812292099,-0.009662051685154438,0.6329814791679382,0.5447177886962891,-0.019418388605117798,0.734345555305481,0.5706005692481995,0.017408840358257294,0.7038544416427612,0.4871288537979126,-0.003806112799793482,0.657822847366333,0.5024603605270386,-0.020575663074851036,0.6349545121192932,0.5378938317298889,-0.027344120666384697,0.7498792409896851,0.5726298093795776,-0.0008553829975426197,0.7176969051361084,0.48810505867004395,-0.021022005006670952,0.6685642004013062,0.5041634440422058,-0.030482720583677292,0.643065333366394,0.5389090776443481,-0.03146270290017128,0.7606395483016968,0.5814242362976074,-0.019926657900214195,0.7241443991661072,0.5102013349533081,-0.03319322317838669,0.6816641092300415,0.5149339437484741,-0.035883959382772446,0.6545354127883911,0.5420864820480347,-0.03431148827075958
O,0.7507022619247437,0.7407287359237671,-4.601540410931193e-07,0.693931519985199,0.7000424265861511,0.004311657510697842,0.656408429145813,0.6338271498680115,0.005048805847764015,0.626636803150177,0.587235689163208,-0.0021359699312597513,0.6245107650756836,0.5419071912765503,-0.007140414323657751,0.7176370620727539,0.5512976050376892,0.037533219903707504,0.6954293847084045,0.48659205436706543,0.020487485453486443,0.656815230846405,0.49172526597976685,0.0038152835331857204,0.6321083903312683,0.5169668793678284,-0.005055295303463936,0.7338242530822754,0.5457950830459595,0.023693915456533432,0.7042325735092163,0.46462494134902954,0.006085996050387621,0.6590780019760132,0.47695162892341614,-0.009490909986197948,0.6333624124526978,0.5098798274993896,-0.015869567170739174,0.7496262788772583,0.5471048355102539,0.005154885351657867,0.717627763748169,0.46391740441322327,-0.01284558605402708,0.6688849925994873,0.4794905483722687,-0.022247247397899628,0.6414040327072144,0.5130810141563416,-0.023467183113098145,0.7596323490142822,0.555630087852478,-0.013956925831735134,0.7214987874031067,0.4871554374694824,-0.02599814347922802,0.6797966957092285,0.4937809109687805,-0.02879958413541317,0.652765691280365,0.5212706327438354,-0.027627279981970787
O,0.7508689761161804,0.7191440463066101,-4.651730876048532e-07,0.6952518224716187,0.6812907457351685,0.004288325086236,0.6574162244796753,0.6172590851783752,0.005014899652451277,0.6273292303085327,0.5709818005561829,-0.0019967867992818356,0.6237180233001709,0.525871753692627,-0.006878507323563099,0.715255081653595,0.537642240524292,0.036857035011053085,0.6935082077980042,0.473915696144104,0.020469307899475098,0.6558864116668701,0.4775735139846802,0.004215551074594259,0.6322802901268005,0.5010635852813721,-0.004699165467172861,0.7314750552177429,0.5305876135826111,0.023019660264253616,0.7026899456977844,0.44908756017684937,0.005516998004168272,0.6578685641288757,0.46000203490257263,-0.00968187116086483,0.6323022842407227,0.49362194538116455,-0.016062168404459953,0.7474380731582642,0.5301448106765747,0.004605248104780912,0.71711665391922,0.44600895047187805,-0.012889588251709938,0.6687983274459839,0.45979517698287964,-0.02195005491375923,0.641092836856842,0.49289947748184204,-0.023477815091609955,0.757872462272644,0.5370532274246216,-0.014426114968955517,0.7213019132614136,0.46951743960380554,-0.0265458133071661,0.6794084310531616,0.47490477561950684,-0.02976522035896778,0.65156489610672,0.5013859272003174,-0.029294060543179512
O,0.7541530728340149,0.7014017105102539,-4.684741270466475e-07,0.6983698606491089,0.6671082377433777,0.005429168231785297,0.6595234870910645,0.6033910512924194,0.00744763994589448,0.6301954388618469,0.5575000643730164,0.001660962589085102,0.6232181191444397,0.5140658617019653,-0.002371907001361251,0.7152264714241028,0.5239797830581665,0.038313284516334534,0.6940807104110718,0.46455445885658264,0.02361043356359005,0.657795786857605,0.466389924287796,0.007939323782920837,0.6338602304458618,0.4865201711654663,-0.0010289705824106932,0.7315580248832703,0.5160989165306091,0.023969590663909912,0.7037184238433838,0.4376468062400818,0.0074597508646547794,0.6593172550201416,0.44673383235931396,-0.007804712746292353,0.6328238844871521,0.4788994789123535,-0.0145542798563838,0.7475793361663818,0.5149422287940979,0.0052558062598109245,0.7187767028808594,0.43280208110809326,-0.011657404713332653,0.6705991625785828,0.44500285387039185,-0.021274516358971596,0.6421537399291992,0.4765669107437134,-0.023503156378865242,0.75824373960495,0.5214091539382935,-0.013955636881291866,0.7226181626319885,0.4549136459827423,-0.026156995445489883,0.6807966232299805,0.45974016189575195,-0.029859840869903564,0.6525801420211792,0.48530876636505127,-0.02996896021068096
O,0.7539019584655762,0.687076210975647,-4.477957986637193e-07,0.6998270153999329,0.6564923524856567,0.0033094575628638268,0.6606356501579285,0.5929181575775146,0.004247230943292379,0.6314700841903687,0.545484185218811,-0.0018937605200335383,0.6259121894836426,0.5009260773658752,-0.005944139324128628,0.7176944613456726,0.51366126537323,0.03504502773284912,0.6976701617240906,0.4521409869194031,0.020519481971859932,0.660916805267334,0.4532352685928345,0.0057671088725328445,0.6374890804290771,0.4736495614051819,-0.0024965850170701742,0.7338610887527466,0.5057875514030457,0.02210608310997486,0.70631343126297,0.4254774749279022,0.005772915203124285,0.6613013744354248,0.4338262379169464,-0.008458085358142853,0.6351057887077332,0.4655718505382538,-0.01435897871851921,0.7498820424079895,0.5040013194084167,0.004791306331753731,0.720486044883728,0.42053529620170593,-0.011999459005892277,0.6717914342880249,0.4324677288532257,-0.021061692386865616,0.6437398791313171,0.4638753831386566,-0.022855140268802643,0.7605243921279907,0.5095906853675842,-0.013122135773301125,0.7233436107635498,0.44419044256210327,-0.02562941424548626,0.6816961169242859,0.44977474212646484,-0.029599910601973534,0.6548144221305847,0.4750975966453552,-0.029769588261842728
O,0.7558548450469971,0.6784448027610779,-4.565343090234819e-07,0.701526403427124,0.6481191515922546,0.003189241513609886,0.6612687110900879,0.5840696096420288,0.00399012491106987,0.6324217319488525,0.5347970128059387,-0.0019970948342233896,0.6279264688491821,0.4892548620700836,-0.006097918841987848,0.7209582924842834,0.5101919174194336,0.033827122300863266,0.7008258700370789,0.44962072372436523,0.019598176702857018,0.6638903617858887,0.4468834400177002,0.004923677537590265,0.6376355886459351,0.4630247950553894,-0.0033493696246296167,0.7379500865936279,0.5011777877807617,0.0210226159542799,0.710303783416748,0.420310378074646,0.0052305711433291435,0.6655105948448181,0.42534857988357544,-0.008614118210971355,0.63642817735672,0.45363524556159973,-0.014482392929494381,0.7536592483520508,0.4978881776332855,0.003962878603488207,0.7235179543495178,0.4133036732673645,-0.012859133072197437,0.6750952005386353,0.42299726605415344,-0.02173416130244732,0.6448656320571899,0.45191043615341187,-0.023449985310435295,0.7625663876533508,0.5018165111541748,-0.013575050048530102,0.7239648103713989,0.4359740614891052,-0.02615436166524887,0.6823036670684814,0.4405065178871155,-0.02997678890824318,0.6541347503662109,0.4641091525554657,-0.030170923098921776
O,0.7575238943099976,0.6724908351898193,-4.5611761834152276e-07,0.7017406821250916,0.6411054730415344,0.005186700262129307,0.6608937978744507,0.57806396484375,0.00701496284455061,0.6316488981246948,0.5280686616897583,0.0013978235656395555,0.6285178661346436,0.48202958703041077,-0.002500679576769471,0.7216809988021851,0.5075506567955017,0.038850244134664536,0.7016580700874329,0.4472591280937195,0.026081329211592674,0.6648050546646118,0.44304317235946655,0.011816784739494324,0.6386248469352722,0.45766279101371765,0.00357966311275959,0.7387312054634094,0.4978872239589691,0.024999719113111496,0.7113495469093323,0.4171287715435028,0.010403595864772797,0.6662687659263611,0.42110729217529297,-0.0036429245956242085,0.6370799541473389,0.44741255044937134,-0.009981445036828518,0.7545428276062012,0.49432361125946045,0.006817448418587446,0.7252101302146912,0.4074448049068451,-0.009785485453903675,0.6766696572303772,0.41750386357307434,-0.01887846738100052,0.6465714573860168,0.4464806616306305,-0.02079162187874317,0.7633031606674194,0.4978807866573334,-0.011677092872560024,0.7259775996208191,0.4286402463912964,-0.024383634328842163,0.6844640374183655,0.43317538499832153,-0.028191471472382545,0.6566824913024902,0.45754238963127136,-0.02846488356590271
O,0.757491946220398,0.6691433191299438,-4.530055264240218e-07,0.700700581073761,0.6368606686592102,0.005285235121846199,0.660040557384491,0.5740982294082642,0.0072252508252859116,0.6315205097198486,0.5239575505256653,0.0016640835674479604,0.6283764839172363,0.47750324010849,-0.0022514506708830595,0.7210546135902405,0.5050912499427795,0.0394892618060112,0.7015819549560547,0.44491055607795715,0.02675318345427513,0.6647733449935913,0.4405851364135742,0.012194013223052025,0.6380019187927246,0.454338401556015,0.0037398606073111296,0.7381323575973511,0.494962602853775,0.025579024106264114,0.711632251739502,0.41473186016082764,0.010904268361628056,0.6664832830429077,0.41820448637008667,-0.003758687525987625,0.6366161108016968,0.44357359409332275,-0.010561120696365833,0.7539659738540649,0.49076756834983826,0.007349987514317036,0.7250542044639587,0.4041304290294647,-0.009306258521974087,0.6764658689498901,0.41468358039855957,-0.018797243013978004,0.6461006999015808,0.44381582736968994,-0.02093489095568657,0.7628775238990784,0.4936479330062866,-0.011151562444865704,0.7252094745635986,0.4246021509170532,-0.02369162067770958,0.6836273074150085,0.429472416639328,-0.02739713154733181,0.6557050347328186,0.453898161649704,-0.02758190967142582
O,0.7582438588142395,0.6669352650642395,-4.511767599524319e-07,0.7004488706588745,0.634414792060852,0.0066625927574932575,0.6596265435218811,0.5721125602722168,0.00952021311968565,0.631049394607544,0.5221645832061768,0.004433239810168743,0.6273221969604492,0.47533363103866577,0.0008273348794318736,0.7189916372299194,0.5036509037017822,0.042698487639427185,0.699289083480835,0.4436178505420685,0.030868113040924072,0.663352906703949,0.43912744522094727,0.01635998673737049,0.6372060179710388,0.45251888036727905,0.007753299083560705,0.7361801266670227,0.4931192398071289,0.02818143181502819,0.7098466753959656,0.4140777885913849,0.014097260311245918,0.6651230454444885,0.4170587658882141,-0.0012622429057955742,0.6354508399963379,0.44278353452682495,-0.008749996311962605,0.7524216771125793,0.488558292388916,0.009351932443678379,0.7239521741867065,0.4020824432373047,-0.006701990962028503,0.6755194067955017,0.4119376242160797,-0.01686815172433853,0.6452050805091858,0.4413536489009857,-0.0196881964802742,0.7621061205863953,0.4909069240093231,-0.009665612131357193,0.7250520586967468,0.42208224534988403,-0.02181486412882805,0.6834853887557983,0.4262092113494873,-0.025880038738250732,0.6556238532066345,0.4506532549858093,-0.026492416858673096
O,0.7569962739944458,0.6661660075187683,-4.371402724245854e-07,0.6987518668174744,0.6326115727424622,0.006069381255656481,0.6584042310714722,0.5706877708435059,0.008222741074860096,0.6299911141395569,0.5206960439682007,0.0024712090380489826,0.6268618106842041,0.4732988774776459,-0.0016748117050155997,0.7186833024024963,0.5012025237083435,0.04187915101647377,0.6982071399688721,0.4406188428401947,0.029459845274686813,0.6618982553482056,0.4367286264896393,0.014677753672003746,0.6357306838035583,0.45081937313079834,0.006049188785254955,0.7357367873191833,0.4911426901817322,0.027489356696605682,0.7087845206260681,0.4121042490005493,0.012990696355700493,0.6637141704559326,0.4157595634460449,-0.0023847296833992004,0.634320080280304,0.4416598379611969,-0.009763354435563087,0.7518417239189148,0.48678264021873474,0.008713462390005589,0.7227655649185181,0.40024545788764954,-0.007564551196992397,0.6737699508666992,0.4107307195663452,-0.01750408485531807,0.6437109112739563,0.44065263867378235,-0.020007239654660225,0.7611032724380493,0.48957833647727966,-0.010334068909287453,0.723177433013916,0.42095473408699036,-0.022379135712981224,0.6812101602554321,0.42511409521102905,-0.02624581754207611,0.6537070870399475,0.449236661195755,-0.0266181081533432
O,0.7564600706100464,0.6661133766174316,-4.39555407183434e-07,0.6984456777572632,0.6337432265281677,0.005222417879849672,0.6575014591217041,0.5712310671806335,0.007219380233436823,0.6291679739952087,0.5206713676452637,0.0016715043457224965,0.6265178918838501,0.47329798340797424,-0.00225579715333879,0.7173895835876465,0.5034357905387878,0.04049898311495781,0.6974427700042725,0.44279205799102783,0.028194958344101906,0.6610689759254456,0.4377633035182953,0.013576888479292393,0.6356031894683838,0.45045435428619385,0.004937880206853151,0.7344802021980286,0.4926329553127289,0.026727546006441116,0.7084477543830872,0.4127194881439209,0.011992750689387321,0.6630648374557495,0.4154459834098816,-0.0032027671113610268,0.6338071227073669,0.4406430125236511,-0.010421155951917171,0.750362753868103,0.4874461889266968,0.008603332564234734,0.7217109203338623,0.3998107612133026,-0.007959629409015179,0.6729368567466736,0.4090912342071533,-0.017978116869926453,0.6432451009750366,0.43847399950027466,-0.020539240911602974,0.7597076296806335,0.4890230596065521,-0.009817888960242271,0.7222617268562317,0.4198065400123596,-0.022471414878964424,0.680453896522522,0.4233401417732239,-0.02672494947910309,0.6530648469924927,0.44744962453842163,-0.027338506653904915
O,0.7551166415214539,0.6661493182182312,-4.4018568701176264e-07,0.697231113910675,0.6329843997955322,0.006651981268078089,0.6568185091018677,0.5706321597099304,0.009271368384361267,0.628535270690918,0.520970344543457,0.004035199526697397,0.6239640712738037,0.47387734055519104,0.00037291416083462536,0.7175518274307251,0.5022600293159485,0.0418432392179966,0.697386622428894,0.44100257754325867,0.030088255181908607,0.6607484817504883,0.43628376722335815,0.01584499515593052,0.63470858335495,0.44980522990226746,0.007537740748375654,0.7343941330909729,0.4919959008693695,0.027361178770661354,0.7078090310096741,0.4117583632469177,0.01335841417312622,0.66237872838974,0.4146699905395508,-0.0015072914538905025,0.6329939365386963,0.440645694732666,-0.008554191328585148,0.7497695088386536,0.4873606860637665,0.008611125871539116,0.7205796837806702,0.399665892124176,-0.0069806575775146484,0.6716611981391907,0.4087139070034027,-0.01668606884777546,0.6415590047836304,0.4380313456058502,-0.019243275746703148,0.7583702802658081,0.48937591910362244,-0.01037517562508583,0.7207507491111755,0.4205061197280884,-0.022165236994624138,0.6789736151695251,0.42326635122299194,-0.026128027588129044,0.6511369347572327,0.44640031456947327,-0.026668120175600052
O,0.7559309005737305,0.6660095453262329,-4.417939578615915e-07,0.6973764300346375,0.6335374116897583,0.006266570650041103,0.6562693119049072,0.5715881586074829,0.008854503743350506,0.627724826335907,0.5211547613143921,0.0036143462639302015,0.6238076686859131,0.4735780358314514,-0.00012602051720023155,0.7154949903488159,0.5041806101799011,0.04226245731115341,0.6952442526817322,0.44369110465049744,0.03043600358068943,0.6587973833084106,0.4382987916469574,0.01594659872353077,0.6333588361740112,0.45040810108184814,0.007346278987824917,0.732642650604248,0.4929807186126709,0.027962608262896538,0.7064616680145264,0.41296038031578064,0.01375241857022047,0.6608877182006836,0.41527897119522095,-0.0014812670415267348,0.6316752433776855,0.4398816227912903,-0.008854231797158718,0.7485823035240173,0.4876185953617096,0.009310833178460598,0.7199846506118774,0.3998351991176605,-0.0068675559014081955,0.6709077954292297,0.40876805782318115,-0.017078721895813942,0.6411479711532593,0.43781787157058716,-0.01991105079650879,0.7579565048217773,0.48888999223709106,-0.009568477980792522,0.7206901907920837,0.4195486903190613,-0.022001398727297783,0.6788017153739929,0.42294445633888245,-0.026340505108237267,0.6513930559158325,0.4470432996749878,-0.02711724117398262
O,0.7542040348052979,0.6661188006401062,-4.289616697406018e-07,0.6961294412612915,0.6336449384689331,0.006386461667716503,0.6554887890815735,0.5715738534927368,0.00913406815379858,0.6271677613258362,0.5217633247375488,0.0040153078734874725,0.6223301291465759,0.47405746579170227,0.0005238986923359334,0.7168540954589844,0.5025812983512878,0.04345973953604698,0.6964564919471741,0.44291096925735474,0.032664213329553604,0.6597236394882202,0.4374738335609436,0.018740642815828323,0.6332254409790039,0.44961634278297424,0.010409727692604065,0.7338780164718628,0.4918384552001953,0.029156899079680443,0.7070690393447876,0.41258668899536133,0.01631968468427658,0.6616227030754089,0.4142974615097046,0.0018442582804709673,0.6315706968307495,0.4388391077518463,-0.00524881761521101,0.7491915822029114,0.4868345260620117,0.0104221748188138,0.7192882299423218,0.40001553297042847,-0.004456514026969671,0.6704163551330566,0.40820541977882385,-0.013786470517516136,0.639921247959137,0.43664053082466125,-0.01629488170146942,0.7574306726455688,0.4885525405406952,-0.008661286905407906,0.7192181348800659,0.4200055003166199,-0.02002258226275444,0.6773449778556824,0.4229728579521179,-0.023686779662966728,0.6491339802742004,0.44624555110931396,-0.02416364662349224
O,0.7547811269760132,0.666510820388794,-4.4731291382049676e-07,0.6959652304649353,0.6343770027160645,0.00513887545093894,0.6547769904136658,0.5718284249305725,0.006937295664101839,0.6262945532798767,0.521530270576477,0.0012930965749546885,0.6226171255111694,0.4740068316459656,-0.00275598862208426,0.7150232791900635,0.5030623078346252,0.03935466334223747,0.6937877535820007,0.4426412582397461,0.026628470048308372,0.6566976308822632,0.4377535283565521,0.01198041345924139,0.6314628720283508,0.4510323107242584,0.0034487340599298477,0.7326757311820984,0.49204039573669434,0.025486528873443604,0.7050498127937317,0.4118010401725769,0.010685398243367672,0.6588067412376404,0.4152083098888397,-0.004306409042328596,0.6297487020492554,0.4406748414039612,-0.011409728787839413,0.7487022280693054,0.48725423216819763,0.0072921025566756725,0.7185651063919067,0.39947253465652466,-0.009686199948191643,0.6687554121017456,0.40913769602775574,-0.019867142662405968,0.6390180587768555,0.438639760017395,-0.022521890699863434,0.7572365999221802,0.48959678411483765,-0.011137399822473526,0.7185026407241821,0.42020344734191895,-0.024551719427108765,0.6763262152671814,0.42406606674194336,-0.029179364442825317,0.6490704417228699,0.448307603597641,-0.029942192137241364
O,0.7539970874786377,0.6670392155647278,-4.4961007006349973e-07,0.6951175928115845,0.6350057125091553,0.007072771433740854,0.6539679169654846,0.5729591846466064,0.00993538647890091,0.625105619430542,0.5224331617355347,0.004792582243680954,0.6211092472076416,0.4746667742729187,0.0012079417938366532,0.7157925367355347,0.5040144920349121,0.04352550581097603,0.6941789984703064,0.4430532157421112,0.032476529479026794,0.6567013263702393,0.4383919835090637,0.018587125465273857,0.6309455037117004,0.4517741799354553,0.01035163551568985,0.733010470867157,0.4929563105106354,0.02880762331187725,0.7044416666030884,0.41274401545524597,0.01563766598701477,0.6577715873718262,0.4160812795162201,0.0009436004911549389,0.6283028721809387,0.4415547549724579,-0.006263566203415394,0.7485114336013794,0.48780515789985657,0.009747901000082493,0.7174745798110962,0.399494469165802,-0.005904209800064564,0.6673921942710876,0.40950965881347656,-0.015780705958604813,0.6373587250709534,0.4392327070236206,-0.018536582589149475,0.7562814950942993,0.48941928148269653,-0.009480491280555725,0.7171980738639832,0.4198658764362335,-0.021880995482206345,0.6749417185783386,0.4241759479045868,-0.026147738099098206,0.647569477558136,0.44893521070480347,-0.0269020888954401
O,0.7535606026649475,0.6702321171760559,-4.6038599066378083e-07,0.6928225159645081,0.6352089047431946,0.010033919475972652,0.653309166431427,0.5726403594017029,0.014417216181755066,0.6252726912498474,0.5227381587028503,0.01001930795609951,0.6194506287574768,0.4761175811290741,0.007182606495916843,0.7185633778572083,0.5023963451385498,0.04913702234625816,0.6961795687675476,0.4405810236930847,0.03910529240965843,0.6571769118309021,0.4368910789489746,0.02548428252339363,0.630297064781189,0.45130348205566406,0.01736665517091751,0.7360219359397888,0.49217489361763,0.032848749309778214,0.7059881687164307,0.411759614944458,0.020834369584918022,0.6579734683036804,0.4152562618255615,0.005875100381672382,0.6281960010528564,0.440181165933609,-0.0017411431763321161,0.7508466839790344,0.48823970556259155,0.012139048427343369,0.7176136374473572,0.4004923403263092,-0.002846074989065528,0.6659769415855408,0.41104060411453247,-0.013124329969286919,0.6355098485946655,0.4406869411468506,-0.016324516385793686,0.7562077641487122,0.49131760001182556,-0.008569515310227871,0.7150334715843201,0.42217591404914856,-0.020621035248041153,0.6715869903564453,0.42701318860054016,-0.02500920370221138,0.6436883211135864,0.4515330493450165,-0.02594657801091671
O,0.7500241994857788,0.6719928979873657,-5.079767788629397e-07,0.6912029981613159,0.6363913416862488,0.007125314325094223,0.6543477773666382,0.5717273950576782,0.009015163406729698,0.6269862651824951,0.5227355360984802,0.003289484651759267,0.6178479194641113,0.4784441590309143,-0.0006917965365573764,0.7230426669120789,0.4982377290725708,0.03826852887868881,0.6956767439842224,0.4372440576553345,0.02468155510723591,0.6543824076652527,0.43469107151031494,0.009840314276516438,0.6280299425125122,0.4539911150932312,0.001525067025795579,0.7407294511795044,0.48811179399490356,0.02355397678911686,0.7029779553413391,0.40937790274620056,0.01003260724246502,0.6537371277809143,0.41674989461898804,-0.0039503928273916245,0.6257340312004089,0.44529789686203003,-0.011070659384131432,0.7540532946586609,0.4847443103790283,0.00473360437899828,0.7139009833335876,0.39989423751831055,-0.011233179830014706,0.6611658334732056,0.4131227135658264,-0.020472243428230286,0.6319320201873779,0.44548842310905457,-0.023231271654367447,0.7557289004325867,0.48984408378601074,-0.014183963648974895,0.7112696170806885,0.42385023832321167,-0.027232440188527107,0.6679926514625549,0.42861419916152954,-0.03148004040122032,0.6408026218414307,0.45335832238197327,-0.032162390649318695
O,0.7515715956687927,0.6773970127105713,-5.657184374285862e-07,0.6910373568534851,0.6369277834892273,0.011433936655521393,0.655274510383606,0.5725952386856079,0.014140956103801727,0.6256609559059143,0.5261746048927307,0.008035734295845032,0.6161260008811951,0.4811123311519623,0.00333805987611413,0.7319144010543823,0.4977375268936157,0.044354911893606186,0.6989389061927795,0.4393876791000366,0.03169407323002815,0.6566416621208191,0.4372127652168274,0.016235023736953735,0.6290021538734436,0.456266313791275,0.007129550911486149,0.7495281100273132,0.48762238025665283,0.02672821469604969,0.7030255198478699,0.4095694422721863,0.014830110594630241,0.6524600386619568,0.41843897104263306,-0.00026822133804671466,0.6234509348869324,0.44762030243873596,-0.008837774395942688,0.7603573203086853,0.48557156324386597,0.005174717400223017,0.7120965123176575,0.4005787968635559,-0.008952246978878975,0.6579064130783081,0.4158509373664856,-0.01825452595949173,0.6280519366264343,0.4483402371406555,-0.021910367533564568,0.7562386393547058,0.4921562969684601,-0.016249079257249832,0.7070947885513306,0.4262152910232544,-0.028258929029107094,0.6636528372764587,0.4319457411766052,-0.032111428678035736,0.6364794373512268,0.4569588303565979,-0.032871466130018234
O,0.751545786857605,0.6814424991607666,-5.884883762519166e-07,0.6877272725105286,0.6357637047767639,0.01618647761642933,0.6530722975730896,0.5741365551948547,0.018997661769390106,0.6228581070899963,0.5299423336982727,0.01171824149787426,0.6146795749664307,0.48594892024993896,0.005756361875683069,0.739267885684967,0.4946361482143402,0.048001084476709366,0.7000210285186768,0.43337589502334595,0.03542160242795944,0.6563687324523926,0.43366503715515137,0.02016459032893181,0.6283773183822632,0.4567584693431854,0.011510787531733513,0.7564620971679688,0.4854293763637543,0.02762945182621479,0.7018072605133057,0.4056352376937866,0.017723767086863518,0.650641679763794,0.41667094826698303,0.004103030543774366,0.6234211921691895,0.4483183026313782,-0.00389490625821054,0.7646093964576721,0.48509395122528076,0.003535347757861018,0.7075886130332947,0.40115174651145935,-0.008408504538238049,0.6531826853752136,0.41782233119010925,-0.015423692762851715,0.6255636215209961,0.45112499594688416,-0.018148671835660934,0.7555221319198608,0.4927700161933899,-0.02025497704744339,0.7009754776954651,0.4296453595161438,-0.03132535144686699,0.658515989780426,0.43505430221557617,-0.0342964306473732,0.6337342262268066,0.4585581421852112,-0.03430095314979553
O,0.7500883936882019,0.6836274862289429,-5.889380645385245e-07,0.6862217783927917,0.6355540752410889,0.009922564029693604,0.6503167152404785,0.5762236714363098,0.00789811834692955,0.6185477375984192,0.5330389738082886,-0.002313390839844942,0.6104358434677124,0.489741712808609,-0.010298406705260277,0.747856855392456,0.4926353991031647,0.035170719027519226,0.702475905418396,0.430001825094223,0.01880834624171257,0.6568942666053772,0.4324186146259308,0.0013697841204702854,0.626716673374176,0.45643100142478943,-0.008608187548816204,0.7614012360572815,0.48558977246284485,0.017807748168706894,0.6990096569061279,0.40505582094192505,0.004900230560451746,0.6476118564605713,0.41830137372016907,-0.008662216365337372,0.6211838722229004,0.4505731463432312,-0.016818726435303688,0.7640326023101807,0.4861791729927063,-0.003221275983378291,0.7032521963119507,0.40246841311454773,-0.016276182606816292,0.6486349105834961,0.41969266533851624,-0.021614477038383484,0.6209545731544495,0.4526287615299225,-0.023358481004834175,0.7491472959518433,0.49429935216903687,-0.024485107511281967,0.695368230342865,0.4325394630432129,-0.03616499528288841,0.6516997814178467,0.4365123510360718,-0.03859838470816612,0.624687671661377,0.45747411251068115,-0.03807070851325989
O,0.7463148832321167,0.685392439365387,-5.948511443421012e-07,0.6845533847808838,0.6379231810569763,0.006202821619808674,0.6477270126342773,0.5780064463615417,0.0021011270582675934,0.6150848269462585,0.5357589721679688,-0.008937997743487358,0.6060994267463684,0.4927685260772705,-0.017499610781669617,0.747653603553772,0.4922461211681366,0.02755151130259037,0.6989619731903076,0.43128702044487,0.009622861631214619,0.6528310775756836,0.43521392345428467,-0.008270204067230225,0.6218411922454834,0.45894110202789307,-0.018184762448072433,0.7600327730178833,0.4855186939239502,0.012620696797966957,0.6937569975852966,0.40429604053497314,-0.0012320020468905568,0.6417326331138611,0.42057663202285767,-0.013581393286585808,0.6158245205879211,0.4540683329105377,-0.020553309470415115,0.7608977556228638,0.48686614632606506,-0.005830924492329359,0.6973909735679626,0.40295642614364624,-0.01935659721493721,0.6428565382957458,0.4217177629470825,-0.023219559341669083,0.6162335872650146,0.45558395981788635,-0.023579677566885948,0.7447071075439453,0.49563366174697876,-0.024736599996685982,0.6906383037567139,0.4329071342945099,-0.03645850718021393,0.6471542716026306,0.43700963258743286,-0.038004398345947266,0.6210204362869263,0.45800676941871643,-0.0364091657102108
O,0.744936466217041,0.6876073479652405,-6.070285962778144e-07,0.6822208762168884,0.6389600038528442,0.008767186664044857,0.6457108855247498,0.5790687799453735,0.00568730803206563,0.612917423248291,0.5367323756217957,-0.0049159047193825245,0.6025062799453735,0.49292251467704773,-0.013350320048630238,0.7460334897041321,0.4929708242416382,0.030163606628775597,0.6950132846832275,0.4318849742412567,0.013208765536546707,0.6488102078437805,0.43571776151657104,-0.004182901699095964,0.6186018586158752,0.45897406339645386,-0.013951605185866356,0.7590423226356506,0.48583608865737915,0.013889390975236893,0.6911027431488037,0.4047526717185974,0.0011852808529511094,0.6388298273086548,0.42050236463546753,-0.010634263046085835,0.6129364967346191,0.45372647047042847,-0.01756293512880802,0.7596395015716553,0.48693954944610596,-0.005768641363829374,0.6943511962890625,0.4035436511039734,-0.018210934475064278,0.6393889784812927,0.42207688093185425,-0.021604513749480247,0.6128697395324707,0.45557624101638794,-0.022110866382718086,0.7428953647613525,0.49510544538497925,-0.02577991783618927,0.6870821118354797,0.43377265334129333,-0.0370892733335495,0.643139123916626,0.4379898011684418,-0.0386212095618248,0.6170082092285156,0.45836061239242554,-0.0372261218726635
O,0.7432975769042969,0.6865909099578857,-6.132270868874912e-07,0.6806237697601318,0.6379944086074829,0.007878272794187069,0.6438102722167969,0.5781357288360596,0.004435458220541477,0.6106573343276978,0.5361626148223877,-0.006116053089499474,0.600203812122345,0.4932170510292053,-0.014597750268876553,0.745212733745575,0.49167636036872864,0.027449212968349457,0.690944254398346,0.43214061856269836,0.010225833393633366,0.6446291208267212,0.4366570711135864,-0.007455185055732727,0.6146053075790405,0.4597773551940918,-0.017461877316236496,0.7576971650123596,0.48471394181251526,0.011868054047226906,0.6865929961204529,0.4046427309513092,-0.0008539978298358619,0.6349771022796631,0.42115843296051025,-0.012472303584218025,0.6095069050788879,0.45452389121055603,-0.019444763660430908,0.7576917409896851,0.4862784445285797,-0.006932578515261412,0.6901252269744873,0.40246468782424927,-0.019564835354685783,0.6362046003341675,0.421664297580719,-0.022622618824243546,0.6103956699371338,0.45567452907562256,-0.022913889959454536,0.740273118019104,0.4950530529022217,-0.026086585596203804,0.6834779381752014,0.4328668713569641,-0.037774521857500076,0.6401176452636719,0.43756866455078125,-0.03901670128107071,0.6142722964286804,0.45869943499565125,-0.03727695345878601
O,0.7416905760765076,0.686168909072876,-6.247146302484907e-07,0.6796975135803223,0.6372029781341553,0.007910839281976223,0.6433457732200623,0.5784066915512085,0.0033755856566131115,0.6092970371246338,0.5365875959396362,-0.008053862489759922,0.5996996760368347,0.49344348907470703,-0.017510224133729935,0.7493687868118286,0.49090540409088135,0.024733873084187508,0.6912840008735657,0.43016576766967773,0.0074220928363502026,0.6438513994216919,0.4358797073364258,-0.010279928334057331,0.6128776669502258,0.4593982696533203,-0.020383398979902267,0.7606041431427002,0.4842870831489563,0.009497529827058315,0.6850464344024658,0.40289363265037537,-0.0030198092572391033,0.6330410838127136,0.42088186740875244,-0.014524354599416256,0.6076387166976929,0.45502591133117676,-0.02180979587137699,0.7584199905395508,0.48619815707206726,-0.008546180091798306,0.6876783967018127,0.40132221579551697,-0.020587416365742683,0.6338683366775513,0.4216713309288025,-0.023231878876686096,0.608064591884613,0.45636528730392456,-0.023646993562579155,0.7387529611587524,0.4951692521572113,-0.026845496147871017,0.6808865666389465,0.4321070611476898,-0.038215771317481995,0.6378813982009888,0.43746504187583923,-0.039198074489831924,0.6121066808700562,0.45916035771369934,-0.037413693964481354
O,0.741449773311615,0.6883925795555115,-6.426712388929445e-07,0.6798042058944702,0.6376664638519287,0.010230530984699726,0.643616259098053,0.576918363571167,0.0070238178595900536,0.6095873117446899,0.5350098013877869,-0.0034231289755553007,0.5997908115386963,0.49285873770713806,-0.012406089343130589,0.7529277801513672,0.4898557662963867,0.02625804953277111,0.6912917494773865,0.42827022075653076,0.01037716493010521,0.6428208351135254,0.4358164072036743,-0.006656717974692583,0.6110947132110596,0.45946571230888367,-0.016384314745664597,0.7627031803131104,0.4833427965641022,0.010439448989927769,0.6844648718833923,0.4017362594604492,-0.000763349118642509,0.6315314769744873,0.421305775642395,-0.01192703377455473,0.6052929759025574,0.4557506740093231,-0.01900653727352619,0.7581342458724976,0.4858044385910034,-0.00768120726570487,0.6865133047103882,0.39961445331573486,-0.01851605996489525,0.6329982280731201,0.42224806547164917,-0.020197300240397453,0.6073408126831055,0.4580026865005493,-0.019931163638830185,0.736362874507904,0.4951619505882263,-0.025820281356573105,0.6793485879898071,0.4300001263618469,-0.036445315927267075,0.6374275088310242,0.43627679347991943,-0.036256447434425354,0.6124071478843689,0.4588060975074768,-0.03334537148475647
O,0.7416332960128784,0.6877881288528442,-6.533346663673001e-07,0.679684042930603,0.6374642848968506,0.012194933369755745,0.6447265148162842,0.5764821171760559,0.009894217364490032,0.6115826964378357,0.5345593094825745,3.306645157863386e-05,0.6020198464393616,0.4936079978942871,-0.008829056285321712,0.7544338703155518,0.48880699276924133,0.026426108554005623,0.6913059949874878,0.42689934372901917,0.012009521014988422,0.6432565450668335,0.4351513385772705,-0.003923518117517233,0.6126096844673157,0.45840001106262207,-0.013190094381570816,0.7632255554199219,0.482064425945282,0.00998579990118742,0.6839898228645325,0.39992547035217285,-8.688300113135483e-06,0.6314289569854736,0.4207915663719177,-0.010252890177071095,0.6057969331741333,0.4553122818470001,-0.016949938610196114,0.7573354840278625,0.48454514145851135,-0.008387011475861073,0.6846205592155457,0.39785096049308777,-0.01832592859864235,0.6320122480392456,0.4219380021095276,-0.019454123452305794,0.6072266697883606,0.4583256244659424,-0.01915772445499897,0.7343704700469971,0.49332067370414734,-0.026559870690107346,0.6758562326431274,0.42838701605796814,-0.03679567947983742,0.6349318027496338,0.4357653856277466,-0.03630835935473442,0.6110668182373047,0.45879244804382324,-0.03334358334541321
O,0.7401819825172424,0.6853504180908203,-6.593065791093977e-07,0.67970871925354,0.6351165771484375,0.009529374539852142,0.645991325378418,0.5758842825889587,0.005092213861644268,0.6131570935249329,0.5345779061317444,-0.006042055319994688,0.6031214594841003,0.4936462640762329,-0.016296032816171646,0.758720874786377,0.48640862107276917,0.018516212701797485,0.6924608945846558,0.42453768849372864,0.0023117035161703825,0.6435351371765137,0.4345052242279053,-0.0138636389747262,0.613961398601532,0.45850518345832825,-0.022956769913434982,0.7665483951568604,0.4805508553981781,0.003780351486057043,0.6851917505264282,0.39758750796318054,-0.0076927607879042625,0.6315988302230835,0.4205390214920044,-0.0169856995344162,0.6071020364761353,0.45547276735305786,-0.022885577753186226,0.758723795413971,0.48437273502349854,-0.012616852298378944,0.6854845881462097,0.3965606987476349,-0.024003535509109497,0.6323697566986084,0.4216614365577698,-0.024111222475767136,0.6083707213401794,0.45870354771614075,-0.022747213020920753,0.7335566878318787,0.4940841495990753,-0.028810687363147736,0.6760884523391724,0.4272545874118805,-0.04024318605661392,0.6352165937423706,0.43407365679740906,-0.03941993787884712,0.6120314598083496,0.4566152095794678,-0.03581378608942032
O,0.7420713901519775,0.6859878897666931,-6.674804353679065e-07,0.6809288859367371,0.635164737701416,0.013349572196602821,0.6474419832229614,0.5750789046287537,0.01125418208539486,0.6152285933494568,0.5327301025390625,0.0017905597342178226,0.6035747528076172,0.4917486608028412,-0.00701908441260457,0.7608909010887146,0.48536884784698486,0.023823484778404236,0.6929298043251038,0.42374494671821594,0.010118307545781136,0.6440666913986206,0.4339677691459656,-0.00436388747766614,0.61552494764328,0.45762279629707336,-0.012310738675296307,0.7691024541854858,0.4791123569011688,0.007710639853030443,0.6876122951507568,0.3975183963775635,-0.0010701294522732496,0.6340550780296326,0.4197186827659607,-0.008699346333742142,0.6091960072517395,0.4549391567707062,-0.013510802760720253,0.7607417106628418,0.4825209379196167,-0.009859699755907059,0.6865954399108887,0.3974570333957672,-0.01885341666638851,0.6334242224693298,0.4227047562599182,-0.017996830865740776,0.6094895005226135,0.45949500799179077,-0.016354834660887718,0.7348995208740234,0.4909535050392151,-0.02701326087117195,0.6758882999420166,0.4266166687011719,-0.03652461618185043,0.6347706317901611,0.43501412868499756,-0.034889042377471924,0.6117087006568909,0.45801234245300293,-0.030899666249752045
O,0.7417206168174744,0.685340940952301,-6.717077098983282e-07,0.6812543272972107,0.634777843952179,0.014151507057249546,0.6476272344589233,0.5749896764755249,0.011867335997521877,0.6157904863357544,0.5326284766197205,0.0016599128721281886,0.6044420003890991,0.48999616503715515,-0.008032074198126793,0.7601135969161987,0.48442357778549194,0.02635306492447853,0.6939363479614258,0.42261144518852234,0.012406607158482075,0.6458582282066345,0.4329816401004791,-0.002516726264730096,0.6170868277549744,0.4574427902698517,-0.010714958421885967,0.7685917019844055,0.47772958874702454,0.009361017495393753,0.6877443194389343,0.3952691853046417,2.3697741198702715e-05,0.6337094902992249,0.417693555355072,-0.008622082881629467,0.6084079742431641,0.4540049433708191,-0.014027711935341358,0.7610424160957336,0.48018062114715576,-0.009268805384635925,0.6871450543403625,0.39359143376350403,-0.018508272245526314,0.6333980560302734,0.41986626386642456,-0.01881265453994274,0.6092236042022705,0.4583195149898529,-0.017943382263183594,0.7370539903640747,0.48764103651046753,-0.02746962197124958,0.6779096126556396,0.4231947362422943,-0.03728806599974632,0.6371947526931763,0.4323951005935669,-0.03663322702050209,0.6146681904792786,0.4564446210861206,-0.03339894860982895
O,0.7439846992492676,0.6840078830718994,-6.741707920809858e-07,0.682503879070282,0.6340635418891907,0.012708445079624653,0.6484440565109253,0.5745156407356262,0.010343476198613644,0.6167474985122681,0.5321588516235352,0.00037399347638711333,0.6050229668617249,0.4903883934020996,-0.008976085111498833,0.7599644064903259,0.482800155878067,0.025084372609853745,0.6929258704185486,0.42203545570373535,0.010460243560373783,0.6446255445480347,0.43169981241226196,-0.004711010493338108,0.6160387396812439,0.45542004704475403,-0.012926734983921051,0.7688075304031372,0.47591152787208557,0.00863897055387497,0.6878066062927246,0.39421796798706055,-0.0016292858636006713,0.6338443160057068,0.4171629250049591,-0.010215943679213524,0.6087840795516968,0.45378801226615906,-0.015156188048422337,0.7616807222366333,0.47820737957954407,-0.009584950283169746,0.6872510313987732,0.3935571610927582,-0.020012319087982178,0.6335647106170654,0.4203348159790039,-0.020174313336610794,0.6099562644958496,0.4587937593460083,-0.018703319132328033,0.7377080917358398,0.48570311069488525,-0.02749958075582981,0.6781225800514221,0.4217931926250458,-0.03795797750353813,0.6372858285903931,0.43158504366874695,-0.03695087507367134,0.6150133609771729,0.4561934769153595,-0.03316880390048027
O,0.7435929775238037,0.6826052069664001,-6.719712359881669e-07,0.68216472864151,0.6331251263618469,0.012863710522651672,0.6477289199829102,0.5739588141441345,0.010768604464828968,0.615973711013794,0.5315877199172974,0.0009241729858331382,0.6058961153030396,0.489830881357193,-0.008134291507303715,0.7591168284416199,0.48338186740875244,0.027401210740208626,0.693474531173706,0.42296475172042847,0.013169122859835625,0.6452047824859619,0.4317871630191803,-0.002223119605332613,0.6158039569854736,0.45534586906433105,-0.010681846179068089,0.7681499719619751,0.47577276825904846,0.011022450402379036,0.6880742311477661,0.3942883610725403,0.001300739822909236,0.6341345310211182,0.41600126028060913,-0.007971419021487236,0.6081500053405762,0.45205917954444885,-0.013583347201347351,0.7618291974067688,0.47708261013031006,-0.00728964526206255,0.6876526474952698,0.39337533712387085,-0.016678249463438988,0.6339275240898132,0.41915249824523926,-0.017690908163785934,0.6093856692314148,0.4570470452308655,-0.017155855894088745,0.7387809753417969,0.4839867055416107,-0.02537437714636326,0.6788544058799744,0.421859472990036,-0.034699130803346634,0.6376796960830688,0.43100327253341675,-0.03419145569205284,0.6143211722373962,0.4550057351589203,-0.0311416145414114
O,0.7451515793800354,0.6833856701850891,-6.673004122603743e-07,0.6834388971328735,0.6340001821517944,0.013287454843521118,0.6481819152832031,0.5737941861152649,0.011617781594395638,0.6156845092773438,0.5316745638847351,0.002183690434321761,0.605042576789856,0.4901524782180786,-0.006449171807616949,0.759566068649292,0.4823989272117615,0.0283491350710392,0.6936912536621094,0.42150411009788513,0.01446455717086792,0.6452749371528625,0.4301648736000061,-0.0008847240824252367,0.6152826547622681,0.45342105627059937,-0.009347089566290379,0.7683654427528381,0.4750635623931885,0.011802994646131992,0.6876654028892517,0.393424928188324,0.0022340717259794474,0.6339982151985168,0.41537994146347046,-0.0073110731318593025,0.6077200174331665,0.45188868045806885,-0.013052761554718018,0.7615747451782227,0.4768121838569641,-0.006621184758841991,0.6872204542160034,0.39330044388771057,-0.015878280624747276,0.6338070631027222,0.41945046186447144,-0.01699024811387062,0.6090407371520996,0.45750439167022705,-0.016430320218205452,0.7381079792976379,0.4842168092727661,-0.02475888654589653,0.6783629655838013,0.4217240512371063,-0.03401387855410576,0.6373463273048401,0.43102359771728516,-0.033358775079250336,0.6139004230499268,0.455060213804245,-0.030115388333797455
O,0.7448070645332336,0.6828542947769165,-6.584931497854996e-07,0.6829754114151001,0.6338313817977905,0.01039865892380476,0.6471966505050659,0.5747424960136414,0.007002280559390783,0.6143338084220886,0.5323691368103027,-0.003686239244416356,0.6038180589675903,0.4893392324447632,-0.013213987462222576,0.7585384845733643,0.481706440448761,0.02547680400311947,0.6935104131698608,0.42056065797805786,0.009725086390972137,0.6448022723197937,0.4290724992752075,-0.006785043049603701,0.6143246293067932,0.45311859250068665,-0.01587771065533161,0.7674281001091003,0.4744738042354584,0.009954442270100117,0.6869098544120789,0.3926492929458618,-0.0015826420858502388,0.6329259872436523,0.4147047996520996,-0.012077310122549534,0.606604814529419,0.4513218104839325,-0.018247168511152267,0.7610270380973816,0.4761958718299866,-0.007750592660158873,0.6865026950836182,0.3924911916255951,-0.018692705780267715,0.6325968503952026,0.41867566108703613,-0.02043326199054718,0.6077612638473511,0.45676693320274353,-0.019967949017882347,0.7381353974342346,0.484051376581192,-0.025388427078723907,0.6783027052879333,0.4215432107448578,-0.035754039883613586,0.6368705034255981,0.43043839931488037,-0.035716462880373,0.6132535934448242,0.4541817903518677,-0.03274941071867943
O,0.7450054883956909,0.6828445196151733,-6.45756358608196e-07,0.6825224757194519,0.6339926719665527,0.009370251558721066,0.6466606259346008,0.5750665664672852,0.0054089706391096115,0.6137246489524841,0.5328168869018555,-0.0055969408713281155,0.6022918820381165,0.4897231459617615,-0.015310317277908325,0.7571961879730225,0.48130545020103455,0.024011485278606415,0.6924079060554504,0.42038458585739136,0.007878105156123638,0.6442174911499023,0.4289966821670532,-0.008867848664522171,0.6139265298843384,0.45343348383903503,-0.01803993247449398,0.7659430503845215,0.4738636016845703,0.008983060717582703,0.6862436532974243,0.3922066390514374,-0.0024047112092375755,0.6328938603401184,0.41397732496261597,-0.01249398197978735,0.606879711151123,0.45060038566589355,-0.018450498580932617,0.7597219944000244,0.4756889343261719,-0.00832234974950552,0.6857565641403198,0.39171910285949707,-0.019125517457723618,0.6325992941856384,0.41748079657554626,-0.020314296707510948,0.6083279848098755,0.45572254061698914,-0.019536590203642845,0.7370614409446716,0.48392748832702637,-0.02570331282913685,0.6779294013977051,0.42124465107917786,-0.035960592329502106,0.6367311477661133,0.42956453561782837,-0.03560568764805794,0.6132763624191284,0.4532804787158966,-0.03242500498890877
O,0.7469779253005981,0.6828293800354004,-6.437761612687609e-07,0.6837176084518433,0.6347006559371948,0.00954013504087925,0.6465033888816833,0.575167715549469,0.005871444009244442,0.6129434108734131,0.5332927107810974,-0.004845500458031893,0.6024559140205383,0.4907909035682678,-0.014228640124201775,0.7554684281349182,0.4808332026004791,0.024498142302036285,0.6914084553718567,0.41984301805496216,0.008490058593451977,0.6430439352989197,0.4292685389518738,-0.008237926289439201,0.6125240921974182,0.4540053606033325,-0.017470786347985268,0.7644079327583313,0.4734087288379669,0.00935802236199379,0.6847251653671265,0.3911348283290863,-0.0019505057716742158,0.6315118074417114,0.4138663411140442,-0.012131104245781898,0.6061316728591919,0.4510147273540497,-0.018169736489653587,0.7585098147392273,0.47554224729537964,-0.008043208159506321,0.6851227283477783,0.39083442091941833,-0.01885797828435898,0.6319264769554138,0.4174354076385498,-0.019990425556898117,0.6078153252601624,0.4563008248806,-0.019148822873830795,0.7360705137252808,0.48426172137260437,-0.02549266815185547,0.6771464943885803,0.42134350538253784,-0.03581206500530243,0.6356958746910095,0.4300481677055359,-0.03529062122106552,0.6120395064353943,0.45423415303230286,-0.031987521797418594
O,0.7485083937644958,0.6803103685379028,-6.287392579906737e-07,0.6845182180404663,0.6328369379043579,0.009232998825609684,0.6459591388702393,0.5735388994216919,0.005762461572885513,0.6113663911819458,0.5312238335609436,-0.005102539900690317,0.6022009253501892,0.4886459708213806,-0.01429287064820528,0.7521264553070068,0.48094433546066284,0.028335338458418846,0.6909827589988708,0.42053651809692383,0.012739409692585468,0.6435188055038452,0.42931362986564636,-0.00426594028249383,0.6129788160324097,0.4539681077003479,-0.013944127596914768,0.7620910406112671,0.47309011220932007,0.012813597917556763,0.6838708519935608,0.3929055333137512,0.0014901693211868405,0.6319875717163086,0.4141959846019745,-0.009744346141815186,0.6070646643638611,0.45013728737831116,-0.016570569947361946,0.758144736289978,0.4741865396499634,-0.005410913378000259,0.6855630874633789,0.3888566195964813,-0.016792653128504753,0.6324817538261414,0.41427576541900635,-0.018841128796339035,0.6079118251800537,0.4526612460613251,-0.01844622753560543,0.7375105619430542,0.4824213683605194,-0.02381468564271927,0.6782912611961365,0.4191063344478607,-0.03476604446768761,0.636113166809082,0.4277021288871765,-0.034897539764642715,0.6112726330757141,0.45299941301345825,-0.0320347361266613
O,0.7497819066047668,0.6792776584625244,-6.449050715673366e-07,0.6855205297470093,0.6318991184234619,0.007684176322072744,0.6464917063713074,0.5725000500679016,0.0035009493585675955,0.6114250421524048,0.5312461853027344,-0.007645716425031424,0.6011988520622253,0.488383024930954,-0.0168069489300251,0.7517344951629639,0.47918403148651123,0.025259343907237053,0.6915719509124756,0.41800034046173096,0.007676828186959028,0.6438125371932983,0.4262177348136902,-0.010369867086410522,0.6131870746612549,0.45267704129219055,-0.020511774346232414,0.7624668478965759,0.4716116786003113,0.010242878459393978,0.6835197806358337,0.3923588693141937,-0.0028118861373513937,0.6320865154266357,0.41391289234161377,-0.01489283237606287,0.60780930519104,0.4508744478225708,-0.022217925637960434,0.7601825594902039,0.47290799021720886,-0.0076285055838525295,0.6869699358940125,0.3899223208427429,-0.019794002175331116,0.6336842179298401,0.4138454794883728,-0.022602539509534836,0.6085591316223145,0.45160049200057983,-0.022840533405542374,0.7408771514892578,0.4819389879703522,-0.025820622220635414,0.6809871792793274,0.4209634065628052,-0.037062983959913254,0.6383628249168396,0.4288426637649536,-0.03784513846039772,0.6130709052085876,0.45290228724479675,-0.03563155233860016
O,0.7508402466773987,0.6774951219558716,-6.257492941585951e-07,0.687276303768158,0.6308444738388062,0.007347144652158022,0.648277759552002,0.57285076379776,0.003184937871992588,0.6129725575447083,0.5318240523338318,-0.007957221008837223,0.6032072901725769,0.48840662837028503,-0.016973724588751793,0.7506430745124817,0.48136621713638306,0.02682735025882721,0.6934733390808105,0.42186760902404785,0.00965446513146162,0.6465979814529419,0.42734137177467346,-0.008210399188101292,0.6157116889953613,0.45142054557800293,-0.01830432377755642,0.7624084949493408,0.4728206694126129,0.01187526248395443,0.6864535212516785,0.39363881945610046,-0.0004974273033440113,0.6352529525756836,0.41201478242874146,-0.012689960189163685,0.6099115610122681,0.44780486822128296,-0.02019103802740574,0.761972188949585,0.4729520082473755,-0.00612641079351306,0.689755916595459,0.3912663757801056,-0.01765897125005722,0.6361980438232422,0.41255488991737366,-0.020993482321500778,0.6103153228759766,0.44899266958236694,-0.021741533651947975,0.7443788051605225,0.48112982511520386,-0.024552231654524803,0.6838997602462769,0.42165547609329224,-0.03513859584927559,0.6407489776611328,0.42805784940719604,-0.036298077553510666,0.6148037910461426,0.4512968957424164,-0.03461147099733353
O,0.753783106803894,0.6784602403640747,-6.231830411707051e-07,0.6894426941871643,0.6318875551223755,0.008458157069981098,0.6507918238639832,0.5733453631401062,0.0050294771790504456,0.6154559850692749,0.5322415828704834,-0.005745517089962959,0.604284942150116,0.4877716898918152,-0.014374361373484135,0.7502968907356262,0.4819870889186859,0.02887685038149357,0.6944747567176819,0.4232107996940613,0.011397795751690865,0.6472825407981873,0.42856156826019287,-0.006370121613144875,0.6171669960021973,0.45268476009368896,-0.016162622720003128,0.7634099125862122,0.4734151363372803,0.012873883359134197,0.6901214718818665,0.3918142318725586,0.0003409982018638402,0.6376014947891235,0.4095373749732971,-0.011172797530889511,0.6123901009559631,0.44616779685020447,-0.01786317303776741,0.763934314250946,0.47440409660339355,-0.006379612721502781,0.6933619379997253,0.391239732503891,-0.018217196688055992,0.6387471556663513,0.4119423031806946,-0.021043002605438232,0.6136096119880676,0.4484940767288208,-0.021190105006098747,0.7465502023696899,0.4832012355327606,-0.026045335456728935,0.6861397624015808,0.42206043004989624,-0.03695029020309448,0.6420422196388245,0.42762696743011475,-0.03798987716436386,0.6165626645088196,0.450490802526474,-0.03612006455659866
O,0.7564198970794678,0.6782668828964233,-6.328788231257931e-07,0.6923630237579346,0.6323950290679932,0.008261009119451046,0.6526609659194946,0.5728466510772705,0.004940775688737631,0.6167290210723877,0.5323936939239502,-0.005541169084608555,0.6053156852722168,0.48884665966033936,-0.013785302639007568,0.752683699131012,0.4825223982334137,0.02791774645447731,0.6962252259254456,0.42333489656448364,0.009921987541019917,0.6481838822364807,0.42876940965652466,-0.007880089804530144,0.6173621416091919,0.4533371031284332,-0.017490370199084282,0.7657068967819214,0.47391167283058167,0.01206669770181179,0.6907760500907898,0.39112335443496704,-0.0011580984573811293,0.6379314064979553,0.4100355803966522,-0.01270478405058384,0.6126853227615356,0.4479238986968994,-0.019147593528032303,0.7663508653640747,0.4748243987560272,-0.006999409757554531,0.6950175762176514,0.3902108371257782,-0.01949024572968483,0.6402264833450317,0.41186970472335815,-0.022511757910251617,0.6150949597358704,0.44907060265541077,-0.02251044288277626,0.748975396156311,0.4833560585975647,-0.026379134505987167,0.6883469223976135,0.4210834801197052,-0.03767038881778717,0.6440419554710388,0.4276335537433624,-0.03871361166238785,0.6185164451599121,0.45126640796661377,-0.03671153634786606
O,0.7569611668586731,0.6774709224700928,-6.25456948455394e-07,0.6927077174186707,0.6314012408256531,0.007713806349784136,0.6530256271362305,0.572047770023346,0.0035657091066241264,0.617060661315918,0.5309305787086487,-0.007737116888165474,0.60654217004776,0.48725417256355286,-0.016603557392954826,0.754045844078064,0.48165562748908997,0.027128640562295914,0.6998069882392883,0.42022979259490967,0.008633934892714024,0.6519553065299988,0.42487072944641113,-0.009456203319132328,0.6199317574501038,0.4496454894542694,-0.019289100542664528,0.7669410109519958,0.4735300838947296,0.011374397203326225,0.6929435133934021,0.389961838722229,-0.00253063696436584,0.6407001614570618,0.4083313047885895,-0.014652710407972336,0.6149871349334717,0.4455859363079071,-0.021559949964284897,0.7680539488792419,0.4743685722351074,-0.007656313944607973,0.696674108505249,0.39005613327026367,-0.020509691908955574,0.641995370388031,0.41162288188934326,-0.024104371666908264,0.6160792708396912,0.44853928685188293,-0.024587010964751244,0.7514925003051758,0.482801228761673,-0.0270354226231575,0.6905936002731323,0.4212366044521332,-0.03822856396436691,0.6461113095283508,0.4277435541152954,-0.039657123386859894,0.6199383735656738,0.4509463310241699,-0.03814792260527611
O,0.7586401700973511,0.6777981519699097,-6.292880243563559e-07,0.6935927867889404,0.6305582523345947,0.009938902221620083,0.6542440056800842,0.570934534072876,0.006963764782994986,0.6181766986846924,0.5298993587493896,-0.0037785049062222242,0.6076851487159729,0.48559993505477905,-0.012400811538100243,0.7541667222976685,0.48094403743743896,0.03129126876592636,0.6995578408241272,0.4213339686393738,0.01413541566580534,0.6521046757698059,0.42651620507240295,-0.003665485419332981,0.6206321716308594,0.4509419798851013,-0.013566938228905201,0.7675614356994629,0.472459077835083,0.014301070012152195,0.693763017654419,0.39017724990844727,0.0016808260697871447,0.6414133906364441,0.4087538719177246,-0.010587118566036224,0.6158007979393005,0.44619500637054443,-0.017819417640566826,0.7688456773757935,0.4731336534023285,-0.0058967904187738895,0.6979929208755493,0.38913494348526,-0.01771419867873192,0.6432859897613525,0.41075599193573,-0.02128586731851101,0.6176119446754456,0.4480039179325104,-0.021991277113556862,0.7522565126419067,0.48124754428863525,-0.026337414979934692,0.6912027597427368,0.419624388217926,-0.03700302541255951,0.6469175815582275,0.4262780547142029,-0.038167763501405716,0.6211389899253845,0.45006707310676575,-0.03655387833714485
O,0.7589468955993652,0.6769936084747314,-6.301273174358357e-07,0.6945471167564392,0.6301339864730835,0.008421681821346283,0.6555965542793274,0.571368932723999,0.004710875917226076,0.6199009418487549,0.5306020379066467,-0.006381801795214415,0.6079420447349548,0.4864731729030609,-0.015223832800984383,0.7559179067611694,0.47967028617858887,0.02840922772884369,0.7004066705703735,0.42009297013282776,0.010506532154977322,0.6528270840644836,0.4261656403541565,-0.007451120298355818,0.6221697926521301,0.4512428045272827,-0.017396623268723488,0.7690422534942627,0.47119319438934326,0.01221835520118475,0.6952326893806458,0.3893144130706787,-0.001265249913558364,0.6427305936813354,0.40864837169647217,-0.01320765819400549,0.6175495982170105,0.4458364248275757,-0.02009444870054722,0.7697330713272095,0.4723295569419861,-0.00721925962716341,0.6988739371299744,0.3886830806732178,-0.02000473253428936,0.6439568996429443,0.4110170006752014,-0.02327137254178524,0.6184593439102173,0.4479581415653229,-0.02358456887304783,0.7523399591445923,0.48121780157089233,-0.02698660083115101,0.6917328238487244,0.4202769100666046,-0.03855805844068527,0.6472408175468445,0.4269380569458008,-0.039982765913009644,0.6214335560798645,0.4498675763607025,-0.03839537128806114
O,0.7602850794792175,0.6766973733901978,-6.149048203951679e-07,0.6956692934036255,0.6305423378944397,0.007326297461986542,0.655745804309845,0.5713906288146973,0.003029686165973544,0.6195727586746216,0.5296357274055481,-0.008493366651237011,0.6098055243492126,0.48479315638542175,-0.017576195299625397,0.7550198435783386,0.4804338812828064,0.028207996860146523,0.7023338675498962,0.4191204011440277,0.009881997480988503,0.6548373699188232,0.4239862859249115,-0.008477403782308102,0.6229640245437622,0.448250949382782,-0.01866960898041725,0.7683502435684204,0.47188910841941833,0.012423641979694366,0.6965257525444031,0.3886411786079407,-0.0012360404944047332,0.6441487669944763,0.4065167009830475,-0.013708643615245819,0.6185135245323181,0.4429491460323334,-0.02102331817150116,0.7698825001716614,0.47265470027923584,-0.006780673284083605,0.7005723118782043,0.3882981538772583,-0.01949525810778141,0.6457673907279968,0.40976205468177795,-0.02317020297050476,0.619925856590271,0.4466475248336792,-0.023838842287659645,0.753775954246521,0.48130935430526733,-0.026451924815773964,0.6941515207290649,0.41996151208877563,-0.03767848014831543,0.6495357751846313,0.42634469270706177,-0.039214249700307846,0.623408317565918,0.4496764540672302,-0.03784884139895439
O,0.7619308233261108,0.6754031181335449,-6.426765821743174e-07,0.6964478492736816,0.6289703845977783,0.011063673533499241,0.6577979922294617,0.5705016255378723,0.009137180633842945,0.6226641535758972,0.5302900075912476,-0.0011107241734862328,0.6119033694267273,0.48660722374916077,-0.009504970163106918,0.7543379664421082,0.48186659812927246,0.03367169573903084,0.7023124694824219,0.4213573932647705,0.01686594821512699,0.6557133197784424,0.4273417890071869,-0.0006699422956444323,0.6251113414764404,0.4534740149974823,-0.010420338250696659,0.7684165239334106,0.4726523458957672,0.016040120273828506,0.6963540315628052,0.3907512426376343,0.0029084542766213417,0.6440007090568542,0.4109900891780853,-0.010315158404409885,0.619189441204071,0.44955357909202576,-0.018037816509604454,0.7710846662521362,0.47273823618888855,-0.00483221048489213,0.7020050883293152,0.38852906227111816,-0.017391379922628403,0.6464044451713562,0.4116588234901428,-0.022202523425221443,0.620716392993927,0.4499673545360565,-0.023563385009765625,0.7558468580245972,0.48038044571876526,-0.025779761373996735,0.6958744525909424,0.41877758502960205,-0.03689227253198624,0.6514522433280945,0.42644232511520386,-0.038700688630342484,0.6261819005012512,0.4512340724468231,-0.03758819028735161
O,0.7639769911766052,0.6750806570053101,-6.436446824409359e-07,0.6978972554206848,0.6297944784164429,0.0112017085775733,0.65907222032547,0.5705980062484741,0.009305098094046116,0.6236708164215088,0.5300029516220093,-0.0010257430840283632,0.6126826405525208,0.4859783947467804,-0.009495689533650875,0.7555829882621765,0.48182475566864014,0.034304384142160416,0.704332172870636,0.4205849766731262,0.017528826370835304,0.6577299237251282,0.4263802468776703,6.868960190331563e-05,0.6267899870872498,0.45262542366981506,-0.009675589390099049,0.7699925899505615,0.4729735851287842,0.0162642914801836,0.6981622576713562,0.3906172513961792,0.0027199406176805496,0.6457070708274841,0.41111820936203003,-0.010838376358151436,0.6206046342849731,0.4494517743587494,-0.018682662397623062,0.7734132409095764,0.473333477973938,-0.00507982075214386,0.7040513753890991,0.38824301958084106,-0.018390841782093048,0.6482610702514648,0.412129282951355,-0.023586276918649673,0.6224361658096313,0.4504402279853821,-0.02502458170056343,0.7589377760887146,0.4811566472053528,-0.026440845802426338,0.6981966495513916,0.4185505211353302,-0.03833916410803795,0.6535006761550903,0.4272175431251526,-0.04047548025846481,0.6282370090484619,0.45267796516418457,-0.039528798311948776
O,0.7649684548377991,0.6751718521118164,-6.378949137797463e-07,0.6999923586845398,0.6296172738075256,0.008820697665214539,0.6611164212226868,0.5704697966575623,0.006084869150072336,0.6258153319358826,0.5297861099243164,-0.0045683966018259525,0.6153554916381836,0.48594844341278076,-0.013062018901109695,0.7565311789512634,0.4815709888935089,0.03148157149553299,0.7064139246940613,0.42033952474594116,0.013530014082789421,0.6599729061126709,0.4260735511779785,-0.004366751294583082,0.6297397017478943,0.453247606754303,-0.01422366313636303,0.7708863615989685,0.4727157950401306,0.014491168782114983,0.7010708451271057,0.3904378414154053,-0.00012925842020194978,0.6492511630058289,0.41037923097610474,-0.013729923404753208,0.624278724193573,0.4485081732273102,-0.02132042869925499,0.774743378162384,0.4728720188140869,-0.006032850127667189,0.7070114612579346,0.38800349831581116,-0.02049299329519272,0.6516684889793396,0.41106992959976196,-0.025982998311519623,0.6256059408187866,0.4491102695465088,-0.02728191204369068,0.7605615854263306,0.48085078597068787,-0.026755405589938164,0.7001792192459106,0.41907721757888794,-0.03970812261104584,0.6555138230323792,0.42703020572662354,-0.04244876652956009,0.6298709511756897,0.4518311023712158,-0.041686151176691055
O,0.7673410177230835,0.6750248074531555,-6.378659236361273e-07,0.7017249464988708,0.6284822225570679,0.010808853432536125,0.663331151008606,0.5699753165245056,0.009219384752213955,0.62841796875,0.5293910503387451,-0.0010363876353949308,0.6171483397483826,0.4848577380180359,-0.009345643222332,0.7556203603744507,0.4817468225955963,0.035779573023319244,0.7070392370223999,0.4206729233264923,0.018725745379924774,0.6615037322044373,0.42705270648002625,0.0010189305758103728,0.6318296790122986,0.4543997347354889,-0.008877620100975037,0.7710711359977722,0.47245994210243225,0.017546551302075386,0.7034120559692383,0.39103180170059204,0.0034485203213989735,0.6520504951477051,0.41110244393348694,-0.010694955475628376,0.6270554661750793,0.44908407330513,-0.018764086067676544,0.7762612104415894,0.47234854102134705,-0.004294367972761393,0.7096972465515137,0.3876764476299286,-0.018800463527441025,0.6543009877204895,0.411575585603714,-0.025003066286444664,0.6283382177352905,0.4503847062587738,-0.02679065801203251,0.7633646130561829,0.47989022731781006,-0.026202231645584106,0.7031315565109253,0.4179491400718689,-0.03937608748674393,0.6584988832473755,0.4271503984928131,-0.04242077097296715,0.6333233118057251,0.45351651310920715,-0.0419275164604187
O,0.7706798315048218,0.6752679347991943,-6.437367119360715e-07,0.7045721411705017,0.6286950707435608,0.011895272880792618,0.665398359298706,0.5703895688056946,0.010267548263072968,0.6303783059120178,0.5284804105758667,-3.969609679188579e-05,0.6192408204078674,0.483364999294281,-0.00840158760547638,0.7609565258026123,0.48142990469932556,0.03605937212705612,0.7108050584793091,0.4201025068759918,0.019561411812901497,0.6648073196411133,0.42565080523490906,0.0025698759127408266,0.6352218985557556,0.452068030834198,-0.006792556028813124,0.776313304901123,0.4723857343196869,0.017545247450470924,0.7061477303504944,0.39077484607696533,0.0038592484779655933,0.6542396545410156,0.4116156995296478,-0.009340028278529644,0.6296314597129822,0.45019546151161194,-0.0166508499532938,0.7804199457168579,0.47242429852485657,-0.004407505504786968,0.711574375629425,0.388216108083725,-0.018116571009159088,0.6557633876800537,0.41212427616119385,-0.02339913882315159,0.6297791004180908,0.4500291347503662,-0.02468867413699627,0.7661246657371521,0.48005542159080505,-0.0263066329061985,0.7050056457519531,0.41806021332740784,-0.03852887079119682,0.6604852676391602,0.4269515872001648,-0.040899064391851425,0.6353341341018677,0.45197582244873047,-0.04002343863248825
O,0.771772027015686,0.6739556789398193,-6.268745664783637e-07,0.7065587639808655,0.6283890604972839,0.009390446357429028,0.667216420173645,0.5699387192726135,0.007386602461338043,0.6321682929992676,0.5296471118927002,-0.0029642132576555014,0.6217612028121948,0.4859890043735504,-0.01132846437394619,0.758004903793335,0.48094603419303894,0.03467237949371338,0.7106567025184631,0.42093411087989807,0.017189502716064453,0.6654943227767944,0.42664623260498047,-0.0006767833256162703,0.6358994245529175,0.45315021276474,-0.0105941416695714,0.7735384106636047,0.4719538390636444,0.01716536097228527,0.7067487239837646,0.39077067375183105,0.002322028623893857,0.6554915904998779,0.4112638831138611,-0.012136113829910755,0.6304198503494263,0.4496484398841858,-0.020069895312190056,0.7795056104660034,0.4718925654888153,-0.004067256115376949,0.7141066193580627,0.38803917169570923,-0.01914229616522789,0.6587784290313721,0.4113476872444153,-0.02588459849357605,0.6324502229690552,0.44959038496017456,-0.027684176340699196,0.7678292393684387,0.4797614812850952,-0.025416646152734756,0.7081006169319153,0.4179491698741913,-0.03836916759610176,0.6631956696510315,0.426157683134079,-0.04143523424863815,0.637239396572113,0.4515305161476135,-0.04087886959314346
O,0.7735281586647034,0.6758019328117371,-6.337076570162026e-07,0.7079069018363953,0.6291611790657043,0.012772822752594948,0.669476330280304,0.5707899332046509,0.011744649149477482,0.6347341537475586,0.5285286903381348,0.0014114540535956621,0.6238662600517273,0.4822103977203369,-0.007157980464398861,0.7592790126800537,0.48277023434638977,0.03961721062660217,0.7121498584747314,0.42111217975616455,0.02310764044523239,0.667464554309845,0.4262494444847107,0.005935791414231062,0.638871431350708,0.4528266191482544,-0.0035003027878701687,0.7761587500572205,0.4729979932308197,0.020133566111326218,0.7102423906326294,0.39117151498794556,0.006637474521994591,0.6586136817932129,0.4110887050628662,-0.007225407753139734,0.6337015628814697,0.44934043288230896,-0.014929009601473808,0.7827107906341553,0.4723917543888092,-0.0030465947929769754,0.7159390449523926,0.38818180561065674,-0.017104443162679672,0.6601293087005615,0.4121761918067932,-0.023291505873203278,0.634108304977417,0.4505791664123535,-0.025095688179135323,0.7711729407310486,0.4798354208469391,-0.026165971532464027,0.7108539342880249,0.4173963665962219,-0.03860089182853699,0.6666265726089478,0.42730262875556946,-0.041288722306489944,0.6419607996940613,0.4543103277683258,-0.040677741169929504
O,0.7750845551490784,0.6763108372688293,-6.149831506263581e-07,0.7100662589073181,0.6295006275177002,0.009877309203147888,0.6711143851280212,0.570882260799408,0.007594527676701546,0.6363255381584167,0.5282660126686096,-0.0031737645622342825,0.6256487965583801,0.48245131969451904,-0.01188755501061678,0.7624561190605164,0.48267096281051636,0.03616651892662048,0.7159316539764404,0.4217558205127716,0.018839115276932716,0.6707002520561218,0.4259909391403198,0.0012222244404256344,0.6419505476951599,0.4518320560455322,-0.008389961905777454,0.778216540813446,0.47348541021347046,0.018336869776248932,0.7137643694877625,0.3908158838748932,0.0037480720784515142,0.6617635488510132,0.41065549850463867,-0.010125994682312012,0.6366937756538391,0.44891783595085144,-0.017420507967472076,0.7839170694351196,0.47316116094589233,-0.0032847493421286345,0.7188460230827332,0.3888058364391327,-0.018024956807494164,0.6631306409835815,0.41197216510772705,-0.02409125491976738,0.6372548937797546,0.4500854015350342,-0.025419004261493683,0.771924614906311,0.48049071431159973,-0.025034990161657333,0.7129720449447632,0.4180581569671631,-0.03771619871258736,0.6684357523918152,0.42678800225257874,-0.040313053876161575,0.6433101892471313,0.4529975354671478,-0.039374422281980515
O,0.7767869830131531,0.6777299642562866,-6.245663826121017e-07,0.7114225625991821,0.6299330592155457,0.011240805499255657,0.6723050475120544,0.5709784626960754,0.009633516892790794,0.6377810835838318,0.527900755405426,-0.0008642197353765368,0.627971351146698,0.4819314777851105,-0.00941668450832367,0.7637193202972412,0.4843282699584961,0.03828561305999756,0.7170790433883667,0.4225800633430481,0.02141023613512516,0.6723024249076843,0.4271392226219177,0.0037454317789524794,0.6433877944946289,0.45303282141685486,-0.006040144711732864,0.7803010940551758,0.4749775230884552,0.01960911974310875,0.7155593633651733,0.39226284623146057,0.005602977704256773,0.6637945175170898,0.41113245487213135,-0.008685733191668987,0.6382910013198853,0.4488983154296875,-0.016586989164352417,0.7863379120826721,0.47448256611824036,-0.002825578674674034,0.7215674519538879,0.3891918659210205,-0.017229849472641945,0.6658598780632019,0.41196125745773315,-0.023665862157940865,0.6394409537315369,0.4497221112251282,-0.025496268644928932,0.7740323543548584,0.48192012310028076,-0.02529328502714634,0.7155715823173523,0.4180620312690735,-0.03791399300098419,0.6712546944618225,0.42723745107650757,-0.04056597128510475,0.6460374593734741,0.4540556073188782,-0.039830878376960754
O,0.778656005859375,0.6787365674972534,-6.22463517174765e-07,0.7134366035461426,0.6304329633712769,0.011437955312430859,0.6737436652183533,0.5709856152534485,0.010105272755026817,0.6391330361366272,0.5283021926879883,3.519438178045675e-05,0.6296570301055908,0.4832686483860016,-0.008189895190298557,0.7661585211753845,0.48541808128356934,0.03766955807805061,0.7191005349159241,0.4236362874507904,0.021018609404563904,0.6736418008804321,0.4278791546821594,0.003524102969095111,0.644311785697937,0.4532140791416168,-0.00604354590177536,0.7822188138961792,0.476316899061203,0.019363712519407272,0.7174583077430725,0.3927132487297058,0.005676558706909418,0.6649035215377808,0.41148924827575684,-0.008515716530382633,0.6392958164215088,0.44934776425361633,-0.01629338413476944,0.7876931428909302,0.4762682020664215,-0.0025306600145995617,0.7236825823783875,0.3902648091316223,-0.01624567247927189,0.6676177382469177,0.4120970368385315,-0.02267666719853878,0.6411868333816528,0.44952571392059326,-0.024544013664126396,0.7748602032661438,0.48390042781829834,-0.024386409670114517,0.7175531387329102,0.4189026653766632,-0.03614543005824089,0.6733537912368774,0.42703163623809814,-0.03845001012086868,0.6483505368232727,0.4533182978630066,-0.03749380633234978
O,0.7793433666229248,0.6784673929214478,-6.176027227411396e-07,0.7139734029769897,0.6291698217391968,0.013519380241632462,0.6746533513069153,0.5699741244316101,0.013245036825537682,0.6403875350952148,0.5276179909706116,0.0034382545854896307,0.6316344738006592,0.48269587755203247,-0.004733022302389145,0.7649341225624084,0.4861448407173157,0.04245717078447342,0.7201511859893799,0.42522382736206055,0.02674337662756443,0.675544798374176,0.428081214427948,0.009411584585905075,0.646242618560791,0.45213332772254944,-0.00031937987660057843,0.7818825840950012,0.4766938090324402,0.02267848514020443,0.7191231846809387,0.3937694728374481,0.00950875785201788,0.6672827005386353,0.41150718927383423,-0.005303210113197565,0.6411614418029785,0.4487135112285614,-0.013639816083014011,0.7890236973762512,0.47599002718925476,-0.0007928889244794846,0.725921630859375,0.39045482873916626,-0.014537392184138298,0.6700277924537659,0.41239646077156067,-0.021639062091708183,0.642964243888855,0.4499870538711548,-0.02397100441157818,0.7781193256378174,0.48306187987327576,-0.02410825341939926,0.7199832201004028,0.4188629388809204,-0.03599737957119942,0.6756796836853027,0.4274422526359558,-0.038663264364004135,0.6502496004104614,0.4542803168296814,-0.03807121887803078
O,0.7807717323303223,0.6778727173805237,-6.058148187548795e-07,0.7156748175621033,0.6300984621047974,0.013386526145040989,0.6763531565666199,0.5696694254875183,0.013404070399701595,0.6423447132110596,0.5255405902862549,0.004116004332900047,0.6345059275627136,0.4795689284801483,-0.00341094215400517,0.7657539248466492,0.4866512417793274,0.04296290874481201,0.7221189141273499,0.4255485236644745,0.02814476750791073,0.6780275702476501,0.426768034696579,0.01142178289592266,0.6491074562072754,0.4495266079902649,0.0019081641221418977,0.7830488681793213,0.4766940176486969,0.023461245000362396,0.7218586206436157,0.393545925617218,0.011255522258579731,0.6705004572868347,0.4088580310344696,-0.0029414233285933733,0.6439938545227051,0.4444027543067932,-0.011091874912381172,0.790420651435852,0.475551575422287,0.00023604602029081434,0.7282918691635132,0.38953083753585815,-0.012836000882089138,0.6730793714523315,0.4099699556827545,-0.019584234803915024,0.6457456946372986,0.4461701512336731,-0.021962180733680725,0.7795593738555908,0.4825928509235382,-0.022866735234856606,0.721838116645813,0.41863369941711426,-0.034446269273757935,0.6781337857246399,0.4263125956058502,-0.03718263655900955,0.652554452419281,0.4518548846244812,-0.03686872497200966
O,0.7821277379989624,0.6781186461448669,-6.2891308516555e-07,0.7167779207229614,0.6299589276313782,0.014939798042178154,0.678471565246582,0.5701584219932556,0.015661196783185005,0.6447882652282715,0.5272027254104614,0.006595220882445574,0.6364039182662964,0.4821361303329468,-0.0008627349161542952,0.7681550979614258,0.4879852831363678,0.04397158697247505,0.7235016226768494,0.42527979612350464,0.02909548394382,0.6788933873176575,0.4284712076187134,0.012468096800148487,0.6505832076072693,0.45341455936431885,0.0032114714849740267,0.7853090167045593,0.47786566615104675,0.023842671886086464,0.7230965495109558,0.39465925097465515,0.011792660690844059,0.6715468168258667,0.41194307804107666,-0.0022745360620319843,0.6464247107505798,0.4490621089935303,-0.010263425298035145,0.7925683259963989,0.4766122102737427,9.189570846501738e-05,0.7299618721008301,0.39030423760414124,-0.012293832376599312,0.6745193600654602,0.4117552638053894,-0.018711043521761894,0.6482928395271301,0.44917041063308716,-0.02098795957863331,0.7816042304039001,0.48322513699531555,-0.023473715409636497,0.7235060930252075,0.4197731018066406,-0.0345318503677845,0.6792752146720886,0.42784833908081055,-0.03709229826927185,0.6541932821273804,0.4541800916194916,-0.03663622960448265
O,0.7841276526451111,0.6800178289413452,-6.321815817500465e-07,0.7188279628753662,0.6306136846542358,0.015510600060224533,0.6813543438911438,0.5717231631278992,0.01595364511013031,0.6472852230072021,0.5290458798408508,0.006462508346885443,0.6375893950462341,0.4830748438835144,-0.0014081815024837852,0.7712773084640503,0.4870768189430237,0.04422411322593689,0.7261967658996582,0.4242156147956848,0.029314354062080383,0.6815950274467468,0.42902863025665283,0.012656074948608875,0.6529353857040405,0.45493170619010925,0.00340624013915658,0.7884020805358887,0.4774289131164551,0.023680906742811203,0.7254573106765747,0.39392179250717163,0.011626821011304855,0.6737581491470337,0.4126218855381012,-0.002245973562821746,0.648647665977478,0.45024922490119934,-0.010043377056717873,0.7951655983924866,0.47697770595550537,-0.00042215551366098225,0.7314525246620178,0.3911670744419098,-0.012801988050341606,0.6755251884460449,0.41371291875839233,-0.018932566046714783,0.6490376591682434,0.45136818289756775,-0.020973823964595795,0.7835427522659302,0.4841899275779724,-0.02429123781621456,0.725254476070404,0.4202054738998413,-0.03532826527953148,0.680837094783783,0.4292689263820648,-0.037508461624383926,0.655616044998169,0.45622366666793823,-0.03671036288142204
O,0.784576952457428,0.6799243688583374,-6.313911740107869e-07,0.7204686999320984,0.6313846111297607,0.013372940011322498,0.6822348237037659,0.571719229221344,0.013418909162282944,0.6484697461128235,0.5288709402084351,0.0040040272288024426,0.6404392719268799,0.48346012830734253,-0.003703057300299406,0.7719147801399231,0.4894855320453644,0.04207410663366318,0.7278314232826233,0.4263051152229309,0.02646191231906414,0.6832897663116455,0.43041369318962097,0.009510551579296589,0.6548972129821777,0.4557105600833893,0.00017623204621486366,0.7888846397399902,0.4796648323535919,0.0227301437407732,0.7274125218391418,0.3953721523284912,0.009772024117410183,0.6755995750427246,0.4137555658817291,-0.0045600938610732555,0.6505560874938965,0.4512248635292053,-0.012483049184083939,0.7960625886917114,0.47855469584465027,-0.0002954229130409658,0.7340980768203735,0.39149123430252075,-0.013860506005585194,0.6783474087715149,0.41405975818634033,-0.020759547129273415,0.6522138118743896,0.4521827697753906,-0.022937165573239326,0.7853468656539917,0.48483818769454956,-0.02316019870340824,0.7285192012786865,0.41946977376937866,-0.03501171991229057,0.684317409992218,0.4284604787826538,-0.03764502704143524,0.6592883467674255,0.45619848370552063,-0.036980483680963516
O,0.7856630682945251,0.6819338798522949,-6.347232783809886e-07,0.7207881808280945,0.6311423778533936,0.015553758479654789,0.6834126114845276,0.5719390511512756,0.01617199368774891,0.65012127161026,0.5291059017181396,0.006971587892621756,0.6420044898986816,0.48372676968574524,-0.0007191357435658574,0.7756035327911377,0.49010181427001953,0.04365008696913719,0.7301262617111206,0.4263688027858734,0.029055511578917503,0.6854092478752136,0.431087464094162,0.012641905806958675,0.6569910049438477,0.4563067555427551,0.0034881329629570246,0.7928526997566223,0.48041436076164246,0.02330094575881958,0.7301069498062134,0.39557528495788574,0.011581595987081528,0.678148627281189,0.4139498472213745,-0.0021043054293841124,0.6532107591629028,0.45134037733078003,-0.009881684556603432,0.7989938259124756,0.4799109399318695,-0.000506830692756921,0.7359946370124817,0.3927156627178192,-0.012825128622353077,0.6802668571472168,0.41448020935058594,-0.01895124465227127,0.6541404128074646,0.4516589939594269,-0.021026186645030975,0.7863033413887024,0.4868786334991455,-0.024009428918361664,0.7290728092193604,0.4216068685054779,-0.035219550132751465,0.685387134552002,0.43002957105636597,-0.0374293327331543,0.6607555747032166,0.45641469955444336,-0.03662557899951935
O,0.7867706418037415,0.6814680099487305,-6.243018901841424e-07,0.7225952744483948,0.6325533390045166,0.011707358062267303,0.6840391755104065,0.5725394487380981,0.011008313857018948,0.6507861614227295,0.5295644402503967,0.0013084769016131759,0.642772376537323,0.48428499698638916,-0.006547184661030769,0.7751888632774353,0.4892849326133728,0.03976607695221901,0.7310259342193604,0.42690396308898926,0.0236996877938509,0.686320424079895,0.43111473321914673,0.006606971845030785,0.6578850746154785,0.45689764618873596,-0.0027524582110345364,0.791773796081543,0.48035624623298645,0.021214455366134644,0.7303726077079773,0.396028995513916,0.007550479378551245,0.6782257556915283,0.4150187075138092,-0.006667282897979021,0.6534711122512817,0.45320266485214233,-0.01424457598477602,0.7982720136642456,0.47986680269241333,-0.0010699984850361943,0.7373999357223511,0.3925928473472595,-0.015313434414565563,0.6815020442008972,0.41456174850463867,-0.022009000182151794,0.6557032465934753,0.45271801948547363,-0.02372744120657444,0.786764919757843,0.48643818497657776,-0.02328997664153576,0.7301305532455444,0.4206884503364563,-0.03567076474428177,0.6859152913093567,0.42881089448928833,-0.03823695704340935,0.6613186001777649,0.4558797776699066,-0.037251781672239304
O,0.7880983948707581,0.6813557147979736,-6.2984867099658e-07,0.7236943244934082,0.6322964429855347,0.013443408533930779,0.6853356957435608,0.57268226146698,0.013165737502276897,0.6518254280090332,0.5289106369018555,0.0035835884045809507,0.644473135471344,0.48302051424980164,-0.004274930339306593,0.7778215408325195,0.4915888011455536,0.04129353538155556,0.733058750629425,0.42816439270973206,0.02598194032907486,0.6879276633262634,0.43108969926834106,0.00929972343146801,0.6593925952911377,0.4554975926876068,6.106781802373007e-05,0.7949733734130859,0.4817567765712738,0.022059859707951546,0.7331883311271667,0.3965454697608948,0.009563540108501911,0.6807796359062195,0.4137325882911682,-0.0042428383603692055,0.6555317640304565,0.4506094455718994,-0.011975026689469814,0.8014311790466309,0.4804955720901489,-0.0007630214677192271,0.7392793297767639,0.39291912317276,-0.013584326952695847,0.6831104159355164,0.41388648748397827,-0.019907325506210327,0.6566879749298096,0.4511076807975769,-0.022026360034942627,0.7894350290298462,0.4864237308502197,-0.023432878777384758,0.7325575351715088,0.42092734575271606,-0.03482072055339813,0.6882601976394653,0.4291221499443054,-0.03724084049463272,0.663080096244812,0.4560455083847046,-0.03659016638994217
O,0.7900004386901855,0.6808934807777405,-6.062469992684782e-07,0.7257425785064697,0.6316373348236084,0.013577296398580074,0.6867923140525818,0.5716721415519714,0.013969266787171364,0.652944028377533,0.5278794765472412,0.004846741445362568,0.6455593705177307,0.4819543659687042,-0.0026114233769476414,0.7753968238830566,0.4906591475009918,0.044333070516586304,0.7333763837814331,0.4288409650325775,0.02969854511320591,0.6898967623710632,0.4301806688308716,0.01314147375524044,0.6610506176948547,0.45289966464042664,0.003829055465757847,0.7932915687561035,0.48060598969459534,0.024851582944393158,0.7340067625045776,0.39586442708969116,0.012732318602502346,0.6830459833145142,0.41163453459739685,-0.0015361609403043985,0.6565842628479004,0.44798779487609863,-0.009538551792502403,0.8016830682754517,0.47925636172294617,0.0015638649929314852,0.7412617802619934,0.39141345024108887,-0.011657034046947956,0.6858230829238892,0.4121668040752411,-0.0186369176954031,0.6582666635513306,0.4493373930454254,-0.020906327292323112,0.7922439575195312,0.48550620675086975,-0.021595535799860954,0.7349779605865479,0.4198567867279053,-0.03327927738428116,0.6908729672431946,0.4278210997581482,-0.03610452637076378,0.6649118661880493,0.4545156955718994,-0.03567200526595116
O,0.790837287902832,0.6807421445846558,-6.057360906197573e-07,0.725807785987854,0.6319466233253479,0.016475489363074303,0.6877281665802002,0.5706046223640442,0.018614081665873528,0.6544996500015259,0.526552140712738,0.010630068369209766,0.6476345658302307,0.4804980456829071,0.004008387681096792,0.7763065099716187,0.49023866653442383,0.048766378313302994,0.734795331954956,0.4278581142425537,0.035791195929050446,0.6904212832450867,0.42783522605895996,0.019947707653045654,0.6610767245292664,0.4493957757949829,0.01098452229052782,0.7944499254226685,0.47956863045692444,0.028016751632094383,0.7360436320304871,0.39401566982269287,0.017798135057091713,0.6842870116233826,0.407401978969574,0.0039133429527282715,0.6571035981178284,0.44275718927383423,-0.004049133975058794,0.8030814528465271,0.4780592918395996,0.0035768707748502493,0.7429998517036438,0.3896271586418152,-0.007970307022333145,0.6877169013023376,0.40868282318115234,-0.014666846953332424,0.6600480079650879,0.44477447867393494,-0.017103955149650574,0.7938755750656128,0.48442545533180237,-0.020555732771754265,0.7363726496696472,0.41867637634277344,-0.031150072813034058,0.6929080486297607,0.4258958101272583,-0.0335916243493557,0.6676338315010071,0.45178109407424927,-0.033082254230976105
O,0.7909438610076904,0.6799923181533813,-6.045324880687986e-07,0.7258846759796143,0.6309906244277954,0.014149202033877373,0.6879549622535706,0.5697882771492004,0.014820470474660397,0.6548435688018799,0.5246341824531555,0.005800370126962662,0.6490370035171509,0.47788548469543457,-0.0016552964225411415,0.7769914269447327,0.4892931580543518,0.04571812227368355,0.7353664636611938,0.42588168382644653,0.031340550631284714,0.6910883784294128,0.4264388978481293,0.01464104000478983,0.6622657775878906,0.44935232400894165,0.005236926022917032,0.7950827479362488,0.4786788821220398,0.025975113734602928,0.7366275787353516,0.39234673976898193,0.01441832073032856,0.6848968267440796,0.4062896966934204,-0.00012037659325869754,0.6582748889923096,0.4424212872982025,-0.00846095196902752,0.8037589192390442,0.47722312808036804,0.0024154374841600657,0.7437947988510132,0.388486385345459,-0.009989356622099876,0.6883810758590698,0.4075164794921875,-0.01722213812172413,0.6609923243522644,0.44405293464660645,-0.01998974196612835,0.7946337461471558,0.48378947377204895,-0.02099297009408474,0.7373144626617432,0.41780945658683777,-0.03210413455963135,0.693507969379425,0.4246353805065155,-0.03499437868595123,0.6679992079734802,0.45075392723083496,-0.03480677679181099
O,0.7922279238700867,0.6804628372192383,-5.999470999995538e-07,0.7270078063011169,0.6308332681655884,0.014142842032015324,0.6888704299926758,0.5697159171104431,0.01459588948637247,0.6553633213043213,0.5239169001579285,0.005271121859550476,0.6490410566329956,0.4760226309299469,-0.0024378716479986906,0.7781732082366943,0.48853155970573425,0.04682209715247154,0.736138105392456,0.4254217743873596,0.03261416032910347,0.6916486620903015,0.42578598856925964,0.015839966014027596,0.6625747084617615,0.44822850823402405,0.006342232692986727,0.796312153339386,0.4778890609741211,0.0268830768764019,0.7378913760185242,0.391375333070755,0.015452979132533073,0.6859545707702637,0.40518295764923096,0.0007881908095441759,0.6589325070381165,0.4410783052444458,-0.007575499825179577,0.80476975440979,0.47639957070350647,0.003047453472390771,0.7448925375938416,0.3878610134124756,-0.009194492362439632,0.6892039775848389,0.40636399388313293,-0.016395842656493187,0.6612923741340637,0.44235047698020935,-0.01912306249141693,0.7952952980995178,0.48284849524497986,-0.020688671618700027,0.7377382516860962,0.4172589182853699,-0.03166051208972931,0.6936419606208801,0.42330655455589294,-0.034552257508039474,0.6677168011665344,0.44845786690711975,-0.03434097766876221
O,0.7923260927200317,0.6775820851325989,-5.915056817684672e-07,0.7269039154052734,0.6289406418800354,0.014475568197667599,0.6881392598152161,0.5674006938934326,0.015549100004136562,0.6547080278396606,0.521227240562439,0.006647993810474873,0.6491417288780212,0.4734092354774475,-0.0008074150537140667,0.7746747136116028,0.4876507520675659,0.048177819699048996,0.7348855137825012,0.4239698052406311,0.03449244797229767,0.6910429000854492,0.42322471737861633,0.018145237118005753,0.6627367734909058,0.44511210918426514,0.008854182437062263,0.7937531471252441,0.47641220688819885,0.028219452127814293,0.7372561097145081,0.38946783542633057,0.01702585630118847,0.6851406097412109,0.40197187662124634,0.0023664890322834253,0.6580911874771118,0.43737637996673584,-0.006061185616999865,0.8037989139556885,0.4741445481777191,0.004302542190998793,0.7456470727920532,0.3844173848628998,-0.008362634107470512,0.6897809505462646,0.40356719493865967,-0.015903333202004433,0.6621122360229492,0.4405152201652527,-0.018705260008573532,0.7963130474090576,0.47989457845687866,-0.019421156495809555,0.7389195561408997,0.4132421612739563,-0.03094431571662426,0.6944059729576111,0.4211602210998535,-0.03400641307234764,0.6685106754302979,0.44880130887031555,-0.03385165333747864
O,0.7942079305648804,0.6771075129508972,-6.066188120712468e-07,0.728111982345581,0.6280921697616577,0.015033822506666183,0.6885303854942322,0.5661531686782837,0.016380155459046364,0.6548789143562317,0.5204136967658997,0.007662306539714336,0.6498703956604004,0.47338390350341797,0.00045434077037498355,0.7778829336166382,0.4850688576698303,0.04870250076055527,0.7362241744995117,0.4211418330669403,0.034695643931627274,0.6912096738815308,0.42065566778182983,0.017927104607224464,0.6618356108665466,0.4430527687072754,0.008381102234125137,0.796499490737915,0.47399240732192993,0.02837856486439705,0.7377370595932007,0.38716578483581543,0.01686990261077881,0.6851741075515747,0.4008956551551819,0.0017423530807718635,0.6579821109771729,0.4371225833892822,-0.006968753878027201,0.8056241273880005,0.47183582186698914,0.0041270386427640915,0.7454491257667542,0.3815145492553711,-0.008548330515623093,0.6892740726470947,0.4011484980583191,-0.016296105459332466,0.6614404916763306,0.43856140971183777,-0.019274495542049408,0.7965720891952515,0.47832614183425903,-0.019913988187909126,0.7383127808570862,0.4114916920661926,-0.03136250004172325,0.6936211585998535,0.41889023780822754,-0.03457527607679367,0.6677460670471191,0.44587355852127075,-0.03455217927694321
O,0.7949332594871521,0.6747267246246338,-5.973802785774751e-07,0.7289141416549683,0.6259571313858032,0.01707974635064602,0.6891512274742126,0.5635454058647156,0.020167486742138863,0.655194103717804,0.5179521441459656,0.012535860762000084,0.6489495038986206,0.4704642593860626,0.006220363546162844,0.775884747505188,0.4833146631717682,0.05374729260802269,0.7360733151435852,0.4195520877838135,0.04134620726108551,0.6915155649185181,0.41802555322647095,0.0251269843429327,0.661992073059082,0.4388156831264496,0.015684491023421288,0.7948490977287292,0.4716131389141083,0.0325453020632267,0.7385588884353638,0.38445478677749634,0.022389156743884087,0.6859127879142761,0.3957584500312805,0.00702404510229826,0.6575132012367249,0.43050387501716614,-0.0020123450085520744,0.8049083948135376,0.4688667058944702,0.007387514691799879,0.7467468976974487,0.37850862741470337,-0.0042548468336462975,0.6905437111854553,0.3972945809364319,-0.012179826386272907,0.6617302298545837,0.4341546297073364,-0.015372077003121376,0.7972639203071594,0.47479817271232605,-0.017480451613664627,0.7401490211486816,0.4077456295490265,-0.027855239808559418,0.6949186325073242,0.4142305850982666,-0.03079214133322239,0.6677935123443604,0.44058138132095337,-0.030768388882279396
O,0.7963771820068359,0.6733092069625854,-6.142740858194884e-07,0.7292463779449463,0.6249798536300659,0.016281582415103912,0.6895835995674133,0.5612267255783081,0.01873418688774109,0.6561420559883118,0.5146581530570984,0.010883680544793606,0.6472519636154175,0.46687397360801697,0.004493008367717266,0.7774425148963928,0.4794297218322754,0.04986252635717392,0.7369742393493652,0.41556042432785034,0.03616130352020264,0.6916720867156982,0.41465064883232117,0.01965026743710041,0.6615619659423828,0.4361169636249542,0.010260628536343575,0.7967648506164551,0.46792563796043396,0.028916718438267708,0.738839864730835,0.38095980882644653,0.01780245639383793,0.6855630874633789,0.39289391040802,0.003130725584924221,0.6568828821182251,0.4277917742729187,-0.005239923484623432,0.8067216277122498,0.4656710624694824,0.004065713379532099,0.7469830513000488,0.37496280670166016,-0.00830083154141903,0.6903811693191528,0.39328235387802124,-0.015571358613669872,0.6612417697906494,0.4296775758266449,-0.01820233464241028,0.7984638810157776,0.47235703468322754,-0.020529400557279587,0.7402987480163574,0.4055326581001282,-0.03158213943243027,0.6952880024909973,0.411960244178772,-0.03445282205939293,0.6686497926712036,0.437856525182724,-0.034228306263685226
O,0.7965099811553955,0.670202374458313,-6.004315196150856e-07,0.7293551564216614,0.622202455997467,0.01638871617615223,0.6888554692268372,0.5578363537788391,0.01938195712864399,0.6547898054122925,0.5108528733253479,0.011843987740576267,0.6474605798721313,0.4629594683647156,0.005672827363014221,0.7740303874015808,0.4765802323818207,0.0522599071264267,0.7349499464035034,0.41291344165802,0.0389142669737339,0.6902251839637756,0.41129058599472046,0.022374413907527924,0.6601909399032593,0.4322200119495392,0.012918010354042053,0.7938435673713684,0.4641090929508209,0.031224464997649193,0.7377670407295227,0.37628084421157837,0.020203983411192894,0.6847901940345764,0.38761967420578003,0.004801639821380377,0.6556633710861206,0.42285123467445374,-0.0039993105456233025,0.8052113652229309,0.4609631896018982,0.0061438437551259995,0.7470470070838928,0.3700177073478699,-0.00634401198476553,0.6897127032279968,0.38890203833580017,-0.014557009562849998,0.6596488952636719,0.4263382852077484,-0.017674997448921204,0.7990227937698364,0.4673032760620117,-0.01867050491273403,0.7407093644142151,0.40091758966445923,-0.029592663049697876,0.6946589350700378,0.4074348211288452,-0.03301513195037842,0.6668275594711304,0.43359726667404175,-0.033240266144275665
O,0.7971815466880798,0.6704501509666443,-6.147664066702418e-07,0.7291885614395142,0.6227085590362549,0.01775369606912136,0.6892557740211487,0.5566931962966919,0.021374346688389778,0.6550555229187012,0.5085335969924927,0.014021164737641811,0.6449259519577026,0.4584357738494873,0.00803286861628294,0.7760640382766724,0.4721090495586395,0.05408262833952904,0.7363241314888,0.406583696603775,0.04144179821014404,0.6907647252082825,0.40559181571006775,0.025410136207938194,0.6611396670341492,0.42748790979385376,0.016092127189040184,0.7959476113319397,0.4601755142211914,0.03200145810842514,0.7388899922370911,0.37262314558029175,0.02166610397398472,0.6845613121986389,0.3837849199771881,0.006763990502804518,0.6552956104278564,0.4179890751838684,-0.002027442678809166,0.8069022297859192,0.4577978551387787,0.00581329083070159,0.7469583749771118,0.36482393741607666,-0.007075687404721975,0.688740611076355,0.3842538893222809,-0.015133787877857685,0.6590335965156555,0.42195650935173035,-0.018284492194652557,0.800093948841095,0.4646892547607422,-0.020001117140054703,0.7410982847213745,0.3950342535972595,-0.03190963342785835,0.6950803995132446,0.4035392701625824,-0.03521702066063881,0.6685071587562561,0.4324108958244324,-0.035346779972314835
O,0.7987145781517029,0.6692374348640442,-6.243903385438898e-07,0.7289549708366394,0.6203153133392334,0.01903092861175537,0.6874402761459351,0.5541221499443054,0.0233321376144886,0.6521806716918945,0.5054455995559692,0.01622743345797062,0.644889235496521,0.4561656713485718,0.01025724969804287,0.7740535736083984,0.4715157151222229,0.057013146579265594,0.7339823246002197,0.40553995966911316,0.04473135992884636,0.6879794597625732,0.40449926257133484,0.028328176587820053,0.6579283475875854,0.4269551932811737,0.018794264644384384,0.7940601706504822,0.4583597183227539,0.03442183881998062,0.7374572157859802,0.3678106665611267,0.02431519515812397,0.6826046109199524,0.38031408190727234,0.008345017209649086,0.653498649597168,0.4174332618713379,-0.0010009182151407003,0.8054990172386169,0.4550776481628418,0.0078198267146945,0.7469059228897095,0.3609767556190491,-0.00398058770224452,0.6877380609512329,0.3805028796195984,-0.012983899563550949,0.6577243804931641,0.41938328742980957,-0.01689634658396244,0.798753023147583,0.46138572692871094,-0.018303638324141502,0.739855945110321,0.39125579595565796,-0.028872234746813774,0.6925047636032104,0.3988668918609619,-0.03229379653930664,0.6648143529891968,0.4276078939437866,-0.03268444165587425
O,0.7970064282417297,0.6704707145690918,-6.181265348459419e-07,0.7275407314300537,0.6222822666168213,0.01739821396768093,0.6866441965103149,0.5549853444099426,0.020614398643374443,0.6513751149177551,0.5049270987510681,0.012713653966784477,0.6408332586288452,0.4524371027946472,0.006293438840657473,0.7740688323974609,0.4680544137954712,0.055238209664821625,0.7340860366821289,0.4009706377983093,0.04236077517271042,0.6872199177742004,0.3992323577404022,0.026139019057154655,0.6574915051460266,0.4218553900718689,0.01684539206326008,0.7939282655715942,0.4553157091140747,0.03308119252324104,0.7371228933334351,0.36530786752700806,0.02268696203827858,0.6811797022819519,0.3770315647125244,0.007811500690877438,0.6517894268035889,0.41238364577293396,-0.0007712853257544339,0.8051913976669312,0.452388733625412,0.006607655435800552,0.7451255321502686,0.35748857259750366,-0.006178195588290691,0.6854828596115112,0.3770824074745178,-0.014271097257733345,0.6556090712547302,0.41582292318344116,-0.017412228509783745,0.7991216778755188,0.45905429124832153,-0.019581902772188187,0.7391414046287537,0.3877648115158081,-0.03140757605433464,0.6915369629859924,0.3957434296607971,-0.034800998866558075,0.664293646812439,0.4250734746456146,-0.03495706245303154
O,0.7979186177253723,0.6713134050369263,-6.500911240436835e-07,0.7256174683570862,0.6210202574729919,0.024276893585920334,0.6841906309127808,0.5537706017494202,0.03119725175201893,0.6484502553939819,0.5044121146202087,0.025376569479703903,0.6396627426147461,0.4537607431411743,0.020207935944199562,0.7728140354156494,0.4696033000946045,0.06518218666315079,0.7308785319328308,0.40107715129852295,0.055412985384464264,0.6835788488388062,0.3994804322719574,0.039963334798812866,0.6531410217285156,0.4219966530799866,0.030934300273656845,0.7933856844902039,0.45575907826423645,0.04010076820850372,0.7349494099617004,0.36256951093673706,0.032288406044244766,0.678076446056366,0.3748073875904083,0.01619444601237774,0.6482626795768738,0.4124003052711487,0.0064834668301045895,0.8048033714294434,0.45197346806526184,0.011221097782254219,0.7443770170211792,0.3544766306877136,0.0010228602914139628,0.6834845542907715,0.3750128746032715,-0.008274802006781101,0.6532137393951416,0.4148145914077759,-0.012699371203780174,0.7977375984191895,0.45756861567497253,-0.016741225495934486,0.7372959852218628,0.3832440972328186,-0.026400256901979446,0.6886023283004761,0.3920990228652954,-0.029352763667702675,0.6604526042938232,0.4227011799812317,-0.02957143634557724
O,0.7961009740829468,0.6725674271583557,-6.516024200209358e-07,0.7225490212440491,0.6207497715950012,0.024873265996575356,0.6813426613807678,0.5533149242401123,0.03181710094213486,0.6453152298927307,0.5029594302177429,0.025745313614606857,0.6357450485229492,0.4515041410923004,0.020349156111478806,0.77085280418396,0.4686829149723053,0.06650851666927338,0.7290554642677307,0.39870238304138184,0.056764841079711914,0.681454062461853,0.3975342810153961,0.04120910167694092,0.651305615901947,0.4208025634288788,0.0321049690246582,0.7914793491363525,0.4547809064388275,0.04099324345588684,0.7336943745613098,0.36069241166114807,0.033120207488536835,0.6763232350349426,0.3730922341346741,0.016850654035806656,0.6465426683425903,0.41044482588768005,0.007028123363852501,0.8030509948730469,0.4509528577327728,0.011623114347457886,0.7431288957595825,0.35164016485214233,0.0014079512329772115,0.6815818548202515,0.37218672037124634,-0.007916109636425972,0.6510491371154785,0.4119703769683838,-0.012363903224468231,0.7961243987083435,0.4567079246044159,-0.016802910715341568,0.7355555891990662,0.3805270195007324,-0.02632344700396061,0.685964047908783,0.38957226276397705,-0.029083140194416046,0.6573116183280945,0.42090538144111633,-0.02919875457882881
O,0.7950712442398071,0.674611508846283,-6.764236104572774e-07,0.7200337052345276,0.6222105026245117,0.024450980126857758,0.6789973974227905,0.5534625053405762,0.030912674963474274,0.6430826783180237,0.5031349062919617,0.02433345839381218,0.6333909034729004,0.4508664309978485,0.01852690801024437,0.7719032764434814,0.46552494168281555,0.06530974060297012,0.7280566096305847,0.39510852098464966,0.05422411486506462,0.6791706681251526,0.39558178186416626,0.03783620521426201,0.6483718752861023,0.42037588357925415,0.028261974453926086,0.7929213047027588,0.4521494209766388,0.03950202092528343,0.731917142868042,0.357638418674469,0.030339423567056656,0.6734681725502014,0.37188073992729187,0.013597416691482067,0.6436577439308167,0.41056549549102783,0.0034616338089108467,0.8039577007293701,0.4492746889591217,0.009727843105793,0.7409096360206604,0.34921175241470337,-0.001894724671728909,0.6782912015914917,0.3710978031158447,-0.011485109105706215,0.6475909948348999,0.4121132493019104,-0.015972068533301353,0.7957605123519897,0.45603466033935547,-0.019140200689435005,0.7329404354095459,0.3806154131889343,-0.029872005805373192,0.6825813055038452,0.3896159827709198,-0.0332363024353981,0.6534638404846191,0.4203561544418335,-0.03367171436548233
O,0.7934094071388245,0.6748988032341003,-6.823319722570886e-07,0.7189611196517944,0.6212270855903625,0.021135343238711357,0.6770095229148865,0.5546412467956543,0.02532803826034069,0.6407369375228882,0.504327118396759,0.01688343659043312,0.6313289999961853,0.45078930258750916,0.009373384527862072,0.7684378027915955,0.46371498703956604,0.061413638293743134,0.72492915391922,0.39285537600517273,0.047698091715574265,0.6760448813438416,0.3939749598503113,0.029820069670677185,0.6451022624969482,0.4199846684932709,0.01955319568514824,0.7897348999977112,0.45101499557495117,0.03635892644524574,0.7287724614143372,0.3548896908760071,0.024372365325689316,0.6698567271232605,0.37086981534957886,0.006651734933257103,0.6398213505744934,0.4104650318622589,-0.0036034921649843454,0.8012770414352417,0.4484401345252991,0.007014836650341749,0.738661527633667,0.3473639488220215,-0.007656460627913475,0.6751869916915894,0.37053418159484863,-0.01769593171775341,0.6441006660461426,0.4123685359954834,-0.021632198244333267,0.7935792207717896,0.4553103744983673,-0.02161858044564724,0.7310504913330078,0.3776791989803314,-0.03464312478899956,0.6805670261383057,0.38731566071510315,-0.03823358565568924,0.6515487432479858,0.4191281795501709,-0.03825822100043297
O,0.7930058836936951,0.6772537231445312,-7.082757065290934e-07,0.7161568403244019,0.6215327382087708,0.020128309726715088,0.6744107007980347,0.5559570789337158,0.022675825282931328,0.6377058029174805,0.503246009349823,0.013104231096804142,0.6290568113327026,0.4495309889316559,0.004634666722267866,0.7725399136543274,0.46350035071372986,0.056574203073978424,0.724558413028717,0.3903404474258423,0.04158546030521393,0.6746501922607422,0.39182689785957336,0.022932488471269608,0.642516016960144,0.4176304340362549,0.012100448831915855,0.7940207719802856,0.45062777400016785,0.03196249157190323,0.7272742390632629,0.35404878854751587,0.019736753776669502,0.6680157780647278,0.37008774280548096,0.0023869473952800035,0.6376218795776367,0.4091583490371704,-0.008161745965480804,0.8042437434196472,0.4488704800605774,0.0032488550059497356,0.7370405793190002,0.34696924686431885,-0.010640697553753853,0.6730745434761047,0.36978819966316223,-0.019754501059651375,0.6413205862045288,0.41059383749961853,-0.023810729384422302,0.7939531207084656,0.4576161205768585,-0.024872779846191406,0.7294189929962158,0.37949201464653015,-0.037633802741765976,0.6782246828079224,0.38801121711730957,-0.04112759605050087,0.648236870765686,0.41802898049354553,-0.04135949909687042
O,0.791548490524292,0.6815053820610046,-7.018433052508044e-07,0.7155416011810303,0.6247162818908691,0.0197097510099411,0.6725510358810425,0.5578574538230896,0.02189605124294758,0.634648323059082,0.5069994330406189,0.011989508755505085,0.6232299208641052,0.4532826542854309,0.003481349442154169,0.7721744179725647,0.46269840002059937,0.05710466206073761,0.7247371673583984,0.38939258456230164,0.041647862643003464,0.6731999516487122,0.39264482259750366,0.023081259801983833,0.6402251720428467,0.4205028712749481,0.012796489521861076,0.7927758693695068,0.45088431239128113,0.032774053514003754,0.7261953353881836,0.35296303033828735,0.02052137441933155,0.664818286895752,0.37100157141685486,0.0038881837390363216,0.6345786452293396,0.4116067886352539,-0.00554148992523551,0.8019787073135376,0.4498804807662964,0.004200543276965618,0.7349175214767456,0.34971579909324646,-0.0094743138179183,0.6695393323898315,0.37187659740448,-0.01777222566306591,0.6379187703132629,0.4124607741832733,-0.020741047337651253,0.7907309532165527,0.4578986167907715,-0.023866809904575348,0.7265359163284302,0.3808737099170685,-0.035779919475317,0.6754729151725769,0.3881503939628601,-0.03834677115082741,0.6463981866836548,0.4168439209461212,-0.03751640394330025
O,0.791284441947937,0.6848504543304443,-7.217142297122336e-07,0.71428382396698,0.6265518665313721,0.02247285470366478,0.6707285046577454,0.5591219663619995,0.026021547615528107,0.632378339767456,0.5077123641967773,0.016506198793649673,0.6228103637695312,0.45366519689559937,0.007992151193320751,0.7677174210548401,0.46527430415153503,0.06211080402135849,0.7204458117485046,0.39149779081344604,0.04735935851931572,0.6692584156990051,0.39680051803588867,0.028862137347459793,0.6371181011199951,0.4268261194229126,0.01851113699376583,0.7895792722702026,0.4527831971645355,0.036115873605012894,0.7230221033096313,0.3537599444389343,0.023470399901270866,0.6614052057266235,0.3751004636287689,0.00568301510065794,0.6316909790039062,0.4192178547382355,-0.004297016654163599,0.8004643321037292,0.4511321485042572,0.005930577404797077,0.7330413460731506,0.3481217622756958,-0.008493460714817047,0.6667491793632507,0.37447720766067505,-0.017898792400956154,0.6356780529022217,0.4193231761455536,-0.021266542375087738,0.7908122539520264,0.45875710248947144,-0.023447321727871895,0.7254010438919067,0.3790602385997772,-0.0357951857149601,0.6732050776481628,0.3896540403366089,-0.03861496224999428,0.6442396640777588,0.42272403836250305,-0.03787613287568092
O,0.7910605669021606,0.6868531703948975,-7.156884862524748e-07,0.713540256023407,0.6275076270103455,0.02206103689968586,0.6694092750549316,0.5615920424461365,0.02469693124294281,0.6310069561004639,0.5085223317146301,0.014338738285005093,0.6228818893432617,0.45339757204055786,0.00487287063151598,0.768711507320404,0.46759021282196045,0.06188172474503517,0.7201929092407227,0.3940891623497009,0.047311387956142426,0.6695788502693176,0.39648979902267456,0.02814953587949276,0.6370460391044617,0.42302364110946655,0.016895266249775887,0.7907738089561462,0.45507824420928955,0.035728853195905685,0.7228023409843445,0.3568167984485626,0.023480964824557304,0.6620740294456482,0.3748455047607422,0.005053017754107714,0.631821870803833,0.4156646430492401,-0.006074277218431234,0.8007340431213379,0.4533531665802002,0.005345730111002922,0.7336588501930237,0.3489540219306946,-0.008513709530234337,0.667721688747406,0.3721112608909607,-0.01802377961575985,0.6351780891418457,0.4138718545436859,-0.0221926998347044,0.789457380771637,0.4617847502231598,-0.024309664964675903,0.7252640724182129,0.3800792694091797,-0.03661718592047691,0.6734755635261536,0.3886633813381195,-0.03949045389890671,0.643225908279419,0.4199427366256714,-0.039204955101013184
O,0.7913751602172852,0.6891787648200989,-7.353048658842454e-07,0.7129645943641663,0.6291500926017761,0.022247496992349625,0.6688745617866516,0.5625030994415283,0.025031398981809616,0.6306024193763733,0.5089690685272217,0.014821186661720276,0.6211578845977783,0.454728364944458,0.005495375022292137,0.768532395362854,0.46903058886528015,0.060617271810770035,0.7185878753662109,0.39475104212760925,0.04600190371274948,0.6678910255432129,0.3993302583694458,0.02693934366106987,0.6357681751251221,0.4280826449394226,0.015813658013939857,0.7905314564704895,0.4567275643348694,0.03449103608727455,0.7207123637199402,0.35813915729522705,0.02214669995009899,0.6599262952804565,0.3778141736984253,0.0039099156856536865,0.6301663517951965,0.4197610020637512,-0.007051072549074888,0.8003915548324585,0.45523905754089355,0.004281124100089073,0.7319191694259644,0.3506035804748535,-0.009432134218513966,0.6659841537475586,0.3744177520275116,-0.018858514726161957,0.6339912414550781,0.4169740378856659,-0.02301687002182007,0.7888265252113342,0.46333199739456177,-0.025181680917739868,0.7239466905593872,0.38173845410346985,-0.037632811814546585,0.6719410419464111,0.39037102460861206,-0.04061860591173172,0.641934335231781,0.4220692217350006,-0.04037151858210564
O,0.7922900915145874,0.6908596754074097,-7.260642291839758e-07,0.7135400176048279,0.6304538249969482,0.021269386634230614,0.6684715747833252,0.5639216303825378,0.02336614951491356,0.6293030977249146,0.5105695128440857,0.012679053470492363,0.6217232346534729,0.45672622323036194,0.002999380696564913,0.7690825462341309,0.4692988693714142,0.06013355776667595,0.718661367893219,0.39475923776626587,0.045018263161182404,0.6678510308265686,0.39922967553138733,0.025476647540926933,0.6350073218345642,0.4280894100666046,0.014064044691622257,0.790851354598999,0.4574928879737854,0.03447358310222626,0.7194936275482178,0.35845184326171875,0.021239902824163437,0.6591292023658752,0.3787219524383545,0.0020739093888550997,0.6291741132736206,0.4218219816684723,-0.009362391196191311,0.8007298707962036,0.4562322199344635,0.004704215098172426,0.7315221428871155,0.3510245680809021,-0.009499840438365936,0.6656695604324341,0.375605046749115,-0.01944088749587536,0.6331111192703247,0.4189559817314148,-0.02370847947895527,0.789232075214386,0.46511682868003845,-0.0243418887257576,0.7240662574768066,0.38290083408355713,-0.03665541112422943,0.6722440719604492,0.3916829824447632,-0.03968041390180588,0.6419282555580139,0.423453688621521,-0.03941115364432335
O,0.7934532761573792,0.6927250623703003,-7.510057571380457e-07,0.7138366103172302,0.6313689947128296,0.0242075864225626,0.669295608997345,0.5650935769081116,0.027572352439165115,0.6301286220550537,0.5115165710449219,0.01724581979215145,0.621953547000885,0.45833149552345276,0.007576636970043182,0.7693448662757874,0.4708659052848816,0.06433861702680588,0.718752920627594,0.3976244032382965,0.05033580958843231,0.6674558520317078,0.40335747599601746,0.030843187123537064,0.6344865560531616,0.43181127309799194,0.019143633544445038,0.7905510663986206,0.45845869183540344,0.03710925579071045,0.7199579477310181,0.36053434014320374,0.024748096242547035,0.6585887670516968,0.3819875717163086,0.00526715163141489,0.6284235715866089,0.42460811138153076,-0.006609287578612566,0.8002593517303467,0.4570116698741913,0.005931526888161898,0.7319109439849854,0.3531077802181244,-0.007121933624148369,0.6648281216621399,0.37902215123176575,-0.017303023487329483,0.6321876645088196,0.422498881816864,-0.022146061062812805,0.7889714241027832,0.465979665517807,-0.024358561262488365,0.7247851490974426,0.38366249203681946,-0.03538497909903526,0.6714788675308228,0.39420846104621887,-0.03787988796830177,0.6406837701797485,0.4280235171318054,-0.03759992495179176
O,0.7929075956344604,0.6948832273483276,-7.429146080539795e-07,0.714495062828064,0.6357472538948059,0.022070733830332756,0.6699663400650024,0.5681105256080627,0.02478279173374176,0.6311063766479492,0.5139251947402954,0.014483074657619,0.6230671405792236,0.4591614603996277,0.0050894878804683685,0.7695748209953308,0.4724826514720917,0.06198686361312866,0.7194573283195496,0.40089958906173706,0.04767626151442528,0.6678754687309265,0.4050000011920929,0.02846144139766693,0.6354486346244812,0.4318291246891022,0.01703193411231041,0.7909423112869263,0.46015238761901855,0.035768162459135056,0.7213823795318604,0.36231112480163574,0.023267870768904686,0.6597071290016174,0.3826982378959656,0.004859949927777052,0.6296654939651489,0.4242449700832367,-0.0061043500900268555,0.8008177280426025,0.45902615785598755,0.0053925588726997375,0.7328917980194092,0.3546256124973297,-0.008342120796442032,0.6662853360176086,0.3793080449104309,-0.017736487090587616,0.6343401670455933,0.4217182695865631,-0.021807262673974037,0.7901026010513306,0.4679175317287445,-0.024257473647594452,0.7259526252746582,0.38460204005241394,-0.03627603128552437,0.6731030344963074,0.39395761489868164,-0.038743309676647186,0.6427921652793884,0.4268093407154083,-0.03816790506243706
O,0.794487714767456,0.6983697414398193,-7.784568651914014e-07,0.7165126800537109,0.6390469074249268,0.022712182253599167,0.6722310185432434,0.5706113576889038,0.02561347745358944,0.6333305239677429,0.5181891322135925,0.01536486204713583,0.6237941384315491,0.46395447850227356,0.00586196593940258,0.7690377235412598,0.4757029116153717,0.05909546837210655,0.7196444869041443,0.4015219807624817,0.04300333186984062,0.6674131751060486,0.4075644016265869,0.0234351996332407,0.6353133320808411,0.43720802664756775,0.012324059382081032,0.7900580763816833,0.46465548872947693,0.03250102698802948,0.7208970189094543,0.3659308850765228,0.018203936517238617,0.6585220098495483,0.38957643508911133,-0.0005026377621106803,0.6294118165969849,0.434187650680542,-0.011080212891101837,0.8003636002540588,0.4640294313430786,0.0020035456400364637,0.7334623336791992,0.3588399887084961,-0.01240564975887537,0.6663123369216919,0.3855510652065277,-0.021822987124323845,0.6352021098136902,0.4301603436470032,-0.025532402098178864,0.791208803653717,0.4724147617816925,-0.02764027938246727,0.727841854095459,0.3883046805858612,-0.039330024272203445,0.6748586297035217,0.3982456624507904,-0.041336335241794586,0.6451966166496277,0.4323674738407135,-0.04024578258395195
O,0.7961597442626953,0.705022931098938,-7.718638244114118e-07,0.7182992696762085,0.6452221274375916,0.021598367020487785,0.6744798421859741,0.5762730836868286,0.02336740866303444,0.636285126209259,0.5223498940467834,0.012384714558720589,0.6265758275985718,0.4674939811229706,0.002262668451294303,0.7716453075408936,0.479739785194397,0.05620292201638222,0.7212050557136536,0.4045926630496979,0.039881303906440735,0.669528603553772,0.41239988803863525,0.020272843539714813,0.638622522354126,0.4441155195236206,0.00906010065227747,0.7928779125213623,0.469131201505661,0.030097100883722305,0.7227271795272827,0.371553897857666,0.015592568553984165,0.6607056856155396,0.39561375975608826,-0.0032419832423329353,0.6321942806243896,0.44082921743392944,-0.014190388843417168,0.802954375743866,0.46926388144493103,0.00017015203775372356,0.7362633347511292,0.3638521432876587,-0.014003371819853783,0.6688483953475952,0.3895885646343231,-0.02352357842028141,0.6374143362045288,0.43385711312294006,-0.027731701731681824,0.7930759191513062,0.4789310097694397,-0.02895316109061241,0.7301408052444458,0.3946657180786133,-0.04058082774281502,0.6772107481956482,0.40370383858680725,-0.04288225620985031,0.6474298238754272,0.4368373453617096,-0.04223564267158508
O,0.7987911701202393,0.7104436755180359,-7.675561732867209e-07,0.720818281173706,0.6487181186676025,0.023337291553616524,0.6768084764480591,0.5820757150650024,0.025396540760993958,0.6377897262573242,0.5281700491905212,0.014052578248083591,0.6287486553192139,0.47399431467056274,0.003264104947447777,0.7713393568992615,0.4869367182254791,0.058992791920900345,0.7216833233833313,0.4108358919620514,0.04285961762070656,0.6705427169799805,0.41853058338165283,0.02304530143737793,0.6398187875747681,0.45000582933425903,0.011639821343123913,0.7920149564743042,0.4764123260974884,0.03196131810545921,0.7229388356208801,0.3777669370174408,0.01706356555223465,0.661017894744873,0.4017261862754822,-0.0029225999023765326,0.6330409049987793,0.4467829763889313,-0.014578122645616531,0.802167534828186,0.4763939678668976,0.0011927321320399642,0.737174928188324,0.3719903230667114,-0.012555002234876156,0.6698822379112244,0.39694148302078247,-0.02327221818268299,0.6386331915855408,0.44049835205078125,-0.028417829424142838,0.7932762503623962,0.48567360639572144,-0.028636865317821503,0.7307770848274231,0.403007835149765,-0.039533670991659164,0.6780756115913391,0.41155171394348145,-0.042423758655786514,0.6486605405807495,0.4441640377044678,-0.04241970553994179
O,0.7970230579376221,0.7159616947174072,-7.564694328721089e-07,0.7191637754440308,0.6567212343215942,0.02043067291378975,0.6770361065864563,0.5889575481414795,0.021599188446998596,0.6411749124526978,0.5338910222053528,0.009978641755878925,0.6319881677627563,0.47894930839538574,-0.0008980603888630867,0.7694571614265442,0.49313730001449585,0.05499991774559021,0.7218216061592102,0.41824138164520264,0.03767530992627144,0.6712262630462646,0.42611005902290344,0.01753704436123371,0.6418167352676392,0.4569123387336731,0.005799043457955122,0.7907295227050781,0.48247668147087097,0.028864210471510887,0.7249762415885925,0.38557493686676025,0.012661043554544449,0.6633579730987549,0.40900567173957825,-0.007034613750874996,0.6354067921638489,0.4523751735687256,-0.018506908789277077,0.8018631935119629,0.48272034525871277,-0.0013129316503182054,0.7397319674491882,0.37762224674224854,-0.01727772131562233,0.6730700731277466,0.40251174569129944,-0.02778761088848114,0.6421487927436829,0.4456455707550049,-0.03249988704919815,0.7939416170120239,0.49327242374420166,-0.030800778418779373,0.7331251502037048,0.4108620584011078,-0.04368782415986061,0.6808865070343018,0.4189121127128601,-0.04703354090452194,0.6515423059463501,0.45048052072525024,-0.047238435596227646
O,0.7937397956848145,0.7251109480857849,-7.317344170587603e-07,0.7204204797744751,0.6687718629837036,0.013701003044843674,0.6770138740539551,0.5990283489227295,0.012708435766398907,0.6395266056060791,0.5432275533676147,0.0006590193952433765,0.632470428943634,0.48766934871673584,-0.009755581617355347,0.7680292129516602,0.5019930601119995,0.047730691730976105,0.724189817905426,0.42699092626571655,0.029397038742899895,0.6745285391807556,0.43217307329177856,0.009817658923566341,0.6457663178443909,0.46283721923828125,-0.0011380983050912619,0.7884426116943359,0.49193239212036133,0.025715652853250504,0.7265841960906982,0.39716586470603943,0.00858373288065195,0.6669374108314514,0.4185361862182617,-0.010384310968220234,0.6390475034713745,0.46020200848579407,-0.02072370983660221,0.8005528450012207,0.49167150259017944,-0.0007283398299477994,0.7393457889556885,0.39137002825737,-0.018113629892468452,0.6737655997276306,0.4140402674674988,-0.02949962206184864,0.6423587799072266,0.4557015299797058,-0.03403296694159508,0.7944177389144897,0.5009669661521912,-0.026870479807257652,0.7327295541763306,0.4219229817390442,-0.0407252237200737,0.680810809135437,0.42959481477737427,-0.04526181146502495,0.651314377784729,0.46116507053375244,-0.04581772908568382
O,0.7909711003303528,0.7349706888198853,-7.410556008835556e-07,0.7196899652481079,0.6792851686477661,0.009248113259673119,0.6773474216461182,0.6089922189712524,0.005828960798680782,0.6409027576446533,0.5543404817581177,-0.00738763902336359,0.6338812708854675,0.49920645356178284,-0.018517786636948586,0.7713253498077393,0.5094237923622131,0.03989735618233681,0.7261252403259277,0.4345097541809082,0.017913557589054108,0.6747421026229858,0.44178739190101624,-0.0035772828850895166,0.6447106003761292,0.47434115409851074,-0.015428355894982815,0.7916199564933777,0.5007582902908325,0.019756849855184555,0.72739577293396,0.4055095314979553,-0.0010848530801013112,0.6663166880607605,0.43007031083106995,-0.020681897178292274,0.6381477117538452,0.4739159643650055,-0.030690927058458328,0.8027667999267578,0.5013875961303711,-0.004919099621474743,0.7402245998382568,0.400234580039978,-0.025387246161699295,0.6739604473114014,0.42511606216430664,-0.03616910055279732,0.6425421237945557,0.46869638562202454,-0.039265770465135574,0.7953084707260132,0.5118171572685242,-0.029603345319628716,0.7340548634529114,0.4330085217952728,-0.04544808343052864,0.6818709373474121,0.44065773487091064,-0.04982045292854309,0.6521060466766357,0.47175318002700806,-0.04951256886124611
O,0.7900674343109131,0.7458792924880981,-7.443420031449932e-07,0.7202032208442688,0.6884457468986511,0.011941902339458466,0.6777234673500061,0.6181620955467224,0.010167105123400688,0.6408815979957581,0.5661874413490295,-0.0022092361468821764,0.6335276961326599,0.5114271640777588,-0.012972306460142136,0.7723125219345093,0.5198042392730713,0.044000864028930664,0.7260054349899292,0.4477226138114929,0.024487845599651337,0.6747959852218628,0.45382213592529297,0.004518799018114805,0.6451142430305481,0.48509034514427185,-0.00635905796661973,0.7927489280700684,0.5117413401603699,0.02283049374818802,0.7272640466690063,0.41907787322998047,0.005293959751725197,0.6659477353096008,0.4418312907218933,-0.012734614312648773,0.6379615664482117,0.48389533162117004,-0.022100871428847313,0.8029370307922363,0.5127015709877014,-0.0027853355277329683,0.7380278706550598,0.4147530794143677,-0.021272219717502594,0.6715541481971741,0.43869033455848694,-0.031207650899887085,0.6408566236495972,0.48125338554382324,-0.034068893641233444,0.7942876815795898,0.5216726660728455,-0.02818511612713337,0.732695996761322,0.441977322101593,-0.042757537215948105,0.6810508370399475,0.45136088132858276,-0.04580697417259216,0.6518093347549438,0.4851360023021698,-0.044633083045482635
O,0.7863816022872925,0.7577840089797974,-7.286174081855279e-07,0.7182737588882446,0.702048659324646,0.008959348313510418,0.6760938167572021,0.6307235360145569,0.006537931971251965,0.6392548084259033,0.579910159111023,-0.005944388918578625,0.63248610496521,0.5269127488136292,-0.016467824578285217,0.7694935202598572,0.530892014503479,0.04131576418876648,0.725088894367218,0.45879679918289185,0.020325815305113792,0.6739441156387329,0.46577680110931396,-0.0004077638441231102,0.6440248489379883,0.49820560216903687,-0.011651375330984592,0.7889593839645386,0.523727297782898,0.02167230285704136,0.7260988354682922,0.43176013231277466,0.0023360559716820717,0.6653931140899658,0.4552267789840698,-0.016295336186885834,0.6376678943634033,0.4972291886806488,-0.025594860315322876,0.7994080781936646,0.5255403518676758,-0.0026969858445227146,0.7368751764297485,0.42882034182548523,-0.02293173037469387,0.6710023283958435,0.4534178376197815,-0.033424656838178635,0.6405682563781738,0.4966917037963867,-0.0360027439892292,0.7919386625289917,0.5354104042053223,-0.027103258296847343,0.7325806617736816,0.45645633339881897,-0.04283062368631363,0.680941104888916,0.46598613262176514,-0.04645412042737007,0.6514880061149597,0.5005157589912415,-0.04530474543571472
