Q,0.7907330393791199,0.9102393984794617,2.98339983828555e-08,0.7780684232711792,0.9563807845115662,-0.021600721403956413,0.7887219190597534,1.0099483728408813,-0.030197741463780403,0.8013864159584045,1.0485225915908813,-0.0343010351061821,0.8126806616783142,1.068284511566162,-0.03501790761947632,0.8598647117614746,0.9956762194633484,-0.02134837955236435,0.8574718236923218,1.0542415380477905,-0.031112639233469963,0.8384112119674683,1.0575271844863892,-0.037345077842473984,0.8302043080329895,1.0462397336959839,-0.04064219072461128,0.8763285875320435,0.9806869626045227,-0.012340683490037918,0.8730936050415039,1.039367914199829,-0.019795864820480347,0.8544250726699829,1.0427210330963135,-0.02137702703475952,0.8452835083007812,1.0328559875488281,-0.022136380895972252,0.8827657699584961,0.9702324867248535,-0.004914828110486269,0.8827958106994629,1.0237147808074951,-0.011895190924406052,0.8652716875076294,1.0282257795333862,-0.00911948923021555,0.8545692563056946,1.0187450647354126,-0.006301048677414656,0.884348452091217,0.9643691182136536,0.0008499138639308512,0.88878333568573,1.0098705291748047,-0.004165078047662973,0.8751606941223145,1.0160893201828003,-0.0016097541665658355,0.8651511669158936,1.010344386100769,0.0015294597251340747
Q,0.7859624028205872,0.8915778994560242,1.3360906336856715e-07,0.7703770399093628,0.9433402419090271,-0.030221404507756233,0.7791299223899841,0.9977096915245056,-0.04314742982387543,0.7928664684295654,1.0440716743469238,-0.04914246127009392,0.8065384030342102,1.0702605247497559,-0.051914606243371964,0.8592430949211121,0.9692581295967102,-0.03691906854510307,0.8559831380844116,1.0357989072799683,-0.046102430671453476,0.8349955677986145,1.053358793258667,-0.050782978534698486,0.8216602206230164,1.053369402885437,-0.05340004712343216,0.8774078488349915,0.9530870318412781,-0.02355150692164898,0.8704381585121155,1.0203956365585327,-0.030254490673542023,0.8491232991218567,1.033778429031372,-0.030515367165207863,0.8368781208992004,1.0308313369750977,-0.031019331887364388,0.8833484649658203,0.9441413283348083,-0.011471210047602654,0.8792172074317932,1.0043716430664062,-0.01802067458629608,0.861603319644928,1.015512466430664,-0.016511928290128708,0.8489563465118408,1.0116666555404663,-0.015345036052167416,0.8834068775177002,0.9403718113899231,-0.0015610449481755495,0.8851861357688904,0.9888642430305481,-0.008018425665795803,0.8717250823974609,0.9999223351478577,-0.00752917118370533,0.8598613142967224,0.9983310699462891,-0.005981256254017353
Q,0.7801349759101868,0.865908145904541,2.5882326326609473e-07,0.7663815021514893,0.9194175004959106,-0.027476051822304726,0.7751153707504272,0.9778388142585754,-0.03881683573126793,0.7857576608657837,1.027552604675293,-0.04348691925406456,0.7962741255760193,1.055675983428955,-0.04618217796087265,0.8532995581626892,0.9437174201011658,-0.03220784664154053,0.8577055931091309,1.0109714269638062,-0.036097511649131775,0.8487326502799988,1.0443005561828613,-0.03806563466787338,0.8397678732872009,1.0612002611160278,-0.039683982729911804,0.8711939454078674,0.9265161752700806,-0.01857021637260914,0.8686698079109192,0.9942997694015503,-0.019375236704945564,0.850121021270752,1.0162930488586426,-0.017806999385356903,0.8391810059547424,1.0218924283981323,-0.01810612343251705,0.8771082162857056,0.9176453351974487,-0.005740740802139044,0.8763138055801392,0.9766840934753418,-0.007308918051421642,0.8613215088844299,0.9951456785202026,-0.005898962263017893,0.8499818444252014,0.9983854293823242,-0.005894395522773266,0.8774826526641846,0.9139344692230225,0.005140803288668394,0.8823670148849487,0.959911584854126,0.002310303971171379,0.8723344802856445,0.9764582514762878,0.0028584739193320274,0.861929714679718,0.9806010127067566,0.0037493116687983274
Q,0.7756271362304688,0.8341177701950073,2.556080858084897e-07,0.7614951133728027,0.8857560753822327,-0.028671491891145706,0.7695835828781128,0.946861982345581,-0.04127151519060135,0.7783291935920715,0.998896598815918,-0.04632488638162613,0.7865794897079468,1.0289485454559326,-0.0488978773355484,0.8517498970031738,0.9100122451782227,-0.04062085226178169,0.854596734046936,0.983701229095459,-0.04633967578411102,0.8427947759628296,1.0206298828125,-0.04673736169934273,0.831427812576294,1.0403974056243896,-0.04652583599090576,0.8720925450325012,0.8948073983192444,-0.025737708434462547,0.8598931431770325,0.9688547849655151,-0.028815310448408127,0.8345190286636353,0.9880246520042419,-0.026297593489289284,0.8173827528953552,0.9899106621742249,-0.02533615007996559,0.8782784938812256,0.8888030052185059,-0.011155970394611359,0.8654229640960693,0.956558108329773,-0.01569017581641674,0.8444004654884338,0.9720291495323181,-0.015527735464274883,0.8281513452529907,0.9721522927284241,-0.015425275079905987,0.8774331212043762,0.8884308338165283,0.0018083031754940748,0.8679324388504028,0.9432162642478943,-0.0030366259161382914,0.8521912097930908,0.9587693214416504,-0.004538821056485176,0.8393703103065491,0.9605929851531982,-0.004389239940792322
Q,0.7709169983863831,0.7982927560806274,2.7621376830211375e-07,0.7581362128257751,0.8500972390174866,-0.02993280068039894,0.7653422355651855,0.9158340692520142,-0.0427490770816803,0.7682492733001709,0.9712353944778442,-0.04729163646697998,0.7719835638999939,1.0056711435317993,-0.04940751940011978,0.8484041690826416,0.8747986555099487,-0.045010339468717575,0.8513414263725281,0.9558005332946777,-0.05158554017543793,0.8435781598091125,0.9995764493942261,-0.05138402059674263,0.8365078568458557,1.0258837938308716,-0.05074644088745117,0.8678186535835266,0.8618852496147156,-0.028535963967442513,0.8499844074249268,0.9430468082427979,-0.033475279808044434,0.8213988542556763,0.9516160488128662,-0.0293814018368721,0.8042848110198975,0.9407277703285217,-0.0266881100833416,0.8732494115829468,0.8565006256103516,-0.01218531932681799,0.8565873503684998,0.9317736625671387,-0.018484216183423996,0.8326702117919922,0.9365179538726807,-0.016554875299334526,0.8173091411590576,0.924655556678772,-0.014410987496376038,0.8722407817840576,0.8560171127319336,0.002691542496904731,0.8587835431098938,0.918130099773407,-0.002896603662520647,0.840587317943573,0.9245824813842773,-0.0035631272476166487,0.8282579183578491,0.9144603610038757,-0.0024551544338464737
Q,0.7640818357467651,0.7656052112579346,3.051029011658102e-07,0.7531929612159729,0.8157919049263,-0.033840905874967575,0.7628107070922852,0.8821396231651306,-0.04900479316711426,0.7638437747955322,0.942408561706543,-0.05543983727693558,0.7638557553291321,0.9849240183830261,-0.059548135846853256,0.8454356789588928,0.8408842086791992,-0.04763941466808319,0.846572756767273,0.9258736371994019,-0.05622531473636627,0.8408082723617554,0.9735305309295654,-0.05842314288020134,0.8382278084754944,1.0041860342025757,-0.05988620966672897,0.863213300704956,0.8289214968681335,-0.02963232807815075,0.8416638970375061,0.9124108552932739,-0.03732354938983917,0.8149554133415222,0.9108640551567078,-0.03381010517477989,0.8047270774841309,0.8909491896629333,-0.03121480904519558,0.8681565523147583,0.8240711688995361,-0.012306513264775276,0.8480527997016907,0.9004696011543274,-0.02078188955783844,0.8253126740455627,0.8943865299224854,-0.017748229205608368,0.816124439239502,0.8746323585510254,-0.014396635815501213,0.8670981526374817,0.8236114978790283,0.0031996972393244505,0.8511559963226318,0.8869922161102295,-0.0033075250685214996,0.8329015970230103,0.8846738338470459,-0.00313119450584054,0.8244369626045227,0.8674315214157104,-0.0012858111876994371
Q,0.7563608288764954,0.729366660118103,3.705432334299985e-07,0.7479409575462341,0.7785981893539429,-0.04218392074108124,0.7581151723861694,0.8478379249572754,-0.061644405126571655,0.7553400993347168,0.9137935042381287,-0.07052413374185562,0.7496087551116943,0.9667224287986755,-0.07735710591077805,0.8429955840110779,0.8045241832733154,-0.05775788053870201,0.8422073721885681,0.8949158191680908,-0.06837426871061325,0.8385553359985352,0.9457204341888428,-0.07088304311037064,0.8387177586555481,0.980890154838562,-0.07198821008205414,0.8579006195068359,0.7930765748023987,-0.03537724167108536,0.8341765403747559,0.8820963501930237,-0.04720946401357651,0.8061922192573547,0.8752316236495972,-0.04422375187277794,0.7956759929656982,0.8504645824432373,-0.04028251767158508,0.8602887392044067,0.7895307540893555,-0.013972721062600613,0.839408814907074,0.8712995648384094,-0.026289138942956924,0.8147525787353516,0.859677255153656,-0.023944595828652382,0.8065741062164307,0.8369700908660889,-0.01921962760388851,0.8573228120803833,0.7913594841957092,0.005254738964140415,0.8401998281478882,0.8574355840682983,-0.0030544213950634003,0.8218917846679688,0.850538432598114,-0.0034865220077335835,0.8158649802207947,0.8302553296089172,-0.0011292877607047558
Q,0.7486361861228943,0.6984920501708984,3.6403864100975625e-07,0.7411075234413147,0.7447364330291748,-0.0477234311401844,0.7517850995063782,0.8114258050918579,-0.06740208715200424,0.7513591647148132,0.8761501312255859,-0.07483590394258499,0.7477787733078003,0.9315508604049683,-0.07956422120332718,0.8391528725624084,0.7696758508682251,-0.062803715467453,0.8370282053947449,0.8623389005661011,-0.074165940284729,0.833760142326355,0.9160172939300537,-0.07674266397953033,0.834547758102417,0.9527907967567444,-0.077802374958992,0.8510611057281494,0.76282799243927,-0.037310753017663956,0.8260024785995483,0.8491453528404236,-0.05100245401263237,0.797926664352417,0.8415197134017944,-0.048740264028310776,0.7875987887382507,0.8155494332313538,-0.044908445328474045,0.8513222932815552,0.7630665898323059,-0.013161860406398773,0.8297021389007568,0.8423722386360168,-0.027734270319342613,0.8040463328361511,0.8286280035972595,-0.025842400267720222,0.7963854670524597,0.8046771883964539,-0.020889518782496452,0.8472394943237305,0.7675246000289917,0.008438317105174065,0.8280436396598816,0.83137446641922,-0.0024326923303306103,0.8099390268325806,0.8227241039276123,-0.004217055160552263,0.8042980432510376,0.8009089231491089,-0.0022407709620893
Q,0.7421748042106628,0.6682887673377991,3.8482403397210874e-07,0.7359145879745483,0.7139433026313782,-0.046434253454208374,0.7461346983909607,0.7789140343666077,-0.06664774566888809,0.7447339296340942,0.8439039587974548,-0.0751451626420021,0.741292417049408,0.8981350064277649,-0.08091533184051514,0.8307834267616272,0.7340264320373535,-0.06121441349387169,0.8318768739700317,0.8266857862472534,-0.07423891127109528,0.8295365571975708,0.8806901574134827,-0.07856421172618866,0.8308130502700806,0.9181994199752808,-0.08052188158035278,0.844637393951416,0.7267625331878662,-0.03697745129466057,0.8230528831481934,0.8162303566932678,-0.052289169281721115,0.7960044145584106,0.8098039031028748,-0.05115748196840286,0.785979151725769,0.784125030040741,-0.04764837399125099,0.8468500971794128,0.7271900773048401,-0.01412551011890173,0.8270255923271179,0.80782550573349,-0.029654238373041153,0.8019747734069824,0.7943479418754578,-0.02803897298872471,0.7949689626693726,0.7706003785133362,-0.02288264036178589,0.8441728949546814,0.7316834330558777,0.006234833505004644,0.8267731666564941,0.7958048582077026,-0.0043542408384382725,0.8088478446006775,0.7873821258544922,-0.0054228175431489944,0.8033092617988586,0.7660927772521973,-0.0028673543129116297
Q,0.7343288064002991,0.6364158391952515,3.574918991944287e-07,0.7297791838645935,0.6777171492576599,-0.04771076515316963,0.7423908114433289,0.7426000237464905,-0.06746861338615417,0.7422465085983276,0.8078494071960449,-0.07485940307378769,0.7373334169387817,0.8608242273330688,-0.07955073565244675,0.8262299299240112,0.6972084641456604,-0.06442923098802567,0.8266958594322205,0.7927300930023193,-0.07874326407909393,0.824601948261261,0.8463866114616394,-0.08343366533517838,0.826876163482666,0.8839044570922852,-0.0857517421245575,0.8384401798248291,0.6930698156356812,-0.03979871794581413,0.8154812455177307,0.7814968824386597,-0.056027643382549286,0.7892501950263977,0.7716109752655029,-0.054472606629133224,0.7804173231124878,0.7445667386054993,-0.05076458305120468,0.8390573859214783,0.695816159248352,-0.016722891479730606,0.8191443085670471,0.7751193642616272,-0.033623866736888885,0.7948139309883118,0.759284257888794,-0.032451894134283066,0.7890808582305908,0.7348810434341431,-0.027502328157424927,0.8345781564712524,0.7031562924385071,0.0038013807497918606,0.8170201182365417,0.7646817564964294,-0.008589253760874271,0.799651563167572,0.7538051605224609,-0.010587933473289013,0.7954068779945374,0.7313579320907593,-0.00849846936762333
Q,0.7277252078056335,0.6069774031639099,3.5800704267785477e-07,0.7234349250793457,0.6477441191673279,-0.04934375360608101,0.7364786863327026,0.710231602191925,-0.06961951404809952,0.7360878586769104,0.774817705154419,-0.07700952142477036,0.732541024684906,0.8265606760978699,-0.0816049575805664,0.8185617923736572,0.664423406124115,-0.06659690290689468,0.8215575218200684,0.7572410702705383,-0.08081074059009552,0.8207073211669922,0.8095227479934692,-0.08550863713026047,0.8240082263946533,0.8465097546577454,-0.08779959380626678,0.8307541012763977,0.6582602262496948,-0.04068804532289505,0.8100275993347168,0.7466886639595032,-0.05630791559815407,0.7829644680023193,0.7388365864753723,-0.0546417199075222,0.7743385434150696,0.7138254642486572,-0.05111058056354523,0.8323075771331787,0.6596217155456543,-0.016345029696822166,0.8133345246315002,0.7393231987953186,-0.03274887800216675,0.7875838279724121,0.7247076630592346,-0.03154585137963295,0.7820274829864502,0.7011595964431763,-0.026772696524858475,0.8294316530227661,0.6655846834182739,0.005353347398340702,0.8131586313247681,0.7263445854187012,-0.006888681091368198,0.7946382761001587,0.7176940441131592,-0.008981754072010517,0.790095865726471,0.6967958211898804,-0.007092865649610758
Q,0.7219306230545044,0.5762325525283813,3.5259435549050977e-07,0.7182096242904663,0.6160606145858765,-0.049113474786281586,0.7313827276229858,0.6790732741355896,-0.06964799761772156,0.7318285703659058,0.743279755115509,-0.07728192955255508,0.729108452796936,0.7918589115142822,-0.08195596188306808,0.8120649456977844,0.6289241313934326,-0.06780080497264862,0.8165434002876282,0.7227205634117126,-0.0846005454659462,0.8169077634811401,0.7749914526939392,-0.09096071124076843,0.8214707970619202,0.8127358555793762,-0.09407142549753189,0.8250016570091248,0.6241784691810608,-0.04280012100934982,0.804201066493988,0.713194727897644,-0.06092351675033569,0.7771429419517517,0.7034014463424683,-0.0596030056476593,0.76897132396698,0.6781949400901794,-0.05577641725540161,0.8274365067481995,0.6264564394950867,-0.01951562985777855,0.8086421489715576,0.7059353590011597,-0.038327448070049286,0.7831079363822937,0.6906111836433411,-0.03719329088926315,0.7786496877670288,0.6671240329742432,-0.031840041279792786,0.8252316117286682,0.6333441734313965,0.0011779427295550704,0.8089953064918518,0.694331705570221,-0.011828226037323475,0.7911137938499451,0.6847594976425171,-0.013364431448280811,0.7879260182380676,0.6633757948875427,-0.010886315256357193
Q,0.7138468027114868,0.5514880418777466,3.896033433647972e-07,0.710221529006958,0.585570752620697,-0.054038118571043015,0.7226347923278809,0.6446006894111633,-0.07871822267770767,0.7248374819755554,0.7095069289207458,-0.08952760696411133,0.7259454131126404,0.7591766715049744,-0.09732548892498016,0.8040671348571777,0.5920746922492981,-0.07698957622051239,0.8097719550132751,0.6862049698829651,-0.09635567665100098,0.8116928339004517,0.739639937877655,-0.10426265746355057,0.8171092867851257,0.7785279154777527,-0.10850954055786133,0.8171229362487793,0.59200519323349,-0.05053968355059624,0.796909511089325,0.679824948310852,-0.07086461037397385,0.7709649801254272,0.670461893081665,-0.0693775936961174,0.7635584473609924,0.6457862257957458,-0.06565767526626587,0.819883406162262,0.5986572504043579,-0.026010962203145027,0.8020633459091187,0.6762475967407227,-0.046571362763643265,0.7767742872238159,0.6612550616264343,-0.04416880011558533,0.7721532583236694,0.6380534172058105,-0.03819142282009125,0.818831741809845,0.6088797450065613,-0.00452793762087822,0.8027451634407043,0.6676374673843384,-0.01910283975303173,0.7845546007156372,0.6575143933296204,-0.02027260884642601,0.7810971140861511,0.6364918947219849,-0.017573144286870956
Q,0.7105308771133423,0.5259190797805786,3.4267461046511016e-07,0.7054857611656189,0.5594648718833923,-0.04771463945508003,0.7195454835891724,0.617546021938324,-0.06898173689842224,0.7246416211128235,0.6807013154029846,-0.07758069038391113,0.7281079888343811,0.7248225808143616,-0.08313563466072083,0.7966111898422241,0.5638962984085083,-0.07103051990270615,0.8046899437904358,0.6581315994262695,-0.08975525945425034,0.8047741055488586,0.7118033766746521,-0.09787114709615707,0.8093189597129822,0.7518050670623779,-0.10291900485754013,0.81089186668396,0.5636569261550903,-0.047857027500867844,0.7900684475898743,0.6502231359481812,-0.06684660911560059,0.7642009854316711,0.6392430067062378,-0.06607187539339066,0.7580453157424927,0.6149932146072388,-0.06400087475776672,0.8140533566474915,0.5703450441360474,-0.02601640298962593,0.7947283387184143,0.6473771333694458,-0.04445691034197807,0.7693000435829163,0.6314725875854492,-0.04095650464296341,0.7652906775474548,0.6078186631202698,-0.03539804369211197,0.8123420476913452,0.5807643532752991,-0.006932203657925129,0.7952163219451904,0.6406390070915222,-0.01980987749993801,0.7766960859298706,0.6296746134757996,-0.019572816789150238,0.774040937423706,0.6085229516029358,-0.01638602837920189
Q,0.705114483833313,0.5122035145759583,3.4557567119009036e-07,0.7021527886390686,0.5362102389335632,-0.05809140205383301,0.7173762321472168,0.5907522439956665,-0.07999031990766525,0.7195446491241455,0.6574885249137878,-0.0859340950846672,0.7205876708030701,0.705484926700592,-0.08762022852897644,0.7957665920257568,0.5432068109512329,-0.07669325917959213,0.8013041019439697,0.6376021504402161,-0.09825079888105392,0.8019306063652039,0.6922321319580078,-0.10842753201723099,0.8078610301017761,0.7346954345703125,-0.11406823247671127,0.8047935366630554,0.5474284291267395,-0.04803425446152687,0.7828983664512634,0.6319572329521179,-0.06835512071847916,0.7566429972648621,0.6168540716171265,-0.06773509830236435,0.7529627680778503,0.5906668305397034,-0.06496970355510712,0.8059684038162231,0.5554189085960388,-0.022450730204582214,0.7861800789833069,0.6299626231193542,-0.044388704001903534,0.7596715688705444,0.611189067363739,-0.043732140213251114,0.7599618434906006,0.5864817500114441,-0.03881986066699028,0.8035721778869629,0.5667354464530945,-0.0003147696261294186,0.7861477136611938,0.6213248372077942,-0.01692713238298893,0.7680870294570923,0.6123673915863037,-0.019537871703505516,0.7680313587188721,0.5902694463729858,-0.01749408058822155
Q,0.7020821571350098,0.5027215480804443,3.306685414372623e-07,0.6978201270103455,0.5240286588668823,-0.05436144024133682,0.7127434611320496,0.5784527659416199,-0.07581503689289093,0.7188597917556763,0.6444002985954285,-0.08224992454051971,0.7244189977645874,0.6902947425842285,-0.08426421135663986,0.7928772568702698,0.5275047421455383,-0.072941355407238,0.7990286350250244,0.6206823587417603,-0.09611370414495468,0.8013863563537598,0.6780327558517456,-0.1087469533085823,0.809105634689331,0.7228516340255737,-0.11616673320531845,0.8025289177894592,0.5353473424911499,-0.04701710492372513,0.7774478197097778,0.6180922389030457,-0.0698566809296608,0.7493857741355896,0.6031403541564941,-0.0720033198595047,0.7446126341819763,0.5760943293571472,-0.07084012776613235,0.804146409034729,0.546930193901062,-0.023827312514185905,0.7809858322143555,0.6190445423126221,-0.04784759134054184,0.7527090907096863,0.6022865772247314,-0.04730341583490372,0.752265214920044,0.5785678029060364,-0.0419381707906723,0.8023772835731506,0.5608224868774414,-0.0037472553085535765,0.7834981083869934,0.6135952472686768,-0.02055630087852478,0.7642887830734253,0.6047407388687134,-0.021722521632909775,0.7644841074943542,0.5831453204154968,-0.018295297399163246
Q,0.7012811303138733,0.4984360933303833,3.545606546140334e-07,0.6954922080039978,0.5206589698791504,-0.05266479030251503,0.710378885269165,0.5765944719314575,-0.07470151782035828,0.7156594395637512,0.6444210410118103,-0.08277428150177002,0.7172617316246033,0.6923530101776123,-0.08684228360652924,0.7910266518592834,0.5222665667533875,-0.06857281178236008,0.7983859777450562,0.6150178909301758,-0.09174855053424835,0.8014053106307983,0.6722576022148132,-0.1043730303645134,0.8089701533317566,0.7171887159347534,-0.11185108125209808,0.8020948171615601,0.5299784541130066,-0.04418092221021652,0.7789465188980103,0.6152976155281067,-0.06816229969263077,0.7497565150260925,0.6002782583236694,-0.07020866870880127,0.7442885637283325,0.5739937424659729,-0.06818584352731705,0.8044346570968628,0.5411161184310913,-0.022725775837898254,0.7828952670097351,0.6144547462463379,-0.047077726572752,0.755220890045166,0.5966440439224243,-0.04599161446094513,0.7551977038383484,0.5726088285446167,-0.0397949144244194,0.8030414581298828,0.5549396872520447,-0.004309237003326416,0.7861641645431519,0.6093680262565613,-0.021067511290311813,0.7677496671676636,0.5989301800727844,-0.021863091737031937,0.7687805891036987,0.5775794982910156,-0.017942162230610847
Q,0.7012462019920349,0.4946255683898926,3.6317368312666076e-07,0.6961709260940552,0.5178980231285095,-0.0493599958717823,0.7118868827819824,0.5735760927200317,-0.06997032463550568,0.7179950475692749,0.6404271721839905,-0.07746344804763794,0.7206559181213379,0.6842660903930664,-0.08131209015846252,0.7912823557853699,0.5167592763900757,-0.06457708030939102,0.7994125485420227,0.6104616522789001,-0.08585036545991898,0.8013768792152405,0.6684994697570801,-0.09820050746202469,0.8081387281417847,0.7135202884674072,-0.10575559735298157,0.8036673069000244,0.520960807800293,-0.04098765552043915,0.7804404497146606,0.6072089672088623,-0.06364459544420242,0.7510263919830322,0.5943862795829773,-0.06745164096355438,0.7436555027961731,0.568364679813385,-0.0668950080871582,0.8065927028656006,0.5300890207290649,-0.019584398716688156,0.7859618067741394,0.6054831147193909,-0.04143223911523819,0.7583367228507996,0.5905566215515137,-0.040914081037044525,0.7561045289039612,0.5680230855941772,-0.035522524267435074,0.8057141900062561,0.5421621799468994,-0.0009867753833532333,0.7894279360771179,0.5986011624336243,-0.01594829559326172,0.7707659602165222,0.5905348658561707,-0.01660795882344246,0.7704036235809326,0.5713905096054077,-0.012639819644391537
Q,0.704927384853363,0.49650895595550537,3.3218165640391817e-07,0.6985726952552795,0.5195711851119995,-0.06077563390135765,0.7136029601097107,0.5717692375183105,-0.0836276262998581,0.7198576927185059,0.6358787417411804,-0.08862890303134918,0.7265599966049194,0.6762195825576782,-0.08856332302093506,0.7925169467926025,0.5149524211883545,-0.08516968041658401,0.8003860116004944,0.6091281175613403,-0.11204357445240021,0.8020699620246887,0.667340099811554,-0.12708081305027008,0.808799147605896,0.7142121195793152,-0.13545864820480347,0.8024713397026062,0.5230368375778198,-0.05490569770336151,0.7800965905189514,0.6071696877479553,-0.07722876965999603,0.7513846158981323,0.5921192765235901,-0.07783123850822449,0.7466909885406494,0.5656227469444275,-0.07635633647441864,0.8052523136138916,0.5345723628997803,-0.02776811085641384,0.7862780690193176,0.6072233319282532,-0.051360175013542175,0.7567424178123474,0.5889540910720825,-0.05036735162138939,0.7574285864830017,0.5648941993713379,-0.04536867141723633,0.8055796027183533,0.5480715036392212,-0.004073014948517084,0.7890011072158813,0.6003997921943665,-0.020902864634990692,0.7697375416755676,0.5910243391990662,-0.022047484293580055,0.7707242369651794,0.5694155693054199,-0.018932228907942772
Q,0.702336847782135,0.49404603242874146,3.233316476780601e-07,0.698072075843811,0.5114023685455322,-0.05760246142745018,0.7145987749099731,0.5660990476608276,-0.07812363654375076,0.7171422243118286,0.6368080973625183,-0.08213167637586594,0.7164769172668457,0.6847537755966187,-0.08131373673677444,0.7919847369194031,0.510762095451355,-0.0750226080417633,0.8011235594749451,0.6041070222854614,-0.09965870529413223,0.8040486574172974,0.6610323786735535,-0.11346843838691711,0.8112918138504028,0.7066532373428345,-0.12107409536838531,0.8008245229721069,0.5204740762710571,-0.04642433300614357,0.7796714305877686,0.6058480739593506,-0.06912284344434738,0.7504360675811768,0.5906771421432495,-0.07055558264255524,0.7446146011352539,0.5651162266731262,-0.06844000518321991,0.8032898902893066,0.5329997539520264,-0.02117813006043434,0.7850866317749023,0.6061598062515259,-0.04534822329878807,0.7561502456665039,0.587201714515686,-0.045705389231443405,0.7565513253211975,0.5638163685798645,-0.040435489267110825,0.803224503993988,0.547982394695282,0.0008222819888032973,0.7888887524604797,0.6008513569831848,-0.01654842682182789,0.7707445621490479,0.59098219871521,-0.01862519048154354,0.7714859247207642,0.5697270631790161,-0.015475919470191002
Q,0.7058300375938416,0.4954317510128021,3.437068301082036e-07,0.6994389891624451,0.5140335559844971,-0.06283313781023026,0.7145398259162903,0.5668686628341675,-0.08691392093896866,0.7181617617607117,0.636329710483551,-0.09296572208404541,0.7192010283470154,0.683977484703064,-0.09388065338134766,0.7937691807746887,0.5109360814094543,-0.08609792590141296,0.8018443584442139,0.6039543151855469,-0.11375277489423752,0.804551899433136,0.6615898013114929,-0.12879180908203125,0.8121100664138794,0.7095838785171509,-0.137004092335701,0.8026275634765625,0.52189701795578,-0.055367350578308105,0.7812707424163818,0.6047890782356262,-0.07970196008682251,0.7519311904907227,0.5873677730560303,-0.0800844058394432,0.7474030256271362,0.5609800815582275,-0.07745260745286942,0.8050581216812134,0.5355265140533447,-0.028183866292238235,0.7864089012145996,0.6063981056213379,-0.05311070382595062,0.757046103477478,0.5864807367324829,-0.052371472120285034,0.7583942413330078,0.5626018047332764,-0.04682385176420212,0.8053487539291382,0.5507484078407288,-0.004713468253612518,0.788826584815979,0.601755678653717,-0.022248730063438416,0.7699750065803528,0.5910497307777405,-0.02411947026848793,0.7712840437889099,0.5693259239196777,-0.021207069978117943
Q,0.706354558467865,0.4918416142463684,3.6078498055758246e-07,0.7003069519996643,0.5149477124214172,-0.055014099925756454,0.715003252029419,0.5685163736343384,-0.07789182662963867,0.7205371856689453,0.635148823261261,-0.08543937653303146,0.7238049507141113,0.6804401278495789,-0.08863384276628494,0.7947847247123718,0.5102238655090332,-0.07493188232183456,0.8043138980865479,0.6034156084060669,-0.09883341938257217,0.8064047694206238,0.6611121892929077,-0.1123221144080162,0.813128650188446,0.707492470741272,-0.12023282796144485,0.8063696622848511,0.5181590914726257,-0.048801615834236145,0.7840483784675598,0.6048718094825745,-0.07174006849527359,0.754870593547821,0.5905827283859253,-0.07408345490694046,0.7491820454597473,0.5645676851272583,-0.07298558950424194,0.8096963763237,0.5303897261619568,-0.02528887614607811,0.790770947933197,0.6050828099250793,-0.047596272081136703,0.7626746892929077,0.5884740948677063,-0.04646279290318489,0.7625603079795837,0.565460741519928,-0.041235487908124924,0.8096017837524414,0.5445838570594788,-0.004991067573428154,0.7939937114715576,0.599737823009491,-0.019623346626758575,0.7752542495727539,0.5902153253555298,-0.01941835507750511,0.7757624983787537,0.5694878101348877,-0.015336715616285801
Q,0.7044838070869446,0.4941939115524292,3.15373767989513e-07,0.7004414200782776,0.5143912434577942,-0.05514679476618767,0.7173244953155518,0.5665534138679504,-0.075761578977108,0.7233043909072876,0.6328927874565125,-0.08078869432210922,0.7267037630081177,0.6779060363769531,-0.08083469420671463,0.7962214350700378,0.5095975995063782,-0.07181201130151749,0.80604487657547,0.6024174690246582,-0.0965103954076767,0.8084459900856018,0.6596181392669678,-0.1099759191274643,0.8157901167869568,0.7061209678649902,-0.11743408441543579,0.8060211539268494,0.5196419954299927,-0.04548170790076256,0.7846372723579407,0.6068639755249023,-0.06956600397825241,0.7557592391967773,0.5918447375297546,-0.07198023051023483,0.7518073916435242,0.5659081935882568,-0.07016485929489136,0.8084887266159058,0.5331091284751892,-0.022319070994853973,0.7890316843986511,0.6082785725593567,-0.047335680574178696,0.7604550123214722,0.5913723707199097,-0.04762079194188118,0.7620729207992554,0.5686554312705994,-0.04217829927802086,0.807426393032074,0.5486186742782593,-0.002252051141113043,0.7918016314506531,0.6038646697998047,-0.019922224804759026,0.7734569907188416,0.5947323441505432,-0.021585116162896156,0.7750363349914551,0.5738615393638611,-0.017981404438614845
Q,0.7062798142433167,0.49559101462364197,3.2498761015631317e-07,0.701798677444458,0.5147038102149963,-0.05761359632015228,0.7184447050094604,0.5659091472625732,-0.07966495305299759,0.723152756690979,0.63520348072052,-0.08564654737710953,0.7238449454307556,0.6834983229637146,-0.08668164163827896,0.7985008358955383,0.5106461048126221,-0.07502549141645432,0.8080368041992188,0.6026854515075684,-0.10015328228473663,0.8107072114944458,0.6600393652915955,-0.11411162465810776,0.8179743885993958,0.7066280841827393,-0.1218409314751625,0.8079583644866943,0.5205273628234863,-0.047517817467451096,0.7866596579551697,0.6048362851142883,-0.07105439901351929,0.7574864625930786,0.5887801647186279,-0.07274652272462845,0.7531551718711853,0.5625267028808594,-0.07068581879138947,0.8104639053344727,0.5336537957191467,-0.023373018950223923,0.7921136617660522,0.6055401563644409,-0.04783431440591812,0.7633552551269531,0.5860341191291809,-0.04782307147979736,0.7647432088851929,0.5615850687026978,-0.04244798421859741,0.8099867105484009,0.5487328171730042,-0.002590963849797845,0.7950133085250854,0.6011975407600403,-0.01967245154082775,0.7764220237731934,0.5908409357070923,-0.02097274921834469,0.7776345610618591,0.5691313147544861,-0.017325446009635925
Q,0.7087085247039795,0.4959792196750641,3.2331880106539757e-07,0.7037646174430847,0.5165867209434509,-0.056622397154569626,0.7199166417121887,0.5695187449455261,-0.07854877412319183,0.7249122858047485,0.6388540863990784,-0.0848495289683342,0.7249276638031006,0.6874515414237976,-0.08656846731901169,0.7995388507843018,0.5126665234565735,-0.07385269552469254,0.8107743263244629,0.6043471693992615,-0.0971657782793045,0.8136180639266968,0.6609067320823669,-0.10967285186052322,0.8208045959472656,0.70614093542099,-0.11653219163417816,0.809767484664917,0.5217515230178833,-0.046544916927814484,0.7887541055679321,0.6060119271278381,-0.06913064420223236,0.7586034536361694,0.5902191400527954,-0.07034080475568771,0.7521759867668152,0.5642150640487671,-0.06779571622610092,0.8121455311775208,0.5340955257415771,-0.022313805297017097,0.7945483326911926,0.6060017943382263,-0.04597065597772598,0.7653200626373291,0.5870928168296814,-0.045616235584020615,0.7649095058441162,0.5634565353393555,-0.039880212396383286,0.811198890209198,0.5487812161445618,-0.0012927679345011711,0.7971493005752563,0.601547122001648,-0.017392465844750404,0.7785046696662903,0.5909441113471985,-0.018103336915373802,0.7786844968795776,0.5694313645362854,-0.014021901413798332
Q,0.708330512046814,0.4896220266819,3.1571588010592677e-07,0.7044661045074463,0.5123529434204102,-0.0514647401869297,0.7231897115707397,0.5688710808753967,-0.07068520784378052,0.7289939522743225,0.6381347179412842,-0.07591941207647324,0.7291953563690186,0.6857854127883911,-0.07705528289079666,0.8011981248855591,0.511155366897583,-0.06501338630914688,0.8112602233886719,0.6042226552963257,-0.08655818551778793,0.8146084547042847,0.6619774699211121,-0.09874353557825089,0.8228616118431091,0.7078646421432495,-0.1058749258518219,0.8118611574172974,0.5178927183151245,-0.040580373257398605,0.790050208568573,0.6044276356697083,-0.06319574266672134,0.759957492351532,0.5888926386833191,-0.06619774550199509,0.7532897591590881,0.5614347457885742,-0.0647093877196312,0.8140516877174377,0.5286020040512085,-0.01891331560909748,0.7947625517845154,0.6035723090171814,-0.04172506555914879,0.7659082412719727,0.58622807264328,-0.04195393994450569,0.7646593451499939,0.5622485876083374,-0.036520715802907944,0.8121674060821533,0.5419791340827942,-0.0002484203432686627,0.797554612159729,0.5977525115013123,-0.016100486740469933,0.7790778875350952,0.5885549783706665,-0.017331117764115334,0.7788904309272766,0.5674611926078796,-0.013449804857373238
Q,0.7095468044281006,0.4931867718696594,3.2050252229964826e-07,0.706391453742981,0.5117687582969666,-0.04995149374008179,0.7248733639717102,0.5661399960517883,-0.06919480860233307,0.7296144366264343,0.6357055902481079,-0.07477255165576935,0.7281471490859985,0.6841843724250793,-0.07641616463661194,0.8027591109275818,0.5110155344009399,-0.06375916302204132,0.8129904270172119,0.6040595769882202,-0.08436174690723419,0.8167487978935242,0.6611790060997009,-0.09575862437486649,0.8251343965530396,0.7065930366516113,-0.10269920527935028,0.8141450881958008,0.5195004343986511,-0.04005414620041847,0.7909764051437378,0.6056059002876282,-0.06244119256734848,0.7607051730155945,0.590075671672821,-0.06532411277294159,0.7537593841552734,0.5633498430252075,-0.06394026428461075,0.8164458274841309,0.5313026309013367,-0.01887756958603859,0.7969304919242859,0.6053900122642517,-0.04130115732550621,0.7688013911247253,0.5883257985115051,-0.04121457785367966,0.7673951983451843,0.56523197889328,-0.03592165932059288,0.8141712546348572,0.5453906655311584,-0.0005572765949182212,0.7995594143867493,0.6000960469245911,-0.016571009531617165,0.7811545133590698,0.5906772017478943,-0.017810184508562088,0.7812005877494812,0.5705313682556152,-0.014084373600780964
Q,0.7127286791801453,0.4989650845527649,3.2081558742902416e-07,0.7094719409942627,0.5158406496047974,-0.05531482771039009,0.7274270057678223,0.5681590437889099,-0.07599271833896637,0.7313172221183777,0.639198899269104,-0.08115943521261215,0.7282877564430237,0.687349259853363,-0.08162941783666611,0.8055820465087891,0.5139458179473877,-0.07116299122571945,0.8160688877105713,0.6056462526321411,-0.09385085850954056,0.8196969032287598,0.6612443923950195,-0.1053946316242218,0.8272502422332764,0.7065644264221191,-0.11147981882095337,0.8160446882247925,0.5227845311164856,-0.043967049568891525,0.7942728996276855,0.6087369322776794,-0.06546052545309067,0.765339195728302,0.5921772718429565,-0.06550423055887222,0.7612459659576416,0.5666422247886658,-0.06224065274000168,0.8187263011932373,0.5340854525566101,-0.019982434809207916,0.8005850911140442,0.6077446937561035,-0.04316630959510803,0.7727382183074951,0.5882464647293091,-0.04312168061733246,0.7738339900970459,0.5646982789039612,-0.037701454013586044,0.8177815079689026,0.5481923222541809,0.0008940824773162603,0.8030964136123657,0.6015267968177795,-0.015516038052737713,0.7853276133537292,0.591647744178772,-0.017247967422008514,0.7864723205566406,0.5704428553581238,-0.013962925411760807
Q,0.7142787575721741,0.494802862405777,3.096504599398031e-07,0.7100670337677002,0.5161245465278625,-0.055061712861061096,0.7280406355857849,0.5714092254638672,-0.0747387707233429,0.7329939007759094,0.6408051252365112,-0.07879315316677094,0.7340182065963745,0.6878587603569031,-0.07837564498186111,0.8054471015930176,0.5136599540710449,-0.07083704322576523,0.8170107007026672,0.6067994236946106,-0.09319794923067093,0.8198434710502625,0.6639779806137085,-0.10618143528699875,0.8279229998588562,0.7101035118103027,-0.11381211131811142,0.8140371441841125,0.5217695236206055,-0.04366178438067436,0.7951738834381104,0.6079287528991699,-0.06623537093400955,0.7652013301849365,0.5943116545677185,-0.06981885433197021,0.7582061886787415,0.5684878826141357,-0.06921956688165665,0.8160503506660461,0.5331939458847046,-0.019270142540335655,0.8002196550369263,0.6076774597167969,-0.041894618421792984,0.7709200978279114,0.5906216502189636,-0.04281163588166237,0.7699982523918152,0.5669354200363159,-0.03831763193011284,0.8154588937759399,0.5463953018188477,0.0019501196220517159,0.8025919198989868,0.6018003225326538,-0.014239195734262466,0.7837833762168884,0.5928165316581726,-0.016323212534189224,0.7837938070297241,0.5716167092323303,-0.013325545936822891
Q,0.7135100364685059,0.4970301687717438,3.2156845009012613e-07,0.7104038596153259,0.5138434171676636,-0.05756980925798416,0.7285910844802856,0.566513180732727,-0.07811921834945679,0.7338134050369263,0.6370387673377991,-0.08249974995851517,0.7345834374427795,0.6876015663146973,-0.08214186131954193,0.8078567981719971,0.5151940584182739,-0.07168961316347122,0.8179333209991455,0.606662392616272,-0.09403340518474579,0.8222820162773132,0.6629647612571716,-0.1063757985830307,0.8309134244918823,0.7083892822265625,-0.11343317478895187,0.8163674473762512,0.5268514156341553,-0.04332878813147545,0.7968199849128723,0.6098312735557556,-0.06553100049495697,0.7671281695365906,0.5938758850097656,-0.06717546284198761,0.7607932686805725,0.5674946904182434,-0.06488224864006042,0.8178384900093079,0.5401544570922852,-0.018379149958491325,0.8012290000915527,0.6109136343002319,-0.041691284626722336,0.7721596956253052,0.592202365398407,-0.04219510406255722,0.7718207836151123,0.5681862235069275,-0.03704378008842468,0.8163759112358093,0.5545377731323242,0.0031868552323430777,0.8029086589813232,0.6060119271278381,-0.014390992932021618,0.7845261096954346,0.5977003574371338,-0.017349300906062126,0.7850682735443115,0.5776349306106567,-0.01467582955956459
Q,0.7132811546325684,0.4944291412830353,3.447482015417336e-07,0.7114698886871338,0.5153093934059143,-0.047450385987758636,0.7303855419158936,0.5704765915870667,-0.06767036020755768,0.7373018264770508,0.6400293707847595,-0.07593506574630737,0.7343348264694214,0.6894375085830688,-0.08073128759860992,0.8090636134147644,0.5140466690063477,-0.05767713487148285,0.8197475671768188,0.6064953804016113,-0.07653055340051651,0.8239807486534119,0.6633061170578003,-0.08645293861627579,0.83219313621521,0.7078478336334229,-0.0924399346113205,0.8207274675369263,0.5229226350784302,-0.03583758696913719,0.7997719645500183,0.6100069880485535,-0.05800757184624672,0.7700928449630737,0.5947014689445496,-0.059922996908426285,0.7639826536178589,0.567713737487793,-0.05713501200079918,0.8228015899658203,0.5356337428092957,-0.016489636152982712,0.804811418056488,0.6110528707504272,-0.038381826132535934,0.7768425941467285,0.5927658677101135,-0.03663165867328644,0.774218738079071,0.5681637525558472,-0.029709214344620705,0.8204091787338257,0.5502702593803406,1.581132528372109e-05,0.8072112202644348,0.6070535182952881,-0.015142411924898624,0.7889003157615662,0.5972986817359924,-0.01525099202990532,0.7879021763801575,0.5772285461425781,-0.0104178786277771
Q,0.7169300317764282,0.49803534150123596,3.1662585797676e-07,0.713476836681366,0.5154622197151184,-0.05033263564109802,0.7313174605369568,0.5694714784622192,-0.07099322229623795,0.737763524055481,0.6402447819709778,-0.07831627875566483,0.7365633249282837,0.691172182559967,-0.0817844420671463,0.8111293315887451,0.5170084834098816,-0.06438734382390976,0.8218926787376404,0.6091779470443726,-0.08486588299274445,0.8259813189506531,0.6651269197463989,-0.09464574605226517,0.8341557383537292,0.7097845077514648,-0.10016525536775589,0.8238635659217834,0.5266852378845215,-0.040674515068531036,0.800356924533844,0.613619863986969,-0.06261371076107025,0.7711511850357056,0.5962818264961243,-0.06254487484693527,0.7664624452590942,0.5690192580223083,-0.05881955102086067,0.8258517980575562,0.5388100743293762,-0.019703730940818787,0.8051558136940002,0.6140732765197754,-0.043026916682720184,0.7778743505477905,0.5948585271835327,-0.04161571338772774,0.777508556842804,0.5702351927757263,-0.035012196749448776,0.8226902484893799,0.5528308153152466,-0.0015322298277169466,0.8071303963661194,0.6094944477081299,-0.018419533967971802,0.7891008257865906,0.5996358394622803,-0.019428614526987076,0.7893887758255005,0.5787417888641357,-0.015297518111765385
Q,0.718977153301239,0.4962843656539917,3.2149733897313126e-07,0.7151821851730347,0.518674910068512,-0.0461660772562027,0.7337247729301453,0.5746678709983826,-0.06579289585351944,0.7403620481491089,0.6428009867668152,-0.07346618175506592,0.7382193207740784,0.6899703741073608,-0.07784923166036606,0.8114105463027954,0.5179249048233032,-0.05975722521543503,0.8227216601371765,0.6104482412338257,-0.07959659397602081,0.8273844122886658,0.6670128703117371,-0.08984601497650146,0.8360876441001892,0.7109861969947815,-0.0959249883890152,0.8257806301116943,0.5225570797920227,-0.03833034262061119,0.8023600578308105,0.6120200157165527,-0.06074006110429764,0.7723678946495056,0.5971914529800415,-0.06238478422164917,0.7659316062927246,0.5698373317718506,-0.05973238870501518,0.8289567828178406,0.5316540002822876,-0.019110558554530144,0.8088687062263489,0.6099668741226196,-0.04184142127633095,0.7811284065246582,0.5923302173614502,-0.04061008617281914,0.7788046002388,0.567449688911438,-0.034165166318416595,0.8266967535018921,0.5440478920936584,-0.002421225653961301,0.811963677406311,0.6031456589698792,-0.018381305038928986,0.793009877204895,0.5942041277885437,-0.018727364018559456,0.7919282913208008,0.5738639235496521,-0.01419456209987402
Q,0.7204452753067017,0.4984102249145508,3.2808813443807594e-07,0.716809868812561,0.5197018384933472,-0.04782611131668091,0.7358583211898804,0.5750613808631897,-0.06786498427391052,0.7420400381088257,0.6439701914787292,-0.07555016875267029,0.7388668656349182,0.6907068490982056,-0.07991190999746323,0.8125996589660645,0.5195029973983765,-0.06102287769317627,0.824234127998352,0.6113304495811462,-0.08044396340847015,0.8287078142166138,0.6681315898895264,-0.09046019613742828,0.8364668488502502,0.7126976251602173,-0.0964638963341713,0.8256334662437439,0.526305615901947,-0.0389128215610981,0.8030235767364502,0.6141110062599182,-0.060667168349027634,0.7730645537376404,0.5998101830482483,-0.062172263860702515,0.7662485837936401,0.5735668540000916,-0.059602878987789154,0.828282356262207,0.5368114709854126,-0.019190695136785507,0.808521032333374,0.6129380464553833,-0.04097786545753479,0.7810307145118713,0.5963636040687561,-0.03960484638810158,0.7786190509796143,0.5725716948509216,-0.03332454338669777,0.8256903886795044,0.5497182607650757,-0.0022754627279937267,0.8117209672927856,0.6067644357681274,-0.0176636204123497,0.7932345271110535,0.5982406735420227,-0.017971796914935112,0.7919376492500305,0.578216552734375,-0.013516697101294994
Q,0.7199721336364746,0.5016884207725525,3.2213989697993384e-07,0.7174528241157532,0.521109938621521,-0.04846591502428055,0.7365975379943848,0.5764155387878418,-0.06764689087867737,0.7431272864341736,0.6460873484611511,-0.07405316829681396,0.742171049118042,0.69389808177948,-0.07678469270467758,0.8142300844192505,0.5198599100112915,-0.05973760411143303,0.8253157138824463,0.6120547652244568,-0.07955262809991837,0.830562174320221,0.6692085862159729,-0.09040937572717667,0.8398836851119995,0.7143158912658691,-0.09689271450042725,0.8258025050163269,0.5295107364654541,-0.037024009972810745,0.8035644292831421,0.6167912483215332,-0.059306610375642776,0.774258017539978,0.6012293100357056,-0.06209811568260193,0.7682607769966125,0.5738716125488281,-0.060177579522132874,0.8278457522392273,0.5422012805938721,-0.016881311312317848,0.8085967302322388,0.617128312587738,-0.03949785977602005,0.781182587146759,0.6005231738090515,-0.03964071348309517,0.7797433733940125,0.5771445631980896,-0.03400081396102905,0.8250737190246582,0.5563837885856628,0.0005221311002969742,0.8108025193214417,0.6121798753738403,-0.01540317852050066,0.7929326295852661,0.6042978763580322,-0.016618771478533745,0.792964518070221,0.5851470232009888,-0.012571138329803944
Q,0.7215782403945923,0.506197452545166,3.3372555208188714e-07,0.7184320688247681,0.5224893689155579,-0.04946684092283249,0.7362706065177917,0.5756070017814636,-0.07035499066114426,0.7424486875534058,0.6459794044494629,-0.07844948768615723,0.7406639456748962,0.6954924464225769,-0.08298809826374054,0.8157185912132263,0.5220264792442322,-0.06200474500656128,0.8265542387962341,0.6143032908439636,-0.08176502585411072,0.8311914801597595,0.6714772582054138,-0.09214659780263901,0.8393702507019043,0.7167366147041321,-0.09846331924200058,0.8284404277801514,0.532509982585907,-0.038965970277786255,0.8044036626815796,0.6194606423377991,-0.06167782098054886,0.7745627760887146,0.6031291484832764,-0.06384878605604172,0.7680804133415222,0.575593113899231,-0.06143561378121376,0.8303284049034119,0.5457104444503784,-0.018371783196926117,0.8097005486488342,0.6206371784210205,-0.041391368955373764,0.7825437188148499,0.6030495762825012,-0.04058755561709404,0.7804731130599976,0.5788357853889465,-0.03429526090621948,0.8270396590232849,0.5601464509963989,-0.0005823353421874344,0.8116376996040344,0.6162221431732178,-0.017299657687544823,0.793519139289856,0.607469379901886,-0.0182803962379694,0.7932307720184326,0.5879145264625549,-0.01389430370181799
Q,0.7243701815605164,0.5073683857917786,3.011766693816753e-07,0.720197319984436,0.5264208912849426,-0.04545187950134277,0.738279402256012,0.5809949040412903,-0.06385893374681473,0.7443102598190308,0.648276686668396,-0.07022526115179062,0.7440435886383057,0.6946868300437927,-0.07307712733745575,0.8154540657997131,0.5236387252807617,-0.057885538786649704,0.8271873593330383,0.6157869696617126,-0.07807880640029907,0.831591010093689,0.6725860834121704,-0.08921562880277634,0.8406381607055664,0.71794193983078,-0.0961112529039383,0.829616129398346,0.5301154255867004,-0.037056535482406616,0.8051760792732239,0.6180328130722046,-0.05976947396993637,0.7750530242919922,0.6034979224205017,-0.06327149271965027,0.7685675024986267,0.5773691534996033,-0.06221218407154083,0.8330399394035339,0.5407220721244812,-0.018488863483071327,0.8115733861923218,0.616249144077301,-0.04121936485171318,0.7845190167427063,0.6008767485618591,-0.04136206582188606,0.7831001877784729,0.5781702995300293,-0.03612522780895233,0.8308179378509521,0.5539742112159729,-0.002449768129736185,0.8147890567779541,0.6097930073738098,-0.01853587105870247,0.7964614629745483,0.6014066338539124,-0.019529089331626892,0.796375036239624,0.5819146037101746,-0.015532570891082287
Q,0.7250668406486511,0.5079777836799622,3.0356633828887425e-07,0.721495509147644,0.5282275080680847,-0.053196020424366,0.7401686906814575,0.582960844039917,-0.07306487113237381,0.7454706430435181,0.651822566986084,-0.07795468717813492,0.7457560300827026,0.6978698968887329,-0.0786718875169754,0.8167075514793396,0.5245312452316284,-0.06985747814178467,0.8290810585021973,0.6169605851173401,-0.09157866984605789,0.8320624232292175,0.6750837564468384,-0.10384348034858704,0.8394455909729004,0.7220821976661682,-0.11126746982336044,0.8269115686416626,0.5335925221443176,-0.04412006959319115,0.8053940534591675,0.6188248991966248,-0.06659968197345734,0.775174617767334,0.6043554544448853,-0.0696936771273613,0.7677733302116394,0.577852725982666,-0.06887614727020264,0.8291906118392944,0.5459991693496704,-0.021001901477575302,0.8110251426696777,0.6188949346542358,-0.04354631528258324,0.782804012298584,0.6034442186355591,-0.04422086477279663,0.781734049320221,0.580282986164093,-0.03976329416036606,0.8276399374008179,0.5596649050712585,-0.0009376676753163338,0.8135578632354736,0.6129040718078613,-0.01759291999042034,0.7950894832611084,0.6043261885643005,-0.019681548699736595,0.795415461063385,0.5834891200065613,-0.016659734770655632
Q,0.7255561947822571,0.5062990784645081,3.1817421586310957e-07,0.7220990061759949,0.5275993347167969,-0.055033426731824875,0.7401600480079651,0.5818628668785095,-0.07511436939239502,0.7448393106460571,0.6500449180603027,-0.07974062860012054,0.745579183101654,0.6986809968948364,-0.07987292855978012,0.8180135488510132,0.5263177156448364,-0.07037031650543213,0.8289365768432617,0.6182718873023987,-0.09237762540578842,0.832798182964325,0.6751394271850586,-0.10463249683380127,0.8416646718978882,0.7204657793045044,-0.1117173284292221,0.8271995186805725,0.5342872142791748,-0.0430496521294117,0.8079040050506592,0.6207368969917297,-0.06504084914922714,0.778825044631958,0.607122540473938,-0.06724642217159271,0.7730522155761719,0.5800892114639282,-0.06567272543907166,0.8292449116706848,0.5456830263137817,-0.0186796635389328,0.8126190304756165,0.6201059222221375,-0.04121854901313782,0.7838754653930664,0.6034650802612305,-0.041490741074085236,0.7834332585334778,0.5791939496994019,-0.03651973977684975,0.8280046582221985,0.558814287185669,0.002500239061191678,0.8147819638252258,0.6136410236358643,-0.01427149586379528,0.7963058352470398,0.6061578989028931,-0.016759678721427917,0.7966783046722412,0.5853884220123291,-0.01395275816321373
Q,0.725425660610199,0.5066677331924438,3.1010404200060293e-07,0.7222182750701904,0.5262120962142944,-0.05442780628800392,0.7402422428131104,0.5814948081970215,-0.07372729480266571,0.745362401008606,0.6509126424789429,-0.0776570588350296,0.746712327003479,0.697594940662384,-0.07700581848621368,0.8187533617019653,0.5261951088905334,-0.06897632777690887,0.8290285468101501,0.6192899346351624,-0.09077418595552444,0.8328850269317627,0.6755812764167786,-0.10251511633396149,0.8422672152519226,0.7205484509468079,-0.10910116881132126,0.8273361325263977,0.5350439548492432,-0.042120806872844696,0.8073749542236328,0.622153103351593,-0.06419669091701508,0.7779065370559692,0.6071764826774597,-0.06614271551370621,0.7723163366317749,0.5804134607315063,-0.06407150626182556,0.8287105560302734,0.5467195510864258,-0.01829470880329609,0.8115798830986023,0.6214619874954224,-0.04158322513103485,0.7829210758209229,0.6044414639472961,-0.0423862487077713,0.7832061648368835,0.5812905430793762,-0.037411995232105255,0.8268035650253296,0.5602515935897827,0.002519928617402911,0.8133198022842407,0.6147955656051636,-0.014502307400107384,0.7949422001838684,0.6069454550743103,-0.017039213329553604,0.7955833077430725,0.5865889191627502,-0.014179409481585026
Q,0.7258103489875793,0.5059506893157959,3.0748370249966683e-07,0.7223358154296875,0.5265927314758301,-0.05420448258519173,0.7403627634048462,0.5818483233451843,-0.07354634255170822,0.7461726665496826,0.650788426399231,-0.07759374380111694,0.7478666305541992,0.6969470381736755,-0.07722503691911697,0.8191100358963013,0.526746392250061,-0.06923220306634903,0.8296210765838623,0.6196976900100708,-0.09070772677659988,0.8332836627960205,0.6760286092758179,-0.10248827189207077,0.842470109462738,0.7210078835487366,-0.10921555012464523,0.827902615070343,0.5348492860794067,-0.042463578283786774,0.8071703314781189,0.6219813227653503,-0.06436686217784882,0.7774215340614319,0.6072609424591064,-0.06678447127342224,0.7712593078613281,0.5803736448287964,-0.06515488028526306,0.829287052154541,0.5459903478622437,-0.018532175570726395,0.8115503191947937,0.6210559606552124,-0.04146986082196236,0.7826088666915894,0.6042185425758362,-0.0423918217420578,0.7822825312614441,0.5810163021087646,-0.037588804960250854,0.8272601366043091,0.5590847730636597,0.0024132151156663895,0.8134603500366211,0.6139882206916809,-0.014111347496509552,0.7948780655860901,0.6062734723091125,-0.016349172219634056,0.7952967882156372,0.5860717296600342,-0.013320769183337688
Q,0.726744532585144,0.5025083422660828,3.264681822656712e-07,0.7231472730636597,0.526089608669281,-0.051997266709804535,0.7410817742347717,0.5822594165802002,-0.07190530002117157,0.7472195625305176,0.6503642797470093,-0.07757902145385742,0.7469685673713684,0.6968542337417603,-0.07932913303375244,0.8199079632759094,0.5273711681365967,-0.06666631251573563,0.8298718929290771,0.6205253601074219,-0.08793114870786667,0.8339734077453613,0.6773343682289124,-0.10008163005113602,0.8432140946388245,0.7217888832092285,-0.10728322714567184,0.8296816349029541,0.533645749092102,-0.04123774915933609,0.8088444471359253,0.6210305690765381,-0.06350666284561157,0.7788036465644836,0.6077632904052734,-0.06627918779850006,0.7718946933746338,0.5809007287025452,-0.06482800841331482,0.8314159512519836,0.5436604619026184,-0.018368372693657875,0.8139493465423584,0.6192094683647156,-0.04084515571594238,0.7852551937103271,0.6031765341758728,-0.04070083424448967,0.7834066152572632,0.5794906616210938,-0.03522499278187752,0.8294500112533569,0.5558294653892517,0.0015769863966852427,0.8163235187530518,0.612432062625885,-0.014275413006544113,0.7975785136222839,0.6052678227424622,-0.015508961863815784,0.7969492077827454,0.5853264331817627,-0.011781726032495499
Q,0.7251795530319214,0.5026413202285767,3.224998579298699e-07,0.7231012582778931,0.5243268013000488,-0.050353121012449265,0.7419576644897461,0.580540120601654,-0.06965586543083191,0.7480312585830688,0.6494194269180298,-0.07567162066698074,0.7464945912361145,0.6974510550498962,-0.07784179598093033,0.820827066898346,0.5271527171134949,-0.061546407639980316,0.8303022384643555,0.6198793053627014,-0.08207075297832489,0.8341531157493591,0.6761152744293213,-0.09340530633926392,0.8430473804473877,0.7202630043029785,-0.10007684677839279,0.8304086923599243,0.5345593094825745,-0.03747570514678955,0.8089391589164734,0.6214507818222046,-0.06034423038363457,0.7792720198631287,0.6068999171257019,-0.06340406835079193,0.7729770541191101,0.5797146558761597,-0.0615961030125618,0.8317156434059143,0.5452641248703003,-0.016139287501573563,0.8133546113967896,0.620042622089386,-0.03950365632772446,0.7852529287338257,0.6034343838691711,-0.039750926196575165,0.7836812138557434,0.579750657081604,-0.03396201878786087,0.8289107084274292,0.5576613545417786,0.002362149301916361,0.8155555725097656,0.6136970520019531,-0.014243253506720066,0.7973178029060364,0.6066346168518066,-0.015896456316113472,0.7969945073127747,0.5872423648834229,-0.01208952721208334
Q,0.7247111201286316,0.5048304200172424,3.0858652166898537e-07,0.7226157188415527,0.5251094698905945,-0.04912930727005005,0.7419852018356323,0.5808729529380798,-0.06792981177568436,0.7471973896026611,0.6505761742591858,-0.07393928617238998,0.7441077828407288,0.6995209455490112,-0.0760331079363823,0.8204416036605835,0.5262628793716431,-0.05922016128897667,0.8305618166923523,0.6186314225196838,-0.07990775257349014,0.8349208831787109,0.6755465269088745,-0.09136120975017548,0.8443102836608887,0.7208186984062195,-0.09808847308158875,0.8302533626556396,0.535594642162323,-0.036224234849214554,0.8080239295959473,0.6211422681808472,-0.05966813862323761,0.7781844139099121,0.6047873497009277,-0.06282117962837219,0.7733858823776245,0.5772269368171692,-0.0608658529818058,0.8317312598228455,0.5480714440345764,-0.016030440106987953,0.8129753470420837,0.6219411492347717,-0.03996992111206055,0.7844263911247253,0.6041063666343689,-0.039906393736600876,0.783241868019104,0.5802755355834961,-0.03364397957921028,0.8290778994560242,0.5621792674064636,0.0013370070373639464,0.8159776329994202,0.6180070638656616,-0.015852507203817368,0.797478199005127,0.6099519729614258,-0.01719844527542591,0.7970225214958191,0.5905173420906067,-0.012843486852943897
Q,0.7265933156013489,0.5073652267456055,2.90031465510765e-07,0.7238106727600098,0.5260052680969238,-0.050269242376089096,0.7416109442710876,0.5807072520256042,-0.0693095326423645,0.7468147277832031,0.6501811146736145,-0.0749676302075386,0.7449232935905457,0.700212836265564,-0.07635153084993362,0.8215986490249634,0.5270509719848633,-0.06143823266029358,0.831688642501831,0.6189150810241699,-0.08336356282234192,0.8360406756401062,0.6753501892089844,-0.09500590711832047,0.8453073501586914,0.7204465866088867,-0.10154897719621658,0.8315601348876953,0.5384969115257263,-0.03786582872271538,0.8084906935691833,0.6244786381721497,-0.06158140301704407,0.778318464756012,0.6068680286407471,-0.0633883848786354,0.7744420766830444,0.5784274339675903,-0.060450345277786255,0.8330087661743164,0.5522487759590149,-0.017362765967845917,0.8130946159362793,0.6261115074157715,-0.0422653965651989,0.7841151356697083,0.6061102151870728,-0.041478466242551804,0.7841084599494934,0.5802474021911621,-0.03458920493721962,0.8301446437835693,0.5668911337852478,0.00025396276032552123,0.8154003620147705,0.6223926544189453,-0.017917431890964508,0.7971609830856323,0.6137132048606873,-0.019380899146199226,0.7976028323173523,0.5926638841629028,-0.014974845573306084
Q,0.7263315320014954,0.5055423378944397,3.0382565796571726e-07,0.7241703271865845,0.5254765748977661,-0.04859345778822899,0.7426177263259888,0.5818053483963013,-0.06738868355751038,0.7479592561721802,0.6515067219734192,-0.0734638124704361,0.7458471059799194,0.7003453969955444,-0.07567190378904343,0.8218045234680176,0.5275927186012268,-0.058655932545661926,0.8316118121147156,0.6195233464241028,-0.07868240773677826,0.8355816602706909,0.6758334636688232,-0.08909928053617477,0.8443652987480164,0.7202746272087097,-0.0950872004032135,0.8323428630828857,0.5364546775817871,-0.035710547119379044,0.8095482587814331,0.6239992380142212,-0.05873164162039757,0.7796599268913269,0.607708215713501,-0.06109510734677315,0.7743004560470581,0.5794910788536072,-0.058430805802345276,0.8336595892906189,0.5482165217399597,-0.015534925274550915,0.8136865496635437,0.6237506866455078,-0.03960162401199341,0.7853664755821228,0.6050072908401489,-0.03970029205083847,0.7842415571212769,0.5797668695449829,-0.03338175639510155,0.8303843140602112,0.5616427063941956,0.001966955838724971,0.8155126571655273,0.6184364557266235,-0.015517564490437508,0.797139048576355,0.6096084117889404,-0.017413150519132614,0.7971230745315552,0.5889338254928589,-0.013403292745351791
Q,0.7247070670127869,0.5053924322128296,3.055466493151471e-07,0.7236324548721313,0.524827241897583,-0.04676966741681099,0.7427356243133545,0.5812708735466003,-0.06514984369277954,0.7490987181663513,0.6504914164543152,-0.07122573256492615,0.748299241065979,0.6983852982521057,-0.07364235818386078,0.8213100433349609,0.526127815246582,-0.05710301175713539,0.8317142724990845,0.6186920404434204,-0.0759439542889595,0.8356618285179138,0.6756898760795593,-0.08596168458461761,0.8441902995109558,0.7204837203025818,-0.09204574674367905,0.8323994874954224,0.5360690355300903,-0.03500291705131531,0.8091502785682678,0.6238039135932922,-0.057218004018068314,0.7794016003608704,0.6087823510169983,-0.0600137896835804,0.7730748653411865,0.5812330842018127,-0.05799442157149315,0.8335821628570557,0.5490772128105164,-0.01532279048115015,0.813264012336731,0.6247678399085999,-0.03805018961429596,0.7852728962898254,0.6088761687278748,-0.03799431025981903,0.7827845215797424,0.5854184627532959,-0.03202657774090767,0.8297515511512756,0.5631725788116455,0.001760006882250309,0.8151412606239319,0.6203441023826599,-0.014977394603192806,0.7966873645782471,0.6129721403121948,-0.01671096310019493,0.7958787083625793,0.5939050912857056,-0.012736703269183636
Q,0.7265029549598694,0.5056323409080505,2.9495231501641683e-07,0.7243713140487671,0.524290144443512,-0.04634943976998329,0.742226243019104,0.5795740485191345,-0.0651429146528244,0.7485873699188232,0.6487599611282349,-0.07209833711385727,0.7466503381729126,0.6976092457771301,-0.0752573162317276,0.822663426399231,0.5253617167472839,-0.05559356510639191,0.8318696022033691,0.6171181797981262,-0.07550834119319916,0.835946261882782,0.6747772693634033,-0.08634597808122635,0.8442996740341187,0.7203083634376526,-0.0929069072008133,0.8345763087272644,0.5368468761444092,-0.034303296357393265,0.8100780844688416,0.6217660903930664,-0.05701364576816559,0.7803748250007629,0.6051555871963501,-0.05953928455710411,0.7756292223930359,0.5769389867782593,-0.05726485699415207,0.8359311819076538,0.5510488152503967,-0.015622192993760109,0.815093994140625,0.6243433952331543,-0.03875488415360451,0.7869946956634521,0.6065720319747925,-0.03757656365633011,0.7849558591842651,0.5819337368011475,-0.030730215832591057,0.8323221802711487,0.5662246346473694,0.0003142263740301132,0.816982626914978,0.621610164642334,-0.016902437433600426,0.7987848520278931,0.6127583980560303,-0.018047098070383072,0.7982146739959717,0.5926116704940796,-0.013369002379477024
Q,0.7279264330863953,0.5061920285224915,3.1944310308062995e-07,0.7256463170051575,0.5230341553688049,-0.0487358458340168,0.743331253528595,0.5775166153907776,-0.06879409402608871,0.7482155561447144,0.648593008518219,-0.07645200192928314,0.744361400604248,0.7006553411483765,-0.08032072335481644,0.8231412172317505,0.5258550047874451,-0.0585457906126976,0.8320759534835815,0.6177042126655579,-0.07934199273586273,0.8363329768180847,0.6753453612327576,-0.0908370390534401,0.844508707523346,0.7213881611824036,-0.09766469150781631,0.8340761065483093,0.5383172035217285,-0.036240726709365845,0.810111403465271,0.6232336163520813,-0.060195330530405045,0.7804557085037231,0.6049710512161255,-0.06323559582233429,0.7751874327659607,0.576274037361145,-0.06086622178554535,0.8352513313293457,0.5527805685997009,-0.01669853739440441,0.8145426511764526,0.6252298355102539,-0.04044133424758911,0.7866106629371643,0.6056404113769531,-0.0396883450448513,0.7848740220069885,0.5808734893798828,-0.032860253006219864,0.8318207263946533,0.5675938129425049,-7.120105874491856e-05,0.8163319826126099,0.6219319701194763,-0.01695607788860798,0.7984082102775574,0.611972987651825,-0.017915824428200722,0.7982740998268127,0.5919307470321655,-0.013108847662806511
Q,0.729365348815918,0.5063668489456177,3.2499031021870906e-07,0.7265282869338989,0.5239384770393372,-0.04573442414402962,0.7442930340766907,0.5803558826446533,-0.06507792323827744,0.7494533658027649,0.6511154174804688,-0.07270842045545578,0.7461275458335876,0.7016371488571167,-0.07682566344738007,0.8222749829292297,0.5257776379585266,-0.05674908310174942,0.8323435187339783,0.6170790195465088,-0.07665477693080902,0.8369213342666626,0.674793004989624,-0.08730766177177429,0.8454703092575073,0.7207812666893005,-0.09379075467586517,0.8351056575775146,0.5364542603492737,-0.036204513162374496,0.8102540373802185,0.6244885325431824,-0.05941528454422951,0.7802027463912964,0.6082799434661865,-0.06187564507126808,0.7745403051376343,0.5807696580886841,-0.059419579803943634,0.8373880982398987,0.5499441027641296,-0.01812678575515747,0.8156251311302185,0.6256335973739624,-0.04116663336753845,0.7879435420036316,0.6084463596343994,-0.03996257483959198,0.7860198616981506,0.5846960544586182,-0.03318438306450844,0.834113597869873,0.5646476745605469,-0.0027298242785036564,0.8183191418647766,0.6218669414520264,-0.018896955996751785,0.800051212310791,0.6132503747940063,-0.019354771822690964,0.7994622588157654,0.5939605236053467,-0.014544535428285599
Q,0.7332615256309509,0.5045787692070007,3.0257331218308536e-07,0.7285665273666382,0.5306791067123413,-0.04680907726287842,0.7457284927368164,0.5889644622802734,-0.06487825512886047,0.7554283142089844,0.6534729599952698,-0.06967806071043015,0.7615677714347839,0.6919821500778198,-0.0709085538983345,0.8237389326095581,0.5306282639503479,-0.062197986990213394,0.8347111940383911,0.6239044070243835,-0.08053632080554962,0.8389410376548767,0.6813482046127319,-0.08976980298757553,0.8473885655403137,0.7268149852752686,-0.0951693132519722,0.8370270729064941,0.5361253619194031,-0.03927663341164589,0.810810923576355,0.628531813621521,-0.06023760512471199,0.7781373858451843,0.6187874674797058,-0.06190674379467964,0.7684071660041809,0.5972732901573181,-0.059453971683979034,0.8399787545204163,0.5463980436325073,-0.018284505233168602,0.8176625967025757,0.627360463142395,-0.039838146418333054,0.7893542647361755,0.6204626560211182,-0.039725739508867264,0.7850466966629028,0.604529857635498,-0.03433593362569809,0.8372704982757568,0.5596737861633301,0.00032864022068679333,0.8209718465805054,0.6177115440368652,-0.014564183540642262,0.8012162446975708,0.6136471629142761,-0.015491144731640816,0.7987061738967896,0.5977832078933716,-0.011593216098845005
Q,0.734454870223999,0.5102866888046265,3.211958983229124e-07,0.7316818237304688,0.5353469848632812,-0.04551572725176811,0.7485801577568054,0.5930550694465637,-0.06406731903553009,0.7548271417617798,0.6602041721343994,-0.07057392597198486,0.7559828162193298,0.702793300151825,-0.07379652559757233,0.826957643032074,0.5364173054695129,-0.057256270200014114,0.8385092616081238,0.6280232667922974,-0.07356386631727219,0.8419369459152222,0.6844608783721924,-0.08168596774339676,0.8489176630973816,0.7281454205513,-0.0869302824139595,0.8395823240280151,0.5425666570663452,-0.03575635701417923,0.8167012929916382,0.6315428018569946,-0.05581348389387131,0.7873291373252869,0.6178805828094482,-0.057805418968200684,0.7798156142234802,0.5918742418289185,-0.05577573552727699,0.8417789936065674,0.5527520775794983,-0.016226809471845627,0.8220067024230957,0.6311494708061218,-0.03684568777680397,0.7956740260124207,0.6191979646682739,-0.036674343049526215,0.7922841310501099,0.5982716679573059,-0.03145994246006012,0.8381428718566895,0.5651955008506775,0.0008259264286607504,0.8239836692810059,0.6229488849639893,-0.014637206681072712,0.8056327104568481,0.6172945499420166,-0.016052115708589554,0.8036287426948547,0.5996211171150208,-0.012446529231965542
Q,0.735373318195343,0.5117287635803223,3.348595214447414e-07,0.733803391456604,0.5420765280723572,-0.04477745667099953,0.7518108487129211,0.6007288694381714,-0.06382608413696289,0.7580640316009521,0.6679068803787231,-0.07155764102935791,0.7565798759460449,0.712888240814209,-0.07629439979791641,0.8321768045425415,0.5447348356246948,-0.054808150976896286,0.8413539528846741,0.6376674771308899,-0.0711466521024704,0.84518963098526,0.6927640438079834,-0.07926244288682938,0.8528591394424438,0.7340195178985596,-0.08438440412282944,0.8436864614486694,0.5484530925750732,-0.033766619861125946,0.8227097988128662,0.6364063620567322,-0.05428313836455345,0.7924029231071472,0.6226758360862732,-0.05601921305060387,0.7846343517303467,0.5961887240409851,-0.05335111916065216,0.8453558683395386,0.5567806959152222,-0.014753987081348896,0.8276646733283997,0.6340799927711487,-0.03557765483856201,0.8003557324409485,0.6188536882400513,-0.034178100526332855,0.7965545058250427,0.595245897769928,-0.027727868407964706,0.8417598009109497,0.5675087571144104,0.0017826862167567015,0.8290190100669861,0.6259568929672241,-0.013288948684930801,0.8104209899902344,0.6183730363845825,-0.013704411685466766,0.8084426522254944,0.5986287593841553,-0.009228345938026905
Q,0.7344571948051453,0.517595648765564,3.2809862204885576e-07,0.7345911264419556,0.545061469078064,-0.04759978875517845,0.7543556690216064,0.6055301427841187,-0.06668294966220856,0.7604764103889465,0.6757274270057678,-0.07358381897211075,0.7600794434547424,0.7241585850715637,-0.0770881175994873,0.8346554040908813,0.5488110780715942,-0.05678132548928261,0.8452310562133789,0.6439926624298096,-0.07235395908355713,0.8480156064033508,0.7001253962516785,-0.07988105714321136,0.8550502061843872,0.7436702847480774,-0.08460602164268494,0.8452250361442566,0.554312527179718,-0.03359846770763397,0.8219543099403381,0.6438677310943604,-0.054419759660959244,0.7924090623855591,0.6271416544914246,-0.05708399787545204,0.7858683466911316,0.5993795394897461,-0.05480889603495598,0.8457416892051697,0.5638980865478516,-0.012429825030267239,0.8272340297698975,0.6419570446014404,-0.03391662612557411,0.8005883693695068,0.627687931060791,-0.03431159257888794,0.7976978421211243,0.6062848567962646,-0.028728701174259186,0.841706395149231,0.5753805637359619,0.0062478589825332165,0.8295325040817261,0.6320526599884033,-0.009911119006574154,0.8117585778236389,0.6253921985626221,-0.011709692887961864,0.8108165264129639,0.6078925728797913,-0.00781890656799078
Q,0.7320976257324219,0.521462082862854,2.8173667487862986e-07,0.7344404458999634,0.549778938293457,-0.04549236595630646,0.7551551461219788,0.6120169758796692,-0.06292214244604111,0.7618765234947205,0.6820946931838989,-0.06900147348642349,0.7630482316017151,0.7281795740127563,-0.07156284898519516,0.8356874585151672,0.5538591742515564,-0.05212095007300377,0.8468056917190552,0.6491180658340454,-0.06821683794260025,0.8492307662963867,0.7052335739135742,-0.07642202824354172,0.8561506867408752,0.7483580112457275,-0.08163712918758392,0.8449417948722839,0.5617876052856445,-0.030452940613031387,0.8225067257881165,0.650060772895813,-0.052927590906620026,0.7928210496902466,0.6338122487068176,-0.05748997628688812,0.7871707677841187,0.6055321097373962,-0.056155454367399216,0.844741702079773,0.5739910006523132,-0.010837728157639503,0.8267621397972107,0.6511532068252563,-0.033838775008916855,0.7990474104881287,0.6357507109642029,-0.03460678830742836,0.7959203124046326,0.6128196120262146,-0.02867201156914234,0.8400979042053223,0.5869001746177673,0.0063267238438129425,0.8285614252090454,0.6448801755905151,-0.011932598426938057,0.8103822469711304,0.6382205486297607,-0.014572574757039547,0.8089736700057983,0.6198952198028564,-0.01056224387139082
Q,0.7306788563728333,0.5225142240524292,2.841730974978418e-07,0.7340773344039917,0.5503131747245789,-0.04581446573138237,0.7546001076698303,0.6129887700080872,-0.06285323947668076,0.7618666291236877,0.6826838850975037,-0.06837747991085052,0.7627313137054443,0.7308735251426697,-0.07057709991931915,0.8378879427909851,0.5602409839630127,-0.052778735756874084,0.847754716873169,0.6561835408210754,-0.06653952598571777,0.8493096828460693,0.7123144865036011,-0.07223163545131683,0.8552426099777222,0.7548227310180664,-0.07578230649232864,0.8479441404342651,0.5662496089935303,-0.029641319066286087,0.8229978680610657,0.6544417142868042,-0.04957868531346321,0.7926422357559204,0.639482319355011,-0.05269651114940643,0.7860106229782104,0.6114866137504578,-0.05071870610117912,0.8471093773841858,0.5768105983734131,-0.00827860925346613,0.8266969323158264,0.6546540856361389,-0.030212806537747383,0.797721803188324,0.6389822363853455,-0.03138744458556175,0.7926434874534607,0.6152293086051941,-0.02570517547428608,0.841609537601471,0.5879308581352234,0.010798024013638496,0.8276891112327576,0.6482056975364685,-0.007749700918793678,0.8083252906799316,0.642283022403717,-0.011680631898343563,0.8051741123199463,0.6241929531097412,-0.008340775035321712
Q,0.7276898622512817,0.5280000567436218,2.51285456442929e-07,0.7329025268554688,0.5562031865119934,-0.05011138692498207,0.755629301071167,0.6201285719871521,-0.06538208574056625,0.7617157101631165,0.6907932162284851,-0.06762252002954483,0.7619418501853943,0.7426627278327942,-0.06589321047067642,0.8405775427818298,0.5697287321090698,-0.052566833794116974,0.8478162288665771,0.6655914187431335,-0.0669470950961113,0.8480281233787537,0.7193378806114197,-0.0728309378027916,0.8538588881492615,0.7613111734390259,-0.07612758129835129,0.8471516966819763,0.5751243233680725,-0.025886617600917816,0.8219819664955139,0.6628403067588806,-0.04749344289302826,0.79023277759552,0.645307183265686,-0.05177133157849312,0.7847133874893188,0.6163028478622437,-0.04952352121472359,0.8446895480155945,0.5844541788101196,-0.001695957500487566,0.8223648071289062,0.661502480506897,-0.025509798899292946,0.7922455072402954,0.6413323283195496,-0.02926439233124256,0.789696991443634,0.6149619817733765,-0.024304771795868874,0.8386921286582947,0.593774139881134,0.019951751455664635,0.8213359713554382,0.6527593731880188,-0.0015300940722227097,0.8016048669815063,0.6463596224784851,-0.009177366271615028,0.8002516031265259,0.6276466250419617,-0.007658836897462606
Q,0.7271823287010193,0.5288512110710144,2.9321284955585725e-07,0.733780026435852,0.5571484565734863,-0.042177025228738785,0.7563832998275757,0.6234437227249146,-0.0573088712990284,0.7622177004814148,0.6961299180984497,-0.06197977811098099,0.7618323564529419,0.7469742894172668,-0.06376916915178299,0.8404136896133423,0.5718284845352173,-0.04814627394080162,0.849659264087677,0.6709089875221252,-0.06041083112359047,0.8494036793708801,0.7279197573661804,-0.06528390198945999,0.8537547588348389,0.7713522911071777,-0.06845085322856903,0.851004421710968,0.5760865211486816,-0.02610395848751068,0.8239995837211609,0.6685054898262024,-0.04631230607628822,0.7912788987159729,0.6529964804649353,-0.05088217929005623,0.7824316024780273,0.6237531900405884,-0.04943649843335152,0.8500967621803284,0.5859978795051575,-0.0053433566354215145,0.8266299962997437,0.6676079630851746,-0.025823768228292465,0.7969047427177429,0.6492876410484314,-0.02786625362932682,0.7903742790222168,0.6221453547477722,-0.022816698998212814,0.8436217904090881,0.5967219471931458,0.0132661834359169,0.824936032295227,0.6604375839233398,-0.0037539461627602577,0.8039731383323669,0.6537749171257019,-0.00830093864351511,0.7995578050613403,0.635064959526062,-0.005423220340162516
Q,0.7282028794288635,0.5339597463607788,2.9256972311486606e-07,0.7357187271118164,0.5708020329475403,-0.04385187849402428,0.7596130967140198,0.6388277411460876,-0.05747831240296364,0.7642759084701538,0.7109282612800598,-0.06022303178906441,0.7619733810424805,0.7626163959503174,-0.06007855385541916,0.842544674873352,0.5842787027359009,-0.044533539563417435,0.8500897288322449,0.6856328845024109,-0.05524618178606033,0.8493829965591431,0.7404826283454895,-0.059523992240428925,0.8544216752052307,0.7824559807777405,-0.06221708655357361,0.8526813983917236,0.5842943787574768,-0.020657677203416824,0.8286057114601135,0.6760837435722351,-0.0395762100815773,0.7952097654342651,0.6593866944313049,-0.04474765807390213,0.7862865328788757,0.6298057436943054,-0.04322388395667076,0.8523496985435486,0.5906599164009094,0.0016142625827342272,0.831281840801239,0.6714212894439697,-0.017971809953451157,0.8001141548156738,0.6513932347297668,-0.021328840404748917,0.7940449118614197,0.6237806677818298,-0.016631077975034714,0.8475412726402283,0.5982617139816284,0.021682433784008026,0.8309724926948547,0.6593495607376099,0.005185672547668219,0.8094648122787476,0.6521254777908325,-3.314090281492099e-05,0.8052293658256531,0.6327953934669495,0.0026526013389229774
Q,0.729618489742279,0.5399771332740784,3.3013151323757484e-07,0.7379496097564697,0.5809540152549744,-0.04741347208619118,0.7620583772659302,0.6500464081764221,-0.062362346798181534,0.7668096423149109,0.7225767970085144,-0.06567376106977463,0.7636111378669739,0.7772096395492554,-0.06602417677640915,0.8461995720863342,0.5951921343803406,-0.04589677229523659,0.8518818020820618,0.6945485472679138,-0.05626537278294563,0.8523812294006348,0.7498012185096741,-0.06098877638578415,0.8578603267669678,0.7920988202095032,-0.06381825357675552,0.8545031547546387,0.5947484970092773,-0.019739985466003418,0.83427494764328,0.6850085258483887,-0.03784430772066116,0.8017105460166931,0.6707361340522766,-0.04280846565961838,0.7920174598693848,0.6417636275291443,-0.04086344689130783,0.8530490398406982,0.600087583065033,0.004512138664722443,0.8357672095298767,0.6805412173271179,-0.01392876822501421,0.8043912649154663,0.6636990308761597,-0.017127733677625656,0.7966866493225098,0.6372156739234924,-0.012233369052410126,0.8477843999862671,0.6064370274543762,0.026157638058066368,0.833037257194519,0.6671678423881531,0.010096161626279354,0.8118268251419067,0.6622308492660522,0.00434244005009532,0.8066521883010864,0.6431018114089966,0.00671232258901
Q,0.7312139272689819,0.5451024174690247,3.6510937206912786e-07,0.7394058704376221,0.5865480899810791,-0.046461209654808044,0.7616531848907471,0.6538277864456177,-0.06256379187107086,0.7658171653747559,0.726779043674469,-0.06750709563493729,0.7631035447120667,0.7834019660949707,-0.06976896524429321,0.8473474979400635,0.6024795770645142,-0.04616304486989975,0.8523769378662109,0.7014344930648804,-0.05567610263824463,0.8532230257987976,0.7567195892333984,-0.0600966177880764,0.858659029006958,0.7981139421463013,-0.06298256665468216,0.8579435348510742,0.6011734008789062,-0.02064702659845352,0.838006317615509,0.6906623840332031,-0.036885619163513184,0.805523157119751,0.6824771761894226,-0.04156598076224327,0.7937425374984741,0.6572386026382446,-0.04028426110744476,0.8573117852210999,0.6053282022476196,0.00321550527587533,0.8406218886375427,0.6867987513542175,-0.014068962074816227,0.8099777102470398,0.6763056516647339,-0.01741875149309635,0.7996515035629272,0.6533858776092529,-0.013230872340500355,0.8518557548522949,0.6104779243469238,0.024572284892201424,0.838117241859436,0.6725475192070007,0.008950254879891872,0.8168723583221436,0.671494722366333,0.003297186456620693,0.8096224069595337,0.6552322506904602,0.005458960309624672
Q,0.7315052151679993,0.5485078692436218,3.323836210711306e-07,0.7393674254417419,0.5915563702583313,-0.04805918410420418,0.7622097730636597,0.6615595817565918,-0.06316086649894714,0.7662925124168396,0.7338331937789917,-0.06651423126459122,0.7645133137702942,0.7903205156326294,-0.06675717979669571,0.8483535647392273,0.6084049940109253,-0.04545844346284866,0.8523694276809692,0.7070033550262451,-0.056094080209732056,0.8531335592269897,0.7623656392097473,-0.06178795546293259,0.859254777431488,0.8045003414154053,-0.06525825709104538,0.856214165687561,0.6063483953475952,-0.018799426034092903,0.8340662717819214,0.696268618106842,-0.03694592043757439,0.8014346361160278,0.6831270456314087,-0.04260330647230148,0.7922804355621338,0.6543237566947937,-0.04133057966828346,0.8546456098556519,0.6100702285766602,0.00583259854465723,0.8358328938484192,0.6892549991607666,-0.013075374066829681,0.8037959933280945,0.6739075779914856,-0.016585281118750572,0.7960981726646423,0.6486173272132874,-0.011760780587792397,0.8501516580581665,0.6146367192268372,0.02788153663277626,0.8358117341995239,0.6744210124015808,0.011951441876590252,0.8143731951713562,0.6701631546020508,0.006525511387735605,0.809173047542572,0.6520742774009705,0.009155486710369587
Q,0.7307535409927368,0.5509448051452637,3.3326742254757846e-07,0.7369288206100464,0.5891388058662415,-0.04840490594506264,0.7601385116577148,0.6598962545394897,-0.06478127092123032,0.7649549841880798,0.7352994680404663,-0.0695541724562645,0.7633158564567566,0.792382001876831,-0.07148867845535278,0.8477910161018372,0.6080485582351685,-0.04854138568043709,0.8520622253417969,0.7085356116294861,-0.05988503620028496,0.8526222705841064,0.764733612537384,-0.0654444769024849,0.858832836151123,0.8069839477539062,-0.06905978918075562,0.8567458987236023,0.607990026473999,-0.022248733788728714,0.8306126594543457,0.6972357630729675,-0.04143262654542923,0.7964352369308472,0.6821945905685425,-0.04636862874031067,0.7869812846183777,0.6523981690406799,-0.0448605939745903,0.8549425005912781,0.6127826571464539,0.0020750865805894136,0.8327274918556213,0.6922975778579712,-0.01805051788687706,0.8008555769920349,0.6745863556861877,-0.020842542871832848,0.7939867973327637,0.6477928757667542,-0.015837587416172028,0.8493819236755371,0.6182108521461487,0.02385896071791649,0.8317850828170776,0.679567813873291,0.007129731122404337,0.8098201155662537,0.6735815405845642,0.001952440827153623,0.8056094646453857,0.6547122597694397,0.004558034241199493
Q,0.731544554233551,0.5513473749160767,3.5724357871913526e-07,0.7380083203315735,0.5929489731788635,-0.0480746328830719,0.7612538933753967,0.6635403037071228,-0.06451766937971115,0.7653564810752869,0.7385889887809753,-0.06941907852888107,0.7621228098869324,0.7964683771133423,-0.07172326743602753,0.8479193449020386,0.6102083325386047,-0.04829387739300728,0.8522522449493408,0.7119818329811096,-0.05820188298821449,0.85261470079422,0.7678674459457397,-0.06313640624284744,0.8585736751556396,0.8097091913223267,-0.06644704192876816,0.8576171398162842,0.6074606776237488,-0.021647049114108086,0.8327444195747375,0.6977615356445312,-0.03872986510396004,0.7995947599411011,0.6843218803405762,-0.04358481988310814,0.7896216511726379,0.654895007610321,-0.042484622448682785,0.8562584519386292,0.610181450843811,0.003278412390500307,0.8355098962783813,0.6908293962478638,-0.014294943772256374,0.8042454123497009,0.6745981574058533,-0.01724223792552948,0.7961204051971436,0.6482844948768616,-0.012925570830702782,0.8513090014457703,0.6144923567771912,0.025629715994000435,0.8348211050033569,0.6770917177200317,0.010906411334872246,0.8128994107246399,0.6720933318138123,0.006065373308956623,0.8072642683982849,0.6533416509628296,0.008518167771399021
Q,0.7305730581283569,0.5513535737991333,3.332568780933798e-07,0.7370173931121826,0.59151291847229,-0.050881557166576385,0.7606279253959656,0.6620830297470093,-0.06678125262260437,0.764801025390625,0.7371764779090881,-0.06992357224225998,0.7626308798789978,0.7954251170158386,-0.06985783576965332,0.8484256267547607,0.6110652685165405,-0.05024878308176994,0.8531113862991333,0.7125807404518127,-0.06062621250748634,0.8531562685966492,0.7680935263633728,-0.06589537113904953,0.8591175079345703,0.8099953532218933,-0.06913936138153076,0.8558299541473389,0.6094367504119873,-0.021397875621914864,0.8322559595108032,0.699356198310852,-0.03849359601736069,0.7992582321166992,0.6849948167800903,-0.04340386390686035,0.790489912033081,0.6547605991363525,-0.04221336543560028,0.8536086082458496,0.613328218460083,0.005447641480714083,0.8346635699272156,0.6929027438163757,-0.01249285414814949,0.8027494549751282,0.6754232048988342,-0.0159447118639946,0.7960123419761658,0.6487446427345276,-0.011787617579102516,0.8489556312561035,0.6184737682342529,0.029623299837112427,0.8337528705596924,0.6789822578430176,0.014384494163095951,0.8122072815895081,0.6734938025474548,0.008901608176529408,0.8077145218849182,0.6544659733772278,0.011067094281315804
Q,0.7287463545799255,0.5491188168525696,3.7003781017119763e-07,0.7362654805183411,0.5925662517547607,-0.05030813813209534,0.7604666948318481,0.663194477558136,-0.06705893576145172,0.7648029923439026,0.7386507391929626,-0.0716269239783287,0.762161910533905,0.797599196434021,-0.07327666878700256,0.8476085066795349,0.6080821752548218,-0.04843069612979889,0.8534709811210632,0.7099596261978149,-0.057613957673311234,0.8536327481269836,0.7665218114852905,-0.06249167397618294,0.8589602112770081,0.8090192675590515,-0.06578411161899567,0.8560810089111328,0.6062056422233582,-0.020192408934235573,0.833489179611206,0.697255551815033,-0.03662256523966789,0.8002138137817383,0.6845913529396057,-0.041771937161684036,0.7904761433601379,0.655066192150116,-0.040864549577236176,0.8546460866928101,0.6102227568626404,0.006126958876848221,0.8362362384796143,0.6904928088188171,-0.010731526650488377,0.8041420578956604,0.67499840259552,-0.013958348892629147,0.7958146333694458,0.6486061215400696,-0.009943021461367607,0.8501253128051758,0.6155429482460022,0.02969975955784321,0.8353110551834106,0.6764800548553467,0.015633726492524147,0.8129045367240906,0.6715448498725891,0.010845133103430271,0.8069130778312683,0.6524336338043213,0.013259490951895714
Q,0.7305374145507812,0.5456817150115967,3.772166792259668e-07,0.7366966009140015,0.5887295603752136,-0.04821910709142685,0.7606194019317627,0.6608102917671204,-0.06521109491586685,0.7648468613624573,0.7378168106079102,-0.07063943147659302,0.7616971135139465,0.7966829538345337,-0.07341252267360687,0.8492369651794434,0.6033822298049927,-0.048739977180957794,0.8549806475639343,0.7073339223861694,-0.057832300662994385,0.8550982475280762,0.7648431658744812,-0.061948422342538834,0.8602607250213623,0.8082201480865479,-0.06480402499437332,0.8611753582954407,0.600688636302948,-0.022042544558644295,0.8357422947883606,0.6939886212348938,-0.03794955462217331,0.8017982840538025,0.6815189123153687,-0.041823238134384155,0.7910160422325134,0.6526764035224915,-0.04034607112407684,0.8612070679664612,0.6040938496589661,0.0030136513523757458,0.8406789302825928,0.6873706579208374,-0.013514342717826366,0.8090102076530457,0.6722102761268616,-0.015496031381189823,0.7997317314147949,0.6461746692657471,-0.010893664322793484,0.856947660446167,0.6095805764198303,0.0254219938069582,0.8408821821212769,0.6741204261779785,0.01180786918848753,0.8181205987930298,0.669304609298706,0.00794919766485691,0.8112913966178894,0.6505814790725708,0.010856389999389648
Q,0.7316523790359497,0.5460802316665649,3.558324408459157e-07,0.7378336191177368,0.5844203233718872,-0.04890931025147438,0.7620816826820374,0.6577379703521729,-0.06490709632635117,0.7654092311859131,0.7354896664619446,-0.06864843517541885,0.760932981967926,0.794234037399292,-0.06941498070955276,0.8512915372848511,0.6011418700218201,-0.05024253949522972,0.856773316860199,0.7067743539810181,-0.06020369380712509,0.8570483326911926,0.7636272311210632,-0.06427572667598724,0.8627265691757202,0.8074431419372559,-0.06699857115745544,0.8626961708068848,0.5993742942810059,-0.023078029975295067,0.8359276056289673,0.6948044300079346,-0.040301110595464706,0.8027673363685608,0.6796247363090515,-0.0443280003964901,0.7935495972633362,0.6501749753952026,-0.04270056635141373,0.8625367879867554,0.6034290194511414,0.00233805482275784,0.8407152891159058,0.688005268573761,-0.016145162284374237,0.8096506595611572,0.6706441044807434,-0.019131101667881012,0.8026347160339355,0.6443543434143066,-0.014765818603336811,0.8583406209945679,0.6094239950180054,0.02522030845284462,0.8416367769241333,0.6743175983428955,0.009509354829788208,0.8193394541740417,0.6686640977859497,0.004308185540139675,0.8140353560447693,0.6497452259063721,0.006544830743223429
Q,0.7301934957504272,0.5397282838821411,3.6086694876757974e-07,0.738318145275116,0.5786114931106567,-0.048090871423482895,0.7627443671226501,0.651635468006134,-0.06369666755199432,0.7670961618423462,0.7300159335136414,-0.06687893718481064,0.7640318274497986,0.7897143363952637,-0.06705740839242935,0.8514621257781982,0.5954508185386658,-0.05081542581319809,0.8594956398010254,0.6999800205230713,-0.06051955744624138,0.8598110675811768,0.7585031390190125,-0.06445407122373581,0.8644291758537292,0.8032023906707764,-0.06689966470003128,0.8620620965957642,0.5955580472946167,-0.023457013070583344,0.8394716382026672,0.6903012990951538,-0.03957133740186691,0.8059769868850708,0.6791036128997803,-0.043429188430309296,0.7952308654785156,0.6510003209114075,-0.04193338379263878,0.8614017367362976,0.6016263961791992,0.002373008755967021,0.8433567881584167,0.6860678195953369,-0.014805994927883148,0.8120809197425842,0.671242356300354,-0.017985843122005463,0.8032122254371643,0.6449728608131409,-0.01406985241919756,0.856411337852478,0.6099423170089722,0.025762973353266716,0.84083092212677,0.6751858592033386,0.010474122129380703,0.8186782598495483,0.6714894771575928,0.004890718497335911,0.8121343851089478,0.6524994969367981,0.006874545011669397
Q,0.731460452079773,0.5339043140411377,3.7124110008335265e-07,0.7394039034843445,0.574130654335022,-0.04717244580388069,0.7635869979858398,0.645837664604187,-0.06341085582971573,0.7678524255752563,0.7245838046073914,-0.06797363609075546,0.765618085861206,0.7842748165130615,-0.06955651938915253,0.8542293906211853,0.5861822962760925,-0.04949216917157173,0.8615965843200684,0.6931504011154175,-0.060339998453855515,0.861693263053894,0.75248122215271,-0.06533029675483704,0.8665964007377625,0.7978283762931824,-0.06837387382984161,0.8666952252388,0.5867971181869507,-0.02352275140583515,0.8404833674430847,0.6849178075790405,-0.04065850004553795,0.80673748254776,0.6718019247055054,-0.04490429908037186,0.7968007922172546,0.6419756412506104,-0.04341017082333565,0.8665879964828491,0.5934293866157532,0.0008121120627038181,0.8443048596382141,0.6807225346565247,-0.017275048419833183,0.8120236992835999,0.6636864542961121,-0.020051345229148865,0.8034501075744629,0.6360301375389099,-0.01542382501065731,0.8612885475158691,0.602016806602478,0.0226741973310709,0.8435916304588318,0.6704925894737244,0.007941050454974174,0.8204795718193054,0.666237473487854,0.0036289277486503124,0.8136881589889526,0.6468402147293091,0.00667693791911006
Q,0.7330840826034546,0.53383868932724,3.4919830227408966e-07,0.7412866950035095,0.567777156829834,-0.0475873239338398,0.7659838199615479,0.6388278603553772,-0.06369758397340775,0.7710515260696411,0.7176927328109741,-0.0678354948759079,0.7694591283798218,0.7774689793586731,-0.06883560866117477,0.8561520576477051,0.5776475071907043,-0.05041637644171715,0.8650203943252563,0.684939444065094,-0.06261725723743439,0.8656588196754456,0.7452495098114014,-0.06838516891002655,0.8711057901382446,0.7919868230819702,-0.07189465314149857,0.8675863742828369,0.580338180065155,-0.02429608441889286,0.8409185409545898,0.6776459217071533,-0.04371241480112076,0.8072824478149414,0.6615608334541321,-0.048805445432662964,0.7980018258094788,0.6301270127296448,-0.04739893227815628,0.8672775030136108,0.5889058709144592,0.00015850811905693263,0.8450573086738586,0.6730856895446777,-0.020145103335380554,0.8131182193756104,0.6541394591331482,-0.023170584812760353,0.8061332106590271,0.6259775161743164,-0.018171753734350204,0.8632246255874634,0.5989184379577637,0.02225024439394474,0.8455222845077515,0.6628653407096863,0.005358655471354723,0.8229610323905945,0.6557843685150146,0.0005475207581184804,0.8179003596305847,0.6352633237838745,0.003739967243745923
Q,0.7387958765029907,0.5242990851402283,3.5544809406928835e-07,0.7454202175140381,0.558724045753479,-0.05600219592452049,0.7698174118995667,0.6306486129760742,-0.073368139564991,0.7746552228927612,0.7116835117340088,-0.07515959441661835,0.7731755971908569,0.7749694585800171,-0.07269131392240524,0.8632732629776001,0.5736891627311707,-0.06276774406433105,0.8709254860877991,0.6797991394996643,-0.07556572556495667,0.871399462223053,0.740381121635437,-0.08122463524341583,0.8760344982147217,0.7875281572341919,-0.08408620208501816,0.8715344667434692,0.5772626996040344,-0.030411621555685997,0.8493137955665588,0.6730368733406067,-0.04753495380282402,0.8151429295539856,0.6588089466094971,-0.05066346749663353,0.8049796223640442,0.6289480328559875,-0.048531413078308105,0.870274007320404,0.5865027904510498,2.3949105525389314e-05,0.8539688587188721,0.6700204014778137,-0.019031230360269547,0.820531964302063,0.6521396040916443,-0.022449219599366188,0.813189685344696,0.625251054763794,-0.018233252689242363,0.867327868938446,0.5975636839866638,0.027730342000722885,0.8514121174812317,0.6611340641975403,0.01144689042121172,0.8290510773658752,0.6534461379051208,0.005755740217864513,0.8244030475616455,0.6312841773033142,0.007965902797877789
Q,0.7371328473091125,0.5190940499305725,3.535854773417668e-07,0.7453857660293579,0.5516711473464966,-0.05481664091348648,0.7720146775245667,0.6236293911933899,-0.07137926667928696,0.7768681049346924,0.7047802805900574,-0.07306578010320663,0.7762898206710815,0.7687450051307678,-0.07079601287841797,0.8640466332435608,0.5648788213729858,-0.06001986563205719,0.8736854195594788,0.6730102300643921,-0.07275043427944183,0.8738972544670105,0.7353898286819458,-0.0785856693983078,0.8794495463371277,0.7838071584701538,-0.0817589983344078,0.8734395503997803,0.5680091381072998,-0.028194021433591843,0.845825731754303,0.6666168570518494,-0.046449773013591766,0.8111746907234192,0.6500157117843628,-0.05053023621439934,0.8025724291801453,0.6173495650291443,-0.04887226223945618,0.8723651766777039,0.5773955583572388,0.0016719024861231446,0.8490524291992188,0.6622277498245239,-0.018057866021990776,0.8150172233581543,0.6409409642219543,-0.02194194681942463,0.8091117739677429,0.6113505959510803,-0.01787661202251911,0.8685487508773804,0.588115930557251,0.02882731705904007,0.8490957021713257,0.6526873707771301,0.012319071218371391,0.8254944086074829,0.6443195343017578,0.006279334891587496,0.8214955925941467,0.6221936345100403,0.008360304869711399
Q,0.7387414574623108,0.5151809453964233,3.67267602996435e-07,0.7469595074653625,0.5474141240119934,-0.05334961786866188,0.7732235789299011,0.6200348734855652,-0.07051635533571243,0.7791574001312256,0.7018566131591797,-0.07390023022890091,0.7786010503768921,0.7670866250991821,-0.0736028254032135,0.866871178150177,0.5570451617240906,-0.05623567849397659,0.8769395351409912,0.6686718463897705,-0.06849037110805511,0.8780821561813354,0.7323166728019714,-0.0734134241938591,0.8841777443885803,0.7807682156562805,-0.07616820931434631,0.8772685527801514,0.5619266033172607,-0.026348933577537537,0.8522148132324219,0.663058876991272,-0.045538682490587234,0.8169423937797546,0.646613359451294,-0.049261223524808884,0.8069665431976318,0.612958550453186,-0.04677257686853409,0.8759452700614929,0.572248101234436,0.0014558595139533281,0.8550370931625366,0.659401535987854,-0.019327033311128616,0.8210087418556213,0.6396191716194153,-0.022391945123672485,0.8137282133102417,0.6093758344650269,-0.017246033996343613,0.8714612126350403,0.5838475823402405,0.026567550376057625,0.852767825126648,0.6503328084945679,0.008535543456673622,0.8291333913803101,0.6422193050384521,0.0024882713332772255,0.824073314666748,0.6194849014282227,0.005007454659789801
Q,0.743451714515686,0.5105226039886475,3.4219195299556304e-07,0.7509006261825562,0.5451351404190063,-0.05047076195478439,0.7771464586257935,0.6184794902801514,-0.06732947379350662,0.7837178707122803,0.700531005859375,-0.07118361443281174,0.7828623056411743,0.7631726264953613,-0.07142210751771927,0.8725764155387878,0.5547450184822083,-0.05530016869306564,0.8820071816444397,0.6657509207725525,-0.06900085508823395,0.8835587501525879,0.7296259999275208,-0.0752912163734436,0.8901396989822388,0.7782169580459595,-0.07898110896348953,0.8833448886871338,0.5577020049095154,-0.027442635968327522,0.8550888299942017,0.6579781174659729,-0.04838116094470024,0.8187972903251648,0.6416411995887756,-0.05359474569559097,0.8085989952087402,0.6082426309585571,-0.052045755088329315,0.8821031451225281,0.567251443862915,-0.0012651918223127723,0.8587728142738342,0.6552873849868774,-0.023396266624331474,0.8241860270500183,0.636017382144928,-0.026606569066643715,0.8167577981948853,0.6063146591186523,-0.021286142989993095,0.8773715496063232,0.5787781476974487,0.02249980717897415,0.8578656315803528,0.6460913419723511,0.0038617667742073536,0.8341714143753052,0.6384707689285278,-0.001599776092916727,0.8294693827629089,0.6163291931152344,0.0016305010067299008
Q,0.7457259893417358,0.504124104976654,3.4261580594829866e-07,0.7545591592788696,0.5387002229690552,-0.05567589029669762,0.78168123960495,0.6141684055328369,-0.07118251174688339,0.7867406010627747,0.6977664232254028,-0.07113323360681534,0.7856441140174866,0.7632262110710144,-0.06682591885328293,0.8770027756690979,0.5525387525558472,-0.05969526246190071,0.8869240880012512,0.6649680733680725,-0.07218765467405319,0.8882837891578674,0.7297266125679016,-0.07842771708965302,0.8949987888336182,0.77964186668396,-0.08201152831315994,0.8845204710960388,0.5566611289978027,-0.026732739061117172,0.8590450882911682,0.6566649675369263,-0.044890180230140686,0.822458803653717,0.6398604512214661,-0.04960087686777115,0.8116587996482849,0.6056150794029236,-0.04826466366648674,0.8822528719902039,0.5669592022895813,0.004230960737913847,0.862706184387207,0.6536184549331665,-0.015828123316168785,0.8268613815307617,0.6331037878990173,-0.020827284082770348,0.8193265795707703,0.602617084980011,-0.017223238945007324,0.8786932229995728,0.5790626406669617,0.032517191022634506,0.8598957657814026,0.6436365246772766,0.014566502533853054,0.8356444835662842,0.6359718441963196,0.0069750212132930756,0.8309652209281921,0.6134400367736816,0.008388491347432137
Q,0.7499209642410278,0.49918103218078613,3.78265923473009e-07,0.7560466527938843,0.5342936515808105,-0.0547143891453743,0.7829241752624512,0.6117084622383118,-0.0735366940498352,0.7891796231269836,0.6985244750976562,-0.07854903489351273,0.7869782447814941,0.764388382434845,-0.07990827411413193,0.87920081615448,0.5497167706489563,-0.05948948860168457,0.8901680707931519,0.6621106266975403,-0.07393888384103775,0.8922566771507263,0.7266936898231506,-0.08015245944261551,0.8994285464286804,0.7769312858581543,-0.08371223509311676,0.8913625478744507,0.5528307557106018,-0.029647424817085266,0.8636144399642944,0.655964195728302,-0.051374971866607666,0.8275403380393982,0.6389816403388977,-0.055675119161605835,0.8184074759483337,0.6058589220046997,-0.05331909656524658,0.8907618522644043,0.5612859725952148,-0.0018797802040353417,0.8675954341888428,0.6518094539642334,-0.025106290355324745,0.8330166935920715,0.6328861713409424,-0.027947045862674713,0.8259477615356445,0.6034696102142334,-0.022110305726528168,0.8856750726699829,0.5710901618003845,0.02315235510468483,0.8668938875198364,0.6415809392929077,0.003642556956037879,0.8430103063583374,0.6354665160179138,-0.0019964834209531546,0.8382054567337036,0.6140244007110596,0.0012148382375016809
Q,0.7532668113708496,0.4958770275115967,4.057001774526725e-07,0.7600417137145996,0.5356181263923645,-0.05214588716626167,0.7870716452598572,0.6151138544082642,-0.0707898810505867,0.7931231260299683,0.70164555311203,-0.07659807056188583,0.7903151512145996,0.7664825916290283,-0.07893342524766922,0.8836231827735901,0.547921895980835,-0.05587201938033104,0.8952589631080627,0.6609880328178406,-0.07064145803451538,0.8980429172515869,0.726447582244873,-0.07768352329730988,0.905928373336792,0.7773743271827698,-0.0817294716835022,0.8959442377090454,0.5493054986000061,-0.027667725458741188,0.8692203760147095,0.6552379727363586,-0.05047810077667236,0.8316888809204102,0.6383711695671082,-0.05545859783887863,0.8212027549743652,0.6047327518463135,-0.053032342344522476,0.8957792520523071,0.5569703578948975,-0.0014609451172873378,0.8734388947486877,0.6503942012786865,-0.024657225236296654,0.8381033539772034,0.6306155323982239,-0.02706131339073181,0.8302149176597595,0.6002135872840881,-0.020663581788539886,0.8911097049713135,0.5666624903678894,0.022093873471021652,0.8728725910186768,0.6399474143981934,0.004097779281437397,0.8484724760055542,0.633082389831543,-0.0003589684492908418,0.8433122038841248,0.6107650995254517,0.0035657791886478662
Q,0.755428671836853,0.49601316452026367,4.1386832094758574e-07,0.7639461159706116,0.5366689562797546,-0.050077274441719055,0.7916741967201233,0.6157754063606262,-0.06827110052108765,0.7973400354385376,0.7027574777603149,-0.07449386268854141,0.7936009168624878,0.7680987119674683,-0.07729138433933258,0.889704167842865,0.545667290687561,-0.05096374452114105,0.9006963968276978,0.6607776880264282,-0.06534560024738312,0.9031453728675842,0.7268983125686646,-0.07279443740844727,0.9107365608215332,0.7778159976005554,-0.07742781937122345,0.9020144939422607,0.5458463430404663,-0.02443762496113777,0.874830961227417,0.6533463001251221,-0.04784078896045685,0.836496114730835,0.6366533041000366,-0.05406564474105835,0.8257803320884705,0.6036419868469238,-0.052274249494075775,0.9015705585479736,0.5534279346466064,6.992755515966564e-05,0.8789143562316895,0.648652970790863,-0.02348707616329193,0.8434245586395264,0.6290639638900757,-0.026156799867749214,0.8354036808013916,0.5990779399871826,-0.019721683114767075,0.8965994119644165,0.5640597343444824,0.0220083836466074,0.8787018060684204,0.6376938819885254,0.0038377135060727596,0.8543310165405273,0.6299033761024475,-0.00039818795630708337,0.8494451642036438,0.607515811920166,0.0038445957470685244
Q,0.7596860527992249,0.4927218556404114,3.707527014285006e-07,0.7672414183616638,0.5328508019447327,-0.056010566651821136,0.7952424883842468,0.6131113171577454,-0.0734233483672142,0.8009531497955322,0.7013201117515564,-0.07562965154647827,0.7991021871566772,0.7678218483924866,-0.07362651824951172,0.8957384824752808,0.5444561243057251,-0.062206022441387177,0.9063493013381958,0.66166752576828,-0.07728041708469391,0.9082674384117126,0.730490505695343,-0.08533990383148193,0.9158022999763489,0.7844043970108032,-0.09010078758001328,0.9057976007461548,0.5462536811828613,-0.030128130689263344,0.8760322332382202,0.6514583230018616,-0.050627656280994415,0.8376618027687073,0.6334846615791321,-0.05591123551130295,0.8273627161979675,0.5982958078384399,-0.0548551119863987,0.9043235778808594,0.5550605058670044,4.9587753892410547e-05,0.8814769983291626,0.6476160287857056,-0.0217941552400589,0.8445528745651245,0.6263648271560669,-0.025717444717884064,0.8367187976837158,0.5947946310043335,-0.021019836887717247,0.900007426738739,0.5662620663642883,0.02747686207294464,0.8799164295196533,0.6370764970779419,0.008984941057860851,0.8550434708595276,0.6293283104896545,0.0028466074727475643,0.8503513336181641,0.6059380173683167,0.005641477648168802
Q,0.7613670229911804,0.4864501357078552,3.9148011410361505e-07,0.769773006439209,0.5286476612091064,-0.052020538598299026,0.7987887859344482,0.6117678880691528,-0.06855878233909607,0.8043455481529236,0.7007015943527222,-0.0716107189655304,0.801967442035675,0.765536904335022,-0.07082433253526688,0.899874210357666,0.5413269400596619,-0.05424084514379501,0.9109082818031311,0.6612687706947327,-0.06796185672283173,0.9127821922302246,0.7297073602676392,-0.07527419924736023,0.9203506708145142,0.7827764749526978,-0.07974482327699661,0.9111554026603699,0.5410900115966797,-0.024855555966496468,0.8827805519104004,0.6520431041717529,-0.04716647416353226,0.8427073955535889,0.6364998817443848,-0.054452862590551376,0.8310838937759399,0.6026139855384827,-0.05381609871983528,0.9107722043991089,0.5490838289260864,0.0029166361782699823,0.8887129426002502,0.6462010145187378,-0.01925906352698803,0.8517428040504456,0.6279330849647522,-0.023099923506379128,0.842176616191864,0.5977770090103149,-0.01781185157597065,0.9065502285957336,0.5599772334098816,0.028112398460507393,0.888272225856781,0.6347986459732056,0.010199561715126038,0.8627248406410217,0.6278834939002991,0.0048686424270272255,0.8562003970146179,0.605026364326477,0.008470685221254826
Q,0.7663159966468811,0.48326990008354187,4.2699809910118347e-07,0.7737266421318054,0.5281177163124084,-0.06076814979314804,0.8023172616958618,0.6128695607185364,-0.0803319662809372,0.8085745573043823,0.7048787474632263,-0.08416257053613663,0.8070541024208069,0.77507084608078,-0.0839243158698082,0.9057691693305969,0.5429295897483826,-0.06374559551477432,0.9162900447845459,0.6613750457763672,-0.07921981811523438,0.9199221134185791,0.7307449579238892,-0.08766113966703415,0.9290475249290466,0.7841997146606445,-0.09242081642150879,0.915144681930542,0.5430880784988403,-0.029323870316147804,0.8920853137969971,0.6515106558799744,-0.051671259105205536,0.8521241545677185,0.6354872584342957,-0.05768534913659096,0.8398065567016602,0.6000083684921265,-0.05590423196554184,0.9136097431182861,0.5499028563499451,0.00272369384765625,0.8956159353256226,0.6447404026985168,-0.020330535247921944,0.8562873601913452,0.6261926293373108,-0.02448929473757744,0.8464699387550354,0.595797598361969,-0.018920013681054115,0.909256100654602,0.5587958097457886,0.031661730259656906,0.8924018144607544,0.6317036151885986,0.013011696748435497,0.8664838671684265,0.6253525614738464,0.0067431144416332245,0.8602861762046814,0.6016637086868286,0.009780347347259521
Q,0.7716710567474365,0.4801121950149536,4.4981575797464757e-07,0.7778192758560181,0.5277813076972961,-0.05984187498688698,0.8067404627799988,0.6124290823936462,-0.07980632781982422,0.8126987814903259,0.7044564485549927,-0.08439794927835464,0.8111681938171387,0.7766678929328918,-0.08498231321573257,0.9116300940513611,0.5394009351730347,-0.06389855593442917,0.9218853116035461,0.6615404486656189,-0.07799660414457321,0.9251606464385986,0.7319408655166626,-0.08482016623020172,0.9340296387672424,0.7855587005615234,-0.08863714337348938,0.9234276413917542,0.5402636528015137,-0.03023410402238369,0.8973355889320374,0.6531415581703186,-0.051538221538066864,0.8567301034927368,0.6369039416313171,-0.05600939318537712,0.8446971774101257,0.6010746955871582,-0.053361743688583374,0.9230703115463257,0.547809362411499,0.0012591639533638954,0.9027041792869568,0.6470355987548828,-0.02050357684493065,0.863107442855835,0.627545177936554,-0.023202426731586456,0.8532532453536987,0.5960091948509216,-0.0171256884932518,0.9184167385101318,0.5573042631149292,0.029647143557667732,0.9010881781578064,0.6340195536613464,0.012446233071386814,0.874643087387085,0.6267088651657104,0.007511132396757603,0.8682974576950073,0.6020463109016418,0.011159602552652359
Q,0.7712359428405762,0.4787321984767914,4.4220925587978854e-07,0.7792884707450867,0.522503137588501,-0.060923900455236435,0.8100160956382751,0.6076536774635315,-0.08019399642944336,0.8167948722839355,0.7028348445892334,-0.08393199741840363,0.8169984221458435,0.7765201330184937,-0.08342691510915756,0.9168458580970764,0.5355284214019775,-0.06163046136498451,0.9279619455337524,0.6618456244468689,-0.07605273276567459,0.9313255548477173,0.7340865135192871,-0.08308438211679459,0.9413242936134338,0.789665162563324,-0.08687528967857361,0.9271379709243774,0.5379078984260559,-0.027309881523251534,0.8998960256576538,0.652411162853241,-0.04943787679076195,0.8584597706794739,0.633460521697998,-0.05451739951968193,0.8472239375114441,0.5964174866676331,-0.05179871246218681,0.925429105758667,0.5467860698699951,0.004431605339050293,0.9046275615692139,0.6475548148155212,-0.018732912838459015,0.8650102019309998,0.626636266708374,-0.02248784899711609,0.8563380837440491,0.5944854021072388,-0.016450366005301476,0.9198184013366699,0.557996392250061,0.03307029977440834,0.902256190776825,0.6357539296150208,0.014816252514719963,0.8763415813446045,0.6281110644340515,0.009253321215510368,0.8709474802017212,0.6027886271476746,0.012989248149096966
Q,0.7751273512840271,0.47412022948265076,4.526884538336162e-07,0.7823560833930969,0.5247921943664551,-0.058982837945222855,0.8130180239677429,0.6129558682441711,-0.0786658450961113,0.8194781541824341,0.7083821296691895,-0.08346807956695557,0.8191162347793579,0.7806838154792786,-0.08444679528474808,0.920167863368988,0.5373356938362122,-0.06116749718785286,0.9322921633720398,0.664289653301239,-0.07494775205850601,0.9361811280250549,0.736285388469696,-0.08266593515872955,0.9468063116073608,0.7914155721664429,-0.08747497946023941,0.9331481456756592,0.5335102081298828,-0.028021622449159622,0.9084004759788513,0.6473746299743652,-0.049134403467178345,0.8658872842788696,0.6321660280227661,-0.05545584857463837,0.8523473739624023,0.5969516634941101,-0.05434340238571167,0.93318772315979,0.5379512906074524,0.003145555267110467,0.9151642322540283,0.6393768191337585,-0.017962396144866943,0.8748177886009216,0.6222639083862305,-0.021135134622454643,0.8636074066162109,0.5918360352516174,-0.015580633655190468,0.928489089012146,0.5457613468170166,0.031208183616399765,0.9136108756065369,0.6248154640197754,0.014775359071791172,0.8866005539894104,0.6197652816772461,0.010471069253981113,0.8791117072105408,0.5962657928466797,0.014498827047646046
Q,0.7782723903656006,0.47810646891593933,4.5616022248395893e-07,0.7854625582695007,0.5250993967056274,-0.06716158241033554,0.8163470029830933,0.6144861578941345,-0.08767493814229965,0.822316586971283,0.7117761373519897,-0.09029572457075119,0.8223784565925598,0.7870411276817322,-0.08833081275224686,0.925395131111145,0.5400967597961426,-0.06991185247898102,0.9371013045310974,0.6669648885726929,-0.08497128635644913,0.9407126307487488,0.7405858635902405,-0.09373204410076141,0.9513351917266846,0.7983595728874207,-0.09899946302175522,0.9348856210708618,0.5378615260124207,-0.031146487221121788,0.9100781083106995,0.6502067446708679,-0.05313289165496826,0.8668440580368042,0.6310158967971802,-0.060166679322719574,0.8541318774223328,0.5925061106681824,-0.05934565141797066,0.9333878755569458,0.5436366200447083,0.00510112289339304,0.9145357608795166,0.6415461301803589,-0.01781255006790161,0.8719745874404907,0.6205423474311829,-0.023390064015984535,0.862952709197998,0.587949812412262,-0.018993869423866272,0.9297716021537781,0.55202317237854,0.03797367587685585,0.9126193523406982,0.6268299221992493,0.01980932615697384,0.884412407875061,0.6191462874412537,0.013204788789153099,0.8783708214759827,0.5933961868286133,0.015856411308050156
Q,0.7782475352287292,0.4801037013530731,4.3797385274046974e-07,0.7866193056106567,0.527523398399353,-0.07170457392930984,0.8188431262969971,0.6184188723564148,-0.09227721393108368,0.8247381448745728,0.7173709869384766,-0.09282936900854111,0.8250652551651001,0.7944300174713135,-0.08807090669870377,0.9297105669975281,0.5409409999847412,-0.0771498829126358,0.9411235451698303,0.6696882247924805,-0.09321486949920654,0.9441688656806946,0.7450597286224365,-0.10279205441474915,0.9545710682868958,0.8047533631324768,-0.10837595164775848,0.9369668960571289,0.5409765839576721,-0.035222139209508896,0.910932183265686,0.6553626656532288,-0.056623488664627075,0.8674889206886292,0.6347672343254089,-0.06287272274494171,0.8558225035667419,0.5947877168655396,-0.06198733299970627,0.9349679946899414,0.5494621992111206,0.003954253159463406,0.9161760807037354,0.6482782959938049,-0.018401192501187325,0.8724222779273987,0.6233473420143127,-0.024160178378224373,0.8646372556686401,0.5885674357414246,-0.02036656253039837,0.9316577315330505,0.5600911974906921,0.039405692368745804,0.914068341255188,0.6348003149032593,0.02129201963543892,0.8856005668640137,0.6247059106826782,0.013958876021206379,0.8808650374412537,0.5972092151641846,0.015855710953474045
Q,0.7789883613586426,0.48095837235450745,4.5996392827873933e-07,0.7856581807136536,0.5314943790435791,-0.06882254034280777,0.818574845790863,0.6249040365219116,-0.09053190052509308,0.8261580467224121,0.7251326441764832,-0.09386765956878662,0.826006293296814,0.8038932085037231,-0.09250973910093307,0.9308334589004517,0.5449838638305664,-0.0734642744064331,0.9421454071998596,0.6755855679512024,-0.0896020159125328,0.9454019069671631,0.752059280872345,-0.09920419752597809,0.9562201499938965,0.8121099472045898,-0.10512671619653702,0.9412796497344971,0.5426194071769714,-0.033834945410490036,0.9154658317565918,0.6588649153709412,-0.056972358375787735,0.8695271611213684,0.6385502815246582,-0.0637119933962822,0.8559198379516602,0.5976537466049194,-0.06265479326248169,0.9404540061950684,0.548454761505127,0.003369799582287669,0.9212701320648193,0.6491872668266296,-0.01999030075967312,0.876635730266571,0.6262965798377991,-0.024321546778082848,0.866813600063324,0.5913081765174866,-0.01914168708026409,0.9370376467704773,0.5561543703079224,0.03706218674778938,0.9199811816215515,0.6347286105155945,0.019277459010481834,0.8904265761375427,0.6255828142166138,0.013840152882039547,0.8844524621963501,0.5980451107025146,0.017247650772333145
Q,0.7835955619812012,0.4844913184642792,4.5419201910590346e-07,0.7907763719558716,0.5354560017585754,-0.07355763018131256,0.8227354288101196,0.6301125288009644,-0.09370353072881699,0.8277141451835632,0.7314658761024475,-0.09292399138212204,0.8271187543869019,0.8116194009780884,-0.086704321205616,0.9360975027084351,0.550870954990387,-0.07866799831390381,0.9459819197654724,0.6845036745071411,-0.09413072466850281,0.9483858942985535,0.7610945701599121,-0.1031046062707901,0.9585599899291992,0.8226510882377625,-0.10842330008745193,0.9449992775917053,0.5486857295036316,-0.0350097119808197,0.919407069683075,0.6636388897895813,-0.05518072098493576,0.8736370205879211,0.6408897042274475,-0.060528047382831573,0.8593273758888245,0.5989007353782654,-0.059209104627370834,0.9432967901229858,0.5543019771575928,0.005744764115661383,0.9243704676628113,0.6535701155662537,-0.016178393736481667,0.8792315125465393,0.6279964447021484,-0.022328684106469154,0.8711033463478088,0.5915290713310242,-0.018891137093305588,0.9400560855865479,0.5619632601737976,0.04280315712094307,0.9221348762512207,0.6371445655822754,0.025390086695551872,0.8928210139274597,0.6266404986381531,0.018071891739964485,0.8876714706420898,0.5967151522636414,0.019682278856635094
Q,0.7866997122764587,0.48399659991264343,4.875621471001068e-07,0.7915655374526978,0.5433343648910522,-0.07201431691646576,0.8238430619239807,0.6390185356140137,-0.09551393985748291,0.8301169276237488,0.7404952049255371,-0.09915193915367126,0.8282043933868408,0.821285605430603,-0.09824436902999878,0.9363822340965271,0.5612860918045044,-0.0825769379734993,0.9481315016746521,0.6922152042388916,-0.09577012062072754,0.9498962163925171,0.7684371471405029,-0.10389408469200134,0.9597026109695435,0.8283117413520813,-0.10938017070293427,0.948894202709198,0.5529549717903137,-0.03963083401322365,0.9245690107345581,0.6640549898147583,-0.05653822422027588,0.8788231015205383,0.6466308832168579,-0.061196666210889816,0.8636841177940369,0.6077175140380859,-0.06105929985642433,0.9492797255516052,0.5538283586502075,0.0015850589843466878,0.9334836006164551,0.64997798204422,-0.0152572738006711,0.8892560005187988,0.629584550857544,-0.019050488248467445,0.8775912523269653,0.5961508750915527,-0.016127564013004303,0.9471405148506165,0.5575577020645142,0.03907976672053337,0.9330345988273621,0.6335053443908691,0.026419470086693764,0.9040665626525879,0.6246796250343323,0.0221002995967865,0.8969401717185974,0.597154438495636,0.024528587237000465
Q,0.7864845991134644,0.4848541021347046,4.8313154366042e-07,0.7921188473701477,0.5468721389770508,-0.07709485292434692,0.8245901465415955,0.6435205340385437,-0.10017796605825424,0.8294682502746582,0.7442318797111511,-0.10097325593233109,0.827720046043396,0.8269444704055786,-0.09669138491153717,0.939349889755249,0.5635793209075928,-0.08987485617399216,0.9496510028839111,0.6988795399665833,-0.10304367542266846,0.9506735801696777,0.7758141756057739,-0.11019661277532578,0.959865927696228,0.8363292217254639,-0.11467096954584122,0.9501307606697083,0.5548132658004761,-0.0425773561000824,0.9248689413070679,0.6709734201431274,-0.059297408908605576,0.8775479793548584,0.6525877714157104,-0.062831349670887,0.8616905808448792,0.6119227409362793,-0.061740029603242874,0.9499175548553467,0.5566935539245605,0.002817869419232011,0.9327310919761658,0.6559473872184753,-0.014391520991921425,0.8862941861152649,0.6335267424583435,-0.019093399867415428,0.8754974603652954,0.5985971689224243,-0.01668556034564972,0.9483218789100647,0.5614262223243713,0.04436957836151123,0.9319889545440674,0.6377080678939819,0.03060923144221306,0.9017586708068848,0.6275291442871094,0.024317583069205284,0.8953183889389038,0.5979213714599609,0.025344522669911385
Q,0.787432849407196,0.48757559061050415,4.937782023262116e-07,0.793037474155426,0.5514421463012695,-0.0760275200009346,0.8253811597824097,0.6478286385536194,-0.09951264411211014,0.829291582107544,0.7481632828712463,-0.10133723169565201,0.827076256275177,0.8314216136932373,-0.09824484586715698,0.9400125741958618,0.5669252872467041,-0.08849236369132996,0.9509491920471191,0.7022902369499207,-0.10143808275461197,0.9512060284614563,0.7792422771453857,-0.10964655876159668,0.9603742361068726,0.8404794931411743,-0.11515365540981293,0.9522932767868042,0.5566823482513428,-0.041966360062360764,0.9289842247962952,0.668998658657074,-0.05762987583875656,0.8827084898948669,0.6506201028823853,-0.06223473325371742,0.8676034808158875,0.6106756925582886,-0.06254837661981583,0.9529569745063782,0.5575101375579834,0.0028893628623336554,0.9386644959449768,0.6520499587059021,-0.012246216647326946,0.8931443691253662,0.6303685903549194,-0.01658260077238083,0.8821786642074585,0.5962164402008057,-0.014796514995396137,0.9525569677352905,0.5609646439552307,0.04381781443953514,0.9385678172111511,0.634303867816925,0.03254484385251999,0.908901035785675,0.6236813068389893,0.02781580574810505,0.9024034142494202,0.5940850973129272,0.02930709533393383
Q,0.7866546511650085,0.490184485912323,4.892007723356073e-07,0.7934502363204956,0.5527399778366089,-0.08019015938043594,0.8264390230178833,0.6487420797348022,-0.10267311334609985,0.8301088809967041,0.7498054504394531,-0.10147519409656525,0.8278945684432983,0.8343548774719238,-0.09481765329837799,0.9416441321372986,0.5676677823066711,-0.09196443855762482,0.9526484608650208,0.7053672075271606,-0.10464883595705032,0.952997624874115,0.781715989112854,-0.11305325478315353,0.9628950953483582,0.843512773513794,-0.11856846511363983,0.9519251585006714,0.557664155960083,-0.042287517338991165,0.9291877746582031,0.6698458194732666,-0.055992964655160904,0.8827870488166809,0.6506834626197815,-0.060194458812475204,0.8675644993782043,0.6116018891334534,-0.06071551889181137,0.9520379900932312,0.5583223104476929,0.005295609124004841,0.9387260675430298,0.6515083909034729,-0.009289316833019257,0.8929933309555054,0.6289393305778503,-0.015277418307960033,0.883048415184021,0.5952146649360657,-0.014743410982191563,0.9520042538642883,0.5616868138313293,0.048787008970975876,0.938765287399292,0.6321055293083191,0.03774842992424965,0.9098249673843384,0.6216496825218201,0.03200405091047287,0.9038709402084351,0.5920796394348145,0.03259909525513649
Q,0.781901478767395,0.4881753921508789,5.257667226032936e-07,0.7910522222518921,0.5513649582862854,-0.0754329189658165,0.8265488147735596,0.6482887864112854,-0.09631764888763428,0.8314895629882812,0.7515714168548584,-0.09543368220329285,0.8285778760910034,0.8362316489219666,-0.08966280519962311,0.9428176879882812,0.5663710236549377,-0.08186772465705872,0.9547877311706543,0.7038629651069641,-0.09100812673568726,0.9540513753890991,0.7779645919799805,-0.09772758930921555,0.9617486000061035,0.8377001285552979,-0.10255952924489975,0.9542403221130371,0.5538427233695984,-0.0346481092274189,0.9320334792137146,0.6700826287269592,-0.045923225581645966,0.8855171799659729,0.6598227620124817,-0.05139589682221413,0.8680099248886108,0.6281949281692505,-0.053019169718027115,0.9539108872413635,0.5533454418182373,0.010861234739422798,0.9411250352859497,0.6498562097549438,-0.0013507434632629156,0.8964316248893738,0.6319077610969543,-0.00840387586504221,0.8831483721733093,0.601414680480957,-0.008758564479649067,0.9525305032730103,0.5565121173858643,0.052503906190395355,0.9406808018684387,0.6321333646774292,0.04231434687972069,0.9117746353149414,0.6258208751678467,0.03597797825932503,0.9036045670509338,0.6008495092391968,0.03635351359844208
Q,0.7816201448440552,0.4838793873786926,4.900633712168201e-07,0.790272057056427,0.5468135476112366,-0.07796044647693634,0.8255898356437683,0.6454461812973022,-0.09973689913749695,0.8313219547271729,0.7497516870498657,-0.09916076809167862,0.8307220935821533,0.8366644382476807,-0.093547023832798,0.9443045258522034,0.5637173652648926,-0.08571391552686691,0.955865740776062,0.7033686637878418,-0.09625514596700668,0.9552574753761292,0.7797812223434448,-0.10363779217004776,0.9637167453765869,0.8410158157348633,-0.10890965908765793,0.9549722075462341,0.5538647770881653,-0.037226852029561996,0.9318540096282959,0.6705554723739624,-0.05063920095562935,0.883922815322876,0.6560079455375671,-0.056292831897735596,0.8669350743293762,0.6187983751296997,-0.057749371975660324,0.9536462426185608,0.5552222728729248,0.00943678617477417,0.9405239820480347,0.6546587944030762,-0.0048710498958826065,0.8936660885810852,0.6339569091796875,-0.0114993155002594,0.8807201385498047,0.599675714969635,-0.011155190877616405,0.9517905116081238,0.5594222545623779,0.05209735035896301,0.9389997720718384,0.63803631067276,0.0397055447101593,0.9085690975189209,0.6291685700416565,0.032748110592365265,0.9001543521881104,0.600247323513031,0.03311902657151222
Q,0.7842133045196533,0.4827176034450531,4.839569669456978e-07,0.7911085486412048,0.5504554510116577,-0.08030182123184204,0.8254331946372986,0.6480615735054016,-0.10343031585216522,0.8305599689483643,0.7500399947166443,-0.10348030179738998,0.8301106095314026,0.8360756039619446,-0.09833880513906479,0.9442166090011597,0.5653662085533142,-0.09103770554065704,0.9557586908340454,0.7044342160224915,-0.10207533091306686,0.9551651477813721,0.7795593738555908,-0.10931700468063354,0.9637457132339478,0.8390488624572754,-0.11445910483598709,0.954919695854187,0.5544561743736267,-0.041433896869421005,0.931706428527832,0.6694007515907288,-0.05487627908587456,0.8833107948303223,0.6557551026344299,-0.059914201498031616,0.866835355758667,0.6192488670349121,-0.06125820055603981,0.9544737935066223,0.5554097890853882,0.0063588679768145084,0.9406375288963318,0.653202474117279,-0.007871626876294613,0.8925930857658386,0.6328110098838806,-0.013963860459625721,0.8800213932991028,0.5989292860031128,-0.013672834262251854,0.9537982940673828,0.5591500401496887,0.05001449212431908,0.9400381445884705,0.6354337930679321,0.037992045283317566,0.909047544002533,0.6273040175437927,0.03136497363448143,0.901128888130188,0.5988144278526306,0.031622808426618576
Q,0.7858090400695801,0.4847865700721741,4.82824418668315e-07,0.7924571633338928,0.5524854063987732,-0.08447426557540894,0.8263736367225647,0.6480279564857483,-0.10763663798570633,0.8304268717765808,0.7474269866943359,-0.10541681945323944,0.8305911421775818,0.8344281911849976,-0.09748059511184692,0.9429928660392761,0.5650749206542969,-0.09928037226200104,0.9559323787689209,0.7044709920883179,-0.10880789905786514,0.954572856426239,0.7793114185333252,-0.11396676301956177,0.9628603458404541,0.8392438888549805,-0.1176876500248909,0.9528875350952148,0.5556032061576843,-0.04602546989917755,0.932651937007904,0.6689437031745911,-0.0556144192814827,0.885226845741272,0.6539905667304993,-0.057631947100162506,0.8701211810112,0.617241621017456,-0.05815533548593521,0.9530674815177917,0.5576608777046204,0.005348631646484137,0.9413999915122986,0.6507832407951355,-0.005834474228322506,0.89332115650177,0.6289846897125244,-0.011363768018782139,0.8829428553581238,0.5947310924530029,-0.012127045542001724,0.9537052512168884,0.562254786491394,0.05238976329565048,0.94049471616745,0.6318260431289673,0.04267922043800354,0.9101042747497559,0.6219713091850281,0.03618964925408363,0.9040529727935791,0.5908442735671997,0.03537686541676521
Q,0.7792624831199646,0.4762861132621765,4.878855861534248e-07,0.7852069139480591,0.541333794593811,-0.06966167688369751,0.8201745748519897,0.6397478580474854,-0.09221678227186203,0.8276969194412231,0.7440417408943176,-0.09615479409694672,0.8266990780830383,0.8294327259063721,-0.09619011729955673,0.9372382164001465,0.5601437091827393,-0.07624506950378418,0.9503975510597229,0.6998823285102844,-0.08734185993671417,0.9494553208351135,0.7751830816268921,-0.0948379635810852,0.9573073387145996,0.8343371152877808,-0.10039467364549637,0.9541417360305786,0.5474675297737122,-0.03442075848579407,0.9302787184715271,0.6660134792327881,-0.04840339720249176,0.883306622505188,0.6562406420707703,-0.05299738049507141,0.8673911690711975,0.6249889731407166,-0.0538022518157959,0.9557822942733765,0.5458940267562866,0.005810386501252651,0.9417433142662048,0.6478701233863831,-0.008798964321613312,0.8979102969169617,0.631165623664856,-0.012286596931517124,0.8839256763458252,0.6014336347579956,-0.00997890718281269,0.953096330165863,0.5481096506118774,0.04238903522491455,0.9410679936408997,0.6294522285461426,0.030957041308283806,0.9112399816513062,0.6247191429138184,0.027478324249386787,0.9014559388160706,0.6012542247772217,0.030161824077367783
Q,0.777381956577301,0.4724234342575073,4.616326236828172e-07,0.7824959754943848,0.537071704864502,-0.0732259601354599,0.8162821531295776,0.6341382265090942,-0.09645944088697433,0.8219701051712036,0.7356305718421936,-0.09919419884681702,0.8211747407913208,0.8200387954711914,-0.09772710502147675,0.9343035817146301,0.5553280115127563,-0.08546450734138489,0.9457012414932251,0.6956804990768433,-0.0958508551120758,0.9443305134773254,0.7695817947387695,-0.10220596194267273,0.9521404504776001,0.826942503452301,-0.10713964700698853,0.9492337703704834,0.5429502725601196,-0.04072750359773636,0.9264500141143799,0.657669723033905,-0.05307180806994438,0.8792697191238403,0.6449116468429565,-0.056572817265987396,0.8635664582252502,0.610725462436676,-0.057459756731987,0.9505926370620728,0.5426177382469177,0.0027274400927126408,0.9370145797729492,0.6414565443992615,-0.010404443368315697,0.892267107963562,0.6206886172294617,-0.014257362112402916,0.8798937797546387,0.587931752204895,-0.013273345306515694,0.9492230415344238,0.5463495850563049,0.04247618094086647,0.9353044629096985,0.6238598823547363,0.03175362944602966,0.9050611257553101,0.6148518919944763,0.027295760810375214,0.8969076871871948,0.5873641967773438,0.028463659808039665
Q,0.767979621887207,0.4652608633041382,4.44139089950113e-07,0.7754364013671875,0.5304123163223267,-0.07205040007829666,0.8101632595062256,0.6273274421691895,-0.09389639645814896,0.8177419900894165,0.7288111448287964,-0.09580516070127487,0.8178528547286987,0.8136773109436035,-0.09348300099372864,0.9277506470680237,0.5465786457061768,-0.07958798855543137,0.9392305016517639,0.6849128603935242,-0.0892159566283226,0.9374228715896606,0.7593111991882324,-0.09599116444587708,0.9438711404800415,0.8159198760986328,-0.1010524332523346,0.9414690732955933,0.5344735383987427,-0.035363052040338516,0.9216145277023315,0.646452009677887,-0.04581289365887642,0.8770689964294434,0.6345359086990356,-0.049026355147361755,0.8614928722381592,0.6005644202232361,-0.04991861432790756,0.9417179822921753,0.5342565774917603,0.007094820030033588,0.9320885539054871,0.6310792565345764,-0.004921578802168369,0.8883605003356934,0.6117712259292603,-0.00911729410290718,0.8745659589767456,0.5810744762420654,-0.008263924159109592,0.9390890598297119,0.5387966632843018,0.04578528553247452,0.9288619756698608,0.6140186190605164,0.03520086780190468,0.900108814239502,0.6058470010757446,0.0303411353379488,0.8908788561820984,0.579700767993927,0.031432803720235825
