T with wrist,0.0,0.0,0.0,-0.040836870670318604,0.005411744117736816,-0.02692614111600733,-0.07308143377304077,-0.0012885332107543945,-0.053428709390743734,-0.0732848048210144,0.011720061302185059,-0.07782660785613871,-0.06589478254318237,0.03076493740081787,-0.10015134874282694,-0.061367809772491455,-0.07952558994293213,-0.06749261531530237,-0.0713319182395935,-0.10900706052780151,-0.09600611391960001,-0.07087504863739014,-0.0644305944442749,-0.10646986577211237,-0.06817984580993652,-0.0175592303276062,-0.10936383518873072,-0.016618549823760986,-0.08808392286300659,-0.0654159149855218,-0.02367788553237915,-0.02094244956970215,-0.09586936596332407,-0.0329928994178772,0.05434340238571167,-0.09658335510192728,-0.040675342082977295,0.1059800386428833,-0.09329706046281672,0.023688793182373047,-0.07546371221542358,-0.06358103815017557,0.015891194343566895,0.0018249750137329102,-0.08715979370771265,0.004896342754364014,0.05975699424743652,-0.07702888909278727,-0.003691434860229492,0.10238361358642578,-0.06628950301109171,0.06026041507720947,-0.05571836233139038,-0.06419142696557856,0.05845832824707031,-0.0015143752098083496,-0.07864681247173166,0.050511837005615234,0.034822702407836914,-0.07057927164731836,0.045398712158203125,0.0586472749710083,-0.06046408030687189
T with wrist,0.0,0.0,0.0,-0.047985970973968506,-0.02321678400039673,-0.019679552031163894,-0.0780072808265686,-0.08115017414093018,-0.031855313194398605,-0.06754535436630249,-0.13641035556793213,-0.042260257614259444,-0.04038196802139282,-0.17239493131637573,-0.0532670301324174,-0.04703247547149658,-0.15459579229354858,-0.03249057577312442,-0.04188251495361328,-0.19289028644561768,-0.058982702059154235,-0.0393596887588501,-0.22695070505142212,-0.08030541436136218,-0.03803563117980957,-0.2560200095176697,-0.09562853173673602,-0.005013763904571533,-0.17103105783462524,-0.034836782229547225,-0.016248345375061035,-0.1371644139289856,-0.07137786791980716,-0.024052798748016357,-0.06923884153366089,-0.0806921814507291,-0.027923643589019775,-0.0206640362739563,-0.07979607777059528,0.035197556018829346,-0.16307085752487183,-0.03954374612629863,0.022825777530670166,-0.11128729581832886,-0.07213628487050983,0.013527512550354004,-0.05039268732070923,-0.0659524072831914,0.008574426174163818,-0.008125722408294678,-0.05368069009244891,0.07355797290802002,-0.14284378290176392,-0.04621638552606555,0.061143577098846436,-0.11258423328399658,-0.06909673855960818,0.04877549409866333,-0.0690811276435852,-0.06302096144617053,0.04425090551376343,-0.039996981620788574,-0.05209632785380336
T with wrist,0.0,0.0,0.0,-0.04554170370101929,-0.03644758462905884,-0.013135085742419506,-0.07163447141647339,-0.12086248397827148,-0.018006256710236812,-0.06704163551330566,-0.19393330812454224,-0.02328379165703609,-0.052011072635650635,-0.24705946445465088,-0.02893867615932777,-0.036539673805236816,-0.1822066307067871,-0.006476656928157354,-0.027357101440429688,-0.21253448724746704,-0.024245452995842243,-0.025315165519714355,-0.24426281452178955,-0.037930107604211116,-0.024760723114013672,-0.2692161798477173,-0.04701173950309112,0.0008755922317504883,-0.19926512241363525,-0.009110294211154724,-0.00582575798034668,-0.16313081979751587,-0.03726943482035949,-0.01453697681427002,-0.09978705644607544,-0.04332380641574218,-0.01733255386352539,-0.049022555351257324,-0.03965037588352516,0.03624004125595093,-0.19237202405929565,-0.014776645156985069,0.030048787593841553,-0.1428971290588379,-0.04256695781225517,0.01753908395767212,-0.08351880311965942,-0.036005734394734645,0.012427330017089844,-0.03920239210128784,-0.023164448257034564,0.07029569149017334,-0.17540228366851807,-0.022093704830354,0.06166785955429077,-0.14682620763778687,-0.04110612992519691,0.04762148857116699,-0.09942501783370972,-0.03505454112166717,0.04239821434020996,-0.06662482023239136,-0.02384606276029899
T with wrist,0.0,0.0,0.0,-0.04883629083633423,-0.050275444984436035,-0.01078798550696547,-0.07149863243103027,-0.13972222805023193,-0.018585118684484314,-0.06331121921539307,-0.21893471479415894,-0.02628011185259993,-0.04462319612503052,-0.2774856686592102,-0.03286502252848322,-0.058692872524261475,-0.1804713010787964,-0.01339445378215487,-0.0601460337638855,-0.22133636474609375,-0.03176174055369074,-0.06329900026321411,-0.24803316593170166,-0.04264346252710993,-0.06859844923019409,-0.26087164878845215,-0.04832426573665316,-0.018547773361206055,-0.1920018196105957,-0.01709974858493979,-0.017658770084381104,-0.1930752992630005,-0.04120737801821406,-0.0223810076713562,-0.15606403350830078,-0.04667539264590914,-0.02857828140258789,-0.11982864141464233,-0.044188005137755226,0.02322441339492798,-0.1847747564315796,-0.02272771972747023,0.022289514541625977,-0.17133855819702148,-0.04376573975713427,0.013896644115447998,-0.13796603679656982,-0.03752092387111361,0.005926787853240967,-0.10930007696151733,-0.02710645947189505,0.06149941682815552,-0.17099767923355103,-0.029761194470836472,0.06176459789276123,-0.17863208055496216,-0.04442601393492396,0.05529838800430298,-0.15600764751434326,-0.038669967311932396,0.0496562123298645,-0.13913917541503906,-0.028854037854387116
T with wrist,0.0,0.0,0.0,-0.05181020498275757,-0.055706799030303955,-0.00758733261207567,-0.06976896524429321,-0.1453380584716797,-0.009194742290475233,-0.05737447738647461,-0.21865177154541016,-0.01248050048778282,-0.03858762979507446,-0.273956298828125,-0.014958227386870249,-0.05087244510650635,-0.20420938730239868,0.005604063758454458,-0.06268435716629028,-0.2431241273880005,-0.009968497192659243,-0.06594645977020264,-0.238114595413208,-0.020795578470625742,-0.06639313697814941,-0.2213146686553955,-0.024487573987045153,-0.012532353401184082,-0.21807509660720825,0.0031055343726791307,-0.017543256282806396,-0.191112220287323,-0.018031407481231554,-0.02096766233444214,-0.1302642822265625,-0.0248363487033032,-0.023987233638763428,-0.08039790391921997,-0.02173043634573446,0.024310171604156494,-0.211043119430542,-0.0026836966706298426,0.01758795976638794,-0.1640923023223877,-0.022890726437964304,0.010058104991912842,-0.10353463888168335,-0.019853834396400316,0.004909515380859375,-0.05943167209625244,-0.010029661802747114,0.05911529064178467,-0.19379210472106934,-0.00965659353713022,0.051176369190216064,-0.16705632209777832,-0.020172424948015077,0.04153650999069214,-0.11814886331558228,-0.014137787146665914,0.035816490650177,-0.08724713325500488,-0.0038341496681653098
T with wrist,0.0,0.0,0.0,-0.054753243923187256,-0.04995322227478027,-0.007821634705237557,-0.0773584246635437,-0.13917052745819092,-0.010327928992978741,-0.06588900089263916,-0.21523171663284302,-0.015558475921920945,-0.04683405160903931,-0.2710856795310974,-0.018897919277719666,-0.05648601055145264,-0.2041478157043457,0.0052145525672813164,-0.0736190676689148,-0.25678950548171997,-0.016473852391413857,-0.07403188943862915,-0.23780828714370728,-0.02995028376119535,-0.0704277753829956,-0.2019454836845398,-0.033188358242682625,-0.018867850303649902,-0.21769440174102783,0.0020066538685341584,-0.024903476238250732,-0.1850740909576416,-0.023078557397298027,-0.02713310718536377,-0.12207555770874023,-0.030876364852360894,-0.02860891819000244,-0.07210332155227661,-0.027744628782443215,0.017712950706481934,-0.20927488803863525,-0.0050511381729165805,0.011749029159545898,-0.16013461351394653,-0.02853739477234285,0.005249202251434326,-0.09927666187286377,-0.025835171635321785,0.0018807053565979004,-0.054961442947387695,-0.0153728149040262,0.05294901132583618,-0.19071245193481445,-0.01341145514982145,0.0452079176902771,-0.16013866662979126,-0.026618503327540566,0.03517812490463257,-0.10901165008544922,-0.021110711912683655,0.03106313943862915,-0.07525575160980225,-0.010068378704659153
T with wrist,0.0,0.0,0.0,-0.05543625354766846,-0.04660671949386597,-0.011795468995671854,-0.07769238948822021,-0.13766521215438843,-0.01664827148835002,-0.0646212100982666,-0.21277737617492676,-0.024170569511454687,-0.04710996150970459,-0.27059268951416016,-0.028797888564270124,-0.061486899852752686,-0.19956284761428833,-0.0007273720873968159,-0.07622045278549194,-0.2612016797065735,-0.02890447098235427,-0.07269859313964844,-0.22918784618377686,-0.04467812682906924,-0.06956362724304199,-0.18281471729278564,-0.04822018127362071,-0.020858824253082275,-0.20954841375350952,-0.0039023427705728864,-0.025949418544769287,-0.19389647245407104,-0.03530926759759723,-0.024753689765930176,-0.12738341093063354,-0.043470983760755644,-0.027551770210266113,-0.07594633102416992,-0.03967692832867442,0.017856836318969727,-0.201751708984375,-0.011767344916563616,0.012127518653869629,-0.171766996383667,-0.040523634659450636,0.006674587726593018,-0.10708266496658325,-0.03672033305684863,0.0011720061302185059,-0.06072640419006348,-0.024576141866248236,0.05420440435409546,-0.18545162677764893,-0.021145503403943167,0.04609960317611694,-0.16905856132507324,-0.03776214401642619,0.03663372993469238,-0.1177523136138916,-0.03207780923168002,0.03139227628707886,-0.08353382349014282,-0.020614256518285856
T with wrist,0.0,0.0,0.0,-0.05625492334365845,-0.04386860132217407,-0.011877814914157625,-0.07996213436126709,-0.1344417929649353,-0.017442412349453207,-0.06681215763092041,-0.21154290437698364,-0.025731794211139913,-0.04909402132034302,-0.26922714710235596,-0.030794143351783987,-0.06725084781646729,-0.19730126857757568,-0.002631354752054449,-0.08330643177032471,-0.26270592212677,-0.03257941608416104,-0.07587754726409912,-0.2282555103302002,-0.04882026617514157,-0.0692339539527893,-0.18185114860534668,-0.05250121806847119,-0.027199506759643555,-0.20611947774887085,-0.006309448416402574,-0.029143810272216797,-0.2006867527961731,-0.040592228668799635,-0.025623321533203125,-0.13171440362930298,-0.04865624536859059,-0.028158485889434814,-0.07930117845535278,-0.04401740585552716,0.011581003665924072,-0.19850999116897583,-0.01469274577783608,0.009777426719665527,-0.17475497722625732,-0.04632286508666539,0.005254626274108887,-0.10638940334320068,-0.04208001648174786,-0.0013176798820495605,-0.05919450521469116,-0.02887824145244622,0.04821896553039551,-0.18275320529937744,-0.02449252237664723,0.04427766799926758,-0.16755104064941406,-0.04287180830823445,0.03485685586929321,-0.11427038908004761,-0.037421648996939894,0.028247535228729248,-0.07983601093292236,-0.025869654166569944
T with wrist,0.0,0.0,0.0,-0.05679827928543091,-0.04212373495101929,-0.01247967799770322,-0.08059996366500854,-0.13207471370697021,-0.019017471201891567,-0.0674782395362854,-0.20829236507415771,-0.028173675961966183,-0.050721585750579834,-0.26465290784835815,-0.03432527949678388,-0.07077008485794067,-0.1962047815322876,-0.004355073642159368,-0.08818387985229492,-0.26436638832092285,-0.03643210997449842,-0.07831215858459473,-0.23179158568382263,-0.05466066693531957,-0.06850504875183105,-0.18488085269927979,-0.05952577313053098,-0.030307352542877197,-0.20351439714431763,-0.008534595571632053,-0.029130220413208008,-0.2085932493209839,-0.045947831325406696,-0.02525085210800171,-0.13614940643310547,-0.05534782280790296,-0.028483331203460693,-0.08047771453857422,-0.05090194588171926,0.008910059928894043,-0.1953302025794983,-0.017376674540514614,0.009287059307098389,-0.1833088994026184,-0.052088089488620426,0.004835069179534912,-0.11055654287338257,-0.04804448431002584,-0.00231015682220459,-0.06023675203323364,-0.034175243430013325,0.04548311233520508,-0.17954093217849731,-0.02745269259082761,0.04198896884918213,-0.1699460744857788,-0.048550356380815174,0.03323870897293091,-0.11375880241394043,-0.04304118474590268,0.02723914384841919,-0.0775112509727478,-0.030910762228245403
T with wrist,0.0,0.0,0.0,-0.05798447132110596,-0.04226118326187134,-0.012467732213508498,-0.0820237398147583,-0.13511240482330322,-0.01790955339379252,-0.07043826580047607,-0.21070289611816406,-0.025825422748994242,-0.056722939014434814,-0.26500070095062256,-0.030194296062063586,-0.07003802061080933,-0.19435542821884155,-0.0029763917234504333,-0.08509653806686401,-0.26526033878326416,-0.0344615136534685,-0.0758293867111206,-0.22678780555725098,-0.05123029698438586,-0.06729447841644287,-0.17755258083343506,-0.054827798649739634,-0.029853463172912598,-0.19822043180465698,-0.00655929933122934,-0.028457224369049072,-0.21591821312904358,-0.04441075821227969,-0.025004327297210693,-0.14298802614212036,-0.05343823556609095,-0.028290390968322754,-0.08676064014434814,-0.04802043040103854,0.008363068103790283,-0.19038110971450806,-0.014834177240800273,0.007860958576202393,-0.18872153759002686,-0.04977318321175517,0.003988742828369141,-0.11591804027557373,-0.04588627864427508,-0.003299713134765625,-0.06567031145095825,-0.03159920547909678,0.04402440786361694,-0.17637193202972412,-0.024161533013057124,0.04021310806274414,-0.1758350133895874,-0.0447265622467512,0.03192073106765747,-0.11968320608139038,-0.03908575747914256,0.0255734920501709,-0.08310526609420776,-0.026840977862548243
T with wrist,0.0,0.0,0.0,-0.05719423294067383,-0.040560007095336914,-0.013070293056330229,-0.08147335052490234,-0.1342204213142395,-0.018504701840242888,-0.07008576393127441,-0.21013715863227844,-0.026249494689068342,-0.05647134780883789,-0.2637028098106384,-0.03011459699507668,-0.07120311260223389,-0.18540114164352417,-0.00426862650226667,-0.08441656827926636,-0.2641729414463043,-0.03632142050798848,-0.07492053508758545,-0.22453463077545166,-0.0523002262287946,-0.067013680934906,-0.17450940608978271,-0.05512041254576161,-0.0314520001411438,-0.1850259006023407,-0.007994202251097704,-0.030146658420562744,-0.2196129560470581,-0.047030266659817244,-0.02557283639907837,-0.14688706398010254,-0.05539692966874554,-0.028356432914733887,-0.09214478731155396,-0.04914221568640187,0.006273031234741211,-0.17624229192733765,-0.016462937282881285,0.005860865116119385,-0.19366902112960815,-0.0530307146781297,0.003352642059326172,-0.12048381567001343,-0.04797160281475499,-0.003496110439300537,-0.07144665718078613,-0.03247435792025044,0.04203575849533081,-0.1633630394935608,-0.025786036910972143,0.03810995817184448,-0.18066942691802979,-0.047553878563007856,0.03143101930618286,-0.12573480606079102,-0.04075055970486119,0.025794625282287598,-0.08909094333648682,-0.027641445683798338
T with wrist,0.0,0.0,0.0,-0.05744123458862305,-0.03966718912124634,-0.014483812751279856,-0.08223873376846313,-0.13323664665222168,-0.020398148821698214,-0.07075124979019165,-0.2099011242389679,-0.028297300936685588,-0.057117760181427,-0.26372191309928894,-0.0321568935383425,-0.0756462812423706,-0.18099632859230042,-0.00581166569332936,-0.08523756265640259,-0.2617481052875519,-0.03842441506873229,-0.07363498210906982,-0.22087815403938293,-0.05528288103829482,-0.06525349617004395,-0.17093420028686523,-0.05901944406519988,-0.03568220138549805,-0.18100976943969727,-0.009160657899485614,-0.02972489595413208,-0.21700605750083923,-0.04796878017674544,-0.02470165491104126,-0.14302408695220947,-0.05631732709895232,-0.02911275625228882,-0.08890968561172485,-0.05077726908217528,0.0020217299461364746,-0.17315128445625305,-0.017365734579072978,0.005897402763366699,-0.19328799843788147,-0.05343477569709876,0.0035393834114074707,-0.11747592687606812,-0.046660022364960696,-0.004992485046386719,-0.0682421326637268,-0.03073797889243224,0.03707677125930786,-0.16118201613426208,-0.02673397168706515,0.03680819272994995,-0.17928165197372437,-0.04772076524983504,0.03061884641647339,-0.12252938747406006,-0.0393258645404444,0.023243963718414307,-0.08578705787658691,-0.025647634195195224
T with wrist,0.0,0.0,0.0,-0.05640023946762085,-0.04135322570800781,-0.012585583811471679,-0.08151423931121826,-0.13642150163650513,-0.017479202447304942,-0.06975924968719482,-0.21264463663101196,-0.025097916571269252,-0.05783361196517944,-0.2663612365722656,-0.028590484259495952,-0.0739324688911438,-0.18057331442832947,-0.0019494628932648084,-0.08391529321670532,-0.2611253559589386,-0.034532804710636356,-0.07184785604476929,-0.21859794855117798,-0.0515806383619406,-0.06377393007278442,-0.16919457912445068,-0.05572286687589667,-0.034271061420440674,-0.17858567833900452,-0.007379759771595218,-0.032259583473205566,-0.22020608186721802,-0.04571402512289069,-0.025641679763793945,-0.14751464128494263,-0.054027703327903964,-0.02767956256866455,-0.09558939933776855,-0.04875908858872435,0.003902912139892578,-0.16851776838302612,-0.017887283785114505,0.00400465726852417,-0.1952202022075653,-0.05264050207830451,0.002965867519378662,-0.11957228183746338,-0.044768889171848514,-0.004685461521148682,-0.07240599393844604,-0.028763864857921817,0.04048514366149902,-0.15480896830558777,-0.029646186826596477,0.03718447685241699,-0.17811933159828186,-0.04839063502646468,0.03028285503387451,-0.12323373556137085,-0.038557805789480426,0.02242332696914673,-0.0893251895904541,-0.024762560350666263
T with wrist,0.0,0.0,0.0,-0.05615866184234619,-0.040445685386657715,-0.012780426762731167,-0.08198356628417969,-0.13365411758422852,-0.017699591576786133,-0.07060140371322632,-0.21011239290237427,-0.025302171468467805,-0.05899101495742798,-0.26394280791282654,-0.028928555309505555,-0.0752761960029602,-0.17553219199180603,-0.0017664653656197515,-0.08576983213424683,-0.2577139139175415,-0.03534410870048532,-0.07380300760269165,-0.21855121850967407,-0.05345866432759294,-0.0650528073310852,-0.1688700020313263,-0.05812967917296419,-0.03533715009689331,-0.17427873611450195,-0.007310951821239087,-0.03415006399154663,-0.22025898098945618,-0.046448383241624924,-0.02699965238571167,-0.14837238192558289,-0.05535088083121309,-0.027354001998901367,-0.09526991844177246,-0.05030009871694574,0.003588259220123291,-0.16443219780921936,-0.018021035700769517,0.0033539533615112305,-0.19402936100959778,-0.053732391208143326,0.0024907588958740234,-0.1187516450881958,-0.04635225957605371,-0.004072129726409912,-0.070884108543396,-0.030407201260061356,0.04115569591522217,-0.15132591128349304,-0.030013549834222886,0.03733396530151367,-0.1755664050579071,-0.04987193247649202,0.030973315238952637,-0.12174463272094727,-0.040482438862056824,0.024222493171691895,-0.08836203813552856,-0.026826571434469315
T with wrist,0.0,0.0,0.0,-0.05528539419174194,-0.038945794105529785,-0.014128523521776515,-0.08148759603500366,-0.13080203533172607,-0.019895262659247237,-0.06992673873901367,-0.2073799967765808,-0.028039844349677878,-0.056844472885131836,-0.2618928849697113,-0.03230968082016261,-0.07705837488174438,-0.17318588495254517,-0.0019653752601698216,-0.08894139528274536,-0.25383469462394714,-0.035215016097481566,-0.0759509801864624,-0.21825280785560608,-0.05361597204273494,-0.06609952449798584,-0.16999033093452454,-0.058520737678463775,-0.03720468282699585,-0.17320016026496887,-0.006661980987246352,-0.03572314977645874,-0.2182084321975708,-0.045327409744913894,-0.027997910976409912,-0.14797493815422058,-0.05436968395179065,-0.02815532684326172,-0.09366410970687866,-0.04931420052116664,0.0013028979301452637,-0.16421708464622498,-0.016632422447855788,0.0014567375183105469,-0.19183051586151123,-0.05234437772696765,0.0005962252616882324,-0.11773622035980225,-0.045814182252343016,-0.005945146083831787,-0.06901586055755615,-0.03026839496260436,0.038234710693359375,-0.15157634019851685,-0.027953723088558036,0.03456801176071167,-0.17178300023078918,-0.048106614143307525,0.028733909130096436,-0.11812376976013184,-0.039251017958576995,0.022443413734436035,-0.084408700466156,-0.02574530766969474
T with wrist,0.0,0.0,0.0,-0.054644227027893066,-0.03945893049240112,-0.013803491742123697,-0.07987862825393677,-0.1275060772895813,-0.020158530586172674,-0.06903457641601562,-0.20362532138824463,-0.02914211843233261,-0.0575023889541626,-0.2593764364719391,-0.03440264556627426,-0.07567411661148071,-0.1721922755241394,-0.0006981409627542234,-0.08878087997436523,-0.25259631872177124,-0.03385861534695778,-0.07692515850067139,-0.21704283356666565,-0.052409938909818266,-0.06706470251083374,-0.1702486276626587,-0.05741453860025558,-0.0355798602104187,-0.171762615442276,-0.005688684434403513,-0.03451794385910034,-0.2158796191215515,-0.04431781116943512,-0.028771162033081055,-0.14602911472320557,-0.05406162832002792,-0.029376685619354248,-0.0937919020652771,-0.04946674350719604,0.0028900504112243652,-0.16220808029174805,-0.015872112848569486,0.0020273923873901367,-0.1881239414215088,-0.0514771373949543,-9.357929229736328e-05,-0.11496204137802124,-0.04535764772515449,-0.006411254405975342,-0.06894612312316895,-0.029942746647407148,0.03971964120864868,-0.1488361358642578,-0.02732162121753845,0.03515857458114624,-0.17098352313041687,-0.04642957393150482,0.029341399669647217,-0.1185375452041626,-0.03679231870989952,0.02375847101211548,-0.08639192581176758,-0.02273480724613819
T with wrist,0.0,0.0,0.0,-0.05439096689224243,-0.0387270450592041,-0.01501940337675478,-0.07943606376647949,-0.1263134777545929,-0.02156173491584923,-0.06892555952072144,-0.20270535349845886,-0.030518476457473298,-0.05731457471847534,-0.2584559917449951,-0.03560308234500553,-0.07547223567962646,-0.17290502786636353,-0.00045613468591909623,-0.08915352821350098,-0.25350290536880493,-0.033498382733341714,-0.07743775844573975,-0.2197328805923462,-0.05204738916563656,-0.06764453649520874,-0.17395681142807007,-0.05712405459689762,-0.035430729389190674,-0.17398574948310852,-0.0045026760335531435,-0.034017086029052734,-0.21524247527122498,-0.043287328050610085,-0.028366804122924805,-0.14535319805145264,-0.05321126671242382,-0.029305994510650635,-0.09251910448074341,-0.048664650485989114,0.002957284450531006,-0.16559672355651855,-0.013954022505458852,0.0022646188735961914,-0.18796619772911072,-0.049877675787683984,-0.000291287899017334,-0.11518889665603638,-0.04462761671948101,-0.007070660591125488,-0.06843435764312744,-0.029711712689277192,0.03961688280105591,-0.15281710028648376,-0.024823196769830247,0.035945355892181396,-0.17010563611984253,-0.04496544839548733,0.029576599597930908,-0.11779820919036865,-0.0368815162937608,0.023296236991882324,-0.08543241024017334,-0.02367098496961262
T with wrist,0.0,0.0,0.0,-0.05319947004318237,-0.0391765832901001,-0.015302500821633203,-0.0775952935218811,-0.12820520997047424,-0.022071455739421708,-0.06706881523132324,-0.20523571968078613,-0.03115931818632589,-0.05549919605255127,-0.26199230551719666,-0.03623582529274927,-0.07370835542678833,-0.17530563473701477,-0.0006554534951987989,-0.0866747498512268,-0.2565751075744629,-0.03392847733942972,-0.07405227422714233,-0.22125327587127686,-0.05270882057396875,-0.06437397003173828,-0.17442616820335388,-0.05797083409873949,-0.033450305461883545,-0.17659059166908264,-0.0046747919581662245,-0.032025277614593506,-0.21685150265693665,-0.043415968440456254,-0.02579718828201294,-0.1462211012840271,-0.05322403194753633,-0.02721506357192993,-0.09313499927520752,-0.04865424814073549,0.005069732666015625,-0.16819795966148376,-0.014220053464157445,0.004770398139953613,-0.1885952651500702,-0.049730875663442475,0.0025913119316101074,-0.11579066514968872,-0.04432586687056528,-0.004923522472381592,-0.06957679986953735,-0.02952781426159845,0.041940927505493164,-0.15535742044448853,-0.025262492842955453,0.03891867399215698,-0.1704036295413971,-0.04483768077938066,0.03211897611618042,-0.11778289079666138,-0.036641740374250276,0.024779081344604492,-0.08606225252151489,-0.02355404863504873
T with wrist,0.0,0.0,0.0,-0.05215811729431152,-0.04034912586212158,-0.01575981465282439,-0.0752153992652893,-0.13252758979797363,-0.022399310144805895,-0.06278371810913086,-0.21004393696784973,-0.031211475032591807,-0.0515710711479187,-0.26712268590927124,-0.035933006677055346,-0.07148313522338867,-0.18188220262527466,-0.0008780770061775911,-0.08238691091537476,-0.2626118063926697,-0.034307439002418505,-0.06990081071853638,-0.22324299812316895,-0.05311754358115195,-0.06155669689178467,-0.17472341656684875,-0.05829948199095725,-0.030712008476257324,-0.18302583694458008,-0.004630210931622969,-0.028917014598846436,-0.2222088873386383,-0.0424924568563938,-0.023913800716400146,-0.15054625272750854,-0.05189117428960799,-0.026492953300476074,-0.09741401672363281,-0.047208063426637636,0.007885515689849854,-0.17428109049797058,-0.014081642153882967,0.007684111595153809,-0.19177687168121338,-0.04884069425168036,0.004055142402648926,-0.11795735359191895,-0.04362376046481131,-0.004553258419036865,-0.07143920660018921,-0.029200537252449976,0.04455345869064331,-0.16096457839012146,-0.02514210541846751,0.04145944118499756,-0.17156603932380676,-0.044346414628648745,0.03394371271133423,-0.11737334728240967,-0.03653661546411513,0.02636033296585083,-0.08568519353866577,-0.023849032941484438
T with wrist,0.0,0.0,0.0,-0.051087379455566406,-0.04007542133331299,-0.01853213087935046,-0.0731014609336853,-0.13308051228523254,-0.0261016041161497,-0.06027716398239136,-0.2106020450592041,-0.03521686793584422,-0.0495033860206604,-0.26840198040008545,-0.040165063005872526,-0.07174402475357056,-0.18350759148597717,-0.003677750949748315,-0.08294367790222168,-0.2663628160953522,-0.038489241165109433,-0.07063758373260498,-0.22945788502693176,-0.05787682534474925,-0.06209886074066162,-0.17894160747528076,-0.06295319647807673,-0.03081202507019043,-0.18506067991256714,-0.006054591399617948,-0.02714318037033081,-0.22453725337982178,-0.04605118559021548,-0.0220109224319458,-0.1510556936264038,-0.0559143759431322,-0.02502387762069702,-0.09500002861022949,-0.05079435558337764,0.008045554161071777,-0.1763027310371399,-0.01434033830929593,0.010781466960906982,-0.19392859935760498,-0.051773346972652234,0.0065337419509887695,-0.1176031231880188,-0.04711324350256518,-0.003242969512939453,-0.06819629669189453,-0.032175321144052305,0.044545769691467285,-0.1626313030719757,-0.024368001160212316,0.044563233852386475,-0.17105942964553833,-0.04681459442991809,0.03693634271621704,-0.1145164966583252,-0.04028532282728747,0.028093039989471436,-0.08091533184051514,-0.027602238592692174
T with wrist,0.0,0.0,0.0,-0.050586819648742676,-0.04131042957305908,-0.01885821598318671,-0.07222414016723633,-0.13449019193649292,-0.027240389238272655,-0.05858743190765381,-0.21248310804367065,-0.03723234797564601,-0.04599052667617798,-0.27085375785827637,-0.04311560581174945,-0.0697067379951477,-0.1864243447780609,-0.003880922894154537,-0.08067625761032104,-0.26848477125167847,-0.0394897025331602,-0.0681867003440857,-0.23066449165344238,-0.06007835383263682,-0.05960440635681152,-0.17968332767486572,-0.0660196330651388,-0.028525888919830322,-0.18769428133964539,-0.006382338448588598,-0.024746835231781006,-0.2252006232738495,-0.047062431673680294,-0.020791947841644287,-0.1508943736553192,-0.057630882810030926,-0.024380505084991455,-0.09389704465866089,-0.052975596140299785,0.010518193244934082,-0.17866578698158264,-0.01486142000851487,0.012176215648651123,-0.19435420632362366,-0.05233278239813899,0.006722390651702881,-0.11781847476959229,-0.04778808842149829,-0.00301516056060791,-0.06849360466003418,-0.03299803028551196,0.04730868339538574,-0.16459840536117554,-0.025145889471446026,0.04450005292892456,-0.17131808400154114,-0.04685238118020152,0.03625631332397461,-0.11470717191696167,-0.039848898749028194,0.028424978256225586,-0.08217096328735352,-0.026963069315229404
T with wrist,0.0,0.0,0.0,-0.05134236812591553,-0.04144507646560669,-0.019247381094828597,-0.07241195440292358,-0.13676154613494873,-0.02723367520047759,-0.05827206373214722,-0.21590948104858398,-0.03661003157867526,-0.045933306217193604,-0.2742574214935303,-0.041661990884676925,-0.06995868682861328,-0.1881500482559204,-0.005375408645704738,-0.08038026094436646,-0.2704416513442993,-0.041195171032086364,-0.06673967838287354,-0.2307211458683014,-0.061130652282372466,-0.05779200792312622,-0.17916521430015564,-0.06651712403072452,-0.029183804988861084,-0.190413236618042,-0.00735032147167658,-0.023889124393463135,-0.2259085774421692,-0.04851617113126849,-0.019297301769256592,-0.15022608637809753,-0.058406377289429656,-0.023229479789733887,-0.09356534481048584,-0.05318517059458827,0.009387433528900146,-0.1822035312652588,-0.015326975923017017,0.013721585273742676,-0.1939201056957245,-0.053186928931609145,0.00832664966583252,-0.11589348316192627,-0.0482402798570547,-0.0019282698631286621,-0.06657952070236206,-0.03309269443525409,0.045956313610076904,-0.16857126355171204,-0.025217736218110076,0.04634881019592285,-0.17055386304855347,-0.04743076682461833,0.037727177143096924,-0.11282247304916382,-0.04111137807740306,0.028834760189056396,-0.08081209659576416,-0.028628347519770614
T with wrist,0.0,0.0,0.0,-0.050767481327056885,-0.04211878776550293,-0.01975638842668559,-0.07139724493026733,-0.13728004693984985,-0.028024923563862103,-0.058237671852111816,-0.21795308589935303,-0.03753883814897563,-0.047125041484832764,-0.27804094552993774,-0.042578872800731915,-0.0695425271987915,-0.19201314449310303,-0.005894111976886052,-0.07978391647338867,-0.2734678387641907,-0.040912125767135876,-0.06596755981445312,-0.2314307689666748,-0.060071960599088925,-0.0573611855506897,-0.18004709482192993,-0.06508105298962619,-0.028584599494934082,-0.19419029355049133,-0.007378831081950921,-0.0233534574508667,-0.2263953983783722,-0.04767163893666293,-0.01883840560913086,-0.1501350700855255,-0.05716966143336322,-0.023152828216552734,-0.09373605251312256,-0.05199777385678317,0.009953677654266357,-0.18565574288368225,-0.014807253652179497,0.013769030570983887,-0.19492024183273315,-0.051832993091011303,0.009028911590576172,-0.11715996265411377,-0.04677807590451266,-0.0008260011672973633,-0.06760299205780029,-0.031864077360296506,0.046466827392578125,-0.17119115591049194,-0.02422740733709361,0.04695844650268555,-0.1718640923500061,-0.04620591601815249,0.038364946842193604,-0.11348557472229004,-0.04015074348535563,0.029277443885803223,-0.0802348256111145,-0.02790363742496993
T with wrist,0.0,0.0,0.0,-0.0520251989364624,-0.042380571365356445,-0.020276836860887215,-0.073047935962677,-0.13979637622833252,-0.028733821395746872,-0.05893290042877197,-0.220500648021698,-0.038364339429847405,-0.0464015007019043,-0.27983853220939636,-0.043543532300702736,-0.07070505619049072,-0.1920810043811798,-0.007191835246942446,-0.08033376932144165,-0.2756178379058838,-0.043622545707933114,-0.06683182716369629,-0.23386108875274658,-0.06378094087909858,-0.058392107486724854,-0.18116304278373718,-0.06912392358850639,-0.02996993064880371,-0.1942290961742401,-0.008572328645698235,-0.022178351879119873,-0.2284335494041443,-0.05083342250060241,-0.0176699161529541,-0.15058082342147827,-0.06100860964130561,-0.022506535053253174,-0.09231793880462646,-0.05571668948601882,0.008515775203704834,-0.1860782504081726,-0.015946540791503594,0.014642596244812012,-0.1958703100681305,-0.05514139663051765,0.009604871273040771,-0.11543864011764526,-0.05045287292074363,-0.0011011958122253418,-0.0637853741645813,-0.035004619318954155,0.04453420639038086,-0.17234638333320618,-0.02524886633824508,0.04648047685623169,-0.17269083857536316,-0.048863619375936196,0.03792834281921387,-0.11236757040023804,-0.04295419137548606,0.028270959854125977,-0.07771062850952148,-0.030275249663702652
T with wrist,0.0,0.0,0.0,-0.05123579502105713,-0.04456830024719238,-0.018808788566786916,-0.07163327932357788,-0.14090222120285034,-0.026863886921603353,-0.05793964862823486,-0.22142267227172852,-0.03656784719129291,-0.046268343925476074,-0.28123044967651367,-0.04189791059394565,-0.07006102800369263,-0.19420799612998962,-0.004469038865465791,-0.07782429456710815,-0.2774738371372223,-0.040000609069068105,-0.06460952758789062,-0.23389941453933716,-0.05978579720755306,-0.0567476749420166,-0.18197500705718994,-0.06510295992990223,-0.02853858470916748,-0.19453495740890503,-0.006697032081831367,-0.022494912147521973,-0.23029673099517822,-0.047323885320622594,-0.018944978713989258,-0.15326207876205444,-0.05714614590903011,-0.023535549640655518,-0.09656649827957153,-0.05206584459443775,0.0105399489402771,-0.18524262309074402,-0.014880723266799123,0.014000117778778076,-0.19825735688209534,-0.05247180437942234,0.008518993854522705,-0.11906632781028748,-0.04734111851354328,-0.0013923048973083496,-0.06867694854736328,-0.0320922014703342,0.04723644256591797,-0.17062827944755554,-0.02490936680038658,0.04654240608215332,-0.1752530038356781,-0.046708981453377874,0.037436485290527344,-0.11593317985534668,-0.03986348485847202,0.028493940830230713,-0.0816071629524231,-0.02700587636132923
T with wrist,0.0,0.0,0.0,-0.05179905891418457,-0.04421800374984741,-0.019950626390311754,-0.0715133547782898,-0.1424945890903473,-0.028299722792837656,-0.05645519495010376,-0.22322601079940796,-0.037873649942014254,-0.044438183307647705,-0.2825677692890167,-0.042900258647534883,-0.07121330499649048,-0.19386261701583862,-0.0070079173615908985,-0.07740920782089233,-0.27974873781204224,-0.04314660464439157,-0.0646396279335022,-0.2342534363269806,-0.06295514290246729,-0.05772429704666138,-0.1804414987564087,-0.0680408868661857,-0.029560565948486328,-0.19332614541053772,-0.008625659132633245,-0.02157193422317505,-0.23218974471092224,-0.04994876493725542,-0.017982900142669678,-0.15373989939689636,-0.059500100063416994,-0.02313476800918579,-0.09592020511627197,-0.05401696820769075,0.009706258773803711,-0.18355989456176758,-0.016168313073251284,0.014928460121154785,-0.20008832216262817,-0.05447924693140749,0.009649515151977539,-0.11914524435997009,-0.04875666831645731,-0.0007297992706298828,-0.06738936901092529,-0.032863190369937456,0.046159565448760986,-0.1690320372581482,-0.025594457956287897,0.047077715396881104,-0.1768459975719452,-0.04823624153647188,0.03836101293563843,-0.1160137951374054,-0.04099180360350374,0.029161810874938965,-0.08029282093048096,-0.027612488689158
T with wrist,0.0,0.0,0.0,-0.0508803129196167,-0.04628497362136841,-0.020196158857118007,-0.07047152519226074,-0.1428150236606598,-0.028442325488697406,-0.05572652816772461,-0.22297543287277222,-0.03801537160671842,-0.04418444633483887,-0.2824540138244629,-0.04311120365656507,-0.07055598497390747,-0.19397997856140137,-0.004895193920503971,-0.07831728458404541,-0.27979591488838196,-0.04124310468233716,-0.06490051746368408,-0.23740074038505554,-0.06164130796588552,-0.05690205097198486,-0.1843411922454834,-0.06701313187278402,-0.029094219207763672,-0.19488251209259033,-0.006075666238587019,-0.021411657333374023,-0.23366782069206238,-0.04802210112012517,-0.017511188983917236,-0.15580493211746216,-0.058243131683241245,-0.02217113971710205,-0.09688800573348999,-0.05280803372062337,0.009705305099487305,-0.18627139925956726,-0.013374011450480339,0.015171647071838379,-0.20001575350761414,-0.05231232051647794,0.009576797485351562,-0.11948516964912415,-0.04773449008263242,-0.0007598996162414551,-0.06672614812850952,-0.03219554056323659,0.04596078395843506,-0.17255067825317383,-0.022624178276430484,0.04759138822555542,-0.17511963844299316,-0.045768613413940784,0.03871053457260132,-0.11472570896148682,-0.03974800784982335,0.02938753366470337,-0.07929599285125732,-0.026990347028743145
T with wrist,0.0,0.0,0.0,-0.05164074897766113,-0.04551964998245239,-0.01981894624839242,-0.07167959213256836,-0.14311039447784424,-0.02812302624295171,-0.05615949630737305,-0.22339218854904175,-0.037893093651632626,-0.043737590312957764,-0.2829042077064514,-0.04322245297441896,-0.07000988721847534,-0.1937277913093567,-0.005709790619562227,-0.07918787002563477,-0.2799485921859741,-0.042538839852909405,-0.06579267978668213,-0.23902562260627747,-0.06322791380296167,-0.05756157636642456,-0.18524649739265442,-0.0687161455811065,-0.02921140193939209,-0.1954651176929474,-0.007249950891832668,-0.0213395357131958,-0.23335307836532593,-0.04975986806164201,-0.01684504747390747,-0.15612944960594177,-0.06007390794763978,-0.02152073383331299,-0.09636074304580688,-0.054618760472635586,0.009413957595825195,-0.18744322657585144,-0.014904876700143177,0.016140282154083252,-0.19855478405952454,-0.053980972147087414,0.010829508304595947,-0.11803871393203735,-0.04944553924212869,-5.328655242919922e-05,-0.06479537487030029,-0.0339469495178264,0.045751214027404785,-0.1742199957370758,-0.024538024789194424,0.048556387424468994,-0.17456761002540588,-0.04765650582919534,0.03987586498260498,-0.11492776870727539,-0.041786215728620846,0.030105948448181152,-0.08003866672515869,-0.029154771468142826
T with wrist,0.0,0.0,0.0,-0.05186945199966431,-0.046256959438323975,-0.02010258109856977,-0.07176005840301514,-0.14342403411865234,-0.028614794924749276,-0.05555927753448486,-0.22332817316055298,-0.038596784785283944,-0.04241657257080078,-0.2822793126106262,-0.04409206481267347,-0.06968134641647339,-0.19512027502059937,-0.0051641567571891756,-0.07882022857666016,-0.2803120017051697,-0.04239289285231962,-0.06543302536010742,-0.2397233545780182,-0.06365346358705892,-0.05734264850616455,-0.18562084436416626,-0.06946028964210882,-0.028444111347198486,-0.1967526078224182,-0.006736345212800643,-0.021188557147979736,-0.23420590162277222,-0.049552736893190286,-0.01700460910797119,-0.15717634558677673,-0.060472121551526925,-0.022079765796661377,-0.09755265712738037,-0.05534031809855833,0.010538995265960693,-0.1883690059185028,-0.014484446585072419,0.016281068325042725,-0.19987088441848755,-0.053678872153057,0.010887205600738525,-0.11993074417114258,-0.04940538676072492,-0.00019091367721557617,-0.06696540117263794,-0.0340294298677577,0.04672282934188843,-0.1746947467327118,-0.024258894935144326,0.048529624938964844,-0.1753998100757599,-0.04737341599155798,0.03980785608291626,-0.11673611402511597,-0.041474806234134576,0.030131280422210693,-0.0824708342552185,-0.028747113510860345
T with wrist,0.0,0.0,0.0,-0.05224353075027466,-0.04720306396484375,-0.01993653914917104,-0.07270294427871704,-0.14395079016685486,-0.02858984648275964,-0.05709260702133179,-0.2245716154575348,-0.03877714454222314,-0.043256163597106934,-0.28417712450027466,-0.04449379249501817,-0.0695720911026001,-0.19757312536239624,-0.005463476674890444,-0.07993829250335693,-0.280708372592926,-0.042551917871719525,-0.06607377529144287,-0.2404116690158844,-0.06352211712885492,-0.05751800537109375,-0.1868094801902771,-0.06912464826393716,-0.028352737426757812,-0.19947832822799683,-0.007011464247739241,-0.021503090858459473,-0.23313355445861816,-0.049653479745870754,-0.017393827438354492,-0.15622469782829285,-0.060379898092037365,-0.022556781768798828,-0.09700882434844971,-0.05515747322726838,0.010533928871154785,-0.191127747297287,-0.014678982934242413,0.017217516899108887,-0.1986490786075592,-0.053482754072433636,0.011169493198394775,-0.1197795569896698,-0.04926362066555612,-0.00038802623748779297,-0.0676807165145874,-0.033980088224893734,0.046795785427093506,-0.1769838035106659,-0.024384580469018147,0.049545228481292725,-0.17552286386489868,-0.04666865422416322,0.04009222984313965,-0.1177007257938385,-0.04071276440311067,0.02981257438659668,-0.08409732580184937,-0.02801650567937486
T with wrist,0.0,0.0,0.0,-0.05257129669189453,-0.04685288667678833,-0.020895449137924516,-0.07340240478515625,-0.14473015069961548,-0.029974039337275826,-0.05820518732070923,-0.2273101508617401,-0.04041164896511873,-0.044417738914489746,-0.28767502307891846,-0.046329041636226975,-0.07081645727157593,-0.19800478219985962,-0.006910277689485156,-0.08156007528305054,-0.28194522857666016,-0.0448609829606994,-0.06658411026000977,-0.24229538440704346,-0.06603515303754648,-0.057157933712005615,-0.18884232640266418,-0.07155824608230432,-0.030182182788848877,-0.2002529799938202,-0.008049641429124677,-0.021746277809143066,-0.2350342869758606,-0.051950404113767945,-0.01678764820098877,-0.15753942728042603,-0.06279130435609659,-0.021954894065856934,-0.09771829843521118,-0.057319415426491105,0.008528828620910645,-0.1925715208053589,-0.015399967013536298,0.017440855503082275,-0.20113152265548706,-0.05617470822357973,0.012232482433319092,-0.12013226747512817,-0.05210942185544809,0.0007561445236206055,-0.06625121831893921,-0.03625869161510309,0.04483979940414429,-0.17904186248779297,-0.02476327463114103,0.05005091428756714,-0.17861530184745789,-0.04914263046407541,0.041263699531555176,-0.11861446499824524,-0.043767863577841126,0.03099691867828369,-0.083099365234375,-0.03091508305692514
T with wrist,0.0,0.0,0.0,-0.05243438482284546,-0.047080278396606445,-0.02062340911783167,-0.0734168291091919,-0.14512181282043457,-0.029534942399038755,-0.05793040990829468,-0.22698494791984558,-0.03992444921590277,-0.044301390647888184,-0.2876935601234436,-0.04580539364673086,-0.07166051864624023,-0.19797414541244507,-0.005552382136954748,-0.08180177211761475,-0.28326690196990967,-0.043358507494701826,-0.06683403253555298,-0.2432284951210022,-0.06489032034136244,-0.05791831016540527,-0.18895483016967773,-0.07073491338945814,-0.03002101182937622,-0.1999427080154419,-0.0069736902818817725,-0.022160351276397705,-0.23616820573806763,-0.05060971800543257,-0.017102599143981934,-0.15812277793884277,-0.061763296763672315,-0.022456645965576172,-0.09788727760314941,-0.05654828522659727,0.0094679594039917,-0.1917508840560913,-0.014644388037993394,0.016520798206329346,-0.2019658088684082,-0.05474733460999914,0.011593878269195557,-0.12111601233482361,-0.05055444959856459,0.00023829936981201172,-0.06776916980743408,-0.03485588629104086,0.04613310098648071,-0.17788496613502502,-0.024340775723828756,0.049210965633392334,-0.1781802475452423,-0.04793697495318838,0.040655553340911865,-0.11915695667266846,-0.04203703154183813,0.030582666397094727,-0.08472549915313721,-0.029012600819839918
T with wrist,0.0,0.0,0.0,-0.052312493324279785,-0.0460968017578125,-0.020524945534191374,-0.07329213619232178,-0.1427646279335022,-0.02967974213453317,-0.058314502239227295,-0.2240803837776184,-0.04033362907858873,-0.04561251401901245,-0.2844790816307068,-0.04642449734302545,-0.07108461856842041,-0.19898763298988342,-0.006055395077339654,-0.0807802677154541,-0.2846921682357788,-0.04423566950055147,-0.06602895259857178,-0.24181118607521057,-0.06593332109542871,-0.057598769664764404,-0.1868663728237152,-0.07187050250860239,-0.028996288776397705,-0.20075836777687073,-0.0077205788859942,-0.02208024263381958,-0.23796015977859497,-0.05134686125012422,-0.017245173454284668,-0.15825292468070984,-0.0621152598926642,-0.02225548028945923,-0.0975530743598938,-0.056683406657896285,0.010660767555236816,-0.1917920708656311,-0.01562664700242067,0.016755402088165283,-0.2027568221092224,-0.055468321270666365,0.011153340339660645,-0.12139815092086792,-0.050732694990358596,-4.667043685913086e-05,-0.06802845001220703,-0.03485053447576547,0.04770362377166748,-0.17720967531204224,-0.025575140915236716,0.049665629863739014,-0.17778879404067993,-0.048764139837942366,0.04065811634063721,-0.11835446953773499,-0.042395659215173964,0.030767083168029785,-0.08374547958374023,-0.02922088881524587
T with wrist,0.0,0.0,0.0,-0.05155247449874878,-0.04636728763580322,-0.021153116329344357,-0.07182484865188599,-0.14279738068580627,-0.030533987759383763,-0.05691564083099365,-0.22425028681755066,-0.04134575064364299,-0.0449901819229126,-0.2851356267929077,-0.04762189249578341,-0.07051205635070801,-0.20098087191581726,-0.005825476917209471,-0.08007293939590454,-0.28674861788749695,-0.044214816494616116,-0.06503015756607056,-0.2442302703857422,-0.06631857316079959,-0.05646157264709473,-0.18928924202919006,-0.07250195155921801,-0.028186798095703125,-0.20343706011772156,-0.007091597384544457,-0.020361483097076416,-0.23916670680046082,-0.05086631487193927,-0.01576906442642212,-0.15940254926681519,-0.06211555163446292,-0.021123528480529785,-0.09874433279037476,-0.05698201219621524,0.011409878730773926,-0.1946054995059967,-0.014673391087683285,0.018754303455352783,-0.2031897008419037,-0.05487140054884776,0.012798309326171875,-0.12153071165084839,-0.050597229703100766,0.0009647607803344727,-0.06800830364227295,-0.03491480062785968,0.0481756329536438,-0.17997443675994873,-0.024359116061361874,0.05150878429412842,-0.17779004573822021,-0.04789107824745997,0.04221451282501221,-0.11794981360435486,-0.04183808500948771,0.03147178888320923,-0.08331340551376343,-0.028749871729644383
T with wrist,0.0,0.0,0.0,-0.05152928829193115,-0.046177804470062256,-0.02170968104212534,-0.07322365045547485,-0.1432071328163147,-0.031246431656768436,-0.05866628885269165,-0.22526946663856506,-0.04206195522158396,-0.044829607009887695,-0.2863208055496216,-0.04822555605380785,-0.0715782642364502,-0.20098188519477844,-0.006361534372558708,-0.08122384548187256,-0.28802475333213806,-0.0445744735380913,-0.06546753644943237,-0.24555274844169617,-0.06602466899960291,-0.05609852075576782,-0.19160079956054688,-0.0718886782607342,-0.028988003730773926,-0.20302093029022217,-0.007519301977595205,-0.021081745624542236,-0.24125832319259644,-0.05134101260512125,-0.016196608543395996,-0.160615473985672,-0.0618663099786545,-0.021043598651885986,-0.10115236043930054,-0.056146476902654285,0.010745644569396973,-0.19408413767814636,-0.01506488818733942,0.018237948417663574,-0.2059037983417511,-0.05579674292414438,0.012102365493774414,-0.1234460175037384,-0.05089753169625055,0.0009244084358215332,-0.07127082347869873,-0.034611654021432514,0.04814416170120239,-0.17919668555259705,-0.02469570238201868,0.05094212293624878,-0.1802295744419098,-0.04864094082324755,0.041234612464904785,-0.12031984329223633,-0.04233793217747461,0.030887961387634277,-0.08686518669128418,-0.029013902433803196
T with wrist,0.0,0.0,0.0,-0.05125468969345093,-0.0452723503112793,-0.021603564481608828,-0.07248556613922119,-0.14310726523399353,-0.030963052745335062,-0.05790865421295166,-0.2261735200881958,-0.041596923704616984,-0.04527169466018677,-0.2878930866718292,-0.047564078803532084,-0.07161563634872437,-0.200528085231781,-0.006501937500559052,-0.08016026020050049,-0.2875465154647827,-0.04399079525040861,-0.06518787145614624,-0.2430538833141327,-0.06503140994476553,-0.05602997541427612,-0.18882513046264648,-0.07091284611391302,-0.02909630537033081,-0.20174071192741394,-0.007704609754853209,-0.020729541778564453,-0.23966655135154724,-0.05085609176325079,-0.016395092010498047,-0.15911167860031128,-0.061317474331133326,-0.021252453327178955,-0.0999956727027893,-0.05594176122116323,0.010549783706665039,-0.19251900911331177,-0.01521538079845186,0.018318891525268555,-0.20533853769302368,-0.0549035153644013,0.012032389640808105,-0.12368753552436829,-0.049827900465004404,0.0006728768348693848,-0.07232397794723511,-0.0340096286790299,0.047850728034973145,-0.17764514684677124,-0.024846981029384096,0.051385343074798584,-0.17978444695472717,-0.04795740240382429,0.041429340839385986,-0.11969032883644104,-0.04144452207850691,0.030800342559814453,-0.08628624677658081,-0.028402589942686518
T with wrist,0.0,0.0,0.0,-0.051665306091308594,-0.04549264907836914,-0.022050511611666934,-0.07290482521057129,-0.14219892024993896,-0.03174729510959651,-0.05760025978088379,-0.22505024075508118,-0.042646797893610255,-0.04515200853347778,-0.28630220890045166,-0.04882243886407878,-0.07228457927703857,-0.20001837611198425,-0.006830455789383905,-0.08104532957077026,-0.28771331906318665,-0.045131294576492564,-0.06532859802246094,-0.24319928884506226,-0.06664218991812731,-0.05608987808227539,-0.18861693143844604,-0.07252916931923892,-0.029653728008270264,-0.20142966508865356,-0.0078492616843846,-0.021501660346984863,-0.24103623628616333,-0.05151321232136752,-0.017012834548950195,-0.15999561548233032,-0.06202253937539126,-0.021855592727661133,-0.10021662712097168,-0.056387922314968364,0.01009511947631836,-0.1923517882823944,-0.01527261413451697,0.017032742500305176,-0.20622789859771729,-0.05563076078709628,0.010868847370147705,-0.12406212091445923,-0.05065208166655566,2.3365020751953125e-05,-0.07196784019470215,-0.03449693932947184,0.04751235246658325,-0.17753314971923828,-0.02481025695618655,0.04956108331680298,-0.1806919276714325,-0.04845622792657878,0.040364086627960205,-0.12079304456710815,-0.04194884985503222,0.030864477157592773,-0.08706313371658325,-0.028598325846758144
T with wrist,0.0,0.0,0.0,-0.05208820104598999,-0.04523509740829468,-0.021319583948354648,-0.07347506284713745,-0.14382559061050415,-0.030429937835435794,-0.05860096216201782,-0.22703653573989868,-0.04076672806928627,-0.04718589782714844,-0.28854596614837646,-0.04640286504815094,-0.07238435745239258,-0.19947847723960876,-0.00695506991411321,-0.08049136400222778,-0.28788498044013977,-0.044032805557947086,-0.0658600926399231,-0.24314439296722412,-0.06438301592658036,-0.05759555101394653,-0.18885254859924316,-0.06969761192391388,-0.02955341339111328,-0.19936469197273254,-0.008281200151543544,-0.020870745182037354,-0.24081513285636902,-0.05102754473278992,-0.016143977642059326,-0.16057971119880676,-0.06099926769326203,-0.02094954252243042,-0.10154968500137329,-0.05520929857681267,0.010334193706512451,-0.18958130478858948,-0.01579981945047848,0.017695963382720947,-0.20549693703651428,-0.055250854190092014,0.01209723949432373,-0.12413150072097778,-0.04988383590767853,0.0008387565612792969,-0.07300645112991333,-0.03379523470590584,0.04741305112838745,-0.17489662766456604,-0.025328357662658618,0.05058002471923828,-0.18127253651618958,-0.04798682868073456,0.04131793975830078,-0.12144747376441956,-0.04069937854598038,0.03110867738723755,-0.0876694917678833,-0.027135931845407413
T with wrist,0.0,0.0,0.0,-0.051538288593292236,-0.04600334167480469,-0.021226854296116926,-0.07306647300720215,-0.14315080642700195,-0.030429658712535,-0.05822867155075073,-0.22644436359405518,-0.041077091591148474,-0.046951889991760254,-0.2888451814651489,-0.04697997798183451,-0.07292395830154419,-0.1996377408504486,-0.004244761308370926,-0.08109927177429199,-0.28768205642700195,-0.041618219809322454,-0.06656169891357422,-0.2430098056793213,-0.06253479723790178,-0.05789446830749512,-0.1886698603630066,-0.06808696989872942,-0.029780209064483643,-0.1994524896144867,-0.005745710106282331,-0.022573888301849365,-0.2421647310256958,-0.048494699643640615,-0.018124818801879883,-0.16161012649536133,-0.05892484192708025,-0.022286593914031982,-0.1028001606464386,-0.05327889625885973,0.01033109426498413,-0.18941593170166016,-0.013643289217441179,0.014875829219818115,-0.20804840326309204,-0.053245998220234014,0.00958174467086792,-0.12641429901123047,-0.047695721732168295,-6.80088996887207e-05,-0.07574301958084106,-0.031213321955590345,0.047852516174316406,-0.17445912957191467,-0.02353150513926039,0.04717797040939331,-0.18438681960105896,-0.045851174043207266,0.03876441717147827,-0.1253851056098938,-0.03787646000245104,0.030862808227539062,-0.09246909618377686,-0.023707446874766447
T with wrist,0.0,0.0,0.0,-0.05050176382064819,-0.04721379280090332,-0.02116721100128416,-0.07118630409240723,-0.14438313245773315,-0.030054855858452356,-0.05712473392486572,-0.22785159945487976,-0.040342191000945604,-0.046391189098358154,-0.29038676619529724,-0.045842597027785814,-0.07204407453536987,-0.20114979147911072,-0.0042519716075730685,-0.07992738485336304,-0.2871759831905365,-0.04151589958883051,-0.06476163864135742,-0.2408367097377777,-0.06223052530503992,-0.05605590343475342,-0.18737176060676575,-0.06776409014082674,-0.028857290744781494,-0.2003033459186554,-0.005599009571142233,-0.02149146795272827,-0.23999473452568054,-0.047987786819703615,-0.017035961151123047,-0.15959486365318298,-0.05821857019282106,-0.021760880947113037,-0.10285875201225281,-0.05279405577994112,0.01147681474685669,-0.18963032960891724,-0.013344798003799951,0.016600430011749268,-0.20624110102653503,-0.05263650207734827,0.010551393032073975,-0.12555250525474548,-0.047223636647231615,-0.00034052133560180664,-0.076651930809021,-0.03119646734512571,0.049024105072021484,-0.17374876141548157,-0.023096605902082956,0.0497092604637146,-0.18239399790763855,-0.04536713450170282,0.0401119589805603,-0.12361198663711548,-0.03775537922001604,0.030408263206481934,-0.09098207950592041,-0.024049261351592577
T with wrist,0.0,0.0,0.0,-0.05168557167053223,-0.04606097936630249,-0.021508558263633404,-0.07265502214431763,-0.14296042919158936,-0.030862998759005222,-0.05742669105529785,-0.22693821787834167,-0.04151182489619032,-0.046279191970825195,-0.2897445261478424,-0.047447020729634914,-0.07340604066848755,-0.19950562715530396,-0.006033469998840246,-0.08137959241867065,-0.28724777698516846,-0.0436464013360478,-0.06553548574447632,-0.24080684781074524,-0.06442920731529966,-0.056820034980773926,-0.18594008684158325,-0.06981161849722639,-0.03042161464691162,-0.19963809847831726,-0.007208779530230913,-0.022279322147369385,-0.24118080735206604,-0.05009539293274656,-0.01731330156326294,-0.16010603308677673,-0.06038827316984907,-0.0220223069190979,-0.10114771127700806,-0.05475001650080458,0.009628236293792725,-0.18982791900634766,-0.014664846082780514,0.016495585441589355,-0.20694449543952942,-0.05439914630875364,0.010782241821289062,-0.12501046061515808,-0.04899889098629728,-3.635883331298828e-06,-0.0738452672958374,-0.03267058598027006,0.04695707559585571,-0.17468956112861633,-0.024122343008968983,0.04885721206665039,-0.18344002962112427,-0.046823664178702984,0.04006832838058472,-0.12393853068351746,-0.03926197307333723,0.03091907501220703,-0.09012550115585327,-0.025350234081599865
T with wrist,0.0,0.0,0.0,-0.051513075828552246,-0.046092987060546875,-0.021131480216013188,-0.07234847545623779,-0.14259129762649536,-0.030217604814993138,-0.05745053291320801,-0.22599294781684875,-0.04072998474441647,-0.047025322914123535,-0.2879447937011719,-0.046569101615773434,-0.07253533601760864,-0.19836553931236267,-0.004946859191136355,-0.08067703247070312,-0.28679847717285156,-0.04222387458287358,-0.06679069995880127,-0.24203795194625854,-0.063203934683429,-0.059168875217437744,-0.18749374151229858,-0.06890193010769963,-0.02949446439743042,-0.1977718472480774,-0.00632852931596517,-0.021719753742218018,-0.23849868774414062,-0.0491067432900536,-0.017254948616027832,-0.15801087021827698,-0.05994857858024716,-0.021730899810791016,-0.09992820024490356,-0.05487575392328381,0.0109214186668396,-0.18735098838806152,-0.013939471087383026,0.01666337251663208,-0.20532551407814026,-0.05323838825427174,0.010439157485961914,-0.12469470500946045,-0.04815791930161595,-0.0006440281867980957,-0.07456421852111816,-0.032377556069718594,0.04843950271606445,-0.1720932126045227,-0.02352548400961041,0.04922223091125488,-0.18147221207618713,-0.04586087922655224,0.03977310657501221,-0.12301278114318848,-0.038221936776267285,0.030341148376464844,-0.09009671211242676,-0.024460377274976963
T with wrist,0.0,0.0,0.0,-0.052165210247039795,-0.047407448291778564,-0.02112823069433034,-0.07269734144210815,-0.14391523599624634,-0.030392517301834232,-0.0577014684677124,-0.22727859020233154,-0.041123918223775036,-0.04707854986190796,-0.2889949381351471,-0.047174802947438366,-0.07231998443603516,-0.19907385110855103,-0.004953673541194803,-0.08073282241821289,-0.28822532296180725,-0.04287193246523202,-0.06543582677841187,-0.2437051236629486,-0.06458422817627252,-0.05732083320617676,-0.18887290358543396,-0.07061011620203317,-0.029165923595428467,-0.1983468234539032,-0.006399761385864622,-0.02015519142150879,-0.2396996021270752,-0.05030756347218812,-0.015305757522583008,-0.15895336866378784,-0.06183954604307473,-0.020712852478027344,-0.09961870312690735,-0.056941813755429393,0.011037647724151611,-0.1877642571926117,-0.014050463180637962,0.018732666969299316,-0.20602402091026306,-0.054572022486127025,0.012471437454223633,-0.12417367100715637,-0.049796844798720485,0.0001805424690246582,-0.07177293300628662,-0.033778752166426784,0.04776501655578613,-0.17237788438796997,-0.02364683054724992,0.051067471504211426,-0.1813323199748993,-0.047048590112126476,0.04154765605926514,-0.12161678075790405,-0.039596441167986995,0.03092116117477417,-0.08658820390701294,-0.025590647909439213
T with wrist,0.0,0.0,0.0,-0.05224275588989258,-0.046442270278930664,-0.020258395588825806,-0.07288318872451782,-0.14212828874588013,-0.029659409663508995,-0.0575716495513916,-0.22509491443634033,-0.040721158153246506,-0.046712279319763184,-0.28637006878852844,-0.04717937729401456,-0.07177287340164185,-0.19827976822853088,-0.00574115489689575,-0.07952302694320679,-0.286899596452713,-0.04346963635725842,-0.06470435857772827,-0.24194583296775818,-0.06482949352903233,-0.056517839431762695,-0.18745645880699158,-0.0707369024221407,-0.02898228168487549,-0.1968802809715271,-0.007934505707453354,-0.019108116626739502,-0.23839622735977173,-0.051455816841553315,-0.01503819227218628,-0.15754041075706482,-0.06242980307979451,-0.020842432975769043,-0.09819620847702026,-0.05733571819109784,0.01127845048904419,-0.1862097680568695,-0.01619344263417588,0.018601536750793457,-0.20462876558303833,-0.05607735238118039,0.012293457984924316,-0.1237536072731018,-0.05077770969910489,0.0005151629447937012,-0.07260262966156006,-0.03469731903715001,0.04864305257797241,-0.17089414596557617,-0.026336311018894776,0.05068725347518921,-0.18185549974441528,-0.0489149006371008,0.04166680574417114,-0.12304490804672241,-0.040884407824705704,0.03205668926239014,-0.08881008625030518,-0.02675022988660203
T with wrist,0.0,0.0,0.0,-0.0515560507774353,-0.045783936977386475,-0.0216619038042154,-0.07208055257797241,-0.142257422208786,-0.030995547866496054,-0.05689263343811035,-0.22598007321357727,-0.04159744093385598,-0.04645723104476929,-0.2878603935241699,-0.047463145202073065,-0.07156205177307129,-0.19877460598945618,-0.006244970580610243,-0.07902520895004272,-0.2873010039329529,-0.04392668614354989,-0.06467944383621216,-0.2417229413986206,-0.0649924987014856,-0.05700087547302246,-0.18654084205627441,-0.07064102227059266,-0.028716564178466797,-0.19874462485313416,-0.007268458699854818,-0.019749999046325684,-0.2375885248184204,-0.050722546970519033,-0.015292108058929443,-0.15674057602882385,-0.06167512769070527,-0.02025395631790161,-0.09784376621246338,-0.056498743688734976,0.011351346969604492,-0.1890110969543457,-0.014532884677919355,0.018725931644439697,-0.20322668552398682,-0.054370850419672934,0.012045741081237793,-0.12261912226676941,-0.04967568824258706,6.318092346191406e-05,-0.07176816463470459,-0.03398631150093934,0.04833424091339111,-0.17434310913085938,-0.023824162876280752,0.05099612474441528,-0.18003913760185242,-0.04669353002873322,0.04125964641571045,-0.12083429098129272,-0.03961660349932572,0.03097015619277954,-0.0869438648223877,-0.02605567882028481
T with wrist,0.0,0.0,0.0,-0.05144298076629639,-0.045748889446258545,-0.02099640401183933,-0.07163780927658081,-0.14379870891571045,-0.03009408073603481,-0.056127190589904785,-0.22794827818870544,-0.04054450722514957,-0.04619884490966797,-0.2902846932411194,-0.04624471919714779,-0.07131236791610718,-0.19941553473472595,-0.0066984362351831805,-0.0784912109375,-0.2880953550338745,-0.04416100042044491,-0.06393778324127197,-0.24210897088050842,-0.06488254400073856,-0.05597555637359619,-0.18701574206352234,-0.07036451729118198,-0.02836918830871582,-0.19895172119140625,-0.008222822231346072,-0.01873457431793213,-0.23890262842178345,-0.051443659831875266,-0.014242172241210938,-0.15794184803962708,-0.06187134342371792,-0.01920795440673828,-0.0988745391368866,-0.05640936749159664,0.011829555034637451,-0.18905818462371826,-0.015898886268132628,0.01889854669570923,-0.20494559407234192,-0.055401885082119406,0.012651920318603516,-0.12381565570831299,-0.05004733162104458,0.0011579394340515137,-0.07289427518844604,-0.034039803912037314,0.04923921823501587,-0.17429950833320618,-0.025565291886323394,0.05149942636489868,-0.18142268061637878,-0.048146282454126776,0.04177367687225342,-0.12205412983894348,-0.04069446506082386,0.03164792060852051,-0.08840715885162354,-0.02699931072174877
T with wrist,0.0,0.0,0.0,-0.0511474609375,-0.0456882119178772,-0.021207044451159618,-0.07136356830596924,-0.14283111691474915,-0.030543229161423824,-0.05595284700393677,-0.226332426071167,-0.041339397980493686,-0.044900715351104736,-0.28861361742019653,-0.04741022418312468,-0.07157683372497559,-0.200199693441391,-0.005269227633846185,-0.07887411117553711,-0.2876904606819153,-0.04359287451080718,-0.06474775075912476,-0.24118182063102722,-0.06492007206253447,-0.0564231276512146,-0.1867830753326416,-0.07060665319733062,-0.028346598148345947,-0.19953495264053345,-0.007006838070822141,-0.020124971866607666,-0.24062982201576233,-0.051006548656744144,-0.01627117395401001,-0.1588660478591919,-0.06166031639151015,-0.02052861452102661,-0.10028097033500671,-0.05596110652260222,0.012029588222503662,-0.18935629725456238,-0.01512179858110585,0.017783820629119873,-0.2065238058567047,-0.05572583953909316,0.011275053024291992,-0.1238495409488678,-0.05016563515238204,0.0007955431938171387,-0.07338041067123413,-0.03349625374249854,0.049807846546173096,-0.17436033487319946,-0.02522434349231162,0.05015915632247925,-0.1825830638408661,-0.04811138714723029,0.04061102867126465,-0.12227389216423035,-0.04024845416716971,0.03165912628173828,-0.08921694755554199,-0.026065273760480068
T with wrist,0.0,0.0,0.0,-0.050305068492889404,-0.046353042125701904,-0.020842973092612738,-0.0705835223197937,-0.1434079110622406,-0.029985023612198347,-0.055487871170043945,-0.2266950011253357,-0.040705030733761305,-0.044437944889068604,-0.2894454300403595,-0.046611489677843565,-0.07156556844711304,-0.20034843683242798,-0.003855007883203143,-0.07865464687347412,-0.28857719898223877,-0.04216390656870317,-0.0643349289894104,-0.24373722076416016,-0.06365146669190835,-0.05616867542266846,-0.1893373429775238,-0.06937248441022348,-0.02809208631515503,-0.19934314489364624,-0.005782847242471689,-0.01932358741760254,-0.24108994007110596,-0.0493330377582879,-0.015655338764190674,-0.1602085828781128,-0.05995665299337816,-0.020725667476654053,-0.10244345664978027,-0.054297247851309294,0.012480676174163818,-0.18860891461372375,-0.014203354666051382,0.018236160278320312,-0.20607155561447144,-0.054234052026686186,0.011555969715118408,-0.1244925856590271,-0.04858039873283815,0.00034308433532714844,-0.07559633255004883,-0.03200350510519456,0.050431907176971436,-0.17280226945877075,-0.024633826637682432,0.051600754261016846,-0.1812773048877716,-0.04671736242812585,0.04152947664260864,-0.12270045280456543,-0.038587955707725996,0.03147703409194946,-0.09153449535369873,-0.024398343587336058
T with wrist,0.0,0.0,0.0,-0.05058366060256958,-0.04520738124847412,-0.02168622442815149,-0.07085174322128296,-0.14169585704803467,-0.03138168544802511,-0.0554543137550354,-0.2257683277130127,-0.04248059557113493,-0.04422581195831299,-0.2885740101337433,-0.04881640167269552,-0.07256639003753662,-0.19861072301864624,-0.005575404663716199,-0.07936626672744751,-0.2882689833641052,-0.044287122947309854,-0.06469875574111938,-0.2433563470840454,-0.06603067011866415,-0.05641663074493408,-0.18864211440086365,-0.0719487705949291,-0.02943187952041626,-0.19786766171455383,-0.007196731561009528,-0.01989734172821045,-0.24181759357452393,-0.05134564654264295,-0.015649795532226562,-0.16063779592514038,-0.06213330121073568,-0.02063453197479248,-0.10199689865112305,-0.05660972387823904,0.010990381240844727,-0.18741074204444885,-0.015247103919421079,0.018283963203430176,-0.20775362849235535,-0.056217581194971444,0.012144923210144043,-0.12492159008979797,-0.05035824344787443,0.001010596752166748,-0.07409465312957764,-0.033465340894792917,0.04873180389404297,-0.17206674814224243,-0.025314854619239213,0.05064338445663452,-0.18290850520133972,-0.048535600465868356,0.04153001308441162,-0.1230212152004242,-0.040341511530016305,0.03221762180328369,-0.0901557207107544,-0.02590924890074575
T with wrist,0.0,0.0,0.0,-0.05185598134994507,-0.045562028884887695,-0.020718639878737122,-0.0721089243888855,-0.14180558919906616,-0.03006096759270349,-0.056628525257110596,-0.22552573680877686,-0.04100394078920999,-0.04591190814971924,-0.28769582509994507,-0.04732806438039461,-0.07267045974731445,-0.19768911600112915,-0.005071595007734686,-0.07959258556365967,-0.28698137402534485,-0.04286020824144998,-0.06509941816329956,-0.24301502108573914,-0.06438236886094728,-0.05723482370376587,-0.18831729888916016,-0.07043888622354189,-0.029416978359222412,-0.19626399874687195,-0.0072011879404954016,-0.019635796546936035,-0.23892033100128174,-0.05077622660826364,-0.015376031398773193,-0.1587458848953247,-0.06190889531205812,-0.020699799060821533,-0.09966424107551575,-0.05694937908481279,0.011126220226287842,-0.18541178107261658,-0.015539270056592613,0.01845371723175049,-0.20562902092933655,-0.055770034132706314,0.012430131435394287,-0.12428861856460571,-0.0502342713756434,0.0009673833847045898,-0.07333558797836304,-0.03396447950433412,0.048706233501434326,-0.1699817180633545,-0.02581699208747068,0.050916969776153564,-0.18159016966819763,-0.04879274049233118,0.04203075170516968,-0.12265324592590332,-0.04063589700888315,0.03255409002304077,-0.08923321962356567,-0.026405288068758637
T with wrist,0.0,0.0,0.0,-0.05244457721710205,-0.04627794027328491,-0.021014393576422208,-0.07249206304550171,-0.14291352033615112,-0.030211326935329907,-0.05654168128967285,-0.2269810438156128,-0.040943683394232266,-0.04685401916503906,-0.28908824920654297,-0.046968364425936215,-0.07322627305984497,-0.19885694980621338,-0.004725306098350757,-0.07976168394088745,-0.2877253293991089,-0.04250068337563562,-0.06444340944290161,-0.24293500185012817,-0.06428992123250055,-0.05670815706253052,-0.18768355250358582,-0.07047844798211145,-0.03021925687789917,-0.19698402285575867,-0.006574537874200814,-0.01929837465286255,-0.23912769556045532,-0.05055055887345361,-0.014808058738708496,-0.1585465967655182,-0.06210501984600114,-0.02102506160736084,-0.0986027717590332,-0.05730735258106279,0.010082483291625977,-0.18586179614067078,-0.014671064251103871,0.018797636032104492,-0.20622360706329346,-0.055010450341740125,0.012676537036895752,-0.1251143217086792,-0.04983865217212724,0.00011748075485229492,-0.07317191362380981,-0.033749533155003064,0.04727494716644287,-0.1703270971775055,-0.02476630666200208,0.05147606134414673,-0.1818264126777649,-0.048005597003736966,0.04239469766616821,-0.12309601902961731,-0.040222839721479886,0.03175121545791626,-0.08896178007125854,-0.026140774869361394
T with wrist,0.0,0.0,0.0,-0.05292391777038574,-0.046027421951293945,-0.02050728999961393,-0.0729604959487915,-0.14369621872901917,-0.02919172399629133,-0.05578333139419556,-0.22773513197898865,-0.03953929522026556,-0.04517632722854614,-0.28956156969070435,-0.04512354263056295,-0.07318097352981567,-0.19972434639930725,-0.0036083210441120173,-0.07941913604736328,-0.289016991853714,-0.04095573999870794,-0.0648801326751709,-0.24306732416152954,-0.06223039233077543,-0.05740457773208618,-0.18763285875320435,-0.06814376913894193,-0.029680073261260986,-0.1986100673675537,-0.005640816846380403,-0.019524455070495605,-0.24018245935440063,-0.04903422945130842,-0.015631556510925293,-0.15864866971969604,-0.06021405287970083,-0.02173691987991333,-0.09929975867271423,-0.05519190707195776,0.010965585708618164,-0.1879834532737732,-0.01396210861344116,0.01789867877960205,-0.20747917890548706,-0.053556195431838205,0.011610567569732666,-0.1254606544971466,-0.04796454586971777,-0.00032198429107666016,-0.07449209690093994,-0.031752764218936136,0.04859912395477295,-0.17287522554397583,-0.024288165354619196,0.05103665590286255,-0.1838359832763672,-0.046525987768063715,0.041986048221588135,-0.12521705031394958,-0.03830481224645155,0.03234529495239258,-0.09270596504211426,-0.02411226645995157
T with wrist,0.0,0.0,0.0,-0.05326336622238159,-0.046706438064575195,-0.02055437617696043,-0.07343226671218872,-0.14373621344566345,-0.029486188075907194,-0.05640614032745361,-0.22778847813606262,-0.04015295893645998,-0.04627382755279541,-0.28953081369400024,-0.046063433743483984,-0.07282447814941406,-0.1999184489250183,-0.003684774849034511,-0.07979750633239746,-0.28925424814224243,-0.04144637600279566,-0.06480377912521362,-0.2441815733909607,-0.06316523567534205,-0.0569838285446167,-0.1893504559993744,-0.06934555933571573,-0.029872238636016846,-0.19889992475509644,-0.005759605548746549,-0.018922269344329834,-0.24025383591651917,-0.04960401297307726,-0.014922738075256348,-0.1586996614933014,-0.061092297888762914,-0.02139115333557129,-0.09929406642913818,-0.05628695280051943,0.01041722297668457,-0.18845203518867493,-0.014140225357778036,0.018755078315734863,-0.2080134153366089,-0.05404511407709833,0.01218259334564209,-0.12603893876075745,-0.04851543471909281,-0.00033789873123168945,-0.07466775178909302,-0.03230560884571787,0.04773944616317749,-0.17323535680770874,-0.02457153738237139,0.05151849985122681,-0.18431681394577026,-0.047061256475217306,0.04217720031738281,-0.1257292926311493,-0.03900401980376955,0.03189569711685181,-0.09282806515693665,-0.02488327339983698
T with wrist,0.0,0.0,0.0,-0.053157150745391846,-0.046653687953948975,-0.02059590144165213,-0.07321488857269287,-0.14362308382987976,-0.02960646225221808,-0.056319594383239746,-0.22771218419075012,-0.04035175105639155,-0.04650712013244629,-0.28941768407821655,-0.046314052102047754,-0.07237249612808228,-0.20015305280685425,-0.004147440922338319,-0.07918047904968262,-0.2895892858505249,-0.04215785374947245,-0.06436914205551147,-0.24388307332992554,-0.06398641949601824,-0.0567970871925354,-0.18868976831436157,-0.07021878546186144,-0.029376208782196045,-0.19900402426719666,-0.006245116964805675,-0.01853024959564209,-0.24022409319877625,-0.050304273870665384,-0.01440894603729248,-0.15833532810211182,-0.061799275484759164,-0.020786941051483154,-0.09910380840301514,-0.05701740345068629,0.010957181453704834,-0.18836665153503418,-0.014635176193792176,0.019247710704803467,-0.20778116583824158,-0.054543717560250116,0.01264280080795288,-0.1257164478302002,-0.048824286815602136,-2.205371856689453e-06,-0.07459843158721924,-0.03254608696408923,0.04832923412322998,-0.1729658544063568,-0.025091756862479997,0.0521889328956604,-0.18425291776657104,-0.047357021626908136,0.04270315170288086,-0.12581554055213928,-0.03908276816912348,0.03217881917953491,-0.09331965446472168,-0.024896138143617463
T with wrist,0.0,0.0,0.0,-0.053426384925842285,-0.047952890396118164,-0.020976882233128435,-0.07382899522781372,-0.14484983682632446,-0.0295147428203677,-0.05759727954864502,-0.22923383116722107,-0.03967242482195843,-0.047145068645477295,-0.2910580039024353,-0.04494965988288868,-0.07277816534042358,-0.20166945457458496,-0.003095309753746278,-0.07933872938156128,-0.2903026342391968,-0.04068738388906468,-0.06338077783584595,-0.2430260181427002,-0.062131410269842036,-0.05537116527557373,-0.18795406818389893,-0.06815566661845196,-0.02923119068145752,-0.20094069838523865,-0.004525186764851696,-0.01887953281402588,-0.24070632457733154,-0.047930856971845515,-0.01439976692199707,-0.15811321139335632,-0.05916676837097157,-0.020620226860046387,-0.10025101900100708,-0.05433854254971493,0.011043787002563477,-0.19014066457748413,-0.01235385126511801,0.01974421739578247,-0.20806875824928284,-0.05216283517967213,0.012600243091583252,-0.1266046166419983,-0.04684977400194157,-0.00020396709442138672,-0.07658892869949341,-0.030864644600853808,0.04832667112350464,-0.1743963658809662,-0.02223473209033955,0.052535057067871094,-0.18429791927337646,-0.044581213771209605,0.04252499341964722,-0.12600070238113403,-0.0367587970484351,0.03149688243865967,-0.09360179305076599,-0.02286877091120232
T with wrist,0.0,0.0,0.0,-0.05240976810455322,-0.04579269886016846,-0.022246754087746012,-0.07318925857543945,-0.1442943811416626,-0.03138793102675663,-0.05660170316696167,-0.2291155755519867,-0.04192545480304943,-0.04495573043823242,-0.29151204228401184,-0.047512179531395304,-0.0732390284538269,-0.20210257172584534,-0.004399237048119176,-0.07906889915466309,-0.2910930812358856,-0.043072836764395106,-0.06313705444335938,-0.2430126667022705,-0.06509376905137287,-0.054899394512176514,-0.18720009922981262,-0.07134478382045017,-0.02967393398284912,-0.20301887392997742,-0.0053391398976145865,-0.018019497394561768,-0.24113869667053223,-0.049724897660553324,-0.014445304870605469,-0.15724527835845947,-0.06120449892455326,-0.02104651927947998,-0.09899663925170898,-0.056252433277904856,0.010791003704071045,-0.19359496235847473,-0.012890391342580187,0.019967734813690186,-0.20801690220832825,-0.053417353250324595,0.011711657047271729,-0.12522032856941223,-0.04843927762681233,-0.0017136931419372559,-0.07578980922698975,-0.032510126300394404,0.048211753368377686,-0.17885223031044006,-0.022598395414888728,0.052340567111968994,-0.1845901608467102,-0.045356737740576136,0.04192537069320679,-0.12513041496276855,-0.03797596163326489,0.030750572681427002,-0.09382933378219604,-0.024265287734806407
T with wrist,0.0,0.0,0.0,-0.05279707908630371,-0.04845327138900757,-0.022078770496477773,-0.07401430606842041,-0.14709565043449402,-0.031588428937425306,-0.057370901107788086,-0.2312690019607544,-0.0424725611736676,-0.04397726058959961,-0.29419466853141785,-0.048427810244788816,-0.07184392213821411,-0.20672035217285156,-0.005672459774245908,-0.0790969729423523,-0.29244184494018555,-0.04418724151753395,-0.06416994333267212,-0.2446483075618744,-0.06597258272074669,-0.05614364147186279,-0.1884293556213379,-0.07215456041001289,-0.028643012046813965,-0.20869117975234985,-0.006478122253497531,-0.017874419689178467,-0.24048089981079102,-0.05034425976180046,-0.014673829078674316,-0.1578632891178131,-0.06200694414280861,-0.02140110731124878,-0.10023471713066101,-0.057649155431022336,0.011702239513397217,-0.20018917322158813,-0.01375284446828573,0.02133619785308838,-0.20791134238243103,-0.053286695205201795,0.012509703636169434,-0.12681326270103455,-0.04895733045839279,-0.0017176270484924316,-0.07840919494628906,-0.034009808026780775,0.048902034759521484,-0.18526965379714966,-0.023219366841544797,0.05458080768585205,-0.18637588620185852,-0.04494118439458816,0.04319185018539429,-0.1278305947780609,-0.03820802020334213,0.030736565589904785,-0.09776794910430908,-0.025345749505390813
T with wrist,0.0,0.0,0.0,-0.05331939458847046,-0.05005162954330444,-0.021662773407740588,-0.07487505674362183,-0.1470424234867096,-0.031750121928496355,-0.057682931423187256,-0.23068708181381226,-0.043307324714703554,-0.04247516393661499,-0.29361870884895325,-0.050096006907267565,-0.07131785154342651,-0.20609915256500244,-0.006473209552211756,-0.0808793306350708,-0.29215171933174133,-0.045565767056984896,-0.06735950708389282,-0.247210294008255,-0.06751457772378444,-0.05913656949996948,-0.191086083650589,-0.07350590995673656,-0.02829986810684204,-0.20820027589797974,-0.007507775753481383,-0.019876182079315186,-0.2415349781513214,-0.05200993067745685,-0.0158231258392334,-0.15917596220970154,-0.06313209406260967,-0.02084451913833618,-0.09951195120811462,-0.058000789798541064,0.012169897556304932,-0.20000633597373962,-0.014930752880616183,0.020657837390899658,-0.20850160717964172,-0.055538771517319674,0.012898027896881104,-0.12578338384628296,-0.05075725338582515,0.00023567676544189453,-0.07391923666000366,-0.034820144839329714,0.04972749948501587,-0.1854061782360077,-0.02446629277591228,0.05361241102218628,-0.1858956515789032,-0.04729700259093761,0.042701780796051025,-0.12622550129890442,-0.04066568411116123,0.031569838523864746,-0.09365999698638916,-0.027330864064140314
T with wrist,0.0,0.0,0.0,-0.052795350551605225,-0.047659993171691895,-0.022502651232400694,-0.0740010142326355,-0.14470496773719788,-0.033036811071553984,-0.057217955589294434,-0.22928661108016968,-0.044832898098150054,-0.04420018196105957,-0.2931469678878784,-0.05177081169478015,-0.07083690166473389,-0.20827794075012207,-0.008857758510032454,-0.07899713516235352,-0.29263752698898315,-0.048687988686481276,-0.06502223014831543,-0.2443189024925232,-0.07098961414686755,-0.057554781436920166,-0.1878560185432434,-0.07740317823282794,-0.028765201568603516,-0.211427241563797,-0.00978090034715251,-0.017207562923431396,-0.23982775211334229,-0.05524440647951678,-0.013620913028717041,-0.1557837724685669,-0.066970860379854,-0.01982945203781128,-0.09627658128738403,-0.0625104585467966,0.011274993419647217,-0.20386600494384766,-0.017043830621162215,0.02323395013809204,-0.2083028256893158,-0.05849426777950839,0.014486253261566162,-0.1244344413280487,-0.05404479967347697,0.0005526542663574219,-0.07250708341598511,-0.038568896967092314,0.048704326152801514,-0.18937456607818604,-0.026546012404480734,0.05585533380508423,-0.18663007020950317,-0.05101441385141925,0.044924259185791016,-0.12479326128959656,-0.045347163247981825,0.0329664945602417,-0.09149616956710815,-0.03265857117168025
T with wrist,0.0,0.0,0.0,-0.05387037992477417,-0.050150394439697266,-0.022421777568581547,-0.07516056299209595,-0.14661473035812378,-0.033447709254744495,-0.058641791343688965,-0.23202818632125854,-0.04580847205949112,-0.04373079538345337,-0.2969767153263092,-0.053462665848257984,-0.07026660442352295,-0.2090432345867157,-0.008588319033208336,-0.08114242553710938,-0.29255425930023193,-0.04892576145363137,-0.06738162040710449,-0.2469116449356079,-0.07185201378894135,-0.05935633182525635,-0.19009217619895935,-0.07843022825551316,-0.02794468402862549,-0.21140554547309875,-0.009450009412887539,-0.01926279067993164,-0.2401610016822815,-0.05511559578013703,-0.015167772769927979,-0.15704578161239624,-0.06690309973788544,-0.020718157291412354,-0.09647160768508911,-0.06242568450403496,0.012332499027252197,-0.2034449279308319,-0.016723957232954945,0.022143006324768066,-0.2094101905822754,-0.05832295524311348,0.013966560363769531,-0.12664452195167542,-0.05371429430675789,0.0007593631744384766,-0.07367748022079468,-0.03791816564631745,0.04976743459701538,-0.1887170970439911,-0.026194503851058926,0.055231690406799316,-0.1897876262664795,-0.05025389822554871,0.04453009366989136,-0.1297072172164917,-0.044115539960387196,0.03337675333023071,-0.09594857692718506,-0.030988520331504787
T with wrist,0.0,0.0,0.0,-0.05466115474700928,-0.04826587438583374,-0.0224873673807906,-0.07673585414886475,-0.14729490876197815,-0.033039175782732855,-0.06066852807998657,-0.23495298624038696,-0.04477084508948792,-0.046130239963531494,-0.30068764090538025,-0.0516758643727826,-0.07175731658935547,-0.20813441276550293,-0.009925274055831323,-0.08278435468673706,-0.29258692264556885,-0.04984657919817437,-0.06897270679473877,-0.2457238733768463,-0.07172892323546876,-0.06077909469604492,-0.18911519646644592,-0.07771310291104783,-0.030189216136932373,-0.21184319257736206,-0.010631611448161493,-0.020463109016418457,-0.23874497413635254,-0.055912387434773336,-0.01578575372695923,-0.15532156825065613,-0.0669375442605542,-0.021007835865020752,-0.09614473581314087,-0.06215458071642388,0.009881973266601562,-0.20491176843643188,-0.0176986538510846,0.021303951740264893,-0.20977777242660522,-0.05914954176955689,0.013451457023620605,-0.12568309903144836,-0.0542003371458577,0.000398099422454834,-0.07334661483764648,-0.038360764149956594,0.047709643840789795,-0.19093438982963562,-0.026962381665043722,0.05401420593261719,-0.18964627385139465,-0.051218447152905355,0.04302573204040527,-0.12815698981285095,-0.04547829261832703,0.03164392709732056,-0.09499496221542358,-0.03273769176416863
T with wrist,0.0,0.0,0.0,-0.054691433906555176,-0.046718597412109375,-0.022598051441434563,-0.077389657497406,-0.14524945616722107,-0.033437046197775544,-0.06098276376724243,-0.23224768042564392,-0.045562430260304154,-0.045726776123046875,-0.2976744771003723,-0.05288781502616757,-0.072207510471344,-0.20847094058990479,-0.00977893450630063,-0.08315223455429077,-0.292470246553421,-0.05023322158825749,-0.06902730464935303,-0.24372845888137817,-0.07262116202485913,-0.0603519082069397,-0.1864590346813202,-0.07885756620538587,-0.030113399028778076,-0.21271350979804993,-0.010716130001071633,-0.020401358604431152,-0.23885688185691833,-0.05635034942400807,-0.016250431537628174,-0.15446516871452332,-0.06761231550348157,-0.02105891704559326,-0.09499084949493408,-0.06280686983240003,0.01030963659286499,-0.20566824078559875,-0.01809717619192952,0.021694421768188477,-0.2089952528476715,-0.059756929961565675,0.013033509254455566,-0.12405076622962952,-0.05483343356621617,0.00011157989501953125,-0.07187330722808838,-0.038889299122217835,0.04842859506607056,-0.19171380996704102,-0.027682716933611573,0.05418354272842407,-0.1898888647556305,-0.05159810834896916,0.04318106174468994,-0.1280408501625061,-0.04533406623971814,0.032440900802612305,-0.09509789943695068,-0.0321929594255721
T with wrist,0.0,0.0,0.0,-0.05537736415863037,-0.04653400182723999,-0.022845332855069955,-0.07841384410858154,-0.14584019780158997,-0.033592802816713174,-0.0624275803565979,-0.23359408974647522,-0.0455277835667971,-0.047860145568847656,-0.29905712604522705,-0.052457531327092966,-0.0735466480255127,-0.20705166459083557,-0.00991711799957784,-0.08412063121795654,-0.29280775785446167,-0.04995980241307052,-0.06928730010986328,-0.2431754767894745,-0.0716244218588713,-0.060790181159973145,-0.18535259366035461,-0.07731771596678527,-0.030821919441223145,-0.2103310525417328,-0.010710866534793695,-0.022552967071533203,-0.2406318187713623,-0.055981827312791665,-0.017450153827667236,-0.15591296553611755,-0.0666464281917456,-0.021951377391815186,-0.09613204002380371,-0.06140554451354774,0.00998389720916748,-0.20254045724868774,-0.017985263252342065,0.019918203353881836,-0.21144264936447144,-0.0591349838019255,0.012068450450897217,-0.12707021832466125,-0.05347677820333274,-0.00046581029891967773,-0.07536786794662476,-0.0371090409994963,0.0484042763710022,-0.18828627467155457,-0.02745340519555839,0.053687989711761475,-0.19390562176704407,-0.050554835581863244,0.0432894229888916,-0.13375934958457947,-0.0434547675491217,0.03300219774246216,-0.10130530595779419,-0.02991777413495811
T with wrist,0.0,0.0,0.0,-0.056046128273010254,-0.04483437538146973,-0.022189771324349294,-0.08006912469863892,-0.14581814408302307,-0.0324957310556897,-0.06398648023605347,-0.233718603849411,-0.04410154142971123,-0.04882127046585083,-0.29893484711647034,-0.05071613335604752,-0.0748891830444336,-0.20607531070709229,-0.009218004099977861,-0.08611315488815308,-0.2925041615962982,-0.049114917904091726,-0.0720410943031311,-0.2432752251625061,-0.07054253810639466,-0.06354743242263794,-0.18597519397735596,-0.07617127293343628,-0.03143930435180664,-0.20903027057647705,-0.010643593534780393,-0.024802029132843018,-0.24078994989395142,-0.0555805950760373,-0.019673168659210205,-0.15587744116783142,-0.06573965543503846,-0.023514926433563232,-0.09671163558959961,-0.06021694236989106,0.010036945343017578,-0.20116513967514038,-0.01861031123991097,0.01805436611175537,-0.2122221291065216,-0.059381274074269186,0.01053529977798462,-0.12672969698905945,-0.052997650146437536,-0.0014637112617492676,-0.07560998201370239,-0.03630472117657746,0.04926210641860962,-0.18698379397392273,-0.028748431742144476,0.051997363567352295,-0.193464994430542,-0.05125220262999619,0.04218435287475586,-0.13279840350151062,-0.0434421017169484,0.03320324420928955,-0.10123944282531738,-0.029616782009554754
T with wrist,0.0,0.0,0.0,-0.05746334791183472,-0.044064879417419434,-0.02185531685870501,-0.08218449354171753,-0.14284324645996094,-0.032551761519130196,-0.0661821961402893,-0.23097378015518188,-0.04455953816693636,-0.05210834741592407,-0.29604673385620117,-0.05193457360189768,-0.0764126181602478,-0.20323121547698975,-0.01039528826993319,-0.08832073211669922,-0.29080650210380554,-0.04998582954328867,-0.07395297288894653,-0.24285352230072021,-0.07173988948386523,-0.06510740518569946,-0.18516594171524048,-0.07759043554585787,-0.03327137231826782,-0.20456254482269287,-0.012068646762486424,-0.026239395141601562,-0.24148321151733398,-0.056345253985341515,-0.020489037036895752,-0.15728962421417236,-0.06676565835994097,-0.024447321891784668,-0.09648305177688599,-0.0617500467113814,0.008006811141967773,-0.19612517952919006,-0.019946088816936935,0.0178338885307312,-0.2152228057384491,-0.06076076607030245,0.011349380016326904,-0.1301516890525818,-0.05416539291661593,-0.0008907318115234375,-0.07646781206130981,-0.03734590093415591,0.0466151237487793,-0.18194621801376343,-0.029798963841017212,0.051245689392089844,-0.1983828842639923,-0.052964489709552254,0.04279261827468872,-0.137700617313385,-0.044180825155194725,0.03354847431182861,-0.1022491455078125,-0.029482256423648323
T with wrist,0.0,0.0,0.0,-0.05889558792114258,-0.0445902943611145,-0.020806245085793762,-0.0855221152305603,-0.1415158212184906,-0.030944278043705253,-0.06915283203125,-0.2276841700077057,-0.042819363576370506,-0.05348998308181763,-0.2900535464286804,-0.050057285976606636,-0.07967007160186768,-0.19969788193702698,-0.008492282171744137,-0.09065234661102295,-0.29040399193763733,-0.04711445937772396,-0.07690256834030151,-0.24380525946617126,-0.06850709910412434,-0.0692681074142456,-0.18554046750068665,-0.07418774212618473,-0.03574007749557495,-0.20046791434288025,-0.010533302602368622,-0.029217839241027832,-0.24216151237487793,-0.05367293353100422,-0.022357583045959473,-0.15958121418952942,-0.06436538095493916,-0.02640843391418457,-0.09887021780014038,-0.05986669803877476,0.00645369291305542,-0.19246986508369446,-0.018609642562466888,0.015718400478363037,-0.22122514247894287,-0.0585296280207217,0.010335326194763184,-0.13753971457481384,-0.051931088370281486,-0.0025485754013061523,-0.08231973648071289,-0.035265707922178535,0.04520988464355469,-0.17999225854873657,-0.02852170313616398,0.04983705282211304,-0.20772671699523926,-0.0507982797445834,0.04206579923629761,-0.14995688199996948,-0.041026243519979744,0.032434046268463135,-0.11303359270095825,-0.02573326374312046
T with wrist,0.0,0.0,0.0,-0.0593717098236084,-0.04317289590835571,-0.02152314058389493,-0.08732515573501587,-0.13886100053787231,-0.03203456125106641,-0.07216602563858032,-0.22537487745285034,-0.044163484339378556,-0.05739563703536987,-0.28794699907302856,-0.051778085742853364,-0.08256590366363525,-0.19696247577667236,-0.009251943071149071,-0.09400254487991333,-0.28884631395339966,-0.047836203341148575,-0.0791698694229126,-0.24442321062088013,-0.06951511672582456,-0.07033348083496094,-0.1862334907054901,-0.07537616810645886,-0.039095520973205566,-0.19916260242462158,-0.01082405003603526,-0.03129857778549194,-0.24150767922401428,-0.053831458304784974,-0.02317678928375244,-0.15940403938293457,-0.06477648786153622,-0.026818156242370605,-0.09720814228057861,-0.060455657754800995,0.0030167102813720703,-0.19323229789733887,-0.01842022708501645,0.013860762119293213,-0.22316399216651917,-0.05853581822361775,0.010177016258239746,-0.1398322582244873,-0.05233485272970029,-0.0016884207725524902,-0.08327680826187134,-0.03579862809624501,0.04186779260635376,-0.18314909934997559,-0.0278665090247614,0.04742538928985596,-0.212664395570755,-0.05059537312831708,0.04129582643508911,-0.1549554467201233,-0.04093148580636807,0.0327305793762207,-0.11657151579856873,-0.025496363852880677
T with wrist,0.0,0.0,0.0,-0.060202836990356445,-0.042236387729644775,-0.020595283871614356,-0.08871299028396606,-0.1362076997756958,-0.030831169029795547,-0.0727090835571289,-0.22345489263534546,-0.042953580310665984,-0.05633985996246338,-0.28563192486763,-0.05088847099813165,-0.08216524124145508,-0.19327998161315918,-0.008906579269194026,-0.09433948993682861,-0.2859048545360565,-0.04710952534350099,-0.07939797639846802,-0.2432103455066681,-0.06848797171386423,-0.0695754885673523,-0.1866643726825714,-0.07438995658429803,-0.038815319538116455,-0.19651859998703003,-0.011063625728809257,-0.031735777854919434,-0.23798954486846924,-0.05384100570353212,-0.023082196712493896,-0.15577346086502075,-0.0646435317304963,-0.02602684497833252,-0.0949828028678894,-0.06052277951511087,0.0033184289932250977,-0.19171065092086792,-0.019099972834908385,0.013060271739959717,-0.22322005033493042,-0.059281039675795455,0.010351419448852539,-0.13990157842636108,-0.052731193294846435,-0.0005820393562316895,-0.08437955379486084,-0.03615609153183641,0.042062461376190186,-0.18248775601387024,-0.02888738333257379,0.04637700319290161,-0.21451908349990845,-0.05187908529313745,0.04087936878204346,-0.15632349252700806,-0.041820089956843276,0.032976627349853516,-0.11768651008605957,-0.026167137241088767
T with wrist,0.0,0.0,0.0,-0.06145620346069336,-0.03995436429977417,-0.021548873316646677,-0.09181773662567139,-0.13464140892028809,-0.03158082490801917,-0.07675337791442871,-0.22116410732269287,-0.04333948394298659,-0.06122404336929321,-0.282819926738739,-0.05063492855072127,-0.08510714769363403,-0.1923810839653015,-0.008959343228639227,-0.09738922119140625,-0.2853112518787384,-0.04693263446927176,-0.08261692523956299,-0.24317169189453125,-0.06753275221228705,-0.07262277603149414,-0.18641424179077148,-0.07269620573163138,-0.04172813892364502,-0.1967044174671173,-0.010485106650889975,-0.034352123737335205,-0.23896974325180054,-0.05300524881124602,-0.025315582752227783,-0.15683570504188538,-0.06314945643782721,-0.02758491039276123,-0.09625774621963501,-0.05830387821436034,1.6689300537109375e-05,-0.1927265226840973,-0.01812315037489043,0.010121643543243408,-0.2254771590232849,-0.05859446203351126,0.00829935073852539,-0.1426425278186798,-0.05227679064512358,-0.00157850980758667,-0.08732330799102783,-0.03547081401586638,0.03835344314575195,-0.18467265367507935,-0.027548803519607645,0.04348486661911011,-0.22013193368911743,-0.05090766822934256,0.03900986909866333,-0.16353273391723633,-0.04127932390213118,0.03191995620727539,-0.12502214312553406,-0.025688738133908373
T with wrist,0.0,0.0,0.0,-0.061536431312561035,-0.042076826095581055,-0.020343452167026044,-0.09206986427307129,-0.13645952939987183,-0.0298888957465806,-0.07736450433731079,-0.22257572412490845,-0.041511553745976926,-0.06193041801452637,-0.28464823961257935,-0.048713318478576184,-0.08623003959655762,-0.1916988492012024,-0.006680699471644402,-0.09921091794967651,-0.2840847074985504,-0.0440138126130023,-0.08370625972747803,-0.24158519506454468,-0.06457881949495459,-0.07334476709365845,-0.18470114469528198,-0.06981239042829657,-0.04318130016326904,-0.19675663113594055,-0.008780226517728806,-0.03697049617767334,-0.23987942934036255,-0.050420872342101575,-0.02676469087600708,-0.15881416201591492,-0.06088354013513708,-0.028632760047912598,-0.09807968139648438,-0.0564707996661582,-0.001416921615600586,-0.19361749291419983,-0.016922771405688763,0.007005155086517334,-0.2279757559299469,-0.05644477106284285,0.006870627403259277,-0.14575833082199097,-0.05018836952399397,-0.002073824405670166,-0.08965182304382324,-0.03365878335785055,0.03732520341873169,-0.18630558252334595,-0.026808959838263036,0.04014474153518677,-0.22343745827674866,-0.04935359529804373,0.03681999444961548,-0.16709253191947937,-0.039358470063916684,0.03064805269241333,-0.12769395112991333,-0.02370581909667635
T with wrist,0.0,0.0,0.0,-0.06151711940765381,-0.0398712158203125,-0.021026299421578187,-0.0930403470993042,-0.13625502586364746,-0.03062935461559846,-0.0784340500831604,-0.22231420874595642,-0.04195386459389283,-0.06175738573074341,-0.28376197814941406,-0.048930007119565744,-0.08657068014144897,-0.1899670958518982,-0.009240983140557546,-0.1005176305770874,-0.28133469820022583,-0.04637424190798356,-0.08569061756134033,-0.2406083643436432,-0.06612006862917497,-0.07502907514572144,-0.18544712662696838,-0.07099442472019746,-0.04344785213470459,-0.1958123743534088,-0.011075476271003026,-0.03726339340209961,-0.23779353499412537,-0.05325920795360162,-0.026789724826812744,-0.15648353099822998,-0.06321411122837617,-0.02807903289794922,-0.09624946117401123,-0.05834371884623124,-0.001506209373474121,-0.19337347149848938,-0.018878568981676835,0.0072196125984191895,-0.22552704811096191,-0.05893675153413369,0.007189273834228516,-0.1427079439163208,-0.052654213358550805,-0.0016077756881713867,-0.0876726508140564,-0.03611585040846421,0.03737032413482666,-0.18661746382713318,-0.028424977411418695,0.04014432430267334,-0.22062736749649048,-0.05146782388248994,0.036658525466918945,-0.16308289766311646,-0.0418713531390722,0.030611932277679443,-0.12472325563430786,-0.026581782002836007
T with wrist,0.0,0.0,0.0,-0.06192821264266968,-0.04029124975204468,-0.02053601559356366,-0.09374779462814331,-0.13544511795043945,-0.029551085868035898,-0.07946842908859253,-0.22128397226333618,-0.040537177437101946,-0.06413918733596802,-0.28262901306152344,-0.04717646058753644,-0.08665555715560913,-0.18973630666732788,-0.006091416199808464,-0.10116147994995117,-0.28088733553886414,-0.042930359804188356,-0.08646243810653687,-0.23985892534255981,-0.06309420880035077,-0.07581013441085815,-0.18416881561279297,-0.06818967577174817,-0.04373878240585327,-0.19523459672927856,-0.008068236374413118,-0.03913676738739014,-0.2370503544807434,-0.0498056624467722,-0.028583943843841553,-0.1565466821193695,-0.060273139589583025,-0.029446661472320557,-0.09655314683914185,-0.05573313202813779,-0.0020525455474853516,-0.19257605075836182,-0.0161659725393406,0.0053702592849731445,-0.2258414626121521,-0.05603135269240056,0.0056403279304504395,-0.14352858066558838,-0.050185433440958604,-0.0028328895568847656,-0.08797186613082886,-0.03382975872710858,0.036816298961639404,-0.18594235181808472,-0.0260049857582203,0.03849440813064575,-0.22086986899375916,-0.04909228053048764,0.03507512807846069,-0.16372856497764587,-0.03966297846392308,0.029192984104156494,-0.124712735414505,-0.024348492586170778
T with wrist,0.0,0.0,0.0,-0.062084197998046875,-0.03931683301925659,-0.0199886780881684,-0.09382063150405884,-0.13556230068206787,-0.02853538623986651,-0.07937890291213989,-0.22141316533088684,-0.03922854891953875,-0.06356799602508545,-0.28297343850135803,-0.04556974179087092,-0.08730423450469971,-0.189771831035614,-0.004538952531049745,-0.10125494003295898,-0.28124913573265076,-0.04114872372684886,-0.0867493748664856,-0.23912352323532104,-0.06153493902621676,-0.0764397382736206,-0.1833641231060028,-0.06691834486065318,-0.04445338249206543,-0.19538652896881104,-0.006767766242603557,-0.039282798767089844,-0.23636120557785034,-0.0483800672644179,-0.029498815536499023,-0.15578621625900269,-0.059205954586843745,-0.031025350093841553,-0.09647500514984131,-0.05499437234340121,-0.002900362014770508,-0.19262295961380005,-0.015144910355786578,0.004783451557159424,-0.2250674068927765,-0.05451306111154963,0.004426538944244385,-0.14220768213272095,-0.04857979125318934,-0.004744112491607666,-0.08719146251678467,-0.03243089250264575,0.035730719566345215,-0.18568047881126404,-0.02528076401887347,0.03764921426773071,-0.21910250186920166,-0.04782453707395007,0.03342658281326294,-0.16033756732940674,-0.03801957300839831,0.026480376720428467,-0.12094470858573914,-0.022610965808610217
T with wrist,0.0,0.0,0.0,-0.062162041664123535,-0.039155781269073486,-0.020183863269323865,-0.09406250715255737,-0.13408389687538147,-0.029132126050228635,-0.08050119876861572,-0.22044146060943604,-0.04007812231981234,-0.06465429067611694,-0.2825506627559662,-0.04677815377914385,-0.08747279644012451,-0.189290851354599,-0.005058864282602826,-0.10192513465881348,-0.2792899012565613,-0.04215440541707949,-0.08759450912475586,-0.24044886231422424,-0.06332231700622515,-0.0769648551940918,-0.18551847338676453,-0.06930385172569231,-0.044612884521484375,-0.1951591968536377,-0.007299431285048286,-0.038887202739715576,-0.2339797019958496,-0.04979633555018381,-0.02932584285736084,-0.1546485424041748,-0.06159440815650896,-0.03128361701965332,-0.09524112939834595,-0.058087159099216024,-0.002834022045135498,-0.19256770610809326,-0.01559583764725403,0.004958808422088623,-0.2223961055278778,-0.05549866348707155,0.004429042339324951,-0.14080095291137695,-0.0498314911147304,-0.004826068878173828,-0.08646166324615479,-0.03392766803705172,0.03583580255508423,-0.18545067310333252,-0.02567771651052908,0.03767269849777222,-0.2168886363506317,-0.048673257382745305,0.0338209867477417,-0.15825703740119934,-0.0389028081318088,0.02735835313796997,-0.11976397037506104,-0.02348890356921629
T with wrist,0.0,0.0,0.0,-0.06176555156707764,-0.03813636302947998,-0.019451358121557405,-0.09386223554611206,-0.13418912887573242,-0.027850090292020013,-0.08015304803848267,-0.2200096845626831,-0.03834548289768236,-0.06353271007537842,-0.2811204195022583,-0.04457862372390764,-0.08636921644210815,-0.18874600529670715,-0.004529310156328847,-0.10151433944702148,-0.27856624126434326,-0.04066992993347185,-0.0878516435623169,-0.23915770649909973,-0.060933367115183046,-0.07739526033401489,-0.184602290391922,-0.06639835308186548,-0.0437166690826416,-0.19440430402755737,-0.0068889737582935595,-0.03904080390930176,-0.2323489785194397,-0.048435133647842576,-0.029534578323364258,-0.15358421206474304,-0.059531689387483766,-0.03107476234436035,-0.09448063373565674,-0.055606812935991456,-0.002315342426300049,-0.19190213084220886,-0.01525297644428747,0.004307985305786133,-0.22040408849716187,-0.054348059695882966,0.003940582275390625,-0.1395077407360077,-0.04895607824317949,-0.0050087571144104,-0.08533322811126709,-0.033368875038547685,0.03603488206863403,-0.1853424608707428,-0.025317241203708818,0.03712505102157593,-0.21476545929908752,-0.04776746476881044,0.032991230487823486,-0.15618661046028137,-0.03845861251346605,0.026592135429382324,-0.11749032139778137,-0.023521848720235994
T with wrist,0.0,0.0,0.0,-0.06174767017364502,-0.03847658634185791,-0.01847684481356282,-0.09418594837188721,-0.13421404361724854,-0.026478079195953796,-0.08111518621444702,-0.2197609543800354,-0.036821651320792625,-0.06412285566329956,-0.281270831823349,-0.04294802160177369,-0.08689212799072266,-0.18819549679756165,-0.003449083587042878,-0.10171419382095337,-0.278145968914032,-0.03953044400725503,-0.08778190612792969,-0.23717209696769714,-0.05961368889722962,-0.07745629549026489,-0.18272265791893005,-0.06500443355355401,-0.04425334930419922,-0.1936820149421692,-0.006332862239219139,-0.040644943714141846,-0.23256221413612366,-0.047550859909392784,-0.03009110689163208,-0.15330058336257935,-0.05827537090692658,-0.030897557735443115,-0.0956183671951294,-0.05420251102361817,-0.0027953386306762695,-0.19107824563980103,-0.01518548843625922,0.0026561617851257324,-0.220836341381073,-0.053585029255486916,0.003295600414276123,-0.13954663276672363,-0.04719305695209641,-0.004936575889587402,-0.08678466081619263,-0.03110950165603299,0.03577148914337158,-0.18440696597099304,-0.0257099224737658,0.03586554527282715,-0.21546834707260132,-0.046912967275716255,0.03216254711151123,-0.1570734679698944,-0.036533045630790184,0.026233017444610596,-0.11957702040672302,-0.02111593545589585
T with wrist,0.0,0.0,0.0,-0.06183791160583496,-0.03815191984176636,-0.019243693404632722,-0.093921959400177,-0.13211596012115479,-0.027845818974810754,-0.08049505949020386,-0.21635305881500244,-0.03852722836359135,-0.06427472829818726,-0.2776426672935486,-0.04494783697350613,-0.08767455816268921,-0.18589788675308228,-0.00396586158944956,-0.10242170095443726,-0.2752744257450104,-0.04008243648036114,-0.0884542465209961,-0.23662811517715454,-0.06031394792421452,-0.07799232006072998,-0.18354356288909912,-0.06595982281191937,-0.04479950666427612,-0.1919969916343689,-0.006461149507003938,-0.040312111377716064,-0.2311229109764099,-0.04833382410629383,-0.029914498329162598,-0.1514003872871399,-0.05948412460907093,-0.0312119722366333,-0.09327977895736694,-0.05561109302266232,-0.003554821014404297,-0.18995147943496704,-0.014920951292651807,0.002405226230621338,-0.21736690402030945,-0.05406978396399609,0.0029038190841674805,-0.13521745800971985,-0.04792273832185856,-0.00551915168762207,-0.08240628242492676,-0.031873334624606287,0.034836411476135254,-0.18354684114456177,-0.02510336456521145,0.0357094407081604,-0.21067577600479126,-0.047231380321818506,0.031858980655670166,-0.15124869346618652,-0.03735808698161236,0.025073587894439697,-0.11376473307609558,-0.022211645223933374
T with wrist,0.0,0.0,0.0,-0.06072235107421875,-0.0378456711769104,-0.018899035727770297,-0.09210699796676636,-0.13069844245910645,-0.027433480223805873,-0.07958102226257324,-0.2150193154811859,-0.03812154670634982,-0.06580549478530884,-0.27711641788482666,-0.04455407251992938,-0.08755779266357422,-0.18526417016983032,-0.0034138675259214324,-0.10159945487976074,-0.27452582120895386,-0.039323314180762736,-0.08786284923553467,-0.23558226227760315,-0.05946824987807986,-0.07774263620376587,-0.18270143866539001,-0.06509323706308123,-0.044850289821624756,-0.19159585237503052,-0.005926088517696826,-0.03978228569030762,-0.22975224256515503,-0.04711150666156527,-0.029451966285705566,-0.1504901647567749,-0.05832633291760203,-0.030935585498809814,-0.0929078459739685,-0.054732541641385524,-0.0037017464637756348,-0.18997153639793396,-0.014394752768964736,0.00238114595413208,-0.21532580256462097,-0.05281593193689105,0.0030106306076049805,-0.13420599699020386,-0.04714275067129847,-0.0055536627769470215,-0.08240348100662231,-0.03170785968580958,0.034687161445617676,-0.18393051624298096,-0.02456168559768912,0.035741984844207764,-0.20905357599258423,-0.04614364643970248,0.03177440166473389,-0.1502370834350586,-0.03671719794550654,0.02451568841934204,-0.11360669136047363,-0.022096843546421496
T with wrist,0.0,0.0,0.0,-0.06022202968597412,-0.037799835205078125,-0.01853784927675406,-0.091000497341156,-0.1303691565990448,-0.027383241891357102,-0.07824742794036865,-0.21426385641098022,-0.03855047942647616,-0.06473612785339355,-0.2762673497200012,-0.04552597375163714,-0.08635246753692627,-0.18567371368408203,-0.0035971525082914013,-0.0998467206954956,-0.27391988039016724,-0.03975585298189799,-0.08575284481048584,-0.2330615520477295,-0.06033564181575457,-0.07584649324417114,-0.1799779236316681,-0.06632963763127009,-0.0436784029006958,-0.1917417049407959,-0.006512949797752299,-0.0390925407409668,-0.2283218801021576,-0.047310536816212334,-0.028982579708099365,-0.14906784892082214,-0.058464421048256554,-0.030565381050109863,-0.09208458662033081,-0.05509347291240374,-0.0025864243507385254,-0.189710795879364,-0.01538072069683949,0.0028183460235595703,-0.21404144167900085,-0.05287167997607867,0.0032376646995544434,-0.13338875770568848,-0.046905113473030724,-0.0054465532302856445,-0.08217161893844604,-0.03164939032444636,0.03564035892486572,-0.18319562077522278,-0.02600421206602732,0.03606683015823364,-0.20736771821975708,-0.046309584840628304,0.03178220987319946,-0.149357408285141,-0.036430483772846856,0.024459242820739746,-0.11362907290458679,-0.021829852923247017
T with wrist,0.0,0.0,0.0,-0.060462772846221924,-0.03853422403335571,-0.018327724635923914,-0.09035360813140869,-0.13087940216064453,-0.027234307006324343,-0.0769493579864502,-0.2143937647342682,-0.03848430745335918,-0.064159095287323,-0.2765282988548279,-0.04560876123639446,-0.08549350500106812,-0.18553897738456726,-0.003414462767864279,-0.0984075665473938,-0.27370405197143555,-0.03931271515818935,-0.0842282772064209,-0.2321835160255432,-0.05968931920858722,-0.07413125038146973,-0.17902293801307678,-0.06542538709970813,-0.04284787178039551,-0.19047310948371887,-0.006314757261748127,-0.03874385356903076,-0.22787749767303467,-0.046582011953319125,-0.028964877128601074,-0.14890870451927185,-0.05759493865105014,-0.0300176739692688,-0.09214192628860474,-0.05411393053861957,-0.0018634200096130371,-0.18781444430351257,-0.015108365081573538,0.0026584863662719727,-0.21327289938926697,-0.05223637305232387,0.0028252005577087402,-0.13333117961883545,-0.046387209073031954,-0.005147039890289307,-0.0822983980178833,-0.03111583225461345,0.03638625144958496,-0.1812196969985962,-0.025567647517050318,0.035331547260284424,-0.20785090327262878,-0.04541505731674533,0.031298279762268066,-0.1507996916770935,-0.035247562900508456,0.025098800659179688,-0.11477568745613098,-0.0203968961540113
T with wrist,0.0,0.0,0.0,-0.06053471565246582,-0.03992724418640137,-0.017351907723366367,-0.0894281268119812,-0.13248300552368164,-0.02585605443340455,-0.07587391138076782,-0.21642255783081055,-0.036803376906334506,-0.06402689218521118,-0.27896514534950256,-0.0436766231886736,-0.08431023359298706,-0.1877659261226654,-0.002782731129570948,-0.09639829397201538,-0.27495092153549194,-0.03742023282569562,-0.0824735164642334,-0.23221957683563232,-0.05694761224907552,-0.07316136360168457,-0.17950096726417542,-0.06232538171929036,-0.04161703586578369,-0.19178757071495056,-0.0058590751595488655,-0.03794604539871216,-0.22839555144309998,-0.04422468789738332,-0.02888709306716919,-0.15020233392715454,-0.054684140764891254,-0.030369877815246582,-0.09368187189102173,-0.05135512077134763,-0.0006702542304992676,-0.18825897574424744,-0.014634233013509856,0.0029214024543762207,-0.21290525794029236,-0.05018055164140378,0.002477884292602539,-0.13430407643318176,-0.04448721655529653,-0.00571972131729126,-0.08317357301712036,-0.029831850015341388,0.03738325834274292,-0.18049272894859314,-0.024981009819327937,0.03607732057571411,-0.20766842365264893,-0.04418314718526517,0.03151834011077881,-0.15137627720832825,-0.03428369858187352,0.02507251501083374,-0.11435890197753906,-0.019858566158234225
T with wrist,0.0,0.0,0.0,-0.05995219945907593,-0.04082000255584717,-0.017815459377175102,-0.08816802501678467,-0.13373902440071106,-0.026653071722989807,-0.07394778728485107,-0.21669816970825195,-0.03779268809319092,-0.06105995178222656,-0.27879175543785095,-0.0448599698460157,-0.08309447765350342,-0.18835625052452087,-0.0033736255458052256,-0.09483903646469116,-0.2745111286640167,-0.03834609859347893,-0.08096522092819214,-0.23261582851409912,-0.05831976779461456,-0.07156515121459961,-0.1798229217529297,-0.0640662031686361,-0.040321290493011475,-0.19264349341392517,-0.006381926915651093,-0.0359533429145813,-0.22787809371948242,-0.04544843160272194,-0.027222931385040283,-0.15002784132957458,-0.05627710544229103,-0.029054343700408936,-0.09291958808898926,-0.05309190028071953,0.0007866024971008301,-0.189022034406662,-0.015148792273407707,0.0054427385330200195,-0.21182125806808472,-0.051249081126456986,0.004480719566345215,-0.1331062614917755,-0.04582139649153305,-0.004263639450073242,-0.08156323432922363,-0.0312961170888002,0.03898042440414429,-0.18082788586616516,-0.02555160023928238,0.03827667236328125,-0.20489457249641418,-0.045352289310699234,0.033480942249298096,-0.14783191680908203,-0.03587464787722183,0.026737511157989502,-0.11088871955871582,-0.02170650646746708
T with wrist,0.0,0.0,0.0,-0.06012481451034546,-0.040021300315856934,-0.01789791126395812,-0.08811211585998535,-0.1323128342628479,-0.026439729972139503,-0.07347100973129272,-0.21503743529319763,-0.037309409944668914,-0.06064105033874512,-0.2760807275772095,-0.044138880340710784,-0.08189630508422852,-0.1869475543498993,-0.0033542331181024565,-0.09399503469467163,-0.2738971710205078,-0.0386914553924953,-0.0805557370185852,-0.232248455286026,-0.058729404477730895,-0.07122015953063965,-0.18007662892341614,-0.06439905044283023,-0.03950124979019165,-0.19118022918701172,-0.006316097813055421,-0.0352514386177063,-0.22676488757133484,-0.04615448218430629,-0.026869475841522217,-0.14800560474395752,-0.05686982524241557,-0.028654813766479492,-0.09124982357025146,-0.05331504893149486,0.0010898709297180176,-0.18728256225585938,-0.015087891264215614,0.0055117011070251465,-0.21012860536575317,-0.052048982946530487,0.004295647144317627,-0.13101240992546082,-0.0463569442614471,-0.004085898399353027,-0.0800633430480957,-0.031291732458726074,0.038893163204193115,-0.1788780689239502,-0.025505594803348686,0.03841197490692139,-0.20347031950950623,-0.046012559799805786,0.03360468149185181,-0.1464516520500183,-0.03653557401742091,0.027057230472564697,-0.10999703407287598,-0.022114828123108055
T with wrist,0.0,0.0,0.0,-0.06021350622177124,-0.039383769035339355,-0.017993083960789136,-0.08790069818496704,-0.13041740655899048,-0.02692697270907729,-0.07345694303512573,-0.2131028175354004,-0.03813684805430739,-0.061417460441589355,-0.2743578255176544,-0.04533157198824256,-0.08167493343353271,-0.18631738424301147,-0.0039509695874926365,-0.09412962198257446,-0.27312394976615906,-0.039534327379840306,-0.08063966035842896,-0.23178508877754211,-0.05988111793197959,-0.07116180658340454,-0.17920568585395813,-0.06570779605902999,-0.03943365812301636,-0.1906431019306183,-0.0068955768751379765,-0.03540182113647461,-0.22635775804519653,-0.04675084798731177,-0.02696382999420166,-0.14808928966522217,-0.05756795852579444,-0.02870464324951172,-0.09069705009460449,-0.05410505532421439,0.001101672649383545,-0.18699395656585693,-0.015598322070616177,0.005451023578643799,-0.20978590846061707,-0.05241746529139846,0.004342973232269287,-0.13106104731559753,-0.046689809105771474,-0.004049777984619141,-0.07946747541427612,-0.03163323625125258,0.0388912558555603,-0.1788729727268219,-0.02596426456369727,0.038238346576690674,-0.20256027579307556,-0.04638303890027373,0.03352290391921997,-0.14626118540763855,-0.03693572505511611,0.026989400386810303,-0.10997211933135986,-0.022518965221422604
T with wrist,0.0,0.0,0.0,-0.05979502201080322,-0.039945006370544434,-0.01803609249515148,-0.08702754974365234,-0.13180691003799438,-0.027000498821564634,-0.07222181558609009,-0.2142990529537201,-0.03820177247149559,-0.0600430965423584,-0.27556759119033813,-0.04534355257970901,-0.0809280276298523,-0.18701395392417908,-0.0038030644446394035,-0.09197431802749634,-0.2742449641227722,-0.03932223921043487,-0.07874840497970581,-0.23109081387519836,-0.05960039873940559,-0.06978017091751099,-0.17786040902137756,-0.06537825693709465,-0.03836512565612793,-0.19077003002166748,-0.006682840970881898,-0.034104347229003906,-0.22711360454559326,-0.04623971213919731,-0.02597200870513916,-0.14805498719215393,-0.056923587670155484,-0.027751147747039795,-0.09114581346511841,-0.053418711622782666,0.0022579431533813477,-0.18663352727890015,-0.015332573888429124,0.00605165958404541,-0.21025264263153076,-0.05177363087756248,0.004636585712432861,-0.13118860125541687,-0.045805451323815305,-0.003865659236907959,-0.08022934198379517,-0.03070044783277126,0.03993213176727295,-0.17809855937957764,-0.025635531967111547,0.03888821601867676,-0.20314177870750427,-0.04554787357670875,0.0338667631149292,-0.14619624614715576,-0.035673324813672025,0.0270918607711792,-0.10981243848800659,-0.02108731572849365
T with wrist,0.0,0.0,0.0,-0.059876441955566406,-0.03996384143829346,-0.017455058460200235,-0.08680212497711182,-0.13200896978378296,-0.026100155253971025,-0.0720471739768982,-0.21498027443885803,-0.03706396958705227,-0.059592604637145996,-0.27647826075553894,-0.043913143043482705,-0.08102095127105713,-0.18690019845962524,-0.003958496552968427,-0.09248936176300049,-0.2745644748210907,-0.039174275760615274,-0.07902795076370239,-0.23119935393333435,-0.05895607761021893,-0.0698276162147522,-0.17786943912506104,-0.06438232428308766,-0.03867924213409424,-0.19036799669265747,-0.007009136312717601,-0.034533917903900146,-0.22679412364959717,-0.046615766649210855,-0.026129186153411865,-0.14814141392707825,-0.05698517179962437,-0.027605414390563965,-0.09150195121765137,-0.05326985037800114,0.0018957257270812988,-0.18609002232551575,-0.015714763020241662,0.006028592586517334,-0.21007806062698364,-0.05196747398849766,0.004832923412322998,-0.13149091601371765,-0.04564350685950558,-0.0033828020095825195,-0.08082693815231323,-0.03032079926606457,0.03954356908798218,-0.17762666940689087,-0.026042143170798226,0.03906357288360596,-0.20393559336662292,-0.045563077841961785,0.0339999794960022,-0.14777472615242004,-0.0354319385337476,0.02741485834121704,-0.11169999837875366,-0.020720854689443513
T with wrist,0.0,0.0,0.0,-0.059925079345703125,-0.04124772548675537,-0.017773156707278304,-0.08680135011672974,-0.13261348009109497,-0.026709859912386946,-0.07152187824249268,-0.21527275443077087,-0.03799213441192251,-0.05890566110610962,-0.27649974822998047,-0.04520347686587911,-0.07996541261672974,-0.18816930055618286,-0.0036823437093858047,-0.09117710590362549,-0.2751614451408386,-0.039255931695095114,-0.0775076150894165,-0.2313568890094757,-0.05961779849707227,-0.06859958171844482,-0.17832738161087036,-0.06549927936970334,-0.03765672445297241,-0.19143760204315186,-0.0068160218197022004,-0.033423542976379395,-0.22786247730255127,-0.04679532693802457,-0.025116920471191406,-0.14840394258499146,-0.05768874632298093,-0.02691471576690674,-0.09146833419799805,-0.05429529743372541,0.00274658203125,-0.18693003058433533,-0.015664508287898116,0.0069269537925720215,-0.21116197109222412,-0.052287738491884284,0.005469858646392822,-0.13191741704940796,-0.046154383291593604,-0.003029048442840576,-0.08076941967010498,-0.030899971445194296,0.04015707969665527,-0.17799586057662964,-0.026184336935273222,0.03979957103729248,-0.20330065488815308,-0.04616506742416959,0.034458816051483154,-0.1465526819229126,-0.03620072053848844,0.027485191822052002,-0.11015084385871887,-0.02152239130913358
T with wrist,0.0,0.0,0.0,-0.05929160118103027,-0.040485501289367676,-0.01819532524899614,-0.0856400728225708,-0.13169986009597778,-0.027547087260643366,-0.07019507884979248,-0.21451738476753235,-0.03912750978128088,-0.05759859085083008,-0.2760540246963501,-0.04662833336846006,-0.07866650819778442,-0.1883946657180786,-0.004603828975120905,-0.09021413326263428,-0.27495095133781433,-0.04079645846144331,-0.07712936401367188,-0.2314784824848175,-0.061611976214805964,-0.06819099187850952,-0.17780253291130066,-0.06766723070398939,-0.0364987850189209,-0.19175854325294495,-0.007614955046335581,-0.03265070915222168,-0.22694724798202515,-0.04806630287424696,-0.025036513805389404,-0.14781662821769714,-0.059024009593883875,-0.02693641185760498,-0.0907103419303894,-0.05559191081778181,0.0037738680839538574,-0.18705734610557556,-0.01639946337894571,0.007494688034057617,-0.20953062176704407,-0.053352754303375605,0.0054721832275390625,-0.13047009706497192,-0.047211114057461145,-0.002997279167175293,-0.07943522930145264,-0.031878426411310556,0.04117816686630249,-0.17793500423431396,-0.026902250685850504,0.03976327180862427,-0.20156866312026978,-0.047043513246933344,0.034266650676727295,-0.14495757222175598,-0.03713829789415968,0.02773362398147583,-0.10911226272583008,-0.02244897347048891
T with wrist,0.0,0.0,0.0,-0.0591244101524353,-0.0405879020690918,-0.017564222708017496,-0.08529156446456909,-0.13206535577774048,-0.026277794062764315,-0.0707274079322815,-0.21487009525299072,-0.037458876639277605,-0.05962371826171875,-0.275895357131958,-0.04461678725448337,-0.07669681310653687,-0.1887151598930359,-0.00402759018135157,-0.08936697244644165,-0.2763056457042694,-0.040390117585332064,-0.07709664106369019,-0.2330855429172516,-0.061104687422187,-0.06864792108535767,-0.17977681756019592,-0.06699969109860149,-0.03488636016845703,-0.19160693883895874,-0.007404421947569517,-0.03243464231491089,-0.22686609625816345,-0.04831876468625751,-0.02471756935119629,-0.14742514491081238,-0.05915005740490642,-0.026212215423583984,-0.09118998050689697,-0.05547823247280803,0.0052245259284973145,-0.18630772829055786,-0.016565131514937548,0.007811248302459717,-0.21006733179092407,-0.05423910406199184,0.005763411521911621,-0.13086676597595215,-0.0481158145960876,-0.002517879009246826,-0.07988327741622925,-0.032543490200907854,0.042582690715789795,-0.17679771780967712,-0.02736740049687114,0.040749311447143555,-0.2020719349384308,-0.04839789357748714,0.03479456901550293,-0.14557510614395142,-0.03878887605634418,0.027958035469055176,-0.10925406217575073,-0.02407077749040809
T with wrist,0.0,0.0,0.0,-0.05924654006958008,-0.04069322347640991,-0.018191254631631182,-0.08605080842971802,-0.13369348645210266,-0.027172933266513155,-0.07121670246124268,-0.21629437804222107,-0.03847105887626867,-0.058303117752075195,-0.2769070565700531,-0.045811955750934885,-0.07651638984680176,-0.1898246705532074,-0.005039982431583212,-0.08880943059921265,-0.27648836374282837,-0.04255174931978445,-0.07614624500274658,-0.23384404182434082,-0.06427791056131582,-0.06753355264663696,-0.1799406111240387,-0.07078798946832876,-0.03424108028411865,-0.19311636686325073,-0.008490052008085058,-0.03147172927856445,-0.22687503695487976,-0.05042826098298292,-0.025061368942260742,-0.14680591225624084,-0.06168836814259748,-0.027808427810668945,-0.08967053890228271,-0.05814289015626173,0.006243705749511719,-0.1875869631767273,-0.01787654024457197,0.009602844715118408,-0.20885303616523743,-0.056508996457807825,0.006153106689453125,-0.12858709692955017,-0.05060303670262556,-0.003423452377319336,-0.07737576961517334,-0.03505994838570814,0.044011056423187256,-0.177465558052063,-0.028967008859865473,0.042685747146606445,-0.19944915175437927,-0.050814730049125956,0.036055684089660645,-0.14146926999092102,-0.04140881162976484,0.02858203649520874,-0.10546010732650757,-0.02673404750322561
T with wrist,0.0,0.0,0.0,-0.05956923961639404,-0.042767226696014404,-0.017977141802816732,-0.08545970916748047,-0.13503053784370422,-0.02696009634962593,-0.06996989250183105,-0.2180621325969696,-0.03851196452012573,-0.05776071548461914,-0.27942952513694763,-0.046072340598016126,-0.07645308971405029,-0.19304579496383667,-0.0028099729955783914,-0.08811640739440918,-0.2799151539802551,-0.04075148983827148,-0.07516908645629883,-0.23783761262893677,-0.06327102615466629,-0.06640315055847168,-0.18409019708633423,-0.0702069653474382,-0.033886492252349854,-0.19624030590057373,-0.006376842530130489,-0.030374109745025635,-0.23057150840759277,-0.048822994371562345,-0.024381279945373535,-0.14997389912605286,-0.060811973204522474,-0.02731633186340332,-0.09184503555297852,-0.05747372194161926,0.006712436676025391,-0.19034409523010254,-0.016038873260526998,0.010245800018310547,-0.21103668212890625,-0.05496748446455513,0.0062615275382995605,-0.13124528527259827,-0.04951066060891662,-0.0034888386726379395,-0.07956576347351074,-0.03399528472652946,0.04450881481170654,-0.17965200543403625,-0.027457688962726934,0.044212937355041504,-0.20132800936698914,-0.049502375563292844,0.03695160150527954,-0.1445828378200531,-0.04045624568095718,0.0286865234375,-0.10864764451980591,-0.025811308091192586
T with wrist,0.0,0.0,0.0,-0.05882471799850464,-0.041568636894226074,-0.018366955440740185,-0.08478444814682007,-0.13433244824409485,-0.027699694257478313,-0.0689050555229187,-0.21781298518180847,-0.03927261776874502,-0.05626648664474487,-0.27940261363983154,-0.04685864247034033,-0.07613223791122437,-0.1930805742740631,-0.005484984010706739,-0.08780747652053833,-0.2811856269836426,-0.043141294490794735,-0.07542383670806885,-0.23830237984657288,-0.0648035148496433,-0.06686824560165405,-0.18478360772132874,-0.07129630840967138,-0.03355640172958374,-0.19588404893875122,-0.008826814811925487,-0.030246198177337646,-0.22994956374168396,-0.05095748997877081,-0.023889362812042236,-0.14836859703063965,-0.06203226767132719,-0.026508629322052002,-0.09160774946212769,-0.058353483896951275,0.007046520709991455,-0.19000881910324097,-0.018063759651283817,0.010548293590545654,-0.21128514409065247,-0.057102963548402386,0.006948232650756836,-0.12991169095039368,-0.05081807098935087,-0.002397000789642334,-0.07895249128341675,-0.034944925677280025,0.04507255554199219,-0.1794424057006836,-0.029004346799354153,0.043771445751190186,-0.20073643326759338,-0.05149001650164564,0.036936938762664795,-0.14163148403167725,-0.042117066901425915,0.029372096061706543,-0.10559165477752686,-0.027321787771086292
T with wrist,0.0,0.0,0.0,-0.05853414535522461,-0.042663753032684326,-0.018447796438351816,-0.08318400382995605,-0.13633257150650024,-0.027631002102509683,-0.0673983097076416,-0.22034111618995667,-0.038940279368773645,-0.05501049757003784,-0.28231674432754517,-0.04601605105818862,-0.07574689388275146,-0.1946628987789154,-0.006379263099745458,-0.08424651622772217,-0.28347283601760864,-0.043218670968428796,-0.07146704196929932,-0.2375589907169342,-0.06375947091402168,-0.064297616481781,-0.1830565333366394,-0.0695449287039196,-0.032718539237976074,-0.19689849019050598,-0.00932720824749822,-0.027598202228546143,-0.22992295026779175,-0.050812224481717294,-0.021123766899108887,-0.14884817600250244,-0.061428392861500924,-0.02451777458190918,-0.09224408864974976,-0.057618829045907205,0.008130073547363281,-0.19057166576385498,-0.01804079170943851,0.013017833232879639,-0.21053719520568848,-0.056200268302575296,0.00916224718093872,-0.1303952932357788,-0.05001493412675018,-0.0010975003242492676,-0.07995730638504028,-0.0345119485598957,0.0459323525428772,-0.17942610383033752,-0.028460583273783868,0.047351717948913574,-0.2006838023662567,-0.05034151542605514,0.03990817070007324,-0.14204677939414978,-0.041263463531151956,0.030849337577819824,-0.10548990964889526,-0.026855810169593042
T with wrist,0.0,0.0,0.0,-0.05873984098434448,-0.043461620807647705,-0.01860025167098911,-0.08292549848556519,-0.139418363571167,-0.027513116743477894,-0.06633472442626953,-0.22374391555786133,-0.03848070293298633,-0.05261826515197754,-0.285199373960495,-0.04506596937409313,-0.07431566715240479,-0.19617068767547607,-0.007344329875024869,-0.08236813545227051,-0.2854144275188446,-0.044178906973513676,-0.06940466165542603,-0.23644807934761047,-0.06420942782989414,-0.0629003643989563,-0.18098598718643188,-0.06960884123674305,-0.03135502338409424,-0.1978987455368042,-0.010229656618150784,-0.025313615798950195,-0.23060914874076843,-0.05170255168906124,-0.019363701343536377,-0.14834383130073547,-0.06178468852868946,-0.02388143539428711,-0.09205663204193115,-0.0576283821426955,0.009279787540435791,-0.19091936945915222,-0.018866995494875027,0.015218913555145264,-0.21071749925613403,-0.05679256856075199,0.010672152042388916,-0.12975656986236572,-0.049983911361607625,-0.0007156133651733398,-0.07978498935699463,-0.03418277591100605,0.04661065340042114,-0.1788531243801117,-0.029241938289317204,0.049524545669555664,-0.200357586145401,-0.050653968151721074,0.041714251041412354,-0.14122876524925232,-0.041022278513821675,0.03185915946960449,-0.10498929023742676,-0.02633231334021957
T with wrist,0.0,0.0,0.0,-0.05900055170059204,-0.045619070529937744,-0.019007213537975076,-0.08266866207122803,-0.14234626293182373,-0.028207956006212953,-0.06410759687423706,-0.22643625736236572,-0.03962381010262561,-0.04895055294036865,-0.28763917088508606,-0.04670740490166736,-0.07240140438079834,-0.19984844326972961,-0.006505538833721403,-0.07980078458786011,-0.28944507241249084,-0.04420786177126956,-0.06742548942565918,-0.24055269360542297,-0.06511965592710567,-0.061788082122802734,-0.18548676371574402,-0.07107722957937312,-0.029290437698364258,-0.200985848903656,-0.009553084274216417,-0.02327626943588257,-0.2342779040336609,-0.05193738465516162,-0.01860177516937256,-0.15101492404937744,-0.06257216085998607,-0.02378922700881958,-0.09443432092666626,-0.05854621728269649,0.01130521297454834,-0.193566232919693,-0.018608475228234056,0.017056047916412354,-0.21407660841941833,-0.05733117287365985,0.01156848669052124,-0.13265514373779297,-0.05075037305562091,-3.504753112792969e-05,-0.082364022731781,-0.03484236275164676,0.048690855503082275,-0.18108004331588745,-0.029503690203114274,0.051471829414367676,-0.2026757001876831,-0.05154049967734409,0.04271578788757324,-0.14349520206451416,-0.04219230090586734,0.03245067596435547,-0.10738581418991089,-0.02752887656299663
T with wrist,0.0,0.0,0.0,-0.05810922384262085,-0.04566580057144165,-0.019209183389932605,-0.08121657371520996,-0.14388006925582886,-0.02802480348447034,-0.0633770227432251,-0.22885411977767944,-0.038865193362028094,-0.049212753772735596,-0.2911874055862427,-0.04535191097357938,-0.07311457395553589,-0.20323023200035095,-0.006149679991096946,-0.07862657308578491,-0.29290467500686646,-0.04339222201207349,-0.06652355194091797,-0.24568066000938416,-0.06401205399134824,-0.060982584953308105,-0.19029706716537476,-0.06977944412329862,-0.029871821403503418,-0.20425736904144287,-0.00877212231108615,-0.021950364112854004,-0.2353065311908722,-0.0511693392048187,-0.017627179622650146,-0.15233716368675232,-0.061837106580526324,-0.023251593112945557,-0.09486156702041626,-0.05773105436065862,0.010838329792022705,-0.19651326537132263,-0.017411548281700107,0.018963098526000977,-0.21427476406097412,-0.05655236133435437,0.012834310531616211,-0.13261711597442627,-0.05061618947485158,0.0003585219383239746,-0.08204299211502075,-0.03502686285474965,0.0482710599899292,-0.1834307610988617,-0.027857403839618655,0.05325049161911011,-0.20206502079963684,-0.050874031717569324,0.04414951801300049,-0.14131468534469604,-0.0424328219244785,0.0330045223236084,-0.10470026731491089,-0.028205105672270747
T with wrist,0.0,0.0,0.0,-0.05818021297454834,-0.04682344198226929,-0.019774921715338678,-0.08102798461914062,-0.14463990926742554,-0.02917057323463723,-0.06245827674865723,-0.22894781827926636,-0.04058070901044175,-0.04726535081863403,-0.2904913127422333,-0.047499735385258646,-0.0718463659286499,-0.20401689410209656,-0.007312001671721191,-0.07709991931915283,-0.294252872467041,-0.04529311183102891,-0.06479036808013916,-0.24395546317100525,-0.06609527069338128,-0.059913694858551025,-0.18813857436180115,-0.07193248021610543,-0.028508126735687256,-0.20433956384658813,-0.00994224894054696,-0.020520329475402832,-0.23635178804397583,-0.05265555205949113,-0.016825497150421143,-0.15204280614852905,-0.06339838403471276,-0.023296236991882324,-0.09568536281585693,-0.05947244215019509,0.01231682300567627,-0.1960533857345581,-0.018607950314958543,0.0201570987701416,-0.21557259559631348,-0.0582771566809015,0.013328015804290771,-0.13299793004989624,-0.05205469253667161,0.00032520294189453125,-0.08291381597518921,-0.036255147785027475,0.04972869157791138,-0.18239617347717285,-0.029079542040904016,0.0544167160987854,-0.20351070165634155,-0.05239660340555474,0.04526257514953613,-0.14247256517410278,-0.04354653182633683,0.034090638160705566,-0.1057664155960083,-0.029009519621808977
T with wrist,0.0,0.0,0.0,-0.057903826236724854,-0.04575544595718384,-0.019327479114508606,-0.08033514022827148,-0.1439386010169983,-0.028626930599784828,-0.061561524868011475,-0.2280956506729126,-0.03994972135660646,-0.047853708267211914,-0.289752334356308,-0.04687309887049196,-0.07035040855407715,-0.20426297187805176,-0.007769980167722679,-0.07619810104370117,-0.2934357523918152,-0.04568823303816316,-0.06442362070083618,-0.24446439743041992,-0.06658254068133829,-0.058987557888031006,-0.18909046053886414,-0.0726283888125181,-0.027250945568084717,-0.2048264741897583,-0.010846590323126293,-0.019785583019256592,-0.23550358414649963,-0.053643694778656936,-0.01659315824508667,-0.15126115083694458,-0.06422060977456567,-0.022973179817199707,-0.09491932392120361,-0.06021284188864229,0.01353389024734497,-0.19675585627555847,-0.019890256857252098,0.02054142951965332,-0.21442654728889465,-0.05913155030248163,0.013290166854858398,-0.13144385814666748,-0.05243199568030832,0.00022041797637939453,-0.08182543516159058,-0.03654683630702493,0.051363229751586914,-0.1832476556301117,-0.030800050755715347,0.05509459972381592,-0.20136025547981262,-0.05352546896574495,0.044761478900909424,-0.14004290103912354,-0.044509640594696975,0.03309386968612671,-0.10458129644393921,-0.030101249625658966
T with wrist,0.0,0.0,0.0,-0.05802255868911743,-0.04393082857131958,-0.02068742153119274,-0.0814477801322937,-0.14141809940338135,-0.03066100341152378,-0.06333792209625244,-0.22660315036773682,-0.042371574536673506,-0.04960912466049194,-0.2897067070007324,-0.04959175337921806,-0.07191967964172363,-0.203806072473526,-0.00905428987812229,-0.0787317156791687,-0.2931603491306305,-0.047993957743756255,-0.06628185510635376,-0.24557268619537354,-0.06957167734276481,-0.0595284104347229,-0.1898413598537445,-0.07587295372854896,-0.028938472270965576,-0.20555269718170166,-0.011530958794764956,-0.02017819881439209,-0.2354314923286438,-0.05520667110454269,-0.016416728496551514,-0.15091687440872192,-0.06592198063503929,-0.022072017192840576,-0.09409552812576294,-0.06182712663780876,0.011805534362792969,-0.19794973731040955,-0.020150057718865355,0.020698189735412598,-0.2143261730670929,-0.06015367780696579,0.013420522212982178,-0.13151907920837402,-0.05344968263875671,0.000811457633972168,-0.08199077844619751,-0.03737280865084358,0.04971349239349365,-0.18474999070167542,-0.030775358647815665,0.054747045040130615,-0.20182061195373535,-0.0540833098150415,0.04460519552230835,-0.14090830087661743,-0.045297175393216094,0.03346061706542969,-0.10619926452636719,-0.0308865641511602
T with wrist,0.0,0.0,0.0,-0.0577656626701355,-0.04424095153808594,-0.019279040252570212,-0.08006954193115234,-0.14236807823181152,-0.028851592769626677,-0.06114476919174194,-0.22764316201210022,-0.04031534851134211,-0.0467410683631897,-0.2898404002189636,-0.04729530200899035,-0.07023197412490845,-0.20325592160224915,-0.008840311174992621,-0.07748335599899292,-0.29259610176086426,-0.04697656244576365,-0.06556934118270874,-0.24362701177597046,-0.06791784599960238,-0.05895853042602539,-0.18778672814369202,-0.0739600135439673,-0.0273171067237854,-0.2043052613735199,-0.011901354273561537,-0.019740641117095947,-0.23451298475265503,-0.0545874273830691,-0.015609264373779297,-0.15059500932693481,-0.06481625125348955,-0.020716845989227295,-0.09444922208786011,-0.060722194468382895,0.013395249843597412,-0.19654303789138794,-0.020852915799025595,0.0202215313911438,-0.21266311407089233,-0.05967980981409937,0.01379537582397461,-0.12975025177001953,-0.0524819454604426,0.0019353032112121582,-0.08023518323898315,-0.03648437545240313,0.05160790681838989,-0.18366354703903198,-0.03171382085025698,0.05417889356613159,-0.19985151290893555,-0.053826168035868704,0.04443693161010742,-0.13863420486450195,-0.04452311233222872,0.03422129154205322,-0.10402703285217285,-0.03011281215191275
