T,0.0,0.0,0.0,0.05233442783355713,-0.00803607702255249,-0.03450940280495729,0.1027384102344513,-0.0910043716430664,-0.043699977093325515,0.08008159697055817,-0.16802752017974854,-0.047326897376166244,0.027060985565185547,-0.1672186255455017,-0.044358116679774184,0.07537715137004852,-0.17466586828231812,-0.017459874146567245,0.06916999816894531,-0.22794437408447266,-0.04493478416739549,0.0637969821691513,-0.16131407022476196,-0.056606468849764724,0.0669352114200592,-0.1388722062110901,-0.06084368109046068,0.034003809094429016,-0.17785483598709106,-0.009909212694452663,0.028147608041763306,-0.22090637683868408,-0.0397729362481698,0.027799740433692932,-0.14412742853164673,-0.042521466606245895,0.02979046106338501,-0.13054680824279785,-0.03629307552515115,-0.002719089388847351,-0.174940824508667,-0.008113409497724433,-0.013509362936019897,-0.21612149477005005,-0.04002232953249063,-0.007411852478981018,-0.1405564546585083,-0.028758109652386565,-0.001987963914871216,-0.12003636360168457,-0.012581603706763644,-0.04211936146020889,-0.17103523015975952,-0.008944287070022483,-0.043156810104846954,-0.19850045442581177,-0.027665506222234626,-0.03698962181806564,-0.1447245478630066,-0.017491166585074325,-0.03289170563220978,-0.12658476829528809,-0.004293273308263679
T,0.0,0.0,0.0,0.048753686249256134,-0.02601677179336548,-0.015419847007311915,0.07324206084012985,-0.07450252771377563,-0.026520765061892604,0.07011453807353973,-0.11551034450531006,-0.03861091532877836,0.05056334286928177,-0.1375499963760376,-0.05017002918890867,0.06480042636394501,-0.1621643304824829,-0.020060610632814502,0.055970698595047,-0.22738349437713623,-0.04288454228214178,0.05530200153589249,-0.2140907645225525,-0.05749408030084524,0.057882361114025116,-0.18154388666152954,-0.06460700058511648,0.028247535228729248,-0.1576189398765564,-0.02397965700498972,0.010002892464399338,-0.20670783519744873,-0.04582176604441557,0.013385556638240814,-0.174221932888031,-0.054273596640147304,0.018938131630420685,-0.13050079345703125,-0.05660371356777105,-0.007349744439125061,-0.1376640796661377,-0.03028174922934923,-0.024114154279232025,-0.15641069412231445,-0.05418757968715582,-0.01266758143901825,-0.11984574794769287,-0.05841631689242277,-0.0013940967619419098,-0.08339989185333252,-0.056329439069546794,-0.038478150963783264,-0.10842698812484741,-0.03761045881680403,-0.048093102872371674,-0.11341136693954468,-0.05420765155128393,-0.03565914183855057,-0.08519548177719116,-0.053667216237105464,-0.023977354168891907,-0.055924296379089355,-0.049393492426194285
T,0.0,0.0,0.0,0.03936207294464111,-0.04647928476333618,-0.02187578150094538,0.06229881942272186,-0.11713212728500366,-0.033034693012247374,0.03745588660240173,-0.17050081491470337,-0.043529443005333235,-0.003654263913631439,-0.19164729118347168,-0.05074313239217787,0.023754268884658813,-0.20602726936340332,-0.012314658174524595,0.002008982002735138,-0.23901629447937012,-0.0418636533713439,0.003506399691104889,-0.19775867462158203,-0.05744932548166304,0.012631863355636597,-0.16080009937286377,-0.06157067001820593,-0.0163826122879982,-0.20197558403015137,-0.01017710895300894,-0.03803127259016037,-0.179817795753479,-0.04309807301522284,-0.022681333124637604,-0.11289995908737183,-0.05014236972690611,-0.006379127502441406,-0.07474023103713989,-0.04608515978814154,-0.049219533801078796,-0.18349748849868774,-0.012674993397901346,-0.06583297625184059,-0.155498206615448,-0.04135452167154341,-0.04664554446935654,-0.10291397571563721,-0.03697394163371115,-0.028873294591903687,-0.07438099384307861,-0.025693585658679297,-0.07683349773287773,-0.15813225507736206,-0.01758707084716349,-0.08609244227409363,-0.14020568132400513,-0.03412447453499823,-0.06993575766682625,-0.10016202926635742,-0.029872485930333426,-0.054066576063632965,-0.07977747917175293,-0.02005853087664633
T,0.0,0.0,0.0,0.0404498428106308,-0.05174809694290161,-0.019663784062316836,0.062330931425094604,-0.12264972925186157,-0.029238875364711703,0.03363589942455292,-0.17144465446472168,-0.037646829491308154,-0.00815613567829132,-0.1815967559814453,-0.04391963348334116,0.025799423456192017,-0.20390737056732178,-0.0163368483686952,0.009781897068023682,-0.23299026489257812,-0.04355399996583742,0.013983026146888733,-0.20281654596328735,-0.060907761907031954,0.02405230700969696,-0.16424882411956787,-0.06635886371677202,-0.01580769568681717,-0.21258604526519775,-0.012764411387792052,-0.028867065906524658,-0.15627026557922363,-0.04159665421192926,-0.01770896464586258,-0.09393072128295898,-0.04983081237023157,-0.0026061683893203735,-0.04979830980300903,-0.04709496290033144,-0.04983457550406456,-0.20054882764816284,-0.01280356698279661,-0.056875430047512054,-0.13278383016586304,-0.03644964784925264,-0.04020494967699051,-0.0855289101600647,-0.03527053759043497,-0.02148224413394928,-0.05439412593841553,-0.026878864845087946,-0.07870770618319511,-0.17925900220870972,-0.01523461785708946,-0.08343583345413208,-0.13173681497573853,-0.02940542005543989,-0.0679905042052269,-0.0913274884223938,-0.02689665496890825,-0.05251399427652359,-0.0694471001625061,-0.018076624130657137
T,0.0,0.0,0.0,0.04530590772628784,-0.046791672706604004,-0.01876879160460021,0.07019959390163422,-0.12125080823898315,-0.027546650294027586,0.04900570213794708,-0.1756647229194641,-0.036212990555725355,0.011995598673820496,-0.19633418321609497,-0.04264586654659297,0.03881169855594635,-0.19892168045043945,-0.01864570801313903,0.028071433305740356,-0.24732625484466553,-0.047110090527496595,0.022091791033744812,-0.20987296104431152,-0.06347118181344058,0.02417464554309845,-0.1626647710800171,-0.0680623264348128,-0.001263841986656189,-0.204656720161438,-0.016942659888229628,-0.0164116770029068,-0.1671261191368103,-0.04775310916062381,-0.007950901985168457,-0.10438233613967896,-0.05519641799088504,0.007897958159446716,-0.05708831548690796,-0.05235108596440341,-0.036619365215301514,-0.19502389430999756,-0.018823331717214842,-0.04590684175491333,-0.14719045162200928,-0.04616002974267985,-0.0320231094956398,-0.09360843896865845,-0.04481493544932391,-0.014854446053504944,-0.05512267351150513,-0.036108261469564695,-0.0684102475643158,-0.17873936891555786,-0.0228516315406182,-0.07299590110778809,-0.1465076208114624,-0.04069802773352649,-0.060100771486759186,-0.09953171014785767,-0.03801785272713687,-0.04468337446451187,-0.06965261697769165,-0.029070977616868277
T,0.0,0.0,0.0,0.044432252645492554,-0.06100684404373169,-0.017442469587706455,0.07036088407039642,-0.13725346326828003,-0.024587073465966114,0.04815024137496948,-0.19494259357452393,-0.030598812839173206,0.01483684778213501,-0.21712374687194824,-0.03489257126130951,0.03948315978050232,-0.21435236930847168,-0.012266091173671612,0.027715638279914856,-0.24885499477386475,-0.03597844122924698,0.02093222737312317,-0.21845310926437378,-0.05167434467949761,0.0197221040725708,-0.1764528751373291,-0.05644108458437813,-0.0017231553792953491,-0.22349488735198975,-0.008807809194706806,-0.015069358050823212,-0.19153326749801636,-0.03427503361382378,-0.010436728596687317,-0.13006573915481567,-0.04178005187787903,0.0016321539878845215,-0.07996302843093872,-0.03863667427577866,-0.03665972501039505,-0.21621912717819214,-0.008841712130390533,-0.04537593573331833,-0.16826212406158447,-0.031096900915883907,-0.03284503519535065,-0.11627751588821411,-0.03009337662734879,-0.0155811607837677,-0.07425779104232788,-0.0216872106400956,-0.06682951748371124,-0.19813799858093262,-0.010933147845946678,-0.07417736202478409,-0.16745787858963013,-0.0260968758819331,-0.06259556859731674,-0.12044191360473633,-0.02350491947510136,-0.04728514701128006,-0.08787345886230469,-0.014317391542874702
T,0.0,0.0,0.0,0.0426536500453949,-0.05117720365524292,-0.014250072935766411,0.07164499163627625,-0.12292790412902832,-0.020490129763430787,0.05480535328388214,-0.17777013778686523,-0.027164959633893204,0.022045910358428955,-0.20055663585662842,-0.03215294452959938,0.03782057762145996,-0.20151156187057495,-0.009403222525662613,0.029804319143295288,-0.24176853895187378,-0.03366926061565323,0.02681758999824524,-0.20904189348220825,-0.04968686523491783,0.028945207595825195,-0.16617214679718018,-0.05451756092364235,6.435811519622803e-05,-0.20853835344314575,-0.00810027616674347,-0.010658174753189087,-0.17305397987365723,-0.03283481794053955,-0.004352182149887085,-0.11349540948867798,-0.04020024212653084,0.006091475486755371,-0.06942528486251831,-0.03811830403859062,-0.0329197496175766,-0.19879281520843506,-0.010017624410039616,-0.04149715602397919,-0.15648490190505981,-0.031939094240016175,-0.029675155878067017,-0.10555863380432129,-0.030139650503343773,-0.016088247299194336,-0.06903046369552612,-0.021939813444561196,-0.06352195888757706,-0.1808851957321167,-0.013606060581452084,-0.07015809416770935,-0.1589876413345337,-0.026927133375949097,-0.05985932797193527,-0.11618155241012573,-0.022160106623715592,-0.049024611711502075,-0.08832770586013794,-0.012214478390461636
T,0.0,0.0,0.0,0.04426504671573639,-0.04819148778915405,-0.017934130332378118,0.07319203019142151,-0.12564903497695923,-0.024635912678149907,0.05515246093273163,-0.19367492198944092,-0.031071806154159276,0.0203084796667099,-0.22579973936080933,-0.035530814728645055,0.04704223573207855,-0.1962631344795227,-0.006640930487719743,0.04878316819667816,-0.25119999051094055,-0.03129103203764316,0.04535898566246033,-0.21872484683990479,-0.04675102030387279,0.04236099123954773,-0.17470520734786987,-0.05059612338891384,0.009275287389755249,-0.20250076055526733,-0.0030277828359430714,0.0022573620080947876,-0.19167929887771606,-0.02870896255126354,0.00633394718170166,-0.12652653455734253,-0.03612793778529522,0.012819275259971619,-0.07934689521789551,-0.03336785902729389,-0.024417400360107422,-0.19570320844650269,-0.003463418050614564,-0.029538631439208984,-0.17523527145385742,-0.027715259990600316,-0.019819065928459167,-0.11786633729934692,-0.025536130941418378,-0.010585308074951172,-0.07567691802978516,-0.01589884405484554,-0.05700285732746124,-0.180625319480896,-0.0054176075523173495,-0.057999178767204285,-0.17636340856552124,-0.019428603178766934,-0.04966115206480026,-0.13002586364746094,-0.013682209714261262,-0.04331861436367035,-0.09717744588851929,-0.0027430868381088658
T,0.0,0.0,0.0,0.04379761219024658,-0.04312479496002197,-0.022823542754849768,0.07592454552650452,-0.12027907371520996,-0.032741979162892676,0.05910223722457886,-0.18686151504516602,-0.04175531531473098,0.022406116127967834,-0.22136712074279785,-0.04806947375436721,0.048669904470443726,-0.1928476095199585,-0.014230123188099242,0.05039919912815094,-0.2483612596988678,-0.04414733539124427,0.04413051903247833,-0.20849454402923584,-0.061664022903642035,0.041293323040008545,-0.16051721572875977,-0.06632517318030295,0.010964393615722656,-0.19590723514556885,-0.010275396916767932,0.004253000020980835,-0.19064980745315552,-0.04243575448890624,0.007038205862045288,-0.12381154298782349,-0.050461311291655875,0.015374347567558289,-0.07583087682723999,-0.046913639109334326,-0.02315196394920349,-0.18860465288162231,-0.010987698498865939,-0.027194544672966003,-0.17358356714248657,-0.041373610894879675,-0.02011057734489441,-0.1129528284072876,-0.03845301682849822,-0.010244205594062805,-0.07119709253311157,-0.02686336490114627,-0.05571532994508743,-0.17514187097549438,-0.013621770243844367,-0.05431845784187317,-0.17416787147521973,-0.0318234939386457,-0.04795989394187927,-0.12619376182556152,-0.02618493179579673,-0.04134613275527954,-0.0939779281616211,-0.014548886034390307
T,0.0,0.0,0.0,0.04314976930618286,-0.03948312997817993,-0.025393628531929835,0.07506066560745239,-0.11832290887832642,-0.03545690050148664,0.05799829959869385,-0.18648719787597656,-0.04403711205148397,0.024046078324317932,-0.2249317169189453,-0.04920588528537451,0.052375614643096924,-0.19138771295547485,-0.015132478454944476,0.05294901132583618,-0.25037074089050293,-0.04723950197720228,0.046628326177597046,-0.21038207411766052,-0.06475132798576055,0.04396238923072815,-0.1616010069847107,-0.06852687245034872,0.013705536723136902,-0.19574439525604248,-0.00966288151019512,0.004535883665084839,-0.18917745351791382,-0.0433913367035359,0.006365135312080383,-0.12020456790924072,-0.050826494598624095,0.014073684811592102,-0.07588088512420654,-0.04620602821731268,-0.021337851881980896,-0.18906182050704956,-0.009435940550503119,-0.027719467878341675,-0.1733601689338684,-0.042303924465414866,-0.020350560545921326,-0.11056011915206909,-0.03899938707971273,-0.010419666767120361,-0.07209122180938721,-0.02635225934707819,-0.0551394522190094,-0.17622613906860352,-0.011139697411891802,-0.05467021465301514,-0.17424678802490234,-0.030802137235042437,-0.04782649874687195,-0.12432849407196045,-0.024787587130305155,-0.04099956154823303,-0.09480702877044678,-0.012254134768483027
T,0.0,0.0,0.0,0.04647018015384674,-0.03779172897338867,-0.025127955367196364,0.07981175184249878,-0.11594986915588379,-0.03577784134947137,0.06126907467842102,-0.18462932109832764,-0.044803962697614,0.025481268763542175,-0.22245246171951294,-0.05095790385209398,0.05528825521469116,-0.187470942735672,-0.01835197641455011,0.05782347917556763,-0.24954700469970703,-0.050134953697551055,0.051334843039512634,-0.21224474906921387,-0.06817546172939615,0.04764281213283539,-0.16293549537658691,-0.07261532976232843,0.015945374965667725,-0.19374361634254456,-0.013048388650048537,0.01129065454006195,-0.1879730522632599,-0.04735142423712091,0.011211827397346497,-0.11773812770843506,-0.055432554920543,0.016459405422210693,-0.06696301698684692,-0.05117284565173463,-0.019183844327926636,-0.1884693205356598,-0.012546159913171095,-0.021913036704063416,-0.17280155420303345,-0.044803750356066985,-0.01638171076774597,-0.10900610685348511,-0.04204709886514024,-0.008385837078094482,-0.06594681739807129,-0.029891020273197455,-0.0524197518825531,-0.17697638273239136,-0.013998516490090651,-0.05015946924686432,-0.17343008518218994,-0.03350792883836107,-0.04448099434375763,-0.12361282110214233,-0.02815148106716947,-0.03889727592468262,-0.0926351547241211,-0.016324850385416312
T,0.0,0.0,0.0,0.04643873870372772,-0.033589184284210205,-0.025674244309755068,0.08328288793563843,-0.11089485883712769,-0.036080453465672235,0.0673375129699707,-0.1807260811328888,-0.044885937045307855,0.03167085349559784,-0.2185686230659485,-0.05071146405765603,0.05867226421833038,-0.18126514554023743,-0.018006559382172327,0.0617271363735199,-0.24767014384269714,-0.05016009501645158,0.05579774081707001,-0.21295061707496643,-0.06799551091620515,0.05197444558143616,-0.1648874282836914,-0.07219433031508515,0.01954030990600586,-0.1878577172756195,-0.012527902531417112,0.013828665018081665,-0.18718171119689941,-0.046755574564429025,0.012548744678497314,-0.11737138032913208,-0.05424549050161431,0.016590476036071777,-0.07030284404754639,-0.04971296704837869,-0.015654906630516052,-0.18291950225830078,-0.012016353118212919,-0.020030617713928223,-0.17370110750198364,-0.04506803668567727,-0.01518954336643219,-0.10977822542190552,-0.04145068667361329,-0.008050784468650818,-0.06913387775421143,-0.02871422275433133,-0.04962863028049469,-0.1722772717475891,-0.013410527179928522,-0.04862461984157562,-0.17280054092407227,-0.03338116772005151,-0.04353165626525879,-0.12269449234008789,-0.02714414327869008,-0.03824701905250549,-0.09253805875778198,-0.0147026124549825
T,0.0,0.0,0.0,0.047232866287231445,-0.03392130136489868,-0.024087803606420266,0.08339957892894745,-0.11029428243637085,-0.03419807756367277,0.06798650324344635,-0.1788109838962555,-0.04316706413450788,0.034059226512908936,-0.216416597366333,-0.049587568436294305,0.060583457350730896,-0.1819877028465271,-0.016502134670048463,0.0626496821641922,-0.24852874875068665,-0.04766778478446554,0.05697260797023773,-0.2190895676612854,-0.06619848514023374,0.053694501519203186,-0.1709097921848297,-0.07125582749071668,0.021067753434181213,-0.18838101625442505,-0.01198493519845556,0.017035186290740967,-0.18782296776771545,-0.046653283928066,0.014414295554161072,-0.11877089738845825,-0.05556955391588758,0.017445683479309082,-0.06734627485275269,-0.051901867781310784,-0.014629200100898743,-0.1832982897758484,-0.012097555380790936,-0.017218708992004395,-0.17433753609657288,-0.044832056556373345,-0.013612866401672363,-0.11118167638778687,-0.04202052036347936,-0.007205188274383545,-0.06722748279571533,-0.029902594332128274,-0.04922391474246979,-0.17208793759346008,-0.014094393868475663,-0.04683674871921539,-0.17318043112754822,-0.03483370894613813,-0.04143489897251129,-0.1235891580581665,-0.029404085297613847,-0.035641059279441833,-0.09113544225692749,-0.017430292610555398
T,0.0,0.0,0.0,0.048704713582992554,-0.033432960510253906,-0.026546606475790213,0.08472175896167755,-0.11013376712799072,-0.03781787460513897,0.06769813597202301,-0.18059411644935608,-0.047360876256902884,0.03480762243270874,-0.22121015191078186,-0.05400143718190975,0.06194005906581879,-0.18177402019500732,-0.019187476167758177,0.06610466539859772,-0.2478630542755127,-0.052283191735227774,0.0606473833322525,-0.2159830927848816,-0.07167636012502498,0.056778684258461,-0.16558077931404114,-0.07697750782438106,0.022100284695625305,-0.18764102458953857,-0.013761100041051577,0.021401315927505493,-0.19114026427268982,-0.05114392345615215,0.019203200936317444,-0.11878544092178345,-0.06036432614394016,0.021620750427246094,-0.0634239912033081,-0.056125597710092734,-0.01394478976726532,-0.18323621153831482,-0.01331788549043722,-0.013980403542518616,-0.17620405554771423,-0.048123931194027136,-0.010000571608543396,-0.11047220230102539,-0.04527912443347759,-0.004050731658935547,-0.06406992673873901,-0.03241288816400356,-0.049295589327812195,-0.17238369584083557,-0.014954048822005461,-0.044029027223587036,-0.17358967661857605,-0.03707670574851818,-0.03783762454986572,-0.12275183200836182,-0.032299237007578085,-0.03238390386104584,-0.08976083993911743,-0.02049926264055557
T,0.0,0.0,0.0,0.04966604709625244,-0.03237712383270264,-0.02675034307864621,0.08616280555725098,-0.10816514492034912,-0.03837139361527875,0.06918734312057495,-0.17863383889198303,-0.04830287226465657,0.036178916692733765,-0.21927914023399353,-0.05527166479257062,0.06355679035186768,-0.1783466637134552,-0.018927265116843728,0.06825587153434753,-0.24574416875839233,-0.052174771362814454,0.06212681531906128,-0.21334075927734375,-0.07180150427845433,0.05780249834060669,-0.16231203079223633,-0.07736269959238484,0.02377326786518097,-0.1846698820590973,-0.01349075806317046,0.02316543459892273,-0.1893804371356964,-0.05129267477420285,0.020610570907592773,-0.11714428663253784,-0.06083951347497418,0.02273501455783844,-0.061627745628356934,-0.05682721563604787,-0.012238845229148865,-0.18115553259849548,-0.013078927220675496,-0.011673197150230408,-0.17574623227119446,-0.048397610122236756,-0.008237630128860474,-0.1095687747001648,-0.04565108397034123,-0.0029741525650024414,-0.062438786029815674,-0.03279444777396634,-0.047402530908584595,-0.17139503359794617,-0.014745433973047284,-0.041166022419929504,-0.17208361625671387,-0.037568280631575135,-0.035581350326538086,-0.12023550271987915,-0.03309136086133435,-0.03044252097606659,-0.08630526065826416,-0.02143282645371869
T,0.0,0.0,0.0,0.049599066376686096,-0.030133068561553955,-0.02724709906212297,0.08654908835887909,-0.10586327314376831,-0.03899092399112192,0.06989310681819916,-0.17831972241401672,-0.04895619102350679,0.037206292152404785,-0.220919668674469,-0.05588379674188104,0.06470741331577301,-0.17494598031044006,-0.02032791808775869,0.07064415514469147,-0.24460428953170776,-0.054644578924097686,0.06433649361133575,-0.2095843255519867,-0.07458289884559122,0.05995117127895355,-0.15771621465682983,-0.0801901834510943,0.02516111731529236,-0.18195736408233643,-0.01483040754280296,0.025215789675712585,-0.18812650442123413,-0.05401561208597627,0.021497830748558044,-0.11493664979934692,-0.06355849080316034,0.023030176758766174,-0.058664917945861816,-0.059279667069830566,-0.010793104767799377,-0.1794750988483429,-0.014492845019020706,-0.010056734085083008,-0.17511260509490967,-0.050853254129805237,-0.007146328687667847,-0.10730564594268799,-0.04796538673869577,-0.0018245577812194824,-0.05866771936416626,-0.03474517338506189,-0.04583635926246643,-0.17101073265075684,-0.01628348962000814,-0.04002766311168671,-0.17071250081062317,-0.040107032140412,-0.03467215597629547,-0.11791080236434937,-0.0362141149543902,-0.029189735651016235,-0.08340239524841309,-0.024788623531975418
T,0.0,0.0,0.0,0.0490381121635437,-0.028364062309265137,-0.02746381891259375,0.08574864268302917,-0.10695213079452515,-0.03845387605318251,0.0693930983543396,-0.17963534593582153,-0.04733575788625899,0.03723813593387604,-0.2217881977558136,-0.052767484461156755,0.06371709704399109,-0.1721462905406952,-0.022935560916749864,0.07421723008155823,-0.2440672516822815,-0.056782360200969606,0.06805196404457092,-0.201261967420578,-0.07567544562110129,0.06211531162261963,-0.14628124237060547,-0.08039883804806891,0.024826690554618835,-0.17930662631988525,-0.01707326528915587,0.02752356231212616,-0.18597692251205444,-0.05488023815044585,0.02412189543247223,-0.11365777254104614,-0.0633065952111167,0.024644628167152405,-0.06040239334106445,-0.05872430187949362,-0.01017884910106659,-0.17749840021133423,-0.016196236957995325,-0.007870033383369446,-0.17553359270095825,-0.05044261646756354,-0.004353657364845276,-0.10910224914550781,-0.04676671606787863,0.00023151934146881104,-0.062419354915618896,-0.03364632186779204,-0.044172972440719604,-0.1698060929775238,-0.01754195337483111,-0.037232354283332825,-0.17234927415847778,-0.03985251394399825,-0.031830087304115295,-0.12047642469406128,-0.035425680701820284,-0.027033165097236633,-0.08638221025466919,-0.02390443255492869
T,0.0,0.0,0.0,0.049699604511260986,-0.028918325901031494,-0.027103372392190295,0.08612939715385437,-0.10650652647018433,-0.03833310167206605,0.06943950057029724,-0.17910990118980408,-0.047481192749870615,0.03685063123703003,-0.22109538316726685,-0.05337369675649484,0.06431740522384644,-0.17112833261489868,-0.023613393780721026,0.07516154646873474,-0.2430824339389801,-0.057377512109411555,0.06843331456184387,-0.2018536925315857,-0.07645665342820962,0.062165409326553345,-0.14715954661369324,-0.08145496482862313,0.025214090943336487,-0.17882832884788513,-0.017953094568980532,0.027981862425804138,-0.18504056334495544,-0.05568905035866578,0.024058789014816284,-0.11378651857376099,-0.06434546644700845,0.024376273155212402,-0.06019461154937744,-0.060059426826370554,-0.009893059730529785,-0.17741256952285767,-0.017112274196875887,-0.007716283202171326,-0.17443618178367615,-0.051045718145502406,-0.004517033696174622,-0.10879969596862793,-0.0474998788060077,0.0001163482666015625,-0.06215488910675049,-0.03462588648213227,-0.043735161423683167,-0.17001670598983765,-0.018453170088065463,-0.036972180008888245,-0.17205411195755005,-0.04039337719692071,-0.03189122676849365,-0.12038803100585938,-0.03587621684087594,-0.027094274759292603,-0.08605492115020752,-0.024414167282117205
T,0.0,0.0,0.0,0.04893290996551514,-0.028594911098480225,-0.026618617165269143,0.08592477440834045,-0.10673773288726807,-0.037214050579251534,0.06973466277122498,-0.17916935682296753,-0.04576302929538656,0.038025662302970886,-0.22141212224960327,-0.05093892900961805,0.06532147526741028,-0.17023172974586487,-0.023093704644026047,0.07587611675262451,-0.2426988184452057,-0.05662364377397466,0.06847035884857178,-0.20054486393928528,-0.07518750293868948,0.061881303787231445,-0.14570537209510803,-0.0797120393695252,0.026354193687438965,-0.17800772190093994,-0.01741467094737459,0.027774497866630554,-0.18405607342720032,-0.055035753685416466,0.024027615785598755,-0.11264514923095703,-0.06327190114873815,0.0250614732503891,-0.05933743715286255,-0.05858850343841482,-0.008649736642837524,-0.17714887857437134,-0.01655794917363096,-0.007687106728553772,-0.17344805598258972,-0.050057301807584054,-0.004427224397659302,-0.10797929763793945,-0.04637001692074705,0.000556647777557373,-0.06167006492614746,-0.033453578639210946,-0.042234718799591064,-0.17033997178077698,-0.017891647803963906,-0.03666062653064728,-0.1708076298236847,-0.039410951125802285,-0.031798988580703735,-0.11901897192001343,-0.034996489572705514,-0.02672061324119568,-0.0848589539527893,-0.02363209477383066
T,0.0,0.0,0.0,0.04834821820259094,-0.026995301246643066,-0.027853431255067562,0.08511677384376526,-0.10446518659591675,-0.03905118078037617,0.06933826208114624,-0.17777720093727112,-0.048047317266906475,0.037831440567970276,-0.22132918238639832,-0.05350780308290837,0.06577682495117188,-0.1684795618057251,-0.02350979305848,0.07651647925376892,-0.24243468046188354,-0.057850243598664974,0.06877240538597107,-0.2003442645072937,-0.076764551997627,0.06179210543632507,-0.1459631323814392,-0.08149296611591694,0.027000173926353455,-0.17578774690628052,-0.01761270880743382,0.02739197015762329,-0.1845591962337494,-0.05612137734934208,0.023631900548934937,-0.11255890130996704,-0.06453152567192433,0.02498951554298401,-0.06058567762374878,-0.0598754790429723,-0.008145138621330261,-0.17455893754959106,-0.01672347828790066,-0.008528873324394226,-0.17531782388687134,-0.05159861043139813,-0.005098015069961548,-0.10889697074890137,-0.047462714910949444,0.00012621283531188965,-0.06364667415618896,-0.03398913338824627,-0.042297303676605225,-0.16745620965957642,-0.018054686561669087,-0.0373128205537796,-0.1718619167804718,-0.04071521580263493,-0.03214314579963684,-0.11949020624160767,-0.03591109633489964,-0.0268266499042511,-0.08592033386230469,-0.024087404907191967
T,0.0,0.0,0.0,0.04982548952102661,-0.028312206268310547,-0.027762420763565387,0.08575794100761414,-0.1063305139541626,-0.03868383384246954,0.06958743929862976,-0.17957252264022827,-0.04766098624963888,0.03899979591369629,-0.22456765174865723,-0.05311986274023184,0.06521785259246826,-0.16887453198432922,-0.021482473527385082,0.07729074358940125,-0.24238839745521545,-0.056252403472853985,0.06970259547233582,-0.19910788536071777,-0.07542692712445387,0.062327295541763306,-0.14505374431610107,-0.0802273138513101,0.026731178164482117,-0.17507797479629517,-0.015761891668034878,0.029271215200424194,-0.18812435865402222,-0.0548001176764501,0.02466629445552826,-0.1144568920135498,-0.06355481437344679,0.024546295404434204,-0.06124758720397949,-0.058877447908116665,-0.008195847272872925,-0.17356938123703003,-0.015278680538131084,-0.006397023797035217,-0.17834630608558655,-0.0513368531217111,-0.004108995199203491,-0.11037564277648926,-0.0472043960442079,-0.0004183948040008545,-0.06382697820663452,-0.033212336068345394,-0.04241672158241272,-0.1666344404220581,-0.01693981914718279,-0.035232946276664734,-0.1746949553489685,-0.04034628934164175,-0.0308447927236557,-0.12171012163162231,-0.03530812106032499,-0.027286455035209656,-0.08713984489440918,-0.023123663206888523
T,0.0,0.0,0.0,0.04957854747772217,-0.02703559398651123,-0.027980946822935948,0.08693662285804749,-0.10646843910217285,-0.03886367648738087,0.07113629579544067,-0.1813252866268158,-0.047597753702575574,0.03995627164840698,-0.2260303497314453,-0.05287297338145436,0.06697410345077515,-0.16860854625701904,-0.022558470143849263,0.07916045188903809,-0.2433898150920868,-0.05706190958517254,0.07043591141700745,-0.20104897022247314,-0.0760364484776801,0.06251341104507446,-0.14677435159683228,-0.08085575967925251,0.028305739164352417,-0.17481616139411926,-0.016848315372044453,0.030605465173721313,-0.18845981359481812,-0.05611734732883633,0.02560095489025116,-0.1145167350769043,-0.06466166943209828,0.025777041912078857,-0.060141146183013916,-0.05986851721900166,-0.006674379110336304,-0.1733422875404358,-0.016309209986502538,-0.005324319005012512,-0.17970594763755798,-0.052186577468091855,-0.0031252503395080566,-0.11143511533737183,-0.047684776483947644,0.0009059160947799683,-0.06408721208572388,-0.03365736350315274,-0.040854185819625854,-0.1660315990447998,-0.017961944340640912,-0.034248560667037964,-0.17553290724754333,-0.04145454510944546,-0.030017971992492676,-0.12236970663070679,-0.03637168079512776,-0.026109516620635986,-0.08764147758483887,-0.024284743591124425
T,0.0,0.0,0.0,0.050155043601989746,-0.02880483865737915,-0.027481892073410563,0.0872218906879425,-0.10714983940124512,-0.038268492484348826,0.07230257987976074,-0.18185585737228394,-0.04703780349518638,0.041935354471206665,-0.22690236568450928,-0.05243777197028976,0.06782993674278259,-0.1696145236492157,-0.021341851839679293,0.08132216334342957,-0.24184975028038025,-0.05574765142227989,0.07178136706352234,-0.20117327570915222,-0.07489081185485702,0.0629226565361023,-0.14799419045448303,-0.07985763710166793,0.029094025492668152,-0.17588448524475098,-0.01584040831949096,0.03265419602394104,-0.1890416145324707,-0.054489408546942286,0.027051836252212524,-0.11632108688354492,-0.06307368438865524,0.026587113738059998,-0.06190842390060425,-0.058477912956732325,-0.006040424108505249,-0.17437469959259033,-0.015504122638958506,-0.0033616870641708374,-0.17983946204185486,-0.05102630790497642,-0.0017582476139068604,-0.112740159034729,-0.04654048469092231,0.0014891624450683594,-0.06562244892120361,-0.032602519655483775,-0.040629297494888306,-0.16670513153076172,-0.017339807862299494,-0.03251457214355469,-0.1761224865913391,-0.040460721516865306,-0.02867746353149414,-0.12391167879104614,-0.03515007432724815,-0.025530487298965454,-0.0895962119102478,-0.022984544673818164
T,0.0,0.0,0.0,0.04990887641906738,-0.027132272720336914,-0.028977687855899603,0.08614957332611084,-0.10544335842132568,-0.0402553970121744,0.07082468271255493,-0.18106165528297424,-0.04936314319604662,0.041907042264938354,-0.2282431721687317,-0.05489353780978945,0.06804156303405762,-0.16756901144981384,-0.02173405831092623,0.08103924989700317,-0.24238237738609314,-0.057339731057822974,0.07162168622016907,-0.2011955976486206,-0.07705056240195063,0.06296592950820923,-0.1475783884525299,-0.08223227729433802,0.029430225491523743,-0.17342215776443481,-0.01574852076703337,0.031503766775131226,-0.18958690762519836,-0.05622108226054934,0.02603800594806671,-0.11561602354049683,-0.0654181050264242,0.026147842407226562,-0.06186175346374512,-0.0608067954086664,-0.005610108375549316,-0.1721571981906891,-0.015202748974502356,-0.004565611481666565,-0.1819792091846466,-0.05294743870729235,-0.002932250499725342,-0.11254942417144775,-0.04852550794714716,0.0006567835807800293,-0.0651819109916687,-0.03397820090287951,-0.04041862487792969,-0.1651773750782013,-0.016865355347931654,-0.033650532364845276,-0.1776631474494934,-0.04198222552770403,-0.02962261438369751,-0.12324392795562744,-0.03695278560155657,-0.02603699266910553,-0.08811098337173462,-0.024490875577271254
T,0.0,0.0,0.0,0.05076242983341217,-0.02776402235031128,-0.02787869821759159,0.08700285851955414,-0.10565215349197388,-0.038932418706735916,0.07025445997714996,-0.18047627806663513,-0.04801717984946663,0.04037852585315704,-0.22621595859527588,-0.0536806790855735,0.06797085702419281,-0.1674400269985199,-0.021097202110013313,0.08080197870731354,-0.2413022518157959,-0.05624328020485336,0.07115902006626129,-0.20102110505104065,-0.0759028143015712,0.06234364211559296,-0.14744457602500916,-0.08124392691524918,0.029255792498588562,-0.17277833819389343,-0.015697883698067017,0.030695930123329163,-0.18994450569152832,-0.05539743814142639,0.025589510798454285,-0.1167609691619873,-0.0645001328316539,0.02620689570903778,-0.0629732608795166,-0.060137609275898285,-0.006034821271896362,-0.1709730327129364,-0.015568547206839867,-0.00546148419380188,-0.18245959281921387,-0.052618755283674545,-0.0036931782960891724,-0.11383897066116333,-0.04791113573583061,0.00014451146125793457,-0.0668637752532959,-0.033483850094398804,-0.04118363559246063,-0.16340556740760803,-0.017560253175815888,-0.034526318311691284,-0.1780852973461151,-0.042045260104259796,-0.030405238270759583,-0.12439990043640137,-0.03644594761999542,-0.02672669291496277,-0.08961331844329834,-0.023839425551614113
T,0.0,0.0,0.0,0.05023790895938873,-0.026772379875183105,-0.02758015861968488,0.08711297810077667,-0.10450136661529541,-0.038467755375904744,0.07158483564853668,-0.18001675605773926,-0.047380076556009953,0.04219575226306915,-0.22670072317123413,-0.05274288898567647,0.06813429296016693,-0.16650724411010742,-0.02116519196192712,0.08140037953853607,-0.24143075942993164,-0.05606942793588132,0.07262994349002838,-0.19951945543289185,-0.07503752952675313,0.06438763439655304,-0.14681902527809143,-0.07988592034439534,0.02967652678489685,-0.17214587330818176,-0.01592612808804006,0.03302657604217529,-0.19014614820480347,-0.05525950512151212,0.02710925042629242,-0.11585986614227295,-0.0636380965099761,0.02617284655570984,-0.06288695335388184,-0.0587518716440627,-0.005329623818397522,-0.17081871628761292,-0.015936093239588445,-0.0033462494611740112,-0.18184617161750793,-0.05275020173053235,-0.002016410231590271,-0.1127367615699768,-0.04760652205209226,0.0006989091634750366,-0.06648147106170654,-0.03288547119359464,-0.04015593230724335,-0.16377770900726318,-0.018012186347050374,-0.032509565353393555,-0.1762310266494751,-0.04220447486500234,-0.02851468324661255,-0.12233012914657593,-0.0365195775614211,-0.02559441328048706,-0.0883745551109314,-0.023888951002163594
T,0.0,0.0,0.0,0.050111621618270874,-0.02716529369354248,-0.028108203194705084,0.08654609322547913,-0.1053658127784729,-0.03942846261676891,0.07060050964355469,-0.18213170766830444,-0.048732732765046194,0.041527628898620605,-0.22995084524154663,-0.054542673162785604,0.06794160604476929,-0.16594818234443665,-0.02160980866071327,0.08093255758285522,-0.24311590194702148,-0.05715501808342083,0.07285100221633911,-0.20338889956474304,-0.07667037972029789,0.06471052765846252,-0.15039649605751038,-0.08170921482857807,0.02890947461128235,-0.17096218466758728,-0.016303736127582624,0.0322214812040329,-0.19114378094673157,-0.05664449685033901,0.026803910732269287,-0.11740216612815857,-0.06548489012536152,0.02588634192943573,-0.063556969165802,-0.060676218352881506,-0.0065048933029174805,-0.16967305541038513,-0.016307288191882208,-0.0037768036127090454,-0.18338823318481445,-0.05414806061205013,-0.002489149570465088,-0.11418917775154114,-0.04903921984848125,-0.00012503564357757568,-0.06661295890808105,-0.033990730873910024,-0.04153665900230408,-0.1632579267024994,-0.018402519978252485,-0.03305457532405853,-0.17904585599899292,-0.04330596827682598,-0.029280513525009155,-0.1251729428768158,-0.03742266201194866,-0.027124866843223572,-0.08978897333145142,-0.024415332235065534
T,0.0,0.0,0.0,0.0501229465007782,-0.02856767177581787,-0.02826238442943918,0.08650413155555725,-0.10494917631149292,-0.03984482419477331,0.07059583067893982,-0.17987880110740662,-0.04937572237835752,0.04254108667373657,-0.22725331783294678,-0.05540382695184576,0.06893137097358704,-0.16629278659820557,-0.022371612682803743,0.0824320912361145,-0.24074327945709229,-0.057727890282734506,0.07205381989479065,-0.2006223499774933,-0.077209981351956,0.06291967630386353,-0.14716199040412903,-0.08232882824526655,0.029886409640312195,-0.17200326919555664,-0.016972074478729837,0.03182041645050049,-0.18930232524871826,-0.05706882682429182,0.025899738073349,-0.1162373423576355,-0.06595882979021894,0.025972336530685425,-0.06176912784576416,-0.061337033480270975,-0.0055360496044158936,-0.17076346278190613,-0.01682798211263048,-0.004336684942245483,-0.18130871653556824,-0.05403726008520948,-0.002993971109390259,-0.11322695016860962,-0.049255175709589594,0.00041510164737701416,-0.06560051441192627,-0.034672299593552225,-0.04053255915641785,-0.1636335253715515,-0.018839966699346178,-0.033624231815338135,-0.1778220236301422,-0.043440049707754724,-0.029636472463607788,-0.12433266639709473,-0.03789315950857031,-0.026232600212097168,-0.08874964714050293,-0.025202064037188165
T,0.0,0.0,0.0,0.050986647605895996,-0.025633275508880615,-0.028353117994555532,0.08874151110649109,-0.10397705435752869,-0.039408799849042,0.07284316420555115,-0.1801983118057251,-0.04829611315537363,0.043451517820358276,-0.22690615057945251,-0.05368094950128466,0.0704340934753418,-0.16479739546775818,-0.02250680386234194,0.08420243859291077,-0.24020788073539734,-0.0576752653639403,0.07414785027503967,-0.19958898425102234,-0.07692081540037066,0.06465008854866028,-0.14582502841949463,-0.0818999266545859,0.0314275324344635,-0.17058134078979492,-0.016952984623202383,0.03425095975399017,-0.18861880898475647,-0.05673107936192423,0.028236910700798035,-0.11529070138931274,-0.06517595111537844,0.027825504541397095,-0.060844361782073975,-0.06032494514394671,-0.00396980345249176,-0.16951188445091248,-0.016688923008331358,-0.0019328147172927856,-0.181176096200943,-0.0535282684784022,-0.0009660124778747559,-0.11284950375556946,-0.04839702754426867,0.0018545985221862793,-0.06537723541259766,-0.03376274614740282,-0.039039745926856995,-0.16268321871757507,-0.01862019731808573,-0.031062230467796326,-0.17728501558303833,-0.04313036113191515,-0.027445197105407715,-0.12337824702262878,-0.037567072204836904,-0.024517759680747986,-0.08788794279098511,-0.024990000418910086
T,0.0,0.0,0.0,0.05072733759880066,-0.025229215621948242,-0.028091123394432316,0.08834254741668701,-0.10290372371673584,-0.03921879462129141,0.07283014059066772,-0.17924025654792786,-0.048374340004983196,0.04443526268005371,-0.2267856001853943,-0.05390347919589544,0.07020214200019836,-0.16390225291252136,-0.02173735394305254,0.08369353413581848,-0.24074438214302063,-0.05748850486403967,0.07489997148513794,-0.19894790649414062,-0.07683506614691282,0.06619414687156677,-0.14548292756080627,-0.08176227665668989,0.03137028217315674,-0.16884157061576843,-0.01663851744658018,0.034891098737716675,-0.18969762325286865,-0.057056378639998684,0.028949588537216187,-0.11550217866897583,-0.06558821357018019,0.02762886881828308,-0.062150001525878906,-0.060656480557980785,-0.003942474722862244,-0.16741198301315308,-0.016923293538155804,-0.0015367865562438965,-0.18190157413482666,-0.0547813252282765,-0.0002113431692123413,-0.11242547631263733,-0.04932073882943655,0.002076968550682068,-0.0656009316444397,-0.03419277078634764,-0.039218127727508545,-0.1605491042137146,-0.019330309770765552,-0.03099435567855835,-0.17733830213546753,-0.04451516649848486,-0.02667318284511566,-0.12297552824020386,-0.038651540942254314,-0.02395564317703247,-0.08776849508285522,-0.02573406889266039
T,0.0,0.0,0.0,0.05045115947723389,-0.025433003902435303,-0.027379385111146348,0.08888998627662659,-0.10385674238204956,-0.038300449875407594,0.07461750507354736,-0.18081077933311462,-0.0473733571444086,0.04454091191291809,-0.22772246599197388,-0.053033507344537156,0.0704592764377594,-0.1647898554801941,-0.021951266479902642,0.0849744975566864,-0.2416452169418335,-0.0577391599391035,0.0754026472568512,-0.20099318027496338,-0.07719880613427677,0.06604686379432678,-0.14761272072792053,-0.08217729153972186,0.03145433962345123,-0.17011895775794983,-0.01716902191679992,0.035915300250053406,-0.19035929441452026,-0.05753392252069034,0.028670907020568848,-0.11625993251800537,-0.06595918062072315,0.026718199253082275,-0.062022507190704346,-0.06091701510291614,-0.004044130444526672,-0.16873344779014587,-0.017650634897165673,-0.0010906457901000977,-0.18141162395477295,-0.055416184392981904,-0.0003977566957473755,-0.11205846071243286,-0.050006917593293565,0.0016176551580429077,-0.06487524509429932,-0.034930630502515214,-0.039383530616760254,-0.16192388534545898,-0.02017003755014457,-0.030564963817596436,-0.1772843301296234,-0.045031259683185,-0.026727259159088135,-0.12342631816864014,-0.038932337341123,-0.024371832609176636,-0.08848261833190918,-0.02591865408163585
T,0.0,0.0,0.0,0.05085770785808563,-0.026107311248779297,-0.027312298230725673,0.0888298898935318,-0.1044042706489563,-0.03846115145822182,0.07350079715251923,-0.18162724375724792,-0.047794624157148746,0.043816372752189636,-0.22943463921546936,-0.053765921778875736,0.07080473005771637,-0.1641683578491211,-0.022110086791116146,0.08525578677654266,-0.24161899089813232,-0.05834263090034142,0.07606203854084015,-0.20124122500419617,-0.07822035152454987,0.06613211333751678,-0.147599458694458,-0.08347692985077515,0.03147509694099426,-0.16894254088401794,-0.0175416459514679,0.03623051941394806,-0.19085615873336792,-0.0581021745874466,0.029758229851722717,-0.11625424027442932,-0.06672831524153366,0.027596652507781982,-0.06144356727600098,-0.06201123718162194,-0.004223927855491638,-0.1672290563583374,-0.01824376445253506,-0.0008041858673095703,-0.18243750929832458,-0.056360430009561924,0.000161781907081604,-0.11261993646621704,-0.05076460439701691,0.001774325966835022,-0.06488800048828125,-0.03565055776377335,-0.04004485905170441,-0.1601530909538269,-0.020950958989459423,-0.030528530478477478,-0.1774579882621765,-0.046238063760000614,-0.02631703019142151,-0.12316182255744934,-0.04001297328611031,-0.02429579198360443,-0.08758831024169922,-0.02696546997864857
T,0.0,0.0,0.0,0.05066588521003723,-0.027216553688049316,-0.02700353419643875,0.0886712372303009,-0.10559070110321045,-0.037964925228180846,0.0741298496723175,-0.1826624870300293,-0.04727585619551178,0.043714553117752075,-0.22998881340026855,-0.05323380610209938,0.07063746452331543,-0.16515114903450012,-0.021048333554091414,0.08542078733444214,-0.2433009147644043,-0.0568895675824308,0.07613343000411987,-0.2027258574962616,-0.07653946435314651,0.06626257300376892,-0.1492043137550354,-0.0816301107988977,0.03161655366420746,-0.17042917013168335,-0.016563026292743643,0.03564038872718811,-0.1922583281993866,-0.05685214331609245,0.028850629925727844,-0.11804559826850891,-0.06561488664013382,0.0266752690076828,-0.06384998559951782,-0.06087246915561195,-0.003980159759521484,-0.16891628503799438,-0.017323788313689192,-0.0012663453817367554,-0.18404105305671692,-0.0551437661634111,-0.0003140568733215332,-0.11421912908554077,-0.04973724117738243,0.001397654414176941,-0.06660652160644531,-0.034613672702136,-0.039610326290130615,-0.16201350092887878,-0.020067282079281767,-0.030977368354797363,-0.17934104800224304,-0.04488150781256195,-0.02678312361240387,-0.12559357285499573,-0.03854748612505432,-0.024613618850708008,-0.09040883183479309,-0.02534141583603855
T,0.0,0.0,0.0,0.050644561648368835,-0.026592671871185303,-0.027913435238616557,0.08895643055438995,-0.10427629947662354,-0.0393600825846363,0.0743667334318161,-0.18245163559913635,-0.048958944964425655,0.04478904604911804,-0.23133528232574463,-0.055234233725087734,0.07163278758525848,-0.16457822918891907,-0.021787225145118327,0.08603857457637787,-0.2432677149772644,-0.05804203717710266,0.07614551484584808,-0.2057894766330719,-0.07824401824476013,0.06601907312870026,-0.15190988779067993,-0.08374203263522872,0.03217199444770813,-0.16990995407104492,-0.016972648787515254,0.03575994074344635,-0.1907927691936493,-0.058188381481187434,0.028784573078155518,-0.11663740873336792,-0.06752154498101959,0.02718256413936615,-0.06125682592391968,-0.06300217925311813,-0.003819495439529419,-0.16847378015518188,-0.017472966450469585,-0.0018957406282424927,-0.18194347620010376,-0.05608626349570045,-0.0009781420230865479,-0.11286312341690063,-0.05106796963812599,0.0014619529247283936,-0.06547480821609497,-0.036082218277471156,-0.039928942918777466,-0.16174006462097168,-0.020007884937541576,-0.031626760959625244,-0.178300142288208,-0.045425831216590495,-0.02766527235507965,-0.12455892562866211,-0.03920840366484413,-0.02514795958995819,-0.08952745795249939,-0.025974257725494
T,0.0,0.0,0.0,0.049155935645103455,-0.02674102783203125,-0.029069759732124112,0.0877215713262558,-0.10418391227722168,-0.04169070053660562,0.07181046903133392,-0.18251442909240723,-0.05206343237125566,0.039980217814445496,-0.23132386803627014,-0.05906235132181337,0.07267551124095917,-0.163535475730896,-0.025810758432385228,0.08520694077014923,-0.2457020878791809,-0.06279166120850732,0.07462258636951447,-0.20822283625602722,-0.08245465237462213,0.06415607035160065,-0.15488168597221375,-0.08741572577321222,0.03253650665283203,-0.16853103041648865,-0.02063797678613355,0.03304481506347656,-0.19212323427200317,-0.0631017245706289,0.027424722909927368,-0.11716291308403015,-0.07191515791976144,0.02747078239917755,-0.06211543083190918,-0.0667621352132528,-0.003518730401992798,-0.16793972253799438,-0.02069383006357839,-0.005020812153816223,-0.18085652589797974,-0.060235951876279614,-0.002624526619911194,-0.11051449179649353,-0.054938194191095135,0.0014294683933258057,-0.06346064805984497,-0.03950476351940324,-0.039098307490348816,-0.16223061084747314,-0.022807138821121953,-0.03440535068511963,-0.1771981418132782,-0.048517078941699765,-0.029651209712028503,-0.12241959571838379,-0.04248969707452943,-0.025789514183998108,-0.08759334683418274,-0.029300163349148534
T,0.0,0.0,0.0,0.04957781732082367,-0.02739274501800537,-0.0287295241986385,0.0890926718711853,-0.10741281509399414,-0.04036188844190747,0.07470491528511047,-0.1866382360458374,-0.0500506607030502,0.0431736558675766,-0.23584669828414917,-0.05629003021465451,0.07352900505065918,-0.16735851764678955,-0.02228409397946507,0.08881515264511108,-0.24717667698860168,-0.05940702531086117,0.07744038105010986,-0.20871242880821228,-0.07963003564225346,0.06606462597846985,-0.1549954116344452,-0.0847564076219669,0.03385287523269653,-0.1730463206768036,-0.01717615287350327,0.03625853359699249,-0.1937657594680786,-0.05919420320140034,0.028630077838897705,-0.1184147298336029,-0.0683466826711765,0.027395427227020264,-0.06329977512359619,-0.06333969879494816,-0.0026105940341949463,-0.1717871129512787,-0.017560440782176556,-0.0024189651012420654,-0.1849742829799652,-0.057063583019839825,-0.0017704963684082031,-0.11482042074203491,-0.05197459805356175,0.0009823590517044067,-0.06760549545288086,-0.03653273332463414,-0.03924168646335602,-0.16527584195137024,-0.019991721693145337,-0.03156211972236633,-0.18259382247924805,-0.04542911398755223,-0.027994230389595032,-0.12830010056495667,-0.0388659645949474,-0.025732696056365967,-0.09312248229980469,-0.02521944578336388
T,0.0,0.0,0.0,0.05139923095703125,-0.02673858404159546,-0.02882075328776068,0.09073761105537415,-0.10599610209465027,-0.040569402467696136,0.07598376274108887,-0.18603748083114624,-0.05033938233205504,0.044676974415779114,-0.23522230982780457,-0.05665884185978598,0.07406860589981079,-0.16629311442375183,-0.023241529431430763,0.08905595541000366,-0.2474445104598999,-0.06025763620087332,0.07706889510154724,-0.2080869972705841,-0.0803767705375833,0.06557920575141907,-0.1545225977897644,-0.0857682043726129,0.033814385533332825,-0.171515554189682,-0.018242431994764274,0.03633683919906616,-0.19512265920639038,-0.060463864546505874,0.02858082950115204,-0.11954125761985779,-0.06974621508666701,0.027290642261505127,-0.06432047486305237,-0.06499401126453108,-0.0028415024280548096,-0.17001712322235107,-0.018597625386206573,-0.0018463134765625,-0.18642568588256836,-0.05858011562773413,-0.0012988746166229248,-0.11535203456878662,-0.053334202807633346,0.001122504472732544,-0.06719440221786499,-0.037844836902110046,-0.039626434445381165,-0.16326144337654114,-0.02098287102231211,-0.03150308132171631,-0.18190070986747742,-0.04763356615254111,-0.027584746479988098,-0.12647312879562378,-0.041445646625248855,-0.024955660104751587,-0.09018298983573914,-0.027944164540855354
T,0.0,0.0,0.0,0.051516905426979065,-0.0283738374710083,-0.028307847495199212,0.08962991833686829,-0.10757607221603394,-0.04024909232092,0.07517880201339722,-0.18685969710350037,-0.05052486975026227,0.04417391121387482,-0.23674696683883667,-0.05741080064606763,0.07365205883979797,-0.1678444743156433,-0.021865781213165292,0.08955389261245728,-0.24804013967514038,-0.059591023067952165,0.07812735438346863,-0.20954406261444092,-0.08030465785694219,0.06646424531936646,-0.1566442847251892,-0.0859414244098673,0.03383684158325195,-0.17242413759231567,-0.017401940937162408,0.037014588713645935,-0.19564270973205566,-0.06045547295641995,0.02898716926574707,-0.11910706758499146,-0.07005654815864659,0.026949942111968994,-0.06352078914642334,-0.06530120764207936,-0.0028090476989746094,-0.17048943042755127,-0.01843131874036885,-0.0016954988241195679,-0.1867825984954834,-0.05945906210970975,-0.0010855644941329956,-0.11498183012008667,-0.05412003938388921,0.0011295676231384277,-0.06691908836364746,-0.03821196202468968,-0.03985072672367096,-0.1635187864303589,-0.021412497202874192,-0.031669557094573975,-0.18316099047660828,-0.04837585035991765,-0.027617022395133972,-0.12746590375900269,-0.041677275489092835,-0.025248244404792786,-0.0914280116558075,-0.027718752439142236
T,0.0,0.0,0.0,0.05133761465549469,-0.028846681118011475,-0.02853497172338848,0.0903543084859848,-0.11019417643547058,-0.039939961010645675,0.07609425485134125,-0.19056522846221924,-0.04958784448547249,0.04442258179187775,-0.24052724242210388,-0.05563273521704559,0.07308600842952728,-0.16802248358726501,-0.021828653836678313,0.08934758603572845,-0.2490890622138977,-0.05955952274246101,0.07751969993114471,-0.2077234387397766,-0.07986386733693962,0.06561844050884247,-0.15431100130081177,-0.08513823764963036,0.03337495028972626,-0.172958105802536,-0.017129110718201446,0.03630012273788452,-0.1970311403274536,-0.06003511565370445,0.028360798954963684,-0.12027522921562195,-0.06925209479970817,0.026548415422439575,-0.06580811738967896,-0.06424125897331123,-0.0032569319009780884,-0.17156359553337097,-0.018024636978339004,-0.0023632198572158813,-0.18910658359527588,-0.058632797176073836,-0.0016102045774459839,-0.11701366305351257,-0.053000996435116576,0.0007581561803817749,-0.06929504871368408,-0.03699222447914963,-0.0402342826128006,-0.16520607471466064,-0.020953452760409164,-0.03191345930099487,-0.18476548790931702,-0.04754523801250343,-0.02797037363052368,-0.12892577052116394,-0.04096530991239433,-0.025532111525535583,-0.09302976727485657,-0.027157459953855323
T,0.0,0.0,0.0,0.05139467120170593,-0.02878260612487793,-0.028964955642777568,0.08969622850418091,-0.10858672857284546,-0.04079849673803437,0.07553932070732117,-0.1890292763710022,-0.05072206287081826,0.044975295662879944,-0.23918277025222778,-0.05706733493502725,0.07366740703582764,-0.1677287518978119,-0.022501122489529735,0.08923465013504028,-0.25001055002212524,-0.06007643444831956,0.07699981331825256,-0.20959460735321045,-0.08047543494399179,0.06513696908950806,-0.1560685932636261,-0.0859157594888984,0.03361169993877411,-0.17306727170944214,-0.017536932885604983,0.03595110774040222,-0.19837164878845215,-0.060206488057929164,0.02779349684715271,-0.12166473269462585,-0.06938611744340051,0.02618268132209778,-0.06653887033462524,-0.06445194064076532,-0.0034248679876327515,-0.17188295722007751,-0.01812415970857728,-0.0022414326667785645,-0.19019004702568054,-0.05846668063099969,-0.002066880464553833,-0.11817476153373718,-0.052784927472430354,-1.0639429092407227e-05,-0.06966757774353027,-0.03684538631137002,-0.04085466265678406,-0.1653434932231903,-0.0207928254305898,-0.03227896988391876,-0.18482297658920288,-0.04741343139107812,-0.028533577919006348,-0.1292121410369873,-0.04094101889427293,-0.026223793625831604,-0.0931176245212555,-0.02721379911895383
T,0.0,0.0,0.0,0.051155030727386475,-0.02879655361175537,-0.02976629907948336,0.08987857401371002,-0.10996729135513306,-0.041986055921142906,0.07577846944332123,-0.191430002450943,-0.05204000721437296,0.045214682817459106,-0.24319058656692505,-0.05857273961169085,0.07493101060390472,-0.16732507944107056,-0.024118313814824432,0.09143202006816864,-0.25067293643951416,-0.06195912907583079,0.07840840518474579,-0.2134103775024414,-0.08253233532172999,0.06464599072933197,-0.15979349613189697,-0.08802815924150309,0.034203290939331055,-0.17328977584838867,-0.018852722148722023,0.035659924149513245,-0.1980709433555603,-0.06236435870391688,0.028173372149467468,-0.12163418531417847,-0.07194527636033854,0.026935338973999023,-0.06458154320716858,-0.06704001526100001,-0.003261759877204895,-0.17278125882148743,-0.019127080465977997,-0.003101363778114319,-0.18864458799362183,-0.05983415643436274,-0.001997426152229309,-0.11708992719650269,-0.05466586376292071,0.00071735680103302,-0.06842142343521118,-0.03895323375922999,-0.040624335408210754,-0.1667928695678711,-0.021518981333201737,-0.03296668827533722,-0.18499237298965454,-0.04819620425564608,-0.028653278946876526,-0.1293996274471283,-0.04193776870829424,-0.025836095213890076,-0.09336331486701965,-0.028314952056234688
T,0.0,0.0,0.0,0.05131477117538452,-0.03134733438491821,-0.02900646885615288,0.08872558176517487,-0.11379948258399963,-0.0407744616059631,0.07415108382701874,-0.1941819190979004,-0.050647851803717,0.04408763349056244,-0.2451166808605194,-0.056933694311794625,0.07246898114681244,-0.17105916142463684,-0.02285535519700943,0.08885656297206879,-0.253065288066864,-0.06083707583826481,0.07606394588947296,-0.21283933520317078,-0.08121443984788357,0.0638069361448288,-0.15935111045837402,-0.08644128290694653,0.03211262822151184,-0.17525425553321838,-0.018014644065317498,0.03563697636127472,-0.2018093466758728,-0.06095805836599766,0.02704712748527527,-0.12422043085098267,-0.06983264980596005,0.02538377046585083,-0.06807580590248108,-0.06459739504140316,-0.005392178893089294,-0.17355239391326904,-0.0187833875207275,-0.0034005194902420044,-0.1940186619758606,-0.05941015926879345,-0.003533110022544861,-0.12140357494354248,-0.05325190422814785,-0.0014671385288238525,-0.07230967283248901,-0.036878657319959984,-0.043240487575531006,-0.16675874590873718,-0.021600059026297913,-0.033696189522743225,-0.19185367226600647,-0.047759556004223214,-0.03041219711303711,-0.13595974445343018,-0.04023647753280102,-0.028821632266044617,-0.09900054335594177,-0.025851151698645936
T,0.0,0.0,0.0,0.05248834192752838,-0.032072484493255615,-0.029386260651051543,0.0896136611700058,-0.11318519711494446,-0.04108632645755961,0.07541988790035248,-0.19356736540794373,-0.05078018746525004,0.04640170931816101,-0.2449997365474701,-0.05698661050945475,0.07409323751926422,-0.1726258099079132,-0.02188766106218054,0.0902463048696518,-0.25178027153015137,-0.059330563165246986,0.07676796615123749,-0.21254977583885193,-0.08021991617232516,0.06358925998210907,-0.15893489122390747,-0.0860358244851227,0.03378285467624664,-0.17836079001426697,-0.016496186248957656,0.0357481986284256,-0.20172914862632751,-0.05880620992928698,0.027274370193481445,-0.1250007152557373,-0.06842329270392611,0.025999948382377625,-0.06777718663215637,-0.06386904335766985,-0.003673046827316284,-0.17718002200126648,-0.01673261738568499,-0.002768784761428833,-0.1933223009109497,-0.05669509909301951,-0.0028343945741653442,-0.12121996283531189,-0.0515541202500458,-0.0004313439130783081,-0.07109957933425903,-0.03603314525634005,-0.04163195192813873,-0.16993507742881775,-0.019114109791814826,-0.0334320068359375,-0.1901462972164154,-0.04544326580315783,-0.030034363269805908,-0.1341542899608612,-0.03910357422381594,-0.027550503611564636,-0.09690862894058228,-0.025512299604713462
T,0.0,0.0,0.0,0.05171644687652588,-0.030949413776397705,-0.028810812830130317,0.08922688663005829,-0.11248952150344849,-0.04038369908849404,0.0750172883272171,-0.19314336776733398,-0.05010846137921021,0.04505981504917145,-0.24407565593719482,-0.05638139948169396,0.07280690968036652,-0.1722000539302826,-0.02186074361125634,0.08894570171833038,-0.2524910271167755,-0.059400840400854804,0.07651518285274506,-0.21267718076705933,-0.08003672838131592,0.06445063650608063,-0.15851658582687378,-0.08553201585928605,0.03247307240962982,-0.17749860882759094,-0.01684018663982556,0.035494446754455566,-0.20155423879623413,-0.05938392385760949,0.026813969016075134,-0.12432566285133362,-0.06873567283074067,0.02534256875514984,-0.0672203004360199,-0.06378488868395493,-0.005004256963729858,-0.1761208474636078,-0.017386101856033065,-0.003202378749847412,-0.19265079498291016,-0.05771239727656052,-0.0034878402948379517,-0.12016245722770691,-0.05238485589543984,-0.0011414289474487305,-0.07034674286842346,-0.03653964281002686,-0.042863503098487854,-0.16910642385482788,-0.019976029842297294,-0.0337647944688797,-0.18965700268745422,-0.046364526002804496,-0.030409112572669983,-0.13363322615623474,-0.039701792149941184,-0.02810537815093994,-0.09657555818557739,-0.025789485051433303
T,0.0,0.0,0.0,0.05222246050834656,-0.031240105628967285,-0.029012539337088583,0.0896652489900589,-0.11280980706214905,-0.04076607796054077,0.07511676847934723,-0.19339695572853088,-0.0506253604839344,0.045334577560424805,-0.24455660581588745,-0.057060225779821394,0.07303683459758759,-0.17331624031066895,-0.021293896163513182,0.08944942057132721,-0.2526357173919678,-0.05878436463575554,0.07670958340167999,-0.21331846714019775,-0.07983258264761162,0.06376959383487701,-0.15988728404045105,-0.08581182258825493,0.03284895420074463,-0.1780092418193817,-0.016323127696921347,0.0363682359457016,-0.20280149579048157,-0.05839011716346931,0.027797818183898926,-0.12586534023284912,-0.06795775788526726,0.02584494650363922,-0.06920328736305237,-0.06353409486513328,-0.004505947232246399,-0.17602932453155518,-0.01698750341932964,-0.0023488104343414307,-0.19473716616630554,-0.05707672136526298,-0.0024948716163635254,-0.12220767140388489,-0.051607507194091795,-0.0006725192070007324,-0.07229521870613098,-0.03595199706654739,-0.04245312511920929,-0.16840079426765442,-0.019735529000570295,-0.03309983015060425,-0.1912836730480194,-0.04631581800680351,-0.029523074626922607,-0.1348150670528412,-0.03953412818412971,-0.027392804622650146,-0.09727632999420166,-0.02567319656412792
T,0.0,0.0,0.0,0.05248752236366272,-0.0323185920715332,-0.028596471203627516,0.0897182822227478,-0.11407577991485596,-0.04015777180916302,0.0744803249835968,-0.19386988878250122,-0.049899998260798384,0.044293344020843506,-0.24430084228515625,-0.05626550982719891,0.07293868064880371,-0.1730601191520691,-0.02153946752673619,0.0892365574836731,-0.2524823844432831,-0.05893926243311398,0.07600799202919006,-0.2134430706501007,-0.07996392543441289,0.06284242868423462,-0.15926572680473328,-0.08587887431508534,0.032676950097084045,-0.17793458700180054,-0.01659537213868134,0.034836545586586,-0.20147624611854553,-0.058771553589167524,0.02661074697971344,-0.1250217854976654,-0.06838447148925297,0.025499865412712097,-0.06767553091049194,-0.06392067219144337,-0.0049348026514053345,-0.1762431263923645,-0.01719385865158074,-0.003942832350730896,-0.19329914450645447,-0.05687788049704068,-0.003713846206665039,-0.12138497829437256,-0.05151421497589581,-0.0011718273162841797,-0.07125735282897949,-0.03600159208303921,-0.04307609796524048,-0.16869774460792542,-0.01988574783331387,-0.034531205892562866,-0.1899806261062622,-0.04599190051681035,-0.03079722821712494,-0.13382196426391602,-0.03929882417446606,-0.028115838766098022,-0.09623885154724121,-0.025548157422008444
T,0.0,0.0,0.0,0.05294717848300934,-0.03294801712036133,-0.028375451338746416,0.08955840766429901,-0.11610710620880127,-0.03959358751521336,0.07395653426647186,-0.19624313712120056,-0.049073106495001184,0.044615164399147034,-0.24712300300598145,-0.05513352423653828,0.07234658300876617,-0.1741715967655182,-0.020875175369241106,0.08871106803417206,-0.2536691725254059,-0.0582377825652145,0.0751902312040329,-0.21448710560798645,-0.079196824577906,0.06189723312854767,-0.1601988673210144,-0.0850341458593391,0.03198866546154022,-0.178522527217865,-0.016064519879677164,0.03458969295024872,-0.20227020978927612,-0.058265848902323114,0.026199907064437866,-0.1258319914340973,-0.06777513667688595,0.025132283568382263,-0.06817054748535156,-0.06321877136574017,-0.0056616514921188354,-0.17649006843566895,-0.016887082604029047,-0.004094675183296204,-0.19466164708137512,-0.05650252371773945,-0.003951326012611389,-0.12285763025283813,-0.051076001373388635,-0.0013382434844970703,-0.07228443026542664,-0.03549111902461277,-0.043791621923446655,-0.16882357001304626,-0.019814255533077585,-0.03506670892238617,-0.19226688146591187,-0.04574759945020901,-0.03126269578933716,-0.13626959919929504,-0.03893192380414234,-0.02857019007205963,-0.09822863340377808,-0.025119840053179132
T,0.0,0.0,0.0,0.05324256420135498,-0.03316175937652588,-0.028973393027257544,0.09032556414604187,-0.11617755889892578,-0.04045036423630677,0.07512924075126648,-0.1967470943927765,-0.05007074016756974,0.04568620026111603,-0.24823135137557983,-0.05620730656809769,0.07257485389709473,-0.17419743537902832,-0.021357387189340216,0.08930543065071106,-0.2543987035751343,-0.05892369139618836,0.07620075345039368,-0.21350792050361633,-0.08004883665270768,0.06332585215568542,-0.15873432159423828,-0.08594299841351472,0.032261401414871216,-0.1790013313293457,-0.016206825037073713,0.03557480871677399,-0.20287293195724487,-0.05849675450153313,0.0273602157831192,-0.12639084458351135,-0.06819950777716599,0.026309892535209656,-0.06869181990623474,-0.06380195159144364,-0.005326002836227417,-0.1774699091911316,-0.016740230728458982,-0.0027819573879241943,-0.19574645161628723,-0.05627043161220513,-0.0027761757373809814,-0.12390875816345215,-0.05103320616908036,-0.00028856098651885986,-0.07290899753570557,-0.03562144551105462,-0.043313443660736084,-0.17036688327789307,-0.019451688860129934,-0.033651769161224365,-0.19246000051498413,-0.04547345626778565,-0.02998870611190796,-0.13612064719200134,-0.039056829993199926,-0.027350500226020813,-0.09774637222290039,-0.02551742817885838
T,0.0,0.0,0.0,0.053398534655570984,-0.03433060646057129,-0.02827557028669503,0.09019611775875092,-0.1165594756603241,-0.03977723271984246,0.0747864693403244,-0.1962367296218872,-0.04965598733562615,0.04448282718658447,-0.24694299697875977,-0.05618949459332612,0.07124178111553192,-0.17511647939682007,-0.02109611631769326,0.08874531090259552,-0.2537694573402405,-0.05881523938316491,0.07600687444210052,-0.21372759342193604,-0.08025759683388856,0.06272096931934357,-0.1596672236919403,-0.08635848240393784,0.03111441433429718,-0.18037211894989014,-0.01637957656222966,0.035793885588645935,-0.20259302854537964,-0.058501789732162024,0.027102693915367126,-0.12589281797409058,-0.0682120196654239,0.02500993013381958,-0.06782317161560059,-0.06388376878041413,-0.006407201290130615,-0.1786368191242218,-0.017291184900585677,-0.0026656687259674072,-0.1947493851184845,-0.05664824174183991,-0.0030310600996017456,-0.12267732620239258,-0.05136717335719254,-0.001109287142753601,-0.0714024007320404,-0.0359437897934356,-0.04451461136341095,-0.17127779126167297,-0.02034314946669724,-0.03410355746746063,-0.19224423170089722,-0.04574485348004487,-0.030462980270385742,-0.13698366284370422,-0.03895284832853463,-0.02814324200153351,-0.09929293394088745,-0.02528348789948609
T,0.0,0.0,0.0,0.05332452058792114,-0.03341209888458252,-0.028771017636472607,0.09107983112335205,-0.11554571986198425,-0.040474898140246296,0.07544761896133423,-0.1955011487007141,-0.050344741861636066,0.04442429542541504,-0.2461787760257721,-0.05686832494598093,0.07224291563034058,-0.17430227994918823,-0.021717849145943546,0.08903124928474426,-0.2530493140220642,-0.059505856554324055,0.07725659012794495,-0.21278351545333862,-0.08112059808831873,0.06476980447769165,-0.15798917412757874,-0.0873821107254571,0.03206564486026764,-0.17965516448020935,-0.016720094676429653,0.03557540476322174,-0.2020147740840912,-0.058783001224810505,0.027472317218780518,-0.12574759125709534,-0.06865016646247568,0.025793522596359253,-0.06795921921730042,-0.06452653087239923,-0.005275622010231018,-0.17809778451919556,-0.01735380194645586,-0.002751976251602173,-0.19435381889343262,-0.05642519048910799,-0.00278395414352417,-0.12311297655105591,-0.051203525583559895,-0.0006321817636489868,-0.07252731919288635,-0.03601966328483286,-0.042979344725608826,-0.17090380191802979,-0.020190716679508114,-0.03359586000442505,-0.19073697924613953,-0.045689339707905674,-0.030091464519500732,-0.13497376441955566,-0.03916929564934435,-0.02769675850868225,-0.09739187359809875,-0.025725775356704617
T,0.0,0.0,0.0,0.05355960130691528,-0.03216719627380371,-0.02952839858437528,0.09040412306785583,-0.11527273058891296,-0.041124538104782005,0.07448360323905945,-0.19556021690368652,-0.05069061792994489,0.045271411538124084,-0.2469491958618164,-0.056840826343545814,0.07321512699127197,-0.17389965057373047,-0.021914251666316886,0.09005632996559143,-0.25183409452438354,-0.05969242058301916,0.07627275586128235,-0.2135172188282013,-0.08136364496851911,0.062200456857681274,-0.1590893566608429,-0.08772626943493833,0.03265950083732605,-0.17934030294418335,-0.016471807431230445,0.03557811677455902,-0.20116165280342102,-0.05902048997188558,0.027181759476661682,-0.12472283840179443,-0.06896661646271696,0.025846168398857117,-0.06651946902275085,-0.06465848214531889,-0.005128189921379089,-0.17779728770256042,-0.016737558465251823,-0.0031228959560394287,-0.192783921957016,-0.05642758734131803,-0.0030793696641921997,-0.12136900424957275,-0.05139676905776014,-0.00070992112159729,-0.07100909948348999,-0.03612155519033422,-0.043438658118247986,-0.1704317331314087,-0.019243430863866706,-0.03392231464385986,-0.18969428539276123,-0.045289047580013175,-0.03027486801147461,-0.13372594118118286,-0.038890380929956336,-0.02773064374923706,-0.09633117914199829,-0.02538419194127073
T,0.0,0.0,0.0,0.052519381046295166,-0.033931195735931396,-0.02862908266672548,0.08959746360778809,-0.11674878001213074,-0.04029363528081831,0.07412916421890259,-0.19666573405265808,-0.050263976158589685,0.04375338554382324,-0.24774721264839172,-0.056902592482060754,0.07096180319786072,-0.1743546426296234,-0.021224148051828706,0.08841770887374878,-0.25323519110679626,-0.05922549724766668,0.07556018233299255,-0.21411383152008057,-0.08076793462225851,0.062260061502456665,-0.15975847840309143,-0.08679957449623998,0.030751332640647888,-0.17905664443969727,-0.016475719811410272,0.03548027575016022,-0.20094218850135803,-0.05924104660937246,0.02683800458908081,-0.12411868572235107,-0.06909188389965948,0.02491477131843567,-0.06576764583587646,-0.06462123006770071,-0.006834536790847778,-0.17706787586212158,-0.017420237364262903,-0.003065258264541626,-0.19310036301612854,-0.05749517440983709,-0.0032967329025268555,-0.12102174758911133,-0.05230580777117666,-0.0012789666652679443,-0.06995704770088196,-0.03668201103994306,-0.04500576853752136,-0.16980352997779846,-0.02047589928099569,-0.034306228160858154,-0.19169843196868896,-0.04623889684864935,-0.0307016521692276,-0.1358620822429657,-0.03923152521440443,-0.02869284152984619,-0.0978914201259613,-0.02526520140656885
T,0.0,0.0,0.0,0.05255801975727081,-0.03473770618438721,-0.028774686611399147,0.08980725705623627,-0.11597862839698792,-0.04056088485489795,0.07456080615520477,-0.19532740116119385,-0.050698591849908325,0.043181419372558594,-0.24566060304641724,-0.057560520700320694,0.07054974138736725,-0.17524570226669312,-0.020703597447976563,0.08699740469455719,-0.254115492105484,-0.05855781816612193,0.07545007765293121,-0.21479368209838867,-0.08036395393978069,0.06332169473171234,-0.16076022386550903,-0.08664057635436961,0.030527040362358093,-0.18015378713607788,-0.015720529935464356,0.03412830829620361,-0.2021077275276184,-0.05829682432781169,0.026334166526794434,-0.12593689560890198,-0.06886861704956004,0.024900615215301514,-0.06798988580703735,-0.064974086812839,-0.006703540682792664,-0.1784144639968872,-0.01640152231524894,-0.004055827856063843,-0.19482004642486572,-0.05607029654751727,-0.0038196146488189697,-0.123554527759552,-0.05145199455986926,-0.001309514045715332,-0.07245263457298279,-0.03632866077791164,-0.04469636082649231,-0.17127186059951782,-0.019248802668556664,-0.03500951826572418,-0.19263651967048645,-0.04494691126714656,-0.031189829111099243,-0.13731816411018372,-0.038555989495620224,-0.028527989983558655,-0.09921872615814209,-0.02501389802168319
T,0.0,0.0,0.0,0.05267640948295593,-0.03454834222793579,-0.02911225838062137,0.09003496170043945,-0.11564099788665771,-0.041306534236639436,0.07402217388153076,-0.1949341893196106,-0.05170080942508548,0.042323365807533264,-0.24565106630325317,-0.058760249441832,0.07029783725738525,-0.17597296833992004,-0.021696809133857187,0.08677983283996582,-0.25340139865875244,-0.059562032496899064,0.07551169395446777,-0.21220973134040833,-0.08136395869252055,0.06337839365005493,-0.15825390815734863,-0.08775211629864543,0.03027026355266571,-0.18130850791931152,-0.016634217849343713,0.034806281328201294,-0.20181620121002197,-0.05865734574791759,0.02674165368080139,-0.12524548172950745,-0.06893662867543071,0.02433963119983673,-0.06786105036735535,-0.06514293459650844,-0.006871968507766724,-0.1793540120124817,-0.01721381900307506,-0.003428518772125244,-0.19411873817443848,-0.05649418515560001,-0.0033326447010040283,-0.12251424789428711,-0.05166277793642848,-0.0015185624361038208,-0.07162356376647949,-0.036644542044371065,-0.04456306993961334,-0.1720081865787506,-0.01999689770337909,-0.034601643681526184,-0.1914316713809967,-0.04551681262847751,-0.03106670081615448,-0.13594800233840942,-0.03908361626264423,-0.029020488262176514,-0.0981132984161377,-0.025660901716321405
T,0.0,0.0,0.0,0.05287379026412964,-0.03377193212509155,-0.0290770709314927,0.09011778235435486,-0.1146102249622345,-0.04115033818274583,0.07456520199775696,-0.19347652792930603,-0.05138328967481698,0.04342988133430481,-0.24391639232635498,-0.0582620419362172,0.07077285647392273,-0.1756289005279541,-0.021948409433065308,0.0864640474319458,-0.25319063663482666,-0.05972776485472764,0.07587036490440369,-0.21183422207832336,-0.08127166254311646,0.06495440006256104,-0.15755099058151245,-0.08739989919453706,0.0304994136095047,-0.18071064352989197,-0.01683644315093602,0.035451650619506836,-0.20190846920013428,-0.05889334825664605,0.02742786705493927,-0.1254705786705017,-0.06880819721013154,0.02557109296321869,-0.06791746616363525,-0.06463524622708405,-0.0067816972732543945,-0.17874890565872192,-0.017371771092115296,-0.0026916861534118652,-0.19372668862342834,-0.05656813008576478,-0.0028973370790481567,-0.12245616316795349,-0.051532278935013665,-0.0007071942090988159,-0.07166314125061035,-0.03633357135444726,-0.04446093738079071,-0.17139968276023865,-0.020108479241429222,-0.03404116630554199,-0.19130843877792358,-0.04547975880890931,-0.030642688274383545,-0.13611364364624023,-0.03898081479459847,-0.028399676084518433,-0.09841793775558472,-0.02549813425034131
T,0.0,0.0,0.0,0.05238744616508484,-0.03326016664505005,-0.028654004436702962,0.08927452564239502,-0.11427706480026245,-0.04007346275147938,0.07409822940826416,-0.19340363144874573,-0.04977769124207043,0.044278621673583984,-0.2438385784626007,-0.05601326095757031,0.07143574953079224,-0.17390665411949158,-0.02081806677279019,0.08614835143089294,-0.25370633602142334,-0.05827410238680386,0.07598698139190674,-0.21212932467460632,-0.07935321423110508,0.06554889678955078,-0.15788954496383667,-0.0851755002408936,0.030830785632133484,-0.17867854237556458,-0.015847439867229696,0.03448496758937836,-0.20364543795585632,-0.05822763311562085,0.027007251977920532,-0.12707558274269104,-0.06834259721335911,0.02556633949279785,-0.07018774747848511,-0.06406593414840245,-0.006683826446533203,-0.17712968587875366,-0.016508924764366384,-0.003528222441673279,-0.19558453559875488,-0.056284070935817,-0.00311887264251709,-0.12367069721221924,-0.05156059655246281,-0.0005016922950744629,-0.07299387454986572,-0.03627975377139592,-0.04455357789993286,-0.17035749554634094,-0.01927966530320191,-0.034645020961761475,-0.1920049786567688,-0.04530237334665799,-0.03073751926422119,-0.13651618361473083,-0.03922569098767781,-0.028027281165122986,-0.09863877296447754,-0.025842062187166448
T,0.0,0.0,0.0,0.05251285433769226,-0.03267025947570801,-0.028648937271810837,0.08985868096351624,-0.11410966515541077,-0.04015302300629742,0.07457858324050903,-0.1932288408279419,-0.049955975415088005,0.04337327182292938,-0.24289226531982422,-0.056386053712941475,0.07113197445869446,-0.1738956868648529,-0.02096109479842312,0.08644545078277588,-0.2530350685119629,-0.05826538816270954,0.07566177845001221,-0.21190431714057922,-0.07951096832928783,0.064552903175354,-0.1574104130268097,-0.08545995891270763,0.03075385093688965,-0.17853054404258728,-0.016012292506076164,0.03514602780342102,-0.20182067155838013,-0.0580106900650037,0.027476906776428223,-0.12609580159187317,-0.06813352942643291,0.025647267699241638,-0.06883162260055542,-0.06400697320876247,-0.006516486406326294,-0.17658981680870056,-0.016667867230154343,-0.003026306629180908,-0.1939297914505005,-0.05572353691039211,-0.002655342221260071,-0.12311649322509766,-0.05099450811920292,-0.00036513805389404297,-0.07265865802764893,-0.0359644071775449,-0.0440845787525177,-0.16951757669448853,-0.0194755887257827,-0.033931583166122437,-0.19149410724639893,-0.04461654663262493,-0.03023698925971985,-0.13735288381576538,-0.038155362160779305,-0.027919158339500427,-0.1000453531742096,-0.024734532611347504
T,0.0,0.0,0.0,0.05160611867904663,-0.03421938419342041,-0.027999860207017946,0.08807048201560974,-0.11596035957336426,-0.039104794124540376,0.07249271869659424,-0.19436922669410706,-0.048610777566608476,0.04221060872077942,-0.24421483278274536,-0.054712553481039095,0.07009148597717285,-0.17457464337348938,-0.01995921597855954,0.08521229028701782,-0.2527778744697571,-0.056896765688833284,0.07446324825286865,-0.21250736713409424,-0.07781771288293271,0.06340357661247253,-0.15899723768234253,-0.08359750078099637,0.029874950647354126,-0.17930781841278076,-0.015276459949490118,0.03351001441478729,-0.20194017887115479,-0.05703410224097638,0.026180818676948547,-0.1265670359134674,-0.06706726268905072,0.024807408452033997,-0.06989860534667969,-0.06288549766915708,-0.007425844669342041,-0.17756667733192444,-0.016173143843587923,-0.004538178443908691,-0.1937311887741089,-0.055235733250555086,-0.0038148164749145508,-0.12291431427001953,-0.05060157642739682,-0.0010518282651901245,-0.07290470600128174,-0.035576772848543214,-0.04510392248630524,-0.17068716883659363,-0.019159165183481264,-0.03505904972553253,-0.19211038947105408,-0.04431124866979985,-0.03106115758419037,-0.13774508237838745,-0.03785784632938771,-0.028503552079200745,-0.10051387548446655,-0.02440328055101304
T,0.0,0.0,0.0,0.05156064033508301,-0.0346103310585022,-0.02771048795895581,0.08844885230064392,-0.11260762810707092,-0.03904936265664105,0.07087579369544983,-0.18941950798034668,-0.04906649318056111,0.04206262528896332,-0.2397819459438324,-0.05584289309101109,0.0717717707157135,-0.17521053552627563,-0.017755560469794318,0.08669742941856384,-0.24795407056808472,-0.05457717355804448,0.07831549644470215,-0.20947042107582092,-0.07604701247529988,0.06770959496498108,-0.1559150218963623,-0.08225618478374486,0.03173956274986267,-0.1799650490283966,-0.013434104514288947,0.0374380499124527,-0.2042645514011383,-0.05490036856846814,0.0291985422372818,-0.12903821468353271,-0.06565084483938222,0.025110110640525818,-0.06975886225700378,-0.06198235031681065,-0.004869252443313599,-0.17843002080917358,-0.01482980408238177,-0.0005126744508743286,-0.1916063129901886,-0.0542610491486073,-0.001111358404159546,-0.12152528762817383,-0.05099508714394574,-8.882582187652588e-05,-0.07026952505111694,-0.03671830695586209,-0.042390018701553345,-0.17224296927452087,-0.018218556311893508,-0.031670019030570984,-0.19254297018051147,-0.04334796768145566,-0.02795165777206421,-0.13854283094406128,-0.03757934075312619,-0.025982022285461426,-0.1002446711063385,-0.024720117342639014
T,0.0,0.0,0.0,0.051411136984825134,-0.03070157766342163,-0.02850143462842425,0.08809198439121246,-0.11025747656822205,-0.04011857547288855,0.07125036418437958,-0.1882057785987854,-0.04992126338606795,0.041171059012413025,-0.23793983459472656,-0.05616432838564833,0.06981511414051056,-0.1717890202999115,-0.02184135504489859,0.08391515910625458,-0.24944639205932617,-0.05916453190570792,0.07518233358860016,-0.20738109946250916,-0.07969765030270537,0.06577260792255402,-0.15416443347930908,-0.08528140597468337,0.029749155044555664,-0.1771414577960968,-0.017030733082947336,0.03443478047847748,-0.19922861456871033,-0.05904972218399962,0.02781672775745392,-0.12201321125030518,-0.06827477030878981,0.025684520602226257,-0.06622284650802612,-0.06366045438176116,-0.007132053375244141,-0.17578139901161194,-0.0178245179397436,-0.002738475799560547,-0.1899765431880951,-0.05768219046717604,-0.0021165162324905396,-0.11760550737380981,-0.05248888247137984,-0.00032176077365875244,-0.0684511661529541,-0.03706969730978926,-0.04465608298778534,-0.16935566067695618,-0.0206974115264984,-0.03313623368740082,-0.1875419020652771,-0.04667612202888449,-0.02932952344417572,-0.1315682828426361,-0.040557071943339906,-0.02758118510246277,-0.09490823745727539,-0.027356552336868845
T,0.0,0.0,0.0,0.05133351683616638,-0.03314971923828125,-0.027594772832088665,0.08826324343681335,-0.11234277486801147,-0.038526896120600895,0.07129746675491333,-0.1892186999320984,-0.04805542501955529,0.04261058568954468,-0.2392330765724182,-0.0543480624571373,0.07108744978904724,-0.17231246829032898,-0.018373843015723423,0.08592066168785095,-0.24688610434532166,-0.05477824407964249,0.07694646716117859,-0.20816782116889954,-0.07570097941308518,0.06586998701095581,-0.15520846843719482,-0.0816256960049202,0.03128214180469513,-0.17682480812072754,-0.014006734558932976,0.036665380001068115,-0.2001110315322876,-0.054706662626557545,0.028968200087547302,-0.12541422247886658,-0.06491870033889313,0.025249525904655457,-0.06856077909469604,-0.06124607819467087,-0.005247041583061218,-0.1752709448337555,-0.015255101689689354,-0.0008402913808822632,-0.1906856894493103,-0.05430824655442734,-0.0011041909456253052,-0.12018376588821411,-0.05031842339187165,-0.00021716952323913574,-0.07012015581130981,-0.03582116934805413,-0.04283896088600159,-0.16904592514038086,-0.01846182133405705,-0.03126844763755798,-0.19168305397033691,-0.04368666160254975,-0.027319759130477905,-0.13706550002098083,-0.037346593768887715,-0.02582557499408722,-0.09895631670951843,-0.024122845114760594
T,0.0,0.0,0.0,0.05021628737449646,-0.030389130115509033,-0.027581587241485295,0.08770844340324402,-0.10945543646812439,-0.0386841593249585,0.07148954272270203,-0.18613269925117493,-0.04810928906638878,0.04207503795623779,-0.235040545463562,-0.05407245437939423,0.06874483823776245,-0.16997507214546204,-0.021413398714258847,0.0833209753036499,-0.24778097867965698,-0.05745774860818642,0.07493677735328674,-0.2056806981563568,-0.0772944724126603,0.06561872363090515,-0.15254774689674377,-0.08256419356305855,0.029220491647720337,-0.17509177327156067,-0.016842350171401677,0.034922465682029724,-0.19704651832580566,-0.05719406511028069,0.028403550386428833,-0.12200191617012024,-0.06639391537149208,0.02601541578769684,-0.06715160608291626,-0.06217645089466828,-0.00673869252204895,-0.17379114031791687,-0.017598291666701016,-0.002032950520515442,-0.18812254071235657,-0.055729474680020985,-0.0012586265802383423,-0.1175605058670044,-0.05087004582722443,0.00035563111305236816,-0.06863963603973389,-0.03617607410390633,-0.04324863851070404,-0.16776946187019348,-0.020375175209238705,-0.03237445652484894,-0.18635377287864685,-0.045418236212327656,-0.028239130973815918,-0.13138478994369507,-0.03935978914935845,-0.026187971234321594,-0.09416919946670532,-0.02638876977701443
T,0.0,0.0,0.0,0.0504879355430603,-0.03296869993209839,-0.028025452659363737,0.08767592906951904,-0.11033934354782104,-0.03949308270298957,0.07085809111595154,-0.1864549219608307,-0.04941390702211379,0.04252958297729492,-0.23627930879592896,-0.056075567991371145,0.07064953446388245,-0.17073366045951843,-0.018930402264828672,0.08539164066314697,-0.24377399682998657,-0.055246798933382024,0.07749414443969727,-0.2059817910194397,-0.0763216564961624,0.06719550490379333,-0.1533181071281433,-0.08246108391963958,0.03113304078578949,-0.17547562718391418,-0.014300414041514387,0.03641781210899353,-0.1981165111064911,-0.055123733968372335,0.028934508562088013,-0.12430325150489807,-0.06572666266643523,0.02500927448272705,-0.06725001335144043,-0.0623443821974945,-0.0049984753131866455,-0.17429238557815552,-0.015251937002773275,-0.0009928494691848755,-0.18838375806808472,-0.054216271878118505,-0.0010655224323272705,-0.11905747652053833,-0.05066781738483428,-0.0001872330904006958,-0.06929594278335571,-0.03653929257475852,-0.04204864799976349,-0.16847309470176697,-0.01820282885515212,-0.031105518341064453,-0.18876352906227112,-0.0434796685882759,-0.02711045742034912,-0.1348033845424652,-0.03770089396917342,-0.025462210178375244,-0.09716689586639404,-0.02490853393160819
T,0.0,0.0,0.0,0.04989224672317505,-0.030786991119384766,-0.027330682620714697,0.08640480041503906,-0.10618844628334045,-0.03880761285157064,0.06864818930625916,-0.18122872710227966,-0.04868607689471105,0.04006895422935486,-0.2293681502342224,-0.05511465017528394,0.06944257020950317,-0.16777539253234863,-0.020221012652228865,0.08322304487228394,-0.2396431267261505,-0.055957992568920645,0.07550057768821716,-0.20011046528816223,-0.07597879786820272,0.06668215990066528,-0.14739197492599487,-0.08161043842167715,0.030075490474700928,-0.17287984490394592,-0.015937265947769674,0.03535294532775879,-0.19389218091964722,-0.05567658413977483,0.028683841228485107,-0.1204332709312439,-0.06488115806908468,0.026311472058296204,-0.06478464603424072,-0.06091105286807874,-0.005944579839706421,-0.17136132717132568,-0.01706034597785333,-0.0014701783657073975,-0.18260616064071655,-0.054976054475019964,-0.0011429786682128906,-0.11462345719337463,-0.050712314442108664,0.0005005151033401489,-0.06658768653869629,-0.03656071890921453,-0.04253929853439331,-0.16493543982505798,-0.020159767017077,-0.0317574143409729,-0.18208792805671692,-0.04470813740820745,-0.02763313055038452,-0.12929949164390564,-0.0389288151714311,-0.02538149058818817,-0.09331005811691284,-0.026456437081407103
T,0.0,0.0,0.0,0.04927311837673187,-0.03028857707977295,-0.02775712026030419,0.08508171141147614,-0.10461956262588501,-0.03967622568578122,0.06627054512500763,-0.17926180362701416,-0.050065002345746734,0.03898651897907257,-0.22945183515548706,-0.05701914703220723,0.06975515186786652,-0.16702091693878174,-0.018530600645846107,0.08433561027050018,-0.23719552159309387,-0.05503956502050755,0.07743225991725922,-0.20012634992599487,-0.07596172293395398,0.06774787604808807,-0.14819595217704773,-0.08202094485730527,0.030526772141456604,-0.17213135957717896,-0.014228429586893299,0.03581701219081879,-0.19392919540405273,-0.054752043389981964,0.028956010937690735,-0.1197989284992218,-0.06465646525592206,0.02543283998966217,-0.06368118524551392,-0.060955635213559844,-0.005665943026542664,-0.1711767017841339,-0.01562776876360772,-0.0011399835348129272,-0.18308433890342712,-0.054869751387542465,-0.0007934421300888062,-0.11377227306365967,-0.05101149057716725,2.1249055862426758e-05,-0.06559944152832031,-0.036757106834357955,-0.04289798438549042,-0.16563522815704346,-0.018954028317040184,-0.031180113554000854,-0.18306559324264526,-0.04431314667434094,-0.026724711060523987,-0.12905484437942505,-0.03854462405413983,-0.02496810257434845,-0.093264639377594,-0.025898958497947433
T,0.0,0.0,0.0,0.04927217960357666,-0.02674919366836548,-0.02827014451312948,0.08646601438522339,-0.10018283128738403,-0.04046932098853517,0.06857818365097046,-0.17566630244255066,-0.05092160267221857,0.039876699447631836,-0.22521436214447021,-0.05799261344063211,0.06991943717002869,-0.16256985068321228,-0.01994647507953573,0.08414632081985474,-0.23484426736831665,-0.05635159698712755,0.07785239815711975,-0.19716161489486694,-0.07690824059235979,0.06897035241127014,-0.1457636058330536,-0.0828274065016501,0.03104761242866516,-0.16733908653259277,-0.015470629124223478,0.037615448236465454,-0.19148284196853638,-0.05610474435079027,0.030673950910568237,-0.11654597520828247,-0.06548632172334123,0.027301162481307983,-0.060979604721069336,-0.06143238631474901,-0.004734456539154053,-0.16610658168792725,-0.01664558475303579,0.0008279383182525635,-0.18113037943840027,-0.05598175016629625,0.000660330057144165,-0.11120867729187012,-0.05154069376575876,0.0014179348945617676,-0.0632663369178772,-0.03699241442072321,-0.04144008457660675,-0.16085922718048096,-0.019757008677601107,-0.02926275134086609,-0.17950862646102905,-0.04521248353111673,-0.025483518838882446,-0.125481516122818,-0.0392575213073485,-0.023826509714126587,-0.09007060527801514,-0.026638173064469584
T,0.0,0.0,0.0,0.05006754398345947,-0.02965337038040161,-0.025406021158602243,0.0830773413181305,-0.10148417949676514,-0.03633803082576037,0.06240004301071167,-0.1742563247680664,-0.04641953809132815,0.037391453981399536,-0.2228270173072815,-0.05336352018585444,0.06916046142578125,-0.16111961007118225,-0.015535568352248674,0.08196565508842468,-0.23284372687339783,-0.05072060553303004,0.07596546411514282,-0.19633498787879944,-0.07027096627226115,0.06756433844566345,-0.14586398005485535,-0.07545643625726939,0.030353128910064697,-0.1636863648891449,-0.012565256561543947,0.035754501819610596,-0.1878521740436554,-0.05209556175341845,0.029518187046051025,-0.1147083044052124,-0.061233050655033594,0.026784241199493408,-0.061071693897247314,-0.05706373555531741,-0.005240634083747864,-0.1617407202720642,-0.015190260018613344,-0.00018821656703948975,-0.17714965343475342,-0.05448773084154368,-0.000514596700668335,-0.10612207651138306,-0.050026267300751215,0.00038945674896240234,-0.059259235858917236,-0.03514455212226153,-0.041708096861839294,-0.1559697687625885,-0.019438789691236025,-0.029587090015411377,-0.1777549684047699,-0.04376145778169871,-0.02554383873939514,-0.12420082092285156,-0.036603789310362345,-0.024056419730186462,-0.09004604816436768,-0.02321266336312533
T,0.0,0.0,0.0,0.05043841898441315,-0.026192843914031982,-0.026475772865779845,0.08801938593387604,-0.10074114799499512,-0.03669820413804814,0.07175590097904205,-0.17531144618988037,-0.045306862004764525,0.04568926990032196,-0.2239404320716858,-0.05062894211030766,0.06900070607662201,-0.16265541315078735,-0.018398954205878226,0.08475516736507416,-0.23380842804908752,-0.05289527089215085,0.07785527408123016,-0.19352898001670837,-0.07195382625675961,0.06870697438716888,-0.14209365844726562,-0.0768686240992622,0.030346974730491638,-0.1680908501148224,-0.013929350905783622,0.03968270123004913,-0.19051766395568848,-0.052584842451580016,0.03186924755573273,-0.11701017618179321,-0.06120529086209103,0.02738712728023529,-0.06269294023513794,-0.05669318199969098,-0.004903227090835571,-0.16741520166397095,-0.01482986532963082,0.0031291842460632324,-0.18046385049819946,-0.051905148335464446,0.002085477113723755,-0.11132538318634033,-0.04746143580294415,0.0022330880165100098,-0.06390136480331421,-0.03312922329521939,-0.040576398372650146,-0.1620996594429016,-0.017581472777493445,-0.026408135890960693,-0.17913860082626343,-0.041278660901554076,-0.023583054542541504,-0.12580329179763794,-0.03534156144476697,-0.022959277033805847,-0.09064078330993652,-0.022879668184287993
T,0.0,0.0,0.0,0.05057846009731293,-0.027531027793884277,-0.026151622055976986,0.08681903779506683,-0.10200554132461548,-0.036493961109727024,0.07099990546703339,-0.17591750621795654,-0.04527276043495476,0.044415637850761414,-0.22350037097930908,-0.05067436803778946,0.06660984456539154,-0.16296446323394775,-0.019640408798068165,0.0823587030172348,-0.2356109321117401,-0.05392090637883484,0.07549042999744415,-0.1937865912914276,-0.07276228104433358,0.0674479752779007,-0.14189046621322632,-0.0775362927158767,0.028773322701454163,-0.1696549952030182,-0.014997481710224747,0.03672747313976288,-0.1867617666721344,-0.053204052491992115,0.02983127534389496,-0.11484652757644653,-0.061501685871689915,0.027021124958992004,-0.06122404336929321,-0.05701308731636345,-0.005854368209838867,-0.16919776797294617,-0.015589517882972359,0.001599147915840149,-0.17960810661315918,-0.05156325955590546,0.0013318806886672974,-0.11152422428131104,-0.04699347947439492,0.0024685263633728027,-0.0629267692565918,-0.03293113817176163,-0.04067303240299225,-0.16347000002861023,-0.018183702944725155,-0.028275325894355774,-0.17652618885040283,-0.04210080985626519,-0.024879708886146545,-0.12353354692459106,-0.037125114693253636,-0.023153185844421387,-0.0873558521270752,-0.025193767963855862
T,0.0,0.0,0.0,0.05142177641391754,-0.025653958320617676,-0.02629477529606561,0.08723856508731842,-0.1020159125328064,-0.035994775582167904,0.07192771136760712,-0.17661550641059875,-0.0440775863715146,0.0453658252954483,-0.2240923047065735,-0.048750977952096264,0.06794609129428864,-0.16247546672821045,-0.019193124014947216,0.0838775783777237,-0.23466065526008606,-0.05320843680581788,0.07705651223659515,-0.19260263442993164,-0.07204974069080095,0.06842641532421112,-0.140654057264328,-0.07685186340293626,0.03017885982990265,-0.1701323390007019,-0.01422077323130111,0.03798024356365204,-0.18373683094978333,-0.0516830049344037,0.031036242842674255,-0.11340093612670898,-0.05993574856600503,0.027840539813041687,-0.06260663270950317,-0.05564693732938508,-0.004251927137374878,-0.17016980051994324,-0.014529878262493412,0.002281874418258667,-0.17684733867645264,-0.04928079991421441,0.0021251142024993896,-0.11036843061447144,-0.04474128781637887,0.0033018141984939575,-0.06478428840637207,-0.031160892907593052,-0.03865659236907959,-0.16517260670661926,-0.016932936374161045,-0.027251794934272766,-0.17436948418617249,-0.03937760366878251,-0.024095192551612854,-0.12192404270172119,-0.034114263940665523,-0.02192188799381256,-0.0877760648727417,-0.02235066889605264
T,0.0,0.0,0.0,0.051837772130966187,-0.02704596519470215,-0.026097950345871368,0.08632969856262207,-0.10313671827316284,-0.036392527452704826,0.06866085529327393,-0.17598962783813477,-0.045124358317849556,0.04190310835838318,-0.22203388810157776,-0.05034197383284322,0.06931203603744507,-0.1612662672996521,-0.02020415552615873,0.08598461747169495,-0.23456895351409912,-0.05501409881472341,0.0769672691822052,-0.19346213340759277,-0.07433115579843275,0.06683045625686646,-0.13980722427368164,-0.07917585112809888,0.03099408745765686,-0.16853660345077515,-0.015418948425946155,0.037658095359802246,-0.17951446771621704,-0.05440769978523008,0.029773682355880737,-0.10876476764678955,-0.06261240579843275,0.02667596936225891,-0.05624699592590332,-0.05773074813842527,-0.0038872212171554565,-0.16862040758132935,-0.015951224423048416,0.0009950995445251465,-0.17144399881362915,-0.05059980489969007,0.0010361075401306152,-0.10677266120910645,-0.0460346963322138,0.002913236618041992,-0.061994194984436035,-0.03234527521490804,-0.03784163296222687,-0.163479745388031,-0.018648153922555366,-0.02772127091884613,-0.16996288299560547,-0.04008832090258352,-0.02430930733680725,-0.11854416131973267,-0.034546169272658744,-0.021703168749809265,-0.08528739213943481,-0.022654314345714965
T,0.0,0.0,0.0,0.05049815773963928,-0.029369711875915527,-0.026381872110704307,0.08619341254234314,-0.10442429780960083,-0.03713822502706421,0.06926816701889038,-0.17755532264709473,-0.04639965061161888,0.04267185926437378,-0.22532027959823608,-0.05215526137564552,0.06646984815597534,-0.16466569900512695,-0.019504652806261902,0.08278179168701172,-0.23464429378509521,-0.05497341368410957,0.07604673504829407,-0.19420558214187622,-0.07480878148291481,0.06713736057281494,-0.14169812202453613,-0.07997122172329796,0.028238952159881592,-0.17103612422943115,-0.015163436979690914,0.036864638328552246,-0.18359088897705078,-0.05462468180868996,0.0297471284866333,-0.11137217283248901,-0.06322911147091759,0.026302427053451538,-0.05790436267852783,-0.05860506136033905,-0.006766811013221741,-0.1703360378742218,-0.016261007153133278,0.0005398392677307129,-0.17530593276023865,-0.05270725626562012,2.3245811462402344e-06,-0.10850757360458374,-0.048004263528326874,0.0010153651237487793,-0.06270146369934082,-0.033704010286072617,-0.04179437458515167,-0.16468670964241028,-0.019426708557347183,-0.02858540415763855,-0.17547562718391418,-0.041959696897009735,-0.025648757815361023,-0.12343823909759521,-0.03569214183900726,-0.024526208639144897,-0.08979523181915283,-0.023056655638555412
T,0.0,0.0,0.0,0.05100636184215546,-0.028496384620666504,-0.025906286143765556,0.08656589686870575,-0.10217320919036865,-0.03654743445764552,0.06964235007762909,-0.1750141978263855,-0.04555693356047641,0.042860791087150574,-0.2224665880203247,-0.051320307829485046,0.06813614070415497,-0.16414335370063782,-0.019435479247079,0.08278711140155792,-0.23344728350639343,-0.05334825901041995,0.07597880065441132,-0.19318073987960815,-0.07261275959859859,0.06750185787677765,-0.1418944001197815,-0.07800858182559978,0.02980847656726837,-0.171958327293396,-0.014874162093803989,0.03730855882167816,-0.18651753664016724,-0.05228780297289859,0.03080703318119049,-0.11516106128692627,-0.060834717878208266,0.02753753960132599,-0.06094759702682495,-0.05688367498765956,-0.005280643701553345,-0.17181989550590515,-0.015480493136749374,0.001861080527305603,-0.1775783896446228,-0.05034339515219699,0.0022061914205551147,-0.11061495542526245,-0.04608207655797969,0.003221273422241211,-0.06261301040649414,-0.032729295023784744,-0.04027535021305084,-0.16597437858581543,-0.01811928203056823,-0.028176680207252502,-0.17399469017982483,-0.04095691157232295,-0.024614199995994568,-0.12166744470596313,-0.036080894001827346,-0.02296362817287445,-0.0868384838104248,-0.02462991414319049
T,0.0,0.0,0.0,0.05006754398345947,-0.02779829502105713,-0.026903620512598536,0.0851472020149231,-0.10129719972610474,-0.038269321025723,0.0693390965461731,-0.17406782507896423,-0.047846502215975306,0.04226964712142944,-0.2213963270187378,-0.054020813257807276,0.06630772352218628,-0.16286900639533997,-0.021239359454625628,0.08064737915992737,-0.2346922755241394,-0.05605406925212719,0.07428359985351562,-0.19376081228256226,-0.07556184619795658,0.06652006506919861,-0.14188149571418762,-0.0808604905022321,0.02822747826576233,-0.17003631591796875,-0.016315816493147395,0.03524249792098999,-0.18392068147659302,-0.054964317531698725,0.029045313596725464,-0.11218130588531494,-0.06359254807364323,0.02617734670639038,-0.059030890464782715,-0.05936441064011433,-0.00661015510559082,-0.16956877708435059,-0.016615931467526934,-0.00015744566917419434,-0.17576345801353455,-0.05250442639123776,0.0006323754787445068,-0.10877662897109985,-0.04808324813973286,0.0022311359643936157,-0.06153374910354614,-0.034285707922094844,-0.04125291109085083,-0.1636963188648224,-0.019020429403894923,-0.02983829379081726,-0.1718900501728058,-0.04277396813165524,-0.02582693099975586,-0.11946123838424683,-0.03800247475635388,-0.023625895380973816,-0.08486264944076538,-0.026295505986922763
T,0.0,0.0,0.0,0.05011583864688873,-0.026615917682647705,-0.026579980366136624,0.08591939508914948,-0.10165423154830933,-0.03728169817497928,0.06964822113513947,-0.17490354180335999,-0.046136269904877736,0.04270334541797638,-0.22159478068351746,-0.05160300303271015,0.06737877428531647,-0.16287675499916077,-0.021327056549694134,0.08151771128177643,-0.2344028651714325,-0.055464698560740544,0.0744733065366745,-0.19435745477676392,-0.07461106646826465,0.06639577448368073,-0.14167743921279907,-0.07973795998861988,0.029194220900535583,-0.1708310842514038,-0.016280785761978223,0.03488816320896149,-0.18063786625862122,-0.05440601948669155,0.028905734419822693,-0.10970473289489746,-0.06280665714314182,0.027294054627418518,-0.0565531849861145,-0.05851038787534435,-0.005660712718963623,-0.1706467866897583,-0.01635764408877094,-0.00046128034591674805,-0.17323416471481323,-0.051270856149699284,0.0003774315118789673,-0.10733729600906372,-0.04690235350301464,0.002960488200187683,-0.060932815074920654,-0.03345225248506267,-0.04013912379741669,-0.16476595401763916,-0.018556226603891446,-0.02970312535762787,-0.1708984375,-0.041350847669150426,-0.025960266590118408,-0.11864888668060303,-0.036416980065610005,-0.02289898693561554,-0.08456796407699585,-0.024771562405135228
T,0.0,0.0,0.0,0.04995882511138916,-0.02791893482208252,-0.026355342950722616,0.08587291836738586,-0.10220915079116821,-0.037010002892515104,0.07019603252410889,-0.17524027824401855,-0.04609114677836601,0.0426311194896698,-0.22205868363380432,-0.05183028803398315,0.06675499677658081,-0.16390997171401978,-0.01974590496351425,0.08184707164764404,-0.2337348759174347,-0.05455332623054687,0.07525333762168884,-0.1925564408302307,-0.07417261229088012,0.06679457426071167,-0.1402300000190735,-0.079312931757471,0.02898108959197998,-0.17131799459457397,-0.015028315607509057,0.03496125340461731,-0.18127337098121643,-0.053723312925598066,0.028910547494888306,-0.10976558923721313,-0.06266498194267456,0.02692517638206482,-0.05674248933792114,-0.058457318704626005,-0.005660414695739746,-0.17066150903701782,-0.015577979397079389,-0.000623852014541626,-0.1734050214290619,-0.051209341745874326,-5.2675604820251465e-05,-0.10713833570480347,-0.0471803657822818,0.0022694915533065796,-0.06098753213882446,-0.03353554384042923,-0.04020705819129944,-0.16458719968795776,-0.01819495299091045,-0.02944079041481018,-0.17215660214424133,-0.040777858357927244,-0.02584443986415863,-0.12051600217819214,-0.03549138085176651,-0.023302316665649414,-0.08662748336791992,-0.023488201212188642
T,0.0,0.0,0.0,0.050702810287475586,-0.026243209838867188,-0.026499057309678165,0.08630344271659851,-0.10078185796737671,-0.036877283947518436,0.07079207897186279,-0.17427021265029907,-0.04563218553548154,0.0441717803478241,-0.221220463514328,-0.05097355519419011,0.06780236959457397,-0.16267195343971252,-0.019781457381299106,0.0832289457321167,-0.23344606161117554,-0.05456099112515744,0.07586973905563354,-0.19266816973686218,-0.07408083056097325,0.06706368923187256,-0.13964462280273438,-0.07916027133350667,0.02986571192741394,-0.1704089641571045,-0.014835205050161449,0.03563636541366577,-0.17999005317687988,-0.0535520856547862,0.029420673847198486,-0.10906267166137695,-0.06237919081931409,0.0277060866355896,-0.05641603469848633,-0.058059612410119144,-0.004939571022987366,-0.17003178596496582,-0.015196865545561877,6.026029586791992e-05,-0.17136704921722412,-0.05073651869778928,0.0006757080554962158,-0.10543161630630493,-0.04668039654379186,0.0032007843255996704,-0.0599098801612854,-0.033064549909880725,-0.039446040987968445,-0.16403019428253174,-0.017664900170615283,-0.028738856315612793,-0.1696622371673584,-0.0402769391704112,-0.025223717093467712,-0.11787283420562744,-0.03514584352259931,-0.022462010383605957,-0.08456653356552124,-0.02325216879134473
T,0.0,0.0,0.0,0.04921582341194153,-0.027013957500457764,-0.025000721916001112,0.08392030000686646,-0.10201019048690796,-0.03494310821537283,0.06545385718345642,-0.17287063598632812,-0.043590378716032774,0.03853645920753479,-0.21787691116333008,-0.048702795758288175,0.06696748733520508,-0.16315972805023193,-0.01796133699957636,0.08337986469268799,-0.23308560252189636,-0.05179485003594664,0.07557210326194763,-0.19439944624900818,-0.07049198891166952,0.06547018885612488,-0.1419280767440796,-0.07497301395181921,0.02871909737586975,-0.1704038679599762,-0.013726304053705007,0.03554394841194153,-0.1753547191619873,-0.051490769490044386,0.02921321988105774,-0.10452693700790405,-0.05919175665025023,0.02677088975906372,-0.05266314744949341,-0.0540827966773918,-0.006303772330284119,-0.16966208815574646,-0.014800776495974333,-0.0015235096216201782,-0.16558551788330078,-0.04893721337560919,-0.0006577521562576294,-0.10192328691482544,-0.044596512570421964,0.0015841275453567505,-0.05930835008621216,-0.031126943185370237,-0.040487080812454224,-0.16370388865470886,-0.01792105729822424,-0.02971893548965454,-0.1656942069530487,-0.038469646825831205,-0.026378139853477478,-0.11423856019973755,-0.03247208963279036,-0.024464011192321777,-0.08264422416687012,-0.020374121844213278
T,0.0,0.0,0.0,0.04826629161834717,-0.02768099308013916,-0.02576412556410901,0.0817626416683197,-0.10284936428070068,-0.036017268129597824,0.06403228640556335,-0.17410826683044434,-0.04482719225526921,0.03815147280693054,-0.21998998522758484,-0.05009156388879887,0.06540587544441223,-0.16179221868515015,-0.01887153198660485,0.07989144325256348,-0.23314344882965088,-0.05289417801142804,0.07242235541343689,-0.19388455152511597,-0.07183983845354192,0.06342044472694397,-0.14113622903823853,-0.07660407496334187,0.02736419439315796,-0.16758790612220764,-0.014457315371345203,0.034015387296676636,-0.1761355996131897,-0.052582784720669906,0.02802976965904236,-0.10596489906311035,-0.06061631736994855,0.026052266359329224,-0.05518823862075806,-0.05582141799570195,-0.007465839385986328,-0.16639351844787598,-0.015338486225317638,-0.002820909023284912,-0.16749367117881775,-0.050132083871375244,-0.0016174018383026123,-0.10335534811019897,-0.04557231364489667,0.0008842647075653076,-0.06056910753250122,-0.03190365357042424,-0.04185330867767334,-0.1602933704853058,-0.018282697700868766,-0.030855804681777954,-0.16670197248458862,-0.039717010387192886,-0.027025938034057617,-0.11530238389968872,-0.03353271556736104,-0.02474874258041382,-0.08318203687667847,-0.02116611895800702
T,0.0,0.0,0.0,0.04842764139175415,-0.028802454471588135,-0.025390844981046712,0.08286303281784058,-0.10489344596862793,-0.03518198076901058,0.06626051664352417,-0.1761852204799652,-0.04349258933481792,0.03889822959899902,-0.22115761041641235,-0.04843736831364254,0.06600159406661987,-0.1643931269645691,-0.018195543627115285,0.07964834570884705,-0.23255544900894165,-0.05158106629070858,0.07207754254341125,-0.1935807168483734,-0.07041846234616855,0.06324976682662964,-0.14171189069747925,-0.0752883182865105,0.028161555528640747,-0.1710105538368225,-0.013659386153193509,0.033612996339797974,-0.17761200666427612,-0.05098596234140018,0.028339385986328125,-0.10810184478759766,-0.0593646803897343,0.027067989110946655,-0.056754469871520996,-0.05504731852826694,-0.006558775901794434,-0.16992485523223877,-0.014305325413914716,-0.0027192234992980957,-0.1689562201499939,-0.04851563293752292,-0.0011369138956069946,-0.10507935285568237,-0.044643189946981465,0.0020143091678619385,-0.061486005783081055,-0.03159069661316494,-0.04085686802864075,-0.16360464692115784,-0.016970645825239217,-0.03038763999938965,-0.1694779396057129,-0.03817262519416431,-0.02651575207710266,-0.11850166320800781,-0.03251314927157978,-0.02376742660999298,-0.08581244945526123,-0.02060934920129398
T,0.0,0.0,0.0,0.04813331365585327,-0.029013991355895996,-0.025314221248720514,0.08115267753601074,-0.1048087477684021,-0.0348586254722818,0.06294950842857361,-0.17508894205093384,-0.04308750489423119,0.03686651587486267,-0.21977591514587402,-0.047744955957625734,0.06448289752006531,-0.16441097855567932,-0.016558408827279436,0.07813331484794617,-0.2318309247493744,-0.05011852467129074,0.07122248411178589,-0.19283396005630493,-0.06889438638160073,0.06262576580047607,-0.14073330163955688,-0.07350753256747566,0.02663460373878479,-0.17049691081047058,-0.012134001680408346,0.032795250415802,-0.175927072763443,-0.04993585878679596,0.027562260627746582,-0.10623574256896973,-0.058148253799174654,0.026167482137680054,-0.05576509237289429,-0.053249646068309175,-0.008282214403152466,-0.1690288782119751,-0.013110998176728117,-0.003829389810562134,-0.1659499704837799,-0.04770239451596581,-0.0022972673177719116,-0.10227113962173462,-0.043836426079963076,0.0008478462696075439,-0.06021469831466675,-0.030383989304993975,-0.042926445603370667,-0.16237488389015198,-0.016129691243861544,-0.03217378258705139,-0.16613927483558655,-0.036777563483212816,-0.028094470500946045,-0.11543697118759155,-0.030835215092395174,-0.02541770040988922,-0.08443242311477661,-0.018649766311739313
T,0.0,0.0,0.0,0.048033908009529114,-0.029631316661834717,-0.025365185193209072,0.08239789307117462,-0.10324209928512573,-0.03550891411998691,0.06628675758838654,-0.1737850308418274,-0.044224700159816166,0.03939907252788544,-0.21957653760910034,-0.04976556283929767,0.06589721143245697,-0.164953351020813,-0.018130919165400883,0.07881514728069305,-0.2313762903213501,-0.051952110804109,0.07160036265850067,-0.19259002804756165,-0.07093562392094555,0.06321065127849579,-0.14192092418670654,-0.07602076438763561,0.028114765882492065,-0.1709578037261963,-0.01389962547966661,0.0332857221364975,-0.18334484100341797,-0.05149044675329151,0.027768239378929138,-0.11236882209777832,-0.059910712964324375,0.026073485612869263,-0.060034096240997314,-0.05563340169885578,-0.006732523441314697,-0.1693783402442932,-0.01488367395052137,-0.002083823084831238,-0.1716492772102356,-0.05067073387601795,-0.0006798207759857178,-0.1051943302154541,-0.046718208319930454,0.0019207000732421875,-0.06014937162399292,-0.03318781984546604,-0.041711851954460144,-0.16216397285461426,-0.017720289729027172,-0.03016754984855652,-0.1705304980278015,-0.04053976220586719,-0.02595214545726776,-0.11821824312210083,-0.03503184971907558,-0.023609131574630737,-0.0848381519317627,-0.02299731431105556
T,0.0,0.0,0.0,0.04731789231300354,-0.0285148024559021,-0.025498630437738257,0.08138570189476013,-0.10272568464279175,-0.0359675008391207,0.0657849907875061,-0.17339080572128296,-0.044837864074594336,0.03811785578727722,-0.21889805793762207,-0.05038904208291228,0.06455564498901367,-0.16432347893714905,-0.02024165723074134,0.0772458016872406,-0.23195114731788635,-0.054129233542568045,0.06978338956832886,-0.19143113493919373,-0.07302606287944968,0.061863720417022705,-0.13951325416564941,-0.07792342636335547,0.02699217200279236,-0.1718350350856781,-0.015720251906401472,0.03099048137664795,-0.17850029468536377,-0.053450895432121115,0.025432586669921875,-0.10808849334716797,-0.06177062350857909,0.024368733167648315,-0.05627018213272095,-0.05737356278646644,-0.0075973570346832275,-0.17069190740585327,-0.01624794859040435,-0.0045160651206970215,-0.16831514239311218,-0.050893327180034476,-0.003043338656425476,-0.10351318120956421,-0.046931030187494116,0.00035241246223449707,-0.05898404121398926,-0.03367822799432929,-0.04145941138267517,-0.16366297006607056,-0.018766460899001913,-0.03216096758842468,-0.16699057817459106,-0.040756819728500204,-0.028440266847610474,-0.11553782224655151,-0.035663386765605765,-0.025379717350006104,-0.08249998092651367,-0.023948337841517287
T,0.0,0.0,0.0,0.047616779804229736,-0.027623414993286133,-0.025721132784781275,0.08203005790710449,-0.10144692659378052,-0.036196121975478945,0.06667450070381165,-0.17256444692611694,-0.04499408046871167,0.03883960843086243,-0.2175317406654358,-0.05054589550167066,0.06489530205726624,-0.1626484990119934,-0.020518228441176234,0.07730710506439209,-0.2316054105758667,-0.054186819150743304,0.07057765126228333,-0.19216695427894592,-0.07294964979558927,0.06318444013595581,-0.1404086947441101,-0.07783875803619367,0.027413398027420044,-0.16986000537872314,-0.015831833734807788,0.030970990657806396,-0.17908897995948792,-0.053230596735772906,0.02613718807697296,-0.10895264148712158,-0.0613972079303835,0.02574266493320465,-0.05719411373138428,-0.057093566313085375,-0.0070076584815979,-0.1688610017299652,-0.016177661746439753,-0.003939464688301086,-0.1693124771118164,-0.050783691957292376,-0.002128124237060547,-0.10420286655426025,-0.04665543700724584,0.0015650689601898193,-0.05929642915725708,-0.03343803997307759,-0.04098933935165405,-0.16207319498062134,-0.018512995943126498,-0.03162124752998352,-0.16796106100082397,-0.04068451191454869,-0.027775853872299194,-0.11648792028427124,-0.03553177605539304,-0.024480551481246948,-0.08320051431655884,-0.023879667773542224
T,0.0,0.0,0.0,0.047754496335983276,-0.02982783317565918,-0.02485156233780117,0.0812932550907135,-0.10376638174057007,-0.03519445273451538,0.06538143754005432,-0.17386910319328308,-0.04413640114836426,0.03745284676551819,-0.21874898672103882,-0.049848474444672775,0.06346368789672852,-0.16466104984283447,-0.019156318040415954,0.07606986165046692,-0.23259928822517395,-0.05273178953103752,0.06949639320373535,-0.19270890951156616,-0.07164518895916672,0.06219550967216492,-0.14128094911575317,-0.07665019843153686,0.026028573513031006,-0.1717839241027832,-0.014983450876400184,0.031039267778396606,-0.1795034110546112,-0.05227056133918495,0.025915324687957764,-0.10936123132705688,-0.06060145783595772,0.024799451231956482,-0.057571589946746826,-0.05637419212035866,-0.008395493030548096,-0.17043748497962952,-0.015831747906133842,-0.0037369132041931152,-0.16921564936637878,-0.05030848446659775,-0.002170279622077942,-0.10401880741119385,-0.04621086257867546,0.0009004771709442139,-0.05904436111450195,-0.03294622886352272,-0.04238331317901611,-0.16326922178268433,-0.018632452817485046,-0.031589195132255554,-0.16766497492790222,-0.0405386200862381,-0.027669265866279602,-0.11631637811660767,-0.035234693320319366,-0.024875372648239136,-0.08324921131134033,-0.02346155594460697
T,0.0,0.0,0.0,0.04760804772377014,-0.029501497745513916,-0.025051343242239454,0.08143988251686096,-0.10260701179504395,-0.03552774618060539,0.06545448303222656,-0.1731652021408081,-0.044433324585270384,0.03730788826942444,-0.21815887093544006,-0.05019858757646034,0.0645623505115509,-0.16341596841812134,-0.01990827264876316,0.07639014720916748,-0.23153576254844666,-0.05302813182265709,0.06926864385604858,-0.19274014234542847,-0.07171594629676292,0.06194227933883667,-0.14176803827285767,-0.0767550496259446,0.026935577392578125,-0.17143481969833374,-0.015403305167865255,0.030740588903427124,-0.18064653873443604,-0.05220152715833137,0.025362402200698853,-0.11144530773162842,-0.0605225888887162,0.024466484785079956,-0.05907410383224487,-0.05641468519957016,-0.007674708962440491,-0.17094001173973083,-0.015805394376229742,-0.003997817635536194,-0.170421302318573,-0.049499603907179335,-0.0023192614316940308,-0.10611104965209961,-0.04561482275516937,0.0010445117950439453,-0.060367703437805176,-0.03272465149552772,-0.041611894965171814,-0.16440480947494507,-0.01820582429559181,-0.032151758670806885,-0.16743558645248413,-0.03977022970707367,-0.028132125735282898,-0.11684894561767578,-0.03506104181201408,-0.02486780285835266,-0.08369851112365723,-0.023830196807693937
T,0.0,0.0,0.0,0.04733505845069885,-0.029325425624847412,-0.025072886958412255,0.08169367909431458,-0.10112494230270386,-0.035971901729396905,0.06495586037635803,-0.17112186551094055,-0.04533899517326745,0.035621464252471924,-0.21570026874542236,-0.05155765579610261,0.06388252973556519,-0.16191688179969788,-0.02039097005098256,0.0750935971736908,-0.22976014018058777,-0.05372219474583062,0.06798979640007019,-0.19067060947418213,-0.07238135056167039,0.061232149600982666,-0.14053434133529663,-0.07752334640889558,0.02648244798183441,-0.1704840362071991,-0.015928288340262498,0.029961317777633667,-0.1779167354106903,-0.05330240295796784,0.02474653720855713,-0.10760849714279175,-0.06168292404680642,0.023318961262702942,-0.0551106333732605,-0.05752180458574685,-0.008046537637710571,-0.17022910714149475,-0.016343457042864884,-0.0048505812883377075,-0.1678599715232849,-0.05083472596078309,-0.002864852547645569,-0.10261255502700806,-0.04709631518988999,-5.793571472167969e-05,-0.05687391757965088,-0.034126504674247826,-0.042119190096855164,-0.16395685076713562,-0.018714133068613137,-0.033285707235336304,-0.16288676857948303,-0.04126905591755303,-0.028573334217071533,-0.11102771759033203,-0.037181198015503014,-0.02530883252620697,-0.07799696922302246,-0.026230297401241387
T,0.0,0.0,0.0,0.047761768102645874,-0.026794135570526123,-0.025514445747973014,0.08271536231040955,-0.09856158494949341,-0.03632336064779906,0.06756791472434998,-0.17034831643104553,-0.045439105029942084,0.03879290819168091,-0.21613815426826477,-0.051439437564255286,0.064704030752182,-0.15869176387786865,-0.020959307919980574,0.07723811268806458,-0.2275293469429016,-0.054374865736605216,0.07046306133270264,-0.18853166699409485,-0.07278999641144424,0.06364500522613525,-0.1388346552848816,-0.07767085685932784,0.027737244963645935,-0.16802215576171875,-0.01621306083703189,0.03158324956893921,-0.17558255791664124,-0.05330683245861678,0.025937765836715698,-0.10578829050064087,-0.06131544291579871,0.0245753675699234,-0.0548056960105896,-0.0569584774931684,-0.0064404308795928955,-0.1681988537311554,-0.01639441914463191,-0.002953365445137024,-0.16586843132972717,-0.050866003628613043,-0.0014027059078216553,-0.10052049160003662,-0.04693461536967902,0.001507192850112915,-0.05554234981536865,-0.03384694411957412,-0.0400276780128479,-0.16247126460075378,-0.018523575287105132,-0.031418412923812866,-0.16024935245513916,-0.04093006953203826,-0.027225971221923828,-0.108553946018219,-0.03675792321169524,-0.02380673587322235,-0.07659977674484253,-0.025789442952515174
T,0.0,0.0,0.0,0.048090383410453796,-0.022900044918060303,-0.027977915924225272,0.0821441262960434,-0.09619706869125366,-0.03972805708292526,0.06491519510746002,-0.16991537809371948,-0.04909847721103233,0.03812064230442047,-0.21702080965042114,-0.055217899825606764,0.06749401986598969,-0.1532086730003357,-0.023277810286913336,0.07957439124584198,-0.2269989550113678,-0.057847813215289534,0.07112683355808258,-0.1913849413394928,-0.0767816384101252,0.06224478781223297,-0.1412043571472168,-0.08190529092792076,0.029276043176651,-0.1597161591053009,-0.01753894842806858,0.03186015784740448,-0.17557254433631897,-0.05769732266310257,0.026563823223114014,-0.1039547324180603,-0.06638865217212242,0.02519945800304413,-0.051711857318878174,-0.06172926395777267,-0.004949048161506653,-0.1604245901107788,-0.01694686010125679,-0.0039765238761901855,-0.16717463731765747,-0.053945851024423064,-0.0013874620199203491,-0.09992557764053345,-0.04975427731517357,0.0018574297428131104,-0.05453377962112427,-0.03593615114334625,-0.03844936192035675,-0.15607783198356628,-0.018417478051219405,-0.03265497088432312,-0.16143101453781128,-0.04305142581108612,-0.027686819434165955,-0.10820680856704712,-0.039012603905234755,-0.0238429456949234,-0.07629728317260742,-0.027819119837317885
T,0.0,0.0,0.0,0.047876209020614624,-0.024263501167297363,-0.024642008462080867,0.08382251858711243,-0.09839421510696411,-0.034612997540364177,0.06839656829833984,-0.17265036702156067,-0.04295452974093905,0.04031500220298767,-0.21927231550216675,-0.04812721080435267,0.06758084893226624,-0.155848890542984,-0.020722660341391475,0.08136779069900513,-0.2287532091140747,-0.05437008953941813,0.07444465160369873,-0.1892041563987732,-0.07239798001302233,0.0659056305885315,-0.1385498046875,-0.0767548262263631,0.029973104596138,-0.1635836660861969,-0.016567722999582202,0.03448522090911865,-0.1771414875984192,-0.05414002306116572,0.028935223817825317,-0.10637027025222778,-0.061701930233368785,0.026371881365776062,-0.05543392896652222,-0.056903912791142375,-0.004400685429573059,-0.1634480357170105,-0.017240046628842265,-0.0016161799430847168,-0.16922816634178162,-0.05236574552310458,4.336237907409668e-05,-0.10216844081878662,-0.04728247515214434,0.001711130142211914,-0.05701088905334473,-0.03322727150572291,-0.03855842351913452,-0.15746229887008667,-0.01968037068201056,-0.030719339847564697,-0.1642744541168213,-0.042626868107447535,-0.025594115257263184,-0.11201995611190796,-0.03720598585260859,-0.022651448845863342,-0.07946282625198364,-0.02520056731356135
T,0.0,0.0,0.0,0.0482519268989563,-0.025541841983795166,-0.026297720906882205,0.08365646004676819,-0.10018569231033325,-0.03750304208472244,0.06691119074821472,-0.17503762245178223,-0.04675761686041824,0.037873804569244385,-0.22224843502044678,-0.052777872247247615,0.06791365146636963,-0.1562090516090393,-0.023364721623806872,0.08058017492294312,-0.2301996946334839,-0.05833442957475654,0.07240897417068481,-0.19131380319595337,-0.07715539337471,0.06362679600715637,-0.1398926079273224,-0.08202153892591468,0.029703795909881592,-0.16322582960128784,-0.018789668393878856,0.03263181447982788,-0.17752766609191895,-0.05846478120759002,0.027287557721138,-0.10618150234222412,-0.06666107924058906,0.02567651867866516,-0.05391496419906616,-0.061997108919172206,-0.005143404006958008,-0.16299942135810852,-0.019170439628510394,-0.003795608878135681,-0.16907083988189697,-0.05596168787553779,-0.001726880669593811,-0.10147637128829956,-0.05092227534726135,0.000851556658744812,-0.05557870864868164,-0.0365825116761016,-0.03981807827949524,-0.1572268009185791,-0.021450967354326167,-0.03284218907356262,-0.16483741998672485,-0.04548367561176292,-0.02771875262260437,-0.11201167106628418,-0.040210635227708735,-0.02438226342201233,-0.07924336194992065,-0.028163778422026553
T,0.0,0.0,0.0,0.04716302454471588,-0.02636277675628662,-0.02679770345824295,0.08244390785694122,-0.10113924741744995,-0.03812263439434105,0.06719891726970673,-0.17632406949996948,-0.04742373432057434,0.038546428084373474,-0.22389355301856995,-0.0535111119880014,0.06747083365917206,-0.15730130672454834,-0.02326386141615444,0.08069635927677155,-0.233079195022583,-0.05840399022238785,0.07195626199245453,-0.1962871551513672,-0.07714954669611984,0.06238965690135956,-0.14564073085784912,-0.08178874756234222,0.0291292667388916,-0.1629621386528015,-0.018504054276519355,0.03267821669578552,-0.18246275186538696,-0.058616577638559875,0.02698121964931488,-0.11016845703125,-0.06674612219470077,0.02537614107131958,-0.05709952116012573,-0.06172118986981445,-0.005952998995780945,-0.16260728240013123,-0.018770965738468703,-0.004425644874572754,-0.17311033606529236,-0.056318654669695434,-0.0026536285877227783,-0.10498166084289551,-0.05114667768614822,-1.9863247871398926e-05,-0.05897867679595947,-0.036341845048838195,-0.04088716208934784,-0.15710124373435974,-0.020878420202308234,-0.03329722583293915,-0.17056286334991455,-0.04506530146139198,-0.02857571840286255,-0.11798733472824097,-0.03909819851654106,-0.025819167494773865,-0.08457010984420776,-0.026444024397306976
T,0.0,0.0,0.0,0.04721805453300476,-0.02721691131591797,-0.02773722248198851,0.08377891778945923,-0.10174477100372314,-0.03960200199904307,0.0682586133480072,-0.17754018306732178,-0.04915996441664561,0.039066657423973083,-0.22558653354644775,-0.05553536290349825,0.06941038370132446,-0.1563316285610199,-0.02490379089536532,0.08214446902275085,-0.23372972011566162,-0.06010373855056628,0.0724816620349884,-0.19725394248962402,-0.07901113281073435,0.06283873319625854,-0.14591377973556519,-0.08385030726017817,0.03099927306175232,-0.16314595937728882,-0.0194626225722061,0.031766876578330994,-0.18145263195037842,-0.05958855697932108,0.02568984031677246,-0.1098669171333313,-0.06783956090035304,0.024822503328323364,-0.0566677451133728,-0.06308071861090525,-0.0040703266859054565,-0.16377398371696472,-0.01900347681763037,-0.005458638072013855,-0.1740264892578125,-0.056130042169712624,-0.0036841630935668945,-0.10643437504768372,-0.051013087723873696,-0.00022712349891662598,-0.059757232666015625,-0.03652001718106135,-0.038902610540390015,-0.15889355540275574,-0.020528212059758744,-0.0342445969581604,-0.17022544145584106,-0.04512412646832331,-0.02959330379962921,-0.11677399277687073,-0.03982659230055674,-0.02581915259361267,-0.08245551586151123,-0.027568584178112587
T,0.0,0.0,0.0,0.04809199273586273,-0.028792858123779297,-0.026778055456418315,0.08378003537654877,-0.10321959853172302,-0.03901846717013768,0.0672881156206131,-0.17785772681236267,-0.04938975359215192,0.039032429456710815,-0.2273079752922058,-0.05655622864975385,0.06963948905467987,-0.15981259942054749,-0.023796687004107753,0.08354996144771576,-0.23596256971359253,-0.06036527837528638,0.07490198314189911,-0.1992676556110382,-0.07993992428197316,0.06473098695278168,-0.1484299600124359,-0.08489596108807973,0.030549898743629456,-0.165363609790802,-0.01968105520023755,0.0339655876159668,-0.18570178747177124,-0.06066777194752149,0.02776189148426056,-0.11172980070114136,-0.06882798681868962,0.025684282183647156,-0.05812925100326538,-0.06376732150926046,-0.005009204149246216,-0.1646789014339447,-0.020698376101393023,-0.003872707486152649,-0.17645388841629028,-0.059192303669590274,-0.0022081881761550903,-0.10707446932792664,-0.05333306278004102,0.00047576427459716797,-0.061157047748565674,-0.03789239386929921,-0.04021655023097992,-0.15838053822517395,-0.02352053123428277,-0.03304190933704376,-0.17450174689292908,-0.04799971739663533,-0.028255894780158997,-0.12092351913452148,-0.04105649898662023,-0.025499090552330017,-0.08729571104049683,-0.0276277420194333
T,0.0,0.0,0.0,0.04778383672237396,-0.029987215995788574,-0.026707282581156733,0.08334487676620483,-0.10418692231178284,-0.039106861048168184,0.06783688068389893,-0.17936033010482788,-0.04958143114370728,0.038649365305900574,-0.22822710871696472,-0.056960463815158846,0.07031267881393433,-0.15953153371810913,-0.024498408951586725,0.08233070373535156,-0.2379070520401001,-0.06062694668096924,0.07309916615486145,-0.20308196544647217,-0.08007047727031136,0.06278777122497559,-0.15201255679130554,-0.0851067419282856,0.03127218782901764,-0.16512885689735413,-0.02031516499144459,0.032383427023887634,-0.18728679418563843,-0.06107117264789963,0.02592603862285614,-0.11390414834022522,-0.06912915810269737,0.024394527077674866,-0.060055673122406006,-0.06412380590361977,-0.004312336444854736,-0.16486939787864685,-0.02112061373216534,-0.005295902490615845,-0.1777569055557251,-0.05897577508611107,-0.00401286780834198,-0.10937198996543884,-0.052955590479797365,-0.0009796470403671265,-0.06373780965805054,-0.03766163840217018,-0.0396847128868103,-0.15918996930122375,-0.02376033022326851,-0.03465282917022705,-0.17557889223098755,-0.04756741254848862,-0.030155688524246216,-0.12318941950798035,-0.04047898232263947,-0.02691422402858734,-0.09078311920166016,-0.027162479528016092
T,0.0,0.0,0.0,0.04879264533519745,-0.03051072359085083,-0.025983500827521766,0.08482320606708527,-0.10491594672203064,-0.03789798130509325,0.06959898769855499,-0.1809186339378357,-0.048187076647252525,0.0417284220457077,-0.2308916449546814,-0.05533514877078005,0.07181815803050995,-0.16005191206932068,-0.022822415057987655,0.08322371542453766,-0.24035096168518066,-0.05911913846847483,0.07391594350337982,-0.20402848720550537,-0.07835728635308215,0.06362093985080719,-0.1530153751373291,-0.0831678058695502,0.03225673735141754,-0.16488683223724365,-0.019165919695467437,0.033674851059913635,-0.18984460830688477,-0.059995706726283515,0.027241036295890808,-0.11574667692184448,-0.06806696166512438,0.025550588965415955,-0.06284326314926147,-0.06300664653298327,-0.0036973506212234497,-0.16400903463363647,-0.020572568823070014,-0.004123061895370483,-0.17978721857070923,-0.0594830061983771,-0.00256328284740448,-0.10954129695892334,-0.053293540675610984,0.00037951767444610596,-0.0637584924697876,-0.03750877415058085,-0.039717838168144226,-0.15764448046684265,-0.023659854729146446,-0.033476606011390686,-0.17654848098754883,-0.04841678922292658,-0.028712794184684753,-0.1228681206703186,-0.041065726031035865,-0.025797784328460693,-0.08986014127731323,-0.02730965201971003
T,0.0,0.0,0.0,0.050308600068092346,-0.032619595527648926,-0.025636362370363486,0.08670996129512787,-0.1090528666973114,-0.037074307438246024,0.07087765634059906,-0.18542644381523132,-0.047204783644787085,0.04157577455043793,-0.23455506563186646,-0.05428010457407595,0.0723673552274704,-0.1630273163318634,-0.020116454448810828,0.08371557295322418,-0.24269533157348633,-0.05665713780771853,0.07362230122089386,-0.20745331048965454,-0.07661675521384836,0.06277982890605927,-0.15621331334114075,-0.08184924581300379,0.032410770654678345,-0.16742753982543945,-0.016781766426078093,0.033843398094177246,-0.19318917393684387,-0.05841542639981867,0.02748948335647583,-0.11940163373947144,-0.06759892263661982,0.026115670800209045,-0.06449878215789795,-0.06292705842506052,-0.003764405846595764,-0.1664937436580658,-0.01865780958186747,-0.003868013620376587,-0.18230587244033813,-0.058152480509392035,-0.002556741237640381,-0.11240759491920471,-0.052724732544533026,0.00036263465881347656,-0.06529474258422852,-0.03712444984566332,-0.040026500821113586,-0.16025596857070923,-0.022241119753829253,-0.033095329999923706,-0.17949044704437256,-0.04730232664596201,-0.028746649622917175,-0.12570154666900635,-0.04021592670332552,-0.02602127194404602,-0.0914018452167511,-0.026498465325943243
T,0.0,0.0,0.0,0.048613354563713074,-0.0319981575012207,-0.03139902694408647,0.08413287997245789,-0.1074964702129364,-0.04482970057313196,0.06855067610740662,-0.18484088778495789,-0.056318026467010895,0.04218779504299164,-0.23739376664161682,-0.06396034030501596,0.07028645277023315,-0.16732674837112427,-0.01800140036527864,0.08197510242462158,-0.2453526258468628,-0.0565810505885338,0.07160967588424683,-0.2125934660434723,-0.0777592775065159,0.05977949500083923,-0.16189995408058167,-0.08310167162005655,0.030437752604484558,-0.16897448897361755,-0.01214721283201925,0.028011351823806763,-0.1967581808567047,-0.056669321342155854,0.02326001226902008,-0.12061160802841187,-0.0676819351155018,0.02397698163986206,-0.06728699803352356,-0.06296369849030725,-0.005227565765380859,-0.1663077175617218,-0.012618018745229165,-0.009463265538215637,-0.1868329644203186,-0.05579290209595911,-0.006272405385971069,-0.11664772033691406,-0.05190214557831041,-0.0012655109167099,-0.07179206609725952,-0.03585876940076105,-0.041675031185150146,-0.15964427590370178,-0.015115620068058888,-0.039089739322662354,-0.18356239795684814,-0.04289919926111452,-0.03307458758354187,-0.12942329049110413,-0.03684064789001695,-0.028025761246681213,-0.09554171562194824,-0.022764817311212937
T,0.0,0.0,0.0,0.05073246359825134,-0.03248494863510132,-0.02514487452594949,0.08856852352619171,-0.11147263646125793,-0.03606030478863431,0.07307954132556915,-0.1894930601119995,-0.04561901226429654,0.04066769778728485,-0.23734885454177856,-0.05225024133710576,0.07319003343582153,-0.16671979427337646,-0.022479230014369023,0.08350686728954315,-0.24881118535995483,-0.0584788857379408,0.07147346436977386,-0.21322134137153625,-0.07770548149733258,0.06015749275684357,-0.16168132424354553,-0.08253842726139737,0.03305411338806152,-0.17217454314231873,-0.01906153134791566,0.03184479475021362,-0.19246533513069153,-0.060360283998534214,0.02503800392150879,-0.11942961812019348,-0.0690721286812277,0.024334535002708435,-0.06494587659835815,-0.06420605018524839,-0.0033908039331436157,-0.17095506191253662,-0.02056856959848119,-0.005662322044372559,-0.17934492230415344,-0.05905229359655095,-0.003939405083656311,-0.11024785041809082,-0.05387688189534856,6.891787052154541e-05,-0.0635608434677124,-0.03877766191749288,-0.03967125713825226,-0.1643090546131134,-0.023786205274745953,-0.03447297215461731,-0.1780318319797516,-0.04787950351624204,-0.030161052942276,-0.12412774562835693,-0.041148790566012394,-0.026477649807929993,-0.08957022428512573,-0.02780433505563451
T,0.0,0.0,0.0,0.05052861571311951,-0.03314006328582764,-0.027282044339557388,0.08777664601802826,-0.11419171094894409,-0.03882618439533303,0.07171109318733215,-0.19200864434242249,-0.04889727574922631,0.03976602852344513,-0.24065440893173218,-0.055592818233748176,0.07297788560390472,-0.171897292137146,-0.02150900853015969,0.08415631949901581,-0.251887708902359,-0.059299686971684196,0.07154026627540588,-0.21454215049743652,-0.07981250253655503,0.06019686162471771,-0.16109108924865723,-0.08487397250868867,0.032667919993400574,-0.17581570148468018,-0.017406618270655372,0.03234615921974182,-0.19624945521354675,-0.06031252634861062,0.02541467547416687,-0.12326830625534058,-0.06985443649031708,0.025685369968414307,-0.06878280639648438,-0.06480838176943848,-0.003916308283805847,-0.17386522889137268,-0.018763911027093627,-0.0053033530712127686,-0.18277019262313843,-0.059097399983187415,-0.004027068614959717,-0.11403289437294006,-0.054492423358937,0.00018619000911712646,-0.06818607449531555,-0.0389565583799083,-0.0399584025144577,-0.167172372341156,-0.022024404305597045,-0.033494919538497925,-0.1837700605392456,-0.047040993395825126,-0.03018316626548767,-0.1295674741268158,-0.04006105107404778,-0.0273447185754776,-0.09430605173110962,-0.026005059528728225
T,0.0,0.0,0.0,0.05049625039100647,-0.03503715991973877,-0.029790708076745887,0.08885100483894348,-0.1182832419872284,-0.04114016446152391,0.07461598515510559,-0.19644105434417725,-0.05043837728777589,0.03978033363819122,-0.24071884155273438,-0.05655404108443918,0.06931731104850769,-0.17243462800979614,-0.023367879193813224,0.08200639486312866,-0.25748211145401,-0.06005954298058214,0.07084381580352783,-0.2197839617729187,-0.07833063530603113,0.0611618310213089,-0.1717677116394043,-0.0821771316496438,0.030904725193977356,-0.17420896887779236,-0.017829858910829444,0.029708102345466614,-0.20275139808654785,-0.06261314379850091,0.021887898445129395,-0.12459835410118103,-0.07205289530435266,0.022819221019744873,-0.07114166021347046,-0.06591310280242624,-0.004198819398880005,-0.17198923230171204,-0.017756884199172873,-0.00832366943359375,-0.18891456723213196,-0.06067857446947755,-0.007489219307899475,-0.11506816744804382,-0.05653937461653413,-0.0011782944202423096,-0.06834068894386292,-0.040221478071600814,-0.03921063244342804,-0.16622358560562134,-0.019507783677966017,-0.036287516355514526,-0.18654143810272217,-0.0454838604001111,-0.033257871866226196,-0.13042545318603516,-0.03882457616606416,-0.028201133012771606,-0.09495365619659424,-0.024735138964445014
T,0.0,0.0,0.0,0.05180071294307709,-0.02823197841644287,-0.03174965777463967,0.09010201692581177,-0.10950461030006409,-0.04197257333464677,0.07275032997131348,-0.19123384356498718,-0.04919658922619874,0.044727206230163574,-0.23905497789382935,-0.0481401863045221,0.07814851403236389,-0.17544758319854736,-0.019174733618569917,0.085855633020401,-0.2524382174015045,-0.06068282150692994,0.07656204700469971,-0.19883400201797485,-0.07285243966646249,0.06910678744316101,-0.15682941675186157,-0.07031907835073525,0.03643789887428284,-0.1713683307170868,-0.014352613548112458,0.03806827962398529,-0.21178051829338074,-0.050928208465052194,0.03498721122741699,-0.1271006166934967,-0.047138407314491815,0.03922009468078613,-0.11922124028205872,-0.033918991172981805,0.0001601874828338623,-0.16858533024787903,-0.01746867359645421,0.0009656399488449097,-0.20685267448425293,-0.057730771089268273,0.0028368979692459106,-0.12645933032035828,-0.04082740047044808,0.0056173354387283325,-0.11496242880821228,-0.01767868683703,-0.0377299040555954,-0.16289463639259338,-0.02327447333402688,-0.03142756223678589,-0.19720065593719482,-0.04300964945025498,-0.02511294186115265,-0.14030537009239197,-0.026836011046839303,-0.02537509799003601,-0.12141737341880798,-0.0076752244032149974
T,0.0,0.0,0.0,0.05191473662853241,-0.023806452751159668,-0.027285508374831124,0.08988222479820251,-0.10174667835235596,-0.03788750202502911,0.07225063443183899,-0.1807042360305786,-0.04731837988938992,0.04501788318157196,-0.22723600268363953,-0.04947048382010166,0.07647252082824707,-0.16806644201278687,-0.014860691997370168,0.08661273121833801,-0.2435164451599121,-0.052937395434042855,0.07569512724876404,-0.1921151876449585,-0.06230976016368572,0.06490311026573181,-0.15088292956352234,-0.058484181325098916,0.0351237952709198,-0.1648196578025818,-0.012435799027940675,0.03892739117145538,-0.20286571979522705,-0.04922772900309269,0.033967554569244385,-0.1181442141532898,-0.044697265635392114,0.03531116247177124,-0.10845863819122314,-0.02997453094567959,-0.0003836303949356079,-0.1615428626537323,-0.017225965420863076,0.0007104575634002686,-0.1987399458885193,-0.05813536749329273,0.0024021267890930176,-0.11877971887588501,-0.04058132649507229,0.0026899129152297974,-0.106926828622818,-0.016246676008364602,-0.03798601031303406,-0.15678143501281738,-0.02413835705365841,-0.03005152940750122,-0.18799251317977905,-0.04592800841774647,-0.024176299571990967,-0.13145488500595093,-0.030373688350579187,-0.024761781096458435,-0.11427086591720581,-0.010882825154027387
T,0.0,0.0,0.0,0.049935102462768555,-0.02269876003265381,-0.0297213197586359,0.08891670405864716,-0.09938651323318481,-0.040426610120874784,0.07212112843990326,-0.17850080132484436,-0.04915859744821205,0.0454360693693161,-0.22593659162521362,-0.050238804974895857,0.07600925862789154,-0.16834789514541626,-0.014647162602585695,0.08639450371265411,-0.24179214239120483,-0.05378961757693901,0.07612751424312592,-0.19067871570587158,-0.06478005469713821,0.06546004116535187,-0.1492825746536255,-0.06177831263218536,0.03504021465778351,-0.16527768969535828,-0.011040256441873453,0.039154186844825745,-0.20227470993995667,-0.0481334757891716,0.03449796140193939,-0.11635521054267883,-0.044613475063187025,0.03626464307308197,-0.10594978928565979,-0.03033086852107658,-0.0005265921354293823,-0.16209697723388672,-0.015121196479839227,0.0010928809642791748,-0.19678348302841187,-0.056254671969753645,0.00297681987285614,-0.11685344576835632,-0.04000751123700752,0.00374014675617218,-0.10591870546340942,-0.016341872596484563,-0.03837104141712189,-0.1565597653388977,-0.021565612488728902,-0.03005675971508026,-0.18495184183120728,-0.043049765833956144,-0.02355755865573883,-0.12910473346710205,-0.027975170024973295,-0.02413228154182434,-0.11298099160194397,-0.008811170318466566
T,0.0,0.0,0.0,0.04977695643901825,-0.022121548652648926,-0.02939539884351916,0.08895158767700195,-0.09928709268569946,-0.03980257657491393,0.07293334603309631,-0.17879685759544373,-0.04828921628319449,0.04591140151023865,-0.22624421119689941,-0.04914620068990416,0.07608211040496826,-0.1679111123085022,-0.014232546250752875,0.08652240037918091,-0.24150842428207397,-0.053566253903738925,0.07620042562484741,-0.18975958228111267,-0.06495220882021613,0.06536415219306946,-0.14872315526008606,-0.06226297763311095,0.03529763221740723,-0.16495224833488464,-0.01075376306795306,0.039455026388168335,-0.20220667123794556,-0.0479854747387094,0.034803226590156555,-0.11623325943946838,-0.04490281191789336,0.036258965730667114,-0.10615041851997375,-0.031011750149957606,-0.00027111172676086426,-0.16178756952285767,-0.014929674725465247,0.0013416409492492676,-0.19749215245246887,-0.05618750971876807,0.0032248347997665405,-0.11711689829826355,-0.04004156139814086,0.003856748342514038,-0.10586515069007874,-0.016467458728186557,-0.0382133424282074,-0.15639570355415344,-0.021433714005581805,-0.02979251742362976,-0.18523839116096497,-0.04304981154524512,-0.02320753037929535,-0.12925225496292114,-0.028039735901586482,-0.02366657555103302,-0.11288705468177795,-0.008917484592132041
T,0.0,0.0,0.0,0.049315765500068665,-0.0221593976020813,-0.02975998831624338,0.08885306119918823,-0.0995272696018219,-0.040269551926201075,0.07318934798240662,-0.1795976161956787,-0.048764994495456904,0.04613788425922394,-0.22734373807907104,-0.04952373554641554,0.0754956603050232,-0.16800856590270996,-0.014571488962417334,0.08652859926223755,-0.24221691489219666,-0.053908849262541025,0.0765170156955719,-0.1892622709274292,-0.06521586527759382,0.06554457545280457,-0.14798295497894287,-0.062436500691717356,0.03491227328777313,-0.16531828045845032,-0.010897760406976431,0.03934870660305023,-0.20223242044448853,-0.04803761293823072,0.03471626341342926,-0.11658433079719543,-0.04498749052817175,0.03564915060997009,-0.10734677314758301,-0.03117539932662794,-0.000543057918548584,-0.16216138005256653,-0.014900281221514433,0.00140322744846344,-0.19736340641975403,-0.05581497972542593,0.0032833516597747803,-0.11754044890403748,-0.039704924576824396,0.003504037857055664,-0.10703974962234497,-0.016275687270706385,-0.03827272355556488,-0.1568315327167511,-0.02126954136127779,-0.02958577871322632,-0.18513181805610657,-0.0425503199332411,-0.02305665612220764,-0.12969744205474854,-0.027533820026462763,-0.023919016122817993,-0.1140163242816925,-0.00846025453591892
T,0.0,0.0,0.0,0.0492192804813385,-0.022437632083892822,-0.03043547224996246,0.08868278563022614,-0.09931334853172302,-0.04082295250890411,0.07312740385532379,-0.17920789122581482,-0.049009814381577144,0.046803995966911316,-0.22707250714302063,-0.049269567698218,0.07564093172550201,-0.16828963160514832,-0.015011708706595073,0.08655770123004913,-0.2425910234451294,-0.054471365630604396,0.07639025151729584,-0.18946155905723572,-0.06550450202820457,0.06576178967952728,-0.14834743738174438,-0.06239401128885902,0.03517135977745056,-0.16535967588424683,-0.010920758813597331,0.0391840934753418,-0.2019854485988617,-0.047720785707213054,0.034364357590675354,-0.11600738763809204,-0.04402702626583732,0.035998329520225525,-0.10759899020195007,-0.029746867239452968,-0.0001016855239868164,-0.16225773096084595,-0.014662651799596915,0.0011867135763168335,-0.1972016990184784,-0.055397554755188594,0.0030050724744796753,-0.11701291799545288,-0.03887455490229286,0.004059046506881714,-0.10666444897651672,-0.015131577372528682,-0.037680208683013916,-0.1567835509777069,-0.020888804912544856,-0.030022159218788147,-0.18509355187416077,-0.04186452132461227,-0.023437127470970154,-0.12974819540977478,-0.026561185240723262,-0.023767247796058655,-0.11374443769454956,-0.007245306380070815
T,0.0,0.0,0.0,0.0490431934595108,-0.02452462911605835,-0.030576233575942524,0.0882597267627716,-0.10076373815536499,-0.04111555853009463,0.07236546277999878,-0.17990520596504211,-0.04942466952920199,0.046255722641944885,-0.2279147505760193,-0.0499291595172906,0.07635611295700073,-0.1700308620929718,-0.01525867060840369,0.08725777268409729,-0.24295908212661743,-0.05466449895024539,0.07634729146957397,-0.1917237639427185,-0.06567432620644809,0.06533169746398926,-0.15031027793884277,-0.06237657629966975,0.035561203956604004,-0.1670060157775879,-0.011006340208354004,0.03959336876869202,-0.2028624713420868,-0.047579514617922314,0.03380507230758667,-0.11677998304367065,-0.04354794212699176,0.035734325647354126,-0.10617631673812866,-0.028903969387414463,0.00015744566917419434,-0.1638038158416748,-0.0146307962116623,0.0015262067317962646,-0.19721990823745728,-0.05502154939890147,0.002431228756904602,-0.11754637956619263,-0.03860024252057315,0.0034111738204956055,-0.10604289174079895,-0.014857131811680802,-0.03739401698112488,-0.15784412622451782,-0.02076091692865134,-0.029570728540420532,-0.18613651394844055,-0.04103365429759265,-0.023527562618255615,-0.13122296333312988,-0.025493935505750187,-0.024017751216888428,-0.11484169960021973,-0.006074186238350876
T,0.0,0.0,0.0,0.04894687235355377,-0.024100422859191895,-0.030061710804062614,0.08789138495922089,-0.10076692700386047,-0.040518094032364615,0.07175593078136444,-0.17993497848510742,-0.048876304357605704,0.04596838355064392,-0.22814881801605225,-0.04945118370588375,0.07604764401912689,-0.16884878277778625,-0.01515057793940855,0.08671380579471588,-0.24248039722442627,-0.05430258455808712,0.07589967548847198,-0.19102579355239868,-0.0650283547037418,0.06507004797458649,-0.1501857340335846,-0.06174377742345882,0.03522443771362305,-0.1658841371536255,-0.011252521715420016,0.03896304965019226,-0.20239347219467163,-0.047827489852267036,0.0336790531873703,-0.11678370833396912,-0.04379531386430813,0.0356852263212204,-0.10723292827606201,-0.029313089504199752,-0.0002793818712234497,-0.16280853748321533,-0.015121168635147342,0.0007946044206619263,-0.19747647643089294,-0.05569496023591114,0.0020756423473358154,-0.11752089858055115,-0.039060902028637656,0.0030380040407180786,-0.10646891593933105,-0.015275720685082206,-0.03796660900115967,-0.1571701169013977,-0.021441048189359435,-0.030135378241539,-0.18559962511062622,-0.04224106314714504,-0.024054288864135742,-0.13018706440925598,-0.026804970755534896,-0.02467520534992218,-0.11398735642433167,-0.007461835808413753
T,0.0,0.0,0.0,0.04904446005821228,-0.0243147611618042,-0.029633046315836964,0.08718740940093994,-0.10086941719055176,-0.0396109905111075,0.06984487175941467,-0.1791343092918396,-0.0474932465719462,0.04392154514789581,-0.22650331258773804,-0.0476036977040053,0.07622751593589783,-0.16933616995811462,-0.014193711990344582,0.08644315600395203,-0.24313747882843018,-0.05347195379607683,0.0753619372844696,-0.1918926239013672,-0.06498335041277414,0.06496268510818481,-0.15090152621269226,-0.06231118478052622,0.03545045852661133,-0.1661137342453003,-0.010458345712947903,0.03919053077697754,-0.20332884788513184,-0.047308144347596226,0.03350675106048584,-0.11833316087722778,-0.04419338070027834,0.035706907510757446,-0.10754445195198059,-0.030284016581106243,-9.287893772125244e-05,-0.1629786491394043,-0.014480437340068875,0.0010356605052947998,-0.19766807556152344,-0.055074607210087834,0.0019245296716690063,-0.11806446313858032,-0.03924829997293955,0.003363102674484253,-0.10660991072654724,-0.015929392726945935,-0.03774663805961609,-0.15712714195251465,-0.02091718390755659,-0.030026957392692566,-0.1854090690612793,-0.041559388117718754,-0.023943796753883362,-0.1302509903907776,-0.026449569688963948,-0.0240878164768219,-0.11397704482078552,-0.007351792139786539
T,0.0,0.0,0.0,0.04930827021598816,-0.022710740566253662,-0.030136218288475902,0.0879218727350235,-0.09959965944290161,-0.0402693971931285,0.07063578069210052,-0.1785704791545868,-0.048278912895852955,0.04442696273326874,-0.22603633999824524,-0.04847082122557822,0.07630936801433563,-0.1685655415058136,-0.014390839257771404,0.08716423809528351,-0.2420606017112732,-0.05364987253540221,0.07595936954021454,-0.19107964634895325,-0.06472500040524665,0.06524597108364105,-0.15085738897323608,-0.061700373881990345,0.03549295663833618,-0.16601255536079407,-0.010420755477184684,0.03947174549102783,-0.20277053117752075,-0.04711228235953513,0.033967018127441406,-0.11673644185066223,-0.04328430815928641,0.036495745182037354,-0.10642239451408386,-0.02882963790887061,0.00012072920799255371,-0.16321399807929993,-0.01431192736470166,0.0013974308967590332,-0.19782239198684692,-0.0551752932309455,0.002326399087905884,-0.11714279651641846,-0.03875349461429778,0.0037954598665237427,-0.10538265109062195,-0.014918034890229137,-0.03762027621269226,-0.15790480375289917,-0.020671589294011028,-0.029796183109283447,-0.18623757362365723,-0.04171288012855712,-0.023776069283485413,-0.1301075518131256,-0.026403542601997287,-0.02389422059059143,-0.11333999037742615,-0.007029263762319715
T,0.0,0.0,0.0,0.04933604598045349,-0.022994577884674072,-0.030193267286250602,0.0878203958272934,-0.09942123293876648,-0.04015956249875785,0.07069696485996246,-0.17873412370681763,-0.04786234897417785,0.04459461569786072,-0.2261049449443817,-0.04772476655287505,0.07626841962337494,-0.16864991188049316,-0.014633906901309501,0.08685116469860077,-0.2414577603340149,-0.05360838946742774,0.07575114071369171,-0.190497487783432,-0.06442906138343574,0.06559275090694427,-0.15044939517974854,-0.061275562167594444,0.0354946106672287,-0.16597187519073486,-0.010557556420991432,0.03933940827846527,-0.20184925198554993,-0.04669197079581977,0.03387664258480072,-0.11636555194854736,-0.042655525625178825,0.03660416603088379,-0.10675767064094543,-0.02824828763348819,0.00017261505126953125,-0.1629701852798462,-0.01433773235274316,0.0012209117412567139,-0.19637128710746765,-0.05483399134917022,0.002295270562171936,-0.11650532484054565,-0.03864541080636741,0.00395946204662323,-0.10560011863708496,-0.015157678991982948,-0.03740827739238739,-0.15737345814704895,-0.020562088013122093,-0.030034467577934265,-0.18552696704864502,-0.04127437424702407,-0.023858889937400818,-0.1297357678413391,-0.02593938809675933,-0.023873329162597656,-0.11306765675544739,-0.006685727637687933
T,0.0,0.0,0.0,0.04887983202934265,-0.02303457260131836,-0.02995312069245415,0.08739212155342102,-0.0998498797416687,-0.039993247433386614,0.07064855098724365,-0.17877787351608276,-0.04791365046688156,0.04343016445636749,-0.22513538599014282,-0.04804809991904335,0.075579434633255,-0.16948336362838745,-0.014257876618586351,0.0859326422214508,-0.24224704504013062,-0.05362241198011475,0.07513856887817383,-0.19146615266799927,-0.0651468061346634,0.06503063440322876,-0.15090474486351013,-0.06241011847444611,0.03494337201118469,-0.16629967093467712,-0.010366011827073862,0.03852304816246033,-0.2014240026473999,-0.04689866159745293,0.03340153396129608,-0.1163688600063324,-0.04347283621021347,0.03603431582450867,-0.106525719165802,-0.029453376724205782,-0.00013236701488494873,-0.16293120384216309,-0.014312793916843702,0.0005702972412109375,-0.19622230529785156,-0.05475253094621735,0.0020985454320907593,-0.11667144298553467,-0.038766483261071016,0.003970414400100708,-0.10522377490997314,-0.015442843033753206,-0.03745672106742859,-0.15703123807907104,-0.020740360437713434,-0.030538395047187805,-0.18511053919792175,-0.041358979834996035,-0.023917347192764282,-0.12961941957473755,-0.026126303194843103,-0.02334725856781006,-0.11278566718101501,-0.006925435687236359
T,0.0,0.0,0.0,0.04906110465526581,-0.02440464496612549,-0.030118014120205316,0.08745627105236053,-0.10031867027282715,-0.040541639008267794,0.07030047476291656,-0.17908179759979248,-0.04879972098086682,0.04273258149623871,-0.22536495327949524,-0.04927839098189679,0.07544712722301483,-0.169569730758667,-0.014085173063620005,0.0852985829114914,-0.24193960428237915,-0.05338801948045102,0.07493700087070465,-0.19145426154136658,-0.06485210491035787,0.06493465602397919,-0.15126726031303406,-0.06205159930203763,0.034659191966056824,-0.16619771718978882,-0.010182829961820516,0.038409486413002014,-0.2018127143383026,-0.04636517299030629,0.03353765606880188,-0.11685362458229065,-0.04279602450941411,0.03582341969013214,-0.10771065950393677,-0.0286945043287119,-0.000632941722869873,-0.16282126307487488,-0.01415186321054307,0.000336378812789917,-0.195698082447052,-0.054496524312241945,0.002046734094619751,-0.116606205701828,-0.03853758928988782,0.003506109118461609,-0.10629022121429443,-0.015240543910010729,-0.03828588128089905,-0.1569470763206482,-0.02057981064234582,-0.031230837106704712,-0.1850699782371521,-0.0409640235981783,-0.024312421679496765,-0.1297246515750885,-0.025445756890519533,-0.02416183054447174,-0.1133154034614563,-0.006088502161844644
T,0.0,0.0,0.0,0.048904165625572205,-0.022457242012023926,-0.030683339998347492,0.0877697616815567,-0.09918978810310364,-0.04077996076665613,0.07136417925357819,-0.17885074019432068,-0.04854598031960222,0.04443681240081787,-0.2259545922279358,-0.04827119918189737,0.07578973472118378,-0.16867950558662415,-0.014176543295604915,0.08621348440647125,-0.24193793535232544,-0.05390790613017771,0.07581068575382233,-0.18968182802200317,-0.06538343565188143,0.06615494191646576,-0.14946496486663818,-0.06251400099716875,0.03512640297412872,-0.16553500294685364,-0.009976618416828842,0.0390683114528656,-0.20125159621238708,-0.04672626914106104,0.033977314829826355,-0.11564081907272339,-0.043197502807004184,0.0366256982088089,-0.10800236463546753,-0.028930462390405864,-0.0001919269561767578,-0.1625364124774933,-0.013797027483803959,0.0009815841913223267,-0.19536569714546204,-0.05485305325709078,0.0024267882108688354,-0.1154957115650177,-0.038972680881840915,0.0043633729219436646,-0.10637524724006653,-0.015489412896556587,-0.03768794238567352,-0.15730199217796326,-0.020114253700000972,-0.03047811985015869,-0.18444150686264038,-0.041044556960684986,-0.023894384503364563,-0.12866747379302979,-0.025782081723434658,-0.023638799786567688,-0.11277186870574951,-0.006438287399930687
T,0.0,0.0,0.0,0.049964308738708496,-0.021377623081207275,-0.029805285424970407,0.08854502439498901,-0.09825462102890015,-0.0399494930515516,0.0715360939502716,-0.17761430144309998,-0.04809068286516549,0.04489399492740631,-0.22461313009262085,-0.04847816521026971,0.07660505175590515,-0.166515052318573,-0.014501096249603052,0.08654329180717468,-0.24109256267547607,-0.053950534702323694,0.07545289397239685,-0.18932247161865234,-0.06516939544775369,0.06560829281806946,-0.14885851740837097,-0.06236837574937226,0.035806804895401,-0.16357317566871643,-0.01081962747224452,0.03921885788440704,-0.20047616958618164,-0.04826608443357827,0.03397458791732788,-0.11500191688537598,-0.04495330670573594,0.036802470684051514,-0.10565185546875,-0.030807192937515993,0.00044077634811401367,-0.16065406799316406,-0.01492218164452197,0.0011582225561141968,-0.19513824582099915,-0.056546242476485986,0.0025397390127182007,-0.11491608619689941,-0.040503350586675424,0.004534825682640076,-0.10412383079528809,-0.0168495024899471,-0.03712804615497589,-0.15550872683525085,-0.021411943749569673,-0.03002239763736725,-0.18346437811851501,-0.04329777279593827,-0.023649096488952637,-0.1271907389163971,-0.028471353963993806,-0.023114114999771118,-0.11056196689605713,-0.009368590579413194
T,0.0,0.0,0.0,0.04988399147987366,-0.021123409271240234,-0.030082414562485837,0.08850419521331787,-0.09791097044944763,-0.04035366390147033,0.07119667530059814,-0.17728739976882935,-0.04855331097044768,0.044496551156044006,-0.22452181577682495,-0.04896993253626647,0.07671612501144409,-0.16626301407814026,-0.014620873781524324,0.08732187747955322,-0.2403373122215271,-0.054147441575906896,0.07601368427276611,-0.18938428163528442,-0.0653173482815248,0.06581786274909973,-0.1488274335861206,-0.062418360898874425,0.03578764200210571,-0.1634429693222046,-0.010843233841143274,0.039368435740470886,-0.20015549659729004,-0.04848334629335227,0.033930763602256775,-0.11450675129890442,-0.04508819494643035,0.036959514021873474,-0.10435932874679565,-0.030753004069111967,0.00032979249954223633,-0.160605788230896,-0.014914244117818498,0.001458585262298584,-0.19421955943107605,-0.05680798430242362,0.0025641173124313354,-0.11429429054260254,-0.04096781526007476,0.004333287477493286,-0.10352069139480591,-0.01732473138966384,-0.037273526191711426,-0.15562787652015686,-0.021370867903016233,-0.029417723417282104,-0.18305078148841858,-0.0433376773098928,-0.02325582504272461,-0.12698844075202942,-0.0286022803584558,-0.023185044527053833,-0.11060398817062378,-0.00954640347757163
T,0.0,0.0,0.0,0.04974201321601868,-0.020695030689239502,-0.029697931555915602,0.08860425651073456,-0.0978567898273468,-0.03960587940912319,0.07153303921222687,-0.1772831380367279,-0.04753155745368076,0.04461221396923065,-0.22413736581802368,-0.04767634458642078,0.07660363614559174,-0.16592520475387573,-0.013792272841442355,0.0871490091085434,-0.24030879139900208,-0.05312046147685123,0.07600514590740204,-0.1887204945087433,-0.06423478312592579,0.06599192321300507,-0.14847135543823242,-0.06137237436871601,0.0360618531703949,-0.1634097695350647,-0.010177678612876662,0.0397668331861496,-0.2002204954624176,-0.04777380935649944,0.03417488932609558,-0.11473482847213745,-0.0445407342145927,0.03688572347164154,-0.10495829582214355,-0.030312978846836813,0.0008369386196136475,-0.1606971025466919,-0.01440758742194248,0.002062276005744934,-0.1942993402481079,-0.05619853474001957,0.0028805434703826904,-0.1142924427986145,-0.04040968529682232,0.004518494009971619,-0.10383671522140503,-0.01682007983129097,-0.03657163679599762,-0.1560552418231964,-0.020999585462618597,-0.028762713074684143,-0.18293976783752441,-0.04288870207767559,-0.022884488105773926,-0.1267528235912323,-0.028226887060213812,-0.022786453366279602,-0.11082777380943298,-0.009242813287187346
T,0.0,0.0,0.0,0.048928022384643555,-0.022485792636871338,-0.030326918207009612,0.0877944678068161,-0.09878343343734741,-0.04029234915216762,0.07110558450222015,-0.17847377061843872,-0.048024539343913375,0.043928518891334534,-0.22497230768203735,-0.04778345718224841,0.07580570876598358,-0.1678290069103241,-0.014001599952479182,0.08573825657367706,-0.24156451225280762,-0.053277872942288695,0.07493038475513458,-0.18884533643722534,-0.06459388180812198,0.0652618259191513,-0.14910995960235596,-0.06184868185957271,0.03554311394691467,-0.16514945030212402,-0.01001948720951873,0.03877595067024231,-0.2008136808872223,-0.04606889977296191,0.03337793052196503,-0.11591288447380066,-0.04240080758174258,0.03608998656272888,-0.10849657654762268,-0.02843294709165889,0.0005659759044647217,-0.16211503744125366,-0.013998866520722686,0.0011899769306182861,-0.1952207088470459,-0.05403531014164287,0.0024411529302597046,-0.11590760946273804,-0.037808292053540526,0.004312887787818909,-0.10633647441864014,-0.014556184850533782,-0.036639854311943054,-0.15656587481498718,-0.020537745647033034,-0.030052095651626587,-0.18375098705291748,-0.04081599085768062,-0.023677662014961243,-0.1284922957420349,-0.025487712092598258,-0.02348645031452179,-0.11261740326881409,-0.006386056516220151
T,0.0,0.0,0.0,0.0491594523191452,-0.02343297004699707,-0.029851801015297497,0.08673679828643799,-0.09953239560127258,-0.03993190012113246,0.06902843713760376,-0.1774812638759613,-0.04785273156301173,0.04314708709716797,-0.22453796863555908,-0.04796932197348269,0.07572218775749207,-0.16798320412635803,-0.014586235649744594,0.0860937237739563,-0.24108284711837769,-0.053817308761040294,0.07493069767951965,-0.18996000289916992,-0.06526413492099437,0.06420114636421204,-0.14971333742141724,-0.06261940977708491,0.03497052192687988,-0.16487109661102295,-0.010818320579687679,0.0389154851436615,-0.2013537883758545,-0.04736326939598712,0.033373430371284485,-0.11647063493728638,-0.044022812761227215,0.03550957143306732,-0.10648760199546814,-0.030107279561320865,-0.000374525785446167,-0.16165325045585632,-0.01483761544511708,0.0008618831634521484,-0.1953892707824707,-0.05511592260734233,0.0022069215774536133,-0.11627992987632751,-0.03921664438382777,0.003623664379119873,-0.10563281178474426,-0.016061735592643345,-0.03784318268299103,-0.15577378869056702,-0.021318489007512653,-0.03039267659187317,-0.18316730856895447,-0.04187399081126841,-0.023760199546813965,-0.1281169354915619,-0.02681086144582423,-0.023669853806495667,-0.11228916049003601,-0.007875936359027946
T,0.0,0.0,0.0,0.049170494079589844,-0.02261948585510254,-0.029949815299687543,0.08728313446044922,-0.09959307312965393,-0.039979997378168264,0.07074350118637085,-0.17859256267547607,-0.04785470600086228,0.04447022080421448,-0.22552484273910522,-0.04797522286730782,0.07563978433609009,-0.16764917969703674,-0.014438560519693056,0.08560839295387268,-0.24119630455970764,-0.05329799587684647,0.0748237669467926,-0.19064590334892273,-0.06430878425794617,0.06438454985618591,-0.1501195728778839,-0.06139049242096917,0.0350288450717926,-0.16490072011947632,-0.010524176348326364,0.038513436913490295,-0.2014542818069458,-0.046944036435661474,0.03342500329017639,-0.11661866307258606,-0.043331190299568334,0.03583720326423645,-0.1068604588508606,-0.02917004871028439,-0.00022105872631072998,-0.16188839077949524,-0.014383980360207715,0.0007447153329849243,-0.19568869471549988,-0.054821658235368886,0.0023102760314941406,-0.11654680967330933,-0.038863557678041616,0.0037612169981002808,-0.10576391220092773,-0.015570971470651784,-0.03763185441493988,-0.1562250554561615,-0.02069217088478581,-0.030301079154014587,-0.1838761270046234,-0.04163171286541001,-0.023785904049873352,-0.12879356741905212,-0.026779854026017347,-0.02367463707923889,-0.11267173290252686,-0.007885992814181009
T,0.0,0.0,0.0,0.048437491059303284,-0.025191307067871094,-0.02956571449198009,0.08596596121788025,-0.09990629553794861,-0.039899921237008584,0.06899327039718628,-0.17753124237060547,-0.04818966072656394,0.04344654083251953,-0.2248668372631073,-0.048853730975167764,0.0737856924533844,-0.1691150963306427,-0.014222127577738775,0.08391055464744568,-0.24047380685806274,-0.052872894524114145,0.0734531581401825,-0.19020292162895203,-0.06382900681950332,0.06352025270462036,-0.15063419938087463,-0.06084114891149284,0.033325597643852234,-0.16548922657966614,-0.010474180063681615,0.03775027394294739,-0.200812429189682,-0.04595154729344131,0.03215347230434418,-0.11702558398246765,-0.042173067300097955,0.033973902463912964,-0.10863268375396729,-0.028160849778430475,-0.0017557740211486816,-0.1618354320526123,-0.014447977027373327,-5.780160427093506e-05,-0.19415202736854553,-0.05423958060003997,0.0011840611696243286,-0.11620071530342102,-0.038566833554284585,0.002228379249572754,-0.10678139328956604,-0.0156615378395486,-0.038943320512771606,-0.1553579568862915,-0.020781137241499437,-0.031177252531051636,-0.18301403522491455,-0.04091562908746482,-0.024735569953918457,-0.12883791327476501,-0.02573507857181312,-0.025224298238754272,-0.11304694414138794,-0.006793480558769716
T,0.0,0.0,0.0,0.04773297905921936,-0.025211215019226074,-0.03022261939130999,0.0855482816696167,-0.10091575980186462,-0.04033350615881659,0.0701865553855896,-0.179361492395401,-0.048251640490519776,0.04464104771614075,-0.2272185981273651,-0.04849928661369063,0.07433915138244629,-0.16917866468429565,-0.014098941787409558,0.08321613073348999,-0.2409195899963379,-0.052528609029280915,0.07265070080757141,-0.19200441241264343,-0.06307292400978781,0.06287622451782227,-0.1518661081790924,-0.05965833409808852,0.03396579623222351,-0.16570135951042175,-0.009797827779578938,0.03650727868080139,-0.20008251070976257,-0.04506772427939154,0.03141199052333832,-0.11640593409538269,-0.040762607447135224,0.03438200056552887,-0.10770297050476074,-0.02622120685063578,-0.001275375485420227,-0.16202464699745178,-0.013360108687805905,-0.0013727843761444092,-0.19369226694107056,-0.05314808382772185,0.0003965795040130615,-0.11610957980155945,-0.03724038644813277,0.0025750696659088135,-0.10628503561019897,-0.014026178485977425,-0.038570284843444824,-0.15533137321472168,-0.01936885385893561,-0.03193338215351105,-0.18256476521492004,-0.039658036521899476,-0.025307342410087585,-0.1287558376789093,-0.024559580228554978,-0.025055915117263794,-0.11274740099906921,-0.005484883181082978
T,0.0,0.0,0.0,0.04819619655609131,-0.026351749897003174,-0.030046581137611383,0.08605480194091797,-0.10200697183609009,-0.03991639133138847,0.069754958152771,-0.17948013544082642,-0.04747251685304832,0.04333329200744629,-0.2259487807750702,-0.04723920564694595,0.07335248589515686,-0.169815331697464,-0.014567151512636656,0.08293524384498596,-0.24176859855651855,-0.0529386017803688,0.07197931408882141,-0.19158685207366943,-0.06353529434247207,0.06180676817893982,-0.15158262848854065,-0.06025162230773162,0.0330604612827301,-0.16610383987426758,-0.010385843772127146,0.03612715005874634,-0.20154324173927307,-0.045739560234977716,0.03070603311061859,-0.11766770482063293,-0.04179970066590499,0.033023715019226074,-0.10866519808769226,-0.02763180512530994,-0.0020957738161087036,-0.16233476996421814,-0.01395697038216781,-0.001695096492767334,-0.19521883130073547,-0.0534307536069889,-0.00019623339176177979,-0.11721622943878174,-0.037583640623523706,0.0013627558946609497,-0.10703659057617188,-0.014575220491423124,-0.03929683566093445,-0.15543729066848755,-0.019973832029535288,-0.03240646421909332,-0.1835615336894989,-0.03981080542845916,-0.02580605447292328,-0.12971317768096924,-0.02453514266355228,-0.02599482238292694,-0.11348578333854675,-0.005491169947816843
T,0.0,0.0,0.0,0.04815247654914856,-0.024644970893859863,-0.030667651921334027,0.0856904685497284,-0.10036206245422363,-0.04095025035721278,0.0695762038230896,-0.17881903052330017,-0.04886451783758616,0.04388728737831116,-0.22652968764305115,-0.04891931313258624,0.07433950901031494,-0.16902631521224976,-0.015420551888468026,0.08318549394607544,-0.2417910397052765,-0.054493964195074795,0.07267767190933228,-0.1916261911392212,-0.06526306691748118,0.06292632222175598,-0.1513100564479828,-0.06189333322626567,0.03372463583946228,-0.16516974568367004,-0.011001176677467583,0.03641916811466217,-0.2001313865184784,-0.04662916856986499,0.03144858777523041,-0.11618980765342712,-0.04219220253807521,0.03406858444213867,-0.10802778601646423,-0.02762276168149924,-0.0016224682331085205,-0.1614694595336914,-0.014498661748888253,-0.0015055537223815918,-0.19412580132484436,-0.054361384838642834,0.00030462443828582764,-0.11592644453048706,-0.03803952831012225,0.0020800232887268066,-0.10615143179893494,-0.014642210222604035,-0.03895068168640137,-0.15476804971694946,-0.02052490647119498,-0.032206788659095764,-0.18244564533233643,-0.04067043262702441,-0.025511980056762695,-0.12824347615242004,-0.02527337382716155,-0.025672003626823425,-0.11223208904266357,-0.006066315352740048
T,0.0,0.0,0.0,0.047741472721099854,-0.024360477924346924,-0.03044229345300664,0.08664928376674652,-0.10080376267433167,-0.040784641819982426,0.07069794833660126,-0.17945599555969238,-0.048768236952810184,0.042773813009262085,-0.22661089897155762,-0.049098599421768085,0.07389520108699799,-0.16833573579788208,-0.016161169576434986,0.08344946801662445,-0.24225464463233948,-0.05492712529280652,0.07307134568691254,-0.19040924310684204,-0.0656679269848155,0.06268808245658875,-0.15074977278709412,-0.06248484151342382,0.03328835964202881,-0.16509586572647095,-0.011989677975861923,0.03629162907600403,-0.19932538270950317,-0.04716139631250371,0.0314209908246994,-0.11595872044563293,-0.04312721984365453,0.03257414698600769,-0.10833936929702759,-0.029228113311319248,-0.002173110842704773,-0.16122984886169434,-0.015527423190860645,-0.0017602592706680298,-0.19317933917045593,-0.05514220120289792,0.0004465728998184204,-0.11514943838119507,-0.039263631868152515,0.0014430135488510132,-0.10576912760734558,-0.016342939528612987,-0.039619266986846924,-0.1543860137462616,-0.021459823193936245,-0.03234989941120148,-0.18232440948486328,-0.04166624294498433,-0.02534240484237671,-0.12847310304641724,-0.026370204704790012,-0.026252657175064087,-0.11255508661270142,-0.007280395551561014
T,0.0,0.0,0.0,0.04774327576160431,-0.024499952793121338,-0.030570546933518017,0.08606670796871185,-0.10126936435699463,-0.040436982014284695,0.06959937512874603,-0.17988499999046326,-0.04795880133758601,0.04363222420215607,-0.22798040509223938,-0.04764990026603755,0.07516781985759735,-0.16830968856811523,-0.01531160327147063,0.08427678048610687,-0.24279242753982544,-0.05429942796479281,0.07314066588878632,-0.19213616847991943,-0.06507063920150813,0.0632084459066391,-0.15120771527290344,-0.06170522312174853,0.03468376398086548,-0.16515344381332397,-0.010812303819761837,0.036292776465415955,-0.19933930039405823,-0.046518820175037945,0.03097936511039734,-0.116202712059021,-0.042338008829460705,0.03431257605552673,-0.10724735260009766,-0.027982949116335476,-0.000684008002281189,-0.1617644727230072,-0.014204546646283234,-0.0018844157457351685,-0.1937878131866455,-0.05385129044304904,-0.00024293363094329834,-0.11610174179077148,-0.037685702391968334,0.002762153744697571,-0.10568618774414062,-0.014421537355588043,-0.037898674607276917,-0.1553276777267456,-0.02013262996922549,-0.032178089022636414,-0.1823926568031311,-0.04026236275683459,-0.025857597589492798,-0.1284331977367401,-0.02506611014257487,-0.025260090827941895,-0.11208134889602661,-0.005909952172146404
T,0.0,0.0,0.0,0.0480978786945343,-0.025399327278137207,-0.03018248673498647,0.08600181341171265,-0.1029028594493866,-0.04024798829078691,0.06862053275108337,-0.18074995279312134,-0.04809625480294244,0.041836485266685486,-0.22789838910102844,-0.04818965528130548,0.07405489683151245,-0.16958725452423096,-0.014952028505206272,0.08337074518203735,-0.24288111925125122,-0.0537714030218126,0.0728643536567688,-0.19217252731323242,-0.06444645706534402,0.06299497187137604,-0.15241876244544983,-0.06115857545256631,0.033156245946884155,-0.16627410054206848,-0.010865180156827137,0.03541097044944763,-0.20019221305847168,-0.046518341041803524,0.030595019459724426,-0.11759188771247864,-0.04269503835558908,0.03318402171134949,-0.11032313108444214,-0.02870361912965791,-0.0024356096982955933,-0.1626359522342682,-0.014575914814770385,-0.0025940537452697754,-0.19377723336219788,-0.05455863509297387,-0.0005758106708526611,-0.11621427536010742,-0.03894586522102372,0.0016548335552215576,-0.10762664675712585,-0.01605381663858907,-0.039647772908210754,-0.1561676561832428,-0.02070200476765649,-0.03281262516975403,-0.18310120701789856,-0.04111265052080171,-0.026275306940078735,-0.12873995304107666,-0.026093364096880123,-0.026366055011749268,-0.11319941282272339,-0.007108655161857769
T,0.0,0.0,0.0,0.048983216285705566,-0.0236818790435791,-0.030475831051916202,0.08862060308456421,-0.10126733779907227,-0.04003781119510563,0.07133272290229797,-0.1807359755039215,-0.04704607689902218,0.043137162923812866,-0.22657838463783264,-0.046137206649035534,0.076059490442276,-0.1685355007648468,-0.016348632445186695,0.08354651927947998,-0.24563896656036377,-0.0547565672747794,0.07397341728210449,-0.1920139193534851,-0.06467180738374623,0.0660851001739502,-0.1523159146308899,-0.06104889923855694,0.03509815037250519,-0.16561442613601685,-0.011990956423431953,0.03633488714694977,-0.20054331421852112,-0.04689399564787777,0.032909005880355835,-0.11651086807250977,-0.042022198831290325,0.03609508275985718,-0.10933014750480652,-0.027730085348338207,-0.0009148716926574707,-0.1618669629096985,-0.015413974804431518,-0.001919180154800415,-0.1945987045764923,-0.05533715749308499,0.0008727014064788818,-0.11537599563598633,-0.03885551953837307,0.0037181824445724487,-0.10605642199516296,-0.015508729425818046,-0.03861969709396362,-0.154466450214386,-0.021237409134954532,-0.03279958665370941,-0.18381735682487488,-0.04189712966010006,-0.025964587926864624,-0.1288326382637024,-0.026510304232687076,-0.026475727558135986,-0.11215686798095703,-0.0072764706999066675
T,0.0,0.0,0.0,0.048795342445373535,-0.02601569890975952,-0.031173988705205602,0.08811378479003906,-0.1049150824546814,-0.04081190330319373,0.07114347815513611,-0.1848544478416443,-0.04780254465870826,0.04246959090232849,-0.23129069805145264,-0.04671952826313941,0.07519468665122986,-0.17218619585037231,-0.015711402048992795,0.08397647738456726,-0.24717476963996887,-0.054657622700261754,0.07339075207710266,-0.19335851073265076,-0.06531909433536498,0.06380578875541687,-0.15356621146202087,-0.06204199743800132,0.03409825265407562,-0.168497234582901,-0.011179006186949891,0.03544946014881134,-0.20343461632728577,-0.04634239849977462,0.031148046255111694,-0.11940652132034302,-0.04220753115944831,0.03370654582977295,-0.11215898394584656,-0.028281136875676793,-0.0018666088581085205,-0.16441917419433594,-0.014577962917911691,-0.003131389617919922,-0.19713056087493896,-0.054629817133474035,-0.00043554604053497314,-0.11784487962722778,-0.03883862075738875,0.00205954909324646,-0.1082935631275177,-0.01583755155436961,-0.03970789909362793,-0.1570679247379303,-0.02046580938034026,-0.03395003080368042,-0.18591192364692688,-0.040918197011279744,-0.02635708451271057,-0.1310107707977295,-0.025620407884645147,-0.026388391852378845,-0.1139189600944519,-0.0064194975361999695
T,0.0,0.0,0.0,0.048700734972953796,-0.024610459804534912,-0.03071626906651659,0.0885220468044281,-0.10401391983032227,-0.0405039030815999,0.07199233770370483,-0.1844763457775116,-0.04790240412015123,0.04308505356311798,-0.23165348172187805,-0.04737796147722406,0.07612404227256775,-0.17121902108192444,-0.015495397871319483,0.08414655923843384,-0.24840274453163147,-0.05456193049806757,0.07366858422756195,-0.19475167989730835,-0.06505115588564081,0.06487295031547546,-0.15463098883628845,-0.06167622168916864,0.03487192094326019,-0.1677282154560089,-0.011247459588531683,0.035691410303115845,-0.20356252789497375,-0.04728724320787592,0.031568512320518494,-0.11920654773712158,-0.0431427161898057,0.03486350178718567,-0.11225152015686035,-0.028854219963733385,-0.0012149214744567871,-0.16386929154396057,-0.01486398351747198,-0.002802729606628418,-0.19681072235107422,-0.05579035987514658,-0.0002734661102294922,-0.11710101366043091,-0.03965961073893709,0.002853706479072571,-0.10818424820899963,-0.01610153799313707,-0.03906434774398804,-0.15716677904129028,-0.020892227789346407,-0.0335158109664917,-0.18579375743865967,-0.04220897217649622,-0.026674211025238037,-0.1303749978542328,-0.026952593376819323,-0.026449143886566162,-0.1137317419052124,-0.00749612438860936
T,0.0,0.0,0.0,0.04805666208267212,-0.026118814945220947,-0.031663894260788084,0.0879073441028595,-0.10591733455657959,-0.04161115323987019,0.07168954610824585,-0.1871679127216339,-0.04894999747958195,0.042594075202941895,-0.23468169569969177,-0.04799543654408467,0.07547883689403534,-0.1753934621810913,-0.015088253262007356,0.08365514874458313,-0.25103074312210083,-0.054303068275117994,0.07332651317119598,-0.19662654399871826,-0.06503496279802334,0.06443585455417633,-0.15722879767417908,-0.06176641916718495,0.033910155296325684,-0.17157697677612305,-0.010546825433635831,0.035625994205474854,-0.20617398619651794,-0.0455755140432359,0.031484201550483704,-0.12122827768325806,-0.04104836618390095,0.0343400239944458,-0.11669379472732544,-0.026811834032201887,-0.0022245794534683228,-0.16745096445083618,-0.014109204130733133,-0.0033483952283859253,-0.2002018392086029,-0.05392758881535542,-0.00045880675315856934,-0.12000110745429993,-0.0373038012334348,0.0021867752075195312,-0.1118561327457428,-0.013855275305473924,-0.04036206007003784,-0.1601877510547638,-0.02032413108136666,-0.034594714641571045,-0.18809190392494202,-0.04059060251202595,-0.026964351534843445,-0.1325448751449585,-0.024781057218575597,-0.026996642351150513,-0.11605635285377502,-0.005152157580965877
T,0.0,0.0,0.0,0.04920552670955658,-0.025630593299865723,-0.032409183377012596,0.088615283370018,-0.10549679398536682,-0.04286560758350788,0.07075853645801544,-0.18707364797592163,-0.05068256675599514,0.041979193687438965,-0.23528239130973816,-0.05034062235949932,0.0765654593706131,-0.1744285225868225,-0.016358535432800636,0.08309392631053925,-0.25239884853363037,-0.056307572567448005,0.07301625609397888,-0.19844019412994385,-0.06697623028753696,0.06476840376853943,-0.15770334005355835,-0.06344634636639057,0.03459836542606354,-0.17025837302207947,-0.011695272916540489,0.03499689698219299,-0.20635804533958435,-0.04846681996582447,0.031181305646896362,-0.12068462371826172,-0.04414262592194973,0.03429059684276581,-0.1136208176612854,-0.029501095110163078,-0.002143755555152893,-0.16572079062461853,-0.015242185139641151,-0.003919586539268494,-0.19874116778373718,-0.057058904016003,-0.0007561743259429932,-0.117937833070755,-0.04071857749818264,0.002071365714073181,-0.10858464241027832,-0.016744751179203377,-0.04069174826145172,-0.1576765477657318,-0.02137905515132843,-0.03515349328517914,-0.18730825185775757,-0.04304099052546917,-0.027296677231788635,-0.131544291973114,-0.027545559847339973,-0.02734486758708954,-0.11443701386451721,-0.007788781238332376
T,0.0,0.0,0.0,0.050085410475730896,-0.025690793991088867,-0.030963268367742103,0.0887967199087143,-0.10560843348503113,-0.040437055988405746,0.07016691565513611,-0.18717557191848755,-0.04726093844899992,0.0424593985080719,-0.23550552129745483,-0.046078713847492736,0.07752570509910583,-0.1752408742904663,-0.01612270088324408,0.08179612457752228,-0.25359266996383667,-0.055163609100674194,0.07121060788631439,-0.20183783769607544,-0.0656282177699552,0.06337834894657135,-0.16011899709701538,-0.062184704704378646,0.035226643085479736,-0.170526385307312,-0.01186464936861853,0.03546169400215149,-0.2077237367630005,-0.047336576743219894,0.031632572412490845,-0.12218502163887024,-0.04255598993429999,0.0355658233165741,-0.11292910575866699,-0.028017418695782226,-0.0015880614519119263,-0.16574415564537048,-0.015564543431793254,-0.0038070231676101685,-0.20003733038902283,-0.056325378133152526,-0.0008455365896224976,-0.11870390176773071,-0.039689643545244735,0.0027721673250198364,-0.10775932669639587,-0.01596865826675753,-0.040407419204711914,-0.1568543016910553,-0.021744491769169372,-0.035864755511283875,-0.18730193376541138,-0.04300980479845862,-0.027840211987495422,-0.13031014800071716,-0.02725030691752295,-0.02717377245426178,-0.11227625608444214,-0.0075853157361791546
T,0.0,0.0,0.0,0.04855141043663025,-0.02719426155090332,-0.03219498974650037,0.08900374174118042,-0.107280433177948,-0.04278089759318959,0.07262468338012695,-0.18894219398498535,-0.05076224637596738,0.04173123836517334,-0.23613086342811584,-0.0505023067948116,0.07491882145404816,-0.17661535739898682,-0.01642953326373231,0.08263576030731201,-0.2544824182987213,-0.05646089372604024,0.07246404886245728,-0.1992238163948059,-0.06760575903027188,0.0642625093460083,-0.16013607382774353,-0.06464216393797528,0.032878577709198,-0.17213323712348938,-0.01195191220759284,0.03375616669654846,-0.20766237378120422,-0.0488163447138561,0.030238419771194458,-0.12250208854675293,-0.04532040936319959,0.033379971981048584,-0.11802950501441956,-0.03157622647850644,-0.003824368119239807,-0.16733574867248535,-0.015534272430528517,-0.0053208619356155396,-0.20057353377342224,-0.05732577947347295,-0.0016395747661590576,-0.12005022168159485,-0.04153882247774732,0.0013326406478881836,-0.11236822605133057,-0.018253526663471575,-0.04224509745836258,-0.1597108542919159,-0.021662565892626162,-0.036064207553863525,-0.18850788474082947,-0.04350262788503301,-0.027936846017837524,-0.13269025087356567,-0.028331960564543124,-0.02783837914466858,-0.11615520715713501,-0.008907147696305628
T,0.0,0.0,0.0,0.04858897626399994,-0.027684271335601807,-0.032381369908819124,0.08828388154506683,-0.10790619254112244,-0.042996759702930376,0.0715908408164978,-0.18939828872680664,-0.051030489792594835,0.04203727841377258,-0.2376112937927246,-0.05083310901142113,0.07509581744670868,-0.17841985821723938,-0.01608870289243214,0.08249561488628387,-0.25597280263900757,-0.05646400450683586,0.0713721364736557,-0.20323684811592102,-0.06765413208819382,0.06242309510707855,-0.16318106651306152,-0.06435220613099091,0.03292258083820343,-0.17341309785842896,-0.011444959966013357,0.03381200134754181,-0.2091086208820343,-0.0481016144058799,0.029508307576179504,-0.12387537956237793,-0.04386769532180779,0.03296540677547455,-0.1186571717262268,-0.029322375719914362,-0.003954991698265076,-0.16838735342025757,-0.015047938739428446,-0.005485460162162781,-0.2015838623046875,-0.056424836804637835,-0.0025543570518493652,-0.1214190125465393,-0.03989876358724587,0.0003483891487121582,-0.11331263184547424,-0.01602063625074379,-0.04259929805994034,-0.16012057662010193,-0.021311412741908953,-0.036296114325523376,-0.18937742710113525,-0.04229172243691437,-0.02893488109111786,-0.13404583930969238,-0.026331282397279665,-0.02908708155155182,-0.11740106344223022,-0.006349830599049255
T,0.0,0.0,0.0,0.049183040857315063,-0.02777552604675293,-0.03175789654048344,0.08882731199264526,-0.10962912440299988,-0.04191930755766293,0.07240025699138641,-0.19223669171333313,-0.049701960531791656,0.04290682077407837,-0.24061676859855652,-0.04928179621489903,0.07581743597984314,-0.1792398989200592,-0.015274189187010734,0.08316215872764587,-0.25727584958076477,-0.05549663468988797,0.07185965776443481,-0.2042509913444519,-0.0664104686656799,0.06282173097133636,-0.1639445424079895,-0.06295477017553708,0.033235758543014526,-0.17437022924423218,-0.010921439861675708,0.03418055176734924,-0.21051406860351562,-0.04782324820550343,0.02971556782722473,-0.12478014826774597,-0.04358019098432919,0.03273208439350128,-0.11942708492279053,-0.02893992118330857,-0.003854990005493164,-0.16933098435401917,-0.014769538080116718,-0.005378216505050659,-0.20365729928016663,-0.05651227921040913,-0.002332329750061035,-0.12273091077804565,-0.039889031795581786,0.00025343894958496094,-0.11412346363067627,-0.01583010308237931,-0.04270870238542557,-0.16105887293815613,-0.02120732307227513,-0.03607982397079468,-0.19101771712303162,-0.04258037894757649,-0.02871456742286682,-0.13510656356811523,-0.026689022553881614,-0.028991013765335083,-0.11817747354507446,-0.00667006453292629
T,0.0,0.0,0.0,0.04973798990249634,-0.028967320919036865,-0.03236644644056241,0.08917924761772156,-0.1111074686050415,-0.04191413823281209,0.07031750679016113,-0.19264891743659973,-0.04845704439793508,0.03989076614379883,-0.24000287055969238,-0.04645239118252675,0.07684937119483948,-0.18159431219100952,-0.017075148632272885,0.08203539252281189,-0.26017841696739197,-0.05750169906531255,0.07136817276477814,-0.204642653465271,-0.06845124739919584,0.06337109208106995,-0.1640166938304901,-0.0650459669879524,0.034169480204582214,-0.17610761523246765,-0.01247433408860843,0.034400105476379395,-0.2125261127948761,-0.048736988787993596,0.030555129051208496,-0.12598729133605957,-0.044253017043217824,0.03389737010002136,-0.12013986706733704,-0.029893427377089665,-0.0032413899898529053,-0.17066925764083862,-0.016125223820552037,-0.006198123097419739,-0.20452633500099182,-0.057358931039914296,-0.002669975161552429,-0.12238633632659912,-0.04072812873636167,0.0010958611965179443,-0.11392956972122192,-0.01698240007971208,-0.042360953986644745,-0.16135677695274353,-0.02242620218311231,-0.038347989320755005,-0.19146093726158142,-0.04310505766187589,-0.02984181046485901,-0.1347864866256714,-0.026852057536586926,-0.02927452325820923,-0.11774826049804688,-0.006859775853797601
T,0.0,0.0,0.0,0.04855300486087799,-0.028831124305725098,-0.03304768033100913,0.08825629949569702,-0.11197632551193237,-0.044117346925276024,0.0713919997215271,-0.1951606273651123,-0.05275616101695846,0.04112039506435394,-0.24431201815605164,-0.05305924691035102,0.0742814689874649,-0.18384164571762085,-0.015446122323709233,0.08154086768627167,-0.26120850443840027,-0.056537416351574166,0.07098656892776489,-0.20737293362617493,-0.06797627784087013,0.06215590238571167,-0.1664944589138031,-0.06468592263533424,0.0314863920211792,-0.178064227104187,-0.010860207078593476,0.032558783888816833,-0.21344098448753357,-0.04892692021800826,0.028742656111717224,-0.12665224075317383,-0.04523139126374076,0.03174656629562378,-0.12144932150840759,-0.030594058854120476,-0.005645141005516052,-0.17221680283546448,-0.014675046836572392,-0.007539674639701843,-0.2049097716808319,-0.057664990944402916,-0.003563135862350464,-0.1231655478477478,-0.04136175714208434,-0.0007376819849014282,-0.11484667658805847,-0.01713436521364997,-0.04460962861776352,-0.16349855065345764,-0.02116304874195407,-0.038450732827186584,-0.19279757142066956,-0.043491542858618004,-0.030059054493904114,-0.13596755266189575,-0.02776574954165767,-0.029670357704162598,-0.11879611015319824,-0.007553642203646405
T,0.0,0.0,0.0,0.04887278378009796,-0.02974247932434082,-0.03335010090859214,0.08809027075767517,-0.11181515455245972,-0.04458089003355781,0.07179214060306549,-0.19548898935317993,-0.05327510291726867,0.042332082986831665,-0.24560600519180298,-0.053738689217880165,0.07510443031787872,-0.1831018626689911,-0.0166228079983739,0.08174535632133484,-0.26162856817245483,-0.05755425075085441,0.07066652178764343,-0.2089674174785614,-0.06862684542329589,0.06168827414512634,-0.1675262451171875,-0.06505122983844558,0.03237485885620117,-0.1771400272846222,-0.011765653435304557,0.03255149722099304,-0.21342352032661438,-0.049576623533084785,0.028566285967826843,-0.12663298845291138,-0.0452849848011283,0.031702205538749695,-0.11998900771141052,-0.030305329878046905,-0.0049033015966415405,-0.17110005021095276,-0.01529453245939294,-0.007449433207511902,-0.20483365654945374,-0.05782766470701972,-0.0036085695028305054,-0.12347742915153503,-0.04092063957841674,-0.0009110718965530396,-0.11379167437553406,-0.016411185432389175,-0.044054605066776276,-0.16161584854125977,-0.0215597582796363,-0.03870159387588501,-0.19226568937301636,-0.043453006241634284,-0.030480340123176575,-0.13610947132110596,-0.02737744541855136,-0.030126124620437622,-0.11827567219734192,-0.007017811928108131
T,0.0,0.0,0.0,0.04890741407871246,-0.029077649116516113,-0.033544430990247065,0.08790761232376099,-0.11214703321456909,-0.044443665553359324,0.07148630917072296,-0.19630146026611328,-0.0527541847121995,0.04260838031768799,-0.24671021103858948,-0.05267293613079005,0.07369256019592285,-0.18397259712219238,-0.01533777687373572,0.08060622215270996,-0.26164281368255615,-0.056532817442445094,0.06993541121482849,-0.2088221311569214,-0.0680008591306489,0.061214327812194824,-0.16851550340652466,-0.06471243362548762,0.03089168667793274,-0.1779862344264984,-0.010400549989668662,0.03151075541973114,-0.21441218256950378,-0.04877271737578326,0.028228074312210083,-0.12747380137443542,-0.04508706044080668,0.031446367502212524,-0.12204998731613159,-0.030284962166575724,-0.0062974244356155396,-0.1721305251121521,-0.013968915228275591,-0.008490338921546936,-0.20571070909500122,-0.057460377473859126,-0.004031926393508911,-0.12373924255371094,-0.0412846640837472,-0.0010809004306793213,-0.11553135514259338,-0.016924731914429003,-0.04534381628036499,-0.16333484649658203,-0.020237844918398196,-0.03964623063802719,-0.19269323348999023,-0.04298775132420474,-0.030765488743782043,-0.13584783673286438,-0.02754492547038012,-0.029988765716552734,-0.11888417601585388,-0.00742696134048515
T,0.0,0.0,0.0,0.04932220280170441,-0.029008090496063232,-0.03273317027836242,0.08883002400398254,-0.1136452853679657,-0.04270014721899429,0.07308723032474518,-0.19831088185310364,-0.05005556154995361,0.04420402646064758,-0.24805086851119995,-0.04895875040440956,0.07496239244937897,-0.18460050225257874,-0.014537901580325752,0.08231253921985626,-0.26227548718452454,-0.054943783171466976,0.07029323279857635,-0.20704901218414307,-0.06622231561689773,0.06116423010826111,-0.16649124026298523,-0.06320509124546447,0.03270621597766876,-0.17958614230155945,-0.00969405282287994,0.03284052014350891,-0.21567222476005554,-0.04806882325559059,0.02943854033946991,-0.12851694226264954,-0.04489281583576599,0.0329485684633255,-0.12207147479057312,-0.03057631101458469,-0.004318997263908386,-0.17383071780204773,-0.013146784119300037,-0.0076755136251449585,-0.20802715420722961,-0.05613533217459121,-0.003241986036300659,-0.12582790851593018,-0.04007040891795555,0.00010733306407928467,-0.11653363704681396,-0.01605435457079807,-0.043272726237773895,-0.1649458408355713,-0.019234146885565906,-0.03876831382513046,-0.19336286187171936,-0.041776271499685436,-0.03027448058128357,-0.1361769735813141,-0.02663339111953178,-0.028808236122131348,-0.1196334958076477,-0.006871309094123035
T,0.0,0.0,0.0,0.049098506569862366,-0.028865277767181396,-0.032334398334569414,0.0883842408657074,-0.11300933361053467,-0.04258842751914926,0.07173492014408112,-0.19791248440742493,-0.05027890936071344,0.04144546389579773,-0.24711573123931885,-0.04959022611910768,0.07359729707241058,-0.18494489789009094,-0.01596429557139345,0.08205029368400574,-0.2634817957878113,-0.056423228090352495,0.07056598365306854,-0.20700475573539734,-0.06757414699131914,0.06124073266983032,-0.16609269380569458,-0.06448984504277178,0.03147871792316437,-0.17955690622329712,-0.011506799464768847,0.032350435853004456,-0.21670615673065186,-0.049162760233230074,0.02906031906604767,-0.12980425357818604,-0.04562779874140688,0.031867578625679016,-0.12355941534042358,-0.031604520832843264,-0.0052159130573272705,-0.17349711060523987,-0.015193819855994661,-0.007849723100662231,-0.21011024713516235,-0.057180210804290255,-0.0035962164402008057,-0.1275489628314972,-0.040298201000041445,-0.0011085569858551025,-0.1176084578037262,-0.01627840832406946,-0.04388543218374252,-0.16425630450248718,-0.021550644045419176,-0.03926658630371094,-0.1951121985912323,-0.04326859474713274,-0.030887678265571594,-0.13773185014724731,-0.027483090614623507,-0.03018975257873535,-0.12069401144981384,-0.007642251761353691
T,0.0,0.0,0.0,0.04892900586128235,-0.02888178825378418,-0.03285434148230593,0.08866207301616669,-0.11240249872207642,-0.04361493564167063,0.07287488877773285,-0.19723233580589294,-0.05194013989486734,0.0423431396484375,-0.24650466442108154,-0.052142885094070834,0.07312236726284027,-0.184342622756958,-0.01570384255566637,0.081756591796875,-0.2625300884246826,-0.05664512938776056,0.07081957161426544,-0.20842647552490234,-0.06860826215662996,0.061341285705566406,-0.16687899827957153,-0.06599499336400072,0.031568676233291626,-0.1792234480381012,-0.011013015685165328,0.031998082995414734,-0.2160123884677887,-0.04920152998485605,0.02906215190887451,-0.13003244996070862,-0.046113722538137836,0.03249506652355194,-0.12260353565216064,-0.032225002115154666,-0.0048203617334365845,-0.17312335968017578,-0.014599429955268306,-0.007938727736473083,-0.2088657021522522,-0.05692835948386232,-0.003583267331123352,-0.127712219953537,-0.04034426114478151,-0.00047138333320617676,-0.11710608005523682,-0.01638903333761732,-0.043438345193862915,-0.16377538442611694,-0.02094918354370634,-0.039285048842430115,-0.19433730840682983,-0.04299488714852373,-0.0310705304145813,-0.13808539509773254,-0.02756038359322588,-0.029643207788467407,-0.1209016740322113,-0.007883116183364791
T,0.0,0.0,0.0,0.0493132621049881,-0.029876112937927246,-0.03301396215286445,0.08826042711734772,-0.10931411385536194,-0.0424505620631237,0.07280649244785309,-0.19205263257026672,-0.049184709731008525,0.04697120189666748,-0.24218690395355225,-0.047219790461923594,0.07563680410385132,-0.1857471466064453,-0.01349901588585567,0.08329357206821442,-0.26364001631736755,-0.05539901921477508,0.07322214543819427,-0.2075861692428589,-0.06858806306448173,0.06743527948856354,-0.16580450534820557,-0.06644497806158256,0.034170135855674744,-0.18002688884735107,-0.008481559287275786,0.03409263491630554,-0.21847015619277954,-0.047433361354734416,0.030266866087913513,-0.13297075033187866,-0.045867014619972224,0.0350751131772995,-0.12446948885917664,-0.03267013648476791,-0.0025458186864852905,-0.17391496896743774,-0.01202915975775909,-0.006191715598106384,-0.2074577510356903,-0.0541707649263401,-0.0031080394983291626,-0.1275951862335205,-0.0387128777238388,0.0021567195653915405,-0.11871194839477539,-0.0153344794544239,-0.040699735283851624,-0.16372182965278625,-0.018426461088921542,-0.038872137665748596,-0.19384980201721191,-0.03880162903990936,-0.031155869364738464,-0.13830658793449402,-0.023271027896072383,-0.02861936390399933,-0.12156736850738525,-0.0036556454743106315
T,0.0,0.0,0.0,0.05083569884300232,-0.031175732612609863,-0.03194745458660009,0.09184536337852478,-0.11228072643280029,-0.041641445979450964,0.07627451419830322,-0.19599559903144836,-0.048878902718399786,0.04426014423370361,-0.2421453893184662,-0.047725016400193,0.07551825046539307,-0.1851842999458313,-0.014504532478724741,0.08479318022727966,-0.2640296220779419,-0.05565452031788709,0.07316367328166962,-0.20701685547828674,-0.0682987181097019,0.064732626080513,-0.16583946347236633,-0.06604958154258611,0.034048810601234436,-0.18021979928016663,-0.010129984617208265,0.034575045108795166,-0.21857523918151855,-0.04786836557087781,0.030172988772392273,-0.13304340839385986,-0.04569089613852384,0.03389778733253479,-0.12634006142616272,-0.032622942849968695,-0.0025085359811782837,-0.17464616894721985,-0.013978999257062696,-0.005573973059654236,-0.21106833219528198,-0.055042462572430395,-0.0024074018001556396,-0.13043025135993958,-0.039020395055388235,0.0014372169971466064,-0.12056389451026917,-0.015712712109063887,-0.04122629761695862,-0.1652165949344635,-0.020604295805071615,-0.03813314437866211,-0.1967947781085968,-0.04041647367176893,-0.03005068004131317,-0.14160963892936707,-0.024338582679604315,-0.028294876217842102,-0.12413439154624939,-0.004537751115833544
T,0.0,0.0,0.0,0.051218822598457336,-0.030343711376190186,-0.032002297240978805,0.09219683706760406,-0.11123058199882507,-0.042421487170940964,0.07564826309680939,-0.19470486044883728,-0.050519418913609115,0.04336497187614441,-0.24118739366531372,-0.05048446451473865,0.0758708268404007,-0.18318277597427368,-0.014936914678401081,0.08505688607692719,-0.2621752619743347,-0.05601514225054416,0.0732460767030716,-0.2051282823085785,-0.06873200555492076,0.06491078436374664,-0.16408002376556396,-0.06675109733987483,0.03407849371433258,-0.1786487102508545,-0.010619615215546219,0.034608393907547,-0.2167002558708191,-0.04886873905707034,0.0307377427816391,-0.13069695234298706,-0.046716419059521286,0.03465138375759125,-0.1228557825088501,-0.033621084887272445,-0.00259283185005188,-0.17328321933746338,-0.014445506047195522,-0.0055783092975616455,-0.21058964729309082,-0.05639268924642238,-0.0022078901529312134,-0.12952256202697754,-0.04027804826546344,0.001493901014328003,-0.11853548884391785,-0.016691987413651077,-0.04149438440799713,-0.164584219455719,-0.020936970609909622,-0.03744889795780182,-0.19742929935455322,-0.04209807609367999,-0.02988635003566742,-0.14118239283561707,-0.02631531191218528,-0.02850671112537384,-0.12283942103385925,-0.006471560347563354
T,0.0,0.0,0.0,0.05125175416469574,-0.029477953910827637,-0.03182729396442596,0.09287852048873901,-0.11098054051399231,-0.04157225850443069,0.07674866914749146,-0.19518306851387024,-0.048855707677404325,0.044002458453178406,-0.24187448620796204,-0.04793215605835144,0.07661667466163635,-0.18239465355873108,-0.01507900904337589,0.08602696657180786,-0.26224997639656067,-0.05569855559090797,0.07432049512863159,-0.20374661684036255,-0.06792759213070099,0.06599533557891846,-0.16331148147583008,-0.06559669289211456,0.0350337028503418,-0.17860347032546997,-0.010620940173367899,0.0361810028553009,-0.2158724069595337,-0.047681559505264204,0.0314536988735199,-0.13011452555656433,-0.04505582589129631,0.034352585673332214,-0.12440502643585205,-0.03200011018137161,-0.0016435235738754272,-0.17381712794303894,-0.014289237255553644,-0.003855973482131958,-0.21066755056381226,-0.05528138640741531,-0.0010804831981658936,-0.1294110119342804,-0.03909456792692367,0.002024352550506592,-0.11937335133552551,-0.015764538826744,-0.04060974717140198,-0.1656571924686432,-0.020599330472151678,-0.03624230623245239,-0.1984904408454895,-0.040882651390830915,-0.028890088200569153,-0.1425863802433014,-0.024817662941615026,-0.028088167309761047,-0.12431412935256958,-0.004967588162372749
T,0.0,0.0,0.0,0.05201931297779083,-0.02738875150680542,-0.032321040970259673,0.0937088131904602,-0.10879272222518921,-0.042859894675189025,0.07693678140640259,-0.1934209167957306,-0.05094260115640736,0.044266074895858765,-0.2402096688747406,-0.05086933587210751,0.0772733986377716,-0.18112558126449585,-0.015798072782331474,0.08612564206123352,-0.2605128288269043,-0.05652525041716672,0.07465258240699768,-0.20317453145980835,-0.06855061788576222,0.06619811058044434,-0.16125783324241638,-0.06606602807062245,0.03518952429294586,-0.1773170828819275,-0.011261101332479484,0.03589800000190735,-0.2156985104084015,-0.049400904667550094,0.03168204426765442,-0.12913981080055237,-0.04673842851536847,0.03534787893295288,-0.12143638730049133,-0.03318207476752377,-0.001692458987236023,-0.17273378372192383,-0.014839343246990211,-0.0041730403900146484,-0.21004459261894226,-0.05674925957339383,-0.0011186152696609497,-0.1289767026901245,-0.04053139079826451,0.00238761305809021,-0.11828994750976562,-0.016856111106449134,-0.04078516364097595,-0.16531333327293396,-0.02107079651671029,-0.03607119619846344,-0.19762560725212097,-0.042418216806822784,-0.028804689645767212,-0.1414928436279297,-0.026833200347596176,-0.027680829167366028,-0.12357309460639954,-0.007101327632540233
T,0.0,0.0,0.0,0.051120057702064514,-0.027059614658355713,-0.03228921342625313,0.0938655287027359,-0.1078367829322815,-0.042834277190110015,0.07861082255840302,-0.19274672865867615,-0.050933959819218444,0.04627816379070282,-0.240261971950531,-0.050868856645962524,0.07798443734645844,-0.18099382519721985,-0.01662859965099983,0.08839045464992523,-0.26114416122436523,-0.05738049272432022,0.07675282657146454,-0.20435133576393127,-0.06912380356325798,0.06737916171550751,-0.16227483749389648,-0.06628777731194191,0.0362202525138855,-0.1776658296585083,-0.012036179117700385,0.03753282129764557,-0.21603181958198547,-0.04979333925976448,0.03260071575641632,-0.12883979082107544,-0.04665553096666031,0.03575296700000763,-0.12085336446762085,-0.0328722697867363,-0.0005596131086349487,-0.17355847358703613,-0.015491107404074,-0.002556025981903076,-0.21179121732711792,-0.05682967130078964,-6.839632987976074e-05,-0.12987983226776123,-0.03980692002906494,0.002909943461418152,-0.1177377998828888,-0.015750306583782958,-0.03996346890926361,-0.1661841869354248,-0.021660570911905097,-0.034586101770401,-0.19914811849594116,-0.04248879376783066,-0.02762444317340851,-0.14272081851959229,-0.026285638026735114,-0.02703768014907837,-0.12377780675888062,-0.006168148871353196
T,0.0,0.0,0.0,0.05321010947227478,-0.025830090045928955,-0.030962943521444686,0.09392300248146057,-0.1080135703086853,-0.040050720286672004,0.07630369067192078,-0.19259542226791382,-0.04670827971131075,0.04950299859046936,-0.24370473623275757,-0.044863433999125846,0.0819191038608551,-0.18344295024871826,-0.014731456016306765,0.08942601084709167,-0.26497572660446167,-0.056359579277341254,0.07987320423126221,-0.20710071921348572,-0.06892452896863688,0.07437354326248169,-0.16370847821235657,-0.06650756062299479,0.03879518806934357,-0.1798294484615326,-0.01080302098125685,0.04181721806526184,-0.22145482897758484,-0.04927786947519053,0.036426275968551636,-0.13293540477752686,-0.04680462689429987,0.03909452259540558,-0.12230172753334045,-0.033299965274636634,0.0008537769317626953,-0.17558810114860535,-0.015018566933576949,0.0002827644348144531,-0.21508753299713135,-0.05661580846935976,0.0021717697381973267,-0.13113096356391907,-0.03953371704847086,0.00571480393409729,-0.1190253496170044,-0.015441391107742675,-0.03850644826889038,-0.1677270233631134,-0.02185023711354006,-0.033674031496047974,-0.2021653652191162,-0.04204248399764765,-0.02700980007648468,-0.14363959431648254,-0.025427517903153785,-0.02619647979736328,-0.12463775277137756,-0.005294580434565432
T,0.0,0.0,0.0,0.05367971956729889,-0.02706766128540039,-0.031432891034199884,0.09573836624622345,-0.10779079794883728,-0.04034943669350355,0.07876600325107574,-0.1934632658958435,-0.04665165557773321,0.04914902150630951,-0.24244803190231323,-0.04427001788528173,0.08187194168567657,-0.18514668941497803,-0.013068103001131703,0.09222377836704254,-0.26245903968811035,-0.05398250161917417,0.08101741969585419,-0.20413899421691895,-0.06621196656735151,0.07297079265117645,-0.1620800793170929,-0.06375866174013822,0.03895878791809082,-0.1823902726173401,-0.009075279117240598,0.04279641807079315,-0.2228298783302307,-0.04636772140176504,0.03730107843875885,-0.13414856791496277,-0.04394073947580068,0.03979799151420593,-0.12523946166038513,-0.0306843256136915,0.0011554211378097534,-0.1780278980731964,-0.013336688049747636,0.001581534743309021,-0.2147769331932068,-0.05428496911437719,0.0032379478216171265,-0.13162913918495178,-0.03789835958988874,0.005500525236129761,-0.1224118173122406,-0.014474891827120473,-0.03851592540740967,-0.16944292187690735,-0.0202814636311075,-0.03255601227283478,-0.200840562582016,-0.03976082965047567,-0.025571361184120178,-0.1432161033153534,-0.02321229106993883,-0.025712519884109497,-0.12680816650390625,-0.0033679089999338885
T,0.0,0.0,0.0,0.05432035028934479,-0.025295794010162354,-0.03194962764484899,0.09748561680316925,-0.10603401064872742,-0.04152129168016927,0.0800904780626297,-0.19138428568840027,-0.04842758873803632,0.05050237476825714,-0.2407398819923401,-0.04671552354795949,0.08100126683712006,-0.18376323580741882,-0.0146516416813256,0.09284420311450958,-0.26105377078056335,-0.05523119444353597,0.08192063868045807,-0.20291900634765625,-0.06661036933166997,0.07290951907634735,-0.16093987226486206,-0.06357239509327428,0.03805093467235565,-0.18099656701087952,-0.01030304232938306,0.0427907258272171,-0.22063535451889038,-0.047643321997952626,0.03764881193637848,-0.1315900981426239,-0.04476211170060651,0.039475277066230774,-0.12358418107032776,-0.031110869220924542,0.000514984130859375,-0.17679855227470398,-0.014090540319216416,0.0015303045511245728,-0.21332213282585144,-0.05526570925815122,0.0035608261823654175,-0.13006553053855896,-0.038690629846882985,0.005365088582038879,-0.12129899859428406,-0.015048482886982129,-0.03901189565658569,-0.16897788643836975,-0.020522936678958104,-0.032424196600914,-0.20077747106552124,-0.04062059099180715,-0.025323882699012756,-0.14282697439193726,-0.024266475311947033,-0.025605738162994385,-0.12617623805999756,-0.004398976418656275
T,0.0,0.0,0.0,0.05403599143028259,-0.023047327995300293,-0.03272500468821704,0.0984540581703186,-0.10427969694137573,-0.04318719936938464,0.08210253715515137,-0.1903122365474701,-0.05112068189711749,0.05220404267311096,-0.24076935648918152,-0.05068091882796466,0.0821758508682251,-0.1805034875869751,-0.016454337373687622,0.09546011686325073,-0.259092777967453,-0.05723515732617557,0.0834411084651947,-0.20124313235282898,-0.06832285432548701,0.0725637674331665,-0.1584477722644806,-0.06494257806272685,0.03940644860267639,-0.17869454622268677,-0.011771588795198795,0.04479944705963135,-0.2169422209262848,-0.0499152152094382,0.038561493158340454,-0.12847137451171875,-0.04682557864518344,0.039716899394989014,-0.12023597955703735,-0.032825069710924026,0.0020611435174942017,-0.1753576695919037,-0.015196309633864757,0.0036722570657730103,-0.212056964635849,-0.05683430863948047,0.004967600107192993,-0.12907391786575317,-0.03984993530841052,0.006271854043006897,-0.11859729886054993,-0.01579675844342887,-0.037688612937927246,-0.16912412643432617,-0.021329418033673164,-0.02964499592781067,-0.20075976848602295,-0.04204550592632472,-0.02360205352306366,-0.14253157377243042,-0.02571119575233638,-0.02410699427127838,-0.12480461597442627,-0.005665171634717581
T,0.0,0.0,0.0,0.05446512997150421,-0.022859930992126465,-0.030390130488370914,0.09898252785205841,-0.10556092858314514,-0.04131348071823027,0.08309109508991241,-0.19178026914596558,-0.05047034857997801,0.05153559148311615,-0.24147537350654602,-0.051852390302514095,0.08266229927539825,-0.18019774556159973,-0.01628980612585451,0.09616641700267792,-0.26050275564193726,-0.057118922604416866,0.08492173254489899,-0.20249569416046143,-0.06872261328825857,0.07317538559436798,-0.1576947569847107,-0.06580636663565542,0.03923375904560089,-0.17867672443389893,-0.012809551453386803,0.04561470448970795,-0.21749719977378845,-0.05192324904928114,0.03921695053577423,-0.12823501229286194,-0.04943710206279661,0.03828640282154083,-0.11726385354995728,-0.035810150338505764,0.0012858957052230835,-0.17505452036857605,-0.016920887066220303,0.004164189100265503,-0.21452867984771729,-0.05866744009981062,0.005289703607559204,-0.13091418147087097,-0.041143238676880856,0.004375338554382324,-0.11733782291412354,-0.016830036549066563,-0.03924305737018585,-0.1691472828388214,-0.02347495420107748,-0.02912794053554535,-0.20220911502838135,-0.04473929120430853,-0.023409798741340637,-0.14366108179092407,-0.028198408095335026,-0.025075092911720276,-0.1251753866672516,-0.007972940003668327
T,0.0,0.0,0.0,0.053873419761657715,-0.022562086582183838,-0.030575849598250215,0.09939631819725037,-0.10632005333900452,-0.04128249596615774,0.08436799049377441,-0.19306153059005737,-0.050098063906631296,0.051669955253601074,-0.24258750677108765,-0.0509988018478964,0.08353134989738464,-0.1813829243183136,-0.01607512358387453,0.0976613461971283,-0.26198193430900574,-0.056620641162595575,0.0866360068321228,-0.20245414972305298,-0.06814215194245321,0.07466062903404236,-0.15812650322914124,-0.06531054388543112,0.04025110602378845,-0.18005508184432983,-0.012636500893137281,0.047378867864608765,-0.2191670835018158,-0.050794275959930246,0.041327595710754395,-0.1290469765663147,-0.04788502167721731,0.039887040853500366,-0.11915457248687744,-0.03429202969928724,0.0022519975900650024,-0.17641982436180115,-0.016863814106187647,0.005803987383842468,-0.21658852696418762,-0.05797154318352682,0.007344663143157959,-0.13159072399139404,-0.04003481428881628,0.005832850933074951,-0.11813884973526001,-0.01575734700818998,-0.038514018058776855,-0.17036446928977966,-0.023606436809501474,-0.02786003053188324,-0.2029063105583191,-0.044599915405711954,-0.021927446126937866,-0.14365336298942566,-0.02782807174881441,-0.024206578731536865,-0.12526890635490417,-0.007614777905843084
T,0.0,0.0,0.0,0.054174959659576416,-0.02328544855117798,-0.03132385033600826,0.09961506724357605,-0.10724145174026489,-0.04166711884968777,0.08476126194000244,-0.19337552785873413,-0.049885582359962655,0.05308440327644348,-0.2428436279296875,-0.0499656500243475,0.08551454544067383,-0.18211156129837036,-0.015459056193463994,0.09868240356445312,-0.2609086334705353,-0.05543248373501797,0.08696383237838745,-0.20350560545921326,-0.06640341523521442,0.07450041174888611,-0.16000324487686157,-0.06321914139621754,0.041731059551239014,-0.18165194988250732,-0.011664644996159268,0.04794195294380188,-0.21910595893859863,-0.048949323775701714,0.04183956980705261,-0.12950563430786133,-0.045292683126859856,0.04131075739860535,-0.12055733799934387,-0.031147759588890267,0.0034497082233428955,-0.17880451679229736,-0.01576507482164402,0.005765825510025024,-0.21680936217308044,-0.05644929427140255,0.0075500160455703735,-0.13199087977409363,-0.03863352555268307,0.006856098771095276,-0.11933690309524536,-0.014440230275027943,-0.03749765455722809,-0.17290395498275757,-0.022528920503788186,-0.02818360924720764,-0.20343434810638428,-0.043330259802274895,-0.021952524781227112,-0.1443212330341339,-0.026753746154241753,-0.023468881845474243,-0.12658542394638062,-0.006644816784643126
T,0.0,0.0,0.0,0.054146260023117065,-0.0228613018989563,-0.03095702427992819,0.09877336025238037,-0.1065773069858551,-0.041440358120894416,0.0827699601650238,-0.19238504767417908,-0.04994283776352404,0.05277678370475769,-0.24255478382110596,-0.05033438440034388,0.08539402484893799,-0.181142657995224,-0.01522331378976105,0.0986407995223999,-0.25958308577537537,-0.05514532859990595,0.08628755807876587,-0.2024843990802765,-0.06601758833596705,0.07368201017379761,-0.1590542197227478,-0.06285810257861613,0.04141244292259216,-0.18066266179084778,-0.011594902459478362,0.04732316732406616,-0.2179931402206421,-0.04921472604939936,0.04119876027107239,-0.129026859998703,-0.04570130418608187,0.04133400321006775,-0.11990678310394287,-0.03168164353439806,0.0029108524322509766,-0.17778733372688293,-0.015803685147261604,0.005506575107574463,-0.21596083045005798,-0.05693458925554751,0.007013678550720215,-0.13167929649353027,-0.03927038024733065,0.0063898563385009766,-0.11917871236801147,-0.01511395975569485,-0.03816181421279907,-0.17213645577430725,-0.0225988214052677,-0.027867287397384644,-0.2026636004447937,-0.044018881130909904,-0.022222280502319336,-0.14353987574577332,-0.027813965190148338,-0.024143844842910767,-0.12623542547225952,-0.007897404689288123
T,0.0,0.0,0.0,0.0534728467464447,-0.02371513843536377,-0.031536981494383554,0.09844860434532166,-0.10682684183120728,-0.04214669767137025,0.08396205306053162,-0.1935538649559021,-0.05061337727423165,0.05350029468536377,-0.24446547031402588,-0.05090501907582734,0.08470746874809265,-0.1821345090866089,-0.015688285262541513,0.09921321272850037,-0.2606196701526642,-0.05610944706316445,0.08698463439941406,-0.20367029309272766,-0.06720265376682732,0.07331135869026184,-0.16052234172821045,-0.0639392622124717,0.041350603103637695,-0.18132981657981873,-0.011808411249177198,0.0484006404876709,-0.21851325035095215,-0.0493455715786979,0.041837453842163086,-0.12847688794136047,-0.04572728279347871,0.04081466794013977,-0.11946937441825867,-0.03159444037194703,0.003284245729446411,-0.17815569043159485,-0.015869157419757585,0.006924420595169067,-0.21564981341362,-0.05710861834998582,0.008050218224525452,-0.13057714700698853,-0.03938867527361367,0.0063164979219436646,-0.11797082424163818,-0.01509307886774991,-0.03774125874042511,-0.17193031311035156,-0.022549325631217698,-0.027068883180618286,-0.20207950472831726,-0.04367708045359109,-0.02081570029258728,-0.14278319478034973,-0.027058238194541673,-0.0231512188911438,-0.12519288063049316,-0.006841242344336251
T,0.0,0.0,0.0,0.05489948391914368,-0.02501809597015381,-0.03145318673836073,0.09861654043197632,-0.10757279396057129,-0.04205289678560575,0.08269232511520386,-0.19289430975914001,-0.050502238887418116,0.05314302444458008,-0.24390944838523865,-0.05086716087447485,0.08396556973457336,-0.18501067161560059,-0.01520255869166931,0.09836211800575256,-0.26057612895965576,-0.056064823734629954,0.08783748745918274,-0.2058568298816681,-0.06815734328614553,0.07529285550117493,-0.16186463832855225,-0.06535641672002157,0.04000985622406006,-0.1831044852733612,-0.011368052194882239,0.04887852072715759,-0.2202850580215454,-0.04882584335194906,0.04215463995933533,-0.13090580701828003,-0.04589235605584463,0.040203630924224854,-0.12040865421295166,-0.03217528210865339,0.001859515905380249,-0.17930808663368225,-0.015499690639842356,0.006905078887939453,-0.2165738344192505,-0.0559457820831426,0.008089303970336914,-0.13242587447166443,-0.03851126329885801,0.005766034126281738,-0.11946213245391846,-0.014584864581991042,-0.03921769559383392,-0.17177683115005493,-0.022354262041915263,-0.028033480048179626,-0.20350763201713562,-0.04223599107848486,-0.021333560347557068,-0.14511018991470337,-0.025145469325650538,-0.024013161659240723,-0.12697529792785645,-0.004852766263354624
T,0.0,0.0,0.0,0.05447947978973389,-0.02416914701461792,-0.03193238648677266,0.09887871146202087,-0.10704174637794495,-0.042714490472320676,0.0827021598815918,-0.191858172416687,-0.051334208725933195,0.05300113558769226,-0.24235022068023682,-0.05175383287573254,0.08309498429298401,-0.18445739150047302,-0.014931208371166349,0.09768557548522949,-0.2621561884880066,-0.056817422538046,0.08751940727233887,-0.20556306838989258,-0.06978468122983372,0.07551023364067078,-0.16082388162612915,-0.06743189963603413,0.03974899649620056,-0.18246251344680786,-0.011010770603064657,0.04844006896018982,-0.22096621990203857,-0.04968035864735043,0.0418248176574707,-0.13131150603294373,-0.047473083167318464,0.04008263349533081,-0.12133139371871948,-0.03389162468815243,0.0018533170223236084,-0.1786816418170929,-0.015232430688087106,0.007055208086967468,-0.21628817915916443,-0.05687151747846997,0.008038759231567383,-0.13183867931365967,-0.03980055349970257,0.006409287452697754,-0.11967635154724121,-0.01570373299622929,-0.03889191150665283,-0.1715790033340454,-0.022202295168284536,-0.02789902687072754,-0.20265814661979675,-0.04296104881072438,-0.02149948477745056,-0.14407968521118164,-0.026175341485981107,-0.02347010374069214,-0.1263071894645691,-0.0058144018156269794
T,0.0,0.0,0.0,0.054370492696762085,-0.025719642639160156,-0.032407693496367074,0.09832480549812317,-0.10894203186035156,-0.04338295750918064,0.08183705806732178,-0.1928638517856598,-0.05203072719874058,0.05116754770278931,-0.24202781915664673,-0.052375949850699044,0.08311724662780762,-0.18505045771598816,-0.015752095660587884,0.09722974896430969,-0.26194167137145996,-0.05741826438011799,0.08684533834457397,-0.20706242322921753,-0.07008559249939594,0.07436037063598633,-0.16305524110794067,-0.06752815090717945,0.039391547441482544,-0.18326669931411743,-0.011622298440357781,0.0471460223197937,-0.22067376971244812,-0.04961182542743359,0.04135432839393616,-0.1308632791042328,-0.0466157458037344,0.04052117466926575,-0.12087872624397278,-0.03269672759475384,0.0013510435819625854,-0.17990228533744812,-0.015693714773675538,0.0058084577322006226,-0.2169433832168579,-0.05668552213015232,0.007360085844993591,-0.1324847936630249,-0.03917057432832394,0.006102636456489563,-0.12001511454582214,-0.01502244353892479,-0.03953975439071655,-0.172855406999588,-0.02263418019416008,-0.028852462768554688,-0.20384472608566284,-0.04286060475411091,-0.022198766469955444,-0.14532241225242615,-0.025770308381339646,-0.024204641580581665,-0.12727397680282593,-0.005332546240111924
T,0.0,0.0,0.0,0.054442137479782104,-0.02720731496810913,-0.03279351572811606,0.09769749641418457,-0.10872668027877808,-0.043543522612452534,0.08035305142402649,-0.19211700558662415,-0.051754203991293934,0.05088183283805847,-0.24130463600158691,-0.05151314418137076,0.08287453651428223,-0.18545636534690857,-0.015999713347554234,0.0977742075920105,-0.26266175508499146,-0.058075626747012166,0.0879284143447876,-0.20711767673492432,-0.07132863010585311,0.07605370879173279,-0.16223043203353882,-0.06888116653382781,0.039328426122665405,-0.18307024240493774,-0.011450029344558743,0.04801294207572937,-0.22067254781723022,-0.04896140228331092,0.04118451476097107,-0.13142317533493042,-0.046126638905406026,0.040036410093307495,-0.12113487720489502,-0.03239251057922843,0.0014764070510864258,-0.17961227893829346,-0.015204708458185223,0.006537944078445435,-0.2166837751865387,-0.055144996748566655,0.007314890623092651,-0.1333337128162384,-0.03775273020684722,0.006190001964569092,-0.12078151106834412,-0.013871250109076527,-0.039236605167388916,-0.17222577333450317,-0.021941767440438298,-0.029177218675613403,-0.20384758710861206,-0.04067488144457343,-0.022250458598136902,-0.14657503366470337,-0.023078480170369176,-0.02380242943763733,-0.1282990574836731,-0.002469702058732537
T,0.0,0.0,0.0,0.054594382643699646,-0.02693796157836914,-0.03246978982207338,0.098564013838768,-0.10832267999649048,-0.04264156832215349,0.08058445155620575,-0.1905423402786255,-0.05020306571242372,0.04923392832279205,-0.23723790049552917,-0.049242287267418305,0.08396412432193756,-0.1857415735721588,-0.015412975427182118,0.09814120829105377,-0.26254746317863464,-0.0572160997879223,0.0881885439157486,-0.20699778199195862,-0.07040688707348863,0.07689566910266876,-0.16297274827957153,-0.06802527173277895,0.04029519855976105,-0.18353694677352905,-0.011105915856035153,0.04876019060611725,-0.22049319744110107,-0.04808352454421083,0.04211600124835968,-0.1313970685005188,-0.04504070370313684,0.04157467186450958,-0.12168827652931213,-0.031284074623556535,0.002337530255317688,-0.18034330010414124,-0.015165811729104917,0.007176876068115234,-0.21573829650878906,-0.05478893532273332,0.007839545607566833,-0.13247331976890564,-0.037663190950127046,0.00720195472240448,-0.12095299363136292,-0.014073042523534696,-0.03823979198932648,-0.1732185184955597,-0.0222049349438862,-0.028355583548545837,-0.20411893725395203,-0.040361966330976884,-0.021735697984695435,-0.14688432216644287,-0.022569802914233605,-0.023387297987937927,-0.12896519899368286,-0.001967751279892127
T,0.0,0.0,0.0,0.05472269654273987,-0.0278775691986084,-0.032701883805287935,0.0986013114452362,-0.10828843712806702,-0.04256362502027855,0.08053696155548096,-0.19083157181739807,-0.04956297982980118,0.04919561743736267,-0.23780637979507446,-0.04804312844325409,0.0835338830947876,-0.1846846044063568,-0.016128989276779748,0.09812834858894348,-0.260556161403656,-0.05713363025833473,0.08840158581733704,-0.2056671679019928,-0.0695860985343586,0.07636153697967529,-0.16310501098632812,-0.06683304939915047,0.04015132784843445,-0.1824137568473816,-0.011477971789730645,0.04878833889961243,-0.21831625699996948,-0.047508094800008394,0.04247349500656128,-0.13017922639846802,-0.044217497450603105,0.04141613841056824,-0.12140679359436035,-0.03064920228470669,0.002440720796585083,-0.17930734157562256,-0.015097779562069036,0.007681652903556824,-0.21322184801101685,-0.05454545874644623,0.008463665843009949,-0.13020873069763184,-0.03807866234828339,0.007070183753967285,-0.1195099949836731,-0.01507299334306822,-0.03820060193538666,-0.17251625657081604,-0.021599661899102784,-0.027759119868278503,-0.20220887660980225,-0.039972287011636354,-0.020852774381637573,-0.14521291851997375,-0.022690102798236467,-0.023059159517288208,-0.12786632776260376,-0.0025406029218117965
T,0.0,0.0,0.0,0.0547938346862793,-0.027054905891418457,-0.032065717760417556,0.09821072220802307,-0.10860928893089294,-0.041682629171702956,0.07995563745498657,-0.19145774841308594,-0.0485109521783329,0.048514217138290405,-0.2381090223789215,-0.046925915662143325,0.08264762163162231,-0.18454676866531372,-0.016439307738039588,0.09689804911613464,-0.26054176688194275,-0.05724176603922615,0.08754956722259521,-0.20623257756233215,-0.06947187173733482,0.07554420828819275,-0.1629011034965515,-0.06659035224089394,0.039318472146987915,-0.1822446882724762,-0.011935810815487002,0.04778888821601868,-0.2180602252483368,-0.047933550808522796,0.04203489422798157,-0.12972843647003174,-0.04460371125111351,0.0408976674079895,-0.12006479501724243,-0.0310816618389822,0.0017029345035552979,-0.17902445793151855,-0.015530105937216376,0.006789177656173706,-0.21358966827392578,-0.054944722238872146,0.008093640208244324,-0.1303585171699524,-0.038348684344384765,0.006598293781280518,-0.11869373917579651,-0.01531458485493431,-0.03901265561580658,-0.1720775067806244,-0.021912813443634604,-0.02866072952747345,-0.20243164896965027,-0.04042187917599449,-0.021127790212631226,-0.14509975910186768,-0.023178592581245994,-0.022975772619247437,-0.12723895907402039,-0.003085052153039669
T,0.0,0.0,0.0,0.05506688356399536,-0.02884775400161743,-0.033087429695626724,0.0970521867275238,-0.10968482494354248,-0.043048028939267624,0.07749608159065247,-0.19170603156089783,-0.04998902707626485,0.046735137701034546,-0.23872357606887817,-0.04837488114168309,0.08129477500915527,-0.18598395586013794,-0.017108344578048218,0.09520670771598816,-0.26176607608795166,-0.05864967136909627,0.08604004979133606,-0.20555400848388672,-0.07162923469473981,0.07521623373031616,-0.16169673204421997,-0.06912578746010922,0.0378587543964386,-0.1825413703918457,-0.012152871222099293,0.046591877937316895,-0.2187688946723938,-0.04885776817133092,0.040582627058029175,-0.1301143765449524,-0.046101336472531784,0.039608269929885864,-0.11961138248443604,-0.0328263911538329,9.466707706451416e-05,-0.1784498393535614,-0.01542734365244769,0.005236342549324036,-0.21339842677116394,-0.05516385763218068,0.006331771612167358,-0.13018867373466492,-0.03880093350340985,0.005183756351470947,-0.11800742149353027,-0.015728783898850907,-0.04045906662940979,-0.17066442966461182,-0.02157913997103833,-0.030528128147125244,-0.20228055119514465,-0.039818664186498154,-0.022715896368026733,-0.1452123522758484,-0.02235804415573739,-0.024312198162078857,-0.12681692838668823,-0.0020570648953821546
T,0.0,0.0,0.0,0.055072516202926636,-0.02655625343322754,-0.032721846183079606,0.0955359935760498,-0.10649403929710388,-0.043413924803274995,0.0749635100364685,-0.18878763914108276,-0.05103769042088402,0.04710546135902405,-0.2382037341594696,-0.05021874867870224,0.08207917213439941,-0.18141710758209229,-0.02044568099572075,0.0927838683128357,-0.26084280014038086,-0.06280736886455429,0.08456307649612427,-0.2041626274585724,-0.07595014088346375,0.07566490769386292,-0.1579972505569458,-0.07374657206727875,0.038939446210861206,-0.17801380157470703,-0.015730150793928033,0.04567158222198486,-0.21532076597213745,-0.05414693691326988,0.040315479040145874,-0.1260654628276825,-0.05168506391837013,0.04007038474082947,-0.1146845817565918,-0.038679609825152284,0.0013639628887176514,-0.1744348108768463,-0.01895584427310837,0.005067974328994751,-0.21197211742401123,-0.059952123840588456,0.006859570741653442,-0.12788638472557068,-0.043183564027089005,0.006764411926269531,-0.1142643392086029,-0.019828310986298447,-0.03909581899642944,-0.16720440983772278,-0.0249321263332547,-0.02977129817008972,-0.2008284032344818,-0.04458459355427635,-0.02151241898536682,-0.1419132947921753,-0.027176822354334718,-0.022458046674728394,-0.1218218207359314,-0.006746776220637685
T,0.0,0.0,0.0,0.054519832134246826,-0.02464824914932251,-0.03187082662844887,0.09498506784439087,-0.10572469234466553,-0.0420812922682785,0.07341814041137695,-0.18743476271629333,-0.049745436307432556,0.04520624876022339,-0.2356460988521576,-0.04928253546023598,0.08094349503517151,-0.1807970404624939,-0.016740029227378272,0.09289923310279846,-0.2582204341888428,-0.05884806766772499,0.08430519700050354,-0.20297402143478394,-0.07262574463749161,0.07522231340408325,-0.1570018231868744,-0.07089566021824112,0.03763097524642944,-0.17775914072990417,-0.012395336773636245,0.04524344205856323,-0.21241354942321777,-0.05151263951921692,0.03980591893196106,-0.12443581223487854,-0.0498669180240654,0.03997069597244263,-0.11045143008232117,-0.03694064125085106,-3.628432750701904e-05,-0.17381975054740906,-0.016145625632645988,0.004300609230995178,-0.20649415254592896,-0.05831867783928146,0.005654752254486084,-0.12418171763420105,-0.04311288475656738,0.006039038300514221,-0.1103600263595581,-0.02017011634671917,-0.03975112736225128,-0.16655293107032776,-0.022475782331468963,-0.029803618788719177,-0.19723254442214966,-0.043369829204323196,-0.022287115454673767,-0.13885363936424255,-0.027424340617301368,-0.022642657160758972,-0.1195468008518219,-0.007702486139180564
T,0.0,0.0,0.0,0.05414685606956482,-0.024655282497406006,-0.031879119863873484,0.09417906403541565,-0.10537183284759521,-0.042599212667113306,0.07227310538291931,-0.1866612434387207,-0.05064429744160748,0.04375767707824707,-0.23502951860427856,-0.05046498804367161,0.07953688502311707,-0.1792730987071991,-0.018152263304358485,0.09086912870407104,-0.2563437819480896,-0.05994709610021687,0.08246108889579773,-0.20195171236991882,-0.07289144798195935,0.07328027486801147,-0.1562524437904358,-0.07072083308375454,0.03673812747001648,-0.17653688788414001,-0.013877362301712992,0.044129908084869385,-0.21128186583518982,-0.05244060634649372,0.03883230686187744,-0.1233401894569397,-0.04984654887593365,0.03884074091911316,-0.11027121543884277,-0.03645737870610333,-0.0006291121244430542,-0.17289131879806519,-0.017614215901261332,0.003726676106452942,-0.20583173632621765,-0.05926734610474682,0.005321130156517029,-0.12390676140785217,-0.04317998914993382,0.005576819181442261,-0.11091113090515137,-0.019975349595910075,-0.04020264744758606,-0.16574892401695251,-0.02396257995641804,-0.03043806552886963,-0.19534000754356384,-0.044613033821946146,-0.022686392068862915,-0.13716211915016174,-0.028354684179788592,-0.023080185055732727,-0.11880448460578918,-0.008609340815013411
T,0.0,0.0,0.0,0.05374714732170105,-0.025396406650543213,-0.03130943838192479,0.0935494601726532,-0.10452413558959961,-0.041808643822207614,0.073108971118927,-0.18509569764137268,-0.04973443735076444,0.0457342267036438,-0.23361492156982422,-0.049649817381634875,0.07937425374984741,-0.1781196892261505,-0.01804669525159852,0.09106525778770447,-0.2552620470523834,-0.059611895565524264,0.08270454406738281,-0.20125865936279297,-0.07275574046803968,0.07331126928329468,-0.15538877248764038,-0.07068660992814557,0.036784976720809937,-0.1754601001739502,-0.01382815044058816,0.044708192348480225,-0.2103022038936615,-0.05248908091022031,0.038823217153549194,-0.12259256839752197,-0.05031753096415059,0.03808978199958801,-0.10774075984954834,-0.03718531641794698,-0.00042594969272613525,-0.17167970538139343,-0.017458851893081828,0.00451640784740448,-0.20456349849700928,-0.05904733154608266,0.0055006444454193115,-0.12306472659111023,-0.043314659480586215,0.005165696144104004,-0.10868418216705322,-0.020266113315358325,-0.03974956274032593,-0.1643117368221283,-0.023598001782431766,-0.029466360807418823,-0.1949869692325592,-0.04409738022519605,-0.022153019905090332,-0.13718700408935547,-0.027781942371859714,-0.02286088466644287,-0.11782550811767578,-0.007963286225333377
T,0.0,0.0,0.0,0.053840503096580505,-0.025333821773529053,-0.030816783550449145,0.09239961206912994,-0.10486239194869995,-0.041559136825867427,0.07063589990139008,-0.18491607904434204,-0.0499396616399963,0.044120416045188904,-0.2336927056312561,-0.05042009742862774,0.0787043422460556,-0.1774110496044159,-0.01768813224441601,0.08996190130710602,-0.2535606920719147,-0.05887373106486393,0.08192019164562225,-0.1999279260635376,-0.07191821874982907,0.07267560064792633,-0.15429919958114624,-0.06999701948768688,0.036300525069236755,-0.1743941605091095,-0.013706990870900881,0.043901845812797546,-0.20921814441680908,-0.052164121884175074,0.038575395941734314,-0.122036874294281,-0.04995920451290203,0.038058385252952576,-0.10737895965576172,-0.036947085875340235,-0.000689968466758728,-0.17025119066238403,-0.017489605936475527,0.003992587327957153,-0.20331740379333496,-0.05877223553068234,0.005431145429611206,-0.12253749370574951,-0.042999591100283396,0.005129113793373108,-0.10827654600143433,-0.020089644360609782,-0.03975169360637665,-0.16275650262832642,-0.023746566268869174,-0.029605835676193237,-0.1935056447982788,-0.04429614113576008,-0.022162511944770813,-0.13607940077781677,-0.028277402165599597,-0.02282281219959259,-0.11709773540496826,-0.008783483299680483
T,0.0,0.0,0.0,0.05344898998737335,-0.025153815746307373,-0.029998162801433637,0.09142087399959564,-0.10471796989440918,-0.04019233960943325,0.0702395886182785,-0.18448930978775024,-0.04817701507644756,0.04443453252315521,-0.23294571042060852,-0.048188414464760854,0.07741130888462067,-0.17650961875915527,-0.01646763090329273,0.08811478316783905,-0.2522648572921753,-0.057141710112858846,0.08094902336597443,-0.19853782653808594,-0.06962031502561672,0.07205741107463837,-0.15349239110946655,-0.06736583639221294,0.03535036742687225,-0.1730974316596985,-0.01276991706626518,0.04250575602054596,-0.20852142572402954,-0.05041833598451717,0.038452669978141785,-0.121798574924469,-0.04777484391169651,0.03826318681240082,-0.10929268598556519,-0.034602981100846364,-0.0014102905988693237,-0.16878333687782288,-0.016814790706206395,0.0031404197216033936,-0.20194000005722046,-0.05755395073728664,0.005499750375747681,-0.12161725759506226,-0.04159356657700641,0.005162045359611511,-0.10923057794570923,-0.018720995674897267,-0.040471240878105164,-0.16110172867774963,-0.023295536677409245,-0.03064867854118347,-0.1919386088848114,-0.04351894188957317,-0.02254106104373932,-0.1351528763771057,-0.02748537067608936,-0.023245230317115784,-0.11689817905426025,-0.00808987397985561
T,0.0,0.0,0.0,0.05229952931404114,-0.025894761085510254,-0.030847191483530878,0.090399831533432,-0.10416853427886963,-0.04141021114662635,0.07074737548828125,-0.18373268842697144,-0.04960945960954177,0.045929938554763794,-0.23327183723449707,-0.049750946135077356,0.07632225751876831,-0.1754990816116333,-0.017051286668333887,0.0874253511428833,-0.2512044906616211,-0.058078396738324045,0.08109736442565918,-0.19855278730392456,-0.07056011971906173,0.07239022850990295,-0.15411832928657532,-0.06804921445325363,0.0347597599029541,-0.17208421230316162,-0.012871906765553831,0.04184100031852722,-0.20778164267539978,-0.05015303534344184,0.03813454508781433,-0.12104177474975586,-0.047117840171608805,0.03835952281951904,-0.10956788063049316,-0.033661182642731546,-0.0017017722129821777,-0.16801878809928894,-0.01654841718152511,0.0030919313430786133,-0.2011984884738922,-0.057221866817030786,0.005297303199768066,-0.12094759941101074,-0.04093449902609336,0.005135849118232727,-0.10901600122451782,-0.01774713178053844,-0.04068255424499512,-0.1605096161365509,-0.022763142035159944,-0.030961796641349792,-0.19127652049064636,-0.04279338163212287,-0.022664964199066162,-0.13489896059036255,-0.026470644072446703,-0.02312786877155304,-0.11646538972854614,-0.006777102731916784
T,0.0,0.0,0.0,0.052410468459129333,-0.025400221347808838,-0.03062586896828634,0.09019710123538971,-0.10514247417449951,-0.04110357575825674,0.06965996325016022,-0.1845931112766266,-0.049180426083125894,0.04349042475223541,-0.23323598504066467,-0.04911513292006475,0.07585485279560089,-0.17615371942520142,-0.016489699862518137,0.08646367490291595,-0.2510811686515808,-0.057475995651998346,0.08062775433063507,-0.19774559140205383,-0.07010380216649992,0.07184149324893951,-0.1538974642753601,-0.06777938493303282,0.03407232463359833,-0.17221194505691528,-0.01240514349899513,0.041160330176353455,-0.20755091309547424,-0.049701720855750864,0.03853614628314972,-0.12113028764724731,-0.04703604467920286,0.038307562470436096,-0.11086100339889526,-0.03384745531491262,-0.0024712085723876953,-0.16782140731811523,-0.016148239753761118,0.0022935718297958374,-0.20038464665412903,-0.05688540302924139,0.005543053150177002,-0.12038111686706543,-0.04104254432729704,0.004988998174667358,-0.10997664928436279,-0.018181147433438127,-0.04143022000789642,-0.1605742871761322,-0.022362165532626932,-0.03127007186412811,-0.18994268774986267,-0.04245454855970365,-0.02257390320301056,-0.13356530666351318,-0.026396166912832086,-0.02360798418521881,-0.11667406558990479,-0.006938293955840891
T,0.0,0.0,0.0,0.05110204219818115,-0.02776414155960083,-0.029165586704209545,0.08873692154884338,-0.10536020994186401,-0.04028460408170531,0.0693235695362091,-0.18313109874725342,-0.04954903225024054,0.043002545833587646,-0.23268458247184753,-0.05140530715306113,0.07481598854064941,-0.17468708753585815,-0.015625983724191883,0.08476868271827698,-0.24953138828277588,-0.056713950136497715,0.07841715216636658,-0.19724497199058533,-0.07115403960068534,0.07099002599716187,-0.15438014268875122,-0.07056879649479697,0.03383868932723999,-0.17051556706428528,-0.012371094213619926,0.03965139389038086,-0.2055867314338684,-0.050328094759777287,0.03727388381958008,-0.12103909254074097,-0.04974336201865981,0.03781116008758545,-0.10914731025695801,-0.03831222305615256,-0.0023351460695266724,-0.165818989276886,-0.016559867435887554,0.0013810843229293823,-0.20056745409965515,-0.05744209537823508,0.004459217190742493,-0.12162971496582031,-0.042428087690666416,0.004395812749862671,-0.10918962955474854,-0.020224208259776333,-0.040972501039505005,-0.15878969430923462,-0.02301032307167361,-0.030765250325202942,-0.18987619876861572,-0.04335104698856185,-0.022471845149993896,-0.1334822177886963,-0.027404016131356457,-0.022923216223716736,-0.11499905586242676,-0.0080166498811991
T,0.0,0.0,0.0,0.050525352358818054,-0.02512800693511963,-0.03177468703870545,0.08751706779003143,-0.10342240333557129,-0.0432089813220955,0.06804551184177399,-0.18049973249435425,-0.0521934986281849,0.04253028333187103,-0.22823935747146606,-0.052936850504920585,0.07224629819393158,-0.17657601833343506,-0.015920656191156013,0.08486087620258331,-0.24805596470832825,-0.05687694476728211,0.07858581840991974,-0.1922893226146698,-0.07001006455902825,0.0693715363740921,-0.1490767002105713,-0.06822137387280236,0.030902698636054993,-0.17239969968795776,-0.011492617817566497,0.039413824677467346,-0.20528081059455872,-0.04958039374832879,0.03666757047176361,-0.11965775489807129,-0.047868049161479576,0.03572563827037811,-0.11013609170913696,-0.03507190050368081,-0.0053750574588775635,-0.16769421100616455,-0.015046084688947303,0.0007779300212860107,-0.19717326760292053,-0.05587918536548386,0.0038542896509170532,-0.11865675449371338,-0.040909799205110176,0.0023456066846847534,-0.11028647422790527,-0.01855229811553727,-0.04365910589694977,-0.160514235496521,-0.02121888140027295,-0.03169114887714386,-0.1840454339981079,-0.04149964304451714,-0.023948058485984802,-0.12932854890823364,-0.02660866679434548,-0.026266232132911682,-0.11637580394744873,-0.007982148246810539
T,0.0,0.0,0.0,0.05118383467197418,-0.02602362632751465,-0.03129818046602395,0.089109405875206,-0.10412096977233887,-0.04203813279184487,0.07014404237270355,-0.1808915138244629,-0.050282770191756754,0.04228414595127106,-0.2266509234905243,-0.05060603970798638,0.07126922905445099,-0.175029456615448,-0.01597421186181691,0.08344696462154388,-0.2474081814289093,-0.056495149975148706,0.07799984514713287,-0.19437700510025024,-0.0694966329089084,0.06917943060398102,-0.15063118934631348,-0.06753373274716523,0.030231788754463196,-0.17076843976974487,-0.011441690271226435,0.03951667249202728,-0.2050013542175293,-0.048301981186000376,0.036867305636405945,-0.12033593654632568,-0.04614508280667451,0.03576897084712982,-0.10976719856262207,-0.03322490060838845,-0.005838155746459961,-0.16578549146652222,-0.014801049960283308,0.0010476559400558472,-0.19581913948059082,-0.054470745270577936,0.0037454813718795776,-0.1188916563987732,-0.03941250721129563,0.0019474327564239502,-0.11015748977661133,-0.01728733943912175,-0.044114381074905396,-0.15791505575180054,-0.020762966369716196,-0.03193710744380951,-0.18336337804794312,-0.0399541532448211,-0.024209007620811462,-0.12992066144943237,-0.02449697384747651,-0.02668766677379608,-0.11563235521316528,-0.005702175089595585
T,0.0,0.0,0.0,0.05093082785606384,-0.023614943027496338,-0.031727047651202156,0.08953124284744263,-0.10311299562454224,-0.042408952503592445,0.07186934351921082,-0.1813872754573822,-0.05065457338014312,0.04535636305809021,-0.22885289788246155,-0.051058242111594154,0.073233962059021,-0.1751101016998291,-0.015518834828526451,0.08561152219772339,-0.24685299396514893,-0.05593072438159652,0.07923805713653564,-0.1932932436466217,-0.06851089933434196,0.06973239779472351,-0.14932143688201904,-0.066197754829318,0.03253906965255737,-0.17209160327911377,-0.01058065892675586,0.0399608314037323,-0.2043110728263855,-0.04900011607924171,0.03715786337852478,-0.11888349056243896,-0.04703322613158889,0.036672502756118774,-0.10733413696289062,-0.03347864562192626,-0.0033414065837860107,-0.16778790950775146,-0.013605067520529701,0.0011136382818222046,-0.1953081488609314,-0.05499862694659896,0.004251047968864441,-0.11754977703094482,-0.04049191066542335,0.0035804659128189087,-0.1079440712928772,-0.017930196612269356,-0.04135310649871826,-0.1611514687538147,-0.019113630070478393,-0.03129206597805023,-0.18351471424102783,-0.040297644226939155,-0.023834779858589172,-0.12903523445129395,-0.02610119619885154,-0.024860918521881104,-0.11541581153869629,-0.007522696177602484
T,0.0,0.0,0.0,0.05013805627822876,-0.02483832836151123,-0.032733638718326574,0.08736690878868103,-0.10335934162139893,-0.04434555484314728,0.06845277547836304,-0.18083032965660095,-0.053311013564069754,0.04195871949195862,-0.22823196649551392,-0.05430807633658219,0.0717954933643341,-0.17711567878723145,-0.016470211505492216,0.08431437611579895,-0.24735617637634277,-0.05743113620539475,0.07807865738868713,-0.19353950023651123,-0.0705671542729931,0.06860470771789551,-0.14997512102127075,-0.06855372427364159,0.0305500328540802,-0.17296749353408813,-0.01130141964515019,0.03854936361312866,-0.20410993695259094,-0.050070066883762365,0.03608483076095581,-0.11928772926330566,-0.048576907202203756,0.03557026386260986,-0.1082068681716919,-0.035371177777250296,-0.005621090531349182,-0.1682819128036499,-0.01419297414233256,-0.0004185587167739868,-0.19409510493278503,-0.055826623871524816,0.0026830583810806274,-0.11709022521972656,-0.041878086462219244,0.0014751255512237549,-0.10878604650497437,-0.019687912374337202,-0.043556809425354004,-0.16135209798812866,-0.019646483420928007,-0.03263825178146362,-0.18312296271324158,-0.04067156924267579,-0.02543109655380249,-0.1290416121482849,-0.02653700573702622,-0.02749544382095337,-0.11643129587173462,-0.008081484533448702
T,0.0,0.0,0.0,0.050274550914764404,-0.02509397268295288,-0.03246306507045915,0.0874895453453064,-0.10435837507247925,-0.04321054248268297,0.06948158144950867,-0.18138828873634338,-0.05129554746801546,0.044779568910598755,-0.22940674424171448,-0.05118797226006677,0.07084861397743225,-0.1777057647705078,-0.015688181576678062,0.08365994691848755,-0.2485402524471283,-0.056333734375783706,0.07760775089263916,-0.1937270164489746,-0.06902097417170694,0.06845980882644653,-0.15072369575500488,-0.06667784107978036,0.03022816777229309,-0.1734851598739624,-0.010434629117497707,0.038112372159957886,-0.20523959398269653,-0.04871835811192682,0.03594747185707092,-0.12049239873886108,-0.04705427093560388,0.0354803204536438,-0.11126691102981567,-0.033799870592901016,-0.005452796816825867,-0.16860783100128174,-0.013247176726707721,-0.0005775690078735352,-0.19524237513542175,-0.05433516455943277,0.0030894428491592407,-0.11798882484436035,-0.04015231756622484,0.0022711455821990967,-0.1103171706199646,-0.01790439030284574,-0.04289114475250244,-0.16129529476165771,-0.018657260296293998,-0.03264898061752319,-0.18319296836853027,-0.039264774603196884,-0.025044023990631104,-0.12939542531967163,-0.025053848234364295,-0.026873216032981873,-0.11666715145111084,-0.00654537389183929
T,0.0,0.0,0.0,0.049503400921821594,-0.027779221534729004,-0.032230902266434214,0.08710150420665741,-0.10578590631484985,-0.043020099204710505,0.0679568201303482,-0.18215256929397583,-0.051037117642096064,0.03974248468875885,-0.2277545928955078,-0.05131457726352551,0.07102836668491364,-0.17844092845916748,-0.01618755402856209,0.08273355662822723,-0.2492906153202057,-0.05651599521630146,0.07678206264972687,-0.19737961888313293,-0.06990823130004742,0.06773354113101959,-0.1535690426826477,-0.0680367721139703,0.03020597994327545,-0.173930823802948,-0.010897454608908674,0.03748570382595062,-0.20509764552116394,-0.04813512022488453,0.035514697432518005,-0.12043923139572144,-0.04643191004984715,0.0353713184595108,-0.10776597261428833,-0.033374409925869486,-0.00565849244594574,-0.16882926225662231,-0.013549532544544718,-0.001477956771850586,-0.1950923204421997,-0.053843136680058024,0.0022013187408447266,-0.11818861961364746,-0.04009063522212841,0.0017908364534378052,-0.10788905620574951,-0.018248032581738016,-0.04369862377643585,-0.16095268726348877,-0.018723724213174364,-0.034562304615974426,-0.18518680334091187,-0.038601685118607065,-0.025931134819984436,-0.13129013776779175,-0.02383526022427418,-0.02634359896183014,-0.11579227447509766,-0.005015511334619305
T,0.0,0.0,0.0,0.049429669976234436,-0.025015830993652344,-0.033139554049597564,0.08720655739307404,-0.1031995415687561,-0.04528775924049455,0.06984372437000275,-0.1802990436553955,-0.05491027348838884,0.04168514907360077,-0.22663646936416626,-0.05672001951538164,0.07147391140460968,-0.17671209573745728,-0.016255027811752143,0.08317886292934418,-0.2458791732788086,-0.05716084056697923,0.07667769491672516,-0.1937951147556305,-0.07000745573245126,0.06755857169628143,-0.15035629272460938,-0.06770875045262414,0.030307188630104065,-0.17231690883636475,-0.011035547788964095,0.03785093128681183,-0.20212480425834656,-0.04957557209931451,0.035462185740470886,-0.11738920211791992,-0.04731834047638017,0.03582669794559479,-0.10738962888717651,-0.033353147294150176,-0.005521431565284729,-0.16721433401107788,-0.01401165240608293,-0.0009874999523162842,-0.19083747267723083,-0.05576909818850595,0.0024496912956237793,-0.1147194504737854,-0.04165437185369569,0.0022093653678894043,-0.1072150468826294,-0.019180671509133163,-0.04301537573337555,-0.15976572036743164,-0.01960739047430593,-0.03322593867778778,-0.1803276538848877,-0.040915184851513686,-0.025553658604621887,-0.12689805030822754,-0.026823188375459495,-0.02623257040977478,-0.11414170265197754,-0.008222586672530952
T,0.0,0.0,0.0,0.04812024533748627,-0.026299238204956055,-0.03340547039815078,0.08593674004077911,-0.10414183139801025,-0.04533917709895263,0.06827081739902496,-0.18012410402297974,-0.05451809867926727,0.04018585383892059,-0.22603940963745117,-0.055739993897162776,0.07004423439502716,-0.17660808563232422,-0.01673699237116466,0.08126972615718842,-0.246017724275589,-0.05769083156891952,0.07454411685466766,-0.19288158416748047,-0.07089490696498046,0.06537412106990814,-0.14999693632125854,-0.0688978458912004,0.029243692755699158,-0.1716410517692566,-0.011280526143394809,0.035871222615242004,-0.20172464847564697,-0.049612088796578746,0.03400696814060211,-0.11730974912643433,-0.04792465150066505,0.03483818471431732,-0.10815560817718506,-0.034587125030242305,-0.0064397454261779785,-0.16644728183746338,-0.013949339014374118,-0.0032788515090942383,-0.19134554266929626,-0.05514700591274391,0.0008282214403152466,-0.1153191328048706,-0.04107848807879577,0.0014855414628982544,-0.10801589488983154,-0.018857105371438365,-0.04398532211780548,-0.15904778242111206,-0.019293608811580043,-0.035677388310432434,-0.18068140745162964,-0.03994016229816566,-0.02726157009601593,-0.12761801481246948,-0.02551656469412933,-0.02708868682384491,-0.11433231830596924,-0.00678206301935802
T,0.0,0.0,0.0,0.04794716835021973,-0.026445090770721436,-0.03427994334975892,0.08570346236228943,-0.10345983505249023,-0.04649731973091775,0.06795108318328857,-0.17974555492401123,-0.05574659341851884,0.03905755281448364,-0.22575238347053528,-0.0569574617771309,0.06975927948951721,-0.17538005113601685,-0.017361023369232953,0.08056333661079407,-0.2451990246772766,-0.05826507592479402,0.07325437664985657,-0.19218698143959045,-0.07082689264694864,0.06414821743965149,-0.14998799562454224,-0.06819989988485986,0.029074639081954956,-0.17016154527664185,-0.011307246888975442,0.03514930605888367,-0.19964587688446045,-0.048835393878619016,0.03306129574775696,-0.1148538589477539,-0.045896095129648984,0.03437775373458862,-0.10716676712036133,-0.03165846029202157,-0.0063399821519851685,-0.16523981094360352,-0.01357254097143823,-0.004014372825622559,-0.1893463432788849,-0.054337062778870404,-6.657838821411133e-05,-0.11335146427154541,-0.0397220597592991,0.0011917352676391602,-0.10740023851394653,-0.01706549236456567,-0.04352378845214844,-0.1582086682319641,-0.018597506823937238,-0.03617939352989197,-0.17987877130508423,-0.03865180620829278,-0.027778536081314087,-0.12722337245941162,-0.02381271021346265,-0.02730122208595276,-0.11411535739898682,-0.004759698080817998
T,0.0,0.0,0.0,0.047482311725616455,-0.02646780014038086,-0.03257142699729343,0.08370023965835571,-0.10383415222167969,-0.04400726355086704,0.06448724865913391,-0.17898672819137573,-0.052795990774740176,0.03606307506561279,-0.224279522895813,-0.053703668931831317,0.06812110543251038,-0.17495602369308472,-0.01638468302260776,0.07888191938400269,-0.24540925025939941,-0.0570330242015018,0.07162529230117798,-0.1928500533103943,-0.069672408918251,0.06250318884849548,-0.15066838264465332,-0.06728712044130702,0.027435466647148132,-0.16959494352340698,-0.011284911478270487,0.03395536541938782,-0.20029586553573608,-0.04937352932464023,0.03171348571777344,-0.11551982164382935,-0.04717745951782604,0.03280249238014221,-0.10614120960235596,-0.033424011836160616,-0.008003666996955872,-0.1643187403678894,-0.014269993113686041,-0.005068928003311157,-0.1891484260559082,-0.05557348899017711,-0.001070171594619751,-0.11270338296890259,-0.041544477859844164,0.00021469593048095703,-0.10580235719680786,-0.01917168631624122,-0.04523393511772156,-0.156893789768219,-0.019813931951631503,-0.036843687295913696,-0.1784934401512146,-0.04052559233676334,-0.028546303510665894,-0.12561511993408203,-0.026219739983190493,-0.02826419472694397,-0.11262696981430054,-0.007517569637258248
T,0.0,0.0,0.0,0.04776902496814728,-0.02790898084640503,-0.03380408864293827,0.08498094975948334,-0.10589951276779175,-0.044771048983676565,0.06718729436397552,-0.18252432346343994,-0.05252670850430263,0.038508132100105286,-0.2285565435886383,-0.0522608568874432,0.0684131532907486,-0.1773778796195984,-0.017347000351293218,0.07899509370326996,-0.24714595079421997,-0.05758238937531246,0.07162992656230927,-0.19404423236846924,-0.0703655069676472,0.06255058944225311,-0.1523687243461609,-0.0680452173558308,0.028212040662765503,-0.17165786027908325,-0.011146227641148698,0.03412489593029022,-0.20067280530929565,-0.04728953521524204,0.03159819543361664,-0.11700648069381714,-0.04460302721534504,0.03226971626281738,-0.10914504528045654,-0.031076840868337285,-0.0068466514348983765,-0.16600561141967773,-0.013145477322979104,-0.005009189248085022,-0.1905510127544403,-0.05210887249384655,-0.0008873492479324341,-0.11526823043823242,-0.03777382131491436,0.0004919618368148804,-0.10867160558700562,-0.015943776628120077,-0.0435929000377655,-0.15794533491134644,-0.017938591351850164,-0.03740537166595459,-0.1800135374069214,-0.03648764248762859,-0.02855980396270752,-0.12846940755844116,-0.021522301992519033,-0.02762041985988617,-0.11516004800796509,-0.0028036949672980427
T,0.0,0.0,0.0,0.04720143973827362,-0.027399122714996338,-0.033860837504988694,0.08409072458744049,-0.10416793823242188,-0.04585294930708983,0.06717650592327118,-0.18026220798492432,-0.05499732254517653,0.03901287913322449,-0.22670739889144897,-0.05634254349840262,0.06834398210048676,-0.17714214324951172,-0.016086410195356393,0.07821126282215118,-0.24466466903686523,-0.05666796250713446,0.07051984965801239,-0.19490179419517517,-0.06935921816599944,0.06199856102466583,-0.15311866998672485,-0.06691884009612181,0.0277748703956604,-0.17158067226409912,-0.010377022833353067,0.03388430178165436,-0.200677752494812,-0.04779950662029364,0.030756518244743347,-0.11661475896835327,-0.04514694719088652,0.032291144132614136,-0.1076776385307312,-0.03100321760845759,-0.007348015904426575,-0.1659138798713684,-0.012998013221448446,-0.005427137017250061,-0.18901604413986206,-0.053763893828516984,-0.002088189125061035,-0.1137961745262146,-0.03951154409421065,-0.0005127042531967163,-0.10742777585983276,-0.017071278230076814,-0.04429590702056885,-0.15764456987380981,-0.018378592491870904,-0.037746891379356384,-0.17870748043060303,-0.038541769073134446,-0.029436752200126648,-0.1263619065284729,-0.023939359397417093,-0.02838769555091858,-0.11315131187438965,-0.005098524433350349
T,0.0,0.0,0.0,0.047390908002853394,-0.03055328130722046,-0.03196829072558671,0.08192485570907593,-0.10601925849914551,-0.04301478973948747,0.06268751621246338,-0.18041294813156128,-0.05104381851279527,0.033894941210746765,-0.2258039116859436,-0.051748274633524716,0.06799513101577759,-0.1732550859451294,-0.01883610039377004,0.07629898190498352,-0.24465110898017883,-0.05805273614251405,0.06853589415550232,-0.19572484493255615,-0.07096897698366433,0.05990317463874817,-0.15280228853225708,-0.06906901187622339,0.02730870246887207,-0.16707658767700195,-0.013615811982987225,0.032195642590522766,-0.19743159413337708,-0.04800823218548089,0.029231354594230652,-0.11587035655975342,-0.04492121450030595,0.030145689845085144,-0.10343742370605469,-0.0320574480982998,-0.007686108350753784,-0.16083431243896484,-0.016045667970416844,-0.006858021020889282,-0.1895238757133484,-0.05288443602049142,-0.002636149525642395,-0.11562871932983398,-0.03758658356392175,-0.00143355131149292,-0.10457521677017212,-0.015938243636725247,-0.04417739808559418,-0.15063613653182983,-0.02117614522003919,-0.03934045135974884,-0.1788095235824585,-0.03828165195309907,-0.029189303517341614,-0.12789171934127808,-0.021960695082185566,-0.02810567617416382,-0.11069560050964355,-0.0028168743419030307
T,0.0,0.0,0.0,0.04622882604598999,-0.030925095081329346,-0.03279466154714328,0.08063717186450958,-0.10661536455154419,-0.043768815423447904,0.06105358898639679,-0.18135297298431396,-0.05180768641372424,0.032201677560806274,-0.22583886981010437,-0.052185293014247236,0.06584520637989044,-0.17812681198120117,-0.015918574954469022,0.0746711939573288,-0.24507710337638855,-0.055119510467250166,0.06707893311977386,-0.19661438465118408,-0.06756459894319278,0.0587799996137619,-0.15599960088729858,-0.06516588452001315,0.025553196668624878,-0.1712172031402588,-0.0102424823745082,0.029766112565994263,-0.20076313614845276,-0.043944701279599485,0.027209267020225525,-0.11977565288543701,-0.04035289930840236,0.029583141207695007,-0.11298960447311401,-0.026830276201565084,-0.009095177054405212,-0.1644992232322693,-0.012705764460463342,-0.008856967091560364,-0.1888183355331421,-0.04959852966209155,-0.00439104437828064,-0.1162421703338623,-0.034818216885526,-0.0019697993993759155,-0.11003226041793823,-0.013315449195999918,-0.04549071192741394,-0.15417617559432983,-0.018015488709409055,-0.04107469320297241,-0.17831480503082275,-0.034820843215186414,-0.03182157874107361,-0.1288394331932068,-0.019069319318134603,-0.030520185828208923,-0.11457443237304688,-0.0002747740837207857
T,0.0,0.0,0.0,0.04533669352531433,-0.026915371417999268,-0.032067631102307814,0.08029480278491974,-0.10499387979507446,-0.04357077620099403,0.06223534047603607,-0.18237513303756714,-0.05262667379449226,0.034317150712013245,-0.22934475541114807,-0.054228813118442076,0.06535409390926361,-0.17611372470855713,-0.015877672202094573,0.07358039915561676,-0.2455959916114807,-0.05510811946462013,0.06621475517749786,-0.19573861360549927,-0.06653288445542671,0.05805923044681549,-0.15492093563079834,-0.06353436849187233,0.025294676423072815,-0.16982001066207886,-0.010788894920750636,0.028872832655906677,-0.19893360137939453,-0.04654392666290619,0.02751597762107849,-0.11676251888275146,-0.04306573859523155,0.029682070016860962,-0.10912293195724487,-0.02909123032461025,-0.009306564927101135,-0.16287612915039062,-0.013643319449528235,-0.009370863437652588,-0.1874769926071167,-0.05332011423180916,-0.004094436764717102,-0.11317205429077148,-0.03836380384038307,-0.0020076781511306763,-0.10587412118911743,-0.01593481256733753,-0.04561416804790497,-0.15277785062789917,-0.01903246781895973,-0.040465280413627625,-0.176849365234375,-0.03914425588320114,-0.03103579580783844,-0.12459045648574829,-0.024357751674159545,-0.029608651995658875,-0.11031115055084229,-0.00549953403989889
T,0.0,0.0,0.0,0.04574775695800781,-0.02841174602508545,-0.034006184323601474,0.08046969771385193,-0.10595333576202393,-0.045834916069082965,0.06230652332305908,-0.1832924783229828,-0.05470270140367006,0.034144967794418335,-0.2303154468536377,-0.05572024582224344,0.06470605731010437,-0.17737770080566406,-0.01708344219522928,0.07282307744026184,-0.24662494659423828,-0.05729057116704439,0.06634655594825745,-0.19669446349143982,-0.06923291681604837,0.058351874351501465,-0.15538311004638672,-0.06614176778393244,0.024638861417770386,-0.1701379418373108,-0.01097076328741764,0.028687238693237305,-0.20023709535598755,-0.04691611452298616,0.027275443077087402,-0.11647224426269531,-0.04313702730732416,0.028553098440170288,-0.1090325117111206,-0.02868109418349718,-0.009867221117019653,-0.16327661275863647,-0.013145129552952994,-0.009402930736541748,-0.188492089509964,-0.05302412284808611,-0.0043659508228302,-0.11285114288330078,-0.037859825774006595,-0.00322018563747406,-0.10561263561248779,-0.015043710715048064,-0.04624070227146149,-0.15360265970230103,-0.01807136683063959,-0.04102374613285065,-0.17804527282714844,-0.03753778187828516,-0.031496986746788025,-0.12606853246688843,-0.022184759735040416,-0.030856862664222717,-0.11149966716766357,-0.002905073699452032
T,0.0,0.0,0.0,0.046152785420417786,-0.030331850051879883,-0.03238480444952074,0.0797015130519867,-0.10804486274719238,-0.043372846208058036,0.06100723147392273,-0.18446019291877747,-0.051626644096813834,0.033643946051597595,-0.23114877939224243,-0.05226071830793444,0.06329077482223511,-0.17698615789413452,-0.016622439957700408,0.07081127166748047,-0.24686384201049805,-0.055899660102568305,0.06420859694480896,-0.19517984986305237,-0.06802575197025362,0.055859342217445374,-0.1533316969871521,-0.06546472664877001,0.0234614759683609,-0.16930776834487915,-0.011124307289264834,0.02674996852874756,-0.1995244026184082,-0.04649263527198855,0.026148751378059387,-0.11703366041183472,-0.043585619888744986,0.02663448452949524,-0.10840779542922974,-0.030271693132362998,-0.01094864308834076,-0.16183698177337646,-0.013506621121905482,-0.011515825986862183,-0.1896745264530182,-0.05222498532339159,-0.0052903443574905396,-0.1145327091217041,-0.03746046032711092,-0.00435657799243927,-0.105538010597229,-0.015453094616077578,-0.047216713428497314,-0.1512467861175537,-0.018501973710499442,-0.04339323937892914,-0.17821919918060303,-0.0374411446969134,-0.032673463225364685,-0.12643295526504517,-0.02223064470990721,-0.031145960092544556,-0.11037534475326538,-0.003325570374272502
T,0.0,0.0,0.0,0.0458965003490448,-0.030932903289794922,-0.03317069277090923,0.07937762141227722,-0.10896885395050049,-0.044503256826828874,0.060301244258880615,-0.18541598320007324,-0.05295821294112102,0.03240753710269928,-0.23158586025238037,-0.053661845772694505,0.06262370944023132,-0.1782984733581543,-0.01705616541130439,0.07007527351379395,-0.2483753263950348,-0.056976806520651735,0.06347218155860901,-0.19655179977416992,-0.06968978434724704,0.05497443675994873,-0.1541123390197754,-0.06740859538240329,0.022799119353294373,-0.1705591082572937,-0.011222804113458551,0.02607300877571106,-0.20050397515296936,-0.04741878449840442,0.025670915842056274,-0.1174578070640564,-0.04500880107207195,0.026047155261039734,-0.10801541805267334,-0.031886298357676424,-0.01172018051147461,-0.16263353824615479,-0.013364010638724722,-0.011983662843704224,-0.18998193740844727,-0.052515696882437624,-0.0056384652853012085,-0.11493641138076782,-0.037851710020731844,-0.004985615611076355,-0.10526752471923828,-0.015809567793439783,-0.0480925589799881,-0.15134787559509277,-0.018203515707682527,-0.043828874826431274,-0.1780877709388733,-0.037106692939232744,-0.03301936388015747,-0.1268131136894226,-0.02183510005397693,-0.031801074743270874,-0.11083924770355225,-0.002874585016797937
T,0.0,0.0,0.0,0.04569368064403534,-0.030740559101104736,-0.032595288824211366,0.0795714259147644,-0.10862064361572266,-0.04406266368545175,0.06148403882980347,-0.1842738687992096,-0.052909632097851045,0.03321771323680878,-0.2296501100063324,-0.05409294820941568,0.06130895018577576,-0.1794009804725647,-0.01661104417956949,0.06968015432357788,-0.24875408411026,-0.05640577606476427,0.06358754634857178,-0.19652554392814636,-0.06907571561254144,0.05499942600727081,-0.15443992614746094,-0.06682086445010782,0.021572381258010864,-0.17150342464447021,-0.011204687762926824,0.02616298198699951,-0.20157331228256226,-0.047571190517317063,0.02600361406803131,-0.11904752254486084,-0.04560388333715082,0.025456011295318604,-0.11055970191955566,-0.03277074999726892,-0.012661606073379517,-0.16316401958465576,-0.013604827109645612,-0.011929303407669067,-0.19037428498268127,-0.05260727636135698,-0.005472466349601746,-0.11582118272781372,-0.03800512186802507,-0.005888581275939941,-0.10672944784164429,-0.016117083724509484,-0.048759639263153076,-0.15145587921142578,-0.01866463467098356,-0.043590396642684937,-0.17788684368133545,-0.037476771395574815,-0.03307799994945526,-0.1267567276954651,-0.02213423780716539,-0.03272747993469238,-0.111225426197052,-0.003154084203686125
T,0.0,0.0,0.0,0.04516831040382385,-0.031560540199279785,-0.032967164657151216,0.0789194107055664,-0.10955876111984253,-0.04431123240951251,0.061781883239746094,-0.18540924787521362,-0.052939101598298066,0.03408694267272949,-0.2316070795059204,-0.053713667682444566,0.0603962242603302,-0.18091779947280884,-0.0161447520470972,0.06908026337623596,-0.24978846311569214,-0.05597941531900119,0.06323331594467163,-0.1977209448814392,-0.06853607996467304,0.0548839271068573,-0.15644949674606323,-0.06614482357267093,0.021042734384536743,-0.17278748750686646,-0.010388985752200597,0.025514349341392517,-0.20214486122131348,-0.0466400454855318,0.02558492124080658,-0.1196255087852478,-0.044624782643353456,0.025331735610961914,-0.11295640468597412,-0.03172714962724399,-0.012794315814971924,-0.16447508335113525,-0.012546674824392312,-0.01246662437915802,-0.19088584184646606,-0.05150207831624698,-0.0056917667388916016,-0.11660826206207275,-0.03692955478194904,-0.0055765509605407715,-0.10904502868652344,-0.015069301716124528,-0.048364222049713135,-0.15289902687072754,-0.017415113291775697,-0.04372909665107727,-0.17830681800842285,-0.036122511616980546,-0.033194199204444885,-0.12729305028915405,-0.02079475625518512,-0.03272363543510437,-0.1124078631401062,-0.0017765954938511186
T,0.0,0.0,0.0,0.04510223865509033,-0.030571937561035156,-0.032298249568412984,0.07903534173965454,-0.10830789804458618,-0.04404325913972684,0.06193530559539795,-0.1847831904888153,-0.053328347768257345,0.032913997769355774,-0.23030951619148254,-0.05505256112999746,0.06037318706512451,-0.17839676141738892,-0.016568155403803075,0.06817537546157837,-0.24889439344406128,-0.05609034505076238,0.06221547722816467,-0.19614028930664062,-0.06839597728438207,0.05448387563228607,-0.15470516681671143,-0.06606714930720159,0.021141156554222107,-0.17034298181533813,-0.011272111352155889,0.02498660981655121,-0.20100504159927368,-0.04738050829953977,0.02546726167201996,-0.11883294582366943,-0.045103350098798956,0.02532067894935608,-0.11162006855010986,-0.03225372489876577,-0.012638688087463379,-0.16189581155776978,-0.01370578948743173,-0.012781232595443726,-0.1907249391078949,-0.05254210289902517,-0.005661368370056152,-0.11649233102798462,-0.037367725189398016,-0.0056189000606536865,-0.10771530866622925,-0.015258693512151922,-0.048227742314338684,-0.15021145343780518,-0.01878563259131738,-0.04357576370239258,-0.17758053541183472,-0.037736286785076345,-0.033150553703308105,-0.12634307146072388,-0.022287981029222692,-0.03292316198348999,-0.11066949367523193,-0.0032803424667520176
T,0.0,0.0,0.0,0.046086132526397705,-0.028811335563659668,-0.031038170131949983,0.08004806935787201,-0.10654342174530029,-0.04241050166180571,0.06286473572254181,-0.18335023522377014,-0.05151806903174361,0.036152079701423645,-0.2302059531211853,-0.053312124135999284,0.06338368356227875,-0.173359215259552,-0.017230683389215073,0.06995539367198944,-0.24541884660720825,-0.05593585354378661,0.06275548040866852,-0.19225642085075378,-0.0672668567030712,0.05531482398509979,-0.15127414464950562,-0.06466155258110007,0.02361196279525757,-0.16641664505004883,-0.01234958731672009,0.025390595197677612,-0.19734004139900208,-0.04856658485820731,0.026014164090156555,-0.11578655242919922,-0.04576464873841246,0.027836129069328308,-0.10774648189544678,-0.03275011983802756,-0.010925784707069397,-0.15895569324493408,-0.01492262856206139,-0.013060897588729858,-0.18911582231521606,-0.05449197200229605,-0.00613151490688324,-0.11447131633758545,-0.039194618734626374,-0.0042710453271865845,-0.10448890924453735,-0.016908209222464166,-0.0469847172498703,-0.1485079526901245,-0.019904409918098054,-0.04320140182971954,-0.17624735832214355,-0.04063059893539389,-0.03325551748275757,-0.123759925365448,-0.026154910597114167,-0.031588658690452576,-0.10741829872131348,-0.007584892596213422
T,0.0,0.0,0.0,0.045615389943122864,-0.02768808603286743,-0.031463357117814894,0.08031478524208069,-0.10517585277557373,-0.04267766183320987,0.0629487931728363,-0.1828363835811615,-0.05154885580842006,0.03507262468338013,-0.22919821739196777,-0.05282068109218585,0.062075406312942505,-0.17343932390213013,-0.015966257509631987,0.06942164897918701,-0.24529701471328735,-0.055363202896757,0.06367760896682739,-0.19028913974761963,-0.06745502954427707,0.05679205060005188,-0.15028232336044312,-0.06525547659103381,0.022811979055404663,-0.16638213396072388,-0.011138698515338774,0.026077955961227417,-0.19784963130950928,-0.04759384548370349,0.026060238480567932,-0.11538761854171753,-0.04559456041161525,0.026239201426506042,-0.11012500524520874,-0.03302160507146823,-0.011119097471237183,-0.158957839012146,-0.01399704484347808,-0.01140710711479187,-0.18824854493141174,-0.05388707524244296,-0.004942908883094788,-0.11302191019058228,-0.03909671163265216,-0.004113331437110901,-0.10589390993118286,-0.017017113474054213,-0.04694795608520508,-0.14916926622390747,-0.01929644724432933,-0.04273355007171631,-0.17583435773849487,-0.03963383516375529,-0.03254447877407074,-0.12361937761306763,-0.025002800357384558,-0.031536564230918884,-0.1088111400604248,-0.00636832645241725
T,0.0,0.0,0.0,0.045221805572509766,-0.027388930320739746,-0.03104484018527387,0.08046236634254456,-0.10486835241317749,-0.042564948393334134,0.06430074572563171,-0.18242815136909485,-0.05183418218635438,0.03592376410961151,-0.2283833920955658,-0.05368790899061082,0.062777578830719,-0.17379403114318848,-0.016452753288973554,0.06986719369888306,-0.2457735538482666,-0.055425976706970914,0.06383907794952393,-0.1915377676486969,-0.06701520208858369,0.05681246519088745,-0.15147656202316284,-0.06452325109981416,0.023188605904579163,-0.16673648357391357,-0.011816652795602067,0.02637942135334015,-0.19856995344161987,-0.0481483017339599,0.026670187711715698,-0.11578255891799927,-0.04574233044527887,0.02695310115814209,-0.10975384712219238,-0.03286102537654756,-0.011115774512290955,-0.15922528505325317,-0.014673940209974035,-0.011510446667671204,-0.18901321291923523,-0.05456318829797624,-0.004917427897453308,-0.11348086595535278,-0.03937803332351564,-0.004481896758079529,-0.10547095537185669,-0.017005571468104108,-0.04725298285484314,-0.14914673566818237,-0.019883002458442434,-0.042268186807632446,-0.17702490091323853,-0.040383645637263044,-0.03238590061664581,-0.12404155731201172,-0.02540739190422414,-0.03212237358093262,-0.10833913087844849,-0.006460387097973808
T,0.0,0.0,0.0,0.04597333073616028,-0.02198195457458496,-0.03128397234502245,0.0853210836648941,-0.10246258974075317,-0.03947259255471636,0.06952233612537384,-0.18319493532180786,-0.04431183033409525,0.03905940055847168,-0.22662228345870972,-0.04117132120552469,0.07000692188739777,-0.16892346739768982,-0.01713781014802862,0.07757578790187836,-0.24248400330543518,-0.05458264195146967,0.06748545169830322,-0.19312959909439087,-0.06316119202199388,0.05809098482131958,-0.15355288982391357,-0.05826600410762239,0.030706822872161865,-0.1652379035949707,-0.010939700089124926,0.029953747987747192,-0.1985560655593872,-0.04198258884969164,0.028407305479049683,-0.11283180117607117,-0.03332905613603998,0.03277204930782318,-0.10681286454200745,-0.016892997108129748,-0.00399288535118103,-0.160279780626297,-0.012862678177384623,-0.008606016635894775,-0.19306591153144836,-0.04782456674399782,-0.00419539213180542,-0.11405515670776367,-0.027610349960355052,0.0003492981195449829,-0.10208475589752197,-0.003128228734908589,-0.04066754877567291,-0.15079984068870544,-0.01769841418388296,-0.040726229548454285,-0.17770659923553467,-0.034309746257690676,-0.032627105712890625,-0.12507590651512146,-0.01722498007836748,-0.029705867171287537,-0.10715767741203308,0.002417502200501076
T,0.0,0.0,0.0,0.048215270042419434,-0.01988518238067627,-0.026909206475210112,0.08676472306251526,-0.1057889461517334,-0.0356515501095771,0.06653398275375366,-0.18799683451652527,-0.04265864979763023,0.03610400855541229,-0.23237162828445435,-0.04255475145120613,0.07177382707595825,-0.17068395018577576,-0.013349755148482245,0.07664230465888977,-0.2469174563884735,-0.050512753839683455,0.06811295449733734,-0.19461047649383545,-0.061251577402543944,0.061662718653678894,-0.15482419729232788,-0.05939081725020401,0.030172720551490784,-0.16691040992736816,-0.010506481344890517,0.030521035194396973,-0.20387360453605652,-0.04792029079337112,0.028815746307373047,-0.12057644128799438,-0.046248987729740065,0.030599862337112427,-0.11044654250144958,-0.0340292718662738,-0.006107896566390991,-0.16067036986351013,-0.014664733263742846,-0.0089874267578125,-0.19607341289520264,-0.05552445020813934,-0.0033689141273498535,-0.11684411764144897,-0.03985120024819366,-0.0005269795656204224,-0.10422343015670776,-0.017396720538926047,-0.043957024812698364,-0.15311384201049805,-0.020717982615423125,-0.039902448654174805,-0.1828291118144989,-0.04317601811428062,-0.03208339214324951,-0.12575480341911316,-0.029392451460552138,-0.030409619212150574,-0.10934281349182129,-0.011503798368465823
T,0.0,0.0,0.0,0.04755979776382446,-0.025104761123657227,-0.03182625273763051,0.08678834140300751,-0.10690480470657349,-0.04127818594275823,0.07031913101673126,-0.18929076194763184,-0.04787118981181493,0.04041202366352081,-0.23616084456443787,-0.046257356801618243,0.07191817462444305,-0.17726027965545654,-0.01528354796170106,0.08055754005908966,-0.25442466139793396,-0.055261029550422336,0.07081913948059082,-0.20095834136009216,-0.06700398276149144,0.06143981218338013,-0.15937122702598572,-0.06415444860755315,0.03129120171070099,-0.1726112961769104,-0.010170458504546787,0.033631324768066406,-0.2085917592048645,-0.046945745745290424,0.030604004859924316,-0.12187442183494568,-0.04358707244097104,0.03297525644302368,-0.11310523748397827,-0.029542387151707317,-0.00467817485332489,-0.16719403862953186,-0.01311828909962287,-0.005718827247619629,-0.20132392644882202,-0.05383504802881589,-0.00180758535861969,-0.12062442302703857,-0.03773591915665975,0.0003132373094558716,-0.10967037081718445,-0.014268672713626529,-0.04276376962661743,-0.15860512852668762,-0.018651581057895328,-0.03738921880722046,-0.1867653727531433,-0.03928180287181249,-0.028652295470237732,-0.13151147961616516,-0.023900759094942714,-0.027979791164398193,-0.1149970293045044,-0.004500799500931407
T,0.0,0.0,0.0,0.048959702253341675,-0.02710205316543579,-0.03088149440077359,0.0868230015039444,-0.10918882489204407,-0.04077320371357018,0.06932613253593445,-0.19066405296325684,-0.048331195605669564,0.0408913791179657,-0.23789867758750916,-0.04789887939182336,0.07295922935009003,-0.17890971899032593,-0.014974483405922001,0.08229278028011322,-0.255839467048645,-0.054620863986883705,0.07221630215644836,-0.20105835795402527,-0.06608959857908303,0.06198517978191376,-0.15950611233711243,-0.06336594943491036,0.031694695353507996,-0.1741570234298706,-0.010853723739955967,0.03427645564079285,-0.21076208353042603,-0.047883289051924294,0.03168654441833496,-0.12454983592033386,-0.0448865016230684,0.03339530527591705,-0.1159772276878357,-0.0313141701051336,-0.004554331302642822,-0.16839998960494995,-0.01459213357952649,-0.005125313997268677,-0.20387685298919678,-0.05565517593709046,-0.0006693750619888306,-0.12268635630607605,-0.03959834028569276,0.0005806088447570801,-0.11127322912216187,-0.016299305600796288,-0.04299767315387726,-0.15932384133338928,-0.020834803698335236,-0.03687487542629242,-0.1892431378364563,-0.04232756618944222,-0.028010591864585876,-0.1327245533466339,-0.027172824484978264,-0.027471095323562622,-0.11513203382492065,-0.007926104707394188
T,0.0,0.0,0.0,0.04873688519001007,-0.029331743717193604,-0.03100841844371871,0.08652856945991516,-0.11080494523048401,-0.04111869426361636,0.06980966031551361,-0.19238388538360596,-0.049029113519111434,0.041110068559646606,-0.2397550344467163,-0.04896997826091365,0.07263964414596558,-0.1806708574295044,-0.014396019074240485,0.08195877075195312,-0.25690072774887085,-0.05396541373721675,0.07188896834850311,-0.20297282934188843,-0.06547372581354693,0.061767444014549255,-0.16203409433364868,-0.06268659027210788,0.03133480250835419,-0.175581157207489,-0.010270114782372275,0.03377024829387665,-0.21176257729530334,-0.04658904464832858,0.030697762966156006,-0.12603473663330078,-0.04334422739140109,0.03230072557926178,-0.11885809898376465,-0.029697319286981383,-0.004727855324745178,-0.1697828769683838,-0.014081417377212802,-0.005711644887924194,-0.20552918314933777,-0.05408262254587726,-0.0013506412506103516,-0.1249871551990509,-0.0376025454878004,3.616511821746826e-05,-0.11416450142860413,-0.01427313851110057,-0.04312175512313843,-0.1604529619216919,-0.020533410626569548,-0.037790119647979736,-0.1912672221660614,-0.04085644127718524,-0.028676480054855347,-0.1356666088104248,-0.025098826530495444,-0.02772003412246704,-0.11784926056861877,-0.005571681334743062
T,0.0,0.0,0.0,0.04921455681324005,-0.029001057147979736,-0.03036531670991849,0.08667103946208954,-0.10994869470596313,-0.04040094702546071,0.06887324154376984,-0.19064563512802124,-0.04836957021657895,0.04119029641151428,-0.23841583728790283,-0.048593255272550095,0.07290776073932648,-0.17908909916877747,-0.01460125069175433,0.0820712000131607,-0.2555534839630127,-0.053711468866509904,0.07195080816745758,-0.20192933082580566,-0.06489235772792767,0.06200625002384186,-0.16002148389816284,-0.06202350049321126,0.031712114810943604,-0.17427760362625122,-0.010591922840518464,0.033774927258491516,-0.2104288637638092,-0.04723572596017789,0.03115442395210266,-0.1251278817653656,-0.0441226610452361,0.03335283696651459,-0.11537706851959229,-0.030532898893994798,-0.004320934414863586,-0.16851094365119934,-0.014325473970217217,-0.005497559905052185,-0.20391222834587097,-0.05473175509874295,-0.0012101233005523682,-0.12379351258277893,-0.03860314055387448,0.000433117151260376,-0.11159470677375793,-0.015374295926136483,-0.042523398995399475,-0.15925943851470947,-0.020549946045917977,-0.03697378933429718,-0.19036689400672913,-0.04159811004106473,-0.028498172760009766,-0.1345248818397522,-0.026374230673951615,-0.02760697901248932,-0.11626255512237549,-0.007107889326704253
T,0.0,0.0,0.0,0.049140602350234985,-0.029267191886901855,-0.030856460002695485,0.08695019781589508,-0.1092267632484436,-0.041165128020082875,0.06960316002368927,-0.19056984782218933,-0.0493503135121216,0.04112108051776886,-0.23822489380836487,-0.04970543053511278,0.07361538708209991,-0.1789606213569641,-0.014709080239271088,0.082426056265831,-0.25562724471092224,-0.0543607768094887,0.07216309010982513,-0.20285376906394958,-0.06600049477580683,0.062382206320762634,-0.16124963760375977,-0.06329822879794733,0.03230199217796326,-0.17390340566635132,-0.01060929488900797,0.033877015113830566,-0.21081584692001343,-0.0471288297748913,0.0310327410697937,-0.12541231513023376,-0.04378420081499712,0.03377816081047058,-0.11638981103897095,-0.03008677777413027,-0.0038292407989501953,-0.16835033893585205,-0.014411676344906255,-0.005662590265274048,-0.20500457286834717,-0.054690688518320485,-0.0012456625699996948,-0.1244795024394989,-0.03812389042738573,0.0008728653192520142,-0.11158326268196106,-0.014661153448258801,-0.042364105582237244,-0.15905383229255676,-0.02084593255582945,-0.037270963191986084,-0.19055256247520447,-0.04168772291902201,-0.028311938047409058,-0.13483721017837524,-0.026148607624207898,-0.0270223468542099,-0.11583080887794495,-0.006680267067139312
T,0.0,0.0,0.0,0.04919920861721039,-0.02936464548110962,-0.030773282530276447,0.0866066962480545,-0.1094062328338623,-0.04092583853241649,0.0686902105808258,-0.19047224521636963,-0.048919205101697116,0.04070170223712921,-0.23833799362182617,-0.04904403585430828,0.07340992987155914,-0.178945392370224,-0.014709678957729011,0.08235101401805878,-0.2556723952293396,-0.05419100496408191,0.07198743522167206,-0.20297455787658691,-0.06571757468816486,0.06203244626522064,-0.16112494468688965,-0.06296567294236866,0.03211680054664612,-0.17395082116127014,-0.010600900756685405,0.03372056782245636,-0.21088764071464539,-0.046906549962727695,0.030749350786209106,-0.1255633533000946,-0.04351506802674976,0.03344030678272247,-0.11603069305419922,-0.029846551375953823,-0.004057377576828003,-0.16837453842163086,-0.014383019427327781,-0.005807623267173767,-0.20508044958114624,-0.05442610058423725,-0.0015132725238800049,-0.12472233176231384,-0.03793551448222843,0.0005489438772201538,-0.11174756288528442,-0.014602723079292446,-0.04260335862636566,-0.1590290665626526,-0.02078654478725639,-0.0373578816652298,-0.1904168725013733,-0.0414804709279224,-0.028381869196891785,-0.13484734296798706,-0.025986651437847286,-0.027186647057533264,-0.11598563194274902,-0.006613490650920539
T,0.0,0.0,0.0,0.048660099506378174,-0.03139901161193848,-0.03084606543094992,0.08625577390193939,-0.11122745275497437,-0.04095819085748076,0.0688210278749466,-0.19145703315734863,-0.048850043266128296,0.039511993527412415,-0.23811575770378113,-0.0486945421984899,0.0714670866727829,-0.1821664273738861,-0.013968403040479416,0.08127321302890778,-0.2570369839668274,-0.05412242054850935,0.07146002352237701,-0.2023165225982666,-0.0666146488478887,0.06199420988559723,-0.16089367866516113,-0.06442860379726767,0.030369117856025696,-0.17623159289360046,-0.009990931077908272,0.03349708020687103,-0.2127527892589569,-0.04643083602101683,0.029953911900520325,-0.12760895490646362,-0.04404726490290045,0.03157170116901398,-0.12001407146453857,-0.031198995708535904,-0.005374103784561157,-0.16979342699050903,-0.013952822013806099,-0.005836471915245056,-0.20624908804893494,-0.053494701682637924,-0.001677200198173523,-0.1262718141078949,-0.03724210947663664,8.597970008850098e-06,-0.11483529210090637,-0.01433718163431763,-0.043627336621284485,-0.1596706509590149,-0.02062141947359919,-0.038365438580513,-0.19066527485847473,-0.04031627863557219,-0.0289737731218338,-0.135564386844635,-0.02432167395861029,-0.027652710676193237,-0.11757269501686096,-0.004813818316023344
T,0.0,0.0,0.0,0.04900757968425751,-0.026652514934539795,-0.0313420750982516,0.0881037712097168,-0.10759025812149048,-0.041701325107311504,0.07269152998924255,-0.19037216901779175,-0.0498824686593764,0.044613659381866455,-0.2388606071472168,-0.05020542897651126,0.07480466365814209,-0.17768320441246033,-0.014630733881091373,0.08334803581237793,-0.2546849250793457,-0.05487629108498027,0.07270631194114685,-0.2000829577445984,-0.06689959101746012,0.06322263181209564,-0.1583133041858673,-0.06450326823065211,0.033791109919548035,-0.17364230751991272,-0.010293000269626873,0.034923240542411804,-0.2100469172000885,-0.048333157677149075,0.03187467157840729,-0.1242942214012146,-0.04560095526645114,0.034711986780166626,-0.11487632989883423,-0.031864826459383266,-0.0021691471338272095,-0.16832304000854492,-0.01395956043521096,-0.004387885332107544,-0.20297229290008545,-0.05590295128891398,-0.00045797228813171387,-0.12239193916320801,-0.03987459920713832,0.002393364906311035,-0.11047327518463135,-0.016212389696335094,-0.04015740752220154,-0.15991809964179993,-0.02018677898118426,-0.03556676208972931,-0.18966788053512573,-0.04243240215251376,-0.02763521671295166,-0.1333233118057251,-0.027580036673640507,-0.025723934173583984,-0.1155017614364624,-0.00822214864561488
T,0.0,0.0,0.0,0.04995758831501007,-0.031339049339294434,-0.030940466834579183,0.08826012909412384,-0.10989212989807129,-0.040248229442511274,0.07133977115154266,-0.19109585881233215,-0.04704686933604307,0.0415356308221817,-0.2366027534008026,-0.045597329078589155,0.07307569682598114,-0.18162041902542114,-0.013710743090484812,0.08204840123653412,-0.25730061531066895,-0.05411652409878798,0.07207764685153961,-0.1999792754650116,-0.06728350305405684,0.06391306221485138,-0.15857651829719543,-0.06580820613947935,0.032359778881073,-0.17603516578674316,-0.009604410542522146,0.03490380942821503,-0.21472081542015076,-0.04697429323044844,0.031038060784339905,-0.1287969946861267,-0.04588439622369833,0.032815366983413696,-0.1197170615196228,-0.03391267293540068,-0.003489553928375244,-0.1693604290485382,-0.013407796895478441,-0.0047310590744018555,-0.207014799118042,-0.05341269382682867,-0.0005880296230316162,-0.12642362713813782,-0.03792297401872702,0.00198306143283844,-0.11423367261886597,-0.015435878461573793,-0.04174460470676422,-0.1584165096282959,-0.019906039623890592,-0.03819109499454498,-0.19050386548042297,-0.03968030521122046,-0.028041526675224304,-0.13597267866134644,-0.024215287803087904,-0.025872230529785156,-0.11782264709472656,-0.005153077463035061
T,0.0,0.0,0.0,0.04930971562862396,-0.02905905246734619,-0.0305560905651987,0.0885845422744751,-0.10918644070625305,-0.04095674903857116,0.07238224148750305,-0.1906866431236267,-0.049382111446732324,0.04194173216819763,-0.23703348636627197,-0.05002415405380134,0.07400938868522644,-0.17750829458236694,-0.014582923071259302,0.08263468742370605,-0.2556956708431244,-0.054763956384533685,0.07194313406944275,-0.19934320449829102,-0.06724822746383552,0.06265996396541595,-0.15749835968017578,-0.06535213665830497,0.03330104053020477,-0.1732807159423828,-0.01067943723666076,0.03458423912525177,-0.211544930934906,-0.048574360476607126,0.03095179796218872,-0.12667495012283325,-0.046545887755030435,0.03318147361278534,-0.11723321676254272,-0.033615811185711664,-0.002556636929512024,-0.16802266240119934,-0.014577930250936788,-0.0044924914836883545,-0.2057880163192749,-0.055495603399151605,-0.0008698403835296631,-0.12589526176452637,-0.03936039509045486,0.001708298921585083,-0.11320167779922485,-0.01603014061021213,-0.04073472321033478,-0.1598512828350067,-0.021055771427029413,-0.035672977566719055,-0.19122502207756042,-0.04223564864861373,-0.028024718165397644,-0.13628676533699036,-0.02711768300997619,-0.026629596948623657,-0.11835065484046936,-0.007877555133575243
T,0.0,0.0,0.0,0.051114022731781006,-0.030020833015441895,-0.030282483784873193,0.09010487794876099,-0.10882049798965454,-0.03879917168470115,0.07371529936790466,-0.19061905145645142,-0.04491791629644126,0.045078814029693604,-0.23734495043754578,-0.042787616489846414,0.07591360807418823,-0.1796521544456482,-0.012302205315251058,0.08428898453712463,-0.2543501555919647,-0.052923639653641885,0.07356217503547668,-0.19950908422470093,-0.06615825497956962,0.0655297338962555,-0.15874293446540833,-0.0645285149797985,0.03515128791332245,-0.1747036874294281,-0.008215713663418,0.03653077781200409,-0.21404987573623657,-0.04491429158898086,0.032411083579063416,-0.12896251678466797,-0.04303730779739112,0.03595679998397827,-0.12058970332145691,-0.03044120350332946,-0.0006567984819412231,-0.16967901587486267,-0.012196359573323434,-0.002888590097427368,-0.207063227891922,-0.05213048064561576,0.00019279122352600098,-0.1266297996044159,-0.03621216991396636,0.0037606507539749146,-0.11520552635192871,-0.013268861337024873,-0.038676291704177856,-0.16055920720100403,-0.01887923420818538,-0.03545549511909485,-0.19246724247932434,-0.038271543918568796,-0.027469277381896973,-0.13737338781356812,-0.02244267368169517,-0.025602176785469055,-0.11932513117790222,-0.003064297954011863
T,0.0,0.0,0.0,0.050431400537490845,-0.028011620044708252,-0.031048560568507355,0.09096136689186096,-0.10541871190071106,-0.04087117133420293,0.07501262426376343,-0.18799984455108643,-0.04821933997553174,0.04382602870464325,-0.23315557837486267,-0.04719139827173535,0.0753760039806366,-0.17556151747703552,-0.015922714078243416,0.08382293581962585,-0.2541269063949585,-0.05603779298942868,0.07303258776664734,-0.19503247737884521,-0.06741785449665372,0.06474769115447998,-0.15357843041419983,-0.06457526428383176,0.034759148955345154,-0.17154347896575928,-0.011656474375541848,0.03640192747116089,-0.2106846272945404,-0.0483485218672115,0.03166842460632324,-0.12435027956962585,-0.04506451828163449,0.03442080318927765,-0.11765477061271667,-0.03161334810536687,-0.0008248388767242432,-0.16703549027442932,-0.015287052893455666,-0.0024507343769073486,-0.20502322912216187,-0.0552154612330753,-0.00015585124492645264,-0.12387946248054504,-0.03819689718764607,0.0028949081897735596,-0.11305853724479675,-0.014588414744849842,-0.03882506489753723,-0.15921524167060852,-0.021598266491110962,-0.035206571221351624,-0.1910167932510376,-0.04108392266314809,-0.02756786346435547,-0.1363028585910797,-0.024948606321032685,-0.026122286915779114,-0.11906245350837708,-0.0053471723174709496
T,0.0,0.0,0.0,0.05091303586959839,-0.02591615915298462,-0.029850751716907098,0.09193933010101318,-0.1062556803226471,-0.03963892589908369,0.0757981538772583,-0.1896876096725464,-0.04742530416351087,0.045156702399253845,-0.23640146851539612,-0.04749296288591154,0.07657039165496826,-0.17480653524398804,-0.014593192931528165,0.08514896035194397,-0.25242164731025696,-0.05425717364650495,0.07371187210083008,-0.1960785984992981,-0.0662720320711685,0.06369888782501221,-0.1541297435760498,-0.06429013292890318,0.035623788833618164,-0.17171308398246765,-0.010957818102355077,0.036964088678359985,-0.21102270483970642,-0.04878847729068525,0.03283914923667908,-0.12444418668746948,-0.04660789351564176,0.03469347953796387,-0.1133890151977539,-0.03369761313896902,-0.0003167092800140381,-0.1672218143939972,-0.014935761314148976,-0.0019820332527160645,-0.2070966362953186,-0.05590042899947889,0.0011300146579742432,-0.12518814206123352,-0.03920508976679571,0.003019779920578003,-0.11052978038787842,-0.015620933469648435,-0.03897300362586975,-0.15977567434310913,-0.021421142477805688,-0.03335173428058624,-0.19189411401748657,-0.04299740548830755,-0.026130229234695435,-0.13574394583702087,-0.02789779249232538,-0.02519097924232483,-0.11732468008995056,-0.008760597180838658
T,0.0,0.0,0.0,0.05069132149219513,-0.0248987078666687,-0.030302183756703016,0.09212443232536316,-0.10435429215431213,-0.04061508184122431,0.07599222660064697,-0.18741756677627563,-0.048898123258823034,0.0447358638048172,-0.23418045043945312,-0.049398075843328115,0.07689526677131653,-0.17424923181533813,-0.015482096986943361,0.08664759993553162,-0.2522822916507721,-0.05568104987787592,0.07520651817321777,-0.19567209482192993,-0.06762773549007761,0.06516504287719727,-0.15422677993774414,-0.0653977990691601,0.03594017028808594,-0.1716325283050537,-0.01172895921217787,0.03857159614562988,-0.21031075716018677,-0.049822293276065466,0.03374853730201721,-0.12335807085037231,-0.04732657229351389,0.03537797927856445,-0.11303609609603882,-0.034068562144511816,-5.9977173805236816e-05,-0.16760188341140747,-0.015664139816635725,-0.0005135834217071533,-0.20645049214363098,-0.057077631408446905,0.0018155425786972046,-0.12418964505195618,-0.04028299456285822,0.0034874379634857178,-0.11026632785797119,-0.016448782811039564,-0.0386519581079483,-0.1607654094696045,-0.022094463983648893,-0.032192155718803406,-0.19210734963417053,-0.043664112741225836,-0.025258749723434448,-0.13575467467308044,-0.028341546708816168,-0.024543583393096924,-0.11775758862495422,-0.008984696174138662
T,0.0,0.0,0.0,0.051744475960731506,-0.026595711708068848,-0.0311941964142477,0.09244231879711151,-0.10543572902679443,-0.03998919702698345,0.07634846866130829,-0.18764448165893555,-0.04614597312738056,0.04720239341259003,-0.23486024141311646,-0.04396442450214977,0.07782627642154694,-0.17755088210105896,-0.013552918430463023,0.08799619972705841,-0.251685231924057,-0.0536265572123682,0.07677777111530304,-0.19643089175224304,-0.06583077959348316,0.06767676770687103,-0.1553187370300293,-0.0635992561988985,0.0369722843170166,-0.17419573664665222,-0.009100876148835368,0.039558395743370056,-0.21397665143013,-0.04656371228028888,0.03452838957309723,-0.12780743837356567,-0.04464991889526004,0.03756113350391388,-0.11761164665222168,-0.0317013648860609,0.0009271353483200073,-0.17013153433799744,-0.01263386509944553,0.00014510750770568848,-0.20797061920166016,-0.05340823657442684,0.002102985978126526,-0.12631189823150635,-0.03746157638360614,0.00491023063659668,-0.1138049066066742,-0.014180203300014682,-0.03751187026500702,-0.16242101788520813,-0.018866968672767825,-0.03219790756702423,-0.19357070326805115,-0.03917552657057399,-0.025139451026916504,-0.13785770535469055,-0.023782668035522647,-0.024097129702568054,-0.12027764320373535,-0.00453166417409534
T,0.0,0.0,0.0,0.05167314410209656,-0.023918628692626953,-0.029311464491712513,0.09360697865486145,-0.10450327396392822,-0.0392541674407596,0.07726749777793884,-0.18708530068397522,-0.047295102241861287,0.04586505889892578,-0.23338884115219116,-0.047667810085641804,0.07749408483505249,-0.17227673530578613,-0.015346363510417405,0.08837831020355225,-0.24989470839500427,-0.0539871317776317,0.07696816325187683,-0.1915268898010254,-0.06460487968050188,0.065758615732193,-0.15061354637145996,-0.061911815169679585,0.036353036761283875,-0.16999197006225586,-0.0119862308236236,0.03999592363834381,-0.2088768482208252,-0.04924097037635988,0.03577516973018646,-0.12167626619338989,-0.0466842328640098,0.03606507182121277,-0.11241322755813599,-0.033780132743942204,0.00014428794384002686,-0.16617855429649353,-0.015954275939094487,0.0010260939598083496,-0.206190288066864,-0.05712461597047991,0.003938019275665283,-0.12311941385269165,-0.04058286673151201,0.004172176122665405,-0.11002001166343689,-0.017170095208513203,-0.038956403732299805,-0.16046148538589478,-0.022165795180427494,-0.03036569058895111,-0.19269394874572754,-0.04418479776703066,-0.023513078689575195,-0.1350894272327423,-0.029087466511356297,-0.02437862753868103,-0.11702245473861694,-0.010024478051292363
T,0.0,0.0,0.0,0.05188988149166107,-0.026501774787902832,-0.030390425630287154,0.09298376739025116,-0.10494038462638855,-0.04024858311601065,0.07683967053890228,-0.186917245388031,-0.04777067438550375,0.04667098820209503,-0.23322486877441406,-0.04717532084174536,0.07772196829319,-0.17668485641479492,-0.014614353932813628,0.08947460353374481,-0.2518734037876129,-0.05479255602546118,0.07911248505115509,-0.19637709856033325,-0.06693253950066946,0.06856535375118256,-0.15445476770401,-0.06455746576972388,0.03659634292125702,-0.173589289188385,-0.010852328546718581,0.042726919054985046,-0.2125576138496399,-0.04762970195002936,0.03712017834186554,-0.1249459981918335,-0.04507141844220541,0.03727737069129944,-0.11561483144760132,-0.031945585318283065,0.0005732923746109009,-0.16935265064239502,-0.014854076363519653,0.0030826926231384277,-0.20789939165115356,-0.055053832985834106,0.005365833640098572,-0.12528494000434875,-0.03838807255812071,0.005676060914993286,-0.11228078603744507,-0.014942820229009612,-0.03863437473773956,-0.1615404188632965,-0.021422789477185233,-0.030780181288719177,-0.19360074400901794,-0.04148237318582915,-0.02242596447467804,-0.13707637786865234,-0.02517777033932589,-0.022593066096305847,-0.11858510971069336,-0.0054367809075870355
T,0.0,0.0,0.0,0.05232730507850647,-0.023288428783416748,-0.029500317923492503,0.09381639957427979,-0.10375776886940002,-0.03942056482262046,0.07651221752166748,-0.1854703724384308,-0.047412407748169016,0.045994699001312256,-0.23165252804756165,-0.04774854814237983,0.07907375693321228,-0.17318180203437805,-0.014919222496217799,0.09034138917922974,-0.24943047761917114,-0.05385257040686042,0.07900309562683105,-0.1956338882446289,-0.06477520351833732,0.06709912419319153,-0.15401864051818848,-0.06194503342337043,0.03718845546245575,-0.17124637961387634,-0.011453673407203269,0.04187856614589691,-0.20904606580734253,-0.04805419331020744,0.0370689332485199,-0.12136191129684448,-0.04461073612398536,0.03748241066932678,-0.11028441786766052,-0.030947192735737872,0.0006369352340698242,-0.16791272163391113,-0.01552179751521976,0.002436608076095581,-0.20680531859397888,-0.05614226048416526,0.004703626036643982,-0.12319806218147278,-0.03903093298501403,0.004486903548240662,-0.10848209261894226,-0.015240008175140929,-0.03893625736236572,-0.16169285774230957,-0.021991430945462298,-0.02971583604812622,-0.19355356693267822,-0.04342633595294387,-0.022912144660949707,-0.1353558599948883,-0.027733198530739855,-0.02387702465057373,-0.1162039041519165,-0.008298215619987559
T,0.0,0.0,0.0,0.05212327837944031,-0.024049222469329834,-0.030551784204988053,0.0933259129524231,-0.10282757878303528,-0.04095273325100379,0.07612884044647217,-0.18466028571128845,-0.04907664516821342,0.046259552240371704,-0.23195624351501465,-0.04928458714738326,0.07783040404319763,-0.17442315816879272,-0.01606761524334388,0.08932450413703918,-0.24943625926971436,-0.05596774304166274,0.07847297191619873,-0.1942865550518036,-0.0673167617048307,0.06683224439620972,-0.15329715609550476,-0.06453826883688407,0.03591546416282654,-0.1714501976966858,-0.012346424626855423,0.04181453585624695,-0.20944499969482422,-0.04925633082046943,0.03677348792552948,-0.12091130018234253,-0.046064397784618905,0.03671450912952423,-0.11173123121261597,-0.03250174084558921,-0.0006988346576690674,-0.1676117479801178,-0.01632478879645305,0.002378791570663452,-0.20510011911392212,-0.057351055088190606,0.004594191908836365,-0.12148800492286682,-0.040585520210413506,0.004186287522315979,-0.10939741134643555,-0.016908577176479866,-0.04027897119522095,-0.16099968552589417,-0.02274302439644771,-0.03045569360256195,-0.19211655855178833,-0.04372474783912139,-0.023147493600845337,-0.13442003726959229,-0.027642991858272126,-0.024607911705970764,-0.11655989289283752,-0.007993469479231408
T,0.0,0.0,0.0,0.051712766289711,-0.022334814071655273,-0.030398441804749154,0.0937003344297409,-0.10347789525985718,-0.04057005639205613,0.07808472216129303,-0.18662196397781372,-0.04854573155770936,0.04845409095287323,-0.23440021276474,-0.048609333438975,0.07828836143016815,-0.17466410994529724,-0.015588027751249456,0.09022663533687592,-0.2516266107559204,-0.05558390389214196,0.08004553616046906,-0.1955939531326294,-0.0669385328424994,0.06836403906345367,-0.1531400978565216,-0.06400819714198747,0.03653489053249359,-0.17195528745651245,-0.011761945067149782,0.0427636057138443,-0.21043112874031067,-0.04910885016451516,0.03782908618450165,-0.12147712707519531,-0.04599126647244134,0.0370163768529892,-0.11216533184051514,-0.03222442637215295,9.641051292419434e-06,-0.16817432641983032,-0.015602688631219053,0.003322973847389221,-0.20640888810157776,-0.057022219849926614,0.005551561713218689,-0.12204372882843018,-0.04002375002036729,0.004633292555809021,-0.10911780595779419,-0.015964040858847284,-0.039465487003326416,-0.16192445158958435,-0.02184018339048066,-0.02949652075767517,-0.19328933954238892,-0.0433830752504889,-0.022323578596115112,-0.1346970498561859,-0.027308898372751855,-0.023734793066978455,-0.11624377965927124,-0.007398099964660787
T,0.0,0.0,0.0,0.05219171941280365,-0.02433544397354126,-0.029508175388286872,0.09346790611743927,-0.10480210185050964,-0.039610453009913726,0.07661981880664825,-0.18664661049842834,-0.047779258400510116,0.04693309962749481,-0.23421907424926758,-0.04842581605942087,0.07882539927959442,-0.17563432455062866,-0.014755948506604,0.0901946872472763,-0.2509435713291168,-0.05397731816799478,0.07901851832866669,-0.19777539372444153,-0.0654351600113614,0.06733836233615875,-0.15606766939163208,-0.06296190252930955,0.036976128816604614,-0.17294743657112122,-0.011367715023766323,0.042195871472358704,-0.2109663188457489,-0.04869259154827432,0.037413761019706726,-0.1232900321483612,-0.046111550242017074,0.037533700466156006,-0.11068320274353027,-0.032908555180142685,0.0003086775541305542,-0.16887924075126648,-0.015467388615320488,0.002720460295677185,-0.20717084407806396,-0.05678147456080751,0.004948332905769348,-0.12400037050247192,-0.0404034928086503,0.00439240038394928,-0.10912403464317322,-0.016910485983203216,-0.03930847346782684,-0.1619759202003479,-0.02186727902324037,-0.029356196522712708,-0.19419348239898682,-0.043629452646086975,-0.02247568964958191,-0.13598206639289856,-0.02809703356058435,-0.0237434059381485,-0.11687034368515015,-0.008719504870782657
T,0.0,0.0,0.0,0.05212610960006714,-0.023760855197906494,-0.03015642667736529,0.09370389580726624,-0.10404807329177856,-0.04046530889894484,0.07679522037506104,-0.18583470582962036,-0.04869506003882407,0.046650230884552,-0.23293787240982056,-0.049225273156423555,0.07835054397583008,-0.1744515299797058,-0.015587480353076444,0.0900789201259613,-0.25022149085998535,-0.05503987016703604,0.079119473695755,-0.1953510344028473,-0.06628931182052611,0.067192941904068,-0.15372145175933838,-0.06358972060110091,0.03665834665298462,-0.1718173623085022,-0.011915114322562204,0.0417860746383667,-0.20996597409248352,-0.049179493063945756,0.037181928753852844,-0.12208577990531921,-0.0463068546595764,0.0372442901134491,-0.11085206270217896,-0.032879794562120424,1.5020370483398438e-05,-0.16803306341171265,-0.01582173685159205,0.0024536848068237305,-0.20615127682685852,-0.05713242905761717,0.005014851689338684,-0.12274172902107239,-0.04069893675472258,0.004739731550216675,-0.10871002078056335,-0.017128671133775697,-0.039552271366119385,-0.16158321499824524,-0.02209937068249701,-0.029521644115447998,-0.19281843304634094,-0.043926986480016694,-0.022425204515457153,-0.13481846451759338,-0.028586280146498666,-0.023660928010940552,-0.1161855161190033,-0.009295258285362706
T,0.0,0.0,0.0,0.052564650774002075,-0.024023473262786865,-0.030914220850377205,0.0941130518913269,-0.10382649302482605,-0.040949588532953385,0.07651275396347046,-0.18559718132019043,-0.048510925735740784,0.04698541760444641,-0.23222211003303528,-0.04788677197268498,0.07754048705101013,-0.17563185095787048,-0.01569826331308377,0.08935818076133728,-0.25107496976852417,-0.0556304509597112,0.08016407489776611,-0.19462132453918457,-0.06685952272584927,0.0697527825832367,-0.1527341604232788,-0.0638551804082681,0.035922110080718994,-0.1726163923740387,-0.011652424822955254,0.042547017335891724,-0.21089738607406616,-0.04872858327200902,0.03788253664970398,-0.12211146950721741,-0.04566521372964871,0.0374981164932251,-0.1128663718700409,-0.03198208090236676,-0.00036585330963134766,-0.1686432957649231,-0.015375225696175221,0.00329434871673584,-0.20550015568733215,-0.05645841162970555,0.005640491843223572,-0.12193018198013306,-0.03988818999698651,0.005196079611778259,-0.110054612159729,-0.016196811463146332,-0.039568543434143066,-0.16183242201805115,-0.021565617884903077,-0.029679611325263977,-0.19240319728851318,-0.04244183179309857,-0.02198202908039093,-0.13461118936538696,-0.026375139023571137,-0.023345068097114563,-0.11690562963485718,-0.006634422469346646
T,0.0,0.0,0.0,0.05165834724903107,-0.024219870567321777,-0.031121668078156972,0.09285522997379303,-0.10463395714759827,-0.041825555868598485,0.07659371197223663,-0.1865779161453247,-0.05023428113028672,0.0466645210981369,-0.23383992910385132,-0.050785348422976995,0.07775239646434784,-0.1766626238822937,-0.015736243359896207,0.08960358798503876,-0.25075963139533997,-0.055529811091872716,0.07971672713756561,-0.19757747650146484,-0.06693999157116082,0.06813697516918182,-0.1554679274559021,-0.06405135677024987,0.03590629994869232,-0.17356643080711365,-0.011641256183537507,0.04198251664638519,-0.21098285913467407,-0.04878582493230965,0.03738832473754883,-0.12298893928527832,-0.04565348909065392,0.037153005599975586,-0.1121717095375061,-0.03186858505770829,-0.0005016326904296875,-0.16939318180084229,-0.015296642340871358,0.002634763717651367,-0.20657864212989807,-0.056326106794330144,0.005183234810829163,-0.12377557158470154,-0.03956322804853585,0.004430517554283142,-0.11008310317993164,-0.015758064247819448,-0.03989426791667938,-0.1622195839881897,-0.021489639438840413,-0.03007565438747406,-0.19350162148475647,-0.042767771192046666,-0.02254144847393036,-0.13617047667503357,-0.0269265236781564,-0.023752912878990173,-0.11763238906860352,-0.00728337014854219
T,0.0,0.0,0.0,0.05210539698600769,-0.02438533306121826,-0.03014117429350449,0.09319561719894409,-0.104239821434021,-0.04108540291284157,0.07611942291259766,-0.18573519587516785,-0.050095907844053045,0.04546275734901428,-0.23278695344924927,-0.05149761537407471,0.07702654600143433,-0.1755591630935669,-0.015987155459271207,0.08875131607055664,-0.25163406133651733,-0.05606638962720467,0.07911577820777893,-0.1963876485824585,-0.06791090542768075,0.06793093681335449,-0.15309226512908936,-0.06541905874703957,0.03532722592353821,-0.17188110947608948,-0.012421773246870771,0.04159379005432129,-0.21034598350524902,-0.05057632500623299,0.037377551198005676,-0.12254840135574341,-0.048355966306672826,0.036458805203437805,-0.11066091060638428,-0.03521889770721032,-0.0009853541851043701,-0.16725564002990723,-0.016342333949552312,0.0025062263011932373,-0.20631754398345947,-0.05758194575403763,0.005080237984657288,-0.12379437685012817,-0.040872115142093435,0.0035080909729003906,-0.10935577750205994,-0.017192370689855352,-0.04028037190437317,-0.16007444262504578,-0.022680634132967725,-0.02954830229282379,-0.1926020383834839,-0.04404592836593224,-0.022194504737854004,-0.13526615500450134,-0.028199417016850248,-0.024056077003479004,-0.11640968918800354,-0.008608986123846307
T,0.0,0.0,0.0,0.05187380313873291,-0.025073349475860596,-0.030624876571863524,0.09292870759963989,-0.10524898767471313,-0.041021740837067,0.07562872767448425,-0.18589910864830017,-0.049225046141117446,0.04609119892120361,-0.23263558745384216,-0.04963417242285573,0.07737210392951965,-0.17657089233398438,-0.015556813059419028,0.089409738779068,-0.25172287225723267,-0.05550339336511456,0.0801423192024231,-0.19798702001571655,-0.06727233792659604,0.06884130835533142,-0.15505468845367432,-0.06455160195943677,0.03569157421588898,-0.17332404851913452,-0.01157095639970862,0.04195842146873474,-0.21013307571411133,-0.04879633973357045,0.03762899339199066,-0.12235501408576965,-0.04598464707848393,0.037104323506355286,-0.11068218946456909,-0.03248658294793927,-0.0006789416074752808,-0.1689576506614685,-0.015288055716126792,0.002883315086364746,-0.20529165863990784,-0.05617151672956311,0.005350783467292786,-0.1227540373802185,-0.03972355539914929,0.004467770457267761,-0.10890346765518188,-0.016183140529363982,-0.03998064994812012,-0.16156941652297974,-0.021483459351628653,-0.029919534921646118,-0.1926645040512085,-0.04251453544017636,-0.02233092486858368,-0.13533195853233337,-0.026650032801597945,-0.023581311106681824,-0.11663275957107544,-0.007034024065404765
T,0.0,0.0,0.0,0.05179363489151001,-0.02529597282409668,-0.030427124095325553,0.09253528714179993,-0.10503005981445312,-0.041098726657395446,0.07574942708015442,-0.1859191656112671,-0.04965130772924908,0.04534199833869934,-0.232151597738266,-0.050400847313170516,0.07677024602890015,-0.17637532949447632,-0.01554520775115975,0.08875367045402527,-0.25076958537101746,-0.055625898507599914,0.07932776212692261,-0.19564804434776306,-0.0674488150749255,0.06840202212333679,-0.15311303734779358,-0.06491396364307889,0.035299062728881836,-0.17295053601264954,-0.011932064523165309,0.04189738631248474,-0.20996153354644775,-0.049564955500130736,0.03737229108810425,-0.12222692370414734,-0.04701097097731122,0.03655877709388733,-0.11130115389823914,-0.03372281205392369,-0.0010029971599578857,-0.16829341650009155,-0.015969313425188147,0.0026575326919555664,-0.2049272656440735,-0.0571397037479926,0.005181863903999329,-0.12238091230392456,-0.04057880651689061,0.0040991902351379395,-0.10898342728614807,-0.01699610028899201,-0.04026669263839722,-0.16060489416122437,-0.022464932617907607,-0.030220583081245422,-0.19170013070106506,-0.04362577360606679,-0.02268722653388977,-0.13442906737327576,-0.027681680140261733,-0.024188682436943054,-0.11615091562271118,-0.008064943109815204
T,0.0,0.0,0.0,0.05308818817138672,-0.02715623378753662,-0.0312628764707199,0.0922386646270752,-0.10510584712028503,-0.04045717604938659,0.07369944453239441,-0.18505793809890747,-0.04683381878319892,0.04575261473655701,-0.23112010955810547,-0.04476031847778472,0.07671496272087097,-0.17664361000061035,-0.016563910995756714,0.08866903185844421,-0.2518470287322998,-0.057119080801641076,0.08007106184959412,-0.195896714925766,-0.06913498230758819,0.07065832614898682,-0.1531985104084015,-0.06643423624817046,0.03549438714981079,-0.17275840044021606,-0.012270112526749699,0.04211726784706116,-0.21052959561347961,-0.049155930061971276,0.03711332380771637,-0.12353557348251343,-0.04657449014965209,0.03728935122489929,-0.1133931577205658,-0.03356135823312911,-0.000566333532333374,-0.1684570014476776,-0.01586996019366893,0.002970084547996521,-0.2040540874004364,-0.05603110231939468,0.005159616470336914,-0.12226590514183044,-0.0398824047345272,0.005612790584564209,-0.1097227931022644,-0.016854330902134507,-0.0394376665353775,-0.16035404801368713,-0.022130647679006188,-0.03144173324108124,-0.19121423363685608,-0.04159107991043243,-0.022605985403060913,-0.13551771640777588,-0.025269262497459977,-0.022778600454330444,-0.11723396182060242,-0.005649558273290722
T,0.0,0.0,0.0,0.052641406655311584,-0.02631354331970215,-0.030964518070078384,0.09207119047641754,-0.10495918989181519,-0.04078198979780723,0.07242725789546967,-0.18406224250793457,-0.0480021239368682,0.04251016676425934,-0.2284737229347229,-0.046848431333756935,0.07555647194385529,-0.1769038736820221,-0.01592115695760299,0.08775199949741364,-0.25091618299484253,-0.05615809942767669,0.07949574291706085,-0.1943340301513672,-0.06787636141464759,0.06995253264904022,-0.15225958824157715,-0.06516976664946128,0.03423576056957245,-0.17275023460388184,-0.01206895067528535,0.04129575192928314,-0.21050772070884705,-0.048544600710130226,0.03710649907588959,-0.1230517327785492,-0.04560562978670646,0.03690116107463837,-0.1141265332698822,-0.03239759440705825,-0.001777350902557373,-0.16795068979263306,-0.01611227366313983,0.0023592859506607056,-0.2037174105644226,-0.05615168447778274,0.005206167697906494,-0.12172988057136536,-0.03977680961773444,0.005186006426811218,-0.11082100868225098,-0.016688784688568603,-0.04058273136615753,-0.15973755717277527,-0.02277378189549495,-0.031818851828575134,-0.19010436534881592,-0.042248994216180336,-0.02305169403553009,-0.13406503200531006,-0.02589757192120601,-0.023725882172584534,-0.11705636978149414,-0.006408574629432451
T,0.0,0.0,0.0,0.0524430125951767,-0.02867192029953003,-0.03060762018293417,0.09086988866329193,-0.107241690158844,-0.039779860455098515,0.07146982848644257,-0.1856418251991272,-0.046347003358903294,0.04274614155292511,-0.23063775897026062,-0.04466922201544321,0.07575477659702301,-0.17843836545944214,-0.01506617844432867,0.08677969872951508,-0.25287914276123047,-0.055441550839248066,0.07847531139850616,-0.19792896509170532,-0.06824273981482065,0.06940720975399017,-0.1551673412322998,-0.06612522520453012,0.03420901298522949,-0.17403653264045715,-0.0110067230868367,0.04053132236003876,-0.21107086539268494,-0.04720429323941744,0.03605945408344269,-0.12493899464607239,-0.04505391411811388,0.03592647612094879,-0.1143689751625061,-0.03249102078706301,-0.0019707083702087402,-0.1691051721572876,-0.01480572756707943,0.0014466047286987305,-0.20483240485191345,-0.0538424513521818,0.004188627004623413,-0.12419351935386658,-0.037944734025302296,0.004309296607971191,-0.11187726259231567,-0.015398161414566403,-0.04069514572620392,-0.16012609004974365,-0.021275306049290066,-0.032685160636901855,-0.1919671893119812,-0.039731904793086414,-0.02370782196521759,-0.13691812753677368,-0.023184379491510754,-0.02409803867340088,-0.11862260103225708,-0.0036254976163832
T,0.0,0.0,0.0,0.052715227007865906,-0.028152108192443848,-0.03161865817705234,0.09115864336490631,-0.1054309606552124,-0.041023313723002275,0.07145537436008453,-0.18414729833602905,-0.04752093153396686,0.04367615282535553,-0.22982630133628845,-0.04538143771091541,0.0760481208562851,-0.17755886912345886,-0.016057537592445215,0.08712412416934967,-0.2514841556549072,-0.056696451924239,0.07876323163509369,-0.19514590501785278,-0.06887798728743633,0.06986407935619354,-0.15253788232803345,-0.06622388186255534,0.03462629020214081,-0.17339584231376648,-0.01161188790896972,0.04135887324810028,-0.210225909948349,-0.04765316816369136,0.036244526505470276,-0.1240374743938446,-0.04465324031511386,0.036345526576042175,-0.11574620008468628,-0.03144731717506488,-0.0014155656099319458,-0.16903147101402283,-0.015272593780849775,0.002264276146888733,-0.20368295907974243,-0.054291821740065416,0.0041015297174453735,-0.12341034412384033,-0.038094907722864946,0.004554480314254761,-0.1137201189994812,-0.015362849182878335,-0.039756059646606445,-0.1606605350971222,-0.021731873698030313,-0.03218577802181244,-0.1907597780227661,-0.03977895872989734,-0.023694515228271484,-0.13622352480888367,-0.02315255040625175,-0.023821622133255005,-0.11986905336380005,-0.0036413888013555606
T,0.0,0.0,0.0,0.053094714879989624,-0.028801321983337402,-0.031320761379816986,0.09156054258346558,-0.10628968477249146,-0.04064810225091264,0.0723118782043457,-0.1855280101299286,-0.04714205065093324,0.04495909810066223,-0.23166942596435547,-0.04512429186425493,0.07599082589149475,-0.17823579907417297,-0.01645134897253797,0.08781936764717102,-0.25247153639793396,-0.05632695877275751,0.07954981923103333,-0.19645649194717407,-0.06772580319366739,0.06999802589416504,-0.15394994616508484,-0.06456121378860757,0.034874945878982544,-0.17400416731834412,-0.011978629467108703,0.04195299744606018,-0.21077114343643188,-0.0475541348131685,0.03682112693786621,-0.12397852540016174,-0.04422908225379274,0.03634631633758545,-0.11494290828704834,-0.03090890818558023,-0.0008843988180160522,-0.1691766381263733,-0.015384963204184032,0.003063708543777466,-0.20404571294784546,-0.0540032865973501,0.005276501178741455,-0.12321329116821289,-0.03736277246198938,0.005250722169876099,-0.11170709133148193,-0.014408550647118545,-0.03928914666175842,-0.16029146313667297,-0.02151891724489019,-0.03157244622707367,-0.19168385863304138,-0.039442341265299774,-0.022700577974319458,-0.13678082823753357,-0.02239440703115747,-0.02321445941925049,-0.11880296468734741,-0.0025631750030754574
T,0.0,0.0,0.0,0.05330386757850647,-0.027432501316070557,-0.03115486407207868,0.09059584140777588,-0.10542494058609009,-0.04082021729576013,0.07058075070381165,-0.1839652955532074,-0.04778403656112573,0.04398581385612488,-0.23010322451591492,-0.04615326465594194,0.0756598711013794,-0.178018718957901,-0.01597631776260755,0.08697172999382019,-0.25228220224380493,-0.05665270851480386,0.07923281192779541,-0.194696843624115,-0.06890482322799585,0.07019379734992981,-0.15129631757736206,-0.0663223253332319,0.03436604142189026,-0.173402339220047,-0.011776092066639876,0.04140514135360718,-0.2109648585319519,-0.048294907971495604,0.036977171897888184,-0.12425744533538818,-0.04556877778398416,0.036673128604888916,-0.11523687839508057,-0.032469263836020446,-0.0016831159591674805,-0.1686127781867981,-0.015550274006301379,0.002653270959854126,-0.20359763503074646,-0.05484369636999986,0.005185827612876892,-0.12318521738052368,-0.03854561836945436,0.005277425050735474,-0.11297166347503662,-0.01568610833513162,-0.04012578725814819,-0.160077303647995,-0.022043884336227393,-0.031573519110679626,-0.19042298197746277,-0.04054701195585153,-0.022675439715385437,-0.13525733351707458,-0.023958124756092047,-0.023163586854934692,-0.11855322122573853,-0.004389734077477669
T,0.0,0.0,0.0,0.05310976505279541,-0.026722252368927002,-0.03115969713405775,0.09077811241149902,-0.1050485372543335,-0.04094794582204031,0.07089546322822571,-0.18341171741485596,-0.048064487088481656,0.044343382120132446,-0.22958308458328247,-0.04668881561235594,0.0753268301486969,-0.17723986506462097,-0.016801552880565396,0.08686336874961853,-0.25128498673439026,-0.0571421441026132,0.079286128282547,-0.1951393485069275,-0.06889135952667402,0.07039713859558105,-0.15159621834754944,-0.06595283563808607,0.03380885720252991,-0.17259040474891663,-0.0125170909203689,0.041227132081985474,-0.20914402604103088,-0.04832979108766722,0.036852896213531494,-0.12318122386932373,-0.04483614679054426,0.03686496615409851,-0.11496305465698242,-0.03140168454126524,-0.002247720956802368,-0.16796794533729553,-0.016183301839987507,0.0025274306535720825,-0.20279264450073242,-0.054813744533817044,0.004727467894554138,-0.1230049729347229,-0.03803947012499975,0.004481106996536255,-0.11303627490997314,-0.015132535282532444,-0.0405910462141037,-0.15976226329803467,-0.022627336937944165,-0.03151513636112213,-0.19012653827667236,-0.04063036482409643,-0.023385941982269287,-0.13559094071388245,-0.023822236839691868,-0.024491548538208008,-0.11905264854431152,-0.004276896394799223
T,0.0,0.0,0.0,0.05284795165061951,-0.02755582332611084,-0.030317124583717714,0.08994489908218384,-0.1050521731376648,-0.04018794805645598,0.06943643093109131,-0.18316423892974854,-0.04755584210991515,0.04373133182525635,-0.23045575618743896,-0.046867553749081026,0.07500466704368591,-0.17497113347053528,-0.017637896024581323,0.08594375848770142,-0.25096672773361206,-0.05811006636261595,0.07878783345222473,-0.19665205478668213,-0.07043720842241896,0.07039964199066162,-0.15219417214393616,-0.06806457848190917,0.03413459658622742,-0.17087769508361816,-0.013702100747224222,0.04078546166419983,-0.2074393630027771,-0.050502971419092546,0.03674885630607605,-0.12180089950561523,-0.04773720041751517,0.036858707666397095,-0.10875904560089111,-0.034900498249527345,-0.0018815100193023682,-0.1661776304244995,-0.01744879097580565,0.002096042037010193,-0.20166712999343872,-0.05719235972404135,0.0044217705726623535,-0.1215934157371521,-0.04082782999515189,0.004431769251823425,-0.10741782188415527,-0.01801934898733748,-0.04044888913631439,-0.15750724077224731,-0.023740262397524248,-0.03181900084018707,-0.1899302899837494,-0.04307745457529677,-0.023456573486328125,-0.13418734073638916,-0.02661533155381335,-0.02396106719970703,-0.1148759126663208,-0.007142876879271398
T,0.0,0.0,0.0,0.05178551375865936,-0.026905417442321777,-0.030887759002013127,0.09039817750453949,-0.10482114553451538,-0.04145456169740669,0.07160355150699615,-0.182519793510437,-0.04972801794306747,0.044021353125572205,-0.2281666398048401,-0.04996814643041603,0.0749131590127945,-0.17667728662490845,-0.015229805084032932,0.08755512535572052,-0.24961626529693604,-0.05572632764474861,0.08031539618968964,-0.19448652863502502,-0.0684836699535083,0.07020707428455353,-0.1519489586353302,-0.06627870787875167,0.03323020040988922,-0.1725100874900818,-0.011143398182554165,0.04149167239665985,-0.2083013951778412,-0.04793084104554168,0.03775976598262787,-0.12164169549942017,-0.045489021288318554,0.03670240938663483,-0.11177331209182739,-0.032330271499319,-0.002996310591697693,-0.16771790385246277,-0.014918566392822186,0.0026483386754989624,-0.201059490442276,-0.054632519083185116,0.005238860845565796,-0.12086677551269531,-0.038679339634342114,0.003934338688850403,-0.11008632183074951,-0.0158051128406953,-0.04178503155708313,-0.1599346399307251,-0.021310043232602993,-0.031085088849067688,-0.1877831518650055,-0.04056074907080642,-0.022929534316062927,-0.13234323263168335,-0.024347851695580403,-0.024463579058647156,-0.11595791578292847,-0.0048358158116172945
T,0.0,0.0,0.0,0.052217721939086914,-0.026440024375915527,-0.031154954526840584,0.09041938185691833,-0.1046493649482727,-0.041184477228938476,0.07100978493690491,-0.18245559930801392,-0.04862085329395427,0.04348602890968323,-0.2282332181930542,-0.04786674650412692,0.07366043329238892,-0.17694532871246338,-0.0163518336604227,0.08569565415382385,-0.25042611360549927,-0.05672154920202388,0.07906070351600647,-0.19316786527633667,-0.06927387015920772,0.06992331147193909,-0.1498546004295349,-0.06691334741216792,0.032322317361831665,-0.1720612347126007,-0.011843774188577072,0.04020395874977112,-0.20812273025512695,-0.048096205760060684,0.03680002689361572,-0.12253862619400024,-0.04569348664981021,0.035737842321395874,-0.11391061544418335,-0.032915740926085846,-0.003638923168182373,-0.16681161522865295,-0.015122515801607506,0.0013187825679779053,-0.20097225904464722,-0.05381503300768031,0.00451110303401947,-0.12149679660797119,-0.03770096572142734,0.003766283392906189,-0.1111021637916565,-0.0151362118313898,-0.04192031919956207,-0.15840840339660645,-0.021097611356793777,-0.03263238072395325,-0.18717601895332336,-0.03947410704594745,-0.023886218667030334,-0.13253390789031982,-0.023134037573157684,-0.02501809597015381,-0.11600649356842041,-0.003781736083595888
T,0.0,0.0,0.0,0.0511951744556427,-0.025564610958099365,-0.032094128604086336,0.08955752849578857,-0.10487323999404907,-0.043060913856180605,0.07064303755760193,-0.18242385983467102,-0.05138657632008403,0.04209870100021362,-0.22754254937171936,-0.051652044232042726,0.0739986002445221,-0.1776311695575714,-0.016933391044887003,0.08546468615531921,-0.25057265162467957,-0.05770726146832317,0.07901093363761902,-0.1950911283493042,-0.0705497713638863,0.06953680515289307,-0.15139302611351013,-0.06827088462844699,0.03251415491104126,-0.1731811761856079,-0.012250189843626913,0.040190428495407104,-0.20860326290130615,-0.0491772817327103,0.03725108504295349,-0.1223832368850708,-0.04659021663204044,0.0361672043800354,-0.1123238205909729,-0.03329015913143962,-0.0036842823028564453,-0.16803166270256042,-0.01550933922365516,0.00103701651096344,-0.200372576713562,-0.05525204929247707,0.00474470853805542,-0.12046468257904053,-0.03928486647740215,0.00382097065448761,-0.10931849479675293,-0.016415264631660875,-0.0422745943069458,-0.15978571772575378,-0.021480072463901934,-0.032947689294815063,-0.18750309944152832,-0.04086635279193729,-0.024051368236541748,-0.13201969861984253,-0.024807984183581766,-0.025061383843421936,-0.11533242464065552,-0.005404642491640743
T,0.0,0.0,0.0,0.05096016824245453,-0.025550663471221924,-0.032087806133347385,0.08889968693256378,-0.10414326190948486,-0.04350558247955405,0.07029281556606293,-0.18243902921676636,-0.05243144136460387,0.04237641394138336,-0.22909149527549744,-0.05341719043047988,0.07368861138820648,-0.1764143705368042,-0.01723127950521075,0.08524863421916962,-0.24950218200683594,-0.05780769464166724,0.07818607985973358,-0.1937759518623352,-0.07033957493098342,0.06864999234676361,-0.15009120106697083,-0.06797825497181975,0.032249584794044495,-0.17204684019088745,-0.012581008007543915,0.03952722251415253,-0.20706337690353394,-0.04961863857300841,0.036454811692237854,-0.12111103534698486,-0.046899727998095386,0.03562803566455841,-0.11102098226547241,-0.03361941081078612,-0.003841981291770935,-0.16680467128753662,-0.015799467904287212,0.0004896223545074463,-0.19968178868293762,-0.05551561292799079,0.004074469208717346,-0.12014251947402954,-0.039208575604277485,0.003066703677177429,-0.10847294330596924,-0.0162055524864968,-0.042354971170425415,-0.15847963094711304,-0.021742268917876117,-0.033170491456985474,-0.18663892149925232,-0.04134570759327971,-0.02458137273788452,-0.1314479112625122,-0.025381328059154384,-0.025695741176605225,-0.11457180976867676,-0.006050420446115368
T,0.0,0.0,0.0,0.05023905634880066,-0.025045156478881836,-0.03302550412166738,0.08798271417617798,-0.10336899757385254,-0.04487228117335462,0.0689653754234314,-0.1813899576663971,-0.05393569267738485,0.040701210498809814,-0.22812139987945557,-0.05501301682937765,0.07464149594306946,-0.17581182718276978,-0.017739844540244576,0.08544644713401794,-0.2478007674217224,-0.057927475342637536,0.0777406394481659,-0.19509312510490417,-0.06994773171294355,0.06703203916549683,-0.15212994813919067,-0.0671445848738017,0.032942995429039,-0.1719721555709839,-0.01263185966212177,0.03941085934638977,-0.205996572971344,-0.04867061323869848,0.036179035902023315,-0.12007933855056763,-0.0448638620172801,0.03593137860298157,-0.11069345474243164,-0.030657664904481408,-0.003276035189628601,-0.16755890846252441,-0.015592369282728669,0.0002872645854949951,-0.19906970858573914,-0.054980401912814614,0.0038379132747650146,-0.11988109350204468,-0.038729039052611824,0.0033113211393356323,-0.10966223478317261,-0.015642215529567238,-0.04186335206031799,-0.15990662574768066,-0.021342950904852387,-0.03320828080177307,-0.1866186261177063,-0.04099066279280805,-0.024416089057922363,-0.13152992725372314,-0.025155088896042344,-0.024943560361862183,-0.11555933952331543,-0.0057867616732778515
T,0.0,0.0,0.0,0.04983077943325043,-0.02540498971939087,-0.03199154216216016,0.08869986236095428,-0.10272377729415894,-0.04358102086351323,0.07241763174533844,-0.18224957585334778,-0.052691020848016024,0.04384447634220123,-0.22908556461334229,-0.05397122058437276,0.0737002044916153,-0.17414188385009766,-0.016993901537517786,0.08490677177906036,-0.24684345722198486,-0.05698914158509183,0.0770421177148819,-0.19168621301651,-0.06893337968156743,0.06664992868900299,-0.14912503957748413,-0.06628815534875798,0.0327361524105072,-0.17010673880577087,-0.01234051662848401,0.039026036858558655,-0.20416513085365295,-0.04849609810278821,0.03542892634868622,-0.11863893270492554,-0.0452348597662251,0.034402236342430115,-0.11018109321594238,-0.03171986419127393,-0.0030625611543655396,-0.16527235507965088,-0.015537994758943796,0.00043582916259765625,-0.19753742218017578,-0.05493625703618932,0.0037105530500411987,-0.11839795112609863,-0.03857803049848485,0.0025827139616012573,-0.10778284072875977,-0.015608162464360475,-0.04141341149806976,-0.1573472023010254,-0.02140748578474927,-0.032688796520233154,-0.18469876050949097,-0.04126458692715573,-0.024094611406326294,-0.129705011844635,-0.025522622125009775,-0.025111913681030273,-0.1130935549736023,-0.006267405891577482
T,0.0,0.0,0.0,0.0500926673412323,-0.02490222454071045,-0.03270509261980692,0.08791643381118774,-0.10318952798843384,-0.04436239768162409,0.06944996118545532,-0.1820647120475769,-0.05325783212080637,0.04163318872451782,-0.2295396625995636,-0.05403601173654238,0.07418915629386902,-0.1745225489139557,-0.018538890223652515,0.0853596031665802,-0.24821478128433228,-0.05893095005646387,0.07733094692230225,-0.1929013431072235,-0.07063280959025064,0.06659606099128723,-0.1491355299949646,-0.0675678344477717,0.03267356753349304,-0.17025083303451538,-0.013523608263284359,0.03985118865966797,-0.20531535148620605,-0.05001233313575426,0.03596921265125275,-0.11820155382156372,-0.0460512468625609,0.035131022334098816,-0.10893815755844116,-0.0317162292112414,-0.0033073127269744873,-0.16575655341148376,-0.01647257227793375,0.0006744414567947388,-0.19857871532440186,-0.056001806448847447,0.0036855340003967285,-0.11836141347885132,-0.03913918305531183,0.0027732253074645996,-0.10769915580749512,-0.015632534216791782,-0.0416795015335083,-0.15862804651260376,-0.022172814052254353,-0.0329802930355072,-0.18612629175186157,-0.041788151304871235,-0.024352937936782837,-0.13060545921325684,-0.02557320315733591,-0.025060653686523438,-0.11414575576782227,-0.005912994783074055
T,0.0,0.0,0.0,0.04898734390735626,-0.025608360767364502,-0.031996475895226695,0.08720140159130096,-0.10363984107971191,-0.043843808015168406,0.06905041635036469,-0.18244865536689758,-0.05322011410194705,0.040519580245018005,-0.23011231422424316,-0.054767677923024394,0.07292641699314117,-0.17531710863113403,-0.017205328111828067,0.08428050577640533,-0.24835890531539917,-0.05736257730919192,0.07655395567417145,-0.1956195831298828,-0.06923956646519969,0.06571035087108612,-0.15358275175094604,-0.0664222262700207,0.03164190053939819,-0.17088335752487183,-0.012629383606196143,0.0385594516992569,-0.2046370804309845,-0.0491771347721226,0.035306885838508606,-0.11849826574325562,-0.045769540955603816,0.034528687596321106,-0.11012166738510132,-0.03189525230723689,-0.004143878817558289,-0.1659804880619049,-0.015916446586430766,-5.491077899932861e-05,-0.19795334339141846,-0.05610183103877375,0.0033183693885803223,-0.11844038963317871,-0.03995929508405993,0.002179369330406189,-0.10879242420196533,-0.016823087250173785,-0.042529597878456116,-0.15866154432296753,-0.02178830689686606,-0.03270357847213745,-0.18596410751342773,-0.04212435184913943,-0.024178877472877502,-0.1303378939628601,-0.02625101654726336,-0.025487616658210754,-0.1141614317893982,-0.006737526868761279
T,0.0,0.0,0.0,0.049051448702812195,-0.026424646377563477,-0.03234579530339943,0.08628921210765839,-0.10269331932067871,-0.0440672722158979,0.06813673675060272,-0.18081599473953247,-0.053198219507748945,0.040861353278160095,-0.228255957365036,-0.05448873829823242,0.07342518866062164,-0.17490875720977783,-0.017396672859604223,0.08332885801792145,-0.24702662229537964,-0.05733304214459167,0.0752311497926712,-0.19456231594085693,-0.0691973019836496,0.06480588018894196,-0.15184885263442993,-0.06635918956976639,0.03221884369850159,-0.170087069272995,-0.012484395175988539,0.037748679518699646,-0.20374146103858948,-0.048097451448256834,0.03445383906364441,-0.11867958307266235,-0.04432105389219032,0.03465506434440613,-0.1101372241973877,-0.03039254178088413,-0.0034540295600891113,-0.16518667340278625,-0.015517416640932424,-0.0010911822319030762,-0.19621604681015015,-0.05454770964365707,0.0022901296615600586,-0.11797267198562622,-0.03832229715567337,0.002208694815635681,-0.10805356502532959,-0.01543249957990156,-0.041684314608573914,-0.1571452021598816,-0.021277078658158644,-0.03441779315471649,-0.18447092175483704,-0.04074463736992584,-0.02576412260532379,-0.13001924753189087,-0.024888369485552175,-0.025729909539222717,-0.11340951919555664,-0.005550909552539451
T,0.0,0.0,0.0,0.04897552728652954,-0.026395797729492188,-0.03215362460392157,0.08581161499023438,-0.10222357511520386,-0.04356669963377158,0.06652417778968811,-0.17964953184127808,-0.052221226999932924,0.039048150181770325,-0.2262694239616394,-0.05288981230037848,0.07284283638000488,-0.17406272888183594,-0.01762687184887568,0.08290830254554749,-0.24560663104057312,-0.057524188915664354,0.07438057661056519,-0.19236737489700317,-0.06944647015112082,0.06435564160346985,-0.1501472294330597,-0.06675429225938956,0.031433820724487305,-0.16920611262321472,-0.012695355834836164,0.03704245388507843,-0.20336133241653442,-0.04817714125888983,0.03348362445831299,-0.11828404664993286,-0.0443157735564057,0.0341450572013855,-0.1099972128868103,-0.03035646074491183,-0.004328444600105286,-0.16446924209594727,-0.015687102014595666,-0.0018845945596694946,-0.1957244575023651,-0.05433264703529517,0.0013611912727355957,-0.1177600622177124,-0.03816438050048987,0.001859411597251892,-0.1088254451751709,-0.01540688940363566,-0.042330965399742126,-0.15667429566383362,-0.02140269384759108,-0.03496682643890381,-0.1827378273010254,-0.04023511291521231,-0.02608206868171692,-0.12869584560394287,-0.024371252889210382,-0.02577376365661621,-0.11334282159805298,-0.005207603359991708
T,0.0,0.0,0.0,0.048838481307029724,-0.025865018367767334,-0.0325646860897848,0.08502157032489777,-0.10277432203292847,-0.04364961147311419,0.06624864041805267,-0.1808699369430542,-0.05197672680023402,0.040489792823791504,-0.2289348840713501,-0.05230379238727778,0.07205630838871002,-0.17426031827926636,-0.01640816912058085,0.08145083487033844,-0.24568122625350952,-0.05632295593622416,0.07335908710956573,-0.19218921661376953,-0.06845183059576243,0.0638510137796402,-0.14946162700653076,-0.06584884360435694,0.03104601800441742,-0.16929659247398376,-0.011113103888959586,0.036000773310661316,-0.20302653312683105,-0.04685440048578471,0.03293129801750183,-0.11798954010009766,-0.04335885629060954,0.033880814909935,-0.10914599895477295,-0.029460867345363795,-0.004532739520072937,-0.16433635354042053,-0.013919112682373225,-0.002795994281768799,-0.1949365735054016,-0.053238516151935755,0.0008839666843414307,-0.11678463220596313,-0.037710910141498744,0.001789197325706482,-0.10745513439178467,-0.015060695298046767,-0.04222865402698517,-0.15643012523651123,-0.01943699218335837,-0.035404279828071594,-0.18236029148101807,-0.039187205433876215,-0.02644766867160797,-0.12807494401931763,-0.024087711647183596,-0.02578619122505188,-0.11242979764938354,-0.00520317111167401
T,0.0,0.0,0.0,0.04852853715419769,-0.025862812995910645,-0.03279472452226173,0.08469808101654053,-0.10200512409210205,-0.04397868674817573,0.06650838255882263,-0.17956224083900452,-0.052343502013115994,0.040257275104522705,-0.22696611285209656,-0.05276828568997871,0.07247471809387207,-0.17364105582237244,-0.016152560083298795,0.0809943675994873,-0.24409589171409607,-0.05578790542307388,0.0725303590297699,-0.19313624501228333,-0.06799737301292907,0.06341132521629333,-0.1509411334991455,-0.06553666975918304,0.03136336803436279,-0.16860780119895935,-0.01070372045609247,0.03579431772232056,-0.20143714547157288,-0.046088560788064115,0.03247275948524475,-0.1173439621925354,-0.04247206386747848,0.03390856087207794,-0.10861921310424805,-0.028522690130500905,-0.004112601280212402,-0.1636265218257904,-0.013409928722410314,-0.0030777305364608765,-0.19356906414031982,-0.05205465417924415,0.0004750192165374756,-0.116721510887146,-0.03641192924800407,0.0016619861125946045,-0.10773903131484985,-0.013897933369605653,-0.041549354791641235,-0.15554091334342957,-0.018937669066815488,-0.03537614643573761,-0.18100544810295105,-0.03808625724735748,-0.02673432230949402,-0.12775003910064697,-0.02290238004746925,-0.02606046199798584,-0.11259591579437256,-0.004102335615186803
T,0.0,0.0,0.0,0.04809483885765076,-0.027672231197357178,-0.03076509421256901,0.08391928672790527,-0.10565751791000366,-0.04068645311085106,0.06333371996879578,-0.18207451701164246,-0.048113162047542346,0.03615395724773407,-0.22813045978546143,-0.04799336416212441,0.07070153951644897,-0.1739041805267334,-0.015053665614999545,0.07878774404525757,-0.24555951356887817,-0.05374338699070336,0.06952545046806335,-0.19513985514640808,-0.06563024444071175,0.06032946705818176,-0.15343323349952698,-0.06315856648174645,0.02983669936656952,-0.16861218214035034,-0.010446851491309417,0.033486708998680115,-0.20188087224960327,-0.04455780831662537,0.029930949211120605,-0.11851298809051514,-0.040779522038377536,0.031837135553359985,-0.10869842767715454,-0.027223883546270145,-0.005550503730773926,-0.1630060076713562,-0.013696369133270991,-0.005023568868637085,-0.19432121515274048,-0.05170858500090958,-0.0015231966972351074,-0.11708253622055054,-0.03608016145912529,0.00011149048805236816,-0.10628688335418701,-0.013723541400707973,-0.04306437075138092,-0.1536329686641693,-0.01952983473924519,-0.03671225905418396,-0.18266883492469788,-0.038236486143745196,-0.028050899505615234,-0.1291685700416565,-0.022484287969149364,-0.02780105173587799,-0.1116986870765686,-0.0034039540917945033
T,0.0,0.0,0.0,0.04735039174556732,-0.02572578191757202,-0.031318849798765314,0.08330456912517548,-0.10277950763702393,-0.041774819519844186,0.06439818441867828,-0.17993173003196716,-0.04984230819019331,0.037510886788368225,-0.22589579224586487,-0.05007130178483976,0.07063783705234528,-0.17219406366348267,-0.014351122927394044,0.07897181808948517,-0.2434798777103424,-0.05324530127319349,0.06996361911296844,-0.19386383891105652,-0.06427263739379896,0.06125180423259735,-0.1533702313899994,-0.06106424230011953,0.030008465051651,-0.16755852103233337,-0.009561519984629285,0.033079594373703,-0.20093229413032532,-0.044778308745947015,0.0294886976480484,-0.11751657724380493,-0.040381065484609735,0.032319143414497375,-0.11063987016677856,-0.02565028789314283,-0.00492490828037262,-0.16298669576644897,-0.012838845987346303,-0.005236133933067322,-0.19291067123413086,-0.05184239792498602,-0.001965537667274475,-0.1160050630569458,-0.03571554916771902,0.0004772394895553589,-0.10773134231567383,-0.012522870589521062,-0.041854456067085266,-0.15522077679634094,-0.01881638440164579,-0.03652285039424896,-0.18047821521759033,-0.03834117102297796,-0.028459876775741577,-0.1271376609802246,-0.023050567981329095,-0.027320101857185364,-0.11191368103027344,-0.0039019201961423278
T,0.0,0.0,0.0,0.0469987690448761,-0.027657270431518555,-0.030901196488514415,0.08234405517578125,-0.10428184270858765,-0.04112612556792783,0.0625646710395813,-0.1803029477596283,-0.04902729120232152,0.03649243712425232,-0.22698426246643066,-0.04922359909988927,0.0696667730808258,-0.17248621582984924,-0.014542015345170967,0.07876858115196228,-0.24393683671951294,-0.05361212518192815,0.06901293992996216,-0.19381850957870483,-0.0651510405180602,0.06010329723358154,-0.15277615189552307,-0.06222786855079221,0.029040873050689697,-0.16700729727745056,-0.009727795684113971,0.03216521441936493,-0.19992634654045105,-0.04447459902741002,0.027949273586273193,-0.11694037914276123,-0.040388845914378635,0.031046688556671143,-0.1093105673789978,-0.026276241132393352,-0.005904734134674072,-0.16197076439857483,-0.01288893733300256,-0.006039083003997803,-0.1928243339061737,-0.05136527594305562,-0.003330811858177185,-0.11613070964813232,-0.03530909221746015,-0.0007703304290771484,-0.10660028457641602,-0.012445336283519737,-0.04288579523563385,-0.15365979075431824,-0.018693977111354343,-0.037174373865127563,-0.18106776475906372,-0.0376743125555663,-0.02937936782836914,-0.1276429295539856,-0.022005056106820575,-0.02850356698036194,-0.1108892560005188,-0.0027563733340798535
T,0.0,0.0,0.0,0.04700864851474762,-0.02633613348007202,-0.030925372373985738,0.08260367810726166,-0.10220503807067871,-0.041233487185763806,0.06326587498188019,-0.17800778150558472,-0.049173753467130155,0.03683638572692871,-0.22385713458061218,-0.04930760687284419,0.07068099081516266,-0.17117875814437866,-0.01465741520814845,0.07847778499126434,-0.24316027760505676,-0.054027817901896924,0.06887142360210419,-0.19299167394638062,-0.06555555364184329,0.06042982637882233,-0.152174711227417,-0.06258412053875873,0.030183911323547363,-0.16567254066467285,-0.00997375579618165,0.03245121240615845,-0.19867360591888428,-0.045404176917600125,0.02879992127418518,-0.11577773094177246,-0.041360135880040616,0.03249768912792206,-0.10875964164733887,-0.02702493196420619,-0.004793867468833923,-0.1607637107372284,-0.013306692932474107,-0.005437135696411133,-0.1904679238796234,-0.05253851762108752,-0.0024848729372024536,-0.11387687921524048,-0.03664240589432666,0.0006633400917053223,-0.10548901557922363,-0.01361688761107871,-0.04174940288066864,-0.15267378091812134,-0.019263636079358548,-0.03663794696331024,-0.1787882149219513,-0.03874164050512263,-0.028801053762435913,-0.1253407597541809,-0.02325336610965678,-0.02750621736049652,-0.10948961973190308,-0.003977617473083228
T,0.0,0.0,0.0,0.045720458030700684,-0.0322951078414917,-0.03136886134990391,0.0792304277420044,-0.10789865255355835,-0.040088834616028635,0.05899757146835327,-0.1816835105419159,-0.04568036496885952,0.0319393128156662,-0.22570934891700745,-0.04309371710070309,0.06677037477493286,-0.17680305242538452,-0.01470100730904278,0.07412901520729065,-0.2459622025489807,-0.053212533148609964,0.06534053385257721,-0.1952747106552124,-0.0651760533476704,0.057594746351242065,-0.15627485513687134,-0.06260400861748394,0.026887714862823486,-0.16980889439582825,-0.009305290321492521,0.029266953468322754,-0.2021397054195404,-0.041662792118870584,0.025526970624923706,-0.12090200185775757,-0.03769397214301762,0.02831152081489563,-0.11470812559127808,-0.024464343118154375,-0.007859691977500916,-0.16381549835205078,-0.012008296700798837,-0.008781775832176208,-0.19304519891738892,-0.048147989811980096,-0.005426779389381409,-0.11784446239471436,-0.033358035984122125,-0.0025606155395507812,-0.11040407419204712,-0.012109391766273347,-0.04428541660308838,-0.15398544073104858,-0.017460320519887773,-0.040499940514564514,-0.18145087361335754,-0.03373668566592869,-0.031314119696617126,-0.1307240128517151,-0.017866230013453333,-0.0300552099943161,-0.11472159624099731,0.0008040169229275307
T,0.0,0.0,0.0,0.04592210054397583,-0.027622640132904053,-0.03056213747294123,0.07973645627498627,-0.10470724105834961,-0.040681780535294365,0.06022992730140686,-0.18027284741401672,-0.04866744320423777,0.034533336758613586,-0.2266419231891632,-0.04898196946413691,0.06846809387207031,-0.17334437370300293,-0.01390661600561316,0.07464061677455902,-0.24532067775726318,-0.053186697173430275,0.06515420973300934,-0.1952516734600067,-0.06489524732859309,0.057731494307518005,-0.1542815864086151,-0.06206277872951205,0.028313547372817993,-0.16706088185310364,-0.009456365588619065,0.029720082879066467,-0.19976851344108582,-0.04491808753044779,0.026217132806777954,-0.11767548322677612,-0.04101116325290377,0.029743239283561707,-0.11062777042388916,-0.026694515008045983,-0.006276115775108337,-0.1612057089805603,-0.013035898316218208,-0.00832068920135498,-0.19120770692825317,-0.0522277515712517,-0.004662454128265381,-0.11503100395202637,-0.036340871113850426,-0.0012439340353012085,-0.10583949089050293,-0.013251946527077507,-0.042569294571876526,-0.1518801748752594,-0.019240330192758393,-0.03903008997440338,-0.17926716804504395,-0.03872547413737948,-0.030769512057304382,-0.12629562616348267,-0.023174938965155434,-0.028826400637626648,-0.10970669984817505,-0.0037567920382457487
T,0.0,0.0,0.0,0.0451790988445282,-0.031936585903167725,-0.030348288559736147,0.07821974158287048,-0.10868149995803833,-0.039224310511173144,0.05677849054336548,-0.1822504997253418,-0.045498161309780016,0.029277637600898743,-0.22573316097259521,-0.04390004157406224,0.06552359461784363,-0.17618519067764282,-0.013738457777918711,0.07203993201255798,-0.2466636598110199,-0.051708514535249606,0.06309168040752411,-0.19520846009254456,-0.06338579460364713,0.055539682507514954,-0.1563684642314911,-0.060932620161594286,0.02584148943424225,-0.16912293434143066,-0.009021872387648955,0.027722910046577454,-0.2014763355255127,-0.0416694569526328,0.02452276647090912,-0.12100976705551147,-0.038078735315622225,0.026793375611305237,-0.11515182256698608,-0.025188178488434687,-0.00864313542842865,-0.16256457567214966,-0.012187954702795878,-0.009944289922714233,-0.19268664717674255,-0.04868312432748212,-0.0061520785093307495,-0.1175660490989685,-0.03371804832798375,-0.0039353519678115845,-0.10943436622619629,-0.012305766077162161,-0.04494337737560272,-0.15219882130622864,-0.01797708562892808,-0.041026949882507324,-0.18110507726669312,-0.03493299587947263,-0.03206123411655426,-0.12979215383529663,-0.01905389755350484,-0.031281083822250366,-0.11321496963500977,-0.00023743682916688158
T,0.0,0.0,0.0,0.0464080274105072,-0.02831166982650757,-0.02898159514475651,0.07975059747695923,-0.10547101497650146,-0.03868606019128151,0.060128822922706604,-0.18071526288986206,-0.04658962863791771,0.03336179256439209,-0.22543638944625854,-0.0471900783788044,0.06682285666465759,-0.17235106229782104,-0.012941388257928566,0.07225798070430756,-0.2438231110572815,-0.05100683572996445,0.06343737244606018,-0.19602876901626587,-0.06231500285971947,0.055892571806907654,-0.1554318070411682,-0.059627243162282184,0.026802897453308105,-0.16583356261253357,-0.009090390832312778,0.02727183699607849,-0.19901570677757263,-0.043833789260276035,0.02538883686065674,-0.1176527738571167,-0.040065348924287036,0.0290604829788208,-0.108997642993927,-0.0261949569295723,-0.007524952292442322,-0.15957435965538025,-0.012922745042629913,-0.010183557868003845,-0.19093617796897888,-0.05166906941045113,-0.005296662449836731,-0.11514490842819214,-0.03590295913923569,-0.0020937323570251465,-0.10435199737548828,-0.013153962635584548,-0.04362130165100098,-0.14978361129760742,-0.019218015329130367,-0.040001869201660156,-0.17823117971420288,-0.03907254415858574,-0.031314268708229065,-0.1253984570503235,-0.023936818198450283,-0.02938319742679596,-0.10818475484848022,-0.004919772812314704
T,0.0,0.0,0.0,0.04509550333023071,-0.032798945903778076,-0.03006235848874894,0.07723969221115112,-0.10927695035934448,-0.038806557317684565,0.05634443461894989,-0.18257227540016174,-0.04500438984246102,0.028956100344657898,-0.22586143016815186,-0.043323788454245005,0.06398506462574005,-0.1756681203842163,-0.013361554255197916,0.07002472877502441,-0.24635660648345947,-0.0512954328557953,0.06149500608444214,-0.1955874264240265,-0.06280804019183961,0.05399075150489807,-0.15661433339118958,-0.06013601239533273,0.024608224630355835,-0.16767621040344238,-0.008770166558633719,0.025730669498443604,-0.20096173882484436,-0.04109012674302903,0.023134499788284302,-0.12069457769393921,-0.037273529579351816,0.025516748428344727,-0.1154816746711731,-0.024216690694402132,-0.009477481245994568,-0.16074997186660767,-0.012088323605667028,-0.011363744735717773,-0.1915273368358612,-0.048378325661133204,-0.007125765085220337,-0.11660951375961304,-0.03321082856268731,-0.004810109734535217,-0.10903608798980713,-0.011684130539606485,-0.045299969613552094,-0.14989709854125977,-0.018042012711475763,-0.042756348848342896,-0.17985203862190247,-0.03476235609264222,-0.033288732171058655,-0.12894809246063232,-0.018687164073298845,-0.032015055418014526,-0.11204838752746582,0.00021619248150273052
T,0.0,0.0,0.0,0.044045090675354004,-0.0321844220161438,-0.030250731055929236,0.07546606659889221,-0.10924577713012695,-0.03946296604473787,0.054043784737586975,-0.1829148530960083,-0.046262384523942046,0.027154579758644104,-0.22689813375473022,-0.04519553588826852,0.061886265873909,-0.177059143781662,-0.013242247646047645,0.06764395534992218,-0.24824565649032593,-0.05166490482289987,0.05974490940570831,-0.1975378394126892,-0.06352887781460481,0.05295798182487488,-0.15811407566070557,-0.06103643881280618,0.0226411372423172,-0.1691611111164093,-0.008520907854034476,0.023870721459388733,-0.20205625891685486,-0.04146072747309404,0.022017434239387512,-0.12161952257156372,-0.037767359187199645,0.024943530559539795,-0.1168372631072998,-0.0246266267647286,-0.011173352599143982,-0.16202285885810852,-0.011755881962670856,-0.012927204370498657,-0.1924521028995514,-0.048358705957724624,-0.007984861731529236,-0.11799031496047974,-0.033035484274222426,-0.005062296986579895,-0.11034965515136719,-0.011328618173791938,-0.046641841530799866,-0.15110838413238525,-0.017680079807831817,-0.04378777742385864,-0.1801491379737854,-0.03476384388406473,-0.0342237651348114,-0.1292533278465271,-0.018858305310203605,-0.03247825801372528,-0.11252641677856445,7.244027736419412e-05
T,0.0,0.0,0.0,0.044888079166412354,-0.030060231685638428,-0.03168797077864838,0.07778790593147278,-0.1083979606628418,-0.041605684480373384,0.058678582310676575,-0.18363231420516968,-0.04897013636559677,0.03130723536014557,-0.22734424471855164,-0.04844117122024727,0.06293380260467529,-0.17561084032058716,-0.014116582034830572,0.06816643476486206,-0.2454606294631958,-0.052759687921707155,0.06046822667121887,-0.1960429847240448,-0.06397012206048203,0.05332647264003754,-0.15594559907913208,-0.06090201022357178,0.024037346243858337,-0.1684989333152771,-0.008908454834227086,0.02418278157711029,-0.20180249214172363,-0.04383379923433495,0.023488357663154602,-0.11976218223571777,-0.03971717091530991,0.027183249592781067,-0.11178785562515259,-0.0253145839485569,-0.009521350264549255,-0.161687970161438,-0.01182800768197012,-0.012914121150970459,-0.19180291891098022,-0.05076087596148682,-0.007017478346824646,-0.11561745405197144,-0.034957598468963624,-0.003364771604537964,-0.10516989231109619,-0.01193893937647772,-0.04483582824468613,-0.15126502513885498,-0.017520367673341752,-0.04288889467716217,-0.17872455716133118,-0.03704965444535446,-0.03355047106742859,-0.12651073932647705,-0.021951484999362947,-0.03103010356426239,-0.10962837934494019,-0.0028844813748492015
T,0.0,0.0,0.0,0.04481421411037445,-0.02926623821258545,-0.030852182263373606,0.07713240385055542,-0.1083875298500061,-0.04047342991256642,0.05738374590873718,-0.18360471725463867,-0.04765488436245846,0.029686272144317627,-0.2265315055847168,-0.04689334561848568,0.061904922127723694,-0.1758238971233368,-0.013028560632704966,0.06755903363227844,-0.24561506509780884,-0.051118476742743724,0.06041586399078369,-0.19449687004089355,-0.0621649236025803,0.05310097336769104,-0.15453583002090454,-0.05923390989923405,0.022954627871513367,-0.1689738631248474,-0.008279146121680014,0.023725181818008423,-0.20209118723869324,-0.042502923363684886,0.023579686880111694,-0.12021523714065552,-0.03879779433631825,0.026440903544425964,-0.11413359642028809,-0.025040673518418544,-0.010642200708389282,-0.16197848320007324,-0.011509939523278945,-0.013064488768577576,-0.19188860058784485,-0.04984324654364514,-0.006619766354560852,-0.11590325832366943,-0.034438750201701396,-0.0038072913885116577,-0.10704857110977173,-0.012049394154786341,-0.04602164030075073,-0.15143179893493652,-0.017412176782130473,-0.04346231371164322,-0.17867645621299744,-0.0367195591869347,-0.033368825912475586,-0.1260538101196289,-0.0217485152723782,-0.031164780259132385,-0.10960155725479126,-0.0029621063339106968
T,0.0,0.0,0.0,0.044469043612480164,-0.029390454292297363,-0.03132638534506782,0.07680249214172363,-0.10810136795043945,-0.04125780438980087,0.056852832436561584,-0.18300461769104004,-0.04866185238560661,0.02930791676044464,-0.22617420554161072,-0.04802064424356445,0.061243847012519836,-0.17513078451156616,-0.014082352760937056,0.06633147597312927,-0.24624040722846985,-0.05262690981825813,0.06034420430660248,-0.19477197527885437,-0.0636617598493956,0.05383484065532684,-0.1545528769493103,-0.06051533868512138,0.022573232650756836,-0.16798162460327148,-0.009114316794779143,0.02345898747444153,-0.20181652903556824,-0.043253319468107065,0.02360054850578308,-0.1195366382598877,-0.03898842086991294,0.026375025510787964,-0.11472052335739136,-0.024784589316453776,-0.010785996913909912,-0.16128402948379517,-0.012220936026182017,-0.013272911310195923,-0.19095230102539062,-0.05048739736875518,-0.006583049893379211,-0.11474102735519409,-0.03458112677535041,-0.003437146544456482,-0.10673767328262329,-0.011802923995759329,-0.045930393040180206,-0.15123379230499268,-0.018077748026456675,-0.044093579053878784,-0.17880398035049438,-0.037042701747026285,-0.03381215035915375,-0.1262935996055603,-0.02156536294123157,-0.0313795804977417,-0.10960268974304199,-0.002386908409874877
T,0.0,0.0,0.0,0.04427477717399597,-0.034152328968048096,-0.028385805684962406,0.07576893270015717,-0.11207598447799683,-0.03679435027007116,0.056889474391937256,-0.1864493191242218,-0.043130279306211605,0.030048519372940063,-0.230133056640625,-0.04204793718818678,0.060775890946388245,-0.17629295587539673,-0.012469531755783692,0.06426507234573364,-0.24893641471862793,-0.05102847960952772,0.05876031517982483,-0.19745615124702454,-0.06415694651369108,0.055056825280189514,-0.1565207839012146,-0.06293116954330458,0.02313964068889618,-0.16860681772232056,-0.008397747550048962,0.022782400250434875,-0.2016746699810028,-0.04301367771986975,0.02301141619682312,-0.12186318635940552,-0.04124803167943014,0.026666060090065002,-0.11239767074584961,-0.029584594789781704,-0.010113000869750977,-0.16080623865127563,-0.011927712496259346,-0.013220489025115967,-0.19186735153198242,-0.04960093346599592,-0.006608039140701294,-0.1178165078163147,-0.035148505840339794,-0.002429082989692688,-0.10597413778305054,-0.013908260289468899,-0.045057713985443115,-0.14907431602478027,-0.017893810544052258,-0.04401373118162155,-0.18069392442703247,-0.036090434316434994,-0.03313663601875305,-0.1296377182006836,-0.020834157962241306,-0.02980080246925354,-0.11034208536148071,-0.0022126333991820957
T,0.0,0.0,0.0,0.044313669204711914,-0.033995628356933594,-0.02852131153292703,0.07626204192638397,-0.11119359731674194,-0.03736061143524694,0.05688852071762085,-0.183768630027771,-0.044159452494454854,0.029480785131454468,-0.2258073091506958,-0.04332934233195829,0.05894334614276886,-0.17840492725372314,-0.011941956419718736,0.06354230642318726,-0.249259352684021,-0.050534236308408254,0.058505281805992126,-0.19843819737434387,-0.06350630807526159,0.0534386932849884,-0.1580144166946411,-0.061972878005576604,0.020792514085769653,-0.17035514116287231,-0.008093039568734639,0.022587940096855164,-0.20294895768165588,-0.04147853615529584,0.022564008831977844,-0.12282919883728027,-0.038914251204801076,0.024422824382781982,-0.11568033695220947,-0.026723719265532964,-0.012334674596786499,-0.16221827268600464,-0.011979112465155595,-0.013715803623199463,-0.19234013557434082,-0.04822537216193723,-0.007429942488670349,-0.11845380067825317,-0.03311652975924062,-0.005071625113487244,-0.10901927947998047,-0.011824443068576329,-0.04706406593322754,-0.15006351470947266,-0.018450138222647183,-0.04530748724937439,-0.17964917421340942,-0.0352513595188384,-0.03460879623889923,-0.12930279970169067,-0.01934573712594556,-0.03200805187225342,-0.11206936836242676,-0.0005553563295279673
T,0.0,0.0,0.0,0.043618589639663696,-0.03720390796661377,-0.029470839300159923,0.07468436658382416,-0.11302107572555542,-0.03879000315905046,0.055578261613845825,-0.183929443359375,-0.0457023798906846,0.02723972499370575,-0.2248419225215912,-0.04494480858087968,0.05677005648612976,-0.18061482906341553,-0.013772130706314556,0.06212465465068817,-0.24977654218673706,-0.05254392395258378,0.05747878551483154,-0.19765156507492065,-0.06595522234678697,0.05245812237262726,-0.15785253047943115,-0.06465172091961335,0.018537551164627075,-0.17181318998336792,-0.009366239183549396,0.020999684929847717,-0.20416846871376038,-0.04238233039617967,0.02127784490585327,-0.12455928325653076,-0.04022780875206422,0.022532641887664795,-0.11753785610198975,-0.0286220933729453,-0.014637157320976257,-0.16328853368759155,-0.012594224647585861,-0.01577197015285492,-0.19412320852279663,-0.04806331241965722,-0.008885055780410767,-0.12061065435409546,-0.0332308493042035,-0.00670546293258667,-0.11021530628204346,-0.01240576966196727,-0.0493985116481781,-0.15033453702926636,-0.018484559603933803,-0.04759573936462402,-0.18048584461212158,-0.03436209330797624,-0.03624805808067322,-0.13106966018676758,-0.018174565159682743,-0.0337420254945755,-0.1129109263420105,0.000630730069275387
T,0.0,0.0,0.0,0.04432159662246704,-0.034981608390808105,-0.029646337713870707,0.07598136365413666,-0.11198252439498901,-0.038812010299238864,0.057338446378707886,-0.18417143821716309,-0.045601780276570025,0.02889399230480194,-0.22577744722366333,-0.04479155943897695,0.057992711663246155,-0.17869114875793457,-0.013611529704007808,0.06288941204547882,-0.24841096997261047,-0.05269798145798177,0.05808909237384796,-0.1969161033630371,-0.06574855254200429,0.05294850468635559,-0.1558995246887207,-0.06400803730991811,0.01989009976387024,-0.17080289125442505,-0.009201940830621425,0.0214826762676239,-0.2028639316558838,-0.04361890510824651,0.021913811564445496,-0.12247228622436523,-0.0413635361304614,0.023699849843978882,-0.11315923929214478,-0.02906182103959054,-0.013574838638305664,-0.1626523733139038,-0.012512433092865649,-0.015090420842170715,-0.1921808123588562,-0.04999773086217374,-0.008396223187446594,-0.11775290966033936,-0.035271341662678424,-0.006132751703262329,-0.1063033938407898,-0.01376102467236251,-0.04867587238550186,-0.15007978677749634,-0.018384412612590495,-0.046525418758392334,-0.179029643535614,-0.03610402227548093,-0.035805776715278625,-0.12833136320114136,-0.02047059194353551,-0.03344245254993439,-0.11046069860458374,-0.0015811438037189873
T,0.0,0.0,0.0,0.04341705143451691,-0.0342290997505188,-0.02939857575171345,0.0743664801120758,-0.11190873384475708,-0.03876465964191311,0.0545748770236969,-0.1827641725540161,-0.04590285602085942,0.026499003171920776,-0.22386601567268372,-0.04545297878854626,0.05647017061710358,-0.17888867855072021,-0.013115372835329708,0.06150004267692566,-0.24753990769386292,-0.051827896712950405,0.05686105787754059,-0.19550621509552002,-0.06482454421990269,0.05145663022994995,-0.15507721900939941,-0.06320986184351796,0.01818251609802246,-0.17086690664291382,-0.008798782108954128,0.019983962178230286,-0.20159631967544556,-0.042931102542809185,0.020998328924179077,-0.12172186374664307,-0.04082392188780659,0.022624105215072632,-0.11398619413375854,-0.02861478771143311,-0.015130192041397095,-0.16265380382537842,-0.012153708702555832,-0.016330644488334656,-0.1906144618988037,-0.049036171613863644,-0.009034901857376099,-0.1172415018081665,-0.034656215785673794,-0.0065439194440841675,-0.10780256986618042,-0.013508825889459786,-0.04993829131126404,-0.1506785750389099,-0.01806013318770283,-0.04706469178199768,-0.17802125215530396,-0.035457831202677426,-0.036306232213974,-0.12781882286071777,-0.020149493916562733,-0.03379024565219879,-0.11124783754348755,-0.0015183579881181686
T,0.0,0.0,0.0,0.04185102880001068,-0.03285682201385498,-0.03097846078128441,0.0727350264787674,-0.11085301637649536,-0.04147547388822659,0.05402059853076935,-0.18307161331176758,-0.04955188090355023,0.026643618941307068,-0.22636792063713074,-0.05009476745874508,0.05450274050235748,-0.1778106689453125,-0.015486332573004802,0.05925796926021576,-0.24764159321784973,-0.05492926666886433,0.055880025029182434,-0.19542843103408813,-0.06776428500563725,0.051039859652519226,-0.15459370613098145,-0.06586173454672917,0.016530439257621765,-0.1697419285774231,-0.010597559608527263,0.018378987908363342,-0.2003728747367859,-0.045862822778531154,0.02010771632194519,-0.11953651905059814,-0.04343811327964886,0.02168889343738556,-0.11166226863861084,-0.030736495725818713,-0.016579225659370422,-0.16137593984603882,-0.013487569041558345,-0.01812782883644104,-0.18871265649795532,-0.05176262462885006,-0.010227128863334656,-0.11482030153274536,-0.03686574006826504,-0.0074448734521865845,-0.10537457466125488,-0.015006081186243136,-0.05131597816944122,-0.14949768781661987,-0.018990323863931735,-0.04921962320804596,-0.1772950291633606,-0.03764909783751591,-0.03809596598148346,-0.12625563144683838,-0.02226187194139584,-0.035091474652290344,-0.1090119481086731,-0.003266204366468628
T,0.0,0.0,0.0,0.0420028418302536,-0.03362637758255005,-0.029502915263407203,0.07138343155384064,-0.11197370290756226,-0.03977478486322639,0.051676928997039795,-0.18257755041122437,-0.047955291390650245,0.024107202887535095,-0.22487515211105347,-0.04870268893265006,0.05256494879722595,-0.1773698329925537,-0.01519559235148904,0.05715097486972809,-0.2475529909133911,-0.05420032334350822,0.05454833805561066,-0.19474387168884277,-0.06699184891604659,0.049318596720695496,-0.1537231206893921,-0.06529166367673156,0.014677271246910095,-0.16843658685684204,-0.011202702343695137,0.017211809754371643,-0.1992303729057312,-0.04619441372179267,0.019499897956848145,-0.11888563632965088,-0.04422141057276008,0.019083663821220398,-0.1110718846321106,-0.032181771517031166,-0.01824791729450226,-0.15927273035049438,-0.014687840871744129,-0.019290223717689514,-0.18881559371948242,-0.05232410696171996,-0.010425001382827759,-0.11494177579879761,-0.037337305069200966,-0.009274423122406006,-0.10526895523071289,-0.01587793980561969,-0.053024157881736755,-0.14646416902542114,-0.02066961307846782,-0.0502600222826004,-0.17477405071258545,-0.03907056343578574,-0.03816904127597809,-0.12395477294921875,-0.023622844413154098,-0.03581734001636505,-0.1073104739189148,-0.00489164101728079
T,0.0,0.0,0.0,0.041952088475227356,-0.03342998027801514,-0.030296596909693108,0.07181018590927124,-0.11178714036941528,-0.04090486953668915,0.05302709341049194,-0.18228107690811157,-0.04928586001210533,0.02411048114299774,-0.22377949953079224,-0.05032712335400902,0.052754566073417664,-0.17724394798278809,-0.015565359244874344,0.05728892982006073,-0.247264564037323,-0.055022360036900864,0.05491720139980316,-0.1967446208000183,-0.06821194777899109,0.049689680337905884,-0.1557142734527588,-0.06656041483097397,0.014819175004959106,-0.16848236322402954,-0.011199553708365784,0.01753854751586914,-0.19923007488250732,-0.0464226056139978,0.020122617483139038,-0.11892396211624146,-0.044259459922841415,0.02000632882118225,-0.11020117998123169,-0.03180391828232132,-0.018231898546218872,-0.15963256359100342,-0.014492036054662094,-0.01906244456768036,-0.1882144808769226,-0.05247390384488426,-0.010375350713729858,-0.11469405889511108,-0.037608203689387665,-0.009385421872138977,-0.1047852635383606,-0.0159584425639423,-0.05303886532783508,-0.1471450924873352,-0.020361722658208237,-0.04985262453556061,-0.17520654201507568,-0.03875788042955719,-0.038172781467437744,-0.12492549419403076,-0.02327418069057785,-0.03619179129600525,-0.10823166370391846,-0.004401671445748434
T,0.0,0.0,0.0,0.04164445400238037,-0.03412365913391113,-0.02906519452290013,0.07019953429698944,-0.1109653115272522,-0.03921344036416485,0.05001963675022125,-0.18100613355636597,-0.0473554720933862,0.02187398076057434,-0.22390860319137573,-0.04844011644081547,0.05309931933879852,-0.17465686798095703,-0.01467605585412457,0.056824371218681335,-0.2445201873779297,-0.05399568284110501,0.053248509764671326,-0.19316625595092773,-0.06779333109216168,0.04928658902645111,-0.15101057291030884,-0.06681248450831845,0.015388712286949158,-0.16618132591247559,-0.010649629851741338,0.016576871275901794,-0.19913196563720703,-0.046203876828712964,0.018869563937187195,-0.12042444944381714,-0.045073098486227536,0.021023035049438477,-0.10816067457199097,-0.033459587937159085,-0.017981380224227905,-0.1576085090637207,-0.014086884429616475,-0.019900858402252197,-0.18751293420791626,-0.051917443966431165,-0.012463808059692383,-0.11589980125427246,-0.03784333074645474,-0.010191917419433594,-0.10485142469406128,-0.016778542643351102,-0.05277259647846222,-0.1456471085548401,-0.01992987746552899,-0.049978747963905334,-0.17511940002441406,-0.037902752852005506,-0.039736732840538025,-0.12565714120864868,-0.0228285332973428,-0.03747023642063141,-0.10868024826049805,-0.004434840271187568
T,0.0,0.0,0.0,0.041141003370285034,-0.03294670581817627,-0.029233349595756408,0.07039353251457214,-0.10815620422363281,-0.04030597034522998,0.05151987075805664,-0.17904239892959595,-0.0494725798411082,0.022741511464118958,-0.22215741872787476,-0.05161036003062236,0.0527995228767395,-0.1738561987876892,-0.015206639763505336,0.058162033557891846,-0.24177077412605286,-0.05365050408670413,0.05439172685146332,-0.1882982850074768,-0.06685488123127925,0.04899977147579193,-0.14855194091796875,-0.06599675316044795,0.014601320028305054,-0.1653810739517212,-0.011292404603750583,0.01690766215324402,-0.19573146104812622,-0.04611918527314174,0.01960653066635132,-0.11749011278152466,-0.04526872757503497,0.019287675619125366,-0.10954469442367554,-0.03450098830887782,-0.01853993535041809,-0.15602421760559082,-0.014570667516977664,-0.019607603549957275,-0.18473422527313232,-0.051553553078861114,-0.011057808995246887,-0.11367487907409668,-0.03727932098934161,-0.010764792561531067,-0.10504209995269775,-0.016745105494351264,-0.053062498569488525,-0.1433456540107727,-0.020254260037631866,-0.04900285601615906,-0.17107689380645752,-0.03797501150199878,-0.03827577829360962,-0.12231236696243286,-0.023040032122821685,-0.03792388737201691,-0.10724598169326782,-0.005093345527143356
T,0.0,0.0,0.0,0.040925174951553345,-0.031025171279907227,-0.02929613409509102,0.06988982856273651,-0.10705608129501343,-0.0398014899896566,0.05078241229057312,-0.1773451566696167,-0.04822799606193939,0.022749751806259155,-0.2205345630645752,-0.04962865678538719,0.05324271321296692,-0.17428696155548096,-0.013855423274833356,0.0580066442489624,-0.23985540866851807,-0.05177622703780571,0.054630666971206665,-0.1877152919769287,-0.064966377298731,0.05007050931453705,-0.14841759204864502,-0.06420246181954781,0.015131130814552307,-0.16570258140563965,-0.009823666382033025,0.017258763313293457,-0.19669008255004883,-0.0445363190578405,0.02050180733203888,-0.11992663145065308,-0.04422183750142494,0.02102908492088318,-0.11135995388031006,-0.03358446476926247,-0.01808856427669525,-0.15654706954956055,-0.013076263907748853,-0.0195588618516922,-0.18379449844360352,-0.05038532284964958,-0.010911107063293457,-0.11406171321868896,-0.03735398916472832,-0.009981885552406311,-0.10663986206054688,-0.017472671772736703,-0.052128687500953674,-0.14443868398666382,-0.018659631218213235,-0.048238605260849,-0.17110401391983032,-0.03688757536878029,-0.0381762832403183,-0.1219557523727417,-0.02284055059720913,-0.03788222372531891,-0.10749304294586182,-0.0054510812828425514
T,0.0,0.0,0.0,0.041715532541275024,-0.029510140419006348,-0.02998994695121837,0.07076546549797058,-0.103829026222229,-0.040765403156228786,0.05288088321685791,-0.17480909824371338,-0.04933724025363517,0.027005940675735474,-0.22067219018936157,-0.050840614681192164,0.05458065867424011,-0.17236101627349854,-0.014479216505833392,0.059749722480773926,-0.23812353610992432,-0.05229953894490791,0.05597534775733948,-0.18913501501083374,-0.06480276430124832,0.05148589611053467,-0.1506531834602356,-0.06341829741472793,0.016448020935058594,-0.16421401500701904,-0.009842091557629828,0.01901225745677948,-0.19494277238845825,-0.04479978451604438,0.021619558334350586,-0.11690056324005127,-0.04353336835379196,0.02279415726661682,-0.10754519701004028,-0.03201985577220512,-0.016640305519104004,-0.15565383434295654,-0.012595743258543735,-0.01778876781463623,-0.18278896808624268,-0.050359184240051036,-0.010004952549934387,-0.11263459920883179,-0.03666250253195358,-0.008742809295654297,-0.10448336601257324,-0.016103828643508677,-0.05040097236633301,-0.14426159858703613,-0.017700892259426837,-0.046534955501556396,-0.17162364721298218,-0.03633123109216285,-0.03698158264160156,-0.12209808826446533,-0.022279840280361896,-0.03680633008480072,-0.10736042261123657,-0.004755893574156289
T,0.0,0.0,0.0,0.04158307611942291,-0.027284741401672363,-0.03099394414005019,0.07123273611068726,-0.10215801000595093,-0.0421064403968785,0.05311751365661621,-0.1742369532585144,-0.050755275519463794,0.027897149324417114,-0.22126322984695435,-0.051869506122443454,0.055087074637413025,-0.1726282835006714,-0.015334418149564044,0.060299068689346313,-0.23904341459274292,-0.05374814394292571,0.057226479053497314,-0.18889063596725464,-0.0655504857319329,0.05265417695045471,-0.15036261081695557,-0.06328060674843528,0.016833513975143433,-0.16494649648666382,-0.010298078985783832,0.020316973328590393,-0.19560956954956055,-0.0452652481513951,0.022629722952842712,-0.11583757400512695,-0.042865270854804294,0.023346632719039917,-0.1096763014793396,-0.030202241720530765,-0.01622292399406433,-0.15723389387130737,-0.012908832276139037,-0.016551285982131958,-0.18358010053634644,-0.05095297667560317,-0.00868457555770874,-0.11209917068481445,-0.03645949635085799,-0.00743432343006134,-0.10660827159881592,-0.015121611872586982,-0.05010683834552765,-0.14676153659820557,-0.01799103255746104,-0.04598209261894226,-0.17252647876739502,-0.03661210286793448,-0.03614090383052826,-0.12212634086608887,-0.022089440481636302,-0.03611603379249573,-0.10867029428482056,-0.004051601620290057
T,0.0,0.0,0.0,0.042403846979141235,-0.026446998119354248,-0.03046622207693872,0.07316091656684875,-0.10224908590316772,-0.041801852046774,0.05518266558647156,-0.17494451999664307,-0.050927710592077347,0.029544249176979065,-0.22225064039230347,-0.05284984490208444,0.05693650245666504,-0.17197412252426147,-0.01501042662494001,0.062473446130752563,-0.23809295892715454,-0.0535520844750863,0.05900117754936218,-0.188279390335083,-0.06542320629887399,0.054184019565582275,-0.1486005187034607,-0.06329741409354028,0.018426701426506042,-0.16477680206298828,-0.010407079815195175,0.021829649806022644,-0.19514405727386475,-0.04649618348412332,0.024040639400482178,-0.1144987940788269,-0.04441240882806596,0.025247737765312195,-0.10555785894393921,-0.0316295706325036,-0.01492491364479065,-0.15705567598342896,-0.01336806068502483,-0.015051573514938354,-0.1819443702697754,-0.052769888996408554,-0.0074574947357177734,-0.11016136407852173,-0.038659599482343765,-0.005990073084831238,-0.10369324684143066,-0.017200537829921814,-0.0490986704826355,-0.14682471752166748,-0.018618921621964546,-0.044136568903923035,-0.1715257167816162,-0.0386641108088952,-0.03482788801193237,-0.12013411521911621,-0.024672188668773742,-0.03449724614620209,-0.10659486055374146,-0.006743568799720379
T,0.0,0.0,0.0,0.04263155162334442,-0.028198301792144775,-0.03018793624877958,0.07357989251613617,-0.10323673486709595,-0.041872786107063575,0.0562082976102829,-0.17535465955734253,-0.051356876018047615,0.029453381896018982,-0.22215038537979126,-0.05366884333133726,0.05758927762508392,-0.1728302240371704,-0.015514833601713462,0.06352852284908295,-0.23838508129119873,-0.05421533596754102,0.060416415333747864,-0.19000297784805298,-0.06653660324454336,0.05540962517261505,-0.15031760931015015,-0.0646141448342803,0.01867981255054474,-0.16512101888656616,-0.01113442678988008,0.023146867752075195,-0.19606566429138184,-0.04650924888491659,0.02516324818134308,-0.11557602882385254,-0.04427326631784467,0.02594335377216339,-0.10635185241699219,-0.03164563489198713,-0.01498250663280487,-0.15730828046798706,-0.014231511140764042,-0.013921871781349182,-0.18379205465316772,-0.052383305253982826,-0.0065328627824783325,-0.11269968748092651,-0.037728039296865745,-0.005964100360870361,-0.10569792985916138,-0.016327999281287475,-0.049655452370643616,-0.14687389135360718,-0.019704796122908874,-0.04351422190666199,-0.1729189157485962,-0.03825779792904882,-0.034049972891807556,-0.12281680107116699,-0.023331418382525726,-0.0347742885351181,-0.10898703336715698,-0.00508985876157908
T,0.0,0.0,0.0,0.045069992542266846,-0.02720201015472412,-0.02826375028561756,0.07704293727874756,-0.10225600004196167,-0.040422961846701355,0.057266950607299805,-0.17316144704818726,-0.0509138710654895,0.030465051531791687,-0.21970057487487793,-0.054694314286820145,0.06077980995178223,-0.1676485538482666,-0.017685797796360703,0.0686730444431305,-0.23582777380943298,-0.05616423933278725,0.06363758444786072,-0.188154399394989,-0.06790483070980713,0.05603635311126709,-0.14760565757751465,-0.06589657141338989,0.020994246006011963,-0.16173338890075684,-0.014371787928752155,0.025275379419326782,-0.18969672918319702,-0.05100029780041382,0.026094213128089905,-0.10850679874420166,-0.04865888579260513,0.026250243186950684,-0.09618353843688965,-0.036089830831400604,-0.012983933091163635,-0.1555376648902893,-0.01800265236269638,-0.013148382306098938,-0.18246573209762573,-0.056022242442480774,-0.0061281174421310425,-0.11072403192520142,-0.04038440881740257,-0.004763960838317871,-0.10113221406936646,-0.018638453245870323,-0.04787035286426544,-0.14748704433441162,-0.02380753754150078,-0.04251457750797272,-0.17326140403747559,-0.04281950070034668,-0.03308820724487305,-0.12163054943084717,-0.027839335412494393,-0.03195004165172577,-0.10735058784484863,-0.009558570370785446
T,0.0,0.0,0.0,0.0457344651222229,-0.02514857053756714,-0.03036240474625629,0.07830891013145447,-0.09941709041595459,-0.04347168826802772,0.05929180979728699,-0.17326247692108154,-0.05466529527052444,0.03254970908164978,-0.2211683988571167,-0.05862354659780067,0.06248924136161804,-0.16844522953033447,-0.016145525363526758,0.06987392902374268,-0.2347310185432434,-0.055700963226399836,0.06569486856460571,-0.1863425374031067,-0.06741779097660583,0.059073060750961304,-0.14635205268859863,-0.06501217731579345,0.022774100303649902,-0.16355949640274048,-0.011920061757109579,0.027601435780525208,-0.1936577558517456,-0.048969825593076166,0.028861820697784424,-0.11084485054016113,-0.04589458727582496,0.03000277280807495,-0.10165321826934814,-0.032261477646670755,-0.011656507849693298,-0.1577494740486145,-0.015243005802176413,-0.009753316640853882,-0.1833096742630005,-0.055403513697228846,-0.003382861614227295,-0.11046165227890015,-0.039807507631621775,-0.0028659850358963013,-0.10360735654830933,-0.01726219975694221,-0.04755479097366333,-0.14996594190597534,-0.02082562991722625,-0.039376676082611084,-0.1732373833656311,-0.041302649167619165,-0.03072546422481537,-0.12095481157302856,-0.02670634896799129,-0.03169642388820648,-0.10851234197616577,-0.008298515205524382
T,0.0,0.0,0.0,0.046142786741256714,-0.02352142333984375,-0.02960625332028144,0.08003616333007812,-0.09949195384979248,-0.04274320084780925,0.060645222663879395,-0.17378640174865723,-0.05414317775696986,0.03280004858970642,-0.22153693437576294,-0.058479378411476546,0.06246471405029297,-0.16715162992477417,-0.016573660487239295,0.07178094983100891,-0.23432821035385132,-0.055761525819008284,0.06744402647018433,-0.18570518493652344,-0.0672700092586922,0.05936288833618164,-0.14636951684951782,-0.06494530145258182,0.022245511412620544,-0.16310173273086548,-0.012771112324600153,0.029467731714248657,-0.19195890426635742,-0.049619524219934874,0.03031456470489502,-0.1081470251083374,-0.046459185371105605,0.029118776321411133,-0.09903091192245483,-0.033003932276670866,-0.012317851185798645,-0.15759140253067017,-0.01632313285202258,-0.00843454897403717,-0.1836521029472351,-0.0562187679502415,-0.0019247233867645264,-0.10977345705032349,-0.04056342546076053,-0.0032924264669418335,-0.10269993543624878,-0.01823939424187415,-0.04831427335739136,-0.1506327986717224,-0.021991905236546927,-0.0375760942697525,-0.1732807755470276,-0.04251358885497325,-0.02877020835876465,-0.1204480528831482,-0.027996454799477988,-0.031113147735595703,-0.10853797197341919,-0.009794354850356513
T,0.0,0.0,0.0,0.04650479555130005,-0.0223846435546875,-0.02970303458454282,0.08103182911872864,-0.09722143411636353,-0.042670641590973446,0.06248369812965393,-0.1708160638809204,-0.05389795129480035,0.03562834858894348,-0.218874990940094,-0.058049276967665264,0.06307294964790344,-0.1663419008255005,-0.016504750152250836,0.07354468107223511,-0.23200786113739014,-0.05591984142841966,0.06916099786758423,-0.18295621871948242,-0.0675982837873903,0.06103399395942688,-0.14431148767471313,-0.06543068637432725,0.02260226011276245,-0.16273534297943115,-0.012737293292900631,0.03094315528869629,-0.19092845916748047,-0.05015010436358125,0.031571000814437866,-0.1076192855834961,-0.04744149794163377,0.030040234327316284,-0.09923934936523438,-0.03420861115040452,-0.012144625186920166,-0.1576407551765442,-0.016342953344008038,-0.0071107447147369385,-0.18269914388656616,-0.05699717675628335,-0.001097843050956726,-0.10872101783752441,-0.041837685306688854,-0.0030311942100524902,-0.10243791341781616,-0.019658282895704815,-0.04822671413421631,-0.15103214979171753,-0.02201568198682935,-0.035936594009399414,-0.17277634143829346,-0.04321993192019136,-0.027786076068878174,-0.11965638399124146,-0.029152079050561497,-0.030983060598373413,-0.10849660634994507,-0.011147635554095814
T,0.0,0.0,0.0,0.047312408685684204,-0.019593000411987305,-0.030690349986571164,0.08298572897911072,-0.0939110517501831,-0.04355274734439263,0.06489497423171997,-0.16940808296203613,-0.054323429589885563,0.03887215256690979,-0.21927016973495483,-0.05788087320865998,0.06558346748352051,-0.1635655164718628,-0.01707506400884995,0.07725316286087036,-0.23083260655403137,-0.05691680533232102,0.07258251309394836,-0.17997926473617554,-0.06876071391047844,0.06375458836555481,-0.14166682958602905,-0.06670636532248864,0.025615811347961426,-0.16134339570999146,-0.012808810336309762,0.034097105264663696,-0.19114655256271362,-0.050759481614250035,0.03442651033401489,-0.10735046863555908,-0.04834840295256981,0.032644033432006836,-0.09851616621017456,-0.035268685197252125,-0.00922316312789917,-0.1571677327156067,-0.016067734336274953,-0.004000052809715271,-0.18224024772644043,-0.05743590963425049,0.001371622085571289,-0.1070479154586792,-0.04244713333787331,-0.0007510930299758911,-0.10045665502548218,-0.020158907746690602,-0.045610204339027405,-0.1515103578567505,-0.021424193283337445,-0.03324948251247406,-0.1720089316368103,-0.04309642535986313,-0.025387942790985107,-0.11791133880615234,-0.02925201167704472,-0.02870546281337738,-0.10667622089385986,-0.011321982716935963
T,0.0,0.0,0.0,0.04896308481693268,-0.01941162347793579,-0.03158741233130513,0.08418221771717072,-0.0932241678237915,-0.04477203426142751,0.06465984880924225,-0.1692441701889038,-0.055704740557871446,0.039460912346839905,-0.21958768367767334,-0.059250378731690034,0.06665079295635223,-0.16521483659744263,-0.015531458642385587,0.07761143147945404,-0.2313249111175537,-0.05544095275183736,0.07323767244815826,-0.17969948053359985,-0.06830923048039494,0.06465588510036469,-0.14041143655776978,-0.06717791942139684,0.02647586166858673,-0.1638893485069275,-0.010944935243628606,0.03578667342662811,-0.1943514347076416,-0.04904683468123494,0.03578193485736847,-0.11090385913848877,-0.04809257921954213,0.03360201418399811,-0.10192161798477173,-0.03607702789088307,-0.008660435676574707,-0.15980947017669678,-0.014036373917065248,-0.00294533371925354,-0.18521195650100708,-0.055328024301729783,0.0026554763317108154,-0.11048197746276855,-0.041395725432835206,0.0006610453128814697,-0.10401535034179688,-0.01994466942926465,-0.045582160353660583,-0.15396064519882202,-0.019365600992045984,-0.032884374260902405,-0.1728631854057312,-0.04138322708388387,-0.02459840476512909,-0.11970597505569458,-0.028474395845137224,-0.027695253491401672,-0.10976707935333252,-0.01128563166787444
T,0.0,0.0,0.0,0.04874920845031738,-0.020102322101593018,-0.03180405948026532,0.08379456400871277,-0.09216815233230591,-0.04471433240635747,0.06676340103149414,-0.16796952486038208,-0.05512736070616597,0.042709022760391235,-0.21897578239440918,-0.058182508532837574,0.06809920072555542,-0.16757410764694214,-0.01592555347545499,0.07911443710327148,-0.2324291169643402,-0.056249023263291065,0.07410827279090881,-0.18087774515151978,-0.06953017864091748,0.06609898805618286,-0.1416723132133484,-0.06839004609449262,0.027783453464508057,-0.16568464040756226,-0.011110416461661998,0.037297219038009644,-0.1959637999534607,-0.049814850871399585,0.036514341831207275,-0.11282956600189209,-0.04945213798148984,0.03489580750465393,-0.10299539566040039,-0.03742679286463613,-0.007573127746582031,-0.1614375114440918,-0.013946617801622097,-0.001877903938293457,-0.18320268392562866,-0.05567366335256452,0.0031767040491104126,-0.10895699262619019,-0.042523790930346195,0.0017783641815185547,-0.10265082120895386,-0.021169747074083034,-0.04415005445480347,-0.15490418672561646,-0.01898671019537801,-0.032348304986953735,-0.17183494567871094,-0.04072836864455098,-0.02405601739883423,-0.11877506971359253,-0.027677523751691524,-0.02687068283557892,-0.10817480087280273,-0.010167279128864948
T,0.0,0.0,0.0,0.04866872727870941,-0.020406484603881836,-0.03200988794938553,0.08364622294902802,-0.09292739629745483,-0.04457017730251778,0.06610645353794098,-0.16869163513183594,-0.054570842043318635,0.04247559607028961,-0.21900451183319092,-0.0570266241885804,0.06720013916492462,-0.17007726430892944,-0.015459492311634904,0.07817928493022919,-0.23501688241958618,-0.05553910459653366,0.07405398786067963,-0.18116050958633423,-0.06857010673061836,0.06682391464710236,-0.14150196313858032,-0.06724877606407631,0.02680860459804535,-0.16808182001113892,-0.010458713837721234,0.035665079951286316,-0.1973710060119629,-0.04835564221517075,0.03535996377468109,-0.11431944370269775,-0.04776028122083176,0.03416420519351959,-0.10633498430252075,-0.03583354453817833,-0.008572712540626526,-0.1634150743484497,-0.013210821405806428,-0.003494367003440857,-0.18387848138809204,-0.05445570449606407,0.002057597041130066,-0.10961741209030151,-0.04154457847849358,0.0013638883829116821,-0.10460054874420166,-0.020551179976024514,-0.0449243038892746,-0.15614384412765503,-0.0182094718076371,-0.034286051988601685,-0.17286157608032227,-0.03983250583783615,-0.025370731949806213,-0.1195840835571289,-0.027012735114254838,-0.02736516296863556,-0.10900461673736572,-0.009698419340708142
T,0.0,0.0,0.0,0.048585087060928345,-0.02052849531173706,-0.03222513460787013,0.08458462357521057,-0.09422922134399414,-0.044708727684337646,0.06702032685279846,-0.17074692249298096,-0.05453038105042651,0.04202669858932495,-0.22039437294006348,-0.05683819093974307,0.06769818067550659,-0.1704500913619995,-0.01607710198732093,0.07904389500617981,-0.23623889684677124,-0.05594430008204654,0.0745590329170227,-0.18185019493103027,-0.06845422723563388,0.06684347987174988,-0.14269578456878662,-0.06674299278529361,0.027392715215682983,-0.16765153408050537,-0.011026905674953014,0.036357372999191284,-0.197060227394104,-0.04861402401002124,0.035703837871551514,-0.11407387256622314,-0.04785059654386714,0.0337027907371521,-0.10752195119857788,-0.03592614346416667,-0.007839620113372803,-0.16271138191223145,-0.01368363742949441,-0.003093540668487549,-0.18482309579849243,-0.05511138477595523,0.0022934526205062866,-0.10977596044540405,-0.042124717321712524,0.0009940117597579956,-0.10514575242996216,-0.021088748064357787,-0.044545531272888184,-0.1555546522140503,-0.018529060122091323,-0.03447991609573364,-0.17432129383087158,-0.04036157840164378,-0.02525201439857483,-0.12006968259811401,-0.027224694204051048,-0.027062267065048218,-0.10856592655181885,-0.009682715695817024
T,0.0,0.0,0.0,0.04819856584072113,-0.020204007625579834,-0.03240415298779453,0.08490081131458282,-0.09509420394897461,-0.04487814599116291,0.06824736297130585,-0.172294020652771,-0.054729404239253654,0.04334278404712677,-0.22247320413589478,-0.057128375707463874,0.06773053109645844,-0.17096585035324097,-0.016730582652883186,0.07980959117412567,-0.23680895566940308,-0.05684587576826061,0.07494960725307465,-0.18291229009628296,-0.069377484111385,0.0665440708398819,-0.14346462488174438,-0.0675970635696217,0.027603819966316223,-0.16826677322387695,-0.01163181134899105,0.03638125956058502,-0.19639718532562256,-0.04973647215803112,0.03549416363239288,-0.11406248807907104,-0.04909546145637478,0.03376038372516632,-0.10780173540115356,-0.03718294793208088,-0.007501348853111267,-0.16328096389770508,-0.014249290650980129,-0.003181174397468567,-0.18420374393463135,-0.056415183780984535,0.0021564215421676636,-0.10938757658004761,-0.043759132115440025,0.001453399658203125,-0.10504460334777832,-0.02277249501486267,-0.04403056204319,-0.15646719932556152,-0.019017799137429847,-0.03428967297077179,-0.17410492897033691,-0.041528513966397895,-0.024956360459327698,-0.11970686912536621,-0.028719365908102645,-0.025846317410469055,-0.10842359066009521,-0.011263499347762718
T,0.0,0.0,0.0,0.04835222661495209,-0.02205103635787964,-0.0308546745072249,0.08451025187969208,-0.09742945432662964,-0.043340418938839775,0.06777824461460114,-0.17401695251464844,-0.05366718814178739,0.04240472614765167,-0.223393052816391,-0.056891557280266625,0.06765089929103851,-0.17050904035568237,-0.01630115740402971,0.0795765370130539,-0.23738446831703186,-0.05615785763069425,0.07428665459156036,-0.1839190125465393,-0.0689385388831738,0.0658615380525589,-0.14364677667617798,-0.06736235365673338,0.027183130383491516,-0.16729295253753662,-0.011844392385626179,0.0360482782125473,-0.1965675950050354,-0.04905807644530569,0.03457961976528168,-0.1151854395866394,-0.04802105620905195,0.032623693346977234,-0.10785669088363647,-0.036171600673640114,-0.008131757378578186,-0.16215479373931885,-0.014870924394870144,-0.003535524010658264,-0.18618839979171753,-0.05592116386100088,0.0012192875146865845,-0.11182302236557007,-0.042501017902338845,-0.00012107193470001221,-0.10523432493209839,-0.021354830343568665,-0.044779956340789795,-0.1550222635269165,-0.01998806789919172,-0.03458157181739807,-0.17555326223373413,-0.042013586018526894,-0.02569715678691864,-0.12135452032089233,-0.0286956750641707,-0.026784256100654602,-0.10850578546524048,-0.01098697863920961
T,0.0,0.0,0.0,0.04702936112880707,-0.022762715816497803,-0.030182019043365926,0.08444388210773468,-0.09846764802932739,-0.042848099190393896,0.0666411966085434,-0.17400908470153809,-0.05347275378147742,0.04012696444988251,-0.2211264669895172,-0.057223648000160665,0.07055069506168365,-0.16671055555343628,-0.017558762970963926,0.08014635741710663,-0.23536860942840576,-0.0552479216639199,0.07470954954624176,-0.18361616134643555,-0.066490024495522,0.06657327711582184,-0.14478617906570435,-0.06452589498798034,0.029766276478767395,-0.16477596759796143,-0.01314530538360259,0.0350312739610672,-0.19533753395080566,-0.04909682663122794,0.03482310473918915,-0.11487329006195068,-0.04671330766717574,0.03497569262981415,-0.1063184142112732,-0.03438014553825042,-0.0063601285219192505,-0.16057109832763672,-0.015876643526951284,-0.0037274956703186035,-0.18823575973510742,-0.05518128367106101,0.0017811506986618042,-0.11417078971862793,-0.04024039225618026,0.002189323306083679,-0.10411828756332397,-0.018480422142545194,-0.04409541189670563,-0.15449613332748413,-0.020787481385866613,-0.03498946130275726,-0.1793748140335083,-0.04214650409261367,-0.026180177927017212,-0.12672507762908936,-0.02874758483807227,-0.025663748383522034,-0.11226838827133179,-0.011132111008862466
T,0.0,0.0,0.0,0.048343807458877563,-0.01832336187362671,-0.0307710863635009,0.08676418662071228,-0.09363055229187012,-0.04362377188951427,0.06966951489448547,-0.1717178225517273,-0.054255340619391745,0.04210543632507324,-0.2199857234954834,-0.05764536596686298,0.07104671001434326,-0.16255635023117065,-0.018171305207914656,0.08129742741584778,-0.23430463671684265,-0.058044173194474524,0.07535156607627869,-0.18054378032684326,-0.0699800107613271,0.06726548075675964,-0.14125031232833862,-0.06811048127562458,0.030587971210479736,-0.16110539436340332,-0.014205159990495986,0.036211639642715454,-0.19247302412986755,-0.052834239228076285,0.034531086683273315,-0.11026585102081299,-0.05134189538509304,0.03361573815345764,-0.10359746217727661,-0.03894376791865284,-0.00511595606803894,-0.1580052375793457,-0.0176000840947097,-0.0031449198722839355,-0.18597006797790527,-0.06005381829888279,0.0017340481281280518,-0.10916274785995483,-0.04552820362002308,0.002416864037513733,-0.102428138256073,-0.023380201680964774,-0.04238942265510559,-0.15351885557174683,-0.023063755033916777,-0.03355884552001953,-0.17285948991775513,-0.04700953923017437,-0.024595320224761963,-0.11642247438430786,-0.03410766683370525,-0.023684769868850708,-0.10417908430099487,-0.016357446460432357
T,0.0,0.0,0.0,0.046575501561164856,-0.020097315311431885,-0.030190907445955872,0.08582179248332977,-0.09557074308395386,-0.042614413452554345,0.06982310116291046,-0.1744096875190735,-0.052788196158815026,0.04190652072429657,-0.22271323204040527,-0.055911747765946984,0.07174094021320343,-0.16375517845153809,-0.018119694692302346,0.08181680738925934,-0.23569270968437195,-0.05661339874308169,0.07573138177394867,-0.186286062002182,-0.0674955379490143,0.06764711439609528,-0.14682823419570923,-0.06481664444248736,0.03117816150188446,-0.16126865148544312,-0.014015370075810551,0.036621615290641785,-0.19174635410308838,-0.04933082873861849,0.03445790708065033,-0.11093723773956299,-0.04571049849431574,0.03528390824794769,-0.10571563243865967,-0.03263498286645472,-0.004332125186920166,-0.15758192539215088,-0.017229676273871064,-0.0023622363805770874,-0.18654555082321167,-0.05647950808446467,0.0013889074325561523,-0.11171871423721313,-0.040438512367416024,0.002432495355606079,-0.1056409478187561,-0.018229119506884217,-0.041581496596336365,-0.15194278955459595,-0.02269070784490168,-0.03371305763721466,-0.17546871304512024,-0.04374089281003535,-0.02540545165538788,-0.12121278047561646,-0.02916072684269011,-0.02494630217552185,-0.10819077491760254,-0.01088087729107201
T,0.0,0.0,0.0,0.047570616006851196,-0.021660685539245605,-0.028547265807645772,0.08748573064804077,-0.09762042760848999,-0.04031252978231237,0.07042494416236877,-0.17708635330200195,-0.05018064124371335,0.04181590676307678,-0.2251427173614502,-0.05331700039889142,0.07313823699951172,-0.16306060552597046,-0.017286944443839047,0.0831654965877533,-0.23590922355651855,-0.05516790715839193,0.07574337720870972,-0.18336376547813416,-0.06609971193458364,0.06716024875640869,-0.14498823881149292,-0.06400845317031667,0.03254470229148865,-0.1617235243320465,-0.013981770964818452,0.03685006499290466,-0.19378256797790527,-0.04934082669998929,0.03473232686519623,-0.11263442039489746,-0.04637665791298673,0.03532296419143677,-0.10529547929763794,-0.0342459988393955,-0.00353337824344635,-0.1574879288673401,-0.01768909139420316,-0.001789674162864685,-0.18882879614830017,-0.057301790694253896,0.002161562442779541,-0.11290204524993896,-0.04149533925439641,0.0028212517499923706,-0.10386717319488525,-0.01951939171041772,-0.041595518589019775,-0.15114599466323853,-0.023345516304033254,-0.032736510038375854,-0.17752930521965027,-0.04489014414932058,-0.024908795952796936,-0.1227005124092102,-0.03050170397247598,-0.025327011942863464,-0.10823249816894531,-0.012482824976103757
T,0.0,0.0,0.0,0.048264577984809875,-0.02534031867980957,-0.028865707064682056,0.08601756393909454,-0.10136902332305908,-0.03998773261409383,0.06647978723049164,-0.17820826172828674,-0.048509002620988895,0.04028090834617615,-0.22684258222579956,-0.049793911124282886,0.07513870298862457,-0.16671431064605713,-0.018887364263349582,0.08078722655773163,-0.2380048930644989,-0.05563160493474584,0.07480435073375702,-0.18801265954971313,-0.0665562534282742,0.06636618077754974,-0.14823496341705322,-0.06438401430349927,0.03330075740814209,-0.16373476386070251,-0.014808062421792556,0.03545735776424408,-0.19766849279403687,-0.04712409615021329,0.03499870002269745,-0.11780112981796265,-0.043450643266254474,0.03631867468357086,-0.10887998342514038,-0.031609044368082095,-0.00361652672290802,-0.1589677631855011,-0.0175561690280972,-0.0032355934381484985,-0.19356465339660645,-0.05258512585859876,0.0019759833812713623,-0.11992913484573364,-0.03587630480032544,0.0035011619329452515,-0.10861855745315552,-0.014558363663667251,-0.042166247963905334,-0.15157216787338257,-0.022570709655695964,-0.036059826612472534,-0.18094122409820557,-0.03990923702221494,-0.026830673217773438,-0.12954914569854736,-0.024205918381625224,-0.02615879476070404,-0.11345791816711426,-0.006066160234325935
T,0.0,0.0,0.0,0.048175498843193054,-0.020748794078826904,-0.02908856441368357,0.08816592395305634,-0.09756994247436523,-0.04049470854093329,0.07147176563739777,-0.17844316363334656,-0.049831280681388535,0.04311424493789673,-0.22633904218673706,-0.05218810421516196,0.07542376220226288,-0.16451412439346313,-0.016990848082201637,0.08372248709201813,-0.2385253608226776,-0.05438475144197241,0.07556743919849396,-0.18775063753128052,-0.06476700884391562,0.06674210727214813,-0.14856451749801636,-0.06230266598154799,0.03444051742553711,-0.16358605027198792,-0.013411817337470211,0.036497682332992554,-0.1963939666748047,-0.04789950904537932,0.0342850536108017,-0.11469769477844238,-0.043829364898698486,0.03604993224143982,-0.10743671655654907,-0.030935494425790466,-0.0018635392189025879,-0.15955612063407898,-0.017053188952701248,-0.0017684102058410645,-0.191989004611969,-0.05587418210794226,0.002354443073272705,-0.11574077606201172,-0.03922035378505484,0.003833860158920288,-0.1063457727432251,-0.016864208701150574,-0.040152743458747864,-0.15270182490348816,-0.022870699140327133,-0.03256724774837494,-0.17916268110275269,-0.043999197158115066,-0.024904757738113403,-0.12468880414962769,-0.02939672228981749,-0.025038763880729675,-0.11046677827835083,-0.01130223014493481
T,0.0,0.0,0.0,0.0486229807138443,-0.020683348178863525,-0.030105315970047286,0.08935864269733429,-0.09679055213928223,-0.040954680071934035,0.07382519543170929,-0.1777699589729309,-0.049272366689308456,0.04540400207042694,-0.22545984387397766,-0.050302696304186156,0.07684428989887238,-0.1642553210258484,-0.01790352806614237,0.08555574715137482,-0.23851943016052246,-0.05512400798664885,0.07698898017406464,-0.18777507543563843,-0.06497613422737913,0.06805561482906342,-0.14873731136322021,-0.06200354628430205,0.03586108982563019,-0.16323477029800415,-0.013756025472446254,0.03784702718257904,-0.19609293341636658,-0.047838476376398376,0.035511478781700134,-0.1139337420463562,-0.043396332191093734,0.037728652358055115,-0.10673373937606812,-0.03020003333853083,-0.0004650503396987915,-0.15970832109451294,-0.016939400585158637,-0.0006997734308242798,-0.1914575695991516,-0.05570125289426642,0.003330022096633911,-0.11443406343460083,-0.03926117800341444,0.00509980320930481,-0.10537922382354736,-0.016969875322445205,-0.038820117712020874,-0.15293341875076294,-0.022393676342232993,-0.031697556376457214,-0.17926150560379028,-0.043257278280123046,-0.023935467004776,-0.12443074584007263,-0.028574519680603316,-0.024250805377960205,-0.10972976684570312,-0.010412426555319598
T,0.0,0.0,0.0,0.049744099378585815,-0.019856750965118408,-0.028608117078391615,0.08932241797447205,-0.09643983840942383,-0.03870879468783528,0.0723688006401062,-0.17624491453170776,-0.04665587825044781,0.04532735049724579,-0.2233521044254303,-0.047291584138719145,0.07680678367614746,-0.1640741229057312,-0.01606436056360394,0.08573645353317261,-0.23978078365325928,-0.05393975583180577,0.07683539390563965,-0.1878403127193451,-0.06458380055889279,0.06808868050575256,-0.14759418368339539,-0.061968721275178495,0.035734981298446655,-0.1621243953704834,-0.012596998189536635,0.03795291483402252,-0.19651806354522705,-0.04786292073592335,0.035015806555747986,-0.11415326595306396,-0.04440746811494023,0.03728608787059784,-0.1057557463645935,-0.03143333626255185,-0.0004862844944000244,-0.15867653489112854,-0.01638637093171269,-0.0005805492401123047,-0.19222190976142883,-0.056079480622855726,0.002844482660293579,-0.11440503597259521,-0.04024836403593213,0.004952490329742432,-0.10473108291625977,-0.017890753050295416,-0.03842204809188843,-0.15229147672653198,-0.02228486334249169,-0.031439170241355896,-0.17983612418174744,-0.043788846407977644,-0.024123549461364746,-0.12409332394599915,-0.02935988252326638,-0.024109110236167908,-0.10877788066864014,-0.011082532641438547
T,0.0,0.0,0.0,0.04917348921298981,-0.022275328636169434,-0.02900845993258372,0.08895193040370941,-0.0995413064956665,-0.03836987044610396,0.07178349792957306,-0.178691565990448,-0.04535842191376105,0.04293011128902435,-0.22485119104385376,-0.04485413309134856,0.07610152661800385,-0.16709110140800476,-0.016149478665965944,0.08560268580913544,-0.24285888671875,-0.05412912990846053,0.07634840905666351,-0.1903955340385437,-0.06472546484269515,0.06765826046466827,-0.1512557566165924,-0.06183687474526778,0.034874215722084045,-0.16456446051597595,-0.01237951561756745,0.037288323044776917,-0.1986747682094574,-0.04692610230245009,0.033779293298721313,-0.11536353826522827,-0.04318837325968161,0.03600849211215973,-0.10744497179985046,-0.03008931379713431,-0.0013910531997680664,-0.16105902194976807,-0.016000006980675607,-0.0015033334493637085,-0.1943327784538269,-0.055194171778339296,0.0013569891452789307,-0.11517333984375,-0.039531367532390504,0.0033416301012039185,-0.10565903782844543,-0.01722773041524306,-0.0393432080745697,-0.15445375442504883,-0.021787591911333948,-0.032526835799217224,-0.18332210183143616,-0.04195926587976828,-0.02525360882282257,-0.12771883606910706,-0.026858481279987245,-0.025710150599479675,-0.11146154999732971,-0.008230448401945978
T,0.0,0.0,0.0,0.04849135875701904,-0.024320125579833984,-0.031075165797176396,0.08747421205043793,-0.10156765580177307,-0.04158169888347629,0.06924383342266083,-0.18124279379844666,-0.04957237579316143,0.04133996367454529,-0.22908544540405273,-0.049693701047601735,0.0745294839143753,-0.17137333750724792,-0.01598215215295795,0.08476246893405914,-0.24556678533554077,-0.05479709171146396,0.07463474571704865,-0.19372111558914185,-0.065684278685751,0.06443004310131073,-0.15341123938560486,-0.06258279569834713,0.033407315611839294,-0.16799858212471008,-0.011404899139108693,0.03662881255149841,-0.2019123136997223,-0.04655052461117748,0.03257344663143158,-0.11781129240989685,-0.042641599852743184,0.034847334027290344,-0.10982784628868103,-0.028910375390353238,-0.002511128783226013,-0.16411319375038147,-0.014631246406736409,-0.0024013519287109375,-0.19714683294296265,-0.05387780182451252,0.0004814416170120239,-0.1185772716999054,-0.03775823973506931,0.002470359206199646,-0.10893580317497253,-0.014928820733132397,-0.040480226278305054,-0.15732154250144958,-0.020363937322201764,-0.033572807908058167,-0.18552127480506897,-0.040264227617683446,-0.026089563965797424,-0.13037723302841187,-0.024811725322308575,-0.026154205203056335,-0.11406415700912476,-0.005752681013348138
T,0.0,0.0,0.0,0.0488462895154953,-0.02329123020172119,-0.03117321880276336,0.08824300765991211,-0.10057294368743896,-0.04214955756182803,0.07194900512695312,-0.18090090155601501,-0.05067310744638576,0.04387693107128143,-0.22829270362854004,-0.05129321181888713,0.07465454936027527,-0.1715867817401886,-0.016879063860727683,0.08419686555862427,-0.24689722061157227,-0.056339303792668716,0.07452040910720825,-0.19433438777923584,-0.0672118242990507,0.06431996822357178,-0.15302199125289917,-0.06388402992601527,0.03352935612201691,-0.16802144050598145,-0.012380541132046119,0.0371980220079422,-0.20201006531715393,-0.04827261978502406,0.03349708020687103,-0.11694315075874329,-0.044053847731305495,0.03524427115917206,-0.10971939563751221,-0.02984582336361541,-0.0023556798696517944,-0.16379183530807495,-0.015677460299087898,-0.0017246007919311523,-0.1967589259147644,-0.05572056287641658,0.0013946741819381714,-0.11772829294204712,-0.03924230003471507,0.0026251375675201416,-0.1080891489982605,-0.015963309274269477,-0.04028601944446564,-0.1566091775894165,-0.021478640676690475,-0.03313702344894409,-0.18416467308998108,-0.042250505478335754,-0.02526983618736267,-0.1286952793598175,-0.02685204596932067,-0.025244757533073425,-0.1124674379825592,-0.007587174714757339
T,0.0,0.0,0.0,0.04887045919895172,-0.02268838882446289,-0.030734720282850958,0.08870817720890045,-0.10113054513931274,-0.04095202369302342,0.07336057722568512,-0.18214833736419678,-0.04885606152623723,0.04527193307876587,-0.22897869348526,-0.04880397451728413,0.0760250836610794,-0.1715543568134308,-0.015604225561617113,0.08510784804821014,-0.24750739336013794,-0.054716896840034224,0.07506905496120453,-0.19300225377082825,-0.06574499291986058,0.06541256606578827,-0.15157130360603333,-0.06279718560784886,0.03515879809856415,-0.16861438751220703,-0.011369878069160677,0.03763550519943237,-0.2030414342880249,-0.04770359826892445,0.0338311642408371,-0.11809760332107544,-0.04413706866711209,0.03594839572906494,-0.11075347661972046,-0.030323124133644797,-0.0005703121423721313,-0.16474062204360962,-0.014897351727483965,-0.0011374801397323608,-0.19836607575416565,-0.05518314299791882,0.002094641327857971,-0.11813336610794067,-0.038909201153217055,0.004106387495994568,-0.10717633366584778,-0.015693506800232626,-0.03847961127758026,-0.15795007348060608,-0.020956794374285437,-0.03281612694263458,-0.18506190180778503,-0.04232126904338429,-0.024999335408210754,-0.12891098856925964,-0.02749159244507382,-0.02381083369255066,-0.11200544238090515,-0.008502982199786402
