Two,0.0,0.0,0.0,-0.04837125539779663,-0.07250845432281494,-0.002746827357299253,-0.053441137075424194,-0.16150647401809692,-0.007875847319922968,-0.019489526748657227,-0.21376997232437134,-0.011315957332811877,0.02058398723602295,-0.2152833342552185,-0.015659385050497576,-0.0358278751373291,-0.19945186376571655,-0.032234142224154994,-0.029791414737701416,-0.32047754526138306,-0.04500854263719134,-0.022234439849853516,-0.39013227820396423,-0.05085667471107058,-0.014124929904937744,-0.4431181848049164,-0.05560047055300288,0.016778558492660522,-0.18775492906570435,-0.03503705064471774,0.025224626064300537,-0.27420490980148315,-0.04850220556076579,0.011654675006866455,-0.24082154035568237,-0.0417166079085689,0.001770615577697754,-0.2015553116798401,-0.03359616051133685,0.06039172410964966,-0.16614705324172974,-0.036089456329904124,0.0560762882232666,-0.2375735640525818,-0.043827621887288615,0.044705986976623535,-0.21356403827667236,-0.030314796293936297,0.03837352991104126,-0.1834908127784729,-0.019060059140286967,0.09348946809768677,-0.14451438188552856,-0.03709405536469035,0.08591753244400024,-0.20741581916809082,-0.03840442250188403,0.0743190348148346,-0.1877422332763672,-0.024622623498402163,0.07097941637039185,-0.16202443838119507,-0.012912405344508215
Two,0.0,0.0,0.0,-0.02774369716644287,-0.06520688533782959,0.004907215167918366,-0.025599688291549683,-0.14075028896331787,-0.005911850216648418,-7.748603820800781e-05,-0.1944640874862671,-0.017944812155178624,0.027583390474319458,-0.22142401337623596,-0.029616189501098233,-0.03554847836494446,-0.17842543125152588,-0.04282837112884863,-0.028493687510490417,-0.2898990511894226,-0.06869628032188757,-0.0273619145154953,-0.3599596917629242,-0.08286292602758749,-0.02734321355819702,-0.4128023386001587,-0.09062573065500601,-0.0016205161809921265,-0.16853785514831543,-0.05553566788773878,0.0324382483959198,-0.29254356026649475,-0.07890044649582251,0.053970009088516235,-0.3629422187805176,-0.08690415074568136,0.06859254837036133,-0.4173518419265747,-0.09012695153694494,0.03525957465171814,-0.14758753776550293,-0.06388399501781805,0.08023011684417725,-0.22529637813568115,-0.07812751581411703,0.072503000497818,-0.1953524351119995,-0.061868225536159116,0.056889891624450684,-0.16489410400390625,-0.04578184833269461,0.06917896866798401,-0.11906176805496216,-0.07214860369901999,0.10301724076271057,-0.17242097854614258,-0.07567104449015005,0.0924290120601654,-0.14815819263458252,-0.05630041038136824,0.07653090357780457,-0.12543153762817383,-0.038246506205609876
Two,0.0,0.0,0.0,-0.02764175832271576,-0.0756179690361023,0.011125048552855787,-0.02310819923877716,-0.14917409420013428,0.0016573311763181664,0.005946889519691467,-0.19920885562896729,-0.01129392168928689,0.03978143632411957,-0.2176588773727417,-0.024182891542807283,-0.03269322216510773,-0.19555562734603882,-0.03536444536854333,-0.024406254291534424,-0.30862805247306824,-0.05739730976034707,-0.02426372468471527,-0.37868672609329224,-0.06837272651006288,-0.02612455189228058,-0.43062451481819153,-0.07431156195212907,0.0023530423641204834,-0.18645405769348145,-0.05124251923967904,0.03755469620227814,-0.30957096815109253,-0.07411294437457627,0.0566834956407547,-0.3834015429019928,-0.08386722214032716,0.06953509151935577,-0.4364181160926819,-0.08869232244302339,0.03843538463115692,-0.16411900520324707,-0.0619540401499421,0.08107776939868927,-0.236276775598526,-0.07216282195855683,0.07459242641925812,-0.20872193574905396,-0.05548598624278611,0.06054891645908356,-0.18097150325775146,-0.0403764248590619,0.07204927504062653,-0.1345677375793457,-0.07244111604501313,0.10054539144039154,-0.18390965461730957,-0.07017643011619157,0.09218393266201019,-0.16113132238388062,-0.04913862429071969,0.07810790836811066,-0.1398637294769287,-0.03101113073040551
Two,0.0,0.0,0.0,-0.027544617652893066,-0.07806771993637085,0.012261633273169537,-0.025253742933273315,-0.1530267596244812,0.00408626857768013,0.0013869106769561768,-0.20505297183990479,-0.0076015303135363865,0.03430965542793274,-0.2282657027244568,-0.018744647990956764,-0.034097909927368164,-0.20010381937026978,-0.032821361463561516,-0.026047617197036743,-0.31401902437210083,-0.05396715600420521,-0.0258464515209198,-0.3829057514667511,-0.06352865744759129,-0.026747047901153564,-0.43344438076019287,-0.06777796943117664,0.0004127919673919678,-0.19041204452514648,-0.048096575330987434,0.03662747144699097,-0.31150582432746887,-0.07059357364107655,0.05608460307121277,-0.3842289447784424,-0.08004713107277439,0.0698765218257904,-0.435014545917511,-0.08451899934937046,0.03662952780723572,-0.16928666830062866,-0.05809952367474125,0.08204928040504456,-0.23776564002037048,-0.0682510962002425,0.07434576749801636,-0.2114577293395996,-0.05247777004171894,0.05987229943275452,-0.1849777102470398,-0.03801370460917042,0.07064700126647949,-0.14149171113967896,-0.0676770736687331,0.10006657242774963,-0.18722128868103027,-0.06413804043461369,0.09088912606239319,-0.16442018747329712,-0.04318407226730869,0.07693469524383545,-0.14425599575042725,-0.02533563461531685
Two,0.0,0.0,0.0,-0.026758119463920593,-0.07949554920196533,0.01423684809367387,-0.024341508746147156,-0.1541147232055664,0.006360484045103476,0.0022660791873931885,-0.20575833320617676,-0.005322836115851715,0.03541107475757599,-0.22827816009521484,-0.016401455514028385,-0.03355695307254791,-0.2023598551750183,-0.032484437115385845,-0.026073649525642395,-0.3152971565723419,-0.053159902579977825,-0.026068702340126038,-0.3834702670574188,-0.06250095251937182,-0.026679709553718567,-0.43356066942214966,-0.06690808270116122,0.0009149909019470215,-0.1916724443435669,-0.048538571931317165,0.03757454454898834,-0.3126195967197418,-0.0709122333302048,0.057195261120796204,-0.38529837131500244,-0.08064689371724398,0.07146890461444855,-0.43552109599113464,-0.08575876686711581,0.03687019646167755,-0.1692931056022644,-0.05890659872432025,0.08180148899555206,-0.23808220028877258,-0.06757947687049182,0.0745210200548172,-0.21166741847991943,-0.05070885155339511,0.06061340868473053,-0.18516242504119873,-0.03613471869368823,0.07087455689907074,-0.14024412631988525,-0.068772136010125,0.09990830719470978,-0.18768036365509033,-0.06399960700412066,0.091119185090065,-0.16441988945007324,-0.04225219670672686,0.0773487240076065,-0.14367884397506714,-0.02418585006137164
Two,0.0,0.0,0.0,-0.026055485010147095,-0.08097028732299805,0.01586324230538594,-0.02270948886871338,-0.15521883964538574,0.008428984067904821,0.0037619173526763916,-0.20703893899917603,-0.0032196392048717826,0.036983370780944824,-0.22911620140075684,-0.014207368039024004,-0.03299686312675476,-0.20471453666687012,-0.030909852378499636,-0.024762824177742004,-0.31803858280181885,-0.051815630190503725,-0.024637728929519653,-0.3864026665687561,-0.06163152053250087,-0.025361672043800354,-0.4363911747932434,-0.06648757427228702,0.0014915019273757935,-0.19396865367889404,-0.04766818627012981,0.038875192403793335,-0.31531959772109985,-0.0707903665233971,0.05884543061256409,-0.3880878984928131,-0.08138611286176456,0.07303103804588318,-0.4379376173019409,-0.08707248538030399,0.03741639852523804,-0.17152661085128784,-0.0585244794119717,0.08317914605140686,-0.24056529998779297,-0.06671147912038577,0.0761931836605072,-0.21456843614578247,-0.04920527084959758,0.0620323121547699,-0.1885460615158081,-0.034301688217055926,0.07150417566299438,-0.14245790243148804,-0.06886976330770267,0.10120853781700134,-0.18914413452148438,-0.06335850178493274,0.09282919764518738,-0.1663811206817627,-0.04116738333596004,0.07894331216812134,-0.14597821235656738,-0.022801739417445788
Two,0.0,0.0,0.0,-0.025570183992385864,-0.07997274398803711,0.014768125299781332,-0.02286270260810852,-0.15465831756591797,0.007068548627614746,0.003777831792831421,-0.20604127645492554,-0.004780308067381611,0.037143707275390625,-0.22820478677749634,-0.015941425416201582,-0.0340714305639267,-0.2034417986869812,-0.03138818890187167,-0.024721771478652954,-0.31687963008880615,-0.0526770383152666,-0.0243159681558609,-0.3855288624763489,-0.06280893758270167,-0.025253653526306152,-0.43602854013442993,-0.06781034097406291,-6.243586540222168e-05,-0.19287490844726562,-0.04780493602487468,0.03771117329597473,-0.3141781985759735,-0.07020022645923518,0.05829906463623047,-0.38612115383148193,-0.08022309765550517,0.07271122932434082,-0.43591099977493286,-0.08568500653240108,0.03565645217895508,-0.17103242874145508,-0.05863070041272067,0.08213537931442261,-0.24045848846435547,-0.06725564524862193,0.07577002048492432,-0.21395492553710938,-0.05047749653789424,0.06145158410072327,-0.1875719428062439,-0.03608036339613818,0.06965404748916626,-0.14268147945404053,-0.06902651414605998,0.10047873854637146,-0.18835145235061646,-0.06426650956603908,0.09231626987457275,-0.16584867238998413,-0.04292040616604709,0.07812681794166565,-0.14534896612167358,-0.025194372240036955
Two,0.0,0.0,0.0,-0.025850191712379456,-0.08047598600387573,0.014571958041869948,-0.023000285029411316,-0.15562593936920166,0.006848336949133227,0.00433388352394104,-0.20710033178329468,-0.0049217084356314444,0.0382370799779892,-0.2285739779472351,-0.016165577054835012,-0.0336618572473526,-0.20421338081359863,-0.031616015539384534,-0.02461114525794983,-0.3173942565917969,-0.05206246878287857,-0.02407097816467285,-0.38557714223861694,-0.061443532065368345,-0.024850890040397644,-0.4360496997833252,-0.06597843597910469,0.0005620867013931274,-0.1935436725616455,-0.04813697765848701,0.03825406730175018,-0.3148881793022156,-0.06973815541050499,0.05837510526180267,-0.3874053359031677,-0.07929930667660301,0.07271356880664825,-0.43797290325164795,-0.08451906423351829,0.0364697128534317,-0.17137205600738525,-0.05905045773170059,0.08258499205112457,-0.24094432592391968,-0.06727982889196937,0.07599638402462006,-0.21459633111953735,-0.05073381419560974,0.061941370368003845,-0.18816310167312622,-0.0366020893611676,0.07053475081920624,-0.14281964302062988,-0.06951784919283455,0.10034807026386261,-0.18911588191986084,-0.06437893043539589,0.09219951927661896,-0.16658437252044678,-0.0429177788951165,0.07858310639858246,-0.14609003067016602,-0.025259545252538373
Two,0.0,0.0,0.0,-0.026112884283065796,-0.0804603099822998,0.01495363054345944,-0.023634016513824463,-0.15485763549804688,0.007058028164465213,0.0028062760829925537,-0.2062748670578003,-0.004967805896740174,0.03642064332962036,-0.2280597686767578,-0.01635039641041658,-0.03397457301616669,-0.20365995168685913,-0.032021495015214896,-0.025200217962265015,-0.3161360025405884,-0.053240223289321875,-0.024949923157691956,-0.3841397166252136,-0.0632244818516483,-0.02567058801651001,-0.43466728925704956,-0.06816141536910436,4.26173210144043e-05,-0.19265669584274292,-0.04855202740509412,0.03733152151107788,-0.31347018480300903,-0.07130337736089132,0.05729609727859497,-0.38607436418533325,-0.08149463167865179,0.07157477736473083,-0.4365023970603943,-0.08714206746299169,0.03580784797668457,-0.17021065950393677,-0.05934161177356145,0.08148536086082458,-0.24014639854431152,-0.0680719636984577,0.07483410835266113,-0.2137051224708557,-0.051145168454240775,0.060911715030670166,-0.18724191188812256,-0.03666303163845441,0.06981691718101501,-0.1414475440979004,-0.06964007994611165,0.09961381554603577,-0.18876725435256958,-0.06469292423207662,0.09125393629074097,-0.16592419147491455,-0.04300726062137983,0.07751277089118958,-0.14534568786621094,-0.025114745334576583
Two,0.0,0.0,0.0,-0.026223227381706238,-0.07989972829818726,0.014614294168040942,-0.02361150085926056,-0.15466654300689697,0.00677018554551978,0.0036030113697052,-0.20592784881591797,-0.005077369160517264,0.03751063346862793,-0.22726935148239136,-0.016409680362357904,-0.03389233350753784,-0.20280224084854126,-0.03224831644774895,-0.025139495730400085,-0.3159845471382141,-0.052827393751158525,-0.02502061426639557,-0.38421133160591125,-0.06218074832440834,-0.02597731351852417,-0.4346606433391571,-0.06669537548305016,0.00034368038177490234,-0.19211024045944214,-0.04861351672889214,0.037624478340148926,-0.31338948011398315,-0.07073698018075447,0.05744895339012146,-0.3859814405441284,-0.08045132283450585,0.07170268893241882,-0.43633466958999634,-0.08572020206929665,0.036215752363204956,-0.1698930859565735,-0.059257159124626924,0.08187255263328552,-0.23963141441345215,-0.0677180943298481,0.07527172565460205,-0.2135346531867981,-0.05100455332876663,0.061417967081069946,-0.18730300664901733,-0.03669172350646477,0.070180743932724,-0.14118993282318115,-0.06940340821029167,0.09983435273170471,-0.1885586380958557,-0.06435246590854149,0.0916319489479065,-0.165937602519989,-0.04274945531369667,0.07801184058189392,-0.14537054300308228,-0.02494974073351841
Two,0.0,0.0,0.0,-0.026471734046936035,-0.07991796731948853,0.014971641295915106,-0.023828089237213135,-0.15430325269699097,0.007042887092893579,0.0027844607830047607,-0.2057706117630005,-0.004912612090492985,0.036455899477005005,-0.22762590646743774,-0.01628396340333893,-0.0338989794254303,-0.20262503623962402,-0.03263870120667889,-0.025140151381492615,-0.3155834674835205,-0.05373104900741055,-0.025000736117362976,-0.3838436007499695,-0.06348108366751148,-0.02571462094783783,-0.4342261552810669,-0.06823779509090855,0.0001979917287826538,-0.1915990710258484,-0.04901154950880482,0.03765183687210083,-0.3126710057258606,-0.07181232289099171,0.057538777589797974,-0.38543516397476196,-0.08185393229746296,0.0717272162437439,-0.43575775623321533,-0.08732832834743931,0.0360894501209259,-0.16911238431930542,-0.05953706667446568,0.08162418007850647,-0.23879092931747437,-0.06801067904257252,0.0748014748096466,-0.21316367387771606,-0.05094345525526478,0.060732096433639526,-0.1870937943458557,-0.03640930966162159,0.06996163725852966,-0.14025086164474487,-0.06954810634874775,0.09959360957145691,-0.18779706954956055,-0.06436940894150212,0.09117114543914795,-0.16532039642333984,-0.042534908807510874,0.07730892300605774,-0.14481085538864136,-0.02454514109217598
Two,0.0,0.0,0.0,-0.0262753963470459,-0.08041983842849731,0.015177527769083099,-0.02343924343585968,-0.15497922897338867,0.00735477949547203,0.003405049443244934,-0.2063879370689392,-0.004591566183989926,0.037105828523635864,-0.22813522815704346,-0.015973180205946846,-0.03381204605102539,-0.20336967706680298,-0.03205942143631546,-0.02512529492378235,-0.3162649869918823,-0.052978971646552964,-0.0249769389629364,-0.38461774587631226,-0.062687830672985,-0.025705963373184204,-0.4350975751876831,-0.06746302698684303,0.00022235512733459473,-0.1926107406616211,-0.04867006619406311,0.037750184535980225,-0.313473105430603,-0.07142998431754677,0.057691872119903564,-0.3864654302597046,-0.08165875230861275,0.07189878821372986,-0.43698686361312866,-0.08724405025077431,0.036030858755111694,-0.17017579078674316,-0.05942865987253754,0.0818571150302887,-0.23930740356445312,-0.0678179502947387,0.07523566484451294,-0.21359336376190186,-0.05078706671429245,0.06115409731864929,-0.1875818371772766,-0.036273719416385575,0.06990876793861389,-0.14122962951660156,-0.06968515519929497,0.09978917241096497,-0.18836796283721924,-0.06441970323157875,0.09153735637664795,-0.16585665941238403,-0.04253119011355011,0.0776330828666687,-0.14526724815368652,-0.02449377966058819
Two,0.0,0.0,0.0,-0.02616889774799347,-0.08077406883239746,0.015812172351104437,-0.023005619645118713,-0.1550222635269165,0.008216642571312605,0.003847748041152954,-0.2063865065574646,-0.0036344299729194063,0.037661582231521606,-0.22810131311416626,-0.014896798150914492,-0.03348538279533386,-0.203518807888031,-0.03132705503918487,-0.02445158362388611,-0.3164958655834198,-0.05206748211600143,-0.024305343627929688,-0.3847656548023224,-0.061672293784397425,-0.02514442801475525,-0.4351043105125427,-0.06637633332826454,0.00038865208625793457,-0.19298720359802246,-0.048090131225364985,0.03808191418647766,-0.3138236403465271,-0.07061572858907539,0.05801069736480713,-0.3866633176803589,-0.08069582024432975,0.07212942838668823,-0.4368351697921753,-0.08622063437320548,0.036081910133361816,-0.17081880569458008,-0.058963907154577555,0.08232268691062927,-0.23991280794143677,-0.06683939436294395,0.07569330930709839,-0.21444106101989746,-0.04960906246520835,0.06158179044723511,-0.18852251768112183,-0.0350779827854808,0.06987583637237549,-0.1420333981513977,-0.06932421514608222,0.10009491443634033,-0.18894857168197632,-0.06351926663734275,0.0919058620929718,-0.16676980257034302,-0.041520302387255015,0.07803031802177429,-0.14636331796646118,-0.023483374359386744
Two,0.0,0.0,0.0,-0.026193678379058838,-0.08087533712387085,0.016054090699924473,-0.022889629006385803,-0.1550998091697693,0.008606014429403785,0.0039825439453125,-0.20656263828277588,-0.0031669795226321185,0.037867188453674316,-0.22850722074508667,-0.014321227901803013,-0.03356081247329712,-0.20398962497711182,-0.030956385069714543,-0.024567782878875732,-0.3170623183250427,-0.05175448150299644,-0.024325966835021973,-0.3856407105922699,-0.06149563879631614,-0.02506069839000702,-0.43601831793785095,-0.06634664104245758,0.0003414154052734375,-0.19366127252578735,-0.04780163929723358,0.038142114877700806,-0.31438103318214417,-0.07040230498574829,0.05807635188102722,-0.3868718147277832,-0.08054242596887207,0.0720578134059906,-0.4365079402923584,-0.08612261281274414,0.0360143780708313,-0.17164331674575806,-0.0587607839789257,0.08266237378120422,-0.2409842610359192,-0.06636365816854095,0.07600909471511841,-0.21558117866516113,-0.04877000615857696,0.06161651015281677,-0.18956685066223145,-0.03406039939187622,0.06969988346099854,-0.14282339811325073,-0.06924936489127731,0.10007104277610779,-0.18977081775665283,-0.06320578918717956,0.09203037619590759,-0.16779375076293945,-0.041058226832376477,0.07809102535247803,-0.14730137586593628,-0.022925685503707882
Two,0.0,0.0,0.0,-0.026023700833320618,-0.07989561557769775,0.015790706498933105,-0.023479819297790527,-0.15417265892028809,0.008599202147138385,0.0034124553203582764,-0.20590859651565552,-0.00289751705861363,0.03723207116127014,-0.2280430793762207,-0.013772122563409539,-0.03454256057739258,-0.20378929376602173,-0.030157437549519273,-0.025129973888397217,-0.3173275589942932,-0.05002284236400101,-0.024533972144126892,-0.3854162096977234,-0.058839427308726044,-0.025270313024520874,-0.43534180521965027,-0.06303585507123444,-0.0007098019123077393,-0.19387531280517578,-0.046944906936573716,0.03724697232246399,-0.31476733088493347,-0.06871865876166794,0.05737769603729248,-0.38661837577819824,-0.0784088019296405,0.07152947783470154,-0.4359474778175354,-0.08362884260861847,0.03498116135597229,-0.17223119735717773,-0.057972921060013505,0.08187985420227051,-0.24069184064865112,-0.06575405039041016,0.07543811202049255,-0.21458041667938232,-0.048920115457463,0.061153411865234375,-0.1883922815322876,-0.03465688042490456,0.06889748573303223,-0.14375346899032593,-0.06848417408912155,0.09924110770225525,-0.18874865770339966,-0.06285759993045303,0.09135305881500244,-0.1664397120475769,-0.04137773998229477,0.07750001549720764,-0.14600753784179688,-0.023694746197747918
Two,0.0,0.0,0.0,-0.025626301765441895,-0.08144557476043701,0.01673533827886331,-0.02243153750896454,-0.15520614385604858,0.009497424260530352,0.004221826791763306,-0.20644110441207886,-0.0022167170897091637,0.038183629512786865,-0.22791671752929688,-0.013331842004504324,-0.03385421633720398,-0.2042076587677002,-0.03050468615367663,-0.024023309350013733,-0.31694695353507996,-0.05138421370759261,-0.0233629047870636,-0.38542622327804565,-0.06124475165381682,-0.0237157940864563,-0.43596434593200684,-0.06615718393697989,0.00030744075775146484,-0.1937810778617859,-0.047709106794741274,0.037910252809524536,-0.3147699236869812,-0.0703748831070925,0.05775931477546692,-0.3877241611480713,-0.08079313426389945,0.07182520627975464,-0.4376441240310669,-0.08662774353399527,0.03618571162223816,-0.17179596424102783,-0.05889965160861266,0.08198723196983337,-0.24123883247375488,-0.06639785259142172,0.07556843757629395,-0.21560871601104736,-0.04877214073314917,0.061692625284194946,-0.18963205814361572,-0.03408662169351828,0.06998792290687561,-0.14329320192337036,-0.06956995963230383,0.0996856689453125,-0.18990015983581543,-0.0632933521188761,0.09175151586532593,-0.16754788160324097,-0.040936596087362886,0.07819277048110962,-0.14705342054367065,-0.022697449988868357
Two,0.0,0.0,0.0,-0.02577158808708191,-0.08046507835388184,0.01634719349522129,-0.023225635290145874,-0.15389806032180786,0.00944827158082262,0.0026550889015197754,-0.20598775148391724,-0.0019034586280213261,0.035643965005874634,-0.22917717695236206,-0.012598652987890091,-0.034362465143203735,-0.2028886079788208,-0.029135827570371475,-0.02485719323158264,-0.3166504502296448,-0.049572941511087265,-0.024382412433624268,-0.38521844148635864,-0.05904965907257065,-0.02504676580429077,-0.4355047047138214,-0.06360309630554184,-0.0006987005472183228,-0.19380247592926025,-0.045921899973563995,0.03697773814201355,-0.3148418962955475,-0.06793414115827545,0.057219892740249634,-0.38696780800819397,-0.07798995137136444,0.07139039039611816,-0.43591049313545227,-0.08342640906494125,0.03501176834106445,-0.1730891466140747,-0.05693781435411438,0.08111602067947388,-0.2416977882385254,-0.06446214079778656,0.07449069619178772,-0.21616381406784058,-0.0475724941484259,0.06028735637664795,-0.1900082230567932,-0.03327903583567604,0.06859362125396729,-0.14542865753173828,-0.06745092630308136,0.09822872281074524,-0.18916940689086914,-0.06158457010906204,0.09024679660797119,-0.1674504280090332,-0.04015760183256134,0.0767335295677185,-0.14756858348846436,-0.022463841959051933
Two,0.0,0.0,0.0,-0.026281684637069702,-0.07999759912490845,0.016026804602120137,-0.023944616317749023,-0.1532929539680481,0.00881198086437962,0.0018886923789978027,-0.2049831748008728,-0.002684987004499817,0.035053551197052,-0.2281002402305603,-0.013529078656461024,-0.03495454788208008,-0.2023337483406067,-0.03009831681254127,-0.02692437171936035,-0.3159646987915039,-0.05040008350613334,-0.026705995202064514,-0.38408976793289185,-0.05954982116224983,-0.02722427248954773,-0.4341386556625366,-0.06379519923928001,-0.0011726915836334229,-0.1928269863128662,-0.04681393652560928,0.035811275243759155,-0.3143162727355957,-0.06867918148043373,0.05561566352844238,-0.38637739419937134,-0.07831676825287559,0.06961730122566223,-0.4356178343296051,-0.083407355093982,0.0346561074256897,-0.17156225442886353,-0.05774143114092567,0.08016523718833923,-0.23975473642349243,-0.06551628335716941,0.0729069709777832,-0.2143426537513733,-0.04886902644636848,0.05853283405303955,-0.18822640180587769,-0.034666226798321986,0.06818312406539917,-0.14334309101104736,-0.06811097785237052,0.09748995304107666,-0.18755078315734863,-0.06244559734466293,0.08919644355773926,-0.16567164659500122,-0.041035150730635905,0.07573720812797546,-0.1458173394203186,-0.0233481708854697
Two,0.0,0.0,0.0,-0.02648778259754181,-0.08040058612823486,0.015498751396137322,-0.023347526788711548,-0.1543804407119751,0.008201838092702474,0.003441542387008667,-0.20584499835968018,-0.0033851092738927946,0.03699406981468201,-0.22837889194488525,-0.014419873623353396,-0.03419108688831329,-0.20366376638412476,-0.029640741093260203,-0.02623133361339569,-0.31676459312438965,-0.049850128038031016,-0.02594718337059021,-0.38472968339920044,-0.05926146675477639,-0.02641543745994568,-0.43509799242019653,-0.06365609486232415,0.00013081729412078857,-0.1941888928413391,-0.04626662228832856,0.0366707444190979,-0.31520453095436096,-0.06727819461951867,0.05606341361999512,-0.38790619373321533,-0.07657125909457818,0.06985154747962952,-0.43824303150177,-0.081531542731625,0.036155879497528076,-0.172696053981781,-0.05729583222995416,0.08049294352531433,-0.2408139705657959,-0.06468212176690713,0.0730721652507782,-0.21503615379333496,-0.048139694525104915,0.058894842863082886,-0.18854409456253052,-0.03403268326650277,0.0698956549167633,-0.14411449432373047,-0.06784469951520578,0.09868410229682922,-0.19010144472122192,-0.06190444846282617,0.09017342329025269,-0.16782230138778687,-0.04021327514777795,0.07679760456085205,-0.14727193117141724,-0.022363403259021197
Two,0.0,0.0,0.0,-0.02798093855381012,-0.0815780758857727,0.01775560487220673,-0.024879902601242065,-0.15477442741394043,0.011137513966957613,0.00018101930618286133,-0.20783740282058716,7.190635295728498e-05,0.03293722867965698,-0.23089414834976196,-0.010454190371831373,-0.033938825130462646,-0.20245236158370972,-0.029867591744562105,-0.027711942791938782,-0.31599435210227966,-0.05165945593108745,-0.028690174221992493,-0.3854604959487915,-0.06261810887446018,-0.0293024480342865,-0.4362795650959015,-0.06800770986666294,0.00037182867527008057,-0.192976176738739,-0.04627382982363315,0.03654471039772034,-0.3140984773635864,-0.06942533183683963,0.05570852756500244,-0.3872395157814026,-0.07980706024756046,0.06922957301139832,-0.4365530014038086,-0.08528059203018756,0.03664931654930115,-0.17206889390945435,-0.05651046190251918,0.07951465249061584,-0.24073338508605957,-0.06294997263540836,0.07140269875526428,-0.2184305191040039,-0.04479211050858112,0.05689695477485657,-0.19315475225448608,-0.02959984768023105,0.06979715824127197,-0.14398574829101562,-0.06619148928513141,0.09735655784606934,-0.19185221195220947,-0.058463314956327395,0.0884527862071991,-0.17178410291671753,-0.0354838095962009,0.07515689730644226,-0.15156006813049316,-0.016635217180748896
Two,0.0,0.0,0.0,-0.02757534384727478,-0.08105272054672241,0.01541232411642568,-0.02414149045944214,-0.15402323007583618,0.008273839027481245,0.0017436891794204712,-0.20604932308197021,-0.002863329826993777,0.034728989005088806,-0.22796761989593506,-0.013760966240567996,-0.03362177312374115,-0.20071184635162354,-0.030876014373404814,-0.026930585503578186,-0.31458908319473267,-0.05260086431275113,-0.027703776955604553,-0.38470399379730225,-0.06357798724542363,-0.02831178903579712,-0.4362313747406006,-0.0687096267856191,0.0016342848539352417,-0.19120711088180542,-0.04634849353800519,0.0366637259721756,-0.31333255767822266,-0.06771108507285817,0.055742815136909485,-0.38602250814437866,-0.07686910032401784,0.06869213283061981,-0.43527886271476746,-0.08150206505428059,0.038786664605140686,-0.17109745740890503,-0.056144759050710036,0.07950662076473236,-0.24222856760025024,-0.06341948359380467,0.07164596021175385,-0.2194933295249939,-0.04697418957124455,0.057282403111457825,-0.19330865144729614,-0.032678753129346205,0.07236750423908234,-0.144403338432312,-0.06537774949441655,0.09772796928882599,-0.19304001331329346,-0.05875218658815129,0.08889062702655792,-0.17264938354492188,-0.03669112919936879,0.07645957171916962,-0.15194278955459595,-0.018421575418813063
Two,0.0,0.0,0.0,-0.027743399143218994,-0.07988041639328003,0.012220671412478623,-0.02355031669139862,-0.15296006202697754,0.004137252003829417,0.005253985524177551,-0.20289969444274902,-0.0074329175865841535,0.03983156383037567,-0.22354066371917725,-0.018469712684918704,-0.03354191780090332,-0.1979101300239563,-0.030929240386058154,-0.02804674208164215,-0.3120819926261902,-0.05201018321054107,-0.028186634182929993,-0.38129866123199463,-0.062268053169418636,-0.028539955615997314,-0.4326094388961792,-0.06681168543832428,0.0021209120750427246,-0.18839150667190552,-0.04530681389110214,0.036387309432029724,-0.3096703290939331,-0.06528180557029373,0.055238232016563416,-0.381100058555603,-0.07345691042678482,0.06820784509181976,-0.43059661984443665,-0.07735722976462966,0.039114758372306824,-0.16729605197906494,-0.05472919064300186,0.07831870019435883,-0.23674443364143372,-0.06290171014802581,0.0685863047838211,-0.21260815858840942,-0.04801311435835487,0.05338113009929657,-0.18608731031417847,-0.03442297967808372,0.07259680330753326,-0.13979768753051758,-0.06372002231614715,0.09738142788410187,-0.18656790256500244,-0.05855252313153869,0.08710746467113495,-0.1655564308166504,-0.03787571283714897,0.07452945411205292,-0.1453222632408142,-0.020508109579850498
Two,0.0,0.0,0.0,-0.028408199548721313,-0.08138686418533325,0.012635541092038238,-0.02477124333381653,-0.15499788522720337,0.0046355961257518175,0.00301206111907959,-0.2054884433746338,-0.007056856118708765,0.03683990240097046,-0.2246861457824707,-0.018300985042571938,-0.03404662013053894,-0.20124036073684692,-0.030954572428584015,-0.02850423753261566,-0.3147121071815491,-0.05220298009049884,-0.029114559292793274,-0.3841269910335541,-0.06275904091131679,-0.029595762491226196,-0.4353453516960144,-0.06770570488703243,0.002506732940673828,-0.19170212745666504,-0.04596839385163776,0.036592721939086914,-0.31232893466949463,-0.06739681871664516,0.055583804845809937,-0.38502177596092224,-0.07684225501549236,0.068844735622406,-0.4351532459259033,-0.08140276284945003,0.04053071141242981,-0.17020398378372192,-0.05575156869423381,0.07820907235145569,-0.2384805679321289,-0.06436234625113002,0.0696520209312439,-0.21477216482162476,-0.049036989976286804,0.05564528703689575,-0.18820548057556152,-0.03499177010786525,0.07496443390846252,-0.14180922508239746,-0.06513339938652507,0.09798645973205566,-0.18946027755737305,-0.05967524187695972,0.08854281902313232,-0.16855913400650024,-0.03793177666199199,0.07668522000312805,-0.14735698699951172,-0.019647448380112564
Two,0.0,0.0,0.0,-0.02945941686630249,-0.08110421895980835,0.01362494866390307,-0.026564568281173706,-0.15387165546417236,0.005843606991959405,5.0008296966552734e-05,-0.20569300651550293,-0.0055766774059407,0.03433437645435333,-0.22571027278900146,-0.01675018926124494,-0.035539135336875916,-0.2012309432029724,-0.03182890896658819,-0.02945585548877716,-0.31584930419921875,-0.05359132845859449,-0.03023470938205719,-0.3859308958053589,-0.06479284425239484,-0.03065149486064911,-0.4375036358833313,-0.07004808892469327,0.0014337897300720215,-0.1916084885597229,-0.04637953896980207,0.035380616784095764,-0.3136320114135742,-0.06670239825706403,0.05436559021472931,-0.3859488070011139,-0.07563120384673994,0.06710605323314667,-0.4351953864097595,-0.08016245325069349,0.04067124426364899,-0.17081999778747559,-0.05543829013566892,0.07619307935237885,-0.23996546864509583,-0.06184310724000852,0.06773604452610016,-0.21769952774047852,-0.04604785774807851,0.05417494475841522,-0.19122028350830078,-0.03238383566002767,0.07573731243610382,-0.1434612274169922,-0.0640922587082855,0.09604735672473907,-0.18986064195632935,-0.05672785897712629,0.08651356399059296,-0.16936910152435303,-0.03465057049851339,0.07573021948337555,-0.1481478214263916,-0.01648037766079824
Two,0.0,0.0,0.0,-0.027999401092529297,-0.0834839940071106,0.01292439822856295,-0.023925572633743286,-0.15678125619888306,0.004771885860748171,0.004326418042182922,-0.2071300745010376,-0.00716072746735108,0.038894400000572205,-0.22657179832458496,-0.018599738433920265,-0.03341008722782135,-0.20359808206558228,-0.030642320468984963,-0.027229145169258118,-0.31768202781677246,-0.05167655932899606,-0.026990249752998352,-0.3870201110839844,-0.062353446215354325,-0.02680434286594391,-0.4385063648223877,-0.0674731834530462,0.003385975956916809,-0.19353902339935303,-0.04577805015441072,0.03759051859378815,-0.31457608938217163,-0.06536551851030481,0.05703027546405792,-0.3862430453300476,-0.0743582873344053,0.0706903487443924,-0.4355820417404175,-0.07924246329065454,0.04182545840740204,-0.17210465669631958,-0.05573768827315462,0.08024932444095612,-0.24145114421844482,-0.06228486734624994,0.07179407775402069,-0.21748149394989014,-0.04685450258847368,0.05774162709712982,-0.19080162048339844,-0.03364133375879419,0.07689614593982697,-0.14438968896865845,-0.06546839612718713,0.09970112144947052,-0.18933087587356567,-0.05897787126895082,0.0904003232717514,-0.16835135221481323,-0.037824454784356476,0.07877545058727264,-0.1478884220123291,-0.02042000095542562
Two,0.0,0.0,0.0,-0.027470290660858154,-0.08330947160720825,0.011142469892433837,-0.024098634719848633,-0.15578603744506836,0.0022678286267137082,0.005036085844039917,-0.20382416248321533,-0.010082259824343964,0.03992876410484314,-0.22074854373931885,-0.02194805168903713,-0.034110382199287415,-0.2023654580116272,-0.03168517263031845,-0.027214497327804565,-0.3170827627182007,-0.05175749124384765,-0.026786819100379944,-0.38583600521087646,-0.06132392869687919,-0.02689659595489502,-0.4369075298309326,-0.06569244997001533,0.003977984189987183,-0.19208753108978271,-0.04640617133475189,0.038015902042388916,-0.31393295526504517,-0.06559755192495231,0.057320088148117065,-0.38541215658187866,-0.07425448582864647,0.07126182317733765,-0.4348186254501343,-0.07877757684684639,0.043391644954681396,-0.17025291919708252,-0.056112899495133206,0.07990837097167969,-0.24095690250396729,-0.06387947784162407,0.07131534814834595,-0.21664798259735107,-0.04947806061602478,0.057679563760757446,-0.18951058387756348,-0.036639320714243695,0.07948610186576843,-0.1422751545906067,-0.06553305969930534,0.09995657205581665,-0.18799179792404175,-0.060075490785607144,0.09076559543609619,-0.16732800006866455,-0.039248502863415524,0.07985851168632507,-0.1466696858406067,-0.022000500051149174
Two,0.0,0.0,0.0,-0.028681680560112,-0.08359509706497192,0.00947165031880104,-0.024902716279029846,-0.15716373920440674,6.542252094732248e-06,0.006131768226623535,-0.20505940914154053,-0.012549601411819822,0.04248568415641785,-0.22175955772399902,-0.02455015658438242,-0.03309085965156555,-0.2021443247795105,-0.03289254373908079,-0.02698640525341034,-0.3169917166233063,-0.052487477576733,-0.026206567883491516,-0.3857877850532532,-0.061318620955944425,-0.025850027799606323,-0.4371218681335449,-0.06517918772101439,0.005542159080505371,-0.19200098514556885,-0.04694887987375296,0.03944388031959534,-0.3143519461154938,-0.06619245923161543,0.058466553688049316,-0.3868796229362488,-0.0747050083339218,0.0728156566619873,-0.4367876946926117,-0.07895435757041014,0.04507681727409363,-0.16949832439422607,-0.056096430784464246,0.08026719093322754,-0.23890727758407593,-0.06438657260537184,0.07047724723815918,-0.21402788162231445,-0.050100628203153974,0.05690261721611023,-0.1860647201538086,-0.03704814231991804,0.08107984066009521,-0.14072966575622559,-0.0650018788039688,0.09989309310913086,-0.1873902678489685,-0.05986202127337492,0.09003680944442749,-0.16619747877120972,-0.03878222397565878,0.07957586646080017,-0.1448674201965332,-0.021230250513553983
Two,0.0,0.0,0.0,-0.02982953190803528,-0.08284389972686768,0.00960308058421333,-0.026456713676452637,-0.15623724460601807,0.0003913621592914751,0.004202663898468018,-0.2042773962020874,-0.011720809841051505,0.04017496109008789,-0.22023236751556396,-0.023603440017893718,-0.0331760048866272,-0.201618492603302,-0.033806147740676806,-0.025975927710533142,-0.31606268882751465,-0.05334864811737816,-0.02513812482357025,-0.38455677032470703,-0.06247236462075989,-0.0250922292470932,-0.43576425313949585,-0.06649500386555474,0.006212502717971802,-0.19074565172195435,-0.04730735974152367,0.0401836633682251,-0.31381291151046753,-0.06489455954869072,0.05934107303619385,-0.3860186040401459,-0.07224026577313225,0.07344090938568115,-0.43570828437805176,-0.07595060275633614,0.04618445038795471,-0.16786760091781616,-0.05584568785269539,0.07833150029182434,-0.23863422870635986,-0.06273672984679024,0.0686897337436676,-0.21408450603485107,-0.048036954121187136,0.056023627519607544,-0.18557512760162354,-0.03503044949610512,0.08196556568145752,-0.1387321949005127,-0.0640958126052169,0.09809452295303345,-0.18662327527999878,-0.0580090272589473,0.08793210983276367,-0.16514408588409424,-0.03635065885026734,0.07859519124031067,-0.1427498459815979,-0.018533902929618762
Two,0.0,0.0,0.0,-0.029552727937698364,-0.08441716432571411,0.010924594589425851,-0.02542106807231903,-0.1566838026046753,0.001538419393739332,0.005645632743835449,-0.20288509130477905,-0.0112353441110713,0.04268467426300049,-0.2171574831008911,-0.023821037150071334,-0.03210167586803436,-0.2020617127418518,-0.03354227717881031,-0.02503134310245514,-0.31534796953201294,-0.054166236779735755,-0.024289563298225403,-0.38404422998428345,-0.06412783812646694,-0.023951515555381775,-0.43555471301078796,-0.06880969356660671,0.006948411464691162,-0.19127124547958374,-0.048289229980753134,0.04126819968223572,-0.31362849473953247,-0.06745159428481884,0.06059136986732483,-0.3855774700641632,-0.07560925733213253,0.07501152157783508,-0.43503066897392273,-0.07972213428382702,0.04677727818489075,-0.16760462522506714,-0.057889694235370825,0.08179011940956116,-0.23631888628005981,-0.06494748394851513,0.07191938161849976,-0.2112809419631958,-0.04903305124406643,0.05843779444694519,-0.18319010734558105,-0.03511046048168964,0.0825107991695404,-0.136940598487854,-0.06726618658666439,0.10118138790130615,-0.18460136651992798,-0.06056844990615673,0.09160220623016357,-0.16343635320663452,-0.03777039598588772,0.08191251754760742,-0.14139503240585327,-0.019105493909762572
Two,0.0,0.0,0.0,-0.031038984656333923,-0.08426344394683838,0.009869526764816783,-0.027054116129875183,-0.15738534927368164,0.000262292289846755,0.003974407911300659,-0.20475858449935913,-0.012229212866657235,0.04060038924217224,-0.21907895803451538,-0.02462385811799095,-0.03238411247730255,-0.20306849479675293,-0.03514599830799625,-0.024831637740135193,-0.31716248393058777,-0.05595332787328289,-0.023700639605522156,-0.38600045442581177,-0.06632291556292103,-0.023200854659080505,-0.43715304136276245,-0.07119556547098682,0.007763475179672241,-0.19116336107254028,-0.04879101023965404,0.042560964822769165,-0.31356337666511536,-0.06787014783316181,0.06123459339141846,-0.38642024993896484,-0.07586242289238498,0.0748102068901062,-0.43704158067703247,-0.07986852557354496,0.04803508520126343,-0.16727948188781738,-0.057257812777095296,0.08037388324737549,-0.23835769295692444,-0.06426218182735965,0.06976604461669922,-0.21490442752838135,-0.04836347729855106,0.056211650371551514,-0.18697649240493774,-0.03443048180037067,0.08333814144134521,-0.136765718460083,-0.06550257683687732,0.10004591941833496,-0.18689948320388794,-0.05882570550733135,0.08958867192268372,-0.16647404432296753,-0.03578814894848392,0.08003398776054382,-0.14382052421569824,-0.016872745314174153
Two,0.0,0.0,0.0,-0.030478104948997498,-0.08570492267608643,0.008143199443225058,-0.025570228695869446,-0.15929514169692993,-0.0016853313908313794,0.007960528135299683,-0.20393699407577515,-0.014151730739172308,0.044811367988586426,-0.21609455347061157,-0.026725079097445814,-0.029804185032844543,-0.2035852074623108,-0.03498895389645895,-0.02178986370563507,-0.3175026774406433,-0.05453299281805357,-0.020403295755386353,-0.3860054612159729,-0.06410899309128126,-0.020353183150291443,-0.43735596537590027,-0.06853755114286741,0.011444389820098877,-0.19161880016326904,-0.048130373634990065,0.04549703001976013,-0.3135131001472473,-0.0651171982070764,0.06371793150901794,-0.38557523488998413,-0.07224171904533705,0.07701393961906433,-0.43604475259780884,-0.075886990108188,0.051935046911239624,-0.16721999645233154,-0.05647317988484701,0.08183443546295166,-0.23817738890647888,-0.06349387315719923,0.07061541080474854,-0.21494871377944946,-0.04935082344024977,0.05695044994354248,-0.18672996759414673,-0.03665958268254599,0.08693978190422058,-0.1362723708152771,-0.06462781427114805,0.1003853976726532,-0.18607878684997559,-0.05884205473273596,0.08941537141799927,-0.16672039031982422,-0.03710632322042784,0.08019062876701355,-0.14417558908462524,-0.019181802102025358
Two,0.0,0.0,0.0,-0.03009241819381714,-0.0832323431968689,0.003652102781927624,-0.024667024612426758,-0.15727442502975464,-0.0071622366062342735,0.010322779417037964,-0.201052725315094,-0.02014433406060334,0.048249125480651855,-0.21256065368652344,-0.03303861245279904,-0.02886621654033661,-0.2001439929008484,-0.03469929098849889,-0.021877765655517578,-0.31470149755477905,-0.054098259655290803,-0.020252227783203125,-0.383100301027298,-0.06324347853427525,-0.019987404346466064,-0.43473514914512634,-0.06729002296691533,0.012808531522750854,-0.18891489505767822,-0.04610458388691541,0.04686281085014343,-0.31047141551971436,-0.06236770748859044,0.06540006399154663,-0.3817879557609558,-0.0689395070052683,0.07951843738555908,-0.4318903684616089,-0.0721661150432169,0.05286329984664917,-0.16448485851287842,-0.05375203117495175,0.08228737115859985,-0.23677149415016174,-0.06330669671064015,0.06959035992622375,-0.21217399835586548,-0.05166371166473027,0.05559155344963074,-0.1828354001045227,-0.0400025323010027,0.08733722567558289,-0.13411736488342285,-0.061400335279756746,0.09980165958404541,-0.18340224027633667,-0.058916687963062486,0.08785220980644226,-0.16367298364639282,-0.03991253301268216,0.07865893840789795,-0.14129817485809326,-0.023648831991010866
Two,0.0,0.0,0.0,-0.03215867280960083,-0.08179575204849243,0.003496140002141601,-0.02826353907585144,-0.15639793872833252,-0.0073041273347485,0.005401015281677246,-0.20333778858184814,-0.01983545907506823,0.04297512769699097,-0.21814179420471191,-0.032326603314970725,-0.029384136199951172,-0.19914478063583374,-0.03742450662622332,-0.02232182025909424,-0.31329429149627686,-0.05781438388595461,-0.020500391721725464,-0.3820144534111023,-0.06774961017737269,-0.01949426531791687,-0.4334561228752136,-0.0722225811398971,0.011978983879089355,-0.1868675947189331,-0.048195695511196845,0.046236664056777954,-0.3078131377696991,-0.0648339372194755,0.06407096982002258,-0.3789216876029968,-0.07112212293515086,0.0777016282081604,-0.42849573493003845,-0.07419521175989985,0.05220600962638855,-0.16193687915802002,-0.05496550165781855,0.08171185851097107,-0.2354159951210022,-0.0641901623524177,0.06910964846611023,-0.21208912134170532,-0.05158117972979426,0.05568230152130127,-0.18290191888809204,-0.039495112381075614,0.08686372637748718,-0.13081896305084229,-0.06172618084320902,0.09974291920661926,-0.1805814504623413,-0.05927529000410914,0.08752083778381348,-0.1603754758834839,-0.039820725104902976,0.0785115659236908,-0.1373811960220337,-0.02315768600175261
Two,0.0,0.0,0.0,-0.033343344926834106,-0.08314579725265503,0.0031653713058972244,-0.029022186994552612,-0.1584470272064209,-0.007761782678187501,0.006382972002029419,-0.2022588849067688,-0.020402371129364383,0.04222792387008667,-0.2125067114830017,-0.033514728015632045,-0.028371989727020264,-0.20124894380569458,-0.03797118104097308,-0.020801424980163574,-0.31529533863067627,-0.057394468402833354,-0.018475890159606934,-0.3839469254016876,-0.06671523786184252,-0.017749875783920288,-0.43540042638778687,-0.0709654737174219,0.0140744149684906,-0.18871819972991943,-0.04875996819731654,0.048615872859954834,-0.3102342486381531,-0.06448585278388919,0.06660765409469604,-0.3811016082763672,-0.07024891412851275,0.08034628629684448,-0.43024593591690063,-0.07285947836038531,0.05434468388557434,-0.16303175687789917,-0.05550660676357211,0.08099856972694397,-0.23791474103927612,-0.0642477322280115,0.06810024380683899,-0.2166687250137329,-0.05213164276477755,0.05484575033187866,-0.1875762939453125,-0.04029179102775515,0.08864420652389526,-0.13104277849197388,-0.06221591047045649,0.0987076461315155,-0.18374288082122803,-0.059593596672982585,0.08618095517158508,-0.1663527488708496,-0.04024982190725268,0.07723885774612427,-0.14349013566970825,-0.023588058716029536
Two,0.0,0.0,0.0,-0.033074259757995605,-0.08326530456542969,0.0032079505479032377,-0.02943587303161621,-0.15875458717346191,-0.007373532585233988,0.0044918060302734375,-0.20385229587554932,-0.01956947504299933,0.04038745164871216,-0.21630144119262695,-0.03207150271850878,-0.027783960103988647,-0.2004488706588745,-0.03731108627039248,-0.02082306146621704,-0.3147464096546173,-0.05677984825092608,-0.018281638622283936,-0.3835705518722534,-0.06607296115475947,-0.016803056001663208,-0.43499499559402466,-0.07023750788289362,0.014715760946273804,-0.18808209896087646,-0.047752732250273766,0.048633426427841187,-0.3092000484466553,-0.06323393977004343,0.06645876169204712,-0.379521906375885,-0.06876122749167735,0.08035025000572205,-0.42795276641845703,-0.07133383846598917,0.05500829219818115,-0.1629067063331604,-0.05421354419308955,0.08144685626029968,-0.2390957772731781,-0.06278800016957575,0.06778174638748169,-0.21764647960662842,-0.0504825132222777,0.05415421724319458,-0.18818360567092896,-0.038668399515927376,0.08917084336280823,-0.13174325227737427,-0.06064296311456019,0.09803751111030579,-0.18359076976776123,-0.05812364241796786,0.08536159992218018,-0.1654534935951233,-0.03903872689920718,0.07691273093223572,-0.14234423637390137,-0.022621417257369103
Two,0.0,0.0,0.0,-0.03297758102416992,-0.083537757396698,0.003436582160702528,-0.028768479824066162,-0.15881353616714478,-0.007222579328754364,0.005672812461853027,-0.2029348611831665,-0.019589013422319113,0.04147988557815552,-0.21346372365951538,-0.03237910475809258,-0.0276850163936615,-0.2012420892715454,-0.03709903639037293,-0.020033270120620728,-0.31501179933547974,-0.05623972695548218,-0.01751929521560669,-0.3839593231678009,-0.06536424067098778,-0.01626110076904297,-0.4357871413230896,-0.06950592156726998,0.015083640813827515,-0.1894606351852417,-0.047619792635032354,0.049602627754211426,-0.30964457988739014,-0.06254379358369988,0.06760954856872559,-0.3801816701889038,-0.06800694670755547,0.08156329393386841,-0.4292569160461426,-0.07064684387523812,0.055609285831451416,-0.1645616888999939,-0.05412859749276322,0.08195599913597107,-0.23865655064582825,-0.06209714990336579,0.06843891739845276,-0.21683263778686523,-0.04989413824159783,0.054908424615859985,-0.18725824356079102,-0.038251622582265554,0.09016603231430054,-0.13348853588104248,-0.0606189621635167,0.0987233817577362,-0.18430453538894653,-0.05760287773091477,0.08614391088485718,-0.16635459661483765,-0.03858178016025704,0.07774654030799866,-0.14331090450286865,-0.02228752617020291
Two,0.0,0.0,0.0,-0.03273835778236389,-0.08334016799926758,0.0029408641167378846,-0.02873741090297699,-0.1588643193244934,-0.007709032808577376,0.006220698356628418,-0.20243018865585327,-0.0200187949921542,0.04223397374153137,-0.21303290128707886,-0.032636828207557755,-0.027360886335372925,-0.20065903663635254,-0.03666054033595856,-0.019882380962371826,-0.31489357352256775,-0.05554914795715149,-0.017291933298110962,-0.383614718914032,-0.06422159396964844,-0.01603984832763672,-0.4351561665534973,-0.0679741384919339,0.01560702919960022,-0.18878459930419922,-0.04700297438461121,0.05005726218223572,-0.30939698219299316,-0.06225793012339409,0.06796133518218994,-0.3801005482673645,-0.06784919225532349,0.08192166686058044,-0.42922282218933105,-0.07037885063249405,0.05601990222930908,-0.16372472047805786,-0.053447756403272706,0.081932932138443,-0.23799318075180054,-0.06222225301820572,0.06847897171974182,-0.21596932411193848,-0.050435646855419236,0.05518046021461487,-0.18632465600967407,-0.03873594426471527,0.09047409892082214,-0.1327202320098877,-0.05983291515070732,0.098928302526474,-0.1843942403793335,-0.05740376510578926,0.086281418800354,-0.16641020774841309,-0.03860433720905121,0.07781064510345459,-0.14348304271697998,-0.02232507378715809
Two,0.0,0.0,0.0,-0.032417863607406616,-0.08324718475341797,0.002635169893380862,-0.02797207236289978,-0.1589754819869995,-0.008061827972653646,0.007159054279327393,-0.20252370834350586,-0.020300682515028257,0.042879968881607056,-0.2131231427192688,-0.03295037511003329,-0.026604056358337402,-0.20029687881469727,-0.03720327827346637,-0.01932913064956665,-0.315139502286911,-0.056009039163711805,-0.016768544912338257,-0.3839872479438782,-0.0644716283978255,-0.015466451644897461,-0.4356960356235504,-0.06800628814113452,0.016761720180511475,-0.18793803453445435,-0.04733031231177165,0.050667375326156616,-0.30950674414634705,-0.062315668791654844,0.06839856505393982,-0.380191445350647,-0.06761865678441836,0.08233028650283813,-0.4292038381099701,-0.06988792482030703,0.05741134285926819,-0.16267430782318115,-0.053567703694227475,0.08145108819007874,-0.23829030990600586,-0.062312953055027265,0.06810805201530457,-0.21653467416763306,-0.05066700267803981,0.05528515577316284,-0.18712401390075684,-0.03903219836962535,0.0919443666934967,-0.1315416693687439,-0.059717941910150785,0.09832397103309631,-0.18431895971298218,-0.05715409654391124,0.08564046025276184,-0.166426420211792,-0.03827479469788386,0.0777902901172638,-0.14345526695251465,-0.021968616053584356
Two,0.0,0.0,0.0,-0.03235611319541931,-0.08256494998931885,0.0018268521892537137,-0.02912592887878418,-0.1566893458366394,-0.00909580862906978,0.004885822534561157,-0.19995427131652832,-0.02136136698362634,0.03974452614784241,-0.21148091554641724,-0.03393719265994832,-0.02777928113937378,-0.1975553035736084,-0.0380101419502239,-0.021362632513046265,-0.31205153465270996,-0.057079902988050435,-0.018765956163406372,-0.3807375431060791,-0.06535402978596494,-0.01702311635017395,-0.43194520473480225,-0.06836586738762662,0.01539120078086853,-0.1847056746482849,-0.04750233809289739,0.04892820119857788,-0.30653971433639526,-0.06267175371584699,0.06681182980537415,-0.3774164915084839,-0.06783020044503019,0.08104804158210754,-0.4260013699531555,-0.06973082865414426,0.056110888719558716,-0.15989869832992554,-0.05318037713703916,0.07942202687263489,-0.23418143391609192,-0.06221405709919736,0.06652119755744934,-0.21399343013763428,-0.05113136689004705,0.05426603555679321,-0.18537408113479614,-0.039646539043758366,0.09030961990356445,-0.1299574375152588,-0.0587703279667835,0.09663879871368408,-0.18194729089736938,-0.0557662836724262,0.08425307273864746,-0.16460281610488892,-0.03682950804767415,0.07665330171585083,-0.14157021045684814,-0.02044928180811212
Two,0.0,0.0,0.0,-0.033205389976501465,-0.08099085092544556,0.000886334846597947,-0.02982315421104431,-0.15602809190750122,-0.010592015709391944,0.004620105028152466,-0.1998113989830017,-0.02319096798788678,0.03962749242782593,-0.21113872528076172,-0.03603314446996819,-0.0275811105966568,-0.1972314715385437,-0.03939978989552628,-0.021743357181549072,-0.31189414858818054,-0.05949986564706933,-0.01928013563156128,-0.381081223487854,-0.06883840101551186,-0.01766309142112732,-0.43295377492904663,-0.07283944475244652,0.015867382287979126,-0.185535728931427,-0.04872983905266892,0.04864123463630676,-0.30731847882270813,-0.06436827617477547,0.0662030577659607,-0.3778078556060791,-0.06972373115610253,0.08035498857498169,-0.426341712474823,-0.07185818093608987,0.05650976300239563,-0.16055232286453247,-0.05435066508840691,0.07900673151016235,-0.23497715592384338,-0.06388532208990227,0.06565681099891663,-0.21333277225494385,-0.05250361400436532,0.053370535373687744,-0.1837449073791504,-0.04086766975711953,0.0909423828125,-0.1294751763343811,-0.06002409222315919,0.09706217050552368,-0.1781441569328308,-0.058473123486749046,0.08452516794204712,-0.16007250547409058,-0.040232790883294456,0.07715234160423279,-0.13749390840530396,-0.024164179589263313
Two,0.0,0.0,0.0,-0.033377379179000854,-0.08073872327804565,0.0006769268397306405,-0.029889404773712158,-0.15701735019683838,-0.010429361337230603,0.005135387182235718,-0.20141702890396118,-0.022402825267420212,0.039620548486709595,-0.21218466758728027,-0.03468309572468797,-0.027500689029693604,-0.19746869802474976,-0.039945899011001984,-0.021768122911453247,-0.3125891089439392,-0.059299538345442215,-0.019422680139541626,-0.38193055987358093,-0.06788983425627748,-0.018090933561325073,-0.4337897300720215,-0.07133109352122347,0.016025841236114502,-0.18549031019210815,-0.0488162957740883,0.049196988344192505,-0.30762484669685364,-0.06392267575989763,0.06653234362602234,-0.37849074602127075,-0.06869746974240343,0.0803510844707489,-0.4270640015602112,-0.07038734337817232,0.056402236223220825,-0.16099989414215088,-0.05393419271837274,0.07955160737037659,-0.23543423414230347,-0.06311155340205232,0.06543993949890137,-0.2143968939781189,-0.05185228815804521,0.05253857374191284,-0.1851540207862854,-0.04026597967873613,0.09018510580062866,-0.13089150190353394,-0.05906379079948465,0.09701982140541077,-0.18090790510177612,-0.05705806097518007,0.08394268155097961,-0.16328662633895874,-0.03883881724010507,0.0762331485748291,-0.14098727703094482,-0.022858458073244492
Two,0.0,0.0,0.0,-0.03380820155143738,-0.08126920461654663,-0.0002959527786288163,-0.03007139265537262,-0.15706175565719604,-0.012170923787721222,0.005177974700927734,-0.2008267641067505,-0.024714125234254425,0.04031360149383545,-0.2115420699119568,-0.037450009870894974,-0.027303367853164673,-0.1954059600830078,-0.04144364773071629,-0.021830439567565918,-0.31106895208358765,-0.06132069407738072,-0.019138753414154053,-0.3802737593650818,-0.06995666204727513,-0.017409205436706543,-0.43197011947631836,-0.07320326744354588,0.01690012216567993,-0.18288230895996094,-0.0498405675474487,0.04987752437591553,-0.30616310238838196,-0.06551030455864293,0.06699568033218384,-0.3774847984313965,-0.07016610531843526,0.08057314157485962,-0.42652028799057007,-0.07158152936733586,0.0578923225402832,-0.15843015909194946,-0.05455363719499928,0.07896485924720764,-0.23438400030136108,-0.06454376308954579,0.06438702344894409,-0.2138962745666504,-0.05356436400450093,0.05153268575668335,-0.1846103072166443,-0.041824093002446716,0.09205025434494019,-0.12888073921203613,-0.05926842047608716,0.09720456600189209,-0.18061786890029907,-0.05762766106761319,0.08372646570205688,-0.163177490234375,-0.039412794548638885,0.07610705494880676,-0.14057588577270508,-0.02330182484126908
Two,0.0,0.0,0.0,-0.03368942439556122,-0.0808369517326355,-0.0008163260293940766,-0.029825985431671143,-0.1578800082206726,-0.012580735748429106,0.006511986255645752,-0.20107245445251465,-0.024905188148636626,0.041992515325546265,-0.2109355926513672,-0.037417441746015356,-0.02731005847454071,-0.19637268781661987,-0.041309330751914786,-0.022523507475852966,-0.31223776936531067,-0.06070004417540531,-0.019874781370162964,-0.3813916742801666,-0.06898447140099506,-0.017882943153381348,-0.4333375096321106,-0.0720610992515276,0.01675274968147278,-0.1834515929222107,-0.04943179353119831,0.048425108194351196,-0.305794894695282,-0.0648058877790163,0.06574684381484985,-0.37752649188041687,-0.06936107589842777,0.08022689819335938,-0.42763346433639526,-0.07078314586522083,0.057647496461868286,-0.15871018171310425,-0.05398673578145008,0.07866033911705017,-0.23324280977249146,-0.06402228786589603,0.06415393948554993,-0.212632954120636,-0.05332544087411861,0.0516434907913208,-0.18352431058883667,-0.0417452679479311,0.09188559651374817,-0.1290907859802246,-0.05858510746600132,0.0974816083908081,-0.1818205714225769,-0.05718760951401691,0.08399045467376709,-0.16425883769989014,-0.03926458596231441,0.0766342282295227,-0.14162683486938477,-0.02339758551659088
Two,0.0,0.0,0.0,-0.03394162654876709,-0.07931637763977051,-0.000656571765659919,-0.030691713094711304,-0.155856192111969,-0.012438008738911321,0.0040433406829833984,-0.20064330101013184,-0.02495014498964565,0.03881353139877319,-0.2116680145263672,-0.03765166568592804,-0.028180629014968872,-0.19587719440460205,-0.041239421991861036,-0.023386016488075256,-0.31267625093460083,-0.06074522825912254,-0.020173534750938416,-0.3820667266845703,-0.06863129529193657,-0.01794382929801941,-0.4337543249130249,-0.07127204927638786,0.014887571334838867,-0.18411296606063843,-0.049582783309972456,0.04742324352264404,-0.3068886697292328,-0.06552103552058952,0.06519603729248047,-0.37883803248405457,-0.07019774260953682,0.07944801449775696,-0.4287818670272827,-0.07134545239642875,0.055320173501968384,-0.1599453091621399,-0.054353509275472334,0.07659104466438293,-0.23284772038459778,-0.06510980072454231,0.0627012848854065,-0.2105410099029541,-0.054576911209380796,0.050708621740341187,-0.18074476718902588,-0.042749799965179136,0.08971226215362549,-0.13057512044906616,-0.05910743418172615,0.0959053635597229,-0.18090301752090454,-0.05844554322794693,0.08283597230911255,-0.1621885895729065,-0.04089371132687347,0.07563900947570801,-0.13934344053268433,-0.024965025661742857
Two,0.0,0.0,0.0,-0.033465057611465454,-0.08059149980545044,0.0035286352219259243,-0.02888152003288269,-0.15695077180862427,-0.007589963758903195,0.004442065954208374,-0.203669011592865,-0.02010078824179118,0.038092613220214844,-0.2161960005760193,-0.03329834624247496,-0.0268087238073349,-0.1992727518081665,-0.04123964070396369,-0.021427273750305176,-0.31348717212677,-0.06179411246495192,-0.018942058086395264,-0.3840073347091675,-0.07163957043604796,-0.017228901386260986,-0.4363679587841034,-0.07598735674338286,0.014567404985427856,-0.18776565790176392,-0.05128979965166991,0.047502726316452026,-0.31047573685646057,-0.06722603275494521,0.0667928159236908,-0.38352224230766296,-0.07277252807335799,0.08256557583808899,-0.4331526756286621,-0.07514749749617522,0.05449146032333374,-0.16346514225006104,-0.056903011194037845,0.07689264416694641,-0.23483258485794067,-0.06380505397038405,0.06374791264533997,-0.21424651145935059,-0.050301066628264834,0.051713019609451294,-0.18575769662857056,-0.03787601276354735,0.08897382020950317,-0.13280701637268066,-0.06253566875176375,0.09671851992607117,-0.18476063013076782,-0.05804005174951499,0.084297776222229,-0.1672765016555786,-0.037716436228322436,0.07690688967704773,-0.14502859115600586,-0.0205405736626858
Two,0.0,0.0,0.0,-0.03195852041244507,-0.08075273036956787,0.004863325277710828,-0.027917027473449707,-0.15673017501831055,-0.005376634416734305,0.0043159425258636475,-0.20526474714279175,-0.017331345235561457,0.03761759400367737,-0.21911531686782837,-0.029705789168929186,-0.0274345725774765,-0.20147281885147095,-0.03859984338805589,-0.021521300077438354,-0.3167634606361389,-0.05841247574016961,-0.018508121371269226,-0.3871317505836487,-0.06771028250977906,-0.01645568013191223,-0.43930748105049133,-0.07164668500945481,0.013977795839309692,-0.18958133459091187,-0.049112403994058695,0.04764217138290405,-0.3122473359107971,-0.06480390042588624,0.06762319803237915,-0.3853223919868469,-0.07039624661729249,0.08349820971488953,-0.43518874049186707,-0.07278229505345735,0.053921669721603394,-0.16552048921585083,-0.05521438479945573,0.07834866642951965,-0.23647421598434448,-0.06234485865161332,0.06550446152687073,-0.21514874696731567,-0.04922596201822671,0.05293872952461243,-0.18619972467422485,-0.036881929492210475,0.08851033449172974,-0.13558006286621094,-0.06120105669424447,0.0977277159690857,-0.18640857934951782,-0.05678384215161714,0.08516648411750793,-0.16847676038742065,-0.03687481418774041,0.07694017887115479,-0.14583325386047363,-0.01992862880752
Two,0.0,0.0,0.0,-0.0321708619594574,-0.08097505569458008,0.006107942618939433,-0.027010232210159302,-0.156924307346344,-0.0035832585314778953,0.005305439233779907,-0.20564252138137817,-0.015180397826668468,0.03880584239959717,-0.21888506412506104,-0.0271323137464492,-0.027919501066207886,-0.20259392261505127,-0.03724372391724273,-0.021906226873397827,-0.31719332933425903,-0.05666403477215454,-0.019102811813354492,-0.3878641724586487,-0.06588031356358215,-0.017331063747406006,-0.44034162163734436,-0.06983106588148758,0.013393908739089966,-0.1917562484741211,-0.04795937244915649,0.04753747582435608,-0.31301993131637573,-0.06361082946085617,0.06753215193748474,-0.38639459013938904,-0.06968413298153564,0.08322083950042725,-0.43656641244888306,-0.07246202235245391,0.053466469049453735,-0.16878092288970947,-0.05401565139317199,0.07883685827255249,-0.23599818348884583,-0.059796642560002056,0.06632229685783386,-0.21432942152023315,-0.0462939590694873,0.05373352766036987,-0.18574970960617065,-0.034012004781004634,0.08826500177383423,-0.13991320133209229,-0.060019496876236644,0.09799391031265259,-0.1854117512702942,-0.054055534351107326,0.08553236722946167,-0.1668875813484192,-0.03399708871864959,0.07716631889343262,-0.14445167779922485,-0.01715207290970966
Two,0.0,0.0,0.0,-0.03418050706386566,-0.07992637157440186,0.004664954052998382,-0.029586344957351685,-0.15668636560440063,-0.0056813347397906,0.004281729459762573,-0.20491796731948853,-0.017595969351248186,0.03916338086128235,-0.21895498037338257,-0.02974335870356981,-0.03042963147163391,-0.20235991477966309,-0.03962618878694002,-0.02544766664505005,-0.31726354360580444,-0.06013850143762056,-0.023237615823745728,-0.38827651739120483,-0.06999957582564775,-0.021454885601997375,-0.44107526540756226,-0.0742782281956238,0.011242210865020752,-0.1913478970527649,-0.04976539334865038,0.04511505365371704,-0.31395527720451355,-0.0664044322690529,0.06553339958190918,-0.3878578543663025,-0.07253211012692873,0.08161357045173645,-0.43927010893821716,-0.07526384315104906,0.051494479179382324,-0.16849470138549805,-0.055429004343466204,0.07849445939064026,-0.23862391710281372,-0.06275967529626314,0.06640258431434631,-0.2171345353126526,-0.04961793890805666,0.05371496081352234,-0.1882990002632141,-0.03719713187427942,0.08644622564315796,-0.14001178741455078,-0.06104175394983713,0.09721708297729492,-0.18839824199676514,-0.056426298083977144,0.08478689193725586,-0.170665442943573,-0.03678698486299936,0.07616335153579712,-0.14866137504577637,-0.020020999225096148
Two,0.0,0.0,0.0,-0.03357246518135071,-0.07973802089691162,0.0070459605515793555,-0.029261037707328796,-0.1559024453163147,-0.0024299870389654643,0.0024885088205337524,-0.20666563510894775,-0.013839364485363603,0.03630988299846649,-0.22449880838394165,-0.025398104885141493,-0.0312165766954422,-0.20252400636672974,-0.03881782802335465,-0.0259140282869339,-0.3191406726837158,-0.06045558440081322,-0.023796096444129944,-0.39162006974220276,-0.07140921565286362,-0.021887511014938354,-0.44514200091362,-0.07629993321887696,0.009700104594230652,-0.1917964220046997,-0.049797625714461446,0.04353310167789459,-0.31585216522216797,-0.06786638262263978,0.06380639970302582,-0.3904356360435486,-0.07493804159156525,0.07902102172374725,-0.44186386466026306,-0.07816741379491532,0.05003632605075836,-0.1701897382736206,-0.05595642092220032,0.0781574696302414,-0.24188348650932312,-0.06331839176408494,0.06702189147472382,-0.22142308950424194,-0.04957740517846787,0.05423249304294586,-0.19323956966400146,-0.036771809184472204,0.08512495458126068,-0.14302736520767212,-0.06192908572546685,0.09723906219005585,-0.19116246700286865,-0.05673607575289452,0.08524580299854279,-0.17346340417861938,-0.03658897193662369,0.07620315253734589,-0.15179359912872314,-0.019411874437253118
Two,0.0,0.0,0.0,-0.03367091715335846,-0.07853221893310547,0.006398158934416642,-0.030187278985977173,-0.15642595291137695,-0.002737786532861719,0.0018356740474700928,-0.20930397510528564,-0.013415436870900521,0.03594633936882019,-0.22863399982452393,-0.024106598138359914,-0.03169192373752594,-0.20325595140457153,-0.03915502378299607,-0.02631637454032898,-0.32033586502075195,-0.05968147763564957,-0.024063482880592346,-0.3920257091522217,-0.06979733580305947,-0.0223865807056427,-0.44507965445518494,-0.07433440411045922,0.009075179696083069,-0.19224870204925537,-0.0496515321131028,0.042611926794052124,-0.31717297434806824,-0.0670455979700364,0.06275162100791931,-0.3910277485847473,-0.07392573976471795,0.07788872718811035,-0.442103773355484,-0.07719789320185555,0.0489233136177063,-0.17021143436431885,-0.0553171510393895,0.07808879017829895,-0.2443576157093048,-0.06303149336531533,0.06655839085578918,-0.22288483381271362,-0.04971738779499901,0.05338749289512634,-0.19405514001846313,-0.03723901757552994,0.08393755555152893,-0.14273935556411743,-0.060701480745819936,0.09695234894752502,-0.19168215990066528,-0.05673966059043778,0.08432447910308838,-0.1732945442199707,-0.037483947962073216,0.07467696070671082,-0.1518809199333191,-0.02087874585345162
Two,0.0,0.0,0.0,-0.03257133066654205,-0.07967787981033325,0.008934019327341503,-0.028529226779937744,-0.15738648176193237,0.000643674187074339,0.0017127692699432373,-0.21085399389266968,-0.009832759193898255,0.035093411803245544,-0.23162084817886353,-0.02047150003892284,-0.031193137168884277,-0.20559149980545044,-0.03649663719517093,-0.026009678840637207,-0.3219682574272156,-0.05760426613670688,-0.02488449215888977,-0.39381009340286255,-0.06882416251283985,-0.024313196539878845,-0.44702255725860596,-0.07407782766205173,0.008793249726295471,-0.19486862421035767,-0.048064442157567555,0.04262624680995941,-0.31959933042526245,-0.06496585699898105,0.06263826787471771,-0.39372459053993225,-0.07198063078504902,0.07714028656482697,-0.44514670968055725,-0.07550783994776111,0.04834012687206268,-0.17321115732192993,-0.05467033180576664,0.07844333350658417,-0.24646466970443726,-0.06084164771419864,0.06705842912197113,-0.22522926330566406,-0.04672555419784885,0.05331502854824066,-0.19666868448257446,-0.03404709491115909,0.08282409608364105,-0.1455250382423401,-0.06098551842552524,0.09722261130809784,-0.1938077211380005,-0.055465685009778554,0.0848851352930069,-0.17551225423812866,-0.03537062722426754,0.07509486377239227,-0.15392756462097168,-0.018293570533217007
Two,0.0,0.0,0.0,-0.032127946615219116,-0.0798943042755127,0.009513255322531222,-0.028703704476356506,-0.15752637386322021,0.0007818597924824644,0.0013042092323303223,-0.21099722385406494,-0.010362774019881726,0.0355091392993927,-0.23130428791046143,-0.021734941636964322,-0.0320965051651001,-0.20605850219726562,-0.03770309861545229,-0.026612967252731323,-0.3232906460762024,-0.059657310953184606,-0.02551458775997162,-0.3955337405204773,-0.07136664714460039,-0.025041967630386353,-0.4491004943847656,-0.0768849867189374,0.007400289177894592,-0.19491922855377197,-0.04981792147998476,0.04195508360862732,-0.3206844925880432,-0.06795094337110186,0.06216788291931152,-0.3952023983001709,-0.07525992568378115,0.07649248838424683,-0.44720348715782166,-0.07888348575477266,0.04703330993652344,-0.1731700301170349,-0.05680194299463892,0.07856777310371399,-0.2476678192615509,-0.063804099222466,0.06777477264404297,-0.22488060593605042,-0.048857139309689046,0.05416718125343323,-0.19555234909057617,-0.035412354280992986,0.08223080635070801,-0.14537930488586426,-0.06343236740474367,0.09856909513473511,-0.19638943672180176,-0.058010021110817434,0.08653858304023743,-0.17630863189697266,-0.036908278127953054,0.07653388381004333,-0.15353870391845703,-0.019054593404575826
Two,0.0,0.0,0.0,-0.032710716128349304,-0.07974004745483398,0.010152036274462262,-0.030248969793319702,-0.15741509199142456,0.001474633646807888,-0.0012242794036865234,-0.21208399534225464,-0.009707379204542121,0.03275705873966217,-0.2339789867401123,-0.02099087001136013,-0.034903839230537415,-0.20611220598220825,-0.037733019379288635,-0.028382092714309692,-0.3236984610557556,-0.0594965043043203,-0.02732391655445099,-0.3957974910736084,-0.07082031392803856,-0.02718566358089447,-0.4491117596626282,-0.07605427229157158,0.004220753908157349,-0.19516867399215698,-0.05011698329201408,0.03952805697917938,-0.3204007148742676,-0.06857153498879143,0.06010492146015167,-0.3949683904647827,-0.0757129537438459,0.07423864305019379,-0.4474799633026123,-0.07918575131645866,0.043942078948020935,-0.17407536506652832,-0.05722516500702568,0.07769785821437836,-0.2474069595336914,-0.06398178362599083,0.06772749125957489,-0.22500532865524292,-0.04855882102003761,0.053778186440467834,-0.1964150071144104,-0.034913440284640274,0.07964985072612762,-0.14664554595947266,-0.06397732817879387,0.09839929640293121,-0.19605886936187744,-0.057934590665013275,0.08702178299427032,-0.1761319637298584,-0.03646647283187576,0.07639755308628082,-0.15367358922958374,-0.01847520009926029
Two,0.0,0.0,0.0,-0.03215360641479492,-0.08104938268661499,0.011455208647646486,-0.02919924259185791,-0.15841931104660034,0.0027528578672786352,0.0001748800277709961,-0.21252012252807617,-0.008707162339590013,0.03485390543937683,-0.23363444209098816,-0.02034312428196472,-0.03488902747631073,-0.2074856162071228,-0.03702350274880928,-0.02815067768096924,-0.32634490728378296,-0.058590161960921705,-0.02790483832359314,-0.39956656098365784,-0.06975819484551948,-0.027966588735580444,-0.45304909348487854,-0.07500551955064338,0.00473390519618988,-0.1978459358215332,-0.050204511147342146,0.0396081805229187,-0.3234703540802002,-0.06933411524852318,0.059649497270584106,-0.3988454341888428,-0.07731162325700325,0.07365661859512329,-0.45070943236351013,-0.08127849863132042,0.045115113258361816,-0.17688512802124023,-0.057695470165811,0.07807520031929016,-0.2495100498199463,-0.06354042456706566,0.06801709532737732,-0.22730034589767456,-0.04731257946451706,0.053814440965652466,-0.19869273900985718,-0.03334182069858116,0.08089789748191833,-0.1488664746284485,-0.06482780293782753,0.09785661101341248,-0.19646763801574707,-0.05766161100228828,0.08692818880081177,-0.17725127935409546,-0.03522744716366333,0.07610979676246643,-0.15535485744476318,-0.016608854171238363
Two,0.0,0.0,0.0,-0.031991973519325256,-0.08261358737945557,0.011837709518260908,-0.029437527060508728,-0.15938901901245117,0.0031286459976058723,-0.0013204067945480347,-0.2134532332420349,-0.008537870077304888,0.03269736468791962,-0.23534300923347473,-0.020258429637067366,-0.03543008863925934,-0.20845484733581543,-0.036221423363201666,-0.028419598937034607,-0.3264637589454651,-0.05792478210281615,-0.02829432487487793,-0.399056613445282,-0.06900573260139709,-0.02826167643070221,-0.452305406332016,-0.07404197490762954,0.003958806395530701,-0.1979091763496399,-0.0496553752477098,0.0386398583650589,-0.32290172576904297,-0.06950309610914474,0.058939412236213684,-0.3979446291923523,-0.07784132397722487,0.07327757775783539,-0.44957149028778076,-0.08191896713327651,0.044457897543907166,-0.17640167474746704,-0.05738242826413398,0.0772075206041336,-0.24885293841362,-0.06405621505331283,0.06737317144870758,-0.22598707675933838,-0.04804159439157729,0.05355320870876312,-0.19734126329421997,-0.033924882477037954,0.0803433209657669,-0.14841753244400024,-0.06464899814676528,0.09684853255748749,-0.197343647480011,-0.05762156582426314,0.08612464368343353,-0.17733746767044067,-0.034893543636314917,0.07565991580486298,-0.15479975938796997,-0.015952396383397627
Two,0.0,0.0,0.0,-0.03186599910259247,-0.08302110433578491,0.012903982000182168,-0.029536977410316467,-0.15955400466918945,0.004320969031880395,-0.0018567442893981934,-0.21408087015151978,-0.007424586760123475,0.03217506408691406,-0.23624366521835327,-0.019252986489107116,-0.035469457507133484,-0.20843970775604248,-0.03614625225799273,-0.029280155897140503,-0.3276541829109192,-0.057978126062323554,-0.02904890477657318,-0.4009779095649719,-0.06885378326313685,-0.028570368885993958,-0.45468631386756897,-0.07363543177979182,0.003944233059883118,-0.19812887907028198,-0.050092379404475196,0.03893132507801056,-0.32427892088890076,-0.07079112793343256,0.05925069749355316,-0.40048080682754517,-0.07916172857420634,0.0734858363866806,-0.45267951488494873,-0.08294628079073618,0.044626638293266296,-0.17662429809570312,-0.05812529365556429,0.07716290652751923,-0.24843508005142212,-0.06486791635887812,0.06706474721431732,-0.22606366872787476,-0.04821318279044817,0.053068920969963074,-0.19747430086135864,-0.033453400088717444,0.08044050633907318,-0.1482691764831543,-0.06562321151631068,0.09776492416858673,-0.198733389377594,-0.05812828133838366,0.08682762086391449,-0.17851465940475464,-0.03460986430781077,0.07609094679355621,-0.15524286031723022,-0.015003865426649554
Two,0.0,0.0,0.0,-0.031258776783943176,-0.08412027359008789,0.01426599885297719,-0.028938382863998413,-0.15970343351364136,0.005985739295908843,-0.0013364702463150024,-0.2130095362663269,-0.005617779558917846,0.032705843448638916,-0.23341771960258484,-0.017269925559332933,-0.035015374422073364,-0.20825952291488647,-0.0356256043262988,-0.028659164905548096,-0.32759320735931396,-0.05704053618984517,-0.028570890426635742,-0.4004059135913849,-0.0675140520282298,-0.028000295162200928,-0.45330700278282166,-0.07208057248072919,0.004439249634742737,-0.1968899369239807,-0.05005113535600003,0.03953307867050171,-0.32363471388816833,-0.07072314375119504,0.05936029553413391,-0.3995228409767151,-0.07903521263079938,0.07340294122695923,-0.45065823197364807,-0.0828578522153407,0.045083314180374146,-0.17453014850616455,-0.058313128883412446,0.07761573791503906,-0.24745574593544006,-0.0643235122509509,0.06668785214424133,-0.2259984016418457,-0.04722628497557935,0.05241626501083374,-0.1978045105934143,-0.03239360206799802,0.08064538240432739,-0.1455257534980774,-0.06593069934325513,0.09695139527320862,-0.196749746799469,-0.057484363550713624,0.08582475781440735,-0.17715203762054443,-0.03344037511425313,0.0754065215587616,-0.15421342849731445,-0.013645870956054296
Two,0.0,0.0,0.0,-0.031645163893699646,-0.08446931838989258,0.013536874873011584,-0.029156535863876343,-0.15987533330917358,0.005087824275165076,-0.0008300095796585083,-0.2122519314289093,-0.006553569606126075,0.03334195911884308,-0.2312135398387909,-0.018302968966395383,-0.03484046459197998,-0.20809507369995117,-0.035868711101443296,-0.028491243720054626,-0.32725998759269714,-0.057019329893023496,-0.028653353452682495,-0.3996216654777527,-0.06738520346823407,-0.02839609980583191,-0.4523366093635559,-0.07198960267248822,0.0055601149797439575,-0.19657135009765625,-0.04995871268454266,0.03989751636981964,-0.32320696115493774,-0.07004333220663739,0.05921100080013275,-0.3991745412349701,-0.07823325626793576,0.07307486236095428,-0.4505649507045746,-0.08212479882183743,0.04670514166355133,-0.17367786169052124,-0.05798137493673039,0.07715971767902374,-0.24751326441764832,-0.06387964569273663,0.06608904898166656,-0.2259587049484253,-0.047184973287016874,0.05225558578968048,-0.19734829664230347,-0.03273110397401524,0.08276711404323578,-0.14403289556503296,-0.06538656287136746,0.09692482650279999,-0.19492310285568237,-0.05728002943340016,0.08524678647518158,-0.17531216144561768,-0.03367453746739102,0.07504342496395111,-0.15214073657989502,-0.014243822807998185
Two,0.0,0.0,0.0,-0.03213323652744293,-0.08560776710510254,0.013778365971973017,-0.02849973738193512,-0.16144013404846191,0.0056216305219436435,0.00045000016689300537,-0.21439403295516968,-0.005690385764012262,0.035226210951805115,-0.23311877250671387,-0.01715774479276888,-0.033540502190589905,-0.208709716796875,-0.035491699529359266,-0.027175262570381165,-0.32834041118621826,-0.057048233402440474,-0.027826085686683655,-0.4018014073371887,-0.06789568270511381,-0.02756589651107788,-0.455594539642334,-0.0726746266610121,0.007128119468688965,-0.1976282000541687,-0.04915346781677954,0.04054553806781769,-0.324423611164093,-0.06956731731958143,0.059718385338783264,-0.4012163281440735,-0.07799937034911864,0.07374267280101776,-0.45322489738464355,-0.0818398168212866,0.04892463982105255,-0.17515206336975098,-0.05663673783607237,0.07732610404491425,-0.24871551990509033,-0.06223323400087111,0.06608940660953522,-0.2290343940258026,-0.04553291405505888,0.05258415639400482,-0.2012767195701599,-0.030851064426371977,0.08505351841449738,-0.14565110206604004,-0.06350717152423613,0.09831319749355316,-0.19870948791503906,-0.054491659802863524,0.08645902574062347,-0.18023794889450073,-0.030333509845206663,0.07682837545871735,-0.1568770408630371,-0.010395579216549322
Two,0.0,0.0,0.0,-0.032280221581459045,-0.08438926935195923,0.011798576715705167,-0.027642101049423218,-0.16037094593048096,0.0033055465047482357,0.0034887492656707764,-0.2127264440059662,-0.008239993561687697,0.039687901735305786,-0.23018407821655273,-0.0200593692405846,-0.03351368010044098,-0.20970934629440308,-0.03424843001801037,-0.027287006378173828,-0.32934218645095825,-0.05452851179677509,-0.027194708585739136,-0.4019242525100708,-0.06451512101727985,-0.026891186833381653,-0.4554359018802643,-0.06868642542201542,0.007882833480834961,-0.19914156198501587,-0.047261830155434836,0.0418870747089386,-0.3244662880897522,-0.06532166871863865,0.061070650815963745,-0.40061816573143005,-0.07312989953595661,0.07478019595146179,-0.4528372883796692,-0.07673862550097965,0.049413055181503296,-0.17673957347869873,-0.054652780030551185,0.07656961679458618,-0.24721580743789673,-0.06010461944777035,0.065611332654953,-0.22710609436035156,-0.045325420533004035,0.052417635917663574,-0.19968336820602417,-0.031932320181908835,0.08532756567001343,-0.14786940813064575,-0.06152656647998356,0.09732955694198608,-0.1991986632347107,-0.05316130045491718,0.08594581484794617,-0.1804092526435852,-0.030451800410332908,0.07696473598480225,-0.1571217179298401,-0.011589271683874358
Two,0.0,0.0,0.0,-0.03240445256233215,-0.08445799350738525,0.011824057303726931,-0.02792048454284668,-0.16000664234161377,0.0033859301883580883,0.004171103239059448,-0.21111416816711426,-0.008162532135486344,0.04085579514503479,-0.22754588723182678,-0.020047122746348123,-0.033153146505355835,-0.20825457572937012,-0.03396021960639928,-0.02726837992668152,-0.3284608721733093,-0.053742155566453675,-0.02693141996860504,-0.40066686272621155,-0.06323346136474584,-0.026531532406806946,-0.4539579153060913,-0.06707486896181081,0.008222192525863647,-0.1984245777130127,-0.047009036078691224,0.04201686382293701,-0.32435500621795654,-0.06421450166368459,0.06135931611061096,-0.40014341473579407,-0.07142272977495168,0.07531547546386719,-0.4518558084964752,-0.07471294341945622,0.04961305856704712,-0.1763674020767212,-0.05453208847308133,0.07671383023262024,-0.2463265359401703,-0.05923504395747159,0.06581425666809082,-0.22621476650238037,-0.04453468336129163,0.052611202001571655,-0.198697030544281,-0.03139966739678357,0.08523932099342346,-0.1476142406463623,-0.06158551959657643,0.09715533256530762,-0.19836372137069702,-0.05266566960477803,0.08584585785865784,-0.18027561902999878,-0.030135061725616197,0.07681608200073242,-0.15737050771713257,-0.011597545019924382
Two,0.0,0.0,0.0,-0.03144969046115875,-0.08543479442596436,0.012240635016610213,-0.026895225048065186,-0.1610361933708191,0.003944334825177975,0.004847705364227295,-0.21190506219863892,-0.007480849260787181,0.04089003801345825,-0.22768333554267883,-0.019189770547995977,-0.03172019124031067,-0.20978456735610962,-0.033337165816078596,-0.02562659978866577,-0.3288230299949646,-0.05265801142002147,-0.025353312492370605,-0.4003066420555115,-0.06201983357811969,-0.025259077548980713,-0.45326951146125793,-0.06605447198296588,0.01010805368423462,-0.1991579532623291,-0.04676108176852267,0.04393857717514038,-0.3244823217391968,-0.06381021554614108,0.06298032402992249,-0.40008705854415894,-0.07149241234208148,0.07678359746932983,-0.45223286747932434,-0.0753349077239136,0.051501840353012085,-0.17600780725479126,-0.05454438294316333,0.07753977179527283,-0.24627497792243958,-0.059207913680324964,0.0660446286201477,-0.22538888454437256,-0.04453718031788867,0.05264323949813843,-0.19774329662322998,-0.031604589177618436,0.08726677298545837,-0.14607912302017212,-0.061804690612802915,0.09754985570907593,-0.19605815410614014,-0.05324134717727702,0.08566209673881531,-0.17727196216583252,-0.030830261512051038,0.07660067081451416,-0.15412747859954834,-0.012431605933556966
Two,0.0,0.0,0.0,-0.031545475125312805,-0.08604401350021362,0.010113967032168603,-0.02641385793685913,-0.16157156229019165,0.0014226921219346877,0.006796807050704956,-0.21086537837982178,-0.010398300915028358,0.04331262409687042,-0.22543981671333313,-0.022287928118373657,-0.03278404474258423,-0.21025323867797852,-0.03149911443796327,-0.025912195444107056,-0.32879018783569336,-0.05041308383550813,-0.025080040097236633,-0.39985623955726624,-0.05955645124521425,-0.024906709790229797,-0.45288071036338806,-0.06334469522442987,0.009576335549354553,-0.1996437907218933,-0.04445920567121675,0.043752238154411316,-0.32301121950149536,-0.060976449950601364,0.06304918229579926,-0.39879852533340454,-0.0686088880440252,0.07729624211788177,-0.4519323408603668,-0.07230009938683679,0.051202431321144104,-0.1765567660331726,-0.05242476294841936,0.07696138322353363,-0.2454507052898407,-0.058283225252296234,0.06553788483142853,-0.22407174110412598,-0.045041278555061126,0.05238606035709381,-0.19627541303634644,-0.03259910698142221,0.08737091720104218,-0.14704912900924683,-0.06004216577019861,0.09740547835826874,-0.1965256929397583,-0.052406963511373306,0.08574984967708588,-0.17803621292114258,-0.030820716722871566,0.07710696756839752,-0.15487205982208252,-0.012859945735897327
Two,0.0,0.0,0.0,-0.03176805377006531,-0.08521473407745361,0.01087895964457175,-0.026802465319633484,-0.16084855794906616,0.002603569973246067,0.006520584225654602,-0.2111770510673523,-0.008656287591918499,0.0432896614074707,-0.22621282935142517,-0.020100166115923912,-0.032711103558540344,-0.20936083793640137,-0.03189170456306556,-0.02589718997478485,-0.328224778175354,-0.05031273982302764,-0.025277405977249146,-0.39926213026046753,-0.059064132187529594,-0.025178968906402588,-0.45223209261894226,-0.06264676621930221,0.009504437446594238,-0.19991350173950195,-0.04457742816583732,0.043399542570114136,-0.3235403299331665,-0.06037910378353217,0.06293639540672302,-0.3986918330192566,-0.06759540459887603,0.0771242082118988,-0.4509642422199249,-0.07111092380063155,0.05118754506111145,-0.17787742614746094,-0.05201627037303069,0.07727530598640442,-0.2450539469718933,-0.05651207736508468,0.0663989782333374,-0.2240714430809021,-0.04287683686987975,0.05320736765861511,-0.1966678500175476,-0.03056246883051017,0.08703401684761047,-0.14910906553268433,-0.05907024911419967,0.09753817319869995,-0.1967676877975464,-0.050621149156256706,0.0861770510673523,-0.17794305086135864,-0.02902399285511592,0.07745698094367981,-0.15497583150863647,-0.01120785905794719
Two,0.0,0.0,0.0,-0.031156808137893677,-0.08569443225860596,0.011396006795223457,-0.025849342346191406,-0.16056644916534424,0.0030766640534807266,0.007210060954093933,-0.21027374267578125,-0.008311003332380551,0.04362568259239197,-0.22506433725357056,-0.019981537831370133,-0.031552642583847046,-0.2105245590209961,-0.0319581915413778,-0.024659350514411926,-0.3291996121406555,-0.05004842847341706,-0.02385331690311432,-0.40018361806869507,-0.0586063292598169,-0.02370631694793701,-0.45297667384147644,-0.06215060770267655,0.011059850454330444,-0.20095133781433105,-0.04502519488090684,0.04529586434364319,-0.3245335519313812,-0.06044487923139741,0.06445583701133728,-0.3998536169528961,-0.06758536293858697,0.07844308018684387,-0.4516631066799164,-0.07113587006682565,0.05266299843788147,-0.17831099033355713,-0.05270906060690095,0.07807096838951111,-0.24537304043769836,-0.056414048073236245,0.06639072299003601,-0.22471517324447632,-0.042368209806625146,0.05288064479827881,-0.19752240180969238,-0.030050099713150757,0.08836665749549866,-0.14850807189941406,-0.05999944254512002,0.09764614701271057,-0.19600093364715576,-0.050930331346933144,0.08591592311859131,-0.1774383783340454,-0.02891335904354264,0.07734623551368713,-0.15448158979415894,-0.010918659043852585
Two,0.0,0.0,0.0,-0.03068755567073822,-0.086184561252594,0.010692902976359164,-0.02484068274497986,-0.16134697198867798,0.0026414565701884385,0.008705288171768188,-0.21132797002792358,-0.008459670333479608,0.045028895139694214,-0.22640123963356018,-0.0196380856021392,-0.031806886196136475,-0.21147572994232178,-0.030119631303762162,-0.024660900235176086,-0.3299391269683838,-0.047955650700544084,-0.023585796356201172,-0.400473952293396,-0.05653993771812793,-0.023268356919288635,-0.45314499735832214,-0.0599875337018716,0.010592684149742126,-0.2019357681274414,-0.04270934672496196,0.04471868276596069,-0.3242838680744171,-0.05737254382512447,0.06411266326904297,-0.39915186166763306,-0.06429997072956439,0.0783257782459259,-0.45113152265548706,-0.06771408752939578,0.05195683240890503,-0.179601788520813,-0.05027259500167247,0.07738003134727478,-0.24510282278060913,-0.053960975123857224,0.06542029976844788,-0.22419202327728271,-0.040665652467225755,0.051585614681243896,-0.19692283868789673,-0.02873231829545375,0.0873551070690155,-0.15013325214385986,-0.057542335106347764,0.09703299403190613,-0.19590044021606445,-0.04848545031092044,0.08486178517341614,-0.1771092414855957,-0.027072392268394196,0.07592692971229553,-0.15385198593139648,-0.009496652385507787
Two,0.0,0.0,0.0,-0.030729204416275024,-0.08674228191375732,0.011144507538290327,-0.026023387908935547,-0.1619606614112854,0.00329235438420028,0.007229238748550415,-0.21088135242462158,-0.0076813918056473085,0.044272229075431824,-0.22455045580863953,-0.01861816751608103,-0.031060397624969482,-0.20962560176849365,-0.02973869922408312,-0.023847803473472595,-0.32661521434783936,-0.04714077259251326,-0.02313549816608429,-0.39668697118759155,-0.05527307013818472,-0.022885307669639587,-0.44885504245758057,-0.05853914017626494,0.01082545518875122,-0.20047342777252197,-0.04255469809123724,0.04441137611865997,-0.32139554619789124,-0.0579174898082897,0.06303386390209198,-0.3956783413887024,-0.06509295771667212,0.07711894810199738,-0.4465481638908386,-0.06876064012595862,0.05227862298488617,-0.1786087155342102,-0.05017115841457098,0.07834546267986298,-0.24373692274093628,-0.05359361986467093,0.0654095858335495,-0.22329181432724,-0.039589996587722,0.051163122057914734,-0.19642066955566406,-0.027486437138406927,0.08800651133060455,-0.1498052477836609,-0.0575425654167816,0.0978740006685257,-0.196721613407135,-0.047910525601594145,0.08588449656963348,-0.17836058139801025,-0.025776418995349104,0.07710035145282745,-0.15509510040283203,-0.007963265430419142
Two,0.0,0.0,0.0,-0.030631959438323975,-0.08414989709854126,0.008272897669655777,-0.02510935068130493,-0.15968024730682373,-0.0002738814662848199,0.009159952402114868,-0.20769500732421875,-0.011378564654307866,0.045903921127319336,-0.2215903401374817,-0.02247469384820988,-0.0310383141040802,-0.20712405443191528,-0.031596972389536404,-0.024684593081474304,-0.32463330030441284,-0.04909292121084263,-0.02329730987548828,-0.3941815495491028,-0.05706543360503247,-0.022480309009552002,-0.44602498412132263,-0.06007171679885914,0.011555954813957214,-0.19781523942947388,-0.043230923606472516,0.04404434561729431,-0.3191913366317749,-0.05742757280023625,0.06271237134933472,-0.3924410939216614,-0.06352458406837513,0.07664230465888977,-0.44290533661842346,-0.06640632708223393,0.0527893602848053,-0.17605233192443848,-0.05028769631536534,0.07793271541595459,-0.24102485179901123,-0.05497981120498707,0.06511169672012329,-0.2205176055431366,-0.042825310273485684,0.05093121528625488,-0.1930888295173645,-0.03157838691623738,0.08779370784759521,-0.14797520637512207,-0.05715119723828366,0.09659755229949951,-0.19348269701004028,-0.04962756742389729,0.08406555652618408,-0.1750301718711853,-0.029565836085396313,0.07519912719726562,-0.1515967845916748,-0.012986724047379994
Two,0.0,0.0,0.0,-0.03181132674217224,-0.08406782150268555,0.009333902035450592,-0.027370423078536987,-0.158957839012146,0.0014427164537664794,0.005207747220993042,-0.20727545022964478,-0.009116181175613747,0.0414714515209198,-0.22019746899604797,-0.019687105904722557,-0.030882030725479126,-0.2064693570137024,-0.030913514088297234,-0.023843586444854736,-0.3233990967273712,-0.048819580118561134,-0.02236485481262207,-0.39310207962989807,-0.057345000098848686,-0.021147489547729492,-0.44436177611351013,-0.060806349854374275,0.011435702443122864,-0.19745677709579468,-0.04259313363900219,0.0439513623714447,-0.317579448223114,-0.05743153859248196,0.062300801277160645,-0.39094406366348267,-0.06410802994241749,0.07649612426757812,-0.44037067890167236,-0.0674097174810413,0.05253422260284424,-0.17524558305740356,-0.04942974541654621,0.07738032937049866,-0.23942577838897705,-0.05309071485271488,0.06398564577102661,-0.21965831518173218,-0.03980526049008404,0.04999059438705444,-0.1925716996192932,-0.028125519867444382,0.08712717890739441,-0.1460033655166626,-0.05614128802289997,0.09577840566635132,-0.18945151567459106,-0.0478530237483028,0.08328121900558472,-0.17155414819717407,-0.02726279851367508,0.07491171360015869,-0.1490468978881836,-0.010342577475512371
Two,0.0,0.0,0.0,-0.03108653426170349,-0.08391314744949341,0.006598862610303513,-0.025723770260810852,-0.15833759307861328,-0.002425869670219072,0.00908079743385315,-0.20458418130874634,-0.013791543640650161,0.04641163349151611,-0.21600371599197388,-0.025044609070278057,-0.029859066009521484,-0.2041441798210144,-0.032067217141843685,-0.02338455617427826,-0.3196304142475128,-0.04976488670752133,-0.02183552086353302,-0.3882864713668823,-0.05838942176148976,-0.020850256085395813,-0.4391822814941406,-0.062152654141641506,0.012876927852630615,-0.19455748796463013,-0.04314774295733059,0.045379698276519775,-0.31325456500053406,-0.05705407655284489,0.06346076726913452,-0.3856661915779114,-0.06350355616257275,0.07770711183547974,-0.43455806374549866,-0.06706814488813961,0.05378583073616028,-0.17189544439315796,-0.04991506433532322,0.07749012112617493,-0.23647907376289368,-0.05443271642968739,0.06314080953598022,-0.21645665168762207,-0.042612567753053554,0.04904252290725708,-0.18896734714508057,-0.032102264672971614,0.08835595846176147,-0.14287269115447998,-0.05675290173337544,0.09554550051689148,-0.18493539094924927,-0.050264846742607006,0.08243048191070557,-0.16728001832962036,-0.03135144731447781,0.0742751955986023,-0.14493006467819214,-0.015776183665252574
Two,0.0,0.0,0.0,-0.03186795115470886,-0.0838136076927185,0.00545780104835103,-0.02616463601589203,-0.15819072723388672,-0.003647977716582318,0.009575828909873962,-0.20141643285751343,-0.014842426169025202,0.04695354402065277,-0.21036767959594727,-0.02594930096279313,-0.02898596227169037,-0.2033442258834839,-0.031204266238319178,-0.023345232009887695,-0.31742358207702637,-0.04757492965768506,-0.021264880895614624,-0.38471144437789917,-0.0554144678146713,-0.020116522908210754,-0.43479686975479126,-0.05898190266202619,0.014522477984428406,-0.1935628056526184,-0.04189987829636266,0.04667527973651886,-0.3104122281074524,-0.05407535261224439,0.06378503143787384,-0.3815264105796814,-0.05985908186744382,0.07772175967693329,-0.4303663372993469,-0.06336146942089727,0.0549650639295578,-0.17027348279953003,-0.04861818975518872,0.07658679783344269,-0.23442941904067993,-0.05238478607247998,0.06147362291812897,-0.21401041746139526,-0.04106279811571767,0.04781477153301239,-0.1862095594406128,-0.031240533802019854,0.08878202736377716,-0.14098167419433594,-0.055517650905358096,0.09185148775577545,-0.18118834495544434,-0.049425668779122134,0.07877789437770844,-0.16347867250442505,-0.03137552714656522,0.0716775506734848,-0.14116835594177246,-0.016623390603172084
Two,0.0,0.0,0.0,-0.030698180198669434,-0.08272016048431396,0.005924180933561729,-0.024813205003738403,-0.159093976020813,-0.0028341623569758667,0.012177824974060059,-0.20364618301391602,-0.013314067068222357,0.05012860894203186,-0.21251946687698364,-0.023667906093123747,-0.026347190141677856,-0.20370841026306152,-0.032465017082813574,-0.021138444542884827,-0.3182937204837799,-0.047543315830353094,-0.019387856125831604,-0.3847745656967163,-0.05404803404462655,-0.01885053515434265,-0.4342491626739502,-0.05694717788946946,0.017005175352096558,-0.19370120763778687,-0.04333485165489037,0.049280375242233276,-0.31201058626174927,-0.05438345173251946,0.06589537858963013,-0.3828476071357727,-0.059315032007816626,0.07981228828430176,-0.43145817518234253,-0.06242535138380845,0.05675101280212402,-0.170337975025177,-0.04997614273679574,0.07883349061012268,-0.2347499430179596,-0.05259635919583161,0.06223443150520325,-0.21378952264785767,-0.04064776623499711,0.047631680965423584,-0.18654382228851318,-0.030834070088985754,0.08988684415817261,-0.14073699712753296,-0.05672243485105355,0.09316188097000122,-0.18129700422286987,-0.05006771037233193,0.07979059219360352,-0.1626753807067871,-0.03172625848901589,0.07266324758529663,-0.1404561996459961,-0.017044745999100996
Two,0.0,0.0,0.0,-0.03000810742378235,-0.08304345607757568,0.004770808070304611,-0.02477838099002838,-0.159226655960083,-0.004675207511183999,0.012081503868103027,-0.20213252305984497,-0.01588781070023515,0.049810975790023804,-0.21035844087600708,-0.026880004294810078,-0.027323871850967407,-0.20335066318511963,-0.032024255805310986,-0.02242940664291382,-0.3167819678783417,-0.04834782969265916,-0.020836636424064636,-0.38334542512893677,-0.055768507384357235,-0.02002398669719696,-0.43352293968200684,-0.05900138136058786,0.015586614608764648,-0.1932828426361084,-0.04268351089268663,0.048021793365478516,-0.31127575039863586,-0.054706300460395596,0.06574586033821106,-0.382302463054657,-0.059940385483798764,0.08080413937568665,-0.43206220865249634,-0.06296817477851846,0.05550354719161987,-0.17024719715118408,-0.0495255615940664,0.07796722650527954,-0.2340739369392395,-0.05442572277098634,0.06251221895217896,-0.21328216791152954,-0.043939723484811566,0.048598915338516235,-0.18615055084228516,-0.034341490679082654,0.08919423818588257,-0.14123523235321045,-0.056473127417859814,0.09390905499458313,-0.18319833278656006,-0.051453470104036114,0.08156919479370117,-0.16470080614089966,-0.03390173506051042,0.07478195428848267,-0.14198672771453857,-0.019399135225114605
Two,0.0,0.0,0.0,-0.031764596700668335,-0.0807141661643982,0.0021025821266107414,-0.0268973708152771,-0.15668779611587524,-0.007969697362057104,0.010476529598236084,-0.19903409481048584,-0.018937248161307707,0.04885977506637573,-0.20855313539505005,-0.029615429586044684,-0.02775619924068451,-0.19960558414459229,-0.03501079360233916,-0.023453205823898315,-0.3135720193386078,-0.05070926377760543,-0.02181248366832733,-0.37902867794036865,-0.05701815838204993,-0.021036237478256226,-0.4284961521625519,-0.059294958954922095,0.015997707843780518,-0.18936234712600708,-0.0436244098304428,0.04798370599746704,-0.3076028823852539,-0.055149798637501135,0.06452557444572449,-0.3778300881385803,-0.05947007740127219,0.0787196159362793,-0.42733699083328247,-0.06168430054771079,0.055976659059524536,-0.16652023792266846,-0.048517865484825506,0.07427942752838135,-0.23097556829452515,-0.0538385895847,0.05792078375816345,-0.20954614877700806,-0.044125491177908316,0.04469093680381775,-0.18188917636871338,-0.03484073410021438,0.08946621417999268,-0.1382310390472412,-0.05349519605027808,0.09061777591705322,-0.17831295728683472,-0.04918674880849494,0.07771912217140198,-0.15869629383087158,-0.03238197544800414,0.07183429598808289,-0.13585412502288818,-0.01828980760859622
Two,0.0,0.0,0.0,-0.0327986478805542,-0.0809592604637146,0.0018212701400557307,-0.02775643765926361,-0.1577649712562561,-0.008488243751060054,0.009891659021377563,-0.20000630617141724,-0.019276746854018256,0.047932595014572144,-0.21130335330963135,-0.029814622670244262,-0.02568623423576355,-0.19793498516082764,-0.037544501319359824,-0.02304208278656006,-0.3119747042655945,-0.05337922771258263,-0.02176825702190399,-0.377933531999588,-0.05999783922715096,-0.020946890115737915,-0.4274216890335083,-0.0628419493584147,0.018340587615966797,-0.18667632341384888,-0.04599414516968636,0.0496344268321991,-0.3044924736022949,-0.05771997322125344,0.0656929612159729,-0.37389296293258667,-0.06205383811874299,0.07995837926864624,-0.4220532178878784,-0.06469311316294579,0.05751970410346985,-0.1636977195739746,-0.050512676432560966,0.07582008838653564,-0.23303616046905518,-0.055450034633111045,0.057940125465393066,-0.21231436729431152,-0.04457799096388726,0.04379430413246155,-0.18418443202972412,-0.035078415021132514,0.08953526616096497,-0.13601750135421753,-0.05516419310851006,0.08897390961647034,-0.1783747673034668,-0.05139876653237252,0.07532203197479248,-0.15944653749465942,-0.034434081360529945,0.06937786936759949,-0.13647425174713135,-0.020389483615588233
Two,0.0,0.0,0.0,-0.03322981297969818,-0.08069759607315063,0.0005768715361114118,-0.027825668454170227,-0.15670490264892578,-0.010504086936919066,0.010509997606277466,-0.1964244842529297,-0.021703844393698546,0.04967981576919556,-0.2063068151473999,-0.03282454373976407,-0.024484753608703613,-0.1950443983078003,-0.04012697699209866,-0.021618694067001343,-0.31004804372787476,-0.056363390262333724,-0.019795864820480347,-0.3763442039489746,-0.06292736294409451,-0.01851610839366913,-0.4259059727191925,-0.06555609169146237,0.020226627588272095,-0.18262642621994019,-0.04793225737950024,0.05168488621711731,-0.30108389258384705,-0.05964640664598164,0.06766358017921448,-0.369700163602829,-0.06324849041840253,0.08151653409004211,-0.4172685742378235,-0.06517854097029385,0.059470415115356445,-0.15891623497009277,-0.05188325556656537,0.0751560628414154,-0.2312941551208496,-0.05765949698826489,0.057578980922698975,-0.212358295917511,-0.047418245549408766,0.043863117694854736,-0.18481510877609253,-0.038042159254757735,0.09126707911491394,-0.1306147575378418,-0.055876342083422514,0.08871933817863464,-0.17605376243591309,-0.05298625814458546,0.07496055960655212,-0.15838515758514404,-0.036403169359175536,0.06918177008628845,-0.13520407676696777,-0.02243848654171643
Two,0.0,0.0,0.0,-0.033632248640060425,-0.08098334074020386,0.0001362610468618186,-0.02819444239139557,-0.1573304533958435,-0.011190251274967977,0.010765403509140015,-0.19755971431732178,-0.022378180003727266,0.04929247498512268,-0.20639872550964355,-0.03355583531316597,-0.02479073405265808,-0.19434988498687744,-0.040863282806242296,-0.02154766023159027,-0.3087007999420166,-0.05754483101424057,-0.01984754204750061,-0.3750151991844177,-0.06431439874228317,-0.018636047840118408,-0.424595445394516,-0.06680631992873032,0.020381897687911987,-0.18254750967025757,-0.04800693673547585,0.05251386761665344,-0.30092987418174744,-0.0601126028364547,0.06943762302398682,-0.3703154921531677,-0.06379395333584625,0.08423846960067749,-0.41783255338668823,-0.0653986668353923,0.06013640761375427,-0.1591232419013977,-0.051199756390417406,0.07555156946182251,-0.22912687063217163,-0.056937161660755464,0.05823272466659546,-0.21178537607192993,-0.04645196703728516,0.044561415910720825,-0.18462765216827393,-0.03648692724760849,0.09230926632881165,-0.13087910413742065,-0.05438033846672852,0.09068569540977478,-0.17798572778701782,-0.05060087127145607,0.07696667313575745,-0.1612362265586853,-0.03304534015711624,0.07079094648361206,-0.13818883895874023,-0.018159340894783327
Two,0.0,0.0,0.0,-0.03555503487586975,-0.08105498552322388,-0.0002680807666592955,-0.030900493264198303,-0.15714198350906372,-0.01177204129646725,0.006850391626358032,-0.19860059022903442,-0.023314292630061573,0.0433463454246521,-0.207927405834198,-0.03505056080769009,-0.02583467960357666,-0.19391018152236938,-0.04112394628475613,-0.021761074662208557,-0.30871015787124634,-0.05854251337598271,-0.019472956657409668,-0.37548375129699707,-0.06558225033234066,-0.017669469118118286,-0.4251098036766052,-0.06816991893003888,0.020035743713378906,-0.18181651830673218,-0.04816914079140133,0.05272665619850159,-0.3004356622695923,-0.06138657507847256,0.07040742039680481,-0.36947572231292725,-0.06510580805490918,0.08578822016716003,-0.416512668132782,-0.06645028767536587,0.06019943952560425,-0.15766412019729614,-0.05138608542631573,0.07558539509773254,-0.23084300756454468,-0.0585800680274815,0.05912789702415466,-0.2132396101951599,-0.047841363673910564,0.046453893184661865,-0.1851101517677307,-0.03723324937175221,0.09298869967460632,-0.12874865531921387,-0.05454025146912045,0.09154236316680908,-0.17945140600204468,-0.052244928752884334,0.07767146825790405,-0.163271963596344,-0.034983989870056575,0.0712856650352478,-0.14029943943023682,-0.019910537725195354
Two,0.0,0.0,0.0,-0.03568258881568909,-0.07632452249526978,-0.0036010453819130817,-0.032606929540634155,-0.15100669860839844,-0.016895637415984766,0.004081398248672485,-0.1934429407119751,-0.029804287978151933,0.04081931710243225,-0.203468918800354,-0.042713046573737756,-0.03011271357536316,-0.18612802028656006,-0.0449528326622044,-0.026250600814819336,-0.30225157737731934,-0.06417085652861942,-0.023069575428962708,-0.36944812536239624,-0.07082394187960972,-0.019789278507232666,-0.4191490411758423,-0.07214720224652638,0.01479405164718628,-0.1738486886024475,-0.050961610429624216,0.04792797565460205,-0.29390949010849,-0.06666717355761875,0.06691822409629822,-0.36352255940437317,-0.07006145691190113,0.08312392234802246,-0.41188427805900574,-0.06990034555707325,0.05580031871795654,-0.15120095014572144,-0.05358994429622044,0.07153034210205078,-0.2195644974708557,-0.0653455895713364,0.055969059467315674,-0.19998502731323242,-0.05632654254947056,0.04462936520576477,-0.17233186960220337,-0.045020200811961786,0.08951810002326965,-0.1247902512550354,-0.05609499713096966,0.09003868699073792,-0.1735517978668213,-0.05621808444772114,0.07606127858161926,-0.15544909238815308,-0.03956436788354267,0.07011198997497559,-0.13260042667388916,-0.0241277371874844
Two,0.0,0.0,0.0,-0.03470808267593384,-0.07497590780258179,-0.0018503919013141967,-0.03007049858570099,-0.14939957857131958,-0.01441551551710063,0.008366584777832031,-0.19300198554992676,-0.02702823833118373,0.04612463712692261,-0.20259851217269897,-0.03959354192505771,-0.02953442931175232,-0.1878555417060852,-0.042619051342114744,-0.024619147181510925,-0.3037473261356354,-0.06136479780565196,-0.02140560746192932,-0.3713113069534302,-0.06866927251707011,-0.01870088279247284,-0.42095261812210083,-0.07087556079517299,0.015378177165985107,-0.17794251441955566,-0.04953246370445186,0.048904746770858765,-0.29758769273757935,-0.06452140763889247,0.0678909420967102,-0.3672954738140106,-0.06881636187921458,0.08391639590263367,-0.4155031740665436,-0.06953101411949092,0.056621670722961426,-0.15642738342285156,-0.052814805810555754,0.07358142733573914,-0.2219245433807373,-0.06207035288701945,0.05854550004005432,-0.20109182596206665,-0.05207166627536708,0.047148317098617554,-0.17281782627105713,-0.04079183370362216,0.091156005859375,-0.12995171546936035,-0.05614360228668147,0.09300947189331055,-0.17261701822280884,-0.05454331815730029,0.07977375388145447,-0.15370076894760132,-0.037529228185519514,0.07405540347099304,-0.1313449740409851,-0.021991420467600165
Two,0.0,0.0,0.0,-0.03492790460586548,-0.07684022188186646,0.00044898714986629784,-0.031190454959869385,-0.1516324281692505,-0.011225715890759602,0.005906879901885986,-0.19642162322998047,-0.023529410973424092,0.04211786389350891,-0.20736443996429443,-0.03598248088383116,-0.028730392456054688,-0.19617611169815063,-0.03934120261692442,-0.02336329221725464,-0.3098432719707489,-0.05764266350888647,-0.02041482925415039,-0.37761762738227844,-0.06552573913359083,-0.018024176359176636,-0.4277869462966919,-0.06833684319281019,0.014914005994796753,-0.18695563077926636,-0.04733571657561697,0.04904216527938843,-0.30534645915031433,-0.06148185455822386,0.06867662072181702,-0.3756055235862732,-0.06649757796549238,0.08493345975875854,-0.4242183268070221,-0.0679025563003961,0.05556333065032959,-0.16504639387130737,-0.05152350911521353,0.07511073350906372,-0.2249867022037506,-0.05920633548521437,0.0606783926486969,-0.20455092191696167,-0.04942511269473471,0.04898035526275635,-0.17617452144622803,-0.03866945081972517,0.0900011956691742,-0.13759499788284302,-0.05571244904422201,0.09483501315116882,-0.17634522914886475,-0.05292017632746138,0.08171868324279785,-0.15772461891174316,-0.03583931797766127,0.07503905892372131,-0.13530701398849487,-0.020320604235166684
Two,0.0,0.0,0.0,-0.035867273807525635,-0.07955747842788696,0.0019462362930653399,-0.03216284513473511,-0.1543482542037964,-0.009127515082013815,0.0035911202430725098,-0.19983142614364624,-0.021153105136704653,0.038515686988830566,-0.21287128329277039,-0.03346243099565527,-0.030032366514205933,-0.20065933465957642,-0.0385401469587805,-0.023836344480514526,-0.3137860894203186,-0.05682108150119802,-0.021429896354675293,-0.3821724057197571,-0.06526255951519033,-0.01902124285697937,-0.4327930212020874,-0.06846174941654226,0.014358043670654297,-0.1903870701789856,-0.04691976280207655,0.04821300506591797,-0.3085343837738037,-0.060952741366577357,0.0684298574924469,-0.37980401515960693,-0.0666557882844927,0.0852629542350769,-0.42868080735206604,-0.06881959335203192,0.05575791001319885,-0.1680976152420044,-0.0511686091243746,0.07463189959526062,-0.22934481501579285,-0.057780053180408686,0.06079140305519104,-0.20973703265190125,-0.047779250603866785,0.04926741123199463,-0.18098819255828857,-0.03725515277380964,0.0904531180858612,-0.14122748374938965,-0.05536505551333448,0.0913703441619873,-0.18035882711410522,-0.051150332850170344,0.07815000414848328,-0.16303133964538574,-0.033644791406345576,0.07169157266616821,-0.14056837558746338,-0.018069028568220347
Two,0.0,0.0,0.0,-0.033713921904563904,-0.08079838752746582,0.005289508772705176,-0.029472902417182922,-0.15397971868515015,-0.004607627356733701,0.005389511585235596,-0.2012331187725067,-0.01655161353045287,0.040839165449142456,-0.21484577655792236,-0.02881362261467757,-0.029369235038757324,-0.20653557777404785,-0.03277080292099299,-0.022473111748695374,-0.31787627935409546,-0.050522098040516994,-0.019763022661209106,-0.3856215178966522,-0.059572251236374996,-0.017270565032958984,-0.4357535243034363,-0.06333059603565516,0.013250380754470825,-0.19747349619865417,-0.04291204149120631,0.049040257930755615,-0.3129829168319702,-0.05599124143117251,0.07010874152183533,-0.3832250237464905,-0.06234735409015002,0.08692121505737305,-0.43145135045051575,-0.06516001904600444,0.05389288067817688,-0.17492955923080444,-0.04883075291508021,0.07688149809837341,-0.23105716705322266,-0.053202459311421535,0.06472542881965637,-0.21039089560508728,-0.04216941604607882,0.052904993295669556,-0.18263167142868042,-0.03153719911568942,0.08861851692199707,-0.1460564136505127,-0.05474866340153994,0.09628421068191528,-0.18234753608703613,-0.04816924566620173,0.08509385585784912,-0.1627635955810547,-0.029180517142947338,0.07821154594421387,-0.13943040370941162,-0.012801037824090145
Two,0.0,0.0,0.0,-0.034185945987701416,-0.08133059740066528,0.006998028580767368,-0.030836045742034912,-0.1535821557044983,-0.001973208996730591,0.002817898988723755,-0.20150792598724365,-0.012940126496630455,0.03763395547866821,-0.21592393517494202,-0.024290534693079735,-0.029591679573059082,-0.20849034190177917,-0.03251811026342466,-0.022571176290512085,-0.3193119764328003,-0.049810520398693825,-0.020423471927642822,-0.38683199882507324,-0.05911664946683004,-0.018119975924491882,-0.4364694654941559,-0.0633204309523876,0.01360580325126648,-0.1989714503288269,-0.04246352149851873,0.048125773668289185,-0.3135761022567749,-0.05484636782415464,0.0688750147819519,-0.3833732008934021,-0.06125571115620687,0.08547267317771912,-0.4304250180721283,-0.06465219243176534,0.05436137318611145,-0.17584386467933655,-0.04776650949128225,0.07584536075592041,-0.23229041695594788,-0.04985941483386114,0.06372860074043274,-0.21269077062606812,-0.03776273040779188,0.05211824178695679,-0.18492844700813293,-0.027344743746596123,0.08826383948326111,-0.14639270305633545,-0.053047682184057976,0.09336942434310913,-0.1812315583229065,-0.04505374564536169,0.08164474368095398,-0.16223514080047607,-0.025699581044989372,0.07479265332221985,-0.13912057876586914,-0.009478056828754688
Two,0.0,0.0,0.0,-0.03335033357143402,-0.0822286605834961,0.00784853013465181,-0.0297987163066864,-0.15512961149215698,-0.0005255620344541967,0.003074854612350464,-0.203939288854599,-0.011360681557562202,0.03831106424331665,-0.218016117811203,-0.022449285665061325,-0.03086887300014496,-0.21147799491882324,-0.028926008322741836,-0.023438066244125366,-0.32197099924087524,-0.046125310414936393,-0.021088063716888428,-0.3889736533164978,-0.055528717988636345,-0.019237667322158813,-0.4386521279811859,-0.05954854463925585,0.011874571442604065,-0.2022366225719452,-0.03953700786223635,0.046878039836883545,-0.31630635261535645,-0.051129582279827446,0.06824156641960144,-0.38489553332328796,-0.05736973782768473,0.08435311913490295,-0.4322996735572815,-0.06045675923814997,0.05326095223426819,-0.17940443754196167,-0.045811167859937996,0.07556352019309998,-0.23248684406280518,-0.048044766241218895,0.06586909294128418,-0.21165603399276733,-0.03666467493167147,0.05558806657791138,-0.18411174416542053,-0.026335067057516426,0.08843249082565308,-0.14978480339050293,-0.05201121320715174,0.09589675068855286,-0.18307062983512878,-0.04345582699170336,0.08555832505226135,-0.16228094696998596,-0.023874777310993522,0.07910838723182678,-0.13820183277130127,-0.0073860762058757246
Two,0.0,0.0,0.0,-0.03464840352535248,-0.08367061614990234,0.010882859598268624,-0.0319133996963501,-0.15640974044799805,0.0035206112222567754,-0.0005389899015426636,-0.20711061358451843,-0.006618951898644809,0.03504578769207001,-0.2221224308013916,-0.017190252882073764,-0.03267712891101837,-0.2130374014377594,-0.028029340770672206,-0.024438485503196716,-0.3233967125415802,-0.04457035053951586,-0.02217106521129608,-0.390438437461853,-0.0535782626686796,-0.02057214081287384,-0.4399370551109314,-0.057549533885548954,0.01033666729927063,-0.20440927147865295,-0.03949369255883539,0.04603941738605499,-0.31872907280921936,-0.05019664157612169,0.06733985245227814,-0.3871435523033142,-0.05589296434504831,0.08282153308391571,-0.43355825543403625,-0.05889860678894365,0.052286192774772644,-0.18186065554618835,-0.04613241319043482,0.07622794806957245,-0.2343868911266327,-0.04612302918417299,0.06686215102672577,-0.2133600115776062,-0.03316614170057619,0.05638344585895538,-0.18610277771949768,-0.022375801098178272,0.08769814670085907,-0.15197047591209412,-0.05254809696657503,0.0955035537481308,-0.1845705509185791,-0.0420590801952585,0.08528114855289459,-0.16381996870040894,-0.021535804015229587,0.07885931432247162,-0.13999342918395996,-0.004672525901924018
Two,0.0,0.0,0.0,-0.03234747052192688,-0.08614903688430786,0.014918193306698413,-0.02910621464252472,-0.15813618898391724,0.008709535088314624,0.0008684396743774414,-0.20947405695915222,-0.001136423352249949,0.03612218797206879,-0.22560149431228638,-0.011328850787208466,-0.032400354743003845,-0.21462717652320862,-0.024556143123732,-0.023425444960594177,-0.326627254486084,-0.04081796287380257,-0.02178303897380829,-0.39402438700199127,-0.04947721390806237,-0.020158499479293823,-0.44354739785194397,-0.05333080320440331,0.009822964668273926,-0.20762044191360474,-0.037939978677854924,0.04625220596790314,-0.32158201932907104,-0.049726521510706334,0.06824938952922821,-0.3895160108804703,-0.05655220328651467,0.08421780169010162,-0.43513616919517517,-0.0602382103987793,0.05191253125667572,-0.18544301390647888,-0.045931922186241536,0.07904134690761566,-0.23622319102287292,-0.045229898680076985,0.07124386727809906,-0.21427947282791138,-0.031567880798206716,0.060591354966163635,-0.18743428587913513,-0.020527852613554387,0.08774758875370026,-0.1550784409046173,-0.05345921768628159,0.09728677570819855,-0.1836356818675995,-0.041778629560099034,0.08827848732471466,-0.1632521152496338,-0.020736878652201085,0.08118166029453278,-0.14087915420532227,-0.0035731051192442465
Two,0.0,0.0,0.0,-0.031567350029945374,-0.08699548244476318,0.014651414623358505,-0.02809080481529236,-0.15735873579978943,0.008064943050840157,0.0011456161737442017,-0.20615559816360474,-0.0027717285213384457,0.03697916865348816,-0.22074037790298462,-0.013753502013287289,-0.03227749466896057,-0.21173298358917236,-0.02334017617454265,-0.0226823091506958,-0.32317692041397095,-0.04078951416363452,-0.020815640687942505,-0.39099515974521637,-0.04980811415066455,-0.018877744674682617,-0.44015464186668396,-0.05368135435332988,0.009238660335540771,-0.20520901679992676,-0.037315978983542664,0.04662919044494629,-0.31811994314193726,-0.051513410488269074,0.06903907656669617,-0.3871185779571533,-0.05975432259788249,0.08558011054992676,-0.4320078194141388,-0.06405287174334262,0.05055469274520874,-0.1835235059261322,-0.04614646671166156,0.0799771249294281,-0.2347683310508728,-0.0477732488309357,0.07169750332832336,-0.212487131357193,-0.035007636377713425,0.060207247734069824,-0.1853344440460205,-0.02394863715221618,0.08627969026565552,-0.15408897399902344,-0.05460746524681781,0.09871163964271545,-0.1808534860610962,-0.044552858302495224,0.08969256281852722,-0.16098201274871826,-0.02461263289501403,0.08137154579162598,-0.1389484703540802,-0.007879702689251644
Two,0.0,0.0,0.0,-0.031013786792755127,-0.08644235134124756,0.015522600212761972,-0.02923370897769928,-0.15717318654060364,0.009846206815609548,-0.000986531376838684,-0.2067970335483551,-0.0001559023046411312,0.03389336168766022,-0.22176054120063782,-0.01038446736924925,-0.030953794717788696,-0.2131684422492981,-0.022230686558714297,-0.020960986614227295,-0.3261996805667877,-0.03836518147431889,-0.018535494804382324,-0.39408424496650696,-0.046038929311862375,-0.01606549322605133,-0.4428100883960724,-0.04901951917850056,0.011199042201042175,-0.2079235017299652,-0.03643703082047978,0.049029067158699036,-0.32018864154815674,-0.050491832135548975,0.07088015973567963,-0.3891311287879944,-0.0585791691526083,0.08693315088748932,-0.4335022568702698,-0.062392257092824366,0.05280022323131561,-0.18668010830879211,-0.04530293115817585,0.08234493434429169,-0.23369282484054565,-0.04658397281014004,0.07313062250614166,-0.2108728587627411,-0.03397662558995762,0.061071738600730896,-0.18401062488555908,-0.022917162565818217,0.0880853682756424,-0.15658855438232422,-0.05373185866915264,0.1013711541891098,-0.18001008033752441,-0.04373811179243603,0.09200571477413177,-0.15992626547813416,-0.024103471948137667,0.08322273194789886,-0.13820955157279968,-0.007389877861669447
Two,0.0,0.0,0.0,-0.029894337058067322,-0.0893661379814148,0.018516000599504423,-0.024067893624305725,-0.15980395674705505,0.013662812539280367,0.006121769547462463,-0.20841127634048462,0.004432798136861038,0.04124356806278229,-0.2222348153591156,-0.005015977419077444,-0.028957977890968323,-0.2160428762435913,-0.020443076028584528,-0.016955867409706116,-0.3276048004627228,-0.03568173362231164,-0.01425430178642273,-0.39437414705753326,-0.043824122979401636,-0.011838167905807495,-0.4430639445781708,-0.047579990460633326,0.013013318181037903,-0.20942431688308716,-0.03528016595458894,0.05242212116718292,-0.32071685791015625,-0.047012390329598475,0.07580520212650299,-0.38747063279151917,-0.05443811951494126,0.09250061213970184,-0.43073421716690063,-0.058728547527550745,0.05418263375759125,-0.18761661648750305,-0.04438800899600892,0.08514364063739777,-0.23358333110809326,-0.042027054115294504,0.0772457867860794,-0.2130119800567627,-0.027980677544235277,0.06498949229717255,-0.18788838386535645,-0.017165938153027582,0.08881016075611115,-0.15759757161140442,-0.05300341336345582,0.1024138480424881,-0.18224769830703735,-0.039938194437979746,0.09438152611255646,-0.16404131054878235,-0.01903262710487752,0.08596546947956085,-0.14349067211151123,-0.0021493353351047517
Two,0.0,0.0,0.0,-0.027877599000930786,-0.08970153331756592,0.016322509074370828,-0.02131679654121399,-0.16213977336883545,0.011135234186212983,0.010996147990226746,-0.20794129371643066,0.0014541054058554437,0.04611898958683014,-0.21978724002838135,-0.008457306152422461,-0.026746273040771484,-0.2177334725856781,-0.019986142715652022,-0.01467086374759674,-0.3289807438850403,-0.034506420916159186,-0.011159554123878479,-0.39495496451854706,-0.04162907165869001,-0.008400142192840576,-0.4438020586967468,-0.04451121700390104,0.015126839280128479,-0.21049967408180237,-0.034701521819670234,0.05536891520023346,-0.32067006826400757,-0.04649656949027303,0.07913468778133392,-0.38875943422317505,-0.05400851679428342,0.09631358087062836,-0.43414509296417236,-0.05819507998808149,0.05576141178607941,-0.18898555636405945,-0.04414515135272268,0.08756987750530243,-0.2354397177696228,-0.04330799294098142,0.07895056903362274,-0.21299737691879272,-0.030301439887125525,0.06589923799037933,-0.18682917952537537,-0.01969756682797197,0.09056200087070465,-0.1600450873374939,-0.053262110179503,0.10461969673633575,-0.1875777244567871,-0.04088654307111028,0.0961812287569046,-0.1681801974773407,-0.02003144224568132,0.08683307468891144,-0.14619284868240356,-0.003187491404105458
Two,0.0,0.0,0.0,-0.029742836952209473,-0.08861890435218811,0.019683013215455958,-0.024378880858421326,-0.15819504857063293,0.015346601150724837,0.004838481545448303,-0.2058607041835785,0.006300840072128722,0.039648234844207764,-0.2191767394542694,-0.002942698996719173,-0.027974605560302734,-0.21391737461090088,-0.020053378761019758,-0.015903368592262268,-0.32570400834083557,-0.03505802665671354,-0.012810379266738892,-0.39239341020584106,-0.04227101196369176,-0.009492605924606323,-0.4408777356147766,-0.04510556672533994,0.013318315148353577,-0.20687443017959595,-0.03489985455593114,0.053990334272384644,-0.3176823854446411,-0.04714991290887838,0.07770267128944397,-0.3850620985031128,-0.05449237068017965,0.09494256973266602,-0.4282423406839371,-0.05847069759687429,0.05387929081916809,-0.18523290753364563,-0.043721096113529256,0.08543917536735535,-0.2305808663368225,-0.040229333088007024,0.07665473222732544,-0.2093624770641327,-0.02505009759983068,0.06414011120796204,-0.18383660912513733,-0.013524037309196046,0.08806097507476807,-0.15596064925193787,-0.05204742912968641,0.10096549987792969,-0.17927682399749756,-0.03675222907980924,0.09206005930900574,-0.16007468104362488,-0.01459535163661485,0.08312860131263733,-0.13851726055145264,0.002988208794761249
Two,0.0,0.0,0.0,-0.028308391571044922,-0.08953642845153809,0.020226379070720668,-0.021732613444328308,-0.15930885076522827,0.016044511605343814,0.007629558444023132,-0.20637017488479614,0.006855799030802245,0.042725905776023865,-0.21965688467025757,-0.0025512311548823163,-0.026777535676956177,-0.21367549896240234,-0.01896059219137669,-0.014042824506759644,-0.32490238547325134,-0.033690546493687634,-0.010823220014572144,-0.3913594186306,-0.04108980376616955,-0.007968604564666748,-0.44035106897354126,-0.04426538277760983,0.013311043381690979,-0.2073565125465393,-0.034539551328578,0.0545649379491806,-0.3173958659172058,-0.04579949830070973,0.079302117228508,-0.3838200271129608,-0.0531123958934927,0.09683872759342194,-0.4266181141138077,-0.05740968589083195,0.053393006324768066,-0.1860363781452179,-0.044137102406182294,0.08728216588497162,-0.2302505373954773,-0.039247528504290585,0.07942046225070953,-0.20704329013824463,-0.02347636860207558,0.0668339878320694,-0.18116965889930725,-0.01214684252039433,0.08771668374538422,-0.1564566195011139,-0.05339739550248623,0.10373170673847198,-0.1772266924381256,-0.03732617650524617,0.09451891481876373,-0.15688860416412354,-0.015056785050489907,0.08461017906665802,-0.13537853956222534,0.0022388439684277728
Two,0.0,0.0,0.0,-0.026462018489837646,-0.09015226364135742,0.01887824283852524,-0.019030645489692688,-0.15926247835159302,0.014147138129317227,0.010578721761703491,-0.20369026064872742,0.004259787871831122,0.04399605095386505,-0.21647226810455322,-0.006185158715254602,-0.024532228708267212,-0.21425357460975647,-0.018743843865252074,-0.011656299233436584,-0.32351765036582947,-0.03370815059230381,-0.007418215274810791,-0.38948212563991547,-0.041258643475032386,-0.004028499126434326,-0.43836215138435364,-0.0444455138413673,0.01530495285987854,-0.20880377292633057,-0.03504643878028446,0.05639670789241791,-0.31763407588005066,-0.04555325498864704,0.08110302686691284,-0.38318875432014465,-0.052439848986125526,0.09895515441894531,-0.42569662630558014,-0.05641630953238064,0.05498485267162323,-0.1872049868106842,-0.04590338384792858,0.08721032738685608,-0.2284667193889618,-0.04185859030172878,0.07818838953971863,-0.20525765419006348,-0.02744102208004051,0.06553053855895996,-0.18037161231040955,-0.0169795724569326,0.08907872438430786,-0.1562911868095398,-0.05653594723031574,0.10401159524917603,-0.17656975984573364,-0.04139092480824047,0.09368705749511719,-0.1558610498905182,-0.019653682690716323,0.08346834778785706,-0.13426464796066284,-0.002847295581034359
Two,0.0,0.0,0.0,-0.0272444486618042,-0.08848899602890015,0.017599765180364102,-0.021037697792053223,-0.15712955594062805,0.012115692688837498,0.008233904838562012,-0.202162504196167,0.0016142971271051465,0.04215288162231445,-0.21447491645812988,-0.009185615957960636,-0.026439741253852844,-0.210764080286026,-0.019455071569666416,-0.015169650316238403,-0.31911027431488037,-0.03489714118956044,-0.010806113481521606,-0.38548511266708374,-0.0422757193755956,-0.007319152355194092,-0.4343825876712799,-0.04529956731317952,0.012278765439987183,-0.20500677824020386,-0.03557740154980138,0.05369026958942413,-0.31450408697128296,-0.04754971715925649,0.07857796549797058,-0.37963876128196716,-0.05455672371505216,0.09677055478096008,-0.42184457182884216,-0.05831606689213231,0.05102802813053131,-0.1833600103855133,-0.046517238051876575,0.0850277841091156,-0.22614404559135437,-0.04469150307892278,0.076261967420578,-0.20298919081687927,-0.0306819416892381,0.06379230320453644,-0.17881464958190918,-0.019950985939487964,0.08489403128623962,-0.15286526083946228,-0.05720575901983693,0.10257101058959961,-0.17601323127746582,-0.04364666345833257,0.09255608916282654,-0.15514802932739258,-0.022395977781400234,0.08169278502464294,-0.13381695747375488,-0.005762437855139524
Two,0.0,0.0,0.0,-0.02518056333065033,-0.08817163109779358,0.017594376894123798,-0.018029585480690002,-0.15674945712089539,0.012135466875918155,0.01161813735961914,-0.2011144459247589,0.0014068242986127188,0.04543653130531311,-0.21436163783073425,-0.009386665803901906,-0.025464549660682678,-0.2100977599620819,-0.018260614631287808,-0.01452241837978363,-0.318462073802948,-0.034104255644194836,-0.010261103510856628,-0.3846641182899475,-0.04199757581721997,-0.00690208375453949,-0.43367668986320496,-0.045465999899022336,0.011767029762268066,-0.2049313485622406,-0.03510078942548489,0.05356194078922272,-0.3135048449039459,-0.04807536086212849,0.07859186828136444,-0.37868833541870117,-0.05596522024046635,0.0964599996805191,-0.42193375527858734,-0.060206861851327176,0.04970748722553253,-0.18387383222579956,-0.04692725619446492,0.0868455022573471,-0.2248806357383728,-0.045901024398915524,0.07916514575481415,-0.20063886046409607,-0.03211205234896397,0.06642687320709229,-0.1770382523536682,-0.021445609313957448,0.08333753049373627,-0.15336325764656067,-0.058619802502505536,0.1047038584947586,-0.1744895875453949,-0.045702898559682126,0.09478791058063507,-0.15267643332481384,-0.02470401084195828,0.0829177051782608,-0.13208737969398499,-0.008229199481718297
Two,0.0,0.0,0.0,-0.025890901684761047,-0.08670744299888611,0.01895699932356365,-0.01983259618282318,-0.15494030714035034,0.013874532683985308,0.008221462368965149,-0.20134755969047546,0.0032789982215035707,0.04227346181869507,-0.2164490818977356,-0.0073231956630479544,-0.026723816990852356,-0.20878735184669495,-0.017762034171028063,-0.016392335295677185,-0.3170754611492157,-0.03470682629267685,-0.012544915080070496,-0.38348832726478577,-0.04339091383735649,-0.009473755955696106,-0.4325843006372452,-0.04741543807904236,0.009652331471443176,-0.20483335852622986,-0.03502369576017372,0.051574379205703735,-0.3135658800601959,-0.04939975120942108,0.07727068662643433,-0.3785850405693054,-0.057796734356088564,0.09536822140216827,-0.42144782841205597,-0.06226401307503693,0.04733744263648987,-0.1845220923423767,-0.04711897947709076,0.08593815565109253,-0.22533053159713745,-0.046354821854038164,0.07920901477336884,-0.2011393904685974,-0.03166454189340584,0.06671619415283203,-0.17799779772758484,-0.020326138444943354,0.08075639605522156,-0.15432554483413696,-0.0590299395553302,0.10403077304363251,-0.1753702461719513,-0.046089219831628725,0.09461797773838043,-0.1534115970134735,-0.024695412226719782,0.08261798322200775,-0.13326996564865112,-0.007843183324439451
Two,0.0,0.0,0.0,-0.025159239768981934,-0.08693146705627441,0.019426037055154666,-0.018573440611362457,-0.15653574466705322,0.014529815372725352,0.010164573788642883,-0.20311951637268066,0.003945060503383502,0.04453384876251221,-0.21822872757911682,-0.006509935054282323,-0.02766404300928116,-0.2113182544708252,-0.01669368291209139,-0.017225787043571472,-0.3198232054710388,-0.03251914637098707,-0.013765975832939148,-0.385805606842041,-0.04045236440310873,-0.01114054024219513,-0.43495380878448486,-0.044293015766243116,0.008816033601760864,-0.20818594098091125,-0.03447549374709524,0.05028638243675232,-0.3164307177066803,-0.04824135409603514,0.07548633217811584,-0.3821311444044113,-0.05685299964557089,0.09317179024219513,-0.4258192777633667,-0.061750500965217725,0.04624992609024048,-0.18831637501716614,-0.0470287311256925,0.08652722835540771,-0.22900620102882385,-0.04541775168786444,0.08022436499595642,-0.20290154218673706,-0.03029268005798258,0.06710599362850189,-0.17867761850357056,-0.01898111918876566,0.08005641400814056,-0.15835753083229065,-0.05948901506076254,0.1046210378408432,-0.17738500237464905,-0.04622771920571722,0.09587916731834412,-0.15490514039993286,-0.02501793162832655,0.08331963419914246,-0.13475242257118225,-0.008423698636988775
Two,0.0,0.0,0.0,-0.027461357414722443,-0.08777183294296265,0.023973316932824673,-0.021889545023441315,-0.15506505966186523,0.020132488618401112,0.0051016658544540405,-0.20213723182678223,0.009861434857157292,0.03798548877239227,-0.21789821982383728,-0.0005803484345960896,-0.028817512094974518,-0.2126179337501526,-0.015444971573742805,-0.01933985948562622,-0.3212401866912842,-0.031370340799185215,-0.016796179115772247,-0.3874201029539108,-0.03981737694630283,-0.014224626123905182,-0.43723878264427185,-0.04426846182832378,0.00792558491230011,-0.2086387574672699,-0.034536077593656955,0.048009902238845825,-0.317763090133667,-0.0500258234787907,0.07324546575546265,-0.38589562475681305,-0.059272295748087345,0.09177742898464203,-0.42952579259872437,-0.06468913233766216,0.04597644507884979,-0.18792381882667542,-0.04744349322209018,0.08388125896453857,-0.23092931509017944,-0.04353845766672748,0.07630930840969086,-0.20723190903663635,-0.025145390023681102,0.06282193958759308,-0.18327170610427856,-0.012227007140609203,0.07970264554023743,-0.15727996826171875,-0.06016787416228908,0.1020214855670929,-0.1811417043209076,-0.04405837035665172,0.09313079714775085,-0.15924596786499023,-0.020005577196570812,0.08163228631019592,-0.13754501938819885,-0.0015960863784130197
Two,0.0,0.0,0.0,-0.026346147060394287,-0.08313500881195068,0.015893555364300482,-0.021170563995838165,-0.15691575407981873,0.009808674572695963,0.007947087287902832,-0.2052120864391327,-0.001375677877376802,0.04238598048686981,-0.2229788899421692,-0.012172767774472959,-0.033152759075164795,-0.2133297324180603,-0.02049591101081205,-0.02444828301668167,-0.32292088866233826,-0.037620694258521326,-0.022690027952194214,-0.3894222378730774,-0.04604373581082655,-0.021955758333206177,-0.4401993602514267,-0.05024054355294538,0.00382860004901886,-0.2089053988456726,-0.037543871321986444,0.04432480037212372,-0.31994175910949707,-0.052441869744370706,0.06870397925376892,-0.38875873386859894,-0.06049802235634161,0.08674070239067078,-0.4357516020536423,-0.06523936695725752,0.04119589924812317,-0.1886170208454132,-0.049983025410483606,0.08209484815597534,-0.23606467247009277,-0.052614224025319345,0.07465171813964844,-0.2071884572505951,-0.03863166353971792,0.06180542707443237,-0.1798236072063446,-0.02740242786080671,0.07614469528198242,-0.15884509682655334,-0.06239828548700643,0.10102203488349915,-0.1828605830669403,-0.053907175430367715,0.09227152168750763,-0.15709292888641357,-0.034426526048491723,0.08117836713790894,-0.1348428726196289,-0.01865677244336439
Two,0.0,0.0,0.0,-0.02737121284008026,-0.0848698616027832,0.015115493495272858,-0.021381929516792297,-0.15885448455810547,0.008430312905716164,0.009728476405143738,-0.20697250962257385,-0.00299790799033417,0.04575437307357788,-0.2209574580192566,-0.014242981042457359,-0.03369370102882385,-0.21420559287071228,-0.0227604363520868,-0.023925796151161194,-0.3259117603302002,-0.03907549422581269,-0.02268114686012268,-0.3921468108892441,-0.04706095572907998,-0.022501304745674133,-0.44268032908439636,-0.05123727809984757,0.004381924867630005,-0.20807886123657227,-0.03921865340669228,0.04252229630947113,-0.32050400972366333,-0.05408113491137101,0.06642767786979675,-0.39034901559352875,-0.062328979786229866,0.08439143002033234,-0.43819767236709595,-0.06740565266807153,0.04276888072490692,-0.1869996190071106,-0.05072747212250306,0.07914376258850098,-0.23483777046203613,-0.05243251141507699,0.07134422659873962,-0.20768603682518005,-0.03808078583676888,0.05881546437740326,-0.18051135540008545,-0.026925858523441093,0.07744976878166199,-0.15769332647323608,-0.062321834679437416,0.09778690338134766,-0.1841958463191986,-0.05271051492889001,0.08923071622848511,-0.1602943241596222,-0.032355729903770225,0.07945433259010315,-0.13788878917694092,-0.016271396022034423
Two,0.0,0.0,0.0,-0.026743121445178986,-0.08660256862640381,0.015093650806306869,-0.019634917378425598,-0.16305527091026306,0.008639511789738208,0.013860613107681274,-0.21169668436050415,-0.0027800280157634916,0.05147466063499451,-0.22637170553207397,-0.013976155642808408,-0.03221055120229721,-0.21856626868247986,-0.02129692011737916,-0.023300647735595703,-0.32992058992385864,-0.03863567658925149,-0.022075966000556946,-0.3966108411550522,-0.047842232373000115,-0.021508559584617615,-0.44813548028469086,-0.05265812003278825,0.005360782146453857,-0.2110079824924469,-0.03807797082924935,0.042684927582740784,-0.3242044746875763,-0.05339409583473298,0.06604741513729095,-0.39457595348358154,-0.06217241087222192,0.08410497009754181,-0.44324271380901337,-0.06751607530975434,0.043523699045181274,-0.1886204481124878,-0.05015149885082337,0.08101949095726013,-0.23674276471138,-0.05291380533242318,0.07200650870800018,-0.2080095112323761,-0.03909236737752053,0.05893641710281372,-0.18018585443496704,-0.0278547050919542,0.07812365889549255,-0.15876397490501404,-0.062298728015662164,0.10059705376625061,-0.18815204501152039,-0.05321905934476945,0.0909988284111023,-0.16235461831092834,-0.032587563481570214,0.08076190948486328,-0.13915348052978516,-0.016137309234977693
Two,0.0,0.0,0.0,-0.025006666779518127,-0.08722531795501709,0.01302807078729984,-0.01705382764339447,-0.16457831859588623,0.006054950869042841,0.017872944474220276,-0.2113717794418335,-0.005464073745201858,0.054731711745262146,-0.22271627187728882,-0.017051890967081818,-0.029283910989761353,-0.22000503540039062,-0.02217363241095427,-0.020576082170009613,-0.331764817237854,-0.03819260607440356,-0.019285157322883606,-0.3979593813419342,-0.04627665738541964,-0.018973976373672485,-0.4496838450431824,-0.05014452199418429,0.009433582425117493,-0.21283236145973206,-0.038030358506034645,0.045609310269355774,-0.3268226385116577,-0.050342096490453514,0.0684930682182312,-0.39664050936698914,-0.05679994682748202,0.0861116498708725,-0.445478692650795,-0.060579890859912666,0.048096880316734314,-0.1905946135520935,-0.0496642016895521,0.08268871903419495,-0.2386772334575653,-0.052751699937175545,0.07356469333171844,-0.20976513624191284,-0.04093135754544619,0.06062398850917816,-0.18047016859054565,-0.030698877302597793,0.082548126578331,-0.16075879335403442,-0.061292427135299477,0.10247775912284851,-0.19016221165657043,-0.053265119446109566,0.09242863953113556,-0.16484606266021729,-0.03391413251836184,0.08261552453041077,-0.14019817113876343,-0.01827707002837542
Two,0.0,0.0,0.0,-0.0263172909617424,-0.0879284143447876,0.011690912643757656,-0.018738940358161926,-0.16608747839927673,0.003935006788310602,0.016026929020881653,-0.21311935782432556,-0.007875400719854042,0.05338415503501892,-0.22463840246200562,-0.01966945746323745,-0.0292026549577713,-0.21999692916870117,-0.024911661756846115,-0.02159614861011505,-0.33190447092056274,-0.042494748843523666,-0.020238757133483887,-0.39924484491348267,-0.051793721628996536,-0.019493311643600464,-0.45157164335250854,-0.056329728228661224,0.01022636890411377,-0.21115896105766296,-0.039825555992933914,0.04645057022571564,-0.3257427513599396,-0.053035666359278366,0.0692371129989624,-0.39644643664360046,-0.059732121539923355,0.08708059787750244,-0.4464794844388962,-0.06364053965887706,0.04949907958507538,-0.18805581331253052,-0.05054922880015056,0.08244727551937103,-0.23989835381507874,-0.05455112190327327,0.07263579964637756,-0.2109861671924591,-0.04239338369450252,0.05961714684963226,-0.1810303032398224,-0.03159952269277255,0.08501872420310974,-0.15739798545837402,-0.061277785462948486,0.10324597358703613,-0.19103077054023743,-0.053875533057066605,0.09299787878990173,-0.16614440083503723,-0.034299471540066406,0.0836980938911438,-0.14132016897201538,-0.018251436886998817
Two,0.0,0.0,0.0,-0.027909204363822937,-0.08635270595550537,0.010037167913708345,-0.021018177270889282,-0.1663563847541809,0.002216301843020574,0.014317050576210022,-0.21426993608474731,-0.009051959977057322,0.051470160484313965,-0.22632217407226562,-0.01998727677067791,-0.030242592096328735,-0.21955737471580505,-0.025697312333193167,-0.02366943657398224,-0.3329804837703705,-0.04254037236472641,-0.022402912378311157,-0.4005866050720215,-0.05122814049622093,-0.02182820439338684,-0.45271173119544983,-0.05541714748045479,0.00975257158279419,-0.210345059633255,-0.039566324107852324,0.04485143721103668,-0.3250569701194763,-0.052312009983268126,0.06658928096294403,-0.3961859345436096,-0.05872098078629051,0.08394551277160645,-0.44689586758613586,-0.06256206055780922,0.04876187443733215,-0.18732306361198425,-0.04941227754255806,0.07981747388839722,-0.2406257688999176,-0.05355649536153351,0.06894849240779877,-0.21154919266700745,-0.04156572838923012,0.055882275104522705,-0.18152830004692078,-0.03094771226545845,0.08390864729881287,-0.1571347713470459,-0.05932628830572639,0.10049489140510559,-0.19204682111740112,-0.05248199497958694,0.08926025032997131,-0.1666799783706665,-0.033297282659020766,0.07997113466262817,-0.1417500376701355,-0.017585814945903167
Two,0.0,0.0,0.0,-0.029278844594955444,-0.08883589506149292,0.009568489907337607,-0.020642399787902832,-0.1674981713294983,0.0022164152991308583,0.01622527837753296,-0.215666264295578,-0.008488043392048894,0.05283825099468231,-0.23127618432044983,-0.01902502141331297,-0.030850738286972046,-0.22085079550743103,-0.023864614957915364,-0.024942755699157715,-0.3369169235229492,-0.04018663726185423,-0.023977503180503845,-0.4061604142189026,-0.04860415793393713,-0.021744713187217712,-0.4595419764518738,-0.052123745152698575,0.010835915803909302,-0.2134988009929657,-0.036598512152181684,0.04440614581108093,-0.3302582800388336,-0.046873969206558286,0.06508156657218933,-0.40158790349960327,-0.05131966359351736,0.08170855045318604,-0.45226719975471497,-0.05340015999411207,0.052165836095809937,-0.1908414363861084,-0.04549993685816389,0.07880803942680359,-0.24697208404541016,-0.0488117981645928,0.06615355610847473,-0.21994581818580627,-0.03723430744742018,0.053076162934303284,-0.18769431114196777,-0.026363837713347493,0.08676296472549438,-0.15970855951309204,-0.05442756525610548,0.09835869073867798,-0.19495707750320435,-0.04744994379018408,0.08692052960395813,-0.17226940393447876,-0.02816849871908289,0.07905341684818268,-0.14726942777633667,-0.011821791710303842
Two,0.0,0.0,0.0,-0.030538201332092285,-0.08503162860870361,0.007630769693037109,-0.024801164865493774,-0.164273202419281,-0.0007678067137248945,0.010815545916557312,-0.21258723735809326,-0.012181076157162352,0.04774698615074158,-0.2246689796447754,-0.023294088366696997,-0.03264811635017395,-0.21669763326644897,-0.027106805640528364,-0.029712527990341187,-0.33107662200927734,-0.04366982442445533,-0.029487907886505127,-0.399542897939682,-0.05185172048516051,-0.029731765389442444,-0.4519803524017334,-0.05549995315379874,0.008515119552612305,-0.20715051889419556,-0.03958733466572539,0.04097168147563934,-0.3244417905807495,-0.05173400876230971,0.06126147508621216,-0.3970349431037903,-0.057263621065089865,0.07820165157318115,-0.4487234950065613,-0.06035878596014754,0.048075586557388306,-0.18364059925079346,-0.04834752989120261,0.07277539372444153,-0.24069952964782715,-0.05352133226699607,0.06113670766353607,-0.21424782276153564,-0.04248592716760413,0.049576565623283386,-0.18441647291183472,-0.03201367792792098,0.08364558219909668,-0.15252506732940674,-0.05719472554631011,0.09466275572776794,-0.19233524799346924,-0.05129822430319564,0.08345577120780945,-0.1689578890800476,-0.0325774708122708,0.0760602205991745,-0.14337456226348877,-0.01703499903089778
Two,0.0,0.0,0.0,-0.03171248733997345,-0.085246741771698,0.006159559591196739,-0.027119040489196777,-0.16518712043762207,-0.003050082595564163,0.006869614124298096,-0.2150791883468628,-0.014740898040599859,0.042597696185112,-0.23024702072143555,-0.026022251462109125,-0.03374122083187103,-0.21375352144241333,-0.030346324434049166,-0.03136530518531799,-0.32815778255462646,-0.04806890501595262,-0.03176437318325043,-0.397024005651474,-0.05707847489929918,-0.03214649856090546,-0.44954633712768555,-0.06129269092298273,0.00792667269706726,-0.20332950353622437,-0.042217468609578646,0.038212478160858154,-0.3206331729888916,-0.0557310485742164,0.05738943815231323,-0.39379727840423584,-0.06192725687242273,0.07388736307621002,-0.4458653926849365,-0.0656168067357612,0.04810132086277008,-0.17997759580612183,-0.050287017365462816,0.07179440557956696,-0.24040669202804565,-0.056300459196336305,0.05954749882221222,-0.21503108739852905,-0.04474145336962465,0.04765520989894867,-0.18498128652572632,-0.033968155970342195,0.08375133574008942,-0.15034520626068115,-0.05853757425165895,0.09295772016048431,-0.1933538317680359,-0.053573740412957704,0.08217321336269379,-0.17144525051116943,-0.03472168906546358,0.07523171603679657,-0.14648836851119995,-0.01901666051662687
Two,0.0,0.0,0.0,-0.03486865758895874,-0.08128595352172852,0.004785870556872851,-0.032527998089790344,-0.16198056936264038,-0.004685900750416749,0.0015747696161270142,-0.21330910921096802,-0.01615144835676574,0.037871405482292175,-0.22914206981658936,-0.0272690277722063,-0.03644298017024994,-0.2126360535621643,-0.032110921683567994,-0.0353875458240509,-0.32744044065475464,-0.049966539832610124,-0.0360967218875885,-0.39658254384994507,-0.059237170609492296,-0.0370023250579834,-0.4489952325820923,-0.06381313839818858,0.005845308303833008,-0.2027713656425476,-0.04294942283894443,0.034393325448036194,-0.3211989402770996,-0.056184224429387086,0.052157461643218994,-0.39403024315834045,-0.06199797952439212,0.0677020400762558,-0.44607990980148315,-0.065580229851264,0.04600723087787628,-0.18015027046203613,-0.050089627149361604,0.06802545487880707,-0.24406516551971436,-0.056045811268347734,0.05524900555610657,-0.21818822622299194,-0.04425506258274936,0.04349665343761444,-0.1873248815536499,-0.0334464084532442,0.0816376656293869,-0.15145862102508545,-0.05746076593067073,0.08950267732143402,-0.19620352983474731,-0.053320224973219865,0.07831902801990509,-0.17435377836227417,-0.03501046785976314,0.07138635218143463,-0.1495499610900879,-0.019608208554643625
Two,0.0,0.0,0.0,-0.03383885324001312,-0.08008080720901489,0.004440868782239704,-0.03208325803279877,-0.15915626287460327,-0.0049120527260129165,0.0019450783729553223,-0.20933771133422852,-0.015978883443040104,0.03748089075088501,-0.22389578819274902,-0.026555615899724216,-0.036269888281822205,-0.20921742916107178,-0.03263259814457342,-0.03618423640727997,-0.3250275254249573,-0.04976688833312437,-0.037503525614738464,-0.39376693964004517,-0.05808074907736227,-0.03872452676296234,-0.4455905854701996,-0.06198851899580404,0.006476745009422302,-0.19963109493255615,-0.04303395883516714,0.033719345927238464,-0.3189392685890198,-0.05662235007957861,0.050193026661872864,-0.391666054725647,-0.06250995905475065,0.06560318171977997,-0.44299161434173584,-0.06593417139129087,0.04633258283138275,-0.1774895191192627,-0.04962042481975004,0.06851203739643097,-0.24253594875335693,-0.05616439269260809,0.05397979915142059,-0.21699851751327515,-0.04470411823467657,0.04180663824081421,-0.18654930591583252,-0.033964001996082516,0.08134274184703827,-0.14937931299209595,-0.05636876211838171,0.08900211751461029,-0.19187313318252563,-0.05284526707009718,0.07700823247432709,-0.1703217625617981,-0.035033860666317196,0.07042096555233002,-0.14646202325820923,-0.019909254697722645
Two,0.0,0.0,0.0,-0.03580659627914429,-0.07832390069961548,0.0026870553053868207,-0.03447405993938446,-0.16046690940856934,-0.007130606644977888,0.00020778179168701172,-0.2133275270462036,-0.017670988650252184,0.035646796226501465,-0.2304341197013855,-0.02761836870126899,-0.03747446835041046,-0.20857417583465576,-0.036034620912005266,-0.03799857199192047,-0.3249889314174652,-0.052430335045983156,-0.03963525593280792,-0.3936258554458618,-0.060096766413380465,-0.04168359935283661,-0.44559839367866516,-0.06379358804338153,0.0062415748834609985,-0.19896483421325684,-0.04528943783157047,0.032564789056777954,-0.31982752680778503,-0.0577015425872105,0.047711774706840515,-0.39225366711616516,-0.06282457298152622,0.06205351650714874,-0.4447523355484009,-0.06602377033345874,0.04675787687301636,-0.1769300103187561,-0.0505572814356583,0.06658770143985748,-0.24402707815170288,-0.05600696390979465,0.05107651650905609,-0.21833664178848267,-0.04374297297113117,0.038630396127700806,-0.18766963481903076,-0.032885454208781084,0.08219955861568451,-0.14908814430236816,-0.056047878773142656,0.0868794173002243,-0.19212746620178223,-0.051885790736605486,0.07451708614826202,-0.17074644565582275,-0.033436875404049715,0.06828497350215912,-0.14741718769073486,-0.018105225251247248
Two,0.0,0.0,0.0,-0.036170512437820435,-0.07879102230072021,0.0044345926544338,-0.03503620624542236,-0.16047996282577515,-0.0043714012899727095,0.00038567185401916504,-0.21144157648086548,-0.014275445970270084,0.03780251741409302,-0.22673845291137695,-0.02390087805179064,-0.036670535802841187,-0.20822328329086304,-0.033133844281110214,-0.03857883810997009,-0.32566356658935547,-0.04808802753177588,-0.04107113182544708,-0.3937200903892517,-0.05501772313800757,-0.0435921847820282,-0.44561487436294556,-0.058359044040116714,0.00799262523651123,-0.2004590630531311,-0.04273412972179358,0.03362363576889038,-0.32178187370300293,-0.05315725728360121,0.048133790493011475,-0.39411360025405884,-0.05780494808641379,0.061479419469833374,-0.44660094380378723,-0.0609121382185549,0.04854264855384827,-0.17984139919281006,-0.048310546571883606,0.06524375081062317,-0.24637138843536377,-0.051958946878585266,0.049100011587142944,-0.2218186855316162,-0.04079987704244559,0.03623570501804352,-0.19205081462860107,-0.031192604819807457,0.08308213949203491,-0.15284109115600586,-0.053956566745910095,0.08439472317695618,-0.19514048099517822,-0.04891729577866499,0.07161185145378113,-0.1737162470817566,-0.03125312774864142,0.06588441133499146,-0.14980316162109375,-0.01678055375305121
Two,0.0,0.0,0.0,-0.037351787090301514,-0.07738208770751953,0.005266257567427601,-0.036819517612457275,-0.15841418504714966,-0.0026667420695503097,-0.0015146583318710327,-0.20627135038375854,-0.011526271695174728,0.034368738532066345,-0.22246003150939941,-0.02010302710709766,-0.03752213716506958,-0.2011328935623169,-0.032937784673549686,-0.03960020840167999,-0.3197399377822876,-0.046815895469762836,-0.042035654187202454,-0.3868522346019745,-0.052058869035818134,-0.044074490666389465,-0.43806225061416626,-0.05375459137735561,0.007566884160041809,-0.19307982921600342,-0.04138745460090831,0.032370224595069885,-0.3178294897079468,-0.05118640977320865,0.047130271792411804,-0.3903273940086365,-0.05472781229195789,0.06089024245738983,-0.44223612546920776,-0.05677381250438884,0.049078747630119324,-0.17345041036605835,-0.045543727459289585,0.061679527163505554,-0.2466449737548828,-0.0491566294747372,0.045922622084617615,-0.2228856086730957,-0.03872008714256481,0.034484341740608215,-0.1922253966331482,-0.029311745421864543,0.08422698080539703,-0.1493746042251587,-0.049382620485403095,0.08061186969280243,-0.19447368383407593,-0.04423475730595783,0.06715233623981476,-0.1734880805015564,-0.0270857615339537,0.062422528862953186,-0.14955568313598633,-0.012866074213661705
Two,0.0,0.0,0.0,-0.038637205958366394,-0.07660043239593506,0.003636671699496219,-0.03812456130981445,-0.15829461812973022,-0.00403824681052356,-0.0024926066398620605,-0.20573467016220093,-0.011858985755679896,0.03519849479198456,-0.2208259105682373,-0.01962749007725506,-0.03512072563171387,-0.200447678565979,-0.034694953817961505,-0.03900904953479767,-0.32126086950302124,-0.04703332017743378,-0.041416049003601074,-0.38918471336364746,-0.050662401128647616,-0.04393690824508667,-0.44032102823257446,-0.05152749921762734,0.011919483542442322,-0.19234389066696167,-0.04210041742408066,0.03598998486995697,-0.3188976049423218,-0.051436970938084414,0.048911288380622864,-0.3913635313510895,-0.05480115767204552,0.06077350676059723,-0.442050039768219,-0.05653452779733925,0.05285783112049103,-0.17267978191375732,-0.045200097370980075,0.0627344399690628,-0.24788635969161987,-0.049342419017193606,0.04596544802188873,-0.22631651163101196,-0.040094505060551455,0.03374166786670685,-0.19651979207992554,-0.031298975456593325,0.08603145182132721,-0.149042010307312,-0.047855223525402835,0.07832597196102142,-0.19620215892791748,-0.04396489541613846,0.06436650454998016,-0.17637979984283447,-0.02808081265175133,0.05992834270000458,-0.15233027935028076,-0.014626843851146987
Two,0.0,0.0,0.0,-0.040396809577941895,-0.07765579223632812,0.000677346662087075,-0.041193440556526184,-0.15738564729690552,-0.008527117021913,-0.005087316036224365,-0.20421773195266724,-0.017764548942977854,0.032150283455848694,-0.21958446502685547,-0.026562200099760958,-0.036981597542762756,-0.19787853956222534,-0.03599483443849749,-0.04052351415157318,-0.31844669580459595,-0.05056605412119097,-0.0423978716135025,-0.3860878348350525,-0.05562199576252169,-0.04379071295261383,-0.43727290630340576,-0.05691497324460215,0.01010209321975708,-0.1895086169242859,-0.04231478197925753,0.033499106764793396,-0.3143274188041687,-0.053762837485010095,0.04658840596675873,-0.3879680037498474,-0.05778501479380793,0.05931825935840607,-0.440303236246109,-0.05956765188329882,0.05105204880237579,-0.1700642704963684,-0.0448587231194324,0.06154896318912506,-0.24437934160232544,-0.05122594831937022,0.04502205550670624,-0.22257137298583984,-0.04201406537049479,0.03373412787914276,-0.19236725568771362,-0.03246281592601008,0.08420245349407196,-0.14640510082244873,-0.04726498125546641,0.07850216329097748,-0.19406068325042725,-0.04429500846617884,0.06460393965244293,-0.17450648546218872,-0.028052813545400568,0.06009848415851593,-0.1504022479057312,-0.013987166978949972
Two,0.0,0.0,0.0,-0.0379209965467453,-0.07657915353775024,0.000252333859805276,-0.03767441213130951,-0.15583592653274536,-0.009042399428892622,-0.0022753626108169556,-0.2033286690711975,-0.018539333209503184,0.03397248685359955,-0.21752744913101196,-0.027496316894996653,-0.036821961402893066,-0.19454830884933472,-0.03561913916479398,-0.03947153687477112,-0.315618097782135,-0.050770807504761706,-0.04116760194301605,-0.38373762369155884,-0.05625471049557973,-0.04242070019245148,-0.43548521399497986,-0.05771480822573949,0.009509697556495667,-0.1880779266357422,-0.04192353361855794,0.03337140381336212,-0.31243637204170227,-0.053354389459002505,0.04744802415370941,-0.3854685425758362,-0.05721143209945012,0.060458436608314514,-0.43748894333839417,-0.058758347720015536,0.050915107131004333,-0.17023354768753052,-0.044639244169104586,0.0623965710401535,-0.24366724491119385,-0.05144143798958112,0.04676653444766998,-0.2211984395980835,-0.04275831529508878,0.035377517342567444,-0.19046920537948608,-0.033370047301161776,0.08492352068424225,-0.1479477882385254,-0.04734431901584912,0.08175347745418549,-0.1930525302886963,-0.04510208168636609,0.06845764815807343,-0.17396420240402222,-0.02984847450267125,0.06336565315723419,-0.1506456732749939,-0.01629150235663701
Two,0.0,0.0,0.0,-0.03893183171749115,-0.07696700096130371,0.0009415111650810104,-0.039139896631240845,-0.1558207869529724,-0.008800354399056687,-0.004873335361480713,-0.2020760178565979,-0.018776438743145718,0.03120321035385132,-0.21550607681274414,-0.028582645193012013,-0.03607432544231415,-0.1941136121749878,-0.03785161449042107,-0.03893685340881348,-0.31475383043289185,-0.053733581289918675,-0.040009647607803345,-0.38293159008026123,-0.059379716947944416,-0.04118862748146057,-0.434237539768219,-0.060654339924724354,0.011042535305023193,-0.18582671880722046,-0.04492858944860245,0.03415703773498535,-0.31222817301750183,-0.056753394738109364,0.04761812090873718,-0.3847537040710449,-0.06004768385020043,0.05978456139564514,-0.43556687235832214,-0.060869490340621724,0.05297648906707764,-0.16568058729171753,-0.0481943353864267,0.06137901544570923,-0.23873698711395264,-0.05517959742275025,0.04571405053138733,-0.21811795234680176,-0.04593881739702965,0.03511476516723633,-0.18883508443832397,-0.03592637328830506,0.08683827519416809,-0.14082568883895874,-0.05122854335633065,0.08070307970046997,-0.1908089518547058,-0.04849868787852074,0.06741583347320557,-0.17289429903030396,-0.03183944298353936,0.06277170777320862,-0.1494443416595459,-0.01718700079646851
Two,0.0,0.0,0.0,-0.03821611404418945,-0.07699829339981079,0.0015843637653460974,-0.038752391934394836,-0.1554349660873413,-0.007820121814233971,-0.004147529602050781,-0.2014479637145996,-0.017301575151009274,0.03183206915855408,-0.21527409553527832,-0.026686265003604603,-0.034417569637298584,-0.19422703981399536,-0.03785862108759375,-0.036561161279678345,-0.3158683180809021,-0.052472670432848645,-0.037333399057388306,-0.383323073387146,-0.05705215862087698,-0.03836517035961151,-0.43429121375083923,-0.05772102331809492,0.01214742660522461,-0.1869262456893921,-0.044667170253319455,0.035365015268325806,-0.3124452829360962,-0.055297535714430524,0.04955381155014038,-0.384477436542511,-0.058255125638766,0.06286132335662842,-0.43485695123672485,-0.05906488826565237,0.053606271743774414,-0.16708964109420776,-0.04738082816891165,0.060635268688201904,-0.2359018325805664,-0.05230159765176268,0.04450377821922302,-0.216120183467865,-0.04311391418866606,0.033469200134277344,-0.18764030933380127,-0.03386489754609556,0.08730599284172058,-0.14213913679122925,-0.04988259157232733,0.080860435962677,-0.18729811906814575,-0.04559035679392309,0.06787478923797607,-0.16884618997573853,-0.02882419606737585,0.06350693106651306,-0.14512842893600464,-0.014515994918269826
Two,0.0,0.0,0.0,-0.0399591326713562,-0.07686233520507812,0.0004204009779300577,-0.04057370126247406,-0.15513688325881958,-0.009086181246345859,-0.0059163570404052734,-0.19930338859558105,-0.018707045190637928,0.030647575855255127,-0.21245932579040527,-0.02848276200205646,-0.034347087144851685,-0.19374239444732666,-0.038321622484033924,-0.036768391728401184,-0.3139139413833618,-0.05378134625465236,-0.03716364502906799,-0.381702184677124,-0.05891593995005451,-0.03765903413295746,-0.43254953622817993,-0.05975323247224651,0.01352730393409729,-0.186489999294281,-0.044918068521326404,0.03570064902305603,-0.3097136318683624,-0.0558465168109592,0.048892438411712646,-0.3814479112625122,-0.05861373695046268,0.061327069997787476,-0.4312281906604767,-0.059152723126715046,0.0552467405796051,-0.1666359305381775,-0.04783923628241382,0.05865883827209473,-0.2341475486755371,-0.05384154694587551,0.041992902755737305,-0.21551650762557983,-0.045976393692797046,0.03149804472923279,-0.18719720840454102,-0.037399236880844455,0.08769109845161438,-0.14208561182022095,-0.050660096876924854,0.07718625664710999,-0.18527358770370483,-0.04787273781806789,0.0631403923034668,-0.16793709993362427,-0.03275071906358562,0.0585399866104126,-0.14419633150100708,-0.01944193134517036
Two,0.0,0.0,0.0,-0.04221025109291077,-0.07697492837905884,-0.0023002610219577946,-0.042681559920310974,-0.15439414978027344,-0.014097530595392982,-0.004725277423858643,-0.19759726524353027,-0.02565905751231412,0.03502148389816284,-0.20953059196472168,-0.03756129482331971,-0.03430454432964325,-0.18991607427597046,-0.04324083888474206,-0.03825020790100098,-0.3097180128097534,-0.06032877156081895,-0.038272321224212646,-0.3772914409637451,-0.06661025920453767,-0.03760901093482971,-0.4287119209766388,-0.06821374335828523,0.013978838920593262,-0.18104296922683716,-0.04952804112377862,0.03383594751358032,-0.3056414723396301,-0.06187617519441346,0.04689037799835205,-0.3783354163169861,-0.06458597370925645,0.05977815389633179,-0.4290074110031128,-0.06516864636483888,0.05586078763008118,-0.15965789556503296,-0.05236251392904023,0.058169275522232056,-0.2337074875831604,-0.06106533968392114,0.04067346453666687,-0.21620935201644897,-0.05308930689039926,0.030171692371368408,-0.18670928478240967,-0.04375123345795373,0.08797129988670349,-0.13416802883148193,-0.05510534086766938,0.0775267481803894,-0.1914547085762024,-0.05489895978513459,0.062077999114990234,-0.17619740962982178,-0.03948510178867082,0.056789249181747437,-0.15107029676437378,-0.02556353734377126
Two,0.0,0.0,0.0,-0.04283478856086731,-0.07738715410232544,-0.0044897501348373225,-0.042894840240478516,-0.15433353185653687,-0.01789382006887763,-0.003904998302459717,-0.19646918773651123,-0.030531943774860792,0.03716707229614258,-0.20754027366638184,-0.04334085341457694,-0.03302904963493347,-0.1885387897491455,-0.04693999793295234,-0.03830114006996155,-0.3096697926521301,-0.06542442645792335,-0.03848406672477722,-0.377580463886261,-0.07248366530899375,-0.03735128045082092,-0.42918556928634644,-0.07457095291380256,0.01591542363166809,-0.17992240190505981,-0.05243723001245826,0.03396853804588318,-0.3057352900505066,-0.06558643933300345,0.046996474266052246,-0.3783644139766693,-0.06862552370790809,0.060834914445877075,-0.42886078357696533,-0.06940946634773582,0.058350950479507446,-0.15879195928573608,-0.05456039961342185,0.05937117338180542,-0.23171406984329224,-0.06357818003658622,0.04122760891914368,-0.2147444486618042,-0.055758132598441534,0.030409395694732666,-0.1847350001335144,-0.046557012013238364,0.09055647253990173,-0.1336548924446106,-0.05682662408713668,0.07760530710220337,-0.18680578470230103,-0.05697929020885795,0.06223553419113159,-0.172593891620636,-0.04194218572143882,0.05707767605781555,-0.147638738155365,-0.028205723500889235
Two,0.0,0.0,0.0,-0.04132524132728577,-0.08045762777328491,-0.0043435984300117525,-0.035838931798934937,-0.15949320793151855,-0.01783362943768907,0.00754961371421814,-0.1993114948272705,-0.030070926808718923,0.04840037226676941,-0.21078336238861084,-0.04244819264948774,-0.029381871223449707,-0.1922677755355835,-0.04837421681821752,-0.03465324640274048,-0.3107132315635681,-0.06598637234509397,-0.034952640533447266,-0.37804114818573,-0.07290379684508252,-0.033940285444259644,-0.4300616979598999,-0.07545915972531247,0.02044031023979187,-0.18211346864700317,-0.05391862597406316,0.03964245319366455,-0.30622148513793945,-0.0660030094915669,0.05172628164291382,-0.37820854783058167,-0.06910966318190503,0.06430414319038391,-0.4289805293083191,-0.07072302680552411,0.062246352434158325,-0.15968632698059082,-0.05583779122770238,0.06433144211769104,-0.23339110612869263,-0.06337124835789609,0.045910924673080444,-0.21681898832321167,-0.05508452262819219,0.03423589468002319,-0.18709135055541992,-0.04645970072687078,0.09323567152023315,-0.13388407230377197,-0.05790975298822332,0.07789114117622375,-0.18461215496063232,-0.0567835455769341,0.06172502040863037,-0.16994261741638184,-0.0416584534579556,0.0563807487487793,-0.1450120210647583,-0.02853248063564706
Two,0.0,0.0,0.0,-0.04408934712409973,-0.0810137391090393,-0.004424748498422559,-0.042044639587402344,-0.1603684425354004,-0.017408488340151962,3.057718276977539e-05,-0.19949054718017578,-0.029066175244224723,0.04103776812553406,-0.20883435010910034,-0.041245106629503425,-0.02814468741416931,-0.19437968730926514,-0.04980699347652262,-0.03315931558609009,-0.31639790534973145,-0.0687361695090658,-0.031185269355773926,-0.38461607694625854,-0.07625719534553355,-0.027009159326553345,-0.43698132038116455,-0.07859861480392283,0.023542165756225586,-0.184930682182312,-0.054357081673515495,0.040625691413879395,-0.3102653920650482,-0.06745460259116953,0.05385500192642212,-0.38407355546951294,-0.0703034736434347,0.06809395551681519,-0.434249609708786,-0.07093724238075083,0.06562918424606323,-0.16318613290786743,-0.05514428021706408,0.06283479928970337,-0.23490864038467407,-0.0625723637858755,0.042667508125305176,-0.216880202293396,-0.054732326439989265,0.029513508081436157,-0.18505734205245972,-0.04591174425877398,0.09509557485580444,-0.1391027569770813,-0.056067280493152793,0.07647284865379333,-0.18528491258621216,-0.05506643655098742,0.05894485116004944,-0.16941887140274048,-0.040537316373956855,0.052519410848617554,-0.14400261640548706,-0.027203418336284813
Two,0.0,0.0,0.0,-0.043245553970336914,-0.08450096845626831,-0.004157671759287496,-0.04173821210861206,-0.16487860679626465,-0.016501882167915483,2.1070241928100586e-05,-0.2049872875213623,-0.027128265293697496,0.040106892585754395,-0.21405762434005737,-0.038169958683113236,-0.023632317781448364,-0.19638991355895996,-0.048909657689193864,-0.028740406036376953,-0.31800520420074463,-0.06503952020631232,-0.028088510036468506,-0.3856538236141205,-0.07108576321826376,-0.024829089641571045,-0.437938392162323,-0.07326495373473563,0.026628702878952026,-0.18634015321731567,-0.052141954245428224,0.04433968663215637,-0.31143254041671753,-0.06416118616090216,0.056855589151382446,-0.3840939402580261,-0.06704479927049078,0.07118058204650879,-0.433520644903183,-0.06831360334382452,0.06668862700462341,-0.165083110332489,-0.05109988996611037,0.06414642930030823,-0.24319064617156982,-0.0567721995137731,0.04371163249015808,-0.2290549874305725,-0.04785859683380522,0.030710995197296143,-0.198877215385437,-0.039300878586630006,0.09499695897102356,-0.14196860790252686,-0.050203167887787004,0.07765251398086548,-0.19141298532485962,-0.04888349125013747,0.05997788906097412,-0.176253080368042,-0.03426146605835356,0.05426424741744995,-0.15080666542053223,-0.021268994601825852
Two,0.0,0.0,0.0,-0.04300421476364136,-0.0815054178237915,-0.005796471190024022,-0.043658941984176636,-0.1587778925895691,-0.01932590133355916,-0.004156023263931274,-0.19719982147216797,-0.031098017979729775,0.034392595291137695,-0.2052396535873413,-0.043166460980046395,-0.024496644735336304,-0.19065290689468384,-0.0517590814720279,-0.030127793550491333,-0.3137497901916504,-0.0694004209231025,-0.02887919545173645,-0.3820590674877167,-0.07509331269966424,-0.024502605199813843,-0.43375474214553833,-0.07635414465175927,0.02510431408882141,-0.18140554428100586,-0.05427429317342103,0.04200786352157593,-0.3085136413574219,-0.06843771650301278,0.05504888296127319,-0.3814150094985962,-0.07105390592323602,0.07052156329154968,-0.42959660291671753,-0.0713128508518821,0.0649341344833374,-0.16045641899108887,-0.052645756442416314,0.060538291931152344,-0.23434704542160034,-0.060277427126038674,0.04084119200706482,-0.21925431489944458,-0.05111121623622239,0.029612839221954346,-0.18892091512680054,-0.04145251824365914,0.09302404522895813,-0.1376475691795349,-0.0512373806427604,0.07454195618629456,-0.18550002574920654,-0.050612552602160576,0.05692717432975769,-0.1694830060005188,-0.0357468040178901,0.05163717269897461,-0.1439359188079834,-0.022174213592279557
Two,0.0,0.0,0.0,-0.04332876205444336,-0.08117187023162842,-0.006428818852100449,-0.0420510470867157,-0.16080188751220703,-0.019435711373034792,-0.0006868541240692139,-0.1993575096130371,-0.030833019111696558,0.03863203525543213,-0.20714741945266724,-0.04237453842574723,-0.02477368712425232,-0.19225788116455078,-0.04877494851166375,-0.027535080909729004,-0.31327009201049805,-0.06636262143069871,-0.025792300701141357,-0.3815835118293762,-0.07225895876104005,-0.021395057439804077,-0.4330059289932251,-0.07364291900807984,0.024979740381240845,-0.1822214126586914,-0.0516124760549701,0.04368990659713745,-0.3072524070739746,-0.06601962650233872,0.05789348483085632,-0.38065773248672485,-0.06970975006038316,0.07426100969314575,-0.4300961494445801,-0.07047223502809175,0.06587216258049011,-0.16148018836975098,-0.05074289271647103,0.06182050704956055,-0.23389625549316406,-0.06034353951031335,0.042611896991729736,-0.21776044368743896,-0.052681623194757776,0.031441301107406616,-0.18726450204849243,-0.0431891513806022,0.09564557671546936,-0.1391473412513733,-0.05002756992394097,0.07873114943504333,-0.18939632177352905,-0.05094001272732385,0.06273844838142395,-0.17347627878189087,-0.036612885240856485,0.05806770920753479,-0.1479148268699646,-0.02292123267466195
Two,0.0,0.0,0.0,-0.04245296120643616,-0.08252090215682983,-0.00701353213338507,-0.03947064280509949,-0.16174191236495972,-0.02066153454182995,0.0033212006092071533,-0.2004736065864563,-0.032320769304021724,0.042303621768951416,-0.2086116075515747,-0.04391958358286274,-0.02317008376121521,-0.19142383337020874,-0.05101880597470654,-0.026399880647659302,-0.31313249468803406,-0.0687375122546996,-0.024549275636672974,-0.38114219903945923,-0.07471489700077427,-0.019858896732330322,-0.4330499470233917,-0.07632846924065007,0.0269320011138916,-0.1809118390083313,-0.053460435742124446,0.04625728726387024,-0.3070133626461029,-0.06789151372908009,0.06116706132888794,-0.3808988034725189,-0.07144837620256794,0.0780087411403656,-0.43135926127433777,-0.07233756574390782,0.0675947368144989,-0.15970373153686523,-0.0520400272548045,0.06497365236282349,-0.23357659578323364,-0.06117073612807644,0.045182764530181885,-0.21697157621383667,-0.05280885266660107,0.03319212794303894,-0.18612253665924072,-0.043134162002786525,0.09671789407730103,-0.1369258165359497,-0.05087277086971653,0.08036831021308899,-0.18493008613586426,-0.05160553174613369,0.06343722343444824,-0.16910111904144287,-0.03727634417413128,0.05815461277961731,-0.1440795660018921,-0.023733477839812167
Two,0.0,0.0,0.0,-0.042363256216049194,-0.08331680297851562,-0.006008591140641784,-0.03964987397193909,-0.16251176595687866,-0.019338090541793918,0.0034963786602020264,-0.2019946575164795,-0.030795001062585925,0.04232889413833618,-0.21003657579421997,-0.04223608096225462,-0.02282613515853882,-0.19433176517486572,-0.050425531911685084,-0.02446886897087097,-0.3155475854873657,-0.06845041235072813,-0.022096604108810425,-0.3836657404899597,-0.07499670853002272,-0.016895264387130737,-0.4358230531215668,-0.07725342233760557,0.027557939291000366,-0.18236607313156128,-0.05343813692314825,0.048147499561309814,-0.3077216148376465,-0.0682576956330081,0.06280586123466492,-0.38060033321380615,-0.07243209202869139,0.07912001013755798,-0.4300607144832611,-0.07394137104137144,0.0687074065208435,-0.159584641456604,-0.05242716019137106,0.06746852397918701,-0.23454785346984863,-0.06151074041707716,0.04672116041183472,-0.21788287162780762,-0.05246787016375265,0.033403635025024414,-0.18706399202346802,-0.04247964416725836,0.09846383333206177,-0.13548076152801514,-0.05160685499294004,0.0836707353591919,-0.187863290309906,-0.05244052280767164,0.06665033102035522,-0.17308968305587769,-0.03766102959497175,0.060672372579574585,-0.14847856760025024,-0.023795605274870013
Two,0.0,0.0,0.0,-0.04119870066642761,-0.08164560794830322,-0.007017496533023859,-0.03839689493179321,-0.15908116102218628,-0.02119402869351461,0.0018909871578216553,-0.20106196403503418,-0.03359310238369062,0.03908237814903259,-0.21291959285736084,-0.04579238875516012,-0.02460348606109619,-0.1936807632446289,-0.050155974018650795,-0.02438756823539734,-0.31440505385398865,-0.06946278272874906,-0.021752148866653442,-0.38371118903160095,-0.07622836439617231,-0.016479521989822388,-0.4363531470298767,-0.07801458148964002,0.025336772203445435,-0.18074309825897217,-0.0533031476915653,0.04868197441101074,-0.3050447106361389,-0.06946527867324903,0.06486347317695618,-0.3783411979675293,-0.07354087291963651,0.08221006393432617,-0.4294254779815674,-0.07442621796138837,0.0677805244922638,-0.15799206495285034,-0.05282538293607786,0.06923678517341614,-0.23363488912582397,-0.06485398023136213,0.04880577325820923,-0.21484684944152832,-0.05645689277656629,0.03590291738510132,-0.1835188865661621,-0.04581226690419271,0.09926152229309082,-0.13444191217422485,-0.05243909640915945,0.08522224426269531,-0.19011902809143066,-0.0552366627634342,0.06900149583816528,-0.17429018020629883,-0.04060906826265409,0.0637204647064209,-0.14934343099594116,-0.02623243539341047
Two,0.0,0.0,0.0,-0.04046100378036499,-0.08175957202911377,-0.005302735002373993,-0.03613477945327759,-0.1582568883895874,-0.01862194096077019,0.00443682074546814,-0.19815659523010254,-0.03059226726520592,0.04055851697921753,-0.2075512409210205,-0.042666337316518366,-0.02391594648361206,-0.19387286901474,-0.047897751306777536,-0.023799508810043335,-0.3127976059913635,-0.06603057948279911,-0.02094516158103943,-0.38121336698532104,-0.07184084770608479,-0.016284078359603882,-0.43308982253074646,-0.07290110257793003,0.025529086589813232,-0.18190068006515503,-0.05190181252885395,0.049910515546798706,-0.306030809879303,-0.06615181533027226,0.06532740592956543,-0.3775557279586792,-0.06902195033956104,0.08076944947242737,-0.4270162582397461,-0.06896072891879612,0.0676298439502716,-0.15835601091384888,-0.05218550456095272,0.07001703977584839,-0.23158669471740723,-0.06228247178125912,0.05167132616043091,-0.2133110761642456,-0.053269407575612604,0.040362656116485596,-0.18334126472473145,-0.042398295228963434,0.09903693199157715,-0.13182419538497925,-0.052430632387881815,0.08732175827026367,-0.18667817115783691,-0.052899586831813394,0.07182425260543823,-0.17034363746643066,-0.03677333412099415,0.06660747528076172,-0.1457306146621704,-0.02152936798859173
Two,0.0,0.0,0.0,-0.04055190086364746,-0.08141481876373291,-0.0055953539464894675,-0.036523520946502686,-0.1580917239189148,-0.01896429765264429,0.003561049699783325,-0.19906318187713623,-0.031240267262262478,0.03970593214035034,-0.20965182781219482,-0.04354629996458925,-0.025890201330184937,-0.19378846883773804,-0.0470852549676124,-0.02328890562057495,-0.31206345558166504,-0.06570215854088701,-0.02025774121284485,-0.38003432750701904,-0.07167837354580797,-0.01575419306755066,-0.4318496286869049,-0.07281136098544039,0.02350670099258423,-0.1811193823814392,-0.05168228554765619,0.049610644578933716,-0.3047449588775635,-0.0662546414438907,0.0662936270236969,-0.3763542175292969,-0.0693865675036136,0.08261272311210632,-0.42685604095458984,-0.06951817455927767,0.06641265749931335,-0.15728580951690674,-0.052889346659583225,0.07018622756004333,-0.2314872145652771,-0.06434843274990953,0.05303189158439636,-0.21312624216079712,-0.05610157135168947,0.0424189567565918,-0.18313801288604736,-0.045403383255404606,0.09905171394348145,-0.1308192014694214,-0.05406743246356882,0.08686655759811401,-0.18792587518692017,-0.0556648145918075,0.07151997089385986,-0.1730305552482605,-0.04023713576833643,0.06633409857749939,-0.14891517162322998,-0.025376854047578945
Two,0.0,0.0,0.0,-0.039833635091781616,-0.08033555746078491,-0.0058441437890905945,-0.03592994809150696,-0.15590941905975342,-0.020169560435988387,0.0031093955039978027,-0.1966572403907776,-0.03341060375032612,0.03945416212081909,-0.20759689807891846,-0.04662974422035404,-0.026515960693359375,-0.19100314378738403,-0.04914040361700245,-0.025166213512420654,-0.3094273805618286,-0.06799466033635326,-0.022147148847579956,-0.37675341963768005,-0.07399531324563213,-0.01746174693107605,-0.4279652237892151,-0.07524258514104076,0.02215936779975891,-0.17831474542617798,-0.0540959859376926,0.048096150159835815,-0.30204832553863525,-0.06867318471131512,0.06525498628616333,-0.37325072288513184,-0.0719986694043655,0.08178502321243286,-0.42359453439712524,-0.07256925721821972,0.06469288468360901,-0.15499520301818848,-0.05558197816071697,0.06838247179985046,-0.22960305213928223,-0.06679946799931713,0.05177411437034607,-0.21095174551010132,-0.05854350199160763,0.04145514965057373,-0.1813454031944275,-0.0482247496133823,0.09739804267883301,-0.12884289026260376,-0.05706671868620106,0.08488726615905762,-0.18599683046340942,-0.058594903547145805,0.06999632716178894,-0.17139238119125366,-0.04323580359277912,0.06514498591423035,-0.14708399772644043,-0.028652260649778327
Two,0.0,0.0,0.0,-0.039986103773117065,-0.07871907949447632,-0.006133749464709126,-0.036546796560287476,-0.15595781803131104,-0.020429293008703553,0.0021678507328033447,-0.19937628507614136,-0.03342876801099237,0.03776848316192627,-0.21225744485855103,-0.04633710378612932,-0.02844393253326416,-0.19020050764083862,-0.05021103316749986,-0.026191353797912598,-0.30991247296333313,-0.06946192527021822,-0.023328930139541626,-0.37808820605278015,-0.07587168210949358,-0.019335269927978516,-0.4299999475479126,-0.07747366124596056,0.019422322511672974,-0.17711883783340454,-0.055184131803173386,0.04675522446632385,-0.3029554486274719,-0.07033458942379411,0.06398487091064453,-0.3756045997142792,-0.07386035317387041,0.08042526245117188,-0.4276196360588074,-0.07458047414030489,0.061776041984558105,-0.15409070253372192,-0.056677749695438706,0.06744605302810669,-0.23269110918045044,-0.06853752428497728,0.05065003037452698,-0.21442502737045288,-0.05978661248292383,0.04045102000236511,-0.18457555770874023,-0.04897557044233736,0.09481129050254822,-0.1283550262451172,-0.058168074431080186,0.08532148599624634,-0.1912550926208496,-0.060642788501638734,0.06967610120773315,-0.17688775062561035,-0.04517932453956064,0.06430026888847351,-0.1521276831626892,-0.030367454828876816
Two,0.0,0.0,0.0,-0.03855718672275543,-0.08006864786148071,-0.00203628695135194,-0.0331137478351593,-0.1562938094139099,-0.01453317023378986,0.006374180316925049,-0.19528323411941528,-0.025994172054652154,0.041425615549087524,-0.207064688205719,-0.037583507332328736,-0.029641538858413696,-0.19906753301620483,-0.04722308340978998,-0.026940733194351196,-0.3158479928970337,-0.06386610466552156,-0.02608455717563629,-0.3849272131919861,-0.0697496195466556,-0.023939266800880432,-0.43796584010124207,-0.07179392475200075,0.01788082718849182,-0.1854535937309265,-0.05326979953360933,0.04585230350494385,-0.30798593163490295,-0.06488370496344942,0.06270918250083923,-0.38056522607803345,-0.06816985059094804,0.07976675033569336,-0.43391382694244385,-0.06994067478490251,0.0593700110912323,-0.16152554750442505,-0.05526406663966554,0.06811431050300598,-0.2357501983642578,-0.06246275800776857,0.05010637640953064,-0.21764564514160156,-0.054340302679065644,0.038897931575775146,-0.18957114219665527,-0.04574574503612894,0.09170982241630554,-0.13384640216827393,-0.05700921240759271,0.08054912090301514,-0.1809293031692505,-0.056106853965047776,0.06489220261573792,-0.1644601821899414,-0.041871037069086015,0.06103208661079407,-0.14197009801864624,-0.028972858297947823
Two,0.0,0.0,0.0,-0.03620919585227966,-0.07814490795135498,-0.001336836250743545,-0.03180232644081116,-0.15489894151687622,-0.013202346739603854,0.002543047070503235,-0.20179611444473267,-0.024998037022783137,0.03537702560424805,-0.2162625789642334,-0.036960692954494334,-0.030989542603492737,-0.196896493434906,-0.04403055260820565,-0.028467804193496704,-0.3154352307319641,-0.06309988896293817,-0.026592224836349487,-0.3861830234527588,-0.06990956316633401,-0.024489760398864746,-0.43954890966415405,-0.07164969096822915,0.014734774827957153,-0.18628036975860596,-0.05096442426486192,0.04330959916114807,-0.3111726641654968,-0.06535736272974191,0.06186982989311218,-0.3834443986415863,-0.06920087139053521,0.07855889201164246,-0.43611013889312744,-0.07015221367521463,0.05719110369682312,-0.1640973687171936,-0.05413090984268365,0.06843331456184387,-0.2351599931716919,-0.06359251390142617,0.05450966954231262,-0.21481406688690186,-0.0542751344565886,0.04505032300949097,-0.18729829788208008,-0.04364494780941186,0.091793954372406,-0.1371278166770935,-0.05719022254390893,0.0863683819770813,-0.18700534105300903,-0.05578135873122392,0.07269659638404846,-0.17083704471588135,-0.03931550110621629,0.06796124577522278,-0.14903348684310913,-0.024403577548696376
Two,0.0,0.0,0.0,-0.03745061159133911,-0.07832103967666626,-0.0007187888979274248,-0.03437085449695587,-0.1568390130996704,-0.011658100075862876,0.0007705092430114746,-0.20691734552383423,-0.022973360158346168,0.034702688455581665,-0.22013497352600098,-0.0343358662350397,-0.03279614448547363,-0.20083749294281006,-0.04015792872741031,-0.03230372071266174,-0.31895244121551514,-0.05842577632500934,-0.031449899077415466,-0.3893367052078247,-0.06580156426861095,-0.029748499393463135,-0.44276106357574463,-0.06831716340019511,0.012500554323196411,-0.19178760051727295,-0.04752366211249637,0.041140615940093994,-0.3146081566810608,-0.062055099420092574,0.05931806564331055,-0.38860994577407837,-0.06698262285425471,0.07597509026527405,-0.44141802191734314,-0.06869753789140987,0.05441346764564514,-0.17053788900375366,-0.051217507235548965,0.06802800297737122,-0.2408137321472168,-0.060435656122706405,0.05340185761451721,-0.2194960117340088,-0.05085815828277873,0.04337868094444275,-0.19010776281356812,-0.04008317705228137,0.08960238099098206,-0.1440407633781433,-0.05496326800420093,0.0885695219039917,-0.19436120986938477,-0.053623042665265075,0.0743107795715332,-0.1760147213935852,-0.036749947480700484,0.06863588094711304,-0.1519361138343811,-0.021482074297807685
Two,0.0,0.0,0.0,-0.0370243638753891,-0.07764393091201782,-0.0012632395662990348,-0.03480048477649689,-0.1570812463760376,-0.01257339518616618,0.00015556812286376953,-0.20836776494979858,-0.023903925233582868,0.034036070108413696,-0.22461706399917603,-0.034998864197234525,-0.033019840717315674,-0.19904953241348267,-0.04161171268771113,-0.03446413576602936,-0.3175683319568634,-0.0605535174543661,-0.034301191568374634,-0.3880365490913391,-0.0683461691076559,-0.033276185393333435,-0.4408411979675293,-0.07090065281937541,0.01184430718421936,-0.188249409198761,-0.04824554573843898,0.03971168398857117,-0.3136746883392334,-0.06439337533066691,0.05715474486351013,-0.388954758644104,-0.0699979851777357,0.07322371006011963,-0.44185397028923035,-0.07181489121268214,0.053353458642959595,-0.16687655448913574,-0.051047571265200986,0.06754937767982483,-0.23957115411758423,-0.06097456093976916,0.05311596393585205,-0.21987217664718628,-0.05054261934111537,0.0431540310382843,-0.19122987985610962,-0.038887433969478025,0.08850458264350891,-0.1415085792541504,-0.05386326860735835,0.09008345007896423,-0.19529271125793457,-0.0519049393768114,0.07570973038673401,-0.1769736409187317,-0.033723734580973996,0.06970769166946411,-0.15338510274887085,-0.01751644190500201
Two,0.0,0.0,0.0,-0.03599493205547333,-0.07745444774627686,0.0030128828772149063,-0.033245429396629333,-0.1559019684791565,-0.006592336943299415,0.002052977681159973,-0.2075411081314087,-0.016758132627160194,0.036335065960884094,-0.22385644912719727,-0.026985082676560523,-0.033675506711006165,-0.19916951656341553,-0.03919797939613545,-0.034162431955337524,-0.31906044483184814,-0.05678769377425397,-0.03423510491847992,-0.38959479331970215,-0.06397089538529599,-0.03398878872394562,-0.4420464336872101,-0.06628361520722592,0.01099647581577301,-0.18946188688278198,-0.047027280455381515,0.03966803848743439,-0.3149196207523346,-0.06142728207066739,0.05700458586215973,-0.3897820711135864,-0.06647012559130872,0.07197071611881256,-0.4421490728855133,-0.06823866245701993,0.05248941481113434,-0.1690259575843811,-0.05038146105960095,0.0687849372625351,-0.24156540632247925,-0.05702381757453168,0.05585925281047821,-0.2222360372543335,-0.045335786318332794,0.0453038364648819,-0.19423943758010864,-0.03371858028128827,0.08792363107204437,-0.14343881607055664,-0.053481722151786926,0.09076850116252899,-0.19540441036224365,-0.048595422780067565,0.07737787067890167,-0.1773223876953125,-0.029281727870852592,0.07092539966106415,-0.1541125774383545,-0.012727738259286525
Two,0.0,0.0,0.0,-0.03617970645427704,-0.0766369104385376,0.0033945576959695245,-0.03310443460941315,-0.15603065490722656,-0.005886374439910469,0.0018837004899978638,-0.20665955543518066,-0.01584569358067256,0.036662131547927856,-0.22184127569198608,-0.02568330236510974,-0.03631259500980377,-0.19947737455368042,-0.03722778514759284,-0.03621390461921692,-0.319246768951416,-0.05393313423530799,-0.03654159605503082,-0.3890656530857086,-0.060428352959320364,-0.03711734712123871,-0.441055566072464,-0.062401262976095495,0.008621007204055786,-0.19066202640533447,-0.04529132873551589,0.037956953048706055,-0.31545886397361755,-0.05924545035497886,0.05523154139518738,-0.38988107442855835,-0.06449115828411323,0.06976529955863953,-0.4426170885562897,-0.06652044311897498,0.05029010772705078,-0.17105573415756226,-0.04893924475447875,0.06817373633384705,-0.2414035201072693,-0.05543292120830756,0.05482882261276245,-0.22004181146621704,-0.04413040534393531,0.043628573417663574,-0.19163835048675537,-0.03282935724394065,0.08602604269981384,-0.1467534303665161,-0.05232382000224334,0.08788055181503296,-0.19378292560577393,-0.047648342259094534,0.07503324747085571,-0.17416828870773315,-0.029056595571205435,0.06886208057403564,-0.15146160125732422,-0.013059883311257181
Two,0.0,0.0,0.0,-0.03523677587509155,-0.07565802335739136,0.005497909111227273,-0.033340245485305786,-0.15382611751556396,-0.00344399506479931,-7.048249244689941e-06,-0.20528775453567505,-0.0135412817287488,0.03525398671627045,-0.2209789752960205,-0.02368281739086342,-0.037480250000953674,-0.1995307207107544,-0.036448740905825616,-0.037276312708854675,-0.31961846351623535,-0.05304096410304737,-0.03778304159641266,-0.389487087726593,-0.05978235373527241,-0.03880132734775543,-0.4413243234157562,-0.06221153358251286,0.006818339228630066,-0.19134604930877686,-0.04555520931512547,0.036609962582588196,-0.3167409300804138,-0.05970830614000988,0.05401463806629181,-0.3908039629459381,-0.06501136491328907,0.06818307936191559,-0.44241756200790405,-0.06720102349549961,0.04849444329738617,-0.17121219635009766,-0.04990357676774693,0.06784723699092865,-0.24436122179031372,-0.05519792581230831,0.05458475649356842,-0.22194063663482666,-0.04193728560835552,0.04292510449886322,-0.1928592324256897,-0.02971124792725277,0.08493606746196747,-0.14526516199111938,-0.05394283825785351,0.08898918330669403,-0.1952207088470459,-0.04832912752658558,0.07659147679805756,-0.17509931325912476,-0.028354851103131296,0.07009284198284149,-0.15214544534683228,-0.011500338597898008
Two,0.0,0.0,0.0,-0.03481678664684296,-0.07522952556610107,0.008052688168163513,-0.032288551330566406,-0.1541019082069397,0.0004350695996890863,0.0015730112791061401,-0.2064850926399231,-0.008435926323954845,0.03762653470039368,-0.2225680947303772,-0.017354889696662212,-0.03677928447723389,-0.20165640115737915,-0.03538332220000484,-0.03699047863483429,-0.3214915692806244,-0.051009789964382435,-0.038079649209976196,-0.3915853798389435,-0.05745767887515285,-0.039321839809417725,-0.4433421492576599,-0.05997970040721157,0.0075763314962387085,-0.19362038373947144,-0.044912719091598774,0.037094175815582275,-0.31907856464385986,-0.058261689653818394,0.05394461750984192,-0.39350685477256775,-0.0634651714174197,0.06769472360610962,-0.4453224241733551,-0.06590782936495998,0.0490606427192688,-0.17378371953964233,-0.049175464472000385,0.06899571418762207,-0.24722439050674438,-0.052047242334310795,0.05533689260482788,-0.22531437873840332,-0.03750858913940647,0.0430905818939209,-0.19658511877059937,-0.025098697206203724,0.08511483669281006,-0.14792299270629883,-0.05305593918842533,0.08914518356323242,-0.19710499048233032,-0.04540552284402111,0.0768042504787445,-0.17706507444381714,-0.024681701248709942,0.07050871849060059,-0.1544676423072815,-0.007647861184750582
Two,0.0,0.0,0.0,-0.03669056296348572,-0.07708334922790527,0.01075453016795791,-0.03514166176319122,-0.1538826823234558,0.003871171352272995,-0.004473254084587097,-0.20713764429092407,-0.004817722981044881,0.030843138694763184,-0.22554868459701538,-0.013552128487447135,-0.03846968710422516,-0.2042788863182068,-0.03274094514659964,-0.03797927498817444,-0.3231572210788727,-0.04901374332717978,-0.039037033915519714,-0.39317330718040466,-0.05627174504212462,-0.03966611623764038,-0.44431477785110474,-0.059024157152691714,0.005627438426017761,-0.19630855321884155,-0.04293963886908614,0.03571632504463196,-0.3207974135875702,-0.05547810547165,0.052780598402023315,-0.3941265940666199,-0.06019251249841773,0.06637895107269287,-0.4442717730998993,-0.062297577188530795,0.047349750995635986,-0.17639362812042236,-0.04775494538358771,0.06793269515037537,-0.24652862548828125,-0.04847933180741393,0.05461582541465759,-0.2254834771156311,-0.03302761741093718,0.04265075922012329,-0.19701796770095825,-0.02040801957360827,0.08309203386306763,-0.14980942010879517,-0.05211598627380454,0.08777433633804321,-0.19511115550994873,-0.04204200036934935,0.07567325234413147,-0.17535817623138428,-0.020310228840628497,0.06956520676612854,-0.15280306339263916,-0.002696511718625061
Two,0.0,0.0,0.0,-0.03684350848197937,-0.07726794481277466,0.008787373247400865,-0.03553763031959534,-0.15428805351257324,0.0008109067485975174,-0.003869488835334778,-0.20740294456481934,-0.009036839773102656,0.03230243921279907,-0.22498750686645508,-0.018944353629990474,-0.03870168328285217,-0.20571190118789673,-0.033016734589978114,-0.03838978707790375,-0.3238877058029175,-0.04979011865441407,-0.03940218687057495,-0.39348626136779785,-0.05745130481307115,-0.04012170433998108,-0.44448164105415344,-0.06038042979423608,0.005325138568878174,-0.1971273422241211,-0.04319198878590669,0.03571784496307373,-0.3200528025627136,-0.055792872627421275,0.052695780992507935,-0.3927713632583618,-0.06078095438067521,0.06608948111534119,-0.44294729828834534,-0.06301124097888078,0.047182440757751465,-0.17660248279571533,-0.04844560923163499,0.06756576895713806,-0.24414360523223877,-0.050815579314871684,0.05515119433403015,-0.22204971313476562,-0.0368159681755742,0.043961018323898315,-0.1933881640434265,-0.024746632968231097,0.08357459306716919,-0.15014445781707764,-0.0533540703553399,0.08917129039764404,-0.19421601295471191,-0.0447401225763997,0.07743456959724426,-0.1739845871925354,-0.023975145836516276,0.071461021900177,-0.15159106254577637,-0.006847111341699019
Two,0.0,0.0,0.0,-0.035839393734931946,-0.07843482494354248,0.010133619015334716,-0.03364056348800659,-0.15455222129821777,0.0027717045184658673,-0.0015486329793930054,-0.2079189419746399,-0.006758709377379546,0.03460708260536194,-0.22625035047531128,-0.016296877930642495,-0.03851523995399475,-0.20625996589660645,-0.031234451974512467,-0.03777635097503662,-0.32486769556999207,-0.047877391273857484,-0.03920258581638336,-0.3949703574180603,-0.056064625675560364,-0.04008616507053375,-0.44662874937057495,-0.059555643643022904,0.00552484393119812,-0.1987541913986206,-0.04189827799308432,0.035863399505615234,-0.3209002614021301,-0.05387346952664984,0.053665757179260254,-0.39367103576660156,-0.05931290000188483,0.06783455610275269,-0.4441487789154053,-0.062203647042395005,0.04750460386276245,-0.1787717342376709,-0.04753418027866019,0.06826040148735046,-0.24479329586029053,-0.048572437311293015,0.055890828371047974,-0.2230902910232544,-0.03466535120713843,0.04447454214096069,-0.1943831443786621,-0.023154828171016106,0.08384531736373901,-0.15270590782165527,-0.052876313621879945,0.08897596597671509,-0.19297033548355103,-0.04360691964137686,0.07725384831428528,-0.17337262630462646,-0.0234140040676607,0.07133525609970093,-0.15165865421295166,-0.006881459089697728
Two,0.0,0.0,0.0,-0.03501482307910919,-0.0808611512184143,0.010344202297915217,-0.032637909054756165,-0.15621119737625122,0.002736512704927918,0.0005442500114440918,-0.20898234844207764,-0.007370327465991977,0.03611871600151062,-0.22749832272529602,-0.017778613936911825,-0.037188053131103516,-0.2123919129371643,-0.028958290216337446,-0.03547963500022888,-0.3277972340583801,-0.045634934079657796,-0.03564980626106262,-0.39765793085098267,-0.05499568335415006,-0.034589171409606934,-0.4501928985118866,-0.05921948454977155,0.006577014923095703,-0.2051820158958435,-0.03995189569593549,0.03784400224685669,-0.3231612741947174,-0.050348156464110616,0.05722668766975403,-0.39619356393814087,-0.05530468128324628,0.07245805859565735,-0.4474417567253113,-0.05801723278761983,0.048360586166381836,-0.1845846176147461,-0.046157324087630514,0.06800976395606995,-0.24279507994651794,-0.046801873815070394,0.05517813563346863,-0.22184327244758606,-0.033909914416085485,0.04398709535598755,-0.19315624237060547,-0.023016802367578748,0.08393308520317078,-0.15630632638931274,-0.052093957883130315,0.0921761691570282,-0.1959628462791443,-0.042916500341902974,0.08024623990058899,-0.1740337610244751,-0.022583124560128454,0.07410097122192383,-0.1497388482093811,-0.005759600882242921
Two,0.0,0.0,0.0,-0.03654155135154724,-0.08212882280349731,0.012301303346646364,-0.036091893911361694,-0.15671247243881226,0.005487990931612785,-0.005451321601867676,-0.20994234085083008,-0.004244950233953659,0.03036382794380188,-0.22847819328308105,-0.014139414864587252,-0.03857739269733429,-0.21275413036346436,-0.027442667732941572,-0.03673581779003143,-0.32813674211502075,-0.04441559883485979,-0.03759537637233734,-0.397653192281723,-0.05351904603372759,-0.037709400057792664,-0.44877317547798157,-0.057358412171709006,0.005653843283653259,-0.2041490077972412,-0.039003519440996115,0.03674878180027008,-0.3230850100517273,-0.05130291926394648,0.05568955838680267,-0.3958456814289093,-0.05747623937855906,0.07055221498012543,-0.44581273198127747,-0.060586689139711325,0.04829631745815277,-0.18278855085372925,-0.045474870230066244,0.06711189448833466,-0.24325186014175415,-0.04598931791912264,0.05673302710056305,-0.22143572568893433,-0.03184103044401354,0.04696507751941681,-0.193004310131073,-0.01991207721363253,0.08524616062641144,-0.15450716018676758,-0.0515438524139995,0.09084348380565643,-0.19599682092666626,-0.040507020528423254,0.08077536523342133,-0.1747545599937439,-0.01850719759892172,0.07571540772914886,-0.1507309079170227,-0.0005327945523845301
Two,0.0,0.0,0.0,-0.03671276569366455,-0.08069640398025513,0.010151655040601781,-0.03588820993900299,-0.1557011604309082,0.0025561506393501077,-0.003680005669593811,-0.2078159749507904,-0.007536629587491461,0.033237606287002563,-0.22535362839698792,-0.01756131686278195,-0.03856693208217621,-0.212863951921463,-0.028269421681841322,-0.03680765628814697,-0.3289980888366699,-0.04406626746066422,-0.03730486333370209,-0.39806848764419556,-0.05190705358990044,-0.03716294467449188,-0.44862714409828186,-0.055031637102445075,0.006755441427230835,-0.2048448920249939,-0.03896563723691315,0.0383945107460022,-0.3232746720314026,-0.05084866136320443,0.057393163442611694,-0.39610177278518677,-0.05677725225694985,0.07273602485656738,-0.44602909684181213,-0.05971515774734826,0.04928448796272278,-0.18336260318756104,-0.044764532148917624,0.0675688087940216,-0.2434455156326294,-0.0452313147486052,0.056571751832962036,-0.22137996554374695,-0.03143316358335824,0.04665735363960266,-0.19253206253051758,-0.01981436684735627,0.08614808320999146,-0.1554192304611206,-0.05033896714456887,0.09076458215713501,-0.19483238458633423,-0.03964064121254296,0.08058318495750427,-0.17400169372558594,-0.01824227198966355,0.07562944293022156,-0.1501895785331726,-0.0007675923640704241
Two,0.0,0.0,0.0,-0.03519061207771301,-0.08170467615127563,0.010081338667305317,-0.034141167998313904,-0.1560162901878357,0.0024399826945682435,-0.0017150193452835083,-0.20732662081718445,-0.00761851810943881,0.03486470878124237,-0.2245294749736786,-0.017499933979479465,-0.038635894656181335,-0.21261301636695862,-0.028003334096638355,-0.036423370242118835,-0.32854777574539185,-0.04222595973965326,-0.036098554730415344,-0.3966233730316162,-0.048550917795864734,-0.035615578293800354,-0.44672146439552307,-0.05070135279652277,0.0069271475076675415,-0.20423871278762817,-0.03881939782854715,0.03913070261478424,-0.3219369947910309,-0.04944066613074938,0.058803632855415344,-0.394467830657959,-0.05456115215179125,0.0748392790555954,-0.4447685182094574,-0.05698373823520342,0.049994394183158875,-0.18229889869689941,-0.04472125603911081,0.0686950534582138,-0.24079889059066772,-0.04465228973981539,0.05764196813106537,-0.2181546688079834,-0.031160405865875873,0.04757969081401825,-0.18947455286979675,-0.019836657709447536,0.08784957230091095,-0.1536942720413208,-0.050334583065478,0.09236074984073639,-0.1922546923160553,-0.03932703196164766,0.08219848573207855,-0.17167136073112488,-0.018058474204508457,0.07730312645435333,-0.14800870418548584,-0.0007769938381443353
Two,0.0,0.0,0.0,-0.036250025033950806,-0.08215832710266113,0.010171361193215489,-0.03360995650291443,-0.1564502716064453,0.0027313497105296847,0.000946044921875,-0.20584407448768616,-0.007186830583805204,0.038818955421447754,-0.22120264172554016,-0.01696819912626779,-0.04022893309593201,-0.2131902575492859,-0.027014239765549064,-0.03664351999759674,-0.3301750421524048,-0.04059864122405088,-0.03595356643199921,-0.39867502450942993,-0.04653166893854177,-0.03511671721935272,-0.44851425290107727,-0.04841755617394483,0.006433665752410889,-0.20575767755508423,-0.03770312953724897,0.03887885808944702,-0.3232748508453369,-0.047165720797920585,0.0583517849445343,-0.39541876316070557,-0.052351865060472846,0.07421472668647766,-0.4447695016860962,-0.05496701884999311,0.050803959369659424,-0.1844693124294281,-0.04346078548564947,0.06879624724388123,-0.24076247215270996,-0.04181075010433233,0.05692601203918457,-0.2185724377632141,-0.02899650771155393,0.046390801668167114,-0.19036048650741577,-0.01859091509118116,0.08963528275489807,-0.1565907895565033,-0.04901461217536962,0.09156757593154907,-0.1902627944946289,-0.03664266604914701,0.0804598331451416,-0.16996720433235168,-0.015848624594354987,0.07543432712554932,-0.14669924974441528,0.0008016919439342018
Two,0.0,0.0,0.0,-0.03657907247543335,-0.08221477270126343,0.009597163963974253,-0.034482523798942566,-0.15726608037948608,0.0024876963253177564,1.6301870346069336e-05,-0.20713281631469727,-0.007288199998527034,0.03847189247608185,-0.22084537148475647,-0.017090399433016046,-0.04027196764945984,-0.21437928080558777,-0.025573321301578744,-0.03602142632007599,-0.3315284252166748,-0.03823559978985713,-0.03544861078262329,-0.3996909558773041,-0.043194240573882325,-0.035373836755752563,-0.449673593044281,-0.04450125867509769,0.006850376725196838,-0.20810014009475708,-0.036284650359391435,0.04006300866603851,-0.32503169775009155,-0.04493031525993274,0.058517321944236755,-0.3970688134431839,-0.049673749748706086,0.07334573566913605,-0.4460708200931549,-0.052011227849959596,0.050945982336997986,-0.1870175004005432,-0.04235152775430606,0.0686945766210556,-0.24039241671562195,-0.0412758054771416,0.05633650720119476,-0.21748578548431396,-0.029817313570617898,0.04590989649295807,-0.18930953741073608,-0.020193646345376237,0.08904407918453217,-0.15903234481811523,-0.048244244102477296,0.09054701030254364,-0.18973562121391296,-0.03716187054300235,0.0790785402059555,-0.16760241985321045,-0.017752368617891534,0.07398073375225067,-0.1432129144668579,-0.0019854026940606673
Two,0.0,0.0,0.0,-0.03547227382659912,-0.08370411396026611,0.010978976266414975,-0.033735111355781555,-0.1592363715171814,0.004582469819069956,-0.00029090046882629395,-0.2086820900440216,-0.004721865521787549,0.03778383135795593,-0.22091948986053467,-0.014190876854627277,-0.0383162647485733,-0.21433192491531372,-0.024947874246208812,-0.03412890434265137,-0.3319149315357208,-0.037598906083076145,-0.03397314250469208,-0.39988967776298523,-0.042168328536718036,-0.03392168879508972,-0.44955286383628845,-0.04309788904902234,0.008462697267532349,-0.2090267837047577,-0.036331241948573734,0.04119199514389038,-0.32755589485168457,-0.04510885663148656,0.060042619705200195,-0.39973099529743195,-0.04949135519382253,0.07515713572502136,-0.4480578303337097,-0.05137117765661969,0.052543044090270996,-0.18833553791046143,-0.0428950246405293,0.07096472382545471,-0.24098020792007446,-0.04186433367249265,0.0579548180103302,-0.21912029385566711,-0.030467290429442073,0.04639160633087158,-0.1913730800151825,-0.020764196289746906,0.08980503678321838,-0.1598377823829651,-0.049175115300386096,0.09196051955223083,-0.1900322139263153,-0.03805675171133771,0.0803033709526062,-0.1688385009765625,-0.01851925626215234,0.07443699240684509,-0.14452260732650757,-0.002575230550064589
Two,0.0,0.0,0.0,-0.0356471985578537,-0.08484280109405518,0.012337424768531946,-0.035011500120162964,-0.1589031219482422,0.006121564167017368,-0.002628132700920105,-0.20860576629638672,-0.0032148731644952022,0.035356536507606506,-0.22201335430145264,-0.012841084064518782,-0.038798436522483826,-0.2151380181312561,-0.02527481133637366,-0.03351946175098419,-0.33391690254211426,-0.03852351012227473,-0.03329722583293915,-0.4026569426059723,-0.04368404673931536,-0.03327170014381409,-0.45287182927131653,-0.04500294106600222,0.008603647351264954,-0.21003472805023193,-0.03675738724467692,0.041959747672080994,-0.32929304242134094,-0.04616045954225001,0.061135753989219666,-0.4020389914512634,-0.05102469774482188,0.07591323554515839,-0.4503685534000397,-0.053281988972400995,0.05330725014209747,-0.1900147795677185,-0.043051406764959665,0.07152210175991058,-0.24257013201713562,-0.04098957034346995,0.05948667228221893,-0.2215816080570221,-0.02869032884535727,0.047977641224861145,-0.19420406222343445,-0.018652141118025156,0.09042303264141083,-0.16231027245521545,-0.04904243724939761,0.09180693328380585,-0.191547691822052,-0.03651059048769412,0.08087430894374847,-0.1711251437664032,-0.01607300716040072,0.0752716213464737,-0.14674240350723267,0.0004293521104159481
Two,0.0,0.0,0.0,-0.0344306081533432,-0.08546304702758789,0.01302801625513439,-0.033732905983924866,-0.1598849892616272,0.007293678295695827,-0.0006434023380279541,-0.2076672911643982,-0.0016121556406005766,0.03744874894618988,-0.21956217288970947,-0.010810736625558093,-0.035901039838790894,-0.2165699005126953,-0.02439311432010527,-0.032254740595817566,-0.3352973461151123,-0.03657185571557875,-0.03155095875263214,-0.4033244252204895,-0.04106190340883131,-0.03142215311527252,-0.4530816078186035,-0.042177706084316924,0.01123933494091034,-0.21084406971931458,-0.03662882285482283,0.0449017733335495,-0.3299994468688965,-0.045021793863838866,0.063552126288414,-0.40189433097839355,-0.04940521629816885,0.07805381715297699,-0.4498596489429474,-0.0516004330135047,0.05478481948375702,-0.18972718715667725,-0.04373668419486876,0.0735914558172226,-0.2430385947227478,-0.04122048156625624,0.060383304953575134,-0.2220485508441925,-0.029199224955505088,0.048152342438697815,-0.194718599319458,-0.019757594040697768,0.09106634557247162,-0.16072437167167664,-0.050503014645642,0.09249328076839447,-0.18992340564727783,-0.038077543548411086,0.08071406185626984,-0.1695398986339569,-0.017968696600860312,0.07468904554843903,-0.14505749940872192,-0.0020269721868544366
Two,0.0,0.0,0.0,-0.03630053997039795,-0.08389019966125488,0.00954986247575107,-0.03723955154418945,-0.15953001379966736,0.0022369253017586743,-0.003537222743034363,-0.20972710847854614,-0.007525667777599665,0.035127073526382446,-0.22156566381454468,-0.017612201391102644,-0.03547513484954834,-0.21479275822639465,-0.028526132224442335,-0.03295572102069855,-0.3334715962409973,-0.042259185804368826,-0.03228648006916046,-0.4024619311094284,-0.048332306785823675,-0.031853049993515015,-0.4536246955394745,-0.05047366697931466,0.011743500828742981,-0.20860356092453003,-0.03896661405110535,0.04427066445350647,-0.3267979621887207,-0.047270632578374716,0.06344428658485413,-0.39947283267974854,-0.051046359582187506,0.0791684091091156,-0.44803309440612793,-0.0532114312484282,0.05508965253829956,-0.1872454583644867,-0.04465780337000069,0.06985563039779663,-0.24156847596168518,-0.042310684217454764,0.05633902549743652,-0.2211378812789917,-0.030078117965103957,0.04534319043159485,-0.19282835721969604,-0.02069538575256047,0.09095564484596252,-0.15814048051834106,-0.05037531931543526,0.0910564661026001,-0.19097504019737244,-0.038761581523658606,0.07881984114646912,-0.17041432857513428,-0.018773294283391806,0.07364913821220398,-0.14455151557922363,-0.003026530143188211
Two,0.0,0.0,0.0,-0.035711854696273804,-0.08339524269104004,0.007248665305837676,-0.03461511433124542,-0.1616307497024536,-0.0008122006132680326,0.001779302954673767,-0.21150970458984375,-0.010674781997636273,0.04107405245304108,-0.22271040081977844,-0.020722360250488236,-0.03301538527011871,-0.21698856353759766,-0.03038278864039512,-0.030726537108421326,-0.33543863892555237,-0.043986980703607514,-0.029897257685661316,-0.40450336039066315,-0.05018157595111461,-0.029614508152008057,-0.45600780844688416,-0.05268120476318927,0.014613449573516846,-0.20961010456085205,-0.04027654313756557,0.046245262026786804,-0.32783249020576477,-0.04809029856039615,0.06499575078487396,-0.4003385305404663,-0.051418715056911424,0.0811392217874527,-0.4499248117208481,-0.053517424401775315,0.057507798075675964,-0.18743956089019775,-0.04576834374381633,0.0730881541967392,-0.2443915605545044,-0.04442310043884845,0.05804531276226044,-0.2225934863090515,-0.032337282684579804,0.04608176648616791,-0.1935182809829712,-0.022980132040515855,0.09358169138431549,-0.15777432918548584,-0.05141622656299205,0.09333096444606781,-0.19258886575698853,-0.04172335648252101,0.08023472130298615,-0.17106389999389648,-0.02248776973499389,0.07493908703327179,-0.14526420831680298,-0.007197558314487651
Two,0.0,0.0,0.0,-0.03366996347904205,-0.08780574798583984,0.008514047380401735,-0.030812084674835205,-0.16770201921463013,0.0010702347046276373,0.0054738521575927734,-0.21831032633781433,-0.008868005346641894,0.04271063208580017,-0.233379065990448,-0.018675266984985228,-0.03139960765838623,-0.22485429048538208,-0.025888641584799643,-0.028932392597198486,-0.3419698476791382,-0.04068660478679931,-0.02854190766811371,-0.41177427768707275,-0.048483413864062186,-0.027667120099067688,-0.4644390493631363,-0.051838622648404,0.014801815152168274,-0.2162322998046875,-0.03692530955760276,0.04621347784996033,-0.3339498043060303,-0.0464144733139733,0.0662207305431366,-0.407034307718277,-0.051627160269902106,0.0833987295627594,-0.45720162987709045,-0.05443702008216178,0.05772724747657776,-0.19302809238433838,-0.04369269426553046,0.07651874423027039,-0.24761885404586792,-0.044344847310469504,0.06298696994781494,-0.2246185839176178,-0.03269236649958884,0.05006462335586548,-0.1943449079990387,-0.022527483511851187,0.09431248903274536,-0.1618993878364563,-0.05052023123590743,0.09868845343589783,-0.19932734966278076,-0.04113060351102149,0.08671286702156067,-0.1780340075492859,-0.020685407553003188,0.07977873086929321,-0.15135592222213745,-0.003799954882026668
Two,0.0,0.0,0.0,-0.03341419994831085,-0.0852510929107666,0.008076395887201215,-0.030499547719955444,-0.16492629051208496,2.7862872684636386e-05,0.006104126572608948,-0.21520006656646729,-0.009900399435991858,0.04502193629741669,-0.22642534971237183,-0.020051906768912886,-0.029161319136619568,-0.21992528438568115,-0.03164234845780811,-0.027923643589019775,-0.33965378999710083,-0.045603887130255316,-0.02767743170261383,-0.4100523889064789,-0.05177772133492908,-0.0278719961643219,-0.4628832936286926,-0.054184340824122046,0.017379239201545715,-0.2105635106563568,-0.04207275523685894,0.048873648047447205,-0.3308095932006836,-0.05043387128853283,0.06717903912067413,-0.4048007130622864,-0.05368592305921993,0.08306367695331573,-0.45576414465904236,-0.055763677646154974,0.05951739847660065,-0.18699580430984497,-0.04788029654764614,0.07528333365917206,-0.2444930076599121,-0.046672419597143744,0.060381338000297546,-0.22421306371688843,-0.03409483372115574,0.04830564558506012,-0.19607800245285034,-0.024391404305333708,0.0955602377653122,-0.15604424476623535,-0.05376209034466228,0.0965920239686966,-0.19550427794456482,-0.04302005185627422,0.08351834118366241,-0.1747671365737915,-0.022697511081332777,0.07762502133846283,-0.14894062280654907,-0.006909589701081131
Two,0.0,0.0,0.0,-0.03333364427089691,-0.08272677659988403,0.007304212238807395,-0.030685245990753174,-0.16355198621749878,0.00016548309969266484,0.006110697984695435,-0.21372997760772705,-0.008672808602284476,0.04512631893157959,-0.22426357865333557,-0.017606200024317786,-0.028355687856674194,-0.21862003207206726,-0.02927768912894635,-0.027173012495040894,-0.33801260590553284,-0.04234803405387311,-0.026833176612854004,-0.40790021419525146,-0.04767858174426465,-0.027032524347305298,-0.46026793122291565,-0.049443642914127395,0.017914116382598877,-0.20980879664421082,-0.03909122136218457,0.04886463284492493,-0.3291324973106384,-0.046670249968599364,0.06689843535423279,-0.40153059363365173,-0.04940304470045476,0.08260709047317505,-0.4517073929309845,-0.05083987799270062,0.05946385860443115,-0.18687283992767334,-0.04471844744665532,0.07397645711898804,-0.24304866790771484,-0.044760185599159286,0.05925145745277405,-0.2224256992340088,-0.03391328391415982,0.047551363706588745,-0.19433295726776123,-0.024784158289264724,0.09494683146476746,-0.15674430131912231,-0.05031805050356297,0.09490516781806946,-0.19442319869995117,-0.04123365443928151,0.08184191584587097,-0.173292875289917,-0.022561538338493392,0.07632178068161011,-0.14740610122680664,-0.007618769842963502
Two,0.0,0.0,0.0,-0.033903539180755615,-0.08218395709991455,0.007739550766530101,-0.03160211443901062,-0.16255289316177368,0.0007644415432537244,0.0048866719007492065,-0.21129560470581055,-0.007804445124236281,0.043943315744400024,-0.22154831886291504,-0.016527277550665076,-0.029212117195129395,-0.21633848547935486,-0.02994088562485331,-0.027820348739624023,-0.3346419334411621,-0.042672925761905844,-0.027601465582847595,-0.40421241521835327,-0.04776188465115183,-0.027891531586647034,-0.45653146505355835,-0.04963073240872973,0.01696886122226715,-0.2078242003917694,-0.039752730301586325,0.04752662777900696,-0.3262706696987152,-0.04710517185088747,0.06549111008644104,-0.39785265922546387,-0.04976892205235117,0.08152514696121216,-0.4478534162044525,-0.051477995834318335,0.058530986309051514,-0.18521612882614136,-0.04516365485545748,0.07292395830154419,-0.24281266331672668,-0.04444943102356547,0.0578286349773407,-0.2226720154285431,-0.03294501932617777,0.046014755964279175,-0.19522196054458618,-0.023843576333490546,0.09439900517463684,-0.15537291765213013,-0.05054340245482081,0.09349346160888672,-0.19284075498580933,-0.04107192637678736,0.08071586489677429,-0.1726926565170288,-0.022361780649987395,0.07557523250579834,-0.14790332317352295,-0.00767242269870394
Two,0.0,0.0,0.0,-0.03474390506744385,-0.08179658651351929,0.007594661505549993,-0.03312930464744568,-0.16204655170440674,0.0007512254036328159,0.0028059035539627075,-0.21036148071289062,-0.007466788685292158,0.04129683971405029,-0.21988746523857117,-0.015832754599273358,-0.02915462851524353,-0.2136283814907074,-0.030714276062667523,-0.028324946761131287,-0.33073604106903076,-0.04289319627207533,-0.028407573699951172,-0.399666428565979,-0.047530422734439526,-0.02898453176021576,-0.45098862051963806,-0.04921711869758383,0.016729965806007385,-0.20428460836410522,-0.040076697992503796,0.04750284552574158,-0.3214570879936218,-0.04738911502283827,0.06491091847419739,-0.3930656909942627,-0.05004080645960585,0.08057007193565369,-0.4425136148929596,-0.05190922580879942,0.057461708784103394,-0.18186676502227783,-0.044934830444276486,0.07270428538322449,-0.2410833239555359,-0.043910576777875576,0.05680522322654724,-0.2224661409854889,-0.03241808228415266,0.04432359337806702,-0.195171058177948,-0.023565747591078434,0.09241458773612976,-0.15326881408691406,-0.049727427589118633,0.09106308221817017,-0.19106650352478027,-0.04010904841345564,0.07787394523620605,-0.17223834991455078,-0.021718681605875645,0.07247772812843323,-0.14802968502044678,-0.007449002286762152
Two,0.0,0.0,0.0,-0.03514370322227478,-0.07955574989318848,0.006192581500101824,-0.03375829756259918,-0.16040778160095215,-0.0005763378528058638,0.003242582082748413,-0.20786315202713013,-0.008529328969132166,0.04443763196468353,-0.21740704774856567,-0.01645442028046773,-0.029340699315071106,-0.21137404441833496,-0.02972559746802972,-0.028943926095962524,-0.32945114374160767,-0.04147290368081258,-0.02884387969970703,-0.39782243967056274,-0.04554684389830754,-0.029260173439979553,-0.44875025749206543,-0.04682658169866727,0.016568318009376526,-0.2028672695159912,-0.03845734823943303,0.046853259205818176,-0.32125023007392883,-0.04552681673766301,0.06332240998744965,-0.39281874895095825,-0.0478883229613416,0.07812504470348358,-0.4426683187484741,-0.04925768379570172,0.05693681538105011,-0.18079543113708496,-0.043093662005674105,0.07162241637706757,-0.23938342928886414,-0.04294370416999982,0.0553029328584671,-0.21881088614463806,-0.03221021149755643,0.042864903807640076,-0.1904972791671753,-0.02341279317141698,0.0913524180650711,-0.15256142616271973,-0.0477417998433225,0.08941803872585297,-0.18752402067184448,-0.03961236704589055,0.07664282619953156,-0.1671816110610962,-0.022301738378416758,0.07180838286876678,-0.14276152849197388,-0.008437811625015001
Two,0.0,0.0,0.0,-0.03557901084423065,-0.08075618743896484,0.0060952886638574455,-0.032951340079307556,-0.16213876008987427,-0.0007091997608199563,0.00490957498550415,-0.2100527286529541,-0.008701802820212379,0.04519285261631012,-0.2204979658126831,-0.016589559272176757,-0.029131710529327393,-0.2125546932220459,-0.028701699927694335,-0.028315022587776184,-0.32991307973861694,-0.03994460928464605,-0.02735963463783264,-0.3975142538547516,-0.043806546956545844,-0.02737252414226532,-0.44808948040008545,-0.04491324874783231,0.016924604773521423,-0.20458292961120605,-0.037355107844120994,0.04702652990818024,-0.32145923376083374,-0.043759921223170295,0.06398947536945343,-0.3921700716018677,-0.045957868576294914,0.0790446549654007,-0.44137829542160034,-0.047287726432330146,0.05739264190196991,-0.1825648546218872,-0.041983456939703956,0.07095687091350555,-0.23846405744552612,-0.04110867682123853,0.05491013824939728,-0.2183474898338318,-0.030442479655391708,0.04255743324756622,-0.19096845388412476,-0.021769657388574615,0.09161372482776642,-0.15421628952026367,-0.046665096313006416,0.08980916440486908,-0.18968188762664795,-0.03757964226628019,0.07759933173656464,-0.1705082654953003,-0.019925498992449775,0.07269205152988434,-0.14709055423736572,-0.005923805881536737
Two,0.0,0.0,0.0,-0.036225199699401855,-0.08063167333602905,0.004258345619291504,-0.03362886607646942,-0.16158241033554077,-0.0031284237816180394,0.0051380544900894165,-0.20587152242660522,-0.01127666300862984,0.04605531692504883,-0.21360158920288086,-0.019285373117327254,-0.02869848906993866,-0.2094326615333557,-0.030800863828062575,-0.028557315468788147,-0.3269609808921814,-0.042365837569832365,-0.027965053915977478,-0.3941372036933899,-0.04606780755102591,-0.027756497263908386,-0.44428831338882446,-0.04697952764809088,0.01767188310623169,-0.20120805501937866,-0.038525003667473356,0.046994179487228394,-0.318442165851593,-0.0453535688179727,0.06367450952529907,-0.388466477394104,-0.047429039801954787,0.078972727060318,-0.4367183446884155,-0.048595756019949476,0.057912677526474,-0.17954546213150024,-0.0423827094095941,0.07130461931228638,-0.23786014318466187,-0.04274623068749861,0.0542834997177124,-0.21833062171936035,-0.03327694880545096,0.04153376817703247,-0.19061356782913208,-0.025228066097497504,0.09118184447288513,-0.15224409103393555,-0.046303696658014815,0.0876525342464447,-0.18563061952590942,-0.03883121135413603,0.07439029216766357,-0.1664062738418579,-0.022653354059457342,0.0693025290966034,-0.14294028282165527,-0.009592549602984946
Two,0.0,0.0,0.0,-0.03656500577926636,-0.07974165678024292,0.004290625527914926,-0.03405894339084625,-0.16059738397598267,-0.0032365181665454656,0.004160270094871521,-0.20529431104660034,-0.011331779341730908,0.044714346528053284,-0.21284270286560059,-0.019222719985577896,-0.02987949550151825,-0.20627868175506592,-0.031824885326955155,-0.030356496572494507,-0.3242568373680115,-0.043441208470198944,-0.030198365449905396,-0.39151787757873535,-0.047162464279267624,-0.030411958694458008,-0.44174763560295105,-0.048146317172381714,0.01651756465435028,-0.1982719898223877,-0.039352385717961624,0.04505150020122528,-0.31593525409698486,-0.0461333938125108,0.06133316457271576,-0.3866019546985626,-0.048204346019360855,0.07649250328540802,-0.43586134910583496,-0.04948028774890645,0.05672012269496918,-0.17730456590652466,-0.04290060551795705,0.06918047368526459,-0.23600906133651733,-0.04287878276738866,0.05242721736431122,-0.2170005440711975,-0.03316438050899251,0.0398779958486557,-0.18929344415664673,-0.025075385737750366,0.09017498791217804,-0.15101253986358643,-0.04650341944727643,0.08604802191257477,-0.1850612759590149,-0.038649337756964997,0.07302512228488922,-0.16656494140625,-0.022349508869979218,0.0679226666688919,-0.14321297407150269,-0.00931112227920039
Two,0.0,0.0,0.0,-0.03648284077644348,-0.07809817790985107,0.004623866903500584,-0.03544825315475464,-0.1581067442893982,-0.00261134441672084,0.001151442527770996,-0.2035929560661316,-0.01066006321190116,0.04146149754524231,-0.2114408016204834,-0.018669200797660324,-0.02906551957130432,-0.20556259155273438,-0.030859760676605674,-0.02990804612636566,-0.3230098485946655,-0.042743643482310745,-0.029779940843582153,-0.3899187445640564,-0.04657504494963405,-0.030151620507240295,-0.43955522775650024,-0.0475538985031676,0.01713886857032776,-0.19773733615875244,-0.038564650078399154,0.04536864161491394,-0.31556978821754456,-0.045972713937146636,0.061145126819610596,-0.3867136240005493,-0.04841714139757869,0.07575690746307373,-0.436282217502594,-0.049676967521293136,0.056816041469573975,-0.17658376693725586,-0.04233258377490756,0.06826907396316528,-0.23548847436904907,-0.042783802111728164,0.05197548866271973,-0.21647650003433228,-0.03311383511601207,0.039894044399261475,-0.1888483762741089,-0.024778192599399063,0.08964627981185913,-0.14991390705108643,-0.046123610545976135,0.08565419912338257,-0.1851634979248047,-0.038640653451068374,0.07344940304756165,-0.1667921543121338,-0.022352525700910064,0.06868919730186462,-0.143419086933136,-0.009088986289782497
Two,0.0,0.0,0.0,-0.038056328892707825,-0.07896536588668823,0.0037780709750450114,-0.03683297336101532,-0.15832364559173584,-0.003932505082389071,0.0011464357376098633,-0.20289850234985352,-0.012621371243199064,0.042173296213150024,-0.21050912141799927,-0.02140130212535496,-0.02920478582382202,-0.20460939407348633,-0.03156702889134522,-0.031254664063453674,-0.32228752970695496,-0.0447603493743145,-0.031038954854011536,-0.3893687129020691,-0.04952676890422936,-0.030793562531471252,-0.43929818272590637,-0.05098657233645554,0.01724502444267273,-0.19668424129486084,-0.0394875883870327,0.044608622789382935,-0.3158407211303711,-0.0481972165219986,0.060682207345962524,-0.388200581073761,-0.05127491353084679,0.07551717758178711,-0.43824177980422974,-0.052710483949681475,0.05717459321022034,-0.1746867299079895,-0.04368227643897171,0.06747907400131226,-0.23617404699325562,-0.04605283884336586,0.05140206217765808,-0.21782565116882324,-0.03685975743462677,0.03981462121009827,-0.1898554563522339,-0.028299561869403078,0.08994090557098389,-0.14679139852523804,-0.04790231136610146,0.0861692726612091,-0.1870090365409851,-0.04207654220988388,0.07352614402770996,-0.16887688636779785,-0.025848406534692003,0.06843486428260803,-0.1448926329612732,-0.012282859701713278
Two,0.0,0.0,0.0,-0.03838256001472473,-0.07942616939544678,0.0036569015333043353,-0.03735670447349548,-0.15923869609832764,-0.0036897311242682918,0.0005722343921661377,-0.20386743545532227,-0.012124214672894595,0.041515618562698364,-0.2112981677055359,-0.02050673251733315,-0.030122920870780945,-0.2052217721939087,-0.029277442374677776,-0.031754687428474426,-0.3230389356613159,-0.0419707506684972,-0.031604573130607605,-0.3900317847728729,-0.04638966021821034,-0.03178778290748596,-0.43982234597206116,-0.04743919370457661,0.01655292510986328,-0.19804739952087402,-0.037059693017454265,0.043383240699768066,-0.31641334295272827,-0.04557699559018147,0.05889064073562622,-0.388852596282959,-0.04885516537115109,0.07305017113685608,-0.4392327070236206,-0.05024721694871914,0.05690222978591919,-0.1766778826713562,-0.041283062079401134,0.06708446145057678,-0.23669707775115967,-0.04384824109956753,0.05157741904258728,-0.2176225185394287,-0.03504992125317585,0.040360987186431885,-0.18972986936569214,-0.02647598681733143,0.09038087725639343,-0.14916503429412842,-0.04551188124105465,0.08762851357460022,-0.1903153657913208,-0.03928607923671734,0.07564881443977356,-0.17173892259597778,-0.022718133756370662,0.07070961594581604,-0.14758044481277466,-0.008845776671023486
Two,0.0,0.0,0.0,-0.0388171523809433,-0.08043110370635986,0.00300227567629463,-0.0397161990404129,-0.15964865684509277,-0.004770112493247325,-0.003189176321029663,-0.2043430209159851,-0.01376826715579682,0.03678405284881592,-0.21359699964523315,-0.02284642522147351,-0.03061532974243164,-0.20283210277557373,-0.03017137412837201,-0.03209714591503143,-0.32049208879470825,-0.043687250734478766,-0.03192697465419769,-0.38673165440559387,-0.048197753996760184,-0.03129500150680542,-0.4358185827732086,-0.04873511967173272,0.015541702508926392,-0.19513988494873047,-0.03812696811667138,0.04091864824295044,-0.3144979476928711,-0.046902645648629004,0.056531280279159546,-0.3851131498813629,-0.04904660982003861,0.07089632749557495,-0.43270307779312134,-0.049195871026427085,0.05656832456588745,-0.1736094355583191,-0.04278293651452714,0.06838849186897278,-0.2352721095085144,-0.047102168471724326,0.05244803428649902,-0.21684229373931885,-0.03899461430421525,0.04058098793029785,-0.18831586837768555,-0.030317522854716117,0.08990511298179626,-0.1466754674911499,-0.047369420797735984,0.08821064233779907,-0.19048088788986206,-0.04266931516042405,0.07485628128051758,-0.1733006238937378,-0.02645549018791371,0.06829240918159485,-0.14917004108428955,-0.012473944843918616
Two,0.0,0.0,0.0,-0.03866121172904968,-0.08246344327926636,0.001520180322302167,-0.037907227873802185,-0.1603991985321045,-0.007220196591617878,-0.0004221796989440918,-0.20361477136611938,-0.01646976876810413,0.03940993547439575,-0.21159183979034424,-0.025800142025502737,-0.027905404567718506,-0.20207524299621582,-0.03380175452485901,-0.02962881326675415,-0.31985536217689514,-0.04766786616102081,-0.029659360647201538,-0.3863891363143921,-0.05278270836726051,-0.02928134799003601,-0.4358976185321808,-0.054072236230524595,0.018635958433151245,-0.19357246160507202,-0.0405817567910276,0.044016361236572266,-0.3118700385093689,-0.05005986761108261,0.05815824866294861,-0.3815346360206604,-0.052788121214064176,0.07126066088676453,-0.4287610650062561,-0.053644800146969374,0.059002846479415894,-0.17102903127670288,-0.04376564692512375,0.06950971484184265,-0.2339441180229187,-0.04753632988587242,0.05222600698471069,-0.21676182746887207,-0.03904543962136131,0.03942552208900452,-0.18865764141082764,-0.03061510953858715,0.09080347418785095,-0.1433001160621643,-0.04698165651217323,0.08772164583206177,-0.18520903587341309,-0.041895532568844374,0.07361924648284912,-0.16803067922592163,-0.02570235501781326,0.0668533444404602,-0.14426422119140625,-0.011994716299625452
Two,0.0,0.0,0.0,-0.04120877385139465,-0.08248436450958252,0.0012393614094889926,-0.04156564176082611,-0.1598690152168274,-0.008115843701716585,-0.004432797431945801,-0.19982731342315674,-0.018097361381705923,0.034466713666915894,-0.20651912689208984,-0.028280202131327314,-0.02986854314804077,-0.20072060823440552,-0.03409894539004199,-0.03184998035430908,-0.3178790807723999,-0.04847388325219981,-0.03154689073562622,-0.3842650055885315,-0.053589735012110395,-0.030698120594024658,-0.43338051438331604,-0.054612364451941176,0.016788214445114136,-0.19249486923217773,-0.04118620960002772,0.041545361280441284,-0.31069785356521606,-0.05155337212568156,0.05514812469482422,-0.3811954855918884,-0.05438182113653056,0.06789398193359375,-0.4293294847011566,-0.05491963757162921,0.05704319477081299,-0.17076754570007324,-0.04481057433372371,0.06599068641662598,-0.2378728985786438,-0.05024698732381694,0.04873022437095642,-0.21963566541671753,-0.04202825931793086,0.03607678413391113,-0.19026291370391846,-0.03306437639480464,0.08910861611366272,-0.14398980140686035,-0.04832393659239642,0.08346381783485413,-0.19222432374954224,-0.04434787092691295,0.06934362649917603,-0.17567670345306396,-0.02792357264047496,0.06265449523925781,-0.1511630415916443,-0.013603943232055826
Two,0.0,0.0,0.0,-0.04113110899925232,-0.08131241798400879,0.0005707696068952828,-0.04140496253967285,-0.1565556526184082,-0.009713292577032462,-0.003945857286453247,-0.19562721252441406,-0.02017226208812417,0.03644496202468872,-0.20245623588562012,-0.031058070705000773,-0.02820757031440735,-0.1982753872871399,-0.038763243228856936,-0.030185788869857788,-0.31487172842025757,-0.05369120416111173,-0.029889553785324097,-0.38177716732025146,-0.05921870422429265,-0.029218435287475586,-0.43153005838394165,-0.06085837957328977,0.01892724633216858,-0.19048470258712769,-0.04549187746710004,0.04245632886886597,-0.3092099130153656,-0.055250539899532214,0.05564388632774353,-0.379189670085907,-0.05769957926935376,0.0690155029296875,-0.4261093735694885,-0.0585423628694457,0.05902731418609619,-0.167957603931427,-0.04838496026462735,0.06734699010848999,-0.2305501103401184,-0.05173918557233037,0.049220651388168335,-0.21279048919677734,-0.04220886853403272,0.03647783398628235,-0.1835792064666748,-0.03340252813762845,0.09062403440475464,-0.13972145318984985,-0.05141992074317159,0.08260506391525269,-0.17962127923965454,-0.04650598716801824,0.06870698928833008,-0.1615923047065735,-0.029765523493949786,0.06266260147094727,-0.13651341199874878,-0.015677909821931735
Two,0.0,0.0,0.0,-0.041156619787216187,-0.08178645372390747,-0.00022198638794179715,-0.041511476039886475,-0.15845316648483276,-0.0109001474836532,-0.0030901730060577393,-0.19719475507736206,-0.021338673532909525,0.037260591983795166,-0.20500051975250244,-0.03227114513606466,-0.025636672973632812,-0.19772523641586304,-0.041165290624803674,-0.029132455587387085,-0.31441912055015564,-0.05647568240851797,-0.028805285692214966,-0.38102126121520996,-0.06256608873695768,-0.027152270078659058,-0.4310542345046997,-0.06458740890116133,0.022054165601730347,-0.18860924243927002,-0.047249114365286005,0.04464957118034363,-0.30727827548980713,-0.05720992595047392,0.058246493339538574,-0.37889179587364197,-0.05997194931001104,0.07236659526824951,-0.42679399251937866,-0.06128176510424055,0.06158316135406494,-0.1657763123512268,-0.04933829069227613,0.0680774450302124,-0.2297833263874054,-0.05220661521047987,0.04913267493247986,-0.2130548357963562,-0.04271375596613325,0.03579545021057129,-0.18383163213729858,-0.03437857538551725,0.09162101149559021,-0.138003408908844,-0.05163825512022413,0.0833050012588501,-0.1797652244567871,-0.0468206612774793,0.06802266836166382,-0.1615421175956726,-0.030072905347651613,0.06140011548995972,-0.13546490669250488,-0.016129557267731798
Two,0.0,0.0,0.0,-0.04101383686065674,-0.08290249109268188,-0.001452488543804975,-0.04092782735824585,-0.16042065620422363,-0.012158191714775057,-0.0009998977184295654,-0.1970614790916443,-0.02227842802960822,0.039613693952560425,-0.20377832651138306,-0.032755272414874526,-0.023404181003570557,-0.19795340299606323,-0.0410398933555598,-0.0278470516204834,-0.31356507539749146,-0.056014658835124465,-0.027292221784591675,-0.37986111640930176,-0.062160460230302306,-0.025003254413604736,-0.4304061233997345,-0.06430987077612826,0.02402520179748535,-0.18764591217041016,-0.046093972351741286,0.044191956520080566,-0.304279088973999,-0.055856110480021925,0.05761152505874634,-0.37438416481018066,-0.05864542531628558,0.07223376631736755,-0.4214344322681427,-0.060062671032142134,0.06295782327651978,-0.1644439697265625,-0.047343088265847655,0.06669485569000244,-0.2274826169013977,-0.0504848379160876,0.047176480293273926,-0.21261364221572876,-0.04193885433335254,0.03357738256454468,-0.1841639280319214,-0.034172667142343016,0.0924176573753357,-0.13734030723571777,-0.04884838866848895,0.08204692602157593,-0.1804063320159912,-0.04440922844071338,0.06628096103668213,-0.16357994079589844,-0.028559550594877692,0.05958294868469238,-0.13802069425582886,-0.015290479127656909
Two,0.0,0.0,0.0,-0.04101160168647766,-0.08139896392822266,-0.0017143359110036727,-0.040388256311416626,-0.15972363948822021,-0.012445704353069686,-7.271766662597656e-05,-0.19482314586639404,-0.02272028968951645,0.040750473737716675,-0.19777506589889526,-0.03336483546814861,-0.02536177635192871,-0.1964011788368225,-0.041405434993123436,-0.028549939393997192,-0.3126494884490967,-0.05721222915968838,-0.027396053075790405,-0.3806394338607788,-0.06348955937943401,-0.02482202649116516,-0.4315033555030823,-0.06557891079506817,0.022125214338302612,-0.1864696741104126,-0.04689127513489666,0.043580710887908936,-0.3031124174594879,-0.05762781882009449,0.05672585964202881,-0.37325319647789,-0.060623276320313835,0.07065406441688538,-0.42101171612739563,-0.061676542547559166,0.06176471710205078,-0.16422373056411743,-0.0487149649234766,0.06507629156112671,-0.22433292865753174,-0.05344112896642628,0.04733121395111084,-0.20835798978805542,-0.04549794578275623,0.03507223725318909,-0.17999505996704102,-0.037423908052062416,0.09205576777458191,-0.13812607526779175,-0.050774137762402916,0.0803331732749939,-0.17774885892868042,-0.04696564683041515,0.06505966186523438,-0.1605343222618103,-0.03152912044248524,0.058642953634262085,-0.13518494367599487,-0.018251550656771087
Two,0.0,0.0,0.0,-0.04196524620056152,-0.08053702116012573,-0.0026207724579876412,-0.04266020655632019,-0.15789860486984253,-0.013279662466914033,-0.002560049295425415,-0.19448286294937134,-0.02336610294815955,0.037826716899871826,-0.1999087929725647,-0.03360625356373248,-0.024825841188430786,-0.19576919078826904,-0.04065882041987834,-0.028929293155670166,-0.3131154179573059,-0.05586464330491481,-0.027422428131103516,-0.38073259592056274,-0.061710730194420194,-0.024511992931365967,-0.43090787529945374,-0.06357283145126758,0.023120254278182983,-0.18590563535690308,-0.04552394524154124,0.042476654052734375,-0.3019689917564392,-0.05647084116873202,0.05443215370178223,-0.37172627449035645,-0.059852596371740674,0.06804442405700684,-0.418923556804657,-0.06102792546090541,0.06237071752548218,-0.16346371173858643,-0.046861596404880856,0.0626453161239624,-0.22241121530532837,-0.0519010163837379,0.044512271881103516,-0.20551317930221558,-0.044150162487596845,0.03313726186752319,-0.17689216136932373,-0.03607701137599406,0.09189334511756897,-0.1367480754852295,-0.04849912226137576,0.07857179641723633,-0.17386126518249512,-0.0453472323709434,0.06332778930664062,-0.15606236457824707,-0.03035019896861968,0.05761954188346863,-0.13082897663116455,-0.017188517376155232
Two,0.0,0.0,0.0,-0.04086551070213318,-0.0797719955444336,-0.0026029099959714586,-0.042446255683898926,-0.1577497124671936,-0.012369946880994576,-0.004123598337173462,-0.19572138786315918,-0.021674764646945732,0.035302042961120605,-0.2012850046157837,-0.03122321081048085,-0.023305743932724,-0.19538617134094238,-0.038593731193600433,-0.025601297616958618,-0.31197068095207214,-0.05374417391305997,-0.023739635944366455,-0.3788049519062042,-0.05958402839189603,-0.020833820104599,-0.42842933535575867,-0.06136696722990109,0.024415045976638794,-0.18597477674484253,-0.04326367688065602,0.0454159677028656,-0.30109432339668274,-0.054642028479634064,0.05759575963020325,-0.37174010276794434,-0.058668236552534836,0.07112094759941101,-0.4198387861251831,-0.05998232898002698,0.06311750411987305,-0.16438913345336914,-0.044605761139450806,0.062370479106903076,-0.22465917468070984,-0.05071975600606038,0.044014543294906616,-0.20787936449050903,-0.044458548842726486,0.0326305627822876,-0.17916041612625122,-0.036960020034371155,0.09250691533088684,-0.13881611824035645,-0.046190279840288895,0.0778440535068512,-0.17464584112167358,-0.044653113304434555,0.06207117438316345,-0.15658557415008545,-0.031451500325260895,0.05639347434043884,-0.1310531497001648,-0.019189435361681717
Two,0.0,0.0,0.0,-0.04185870289802551,-0.07947129011154175,-0.004509007017418298,-0.0436021089553833,-0.15709847211837769,-0.015591328888490352,-0.005685091018676758,-0.1956290602684021,-0.025575203745916042,0.03287753462791443,-0.20165538787841797,-0.035581620334937725,-0.023410290479660034,-0.19207167625427246,-0.04258516609604612,-0.026222318410873413,-0.310019850730896,-0.058589739649846706,-0.02430284023284912,-0.3766520023345947,-0.06415466397936598,-0.020617544651031494,-0.4256308972835541,-0.06545781522925154,0.02445968985557556,-0.18212538957595825,-0.04610932052071348,0.04449978470802307,-0.3003598153591156,-0.058264246135308895,0.05752742290496826,-0.369262158870697,-0.06142312094505087,0.07198309898376465,-0.4143752157688141,-0.061800392269447,0.06337243318557739,-0.16018593311309814,-0.04629848703677908,0.06080108880996704,-0.22167178988456726,-0.053586216568305645,0.04261782765388489,-0.20623928308486938,-0.04690428629453436,0.03176158666610718,-0.17767637968063354,-0.038672635256602916,0.09259617328643799,-0.13451886177062988,-0.04669240295822874,0.07754278182983398,-0.17343872785568237,-0.04583284437592283,0.06206819415092468,-0.1569664478302002,-0.03230717211897627,0.0565926730632782,-0.13210231065750122,-0.019576484262302074
Two,0.0,0.0,0.0,-0.04054662585258484,-0.07855355739593506,-0.0032758716380953956,-0.04070526361465454,-0.15646034479141235,-0.013199626130870001,-0.0025634765625,-0.19760054349899292,-0.022017981519809382,0.03499191999435425,-0.205669105052948,-0.030592716893067973,-0.022980540990829468,-0.19652670621871948,-0.0393972207213551,-0.02433711290359497,-0.3129439055919647,-0.053354564716926234,-0.022767603397369385,-0.3787880837917328,-0.05783463235746922,-0.020373135805130005,-0.4277920722961426,-0.05870037492167057,0.024046748876571655,-0.18606334924697876,-0.04293259572040142,0.04538542032241821,-0.3019261956214905,-0.052840992471089976,0.0586419403553009,-0.37032899260520935,-0.05526109378587307,0.07263880968093872,-0.4165497422218323,-0.05563705008279385,0.06280884146690369,-0.1634584665298462,-0.04310658540379109,0.06236076354980469,-0.2211228609085083,-0.04840977456223072,0.045358508825302124,-0.20529192686080933,-0.0415482182408482,0.034346044063568115,-0.17689204216003418,-0.03374358977924885,0.09281417727470398,-0.13699734210968018,-0.04346218298923077,0.07996264100074768,-0.17278701066970825,-0.04108351062785687,0.06564381718635559,-0.15559285879135132,-0.027431767096629756,0.060431450605392456,-0.1305168867111206,-0.015013279987385886
Two,0.0,0.0,0.0,-0.04073840379714966,-0.07917791604995728,-0.0031568594245072745,-0.04108622670173645,-0.15744394063949585,-0.012645390114357724,-0.0027455389499664307,-0.19888412952423096,-0.021201803578605904,0.03578808903694153,-0.20550352334976196,-0.029504648639431252,-0.021926969289779663,-0.19809836149215698,-0.03820206341015364,-0.022628307342529297,-0.3146147131919861,-0.05228600394593741,-0.020501255989074707,-0.3802446722984314,-0.05688699078427817,-0.01767823100090027,-0.42848527431488037,-0.05770817515121962,0.025694280862808228,-0.18769413232803345,-0.041669261871447816,0.0472741425037384,-0.3037276268005371,-0.05183961731063391,0.0606917142868042,-0.3721408247947693,-0.0544493806050923,0.07487443089485168,-0.4177505075931549,-0.05470706266032721,0.06462439894676208,-0.1646234393119812,-0.041853388069739594,0.06367239356040955,-0.2227889597415924,-0.04733754438029791,0.0459841787815094,-0.20740926265716553,-0.04049797844754721,0.034860074520111084,-0.17882442474365234,-0.03246238571273352,0.09442099928855896,-0.1374381184577942,-0.04222995531426932,0.08119368553161621,-0.17377346754074097,-0.039895636259188905,0.06638544797897339,-0.1571071743965149,-0.02620659698413874,0.06108233332633972,-0.13226944208145142,-0.013570542676916375
Two,0.0,0.0,0.0,-0.03997531533241272,-0.08015966415405273,-0.0019138407109835498,-0.03783005475997925,-0.15903246402740479,-0.0103502019223356,0.0017047524452209473,-0.19846057891845703,-0.018340128186025595,0.038893818855285645,-0.20343828201293945,-0.02610288997260568,-0.020455598831176758,-0.20131045579910278,-0.03343520191577909,-0.0214005708694458,-0.31558024883270264,-0.04557807249096868,-0.019885122776031494,-0.3806374669075012,-0.048906537416257834,-0.01750922203063965,-0.4285370707511902,-0.048951028558292364,0.02620565891265869,-0.19052761793136597,-0.037474064799823736,0.04847881197929382,-0.30373483896255493,-0.046066316488065695,0.06203421950340271,-0.3714689612388611,-0.04826871183780668,0.0760854184627533,-0.41690677404403687,-0.048311075839080786,0.06430515646934509,-0.16607463359832764,-0.038438326391258215,0.06478968262672424,-0.21940982341766357,-0.04347936314610479,0.04829332232475281,-0.20266109704971313,-0.03747304034499166,0.03791484236717224,-0.17389601469039917,-0.029845355721988653,0.09366938471794128,-0.1373876929283142,-0.0394551294770622,0.08195286989212036,-0.17170637845993042,-0.036659712615289664,0.06788942217826843,-0.15427595376968384,-0.023211390423455214,0.0627058744430542,-0.1292216181755066,-0.01078718406228063
Two,0.0,0.0,0.0,-0.04000386595726013,-0.079132080078125,-0.0014805554671397658,-0.040167391300201416,-0.15616071224212646,-0.010430896960031077,-0.003064274787902832,-0.19700372219085693,-0.019029296308588073,0.033209025859832764,-0.2026456594467163,-0.02751232062263398,-0.02020511031150818,-0.20081180334091187,-0.03524699185771851,-0.021061718463897705,-0.3145701289176941,-0.04821146775765328,-0.01917615532875061,-0.37970471382141113,-0.05223156262917428,-0.016574442386627197,-0.4274325966835022,-0.05289332692308335,0.026381731033325195,-0.18986296653747559,-0.03975518916530518,0.04947742819786072,-0.30216139554977417,-0.04910513137264161,0.06315290927886963,-0.36999523639678955,-0.05166468520445733,0.0773039162158966,-0.41515687108039856,-0.052136917903851554,0.06413331627845764,-0.16521435976028442,-0.040978138640355155,0.06563085317611694,-0.21775949001312256,-0.045680755123328254,0.04930180311203003,-0.2015773057937622,-0.03868737195415406,0.03885078430175781,-0.17307555675506592,-0.03079280939681439,0.09322050213813782,-0.13612967729568481,-0.04234780122322945,0.0827612578868866,-0.16978394985198975,-0.03958327819390206,0.06913253664970398,-0.15244752168655396,-0.025791309147905395,0.0637238621711731,-0.1274077296257019,-0.013206479444932029
Two,0.0,0.0,0.0,-0.039769262075424194,-0.07902878522872925,-0.0019557294680225823,-0.03900402784347534,-0.15692538022994995,-0.010754921498005388,-0.0006155669689178467,-0.19891542196273804,-0.0191512834525156,0.03576177358627319,-0.2060089111328125,-0.027377398709063527,-0.019445985555648804,-0.20112508535385132,-0.03467824498773098,-0.020514696836471558,-0.31555625796318054,-0.047815827677254674,-0.018156975507736206,-0.38116997480392456,-0.05202488417387485,-0.014949589967727661,-0.4297049641609192,-0.05276004041195392,0.027317732572555542,-0.1909579038619995,-0.03886724452138424,0.05030694603919983,-0.3033389449119568,-0.04849795068264484,0.06453001499176025,-0.3716287612915039,-0.05116756076574802,0.07929027080535889,-0.417341023683548,-0.05156835729837894,0.06526398658752441,-0.1667797565460205,-0.039901936451201436,0.06663009524345398,-0.2192053198814392,-0.0451772045588541,0.04988706111907959,-0.20243924856185913,-0.03829238752484798,0.03941008448600769,-0.17357057332992554,-0.0301631652063179,0.09440749883651733,-0.13784044981002808,-0.041107555875782964,0.08424645662307739,-0.17202484607696533,-0.038907064149384496,0.07036641240119934,-0.1537812352180481,-0.02523341404855728,0.06502553820610046,-0.128309965133667,-0.012516098121409414
Two,0.0,0.0,0.0,-0.03976091742515564,-0.08019030094146729,-0.002118927565845752,-0.0391068160533905,-0.15834051370620728,-0.011028825444611812,-0.001627117395401001,-0.20109587907791138,-0.01951887193087032,0.03394874930381775,-0.20869171619415283,-0.02781662265721252,-0.019153684377670288,-0.20072907209396362,-0.034937932295235896,-0.02113509178161621,-0.3141663074493408,-0.048340047848853374,-0.01858481764793396,-0.3793943226337433,-0.052611804706486964,-0.014689534902572632,-0.4278361201286316,-0.053322161687049174,0.027483373880386353,-0.1899259090423584,-0.03912746082011154,0.050182878971099854,-0.3021770417690277,-0.04956846232477119,0.06471320986747742,-0.37110015749931335,-0.052640116912755275,0.07987040281295776,-0.41664737462997437,-0.05317004318300178,0.06533893942832947,-0.16521519422531128,-0.04011990423265388,0.06709370017051697,-0.21841347217559814,-0.04622439215842178,0.050017356872558594,-0.20219343900680542,-0.039276424003276134,0.03931507468223572,-0.173547625541687,-0.030848893476161265,0.09440544247627258,-0.13624632358551025,-0.04125103275242736,0.08469235897064209,-0.1716187596321106,-0.039366784644755626,0.07038795948028564,-0.1537037491798401,-0.025467584980162883,0.06468954682350159,-0.1282888650894165,-0.01250292467835834
Two,0.0,0.0,0.0,-0.04000121355056763,-0.07845813035964966,-0.003047495712849013,-0.040866345167160034,-0.15577596426010132,-0.012869941168787591,-0.0023342669010162354,-0.19841277599334717,-0.022129462198677174,0.03368213772773743,-0.207111656665802,-0.03125296822315704,-0.019981563091278076,-0.19871073961257935,-0.03779694727188598,-0.022160619497299194,-0.3129075765609741,-0.052466134638848416,-0.020174294710159302,-0.3785002827644348,-0.05769695630795013,-0.016521096229553223,-0.4275587797164917,-0.05909985593086731,0.027018815279006958,-0.18823236227035522,-0.041684641600909345,0.0484279990196228,-0.30172693729400635,-0.05310649341470253,0.06335020065307617,-0.3716990053653717,-0.056569251329960935,0.07945597171783447,-0.4186350703239441,-0.05758372238403808,0.06520500779151917,-0.16428101062774658,-0.042318536998095624,0.06676492094993591,-0.2203158736228943,-0.048973887325587384,0.04931393265724182,-0.20453029870986938,-0.041592314006152264,0.03842243552207947,-0.17588788270950317,-0.03298179349428665,0.09410706162452698,-0.13643550872802734,-0.04320929488665115,0.08442926406860352,-0.17507857084274292,-0.04222045382982742,0.06981927156448364,-0.15760552883148193,-0.02834325945502769,0.06422063708305359,-0.1322668194770813,-0.0153333052111293
Two,0.0,0.0,0.0,-0.040957510471343994,-0.07670480012893677,-0.003619798461784285,-0.04299256205558777,-0.15323132276535034,-0.01385722472599582,-0.006653249263763428,-0.19577348232269287,-0.023566494465683263,0.02786889672279358,-0.20406490564346313,-0.03319501574418382,-0.021189063787460327,-0.1987365484237671,-0.03853946249267892,-0.022915124893188477,-0.3122010827064514,-0.053873956904624265,-0.02073490619659424,-0.37810489535331726,-0.05938169057748155,-0.016762256622314453,-0.42722854018211365,-0.060819853798363965,0.0256977379322052,-0.18774789571762085,-0.04266134347102479,0.047761619091033936,-0.3008198142051697,-0.05466210167190866,0.06274199485778809,-0.36983001232147217,-0.05831047217628793,0.0785905122756958,-0.4156840443611145,-0.059246864870999616,0.06409347057342529,-0.16368502378463745,-0.04363821144482927,0.06631815433502197,-0.2183249294757843,-0.051338248656009,0.04909694194793701,-0.20187705755233765,-0.04435183550498323,0.038208216428756714,-0.1734715700149536,-0.03573672543546991,0.09314620494842529,-0.13634532690048218,-0.04486122797510461,0.08434110879898071,-0.17557275295257568,-0.04461463983437852,0.06985795497894287,-0.15760451555252075,-0.030849265635822576,0.06402671337127686,-0.13222837448120117,-0.017731698931072515
Two,0.0,0.0,0.0,-0.04037073254585266,-0.07859861850738525,-0.003650573837489901,-0.04091334342956543,-0.15505415201187134,-0.014113463052467523,-0.0033972859382629395,-0.19498556852340698,-0.024174128250137983,0.03188580274581909,-0.20236444473266602,-0.03433520771648091,-0.02027079463005066,-0.19707763195037842,-0.03865635074760121,-0.020693093538284302,-0.3097339868545532,-0.054641590044752775,-0.01850643754005432,-0.3759053945541382,-0.060761333034292875,-0.01463019847869873,-0.42553120851516724,-0.06265406735326451,0.026446998119354248,-0.1866580843925476,-0.0431862888493697,0.04932287335395813,-0.2993435263633728,-0.0555568119146983,0.06453612446784973,-0.3687745928764343,-0.05974721215750378,0.0803479254245758,-0.4148586690425873,-0.061109304950491605,0.06470620632171631,-0.16288334131240845,-0.04459080152298611,0.06817039847373962,-0.22175559401512146,-0.05238729022528332,0.05010870099067688,-0.20549815893173218,-0.04517345182682675,0.03820255398750305,-0.1769840121269226,-0.036514949575916944,0.09370028972625732,-0.13516837358474731,-0.046292853132740674,0.08594107627868652,-0.17668884992599487,-0.04638616792942685,0.07068374752998352,-0.15897095203399658,-0.032549091205851255,0.06407147645950317,-0.13358187675476074,-0.019374460504309354
Two,0.0,0.0,0.0,-0.039970189332962036,-0.07938206195831299,-0.003085471822089403,-0.03752264380455017,-0.15595728158950806,-0.013418631527713387,0.0005529820919036865,-0.19550251960754395,-0.02367579740672454,0.03522759675979614,-0.20142269134521484,-0.03405678262203082,-0.022590547800064087,-0.20005422830581665,-0.036400917817047684,-0.02134045958518982,-0.3106568455696106,-0.052472345430544465,-0.01864662766456604,-0.3770816922187805,-0.05875550945489749,-0.014716804027557373,-0.4269562363624573,-0.0605957507082735,0.023838520050048828,-0.19011259078979492,-0.041705429453543275,0.0485614538192749,-0.301667720079422,-0.053468935091188996,0.0645933449268341,-0.37095069885253906,-0.057248245824268906,0.08052393794059753,-0.41805499792099,-0.05813620229451999,0.06341567635536194,-0.16594547033309937,-0.04404380534975871,0.07023510336875916,-0.22226041555404663,-0.05166412507384166,0.05440932512283325,-0.20297086238861084,-0.043925270337751954,0.04364675283432007,-0.17355084419250488,-0.03458689515679225,0.09458443522453308,-0.13667523860931396,-0.046713631499699204,0.0895126461982727,-0.17535334825515747,-0.045971617002180665,0.07578155398368835,-0.15565341711044312,-0.03112358776121482,0.0697232186794281,-0.13019561767578125,-0.017066653717449753
Two,0.0,0.0,0.0,-0.03967857360839844,-0.0787089467048645,-0.002426953216513539,-0.040184348821640015,-0.15269505977630615,-0.01318022322232082,-0.005665481090545654,-0.19348055124282837,-0.02423151947880342,0.028808683156967163,-0.19939064979553223,-0.03554985292578294,-0.02374860644340515,-0.19763314723968506,-0.0375227033379133,-0.022562682628631592,-0.3087999224662781,-0.05447373159552171,-0.020732253789901733,-0.3761287033557892,-0.061031974780803466,-0.01742669939994812,-0.42587584257125854,-0.06293554224396303,0.022496908903121948,-0.1891028881072998,-0.04363159828210428,0.048110902309417725,-0.3023003041744232,-0.0564612857284601,0.06477686762809753,-0.3718634247779846,-0.06063113726997926,0.08105400204658508,-0.41744881868362427,-0.06161741160178735,0.06253263354301453,-0.1658560037612915,-0.04666565351510599,0.07173910737037659,-0.2216677963733673,-0.05458263673210695,0.05559885501861572,-0.20351716876029968,-0.04684780903482988,0.04413178563117981,-0.17441272735595703,-0.037525523382669235,0.09393471479415894,-0.1377546191215515,-0.04997763403082445,0.08897307515144348,-0.1769258975982666,-0.04887432225370958,0.0750073492527008,-0.15908151865005493,-0.03383729227209642,0.06825920939445496,-0.13446033000946045,-0.019729541543370033
Two,0.0,0.0,0.0,-0.03765973448753357,-0.0805426836013794,0.0011879729776751446,-0.0337958037853241,-0.15571796894073486,-0.007961276083335633,0.0024906694889068604,-0.19667023420333862,-0.01807164596681332,0.03656002879142761,-0.2036900818347931,-0.028498426175758595,-0.027211695909500122,-0.20198601484298706,-0.034317987135693784,-0.024023115634918213,-0.31385985016822815,-0.04979186700944638,-0.023066967725753784,-0.3815518617630005,-0.055667454472825284,-0.021625548601150513,-0.4324250817298889,-0.05737022878889775,0.01669609546661377,-0.19287919998168945,-0.04223482134108281,0.04446697235107422,-0.3058764934539795,-0.053000943831250424,0.062202632427215576,-0.37531226873397827,-0.05691370191340184,0.07788363099098206,-0.42439591884613037,-0.05827879356507992,0.05664283037185669,-0.1704699993133545,-0.04668836118941044,0.07098644971847534,-0.22533553838729858,-0.051712738446042295,0.05787020921707153,-0.2063036561012268,-0.04284196915392613,0.046768009662628174,-0.17928141355514526,-0.03343982072834706,0.08897393941879272,-0.14318853616714478,-0.05137158753638005,0.08940628170967102,-0.18337243795394897,-0.04651306392912602,0.0777120590209961,-0.1672041416168213,-0.029859552255913968,0.07111242413520813,-0.14446288347244263,-0.015225065968081708
Two,0.0,0.0,0.0,-0.03734308481216431,-0.07812196016311646,0.0013201481683609018,-0.03687858581542969,-0.15133249759674072,-0.00850775274238913,-0.0009702742099761963,-0.19509798288345337,-0.019547132726529526,0.03465151786804199,-0.20301875472068787,-0.03092126543424456,-0.02700906991958618,-0.20251768827438354,-0.034356320228198456,-0.02418091893196106,-0.3155463933944702,-0.05003781425557463,-0.022306174039840698,-0.38382023572921753,-0.05664150970778792,-0.019856512546539307,-0.4342251121997833,-0.05880059855780928,0.01755496859550476,-0.19543969631195068,-0.041818981941560196,0.04604193568229675,-0.3082861602306366,-0.053357003208020615,0.06378379464149475,-0.378878653049469,-0.05824503111443846,0.0794123113155365,-0.4256591796875,-0.06009207102260916,0.057777345180511475,-0.17444831132888794,-0.04558048951230376,0.07087695598602295,-0.22410431504249573,-0.04978919583163588,0.057607948780059814,-0.20742660760879517,-0.04144350248179762,0.04676508903503418,-0.18008917570114136,-0.03266326519451468,0.09063804149627686,-0.1478378176689148,-0.049651490475753235,0.09180039167404175,-0.18209481239318848,-0.044471012379744934,0.08004537224769592,-0.16454589366912842,-0.028279524247864174,0.07381179928779602,-0.14008468389511108,-0.01390772773675053
Two,0.0,0.0,0.0,-0.035645127296447754,-0.07992255687713623,0.0010988690122530897,-0.03239840269088745,-0.15581649541854858,-0.008585304145185546,0.005461156368255615,-0.19906407594680786,-0.019386859734026984,0.04258143901824951,-0.2054227590560913,-0.030149439473120765,-0.02685658633708954,-0.20282724499702454,-0.03266931151267727,-0.024420112371444702,-0.3173142373561859,-0.047502966721026496,-0.02288477122783661,-0.3851156234741211,-0.052992792923419074,-0.020915091037750244,-0.4349146783351898,-0.054306594778267936,0.01758602261543274,-0.19601649045944214,-0.04003104021069248,0.04652795195579529,-0.31008172035217285,-0.0518778731417342,0.0638708770275116,-0.3809019923210144,-0.057069113601414756,0.07977524399757385,-0.42768341302871704,-0.05876130064245899,0.05770301818847656,-0.1753135323524475,-0.0437606853735133,0.07096022367477417,-0.22469046711921692,-0.04845188756701191,0.05640950798988342,-0.20519283413887024,-0.04039481480833729,0.04532161355018616,-0.17728596925735474,-0.03142837261077602,0.09127116203308105,-0.14890211820602417,-0.04774331872579296,0.09185335040092468,-0.1801975965499878,-0.04227178369876583,0.0794416069984436,-0.16083282232284546,-0.02613985737082203,0.073484867811203,-0.136945903301239,-0.011811806943683223
Two,0.0,0.0,0.0,-0.03477463126182556,-0.08143126964569092,0.0031896947503469164,-0.029930591583251953,-0.1568378210067749,-0.005708491048551423,0.008559167385101318,-0.20046758651733398,-0.016249843491948468,0.04586955904960632,-0.20762434601783752,-0.026816931172049863,-0.027407541871070862,-0.20569247007369995,-0.0298218546349176,-0.02395455539226532,-0.3189643919467926,-0.04418504479411922,-0.022987037897109985,-0.3867906928062439,-0.049890431194342,-0.021814808249473572,-0.4363628327846527,-0.05146141219023548,0.016946613788604736,-0.19905239343643188,-0.038316773800886494,0.04657602310180664,-0.31268274784088135,-0.04911550375703655,0.06368786096572876,-0.3834049701690674,-0.05454293507222019,0.07886365056037903,-0.42957812547683716,-0.05673212799314342,0.05774649977684021,-0.17840898036956787,-0.04304066541675411,0.07280239462852478,-0.22774222493171692,-0.04597386214021526,0.059809207916259766,-0.2089959681034088,-0.03744017574075542,0.048872798681259155,-0.1815323829650879,-0.02869437317434631,0.09197631478309631,-0.15178453922271729,-0.04801628979924999,0.09286275506019592,-0.1829490065574646,-0.04054441916827045,0.08109438419342041,-0.16474884748458862,-0.023649644656813962,0.07492020726203918,-0.1409749984741211,-0.009127156427837235
Two,0.0,0.0,0.0,-0.03516960144042969,-0.08123278617858887,0.004443278750670743,-0.03201499581336975,-0.15578579902648926,-0.00397205890129726,0.00455358624458313,-0.2011496126651764,-0.014072578651564527,0.0408329963684082,-0.210088312625885,-0.024239479815321374,-0.029571056365966797,-0.20550352334976196,-0.030062432652073312,-0.02591913938522339,-0.3187476396560669,-0.044259906997638154,-0.025136753916740417,-0.3862401843070984,-0.049817589362817216,-0.024259433150291443,-0.435624361038208,-0.05130800723071616,0.01495632529258728,-0.19846224784851074,-0.03882326676483672,0.045098572969436646,-0.3128546178340912,-0.0496677060329489,0.062017232179641724,-0.3841261863708496,-0.05497370033498328,0.07613393664360046,-0.4309673309326172,-0.057237820019679475,0.05585309863090515,-0.17792421579360962,-0.04352458312149565,0.07205376029014587,-0.23048734664916992,-0.046056811948972154,0.06019949913024902,-0.21273374557495117,-0.036676311185317445,0.04939067363739014,-0.18579494953155518,-0.027542521496968675,0.09002608060836792,-0.15157592296600342,-0.04832286878462355,0.09096327424049377,-0.1854678988456726,-0.040185933252530504,0.07934978604316711,-0.16787272691726685,-0.02251038259799998,0.07283774018287659,-0.14417028427124023,-0.007591407997267652
Two,0.0,0.0,0.0,-0.03435854613780975,-0.08096271753311157,0.004663713819240911,-0.029731661081314087,-0.1558690071105957,-0.0038685243736154007,0.008315876126289368,-0.20205527544021606,-0.014184473470891135,0.04575510323047638,-0.2114650011062622,-0.024359577723885195,-0.031322330236434937,-0.2063668966293335,-0.02931513955547871,-0.027348056435585022,-0.3198179602622986,-0.0434951776798016,-0.026117488741874695,-0.3873556852340698,-0.049291226470018046,-0.025874406099319458,-0.4371095895767212,-0.05097292309358181,0.013091400265693665,-0.1995760202407837,-0.0386140527363068,0.045044198632240295,-0.3135427236557007,-0.04950394054606022,0.06236119568347931,-0.38480180501937866,-0.055017999761844294,0.07585494220256805,-0.4328141510486603,-0.05733506327226223,0.054133787751197815,-0.1790788769721985,-0.043911683761621134,0.07155753672122955,-0.22949063777923584,-0.04678700437500538,0.05968533456325531,-0.21048519015312195,-0.03761315664007725,0.04847656190395355,-0.18376266956329346,-0.028446567633295672,0.08896933495998383,-0.1525523066520691,-0.04931487833812298,0.09251232445240021,-0.18445807695388794,-0.041065822743917124,0.08074258267879486,-0.16583073139190674,-0.023248761349464075,0.07378725707530975,-0.14225488901138306,-0.008216035940790789
Two,0.0,0.0,0.0,-0.03335973620414734,-0.08120965957641602,0.00599186906055138,-0.029683366417884827,-0.15547055006027222,-0.0019145622716791877,0.006694972515106201,-0.20298847556114197,-0.011953290631765867,0.04395940899848938,-0.2137449085712433,-0.021828807970280195,-0.031996309757232666,-0.20790359377861023,-0.027483696197862173,-0.02747504413127899,-0.32103198766708374,-0.04171142735123112,-0.026828467845916748,-0.3887716829776764,-0.04796639837860539,-0.02714364230632782,-0.4389537572860718,-0.05010366820334866,0.011508971452713013,-0.20119091868400574,-0.03741221510409787,0.043572306632995605,-0.3149123787879944,-0.04835273333429768,0.06137901544570923,-0.38581258058547974,-0.05434457593202069,0.07521584630012512,-0.4338666796684265,-0.05701261021732762,0.05236789584159851,-0.1803290843963623,-0.04320958637237027,0.07389745116233826,-0.2301068902015686,-0.04593824603199437,0.06229662895202637,-0.2100086808204651,-0.03640452035307362,0.05016794800758362,-0.18299013376235962,-0.027008997356290365,0.08746275305747986,-0.15300655364990234,-0.04906706519960835,0.09462139010429382,-0.18247294425964355,-0.041116017928118254,0.08327299356460571,-0.16324758529663086,-0.023332698350543524,0.07552999258041382,-0.13981890678405762,-0.00812962286710217
Two,0.0,0.0,0.0,-0.032666176557540894,-0.08242559432983398,0.009400641483978234,-0.02820909023284912,-0.1557733416557312,0.0023847917875059466,0.0063164085149765015,-0.20450067520141602,-0.007279217770530977,0.04248017072677612,-0.2170276939868927,-0.017075195038898983,-0.031767114996910095,-0.2086028754711151,-0.026708520079239406,-0.027051419019699097,-0.32161566615104675,-0.041237724075301685,-0.02718113362789154,-0.389771431684494,-0.04812524194477419,-0.02815660834312439,-0.44009649753570557,-0.05073012883423189,0.011291950941085815,-0.20183566212654114,-0.03785412857888559,0.04350090026855469,-0.316785603761673,-0.04832859809158663,0.06129288673400879,-0.38763153553009033,-0.05439156020639757,0.07436859607696533,-0.43515896797180176,-0.05743827770112375,0.052279651165008545,-0.18092358112335205,-0.044268918285354175,0.07353565096855164,-0.23221412301063538,-0.044652809450610675,0.062329888343811035,-0.21370425820350647,-0.033539277563079395,0.05002036690711975,-0.1875593662261963,-0.023790190989359417,0.08696487545967102,-0.15314888954162598,-0.0505893836414657,0.09380784630775452,-0.18450993299484253,-0.04008139396665911,0.0829196572303772,-0.1664360761642456,-0.02063681843338827,0.0754719078540802,-0.14323389530181885,-0.0046409341192088505
Two,0.0,0.0,0.0,-0.03199005126953125,-0.08263564109802246,0.010293595111022569,-0.02801525592803955,-0.15473401546478271,0.003410756438995577,0.0057225823402404785,-0.20297592878341675,-0.0064337438996631136,0.042056888341903687,-0.2156364917755127,-0.016320162834574603,-0.03246350586414337,-0.20824867486953735,-0.02543736566786947,-0.02832004427909851,-0.3212631344795227,-0.040014998437811755,-0.028546392917633057,-0.3888101577758789,-0.04680096116845789,-0.029176220297813416,-0.43910112977027893,-0.04931785670106592,0.010382965207099915,-0.2017175853252411,-0.03704972323959055,0.04220092296600342,-0.3162047266960144,-0.048136697532584094,0.060362666845321655,-0.3875957131385803,-0.054285069378067874,0.07406273484230042,-0.4362005889415741,-0.05731683355753603,0.051303327083587646,-0.18077504634857178,-0.04393823576157274,0.07247433066368103,-0.23176246881484985,-0.0447233183402318,0.061692506074905396,-0.21255505084991455,-0.03336339202706995,0.04967877268791199,-0.18612295389175415,-0.023301923098017596,0.08637237548828125,-0.15269875526428223,-0.05069891867225351,0.09338033199310303,-0.1849292516708374,-0.04045346883123102,0.0829053521156311,-0.1663680076599121,-0.020876043857981585,0.07553443312644958,-0.1426912546157837,-0.004723505498816394
Two,0.0,0.0,0.0,-0.03257545828819275,-0.08331429958343506,0.010966636515036043,-0.029258042573928833,-0.15416520833969116,0.004280511098727402,0.003787815570831299,-0.20229077339172363,-0.00556207001693565,0.04038113355636597,-0.2155769169330597,-0.015322985784337106,-0.03337779641151428,-0.20835059881210327,-0.02380425828062016,-0.029159650206565857,-0.3210689425468445,-0.03816386471055466,-0.02950243651866913,-0.38815897703170776,-0.044838631251082006,-0.03026314079761505,-0.43814098834991455,-0.04725359911583382,0.009430810809135437,-0.20222774147987366,-0.035573621937260214,0.04127037525177002,-0.3157757520675659,-0.04692519614957291,0.05911538004875183,-0.38705503940582275,-0.05362155819796044,0.07242482900619507,-0.43550994992256165,-0.05687138969562966,0.050614118576049805,-0.18114173412322998,-0.04252500618360955,0.07228082418441772,-0.2298964560031891,-0.04305205652974564,0.06162264943122864,-0.21042105555534363,-0.031648503341898504,0.04959496855735779,-0.18437212705612183,-0.02147002490721661,0.08590948581695557,-0.15242594480514526,-0.04932127306722123,0.09360015392303467,-0.1814507246017456,-0.038466663756594244,0.08326441049575806,-0.16262567043304443,-0.018639128380641523,0.0758642852306366,-0.13944506645202637,-0.0022215044174345167
Two,0.0,0.0,0.0,-0.03307683765888214,-0.08248215913772583,0.012684580771576748,-0.03114500641822815,-0.15225690603256226,0.006211617863129959,-0.001341119408607483,-0.20216327905654907,-0.0038287591707444335,0.03388883173465729,-0.2166377604007721,-0.013991070078361645,-0.033731743693351746,-0.20876285433769226,-0.023741922439683094,-0.029172733426094055,-0.32187727093696594,-0.03943691133116545,-0.029726937413215637,-0.3900238275527954,-0.04721741108750166,-0.030311867594718933,-0.4402296245098114,-0.05036006970857443,0.008703991770744324,-0.20353978872299194,-0.03613470970248045,0.04114200174808502,-0.31782451272010803,-0.048673451976526394,0.05932523310184479,-0.38905060291290283,-0.05595033718799414,0.07267631590366364,-0.43662112951278687,-0.05945137618635954,0.050053492188453674,-0.18261903524398804,-0.04341317443703474,0.072313591837883,-0.23169803619384766,-0.04379147394155325,0.062041983008384705,-0.21216246485710144,-0.03145811064695181,0.05045454204082489,-0.18591058254241943,-0.020682192505944386,0.08541025221347809,-0.15344268083572388,-0.05045107855056585,0.09342943131923676,-0.18133604526519775,-0.03960855408166708,0.08321206271648407,-0.16209620237350464,-0.019429392279732838,0.07574929296970367,-0.13895004987716675,-0.0025457347330188895
Two,0.0,0.0,0.0,-0.03280636668205261,-0.08395862579345703,0.013726825971275503,-0.0288991779088974,-0.1575891375541687,0.008136741031080419,0.003420606255531311,-0.21023499965667725,-0.0009592831194140672,0.03907507658004761,-0.22540593147277832,-0.010248484875887698,-0.032622843980789185,-0.21739178895950317,-0.02143369228008396,-0.027477771043777466,-0.3280153274536133,-0.03605328671994812,-0.027726590633392334,-0.39496910572052,-0.04446640409889824,-0.028410419821739197,-0.44498902559280396,-0.04851113804045326,0.009728789329528809,-0.21102508902549744,-0.03427950837078697,0.0415196418762207,-0.32457268238067627,-0.043828038353353804,0.0602969229221344,-0.3930962383747101,-0.05035580866399414,0.07397034764289856,-0.4399331212043762,-0.054225450236231154,0.051208168268203735,-0.18931394815444946,-0.04216681965056068,0.07486671209335327,-0.23857247829437256,-0.040043176937729186,0.0659160315990448,-0.2175058126449585,-0.026956036541491812,0.05477586388587952,-0.19084122776985168,-0.0165895371175111,0.08644929528236389,-0.15963375568389893,-0.0498615744000972,0.09539541602134705,-0.18992584943771362,-0.03722239457431442,0.08604210615158081,-0.16997939348220825,-0.01637784935894615,0.07931840419769287,-0.1470748782157898,0.0003479079167618693
