W with wrist,0.0,0.0,0.0,-0.027220845222473145,-0.01395958662033081,-0.0407784085334697,-0.025159895420074463,-0.052414119243621826,-0.06540524471415665,0.0242154598236084,-0.07516533136367798,-0.08123515803231385,0.06758034229278564,-0.0945051908493042,-0.09724608320607331,-0.03133136034011841,-0.1501924991607666,-0.0652997593940654,-0.043614327907562256,-0.2338460087776184,-0.08854104090346482,-0.04955339431762695,-0.2898901104927063,-0.10251530516757157,-0.0516585111618042,-0.34219443798065186,-0.11330187577618744,0.00885629653930664,-0.16421478986740112,-0.06064547482742455,0.01898139715194702,-0.26225316524505615,-0.08330980200184968,0.0323256254196167,-0.3284744620323181,-0.09778707731379654,0.04433494806289673,-0.3865841031074524,-0.1070047046603122,0.04286527633666992,-0.1485220193862915,-0.05727459374679711,0.08036273717880249,-0.22078800201416016,-0.08886513370885041,0.10860902070999146,-0.27808237075805664,-0.1094662274779239,0.13263583183288574,-0.32601189613342285,-0.12139388430728104,0.07151204347610474,-0.1134335994720459,-0.054787709152833486,0.07858014106750488,-0.1256454586982727,-0.08608158934725907,0.06279927492141724,-0.09433287382125854,-0.09207213181866791,0.052501380443573,-0.05770629644393921,-0.0933505024374881
W with wrist,0.0,0.0,0.0,-0.03128373622894287,-0.02188873291015625,-0.040736757492311426,-0.03193938732147217,-0.07674556970596313,-0.05720515576530261,0.016922473907470703,-0.1123356819152832,-0.06529143107462687,0.05453908443450928,-0.137894868850708,-0.07386151356030268,-0.043860435485839844,-0.18131375312805176,-0.04238263544965548,-0.05807363986968994,-0.2623940706253052,-0.06101322946477694,-0.06378453969955444,-0.3202728033065796,-0.07484089983034892,-0.06683564186096191,-0.3726285696029663,-0.08554827076721949,-0.001560211181640625,-0.1949443817138672,-0.03823847723532481,0.0074301958084106445,-0.29140692949295044,-0.05447127697397036,0.01678323745727539,-0.35652005672454834,-0.06911125433970255,0.024186372756958008,-0.41104888916015625,-0.07812228453684611,0.03314560651779175,-0.17932051420211792,-0.03741338131356997,0.06677120923995972,-0.25679558515548706,-0.0674469585471229,0.0901307463645935,-0.31249892711639404,-0.09080495340157313,0.1091470718383789,-0.3620840311050415,-0.10433373255062861,0.061517536640167236,-0.13953524827957153,-0.03797023770738406,0.06798732280731201,-0.1647234559059143,-0.07302917939949793,0.054619431495666504,-0.1220211386680603,-0.08018323433924479,0.045244812965393066,-0.07798272371292114,-0.08096756440926356
W with wrist,0.0,0.0,0.0,-0.031175971031188965,-0.034011244773864746,-0.03741170401673344,-0.029347896575927734,-0.10479772090911865,-0.048297620667028696,0.02070319652557373,-0.14986276626586914,-0.052107866210747034,0.05702322721481323,-0.1772511601448059,-0.0562714220116618,-0.04669874906539917,-0.20438486337661743,-0.028680143235135347,-0.0636398196220398,-0.2895326614379883,-0.043447050554561883,-0.0705193281173706,-0.3485310673713684,-0.05588279972772625,-0.07535165548324585,-0.40085798501968384,-0.06596030975680378,-0.005096793174743652,-0.2160847783088684,-0.027236501974869043,0.0009822249412536621,-0.3181591033935547,-0.038222368163872034,0.009724140167236328,-0.38451218605041504,-0.05200813646416691,0.01711982488632202,-0.439056932926178,-0.06128955568175343,0.029477596282958984,-0.19851988554000854,-0.030187479508924753,0.05933499336242676,-0.28240567445755005,-0.05631060834031132,0.08020377159118652,-0.33764034509658813,-0.08080098713736561,0.09788024425506592,-0.38870352506637573,-0.09614098752837208,0.05874156951904297,-0.15675383806228638,-0.03491521562438038,0.06430619955062866,-0.1888635754585266,-0.0680901923308852,0.05450475215911865,-0.1473204493522644,-0.07666743482451466,0.047311484813690186,-0.10619866847991943,-0.07927995855908421
W with wrist,0.0,0.0,0.0,-0.037005066871643066,-0.03954148292541504,-0.03705512632018326,-0.037723422050476074,-0.11141818761825562,-0.04884425077921151,0.013445079326629639,-0.1595889925956726,-0.05411203850394486,0.05000513792037964,-0.19512253999710083,-0.059289305399715886,-0.0512925386428833,-0.21650290489196777,-0.025817043076813206,-0.06918096542358398,-0.3040429353713989,-0.03910075400358437,-0.07690250873565674,-0.36315393447875977,-0.05084362525826691,-0.08344334363937378,-0.4148935079574585,-0.060873947035133824,-0.007992088794708252,-0.22755146026611328,-0.024983716126143918,-0.002799093723297119,-0.33310186862945557,-0.03472163055425881,0.0043294429779052734,-0.39813607931137085,-0.04773016173726319,0.008226454257965088,-0.45159927010536194,-0.05719811369067429,0.026695430278778076,-0.2088390588760376,-0.028874223049342618,0.05270063877105713,-0.29861581325531006,-0.053158371638119206,0.07131087779998779,-0.3531985282897949,-0.07595178012138604,0.0862165093421936,-0.40361976623535156,-0.09105099264866112,0.056416094303131104,-0.1672115921974182,-0.03471882541066407,0.05907011032104492,-0.20428061485290527,-0.06490671906954049,0.04827117919921875,-0.16581255197525024,-0.07212764297014473,0.03931629657745361,-0.12631994485855103,-0.07478847626930474
W with wrist,0.0,0.0,0.0,-0.03765612840652466,-0.04223442077636719,-0.03272372173924509,-0.039757609367370605,-0.11672931909561157,-0.04326720970530573,0.010053634643554688,-0.16628122329711914,-0.04850062045116488,0.05015748739242554,-0.1975691318511963,-0.05366903605718676,-0.053264081478118896,-0.21813350915908813,-0.022505924728108084,-0.07123255729675293,-0.3065541982650757,-0.03470003667135302,-0.0781366229057312,-0.3643515706062317,-0.04546585741300646,-0.08476561307907104,-0.41469499468803406,-0.05488401341099802,-0.011737406253814697,-0.22927087545394897,-0.02385815481503073,-0.00837165117263794,-0.3371737003326416,-0.03245337742228571,-0.0013836026191711426,-0.4018819332122803,-0.04476921695132319,0.00191420316696167,-0.4528938829898834,-0.05414440545101229,0.022971928119659424,-0.2116338014602661,-0.029549286391926444,0.04726696014404297,-0.30235546827316284,-0.05063821810145441,0.06508594751358032,-0.3574135899543762,-0.07180123838443819,0.07882344722747803,-0.4068097770214081,-0.08657460721988741,0.05365622043609619,-0.17228293418884277,-0.03714119705219332,0.056040942668914795,-0.21231037378311157,-0.06165299626846377,0.04621529579162598,-0.1785789132118225,-0.06662017914314333,0.03822141885757446,-0.14147919416427612,-0.06894792678613726
W with wrist,0.0,0.0,0.0,-0.037997663021087646,-0.047904372215270996,-0.032176907245258235,-0.03897547721862793,-0.12434518337249756,-0.040649025771955394,0.011039018630981445,-0.17537105083465576,-0.043804689381460094,0.050108373165130615,-0.20419228076934814,-0.04672864365969076,-0.05471146106719971,-0.21881908178329468,-0.01790447633359804,-0.07330101728439331,-0.3079236149787903,-0.027795679006914042,-0.08103615045547485,-0.3647111654281616,-0.03736265662703886,-0.08786624670028687,-0.414389967918396,-0.04604538444075956,-0.013386666774749756,-0.2290382981300354,-0.018515405316094302,-0.010961055755615234,-0.3360355496406555,-0.0241591027716197,-0.005955815315246582,-0.3999865651130676,-0.03543047520909681,-0.0034107565879821777,-0.4499666392803192,-0.044567580405811213,0.021588265895843506,-0.21142280101776123,-0.023747102428416156,0.04474449157714844,-0.30323952436447144,-0.04278001103196516,0.06052178144454956,-0.3583747148513794,-0.06421297330055609,0.07269662618637085,-0.40877434611320496,-0.07957938599977865,0.05205833911895752,-0.17241811752319336,-0.030951771024803065,0.05408000946044922,-0.2155129313468933,-0.05385469559226408,0.04401099681854248,-0.18237817287445068,-0.05873093668017759,0.035495638847351074,-0.1462222933769226,-0.06140348229203596
W with wrist,0.0,0.0,0.0,-0.03743094205856323,-0.04727095365524292,-0.03161890819174573,-0.040058135986328125,-0.12423360347747803,-0.04048334449035451,0.007630348205566406,-0.1774611473083496,-0.04399933680397794,0.04782956838607788,-0.20239996910095215,-0.04713635161024854,-0.05377388000488281,-0.21675294637680054,-0.019966561491315815,-0.07326334714889526,-0.30631697177886963,-0.029947269851987812,-0.08206158876419067,-0.3632846474647522,-0.03910142942768857,-0.08933395147323608,-0.41321560740470886,-0.047532048220460865,-0.013748764991760254,-0.22758352756500244,-0.020864697317307446,-0.012951970100402832,-0.33410704135894775,-0.02669671564800069,-0.008877158164978027,-0.39837831258773804,-0.03736884161335752,-0.007014214992523193,-0.4483930766582489,-0.04618524029356763,0.020685434341430664,-0.21049165725708008,-0.02610516190034673,0.0421256422996521,-0.3015357255935669,-0.04486298575503156,0.05706679821014404,-0.35774052143096924,-0.06558300196630285,0.06866729259490967,-0.40860334038734436,-0.08043939262134359,0.051251888275146484,-0.1716037392616272,-0.03327655061585233,0.051000893115997314,-0.21585822105407715,-0.05481166034442708,0.041267991065979004,-0.18472230434417725,-0.05896998211247251,0.03355717658996582,-0.14875638484954834,-0.06140998020273969
W with wrist,0.0,0.0,0.0,-0.03640592098236084,-0.04583704471588135,-0.033851284413941585,-0.03782832622528076,-0.12160921096801758,-0.04128000128210374,0.010593891143798828,-0.17628157138824463,-0.04253439965785333,0.048375606536865234,-0.20228177309036255,-0.04265934961975404,-0.05339103937149048,-0.21546030044555664,-0.01815339165867158,-0.0731307864189148,-0.3048315644264221,-0.027013745039113246,-0.08265531063079834,-0.36117374897003174,-0.03563354152382203,-0.08966273069381714,-0.4108017086982727,-0.04360882553399392,-0.013760745525360107,-0.22478002309799194,-0.017355074986227237,-0.013946056365966797,-0.3307703733444214,-0.022490510597236835,-0.011061012744903564,-0.39541035890579224,-0.03277764084876367,-0.00964587926864624,-0.44585108757019043,-0.04121475654781648,0.01990586519241333,-0.20709103345870972,-0.021445065616973125,0.0414046049118042,-0.2990421652793884,-0.04032974678219148,0.055766761302948,-0.35509324073791504,-0.06178577232302018,0.06658267974853516,-0.406840443611145,-0.07665604713500329,0.049827635288238525,-0.16608083248138428,-0.02770866627932378,0.05169147253036499,-0.2148570418357849,-0.048752751081593715,0.04180842638015747,-0.18369948863983154,-0.05296806979120561,0.0331689715385437,-0.14657622575759888,-0.05538447934330293
W with wrist,0.0,0.0,0.0,-0.035533607006073,-0.045770108699798584,-0.03503705399327828,-0.038345277309417725,-0.12080132961273193,-0.04140754254751755,0.010109186172485352,-0.17539912462234497,-0.04123168276839806,0.048902690410614014,-0.20266282558441162,-0.03955576407008721,-0.054446399211883545,-0.21487188339233398,-0.016968135034971965,-0.0736876130104065,-0.30440258979797363,-0.02566730255477978,-0.08208233118057251,-0.3605473041534424,-0.0342195688396032,-0.08773189783096313,-0.40906545519828796,-0.04192700075202538,-0.01465606689453125,-0.22394591569900513,-0.015260669647091163,-0.013592302799224854,-0.3297961950302124,-0.019901551550560725,-0.010649681091308594,-0.3938782215118408,-0.030312896019154323,-0.008651137351989746,-0.4431286156177521,-0.038614517322116626,0.018826067447662354,-0.20676088333129883,-0.018786298355394138,0.04112815856933594,-0.2972758412361145,-0.0374859070985849,0.055228590965270996,-0.3522636294364929,-0.05955871777825905,0.06581246852874756,-0.4026668965816498,-0.07459484251432968,0.04870438575744629,-0.1658991575241089,-0.024683144187861217,0.05235087871551514,-0.2132474184036255,-0.04594076263003899,0.04264354705810547,-0.18176662921905518,-0.050818136206203235,0.03330761194229126,-0.1442011594772339,-0.0534437021821077
W with wrist,0.0,0.0,0.0,-0.034841954708099365,-0.04626363515853882,-0.03734431864660337,-0.03850299119949341,-0.11951225996017456,-0.04289822356741979,0.010197103023529053,-0.17225605249404907,-0.04106596188586309,0.04885363578796387,-0.20066404342651367,-0.03736838402193143,-0.05364525318145752,-0.21717911958694458,-0.018269561994486594,-0.07216978073120117,-0.30815309286117554,-0.0267070520852144,-0.08034485578536987,-0.36322489380836487,-0.03536631243269994,-0.08537602424621582,-0.41138309240341187,-0.043265637773686194,-0.013658225536346436,-0.22509849071502686,-0.01562504453551128,-0.012855052947998047,-0.3310920000076294,-0.020556486043744826,-0.010230600833892822,-0.3931541442871094,-0.032587774861269736,-0.008000373840332031,-0.4436512291431427,-0.04231771903079107,0.019183695316314697,-0.20757156610488892,-0.018454504031353736,0.04287242889404297,-0.29682719707489014,-0.03750128747861936,0.056948304176330566,-0.35083410143852234,-0.062029079366141104,0.06654536724090576,-0.40261828899383545,-0.07888517232578351,0.04872000217437744,-0.1646530032157898,-0.023797309789472365,0.05487620830535889,-0.21489554643630981,-0.04403377773206785,0.045939087867736816,-0.18523329496383667,-0.04962432460825994,0.03557693958282471,-0.14773809909820557,-0.053304635751658225
W with wrist,0.0,0.0,0.0,-0.03473365306854248,-0.046399831771850586,-0.03913446911565188,-0.03925520181655884,-0.118236243724823,-0.04515787609807376,0.009932637214660645,-0.17078697681427002,-0.04367008455983523,0.0494844913482666,-0.19673484563827515,-0.04069791384927157,-0.05523490905761719,-0.21601808071136475,-0.019279778236068523,-0.07506656646728516,-0.30616670846939087,-0.028266767272270954,-0.08408969640731812,-0.3610137701034546,-0.03750094049564723,-0.08920890092849731,-0.40951967239379883,-0.04575015627733592,-0.015487134456634521,-0.22543638944625854,-0.01529697538308028,-0.016231775283813477,-0.32992881536483765,-0.01958530233196143,-0.013773083686828613,-0.39261358976364136,-0.03158372291318301,-0.010766446590423584,-0.44361966848373413,-0.04154494800559405,0.017562508583068848,-0.2084677815437317,-0.01701988861850623,0.03993713855743408,-0.29464834928512573,-0.03506956272713069,0.053123414516448975,-0.34829193353652954,-0.06054199882737521,0.06222885847091675,-0.399417519569397,-0.07846024655691508,0.046457886695861816,-0.1671288013458252,-0.02154894010118369,0.05133002996444702,-0.21245616674423218,-0.04220415675035838,0.04257643222808838,-0.18241441249847412,-0.049712535226262844,0.03313243389129639,-0.14602869749069214,-0.05486003332725886
W with wrist,0.0,0.0,0.0,-0.03431892395019531,-0.045971572399139404,-0.03675613324961091,-0.03892087936401367,-0.1171751618385315,-0.041311451754182826,0.00894784927368164,-0.1691819429397583,-0.03870777930936242,0.046773433685302734,-0.19480425119400024,-0.03429058711847688,-0.05429655313491821,-0.21583664417266846,-0.01692000549158479,-0.07545626163482666,-0.30529314279556274,-0.02606432843825246,-0.08549684286117554,-0.35982680320739746,-0.03467722009739305,-0.09134465456008911,-0.408078134059906,-0.04220253374299432,-0.015310823917388916,-0.22528880834579468,-0.01450074516108657,-0.016545474529266357,-0.3313550353050232,-0.020398336982935916,-0.014930546283721924,-0.3944787383079529,-0.03182584937533761,-0.012361347675323486,-0.4460901618003845,-0.040447031668037425,0.017274081707000732,-0.2086307406425476,-0.0177716869475546,0.03943324089050293,-0.2976841926574707,-0.03729414339980508,0.052147507667541504,-0.35174044966697693,-0.06184928636869813,0.06083989143371582,-0.40442320704460144,-0.07809592556080247,0.04626584053039551,-0.16476881504058838,-0.023608618936151515,0.0504993200302124,-0.21320945024490356,-0.0436877771826687,0.04045611619949341,-0.1821155548095703,-0.049252660533994685,0.03005272150039673,-0.14310109615325928,-0.05262983735522653
W with wrist,0.0,0.0,0.0,-0.034998953342437744,-0.046554505825042725,-0.03841930608300004,-0.040088534355163574,-0.11836308240890503,-0.04338002930430207,0.00839298963546753,-0.17116957902908325,-0.04081051777151856,0.047229647636413574,-0.19431787729263306,-0.03634805957821641,-0.05530083179473877,-0.21676689386367798,-0.017665419532335136,-0.07711035013198853,-0.3060227036476135,-0.02691598775831494,-0.08764159679412842,-0.3602296710014343,-0.03575206528452668,-0.09403204917907715,-0.40838369727134705,-0.04347044955042634,-0.015686988830566406,-0.2260228991508484,-0.014472328862524364,-0.018057525157928467,-0.33220958709716797,-0.02015678565052781,-0.01691281795501709,-0.3954886198043823,-0.03159562106279168,-0.01456373929977417,-0.4473785161972046,-0.040336545361554954,0.017187416553497314,-0.20895498991012573,-0.017174646063125465,0.03807169198989868,-0.2976030111312866,-0.036672469033277366,0.05036330223083496,-0.3526647686958313,-0.06167944128659997,0.05895590782165527,-0.40630924701690674,-0.07824062163976464,0.04623669385910034,-0.16520273685455322,-0.022617606250918243,0.04901778697967529,-0.21388399600982666,-0.04255486260203156,0.03903210163116455,-0.1835319995880127,-0.048297032518661354,0.029078304767608643,-0.1447104811668396,-0.05189396793988976
W with wrist,0.0,0.0,0.0,-0.03652489185333252,-0.05037665367126465,-0.03848411079812308,-0.043550848960876465,-0.11964148283004761,-0.041396963711264334,0.004723072052001953,-0.17344260215759277,-0.03605515819359084,0.04351818561553955,-0.19242846965789795,-0.02771756548750659,-0.0577319860458374,-0.2178438901901245,-0.016311577822449408,-0.08062630891799927,-0.31038761138916016,-0.025779885541084013,-0.0913195013999939,-0.3642098903656006,-0.034643858041050635,-0.09726160764694214,-0.4123750329017639,-0.041784535463335715,-0.017164766788482666,-0.22533178329467773,-0.013074995319726668,-0.019951224327087402,-0.3354547619819641,-0.018962879966380797,-0.019487619400024414,-0.3987218737602234,-0.030338789637568198,-0.017772018909454346,-0.45200657844543457,-0.038623350973608694,0.01596987247467041,-0.2078877091407776,-0.016023858751538,0.03504908084869385,-0.2981000542640686,-0.03484724771547576,0.04676342010498047,-0.3538450002670288,-0.0595208474652793,0.05377984046936035,-0.41096124053001404,-0.07509810041952392,0.0443648099899292,-0.16012060642242432,-0.02188763890731593,0.04758095741271973,-0.2190331220626831,-0.035951509441616736,0.03933358192443848,-0.1932792067527771,-0.03762737226057311,0.029817640781402588,-0.15410703420639038,-0.038972704972508154
W with wrist,0.0,0.0,0.0,-0.03719353675842285,-0.048168063163757324,-0.0377478975972565,-0.04445362091064453,-0.11892348527908325,-0.04236761892050822,0.00335538387298584,-0.1736212968826294,-0.03943150902003367,0.04250669479370117,-0.19490057229995728,-0.03427990564912875,-0.06119650602340698,-0.21633338928222656,-0.0171731099656256,-0.08243924379348755,-0.30713123083114624,-0.026358135434094265,-0.09226423501968384,-0.3608092665672302,-0.03547950872987826,-0.0978553295135498,-0.4089522957801819,-0.043425988795462445,-0.020386695861816406,-0.2255614995956421,-0.014472636783722237,-0.023311614990234375,-0.3334178328514099,-0.020252058672014073,-0.022351324558258057,-0.39641308784484863,-0.03244463765830119,-0.020831644535064697,-0.4495899975299835,-0.042001981677714184,0.01345449686050415,-0.20881128311157227,-0.017528426291647747,0.03280019760131836,-0.29794245958328247,-0.03617124670952876,0.04431426525115967,-0.35306987166404724,-0.06087216773838122,0.051223933696746826,-0.40820997953414917,-0.07738855147570689,0.04309028387069702,-0.1645296812057495,-0.023372942971292332,0.04645228385925293,-0.21903765201568604,-0.04009238296956141,0.037997663021087646,-0.19207113981246948,-0.04397327491849978,0.028552889823913574,-0.1552029252052307,-0.04689989277929385
W with wrist,0.0,0.0,0.0,-0.03638941049575806,-0.04686152935028076,-0.037150051339864376,-0.04073166847229004,-0.12279152870178223,-0.042089469625949505,0.007531404495239258,-0.1781858205795288,-0.03981459502816165,0.04451560974121094,-0.1976800560951233,-0.035680483921765926,-0.05929458141326904,-0.21771842241287231,-0.016306675865649822,-0.07984757423400879,-0.30756813287734985,-0.024876786291002873,-0.08956003189086914,-0.3631024658679962,-0.03329424549579585,-0.09558355808258057,-0.41180843114852905,-0.04089281324982608,-0.01973104476928711,-0.22756528854370117,-0.013693176105022076,-0.021794021129608154,-0.3342353403568268,-0.018585801019668224,-0.02030080556869507,-0.3989652097225189,-0.029527241259216908,-0.018746554851531982,-0.45091068744659424,-0.03807806958198512,0.01376432180404663,-0.21084928512573242,-0.016797754808663967,0.03493309020996094,-0.30323708057403564,-0.036075275286435726,0.04802548885345459,-0.3600427508354187,-0.060432959243058804,0.05684936046600342,-0.41434773802757263,-0.07661977027296984,0.044336140155792236,-0.16831135749816895,-0.02254028421580756,0.04817080497741699,-0.21818214654922485,-0.04313180585145915,0.03854846954345703,-0.18582552671432495,-0.04895310093402827,0.028561711311340332,-0.1464308500289917,-0.052532460435628536
W with wrist,0.0,0.0,0.0,-0.037312448024749756,-0.04707932472229004,-0.037869759256125235,-0.042634427547454834,-0.12305009365081787,-0.04284212400960996,0.0062808990478515625,-0.17809414863586426,-0.04019784962582662,0.04555189609527588,-0.19717860221862793,-0.035594549382210516,-0.059453606605529785,-0.21808063983917236,-0.017987987378717207,-0.07994276285171509,-0.30848437547683716,-0.027078617716313147,-0.09013617038726807,-0.363915354013443,-0.03588981589126661,-0.09655231237411499,-0.4128354787826538,-0.043632325137139105,-0.019171178340911865,-0.22692465782165527,-0.014925738217414164,-0.021223902702331543,-0.33452320098876953,-0.019699957573891425,-0.020166516304016113,-0.39922982454299927,-0.030535249391675734,-0.018768370151519775,-0.4510018527507782,-0.039075691605091833,0.014419972896575928,-0.20958906412124634,-0.017601726928830885,0.035591304302215576,-0.3028443455696106,-0.03681139683175161,0.0486028790473938,-0.36014866828918457,-0.06125778367567136,0.05716782808303833,-0.41480833292007446,-0.07749322837042882,0.045121073722839355,-0.16678398847579956,-0.022943785766244673,0.0487666130065918,-0.2174089550971985,-0.04291506146836355,0.03970259428024292,-0.18639791011810303,-0.04823381488967016,0.03003251552581787,-0.14714652299880981,-0.051546164209128165
W with wrist,0.0,0.0,0.0,-0.036187171936035156,-0.04646742343902588,-0.037266026477595915,-0.0409618616104126,-0.12226086854934692,-0.04256364260174905,0.008325636386871338,-0.1755537986755371,-0.0406629659638611,0.04773759841918945,-0.1959155797958374,-0.03716566715695535,-0.0578075647354126,-0.2184666395187378,-0.017780139337560286,-0.07782787084579468,-0.3081783056259155,-0.02675815973736917,-0.08752548694610596,-0.36405229568481445,-0.035421460162183394,-0.09359395503997803,-0.4130595028400421,-0.04327134717561876,-0.0183752179145813,-0.22800135612487793,-0.015180757495841135,-0.01996469497680664,-0.33459097146987915,-0.019887895549913992,-0.018193066120147705,-0.3998450040817261,-0.030948664288303007,-0.016387939453125,-0.4515022337436676,-0.03977288235284959,0.015009284019470215,-0.21074283123016357,-0.018210928182384123,0.03718334436416626,-0.3031170964241028,-0.037672295461675276,0.05096536874771118,-0.36057084798812866,-0.062799829284927,0.06014662981033325,-0.41480064392089844,-0.07983403209902917,0.04583573341369629,-0.16846412420272827,-0.02381887588956033,0.049601614475250244,-0.21454423666000366,-0.04617203329064523,0.03942382335662842,-0.18105798959732056,-0.053435786853810896,0.028427183628082275,-0.14145433902740479,-0.05792421032049333
W with wrist,0.0,0.0,0.0,-0.03559768199920654,-0.04709804058074951,-0.037295064145638435,-0.039450645446777344,-0.12287968397140503,-0.04230538960726449,0.010567426681518555,-0.17618143558502197,-0.03999331798584649,0.04964691400527954,-0.19741016626358032,-0.03595109861524293,-0.05531185865402222,-0.2202059030532837,-0.017691498810364692,-0.0749167799949646,-0.31020957231521606,-0.026620082745267837,-0.08450359106063843,-0.36621177196502686,-0.03517192062170693,-0.09062004089355469,-0.4155941605567932,-0.04298226740391442,-0.015645384788513184,-0.22930997610092163,-0.01541787032218167,-0.01683896780014038,-0.33626383543014526,-0.02055427264602372,-0.015010952949523926,-0.4014785885810852,-0.03181922268302628,-0.013274133205413818,-0.45381680130958557,-0.04070591759116837,0.017497599124908447,-0.2114357352256775,-0.018808175066425292,0.04032093286514282,-0.3039659857749939,-0.038780616784407584,0.05442124605178833,-0.3615199327468872,-0.06394483354122826,0.06385582685470581,-0.41707736253738403,-0.08082032408745476,0.04784345626831055,-0.1675824522972107,-0.024741484040333717,0.05163097381591797,-0.21611088514328003,-0.046620218271328895,0.04121023416519165,-0.1829940676689148,-0.05310525950224587,0.02991253137588501,-0.14329922199249268,-0.057137517446591346
W with wrist,0.0,0.0,0.0,-0.03579455614089966,-0.048276543617248535,-0.03852757073948965,-0.041044414043426514,-0.12014138698577881,-0.0431869366020976,0.008878469467163086,-0.17409199476242065,-0.039800595566731545,0.04857760667800903,-0.19344472885131836,-0.033931870088082405,-0.05606675148010254,-0.2186729907989502,-0.01925041161487684,-0.07570737600326538,-0.3103826642036438,-0.028908964321118447,-0.08525574207305908,-0.3655874729156494,-0.037464913055401894,-0.09047400951385498,-0.41460731625556946,-0.04482712231586561,-0.01595216989517212,-0.22675234079360962,-0.01634067863236055,-0.01650446653366089,-0.3357417583465576,-0.02220669396231756,-0.014557301998138428,-0.4002980887889862,-0.03295452900241003,-0.012271463871002197,-0.45347321033477783,-0.041145257726412865,0.017328381538391113,-0.20853662490844727,-0.01930025599907026,0.040311217308044434,-0.30073660612106323,-0.03906741000722036,0.05461680889129639,-0.3569655418395996,-0.0634065345675765,0.0642431378364563,-0.41347014904022217,-0.07919903852055654,0.04663723707199097,-0.16200459003448486,-0.025036361143094155,0.050701797008514404,-0.21488529443740845,-0.04361454777429685,0.04078429937362671,-0.18482351303100586,-0.04782916985462293,0.029956519603729248,-0.1457357406616211,-0.0505293347687541
W with wrist,0.0,0.0,0.0,-0.03658950328826904,-0.04734933376312256,-0.03872225164576548,-0.04044681787490845,-0.1211702823638916,-0.04451579331561106,0.010641753673553467,-0.174302339553833,-0.04254260390206355,0.05077153444290161,-0.19645708799362183,-0.038594604573688684,-0.05596029758453369,-0.2206546664237976,-0.020111433334193407,-0.07562446594238281,-0.3117486238479614,-0.029931710205516993,-0.08505237102508545,-0.367816686630249,-0.038906899384699045,-0.09076941013336182,-0.41743654012680054,-0.04684872283741015,-0.015438616275787354,-0.22916662693023682,-0.017472946188888727,-0.016285598278045654,-0.3373551070690155,-0.02369673094852942,-0.014039456844329834,-0.40286189317703247,-0.035390236518821894,-0.011927187442779541,-0.4564157724380493,-0.04438813134237307,0.017978429794311523,-0.21059030294418335,-0.020559108919940172,0.04137367010116577,-0.30215466022491455,-0.04093471272989291,0.056185901165008545,-0.3598899841308594,-0.06592092021509188,0.0659976601600647,-0.416451632976532,-0.08246594025894183,0.047766685485839844,-0.1651548147201538,-0.026300718180380045,0.051582515239715576,-0.21479177474975586,-0.04704620047613162,0.041185617446899414,-0.18329191207885742,-0.05254154383345622,0.0295601487159729,-0.14471220970153809,-0.05597394063278216
W with wrist,0.0,0.0,0.0,-0.03615570068359375,-0.047333717346191406,-0.03830572266053878,-0.038941264152526855,-0.12052643299102783,-0.045088407135722264,0.01283949613571167,-0.1736341118812561,-0.044315804279563054,0.05352795124053955,-0.19974881410598755,-0.04180615443658553,-0.053639233112335205,-0.22455120086669922,-0.02115648474466525,-0.07386797666549683,-0.31532031297683716,-0.031368304527518376,-0.08379310369491577,-0.37163400650024414,-0.04089257169437133,-0.089985191822052,-0.42137980461120605,-0.04938555929732047,-0.012503266334533691,-0.23331159353256226,-0.01908794466328345,-0.013198316097259521,-0.3418104946613312,-0.026252536586639508,-0.010969996452331543,-0.4070836901664734,-0.038912639505383595,-0.009240031242370605,-0.46163037419319153,-0.04864066515040122,0.020939230918884277,-0.2144641876220703,-0.022517245746371373,0.04505568742752075,-0.30549144744873047,-0.04354520190429412,0.05997133255004883,-0.3631957769393921,-0.06899960759949408,0.06962090730667114,-0.41948992013931274,-0.08595902893614493,0.05056387186050415,-0.16839003562927246,-0.028465038648960217,0.05493474006652832,-0.21814948320388794,-0.04973212677907668,0.04423165321350098,-0.1865701675415039,-0.055507470405814274,0.03209984302520752,-0.14827394485473633,-0.05915503624748908
W with wrist,0.0,0.0,0.0,-0.03741037845611572,-0.04776477813720703,-0.03914831623757209,-0.041997432708740234,-0.11866146326065063,-0.04742468193495597,0.00921022891998291,-0.17184466123580933,-0.048306651863697425,0.05095541477203369,-0.20008200407028198,-0.04780658379519309,-0.055779874324798584,-0.2240924835205078,-0.023413220870736495,-0.07699936628341675,-0.3152710795402527,-0.03463938504779662,-0.08759897947311401,-0.3717513382434845,-0.0452997614475521,-0.09430688619613647,-0.42206913232803345,-0.05469926864230956,-0.01364356279373169,-0.2334854006767273,-0.021393266025427238,-0.01473015546798706,-0.34326136112213135,-0.02916392915273036,-0.013469040393829346,-0.4092375934123993,-0.04288271859610404,-0.012770593166351318,-0.4650808870792389,-0.053681593838575736,0.02040684223175049,-0.21448653936386108,-0.02472229533219661,0.043812334537506104,-0.3058120608329773,-0.045815375152471915,0.0576663613319397,-0.36317235231399536,-0.07152750388110007,0.06695377826690674,-0.4183421730995178,-0.0890801329942974,0.04984313249588013,-0.16852056980133057,-0.03065481268191661,0.05417543649673462,-0.2188335657119751,-0.05242750093663062,0.04386621713638306,-0.1881701946258545,-0.058480464372280494,0.032500624656677246,-0.15034198760986328,-0.06242945462787475
W with wrist,0.0,0.0,0.0,-0.0371401309967041,-0.04679763317108154,-0.03876006179734759,-0.0425417423248291,-0.11686450242996216,-0.04747956940218501,0.008754074573516846,-0.16938531398773193,-0.0488942930965095,0.05171394348144531,-0.19734704494476318,-0.04932476529165797,-0.05731916427612305,-0.22270572185516357,-0.02501883865579657,-0.0799136757850647,-0.3144100308418274,-0.036961011078801675,-0.0913461446762085,-0.371534526348114,-0.04777301796957545,-0.09862422943115234,-0.42286616563796997,-0.057268280026164575,-0.015152573585510254,-0.23350077867507935,-0.023484641176310106,-0.016924142837524414,-0.3441159129142761,-0.03188401782199435,-0.01559436321258545,-0.41116923093795776,-0.04555881717487864,-0.014699995517730713,-0.4675885736942291,-0.05621872418805651,0.01934713125228882,-0.2148990035057068,-0.027147037398663088,0.04281884431838989,-0.30683571100234985,-0.04918345758005671,0.05703306198120117,-0.36504340171813965,-0.07502614655777506,0.06675904989242554,-0.4206576347351074,-0.09257792630478434,0.049500882625579834,-0.16947031021118164,-0.033282990988936945,0.05292171239852905,-0.21733158826828003,-0.05676308223291926,0.042635560035705566,-0.18376487493515015,-0.06314628520294718,0.031762540340423584,-0.1441413164138794,-0.06703158417030863
W with wrist,0.0,0.0,0.0,-0.03738206624984741,-0.044744908809661865,-0.03911386496451996,-0.04434335231781006,-0.11646163463592529,-0.0487754984858384,0.005829870700836182,-0.1697046160697937,-0.051096339440618976,0.04860115051269531,-0.1993858814239502,-0.05257596886781357,-0.06084704399108887,-0.22343552112579346,-0.02653791821626328,-0.08448565006256104,-0.31547898054122925,-0.03868552736071251,-0.09621208906173706,-0.3731880784034729,-0.04932199484733246,-0.10426980257034302,-0.4250440001487732,-0.05871364540485047,-0.018724799156188965,-0.23568284511566162,-0.02469153209653996,-0.020975828170776367,-0.346932977437973,-0.03331298074749611,-0.019458353519439697,-0.4153212904930115,-0.04657223886874817,-0.01893395185470581,-0.47215530276298523,-0.05678201905516289,0.01642972230911255,-0.21781349182128906,-0.02791289865103863,0.04037076234817505,-0.30937767028808594,-0.05080412021902703,0.05547910928726196,-0.3692741096019745,-0.07672698861983918,0.06609207391738892,-0.42501896619796753,-0.09425850278762482,0.047622501850128174,-0.1746332049369812,-0.03351704469946526,0.05048853158950806,-0.21665740013122559,-0.05989039010432862,0.04018646478652954,-0.18005776405334473,-0.06768165594962738,0.02988278865814209,-0.1393466591835022,-0.07197650588182114
W with wrist,0.0,0.0,0.0,-0.03773796558380127,-0.04513537883758545,-0.04101667203070747,-0.04561328887939453,-0.11413872241973877,-0.051307521984597315,0.0043065547943115234,-0.1695084571838379,-0.05373621754409896,0.04731327295303345,-0.20064347982406616,-0.054763738290091624,-0.062302231788635254,-0.22579145431518555,-0.02780289225341903,-0.08687704801559448,-0.31878888607025146,-0.04077010251643287,-0.09948182106018066,-0.37673038244247437,-0.05198391176821815,-0.10773199796676636,-0.42912817001342773,-0.06161047913195716,-0.02002769708633423,-0.23767530918121338,-0.025367122367640604,-0.02336066961288452,-0.3493754267692566,-0.03484685368897544,-0.022394180297851562,-0.4182547926902771,-0.048457373157759775,-0.02201664447784424,-0.47592854499816895,-0.05875753261210548,0.015123963356018066,-0.21929162740707397,-0.028287044019123186,0.03836655616760254,-0.31238192319869995,-0.05186755977632629,0.053409457206726074,-0.37390434741973877,-0.07798353605033981,0.06351405382156372,-0.43202394247055054,-0.09531174622537719,0.04672342538833618,-0.17386668920516968,-0.033776093498488535,0.04926037788391113,-0.21900838613510132,-0.05926024191143142,0.03912287950515747,-0.18383640050888062,-0.06621957592727767,0.02867758274078369,-0.14233607053756714,-0.06998070351841079
W with wrist,0.0,0.0,0.0,-0.03853142261505127,-0.04400426149368286,-0.04184868969318245,-0.04660588502883911,-0.11420637369155884,-0.053057302165001374,0.004399299621582031,-0.16954797506332397,-0.05643049292561386,0.04806596040725708,-0.20245927572250366,-0.058723081278770906,-0.06279098987579346,-0.22696971893310547,-0.02930315807756756,-0.08794170618057251,-0.320138156414032,-0.042857285964458924,-0.10104459524154663,-0.3791253864765167,-0.054639179635017854,-0.10979241132736206,-0.43254292011260986,-0.06479429491159294,-0.020234286785125732,-0.24063628911972046,-0.02669947445687626,-0.023879826068878174,-0.35224679112434387,-0.03620920367833946,-0.02328258752822876,-0.4226680397987366,-0.05026201941367958,-0.02331221103668213,-0.4809855818748474,-0.06112409420606468,0.015167653560638428,-0.22333383560180664,-0.029459121081202966,0.03866314888000488,-0.3173159956932068,-0.05359200425741051,0.05422365665435791,-0.3794834613800049,-0.08048445023891304,0.06486934423446655,-0.43725836277008057,-0.09864825047847603,0.04756820201873779,-0.17950844764709473,-0.03482276983854149,0.05019843578338623,-0.22142428159713745,-0.06268434264060829,0.04023611545562744,-0.18344461917877197,-0.07130572237369392,0.0297393798828125,-0.14068728685379028,-0.0760633725702462
W with wrist,0.0,0.0,0.0,-0.03950780630111694,-0.04371696710586548,-0.04176916865131375,-0.04724597930908203,-0.11433374881744385,-0.05311566529294964,0.005036532878875732,-0.16901546716690063,-0.05641314697882649,0.048696041107177734,-0.20435863733291626,-0.05848627848050114,-0.06201714277267456,-0.2286626100540161,-0.030626266575069394,-0.087371826171875,-0.3225826621055603,-0.0448152230443668,-0.10046905279159546,-0.3825034499168396,-0.056486300504417386,-0.10921132564544678,-0.43715614080429077,-0.06639178035280224,-0.018864154815673828,-0.2427995204925537,-0.02845403303822991,-0.02249729633331299,-0.3568136692047119,-0.039125121510238614,-0.021574795246124268,-0.4287157952785492,-0.053059517717571225,-0.021284520626068115,-0.4878885746002197,-0.06336778340360638,0.016690373420715332,-0.2255597710609436,-0.03158486572525021,0.04089277982711792,-0.32052183151245117,-0.05701816392561909,0.05749368667602539,-0.383669912815094,-0.08341613349935528,0.06896108388900757,-0.4426465928554535,-0.10076125649234768,0.049584269523620605,-0.18093562126159668,-0.03723570642492291,0.05253356695175171,-0.22248274087905884,-0.06568501827737805,0.0425453782081604,-0.1827111840248108,-0.07337447938940045,0.031715989112854004,-0.1384434700012207,-0.07714687225839612
W with wrist,0.0,0.0,0.0,-0.03947693109512329,-0.04524761438369751,-0.0427050942654148,-0.04689127206802368,-0.11660498380661011,-0.05414357204981002,0.006606400012969971,-0.17146199941635132,-0.057234113859607305,0.05131798982620239,-0.20585983991622925,-0.05902355332918319,-0.06161665916442871,-0.23245370388031006,-0.0313939692551628,-0.08756875991821289,-0.3271991014480591,-0.04569012095279845,-0.10119712352752686,-0.3872581124305725,-0.05748974327988776,-0.11012154817581177,-0.4421141445636749,-0.06750105490036162,-0.01783674955368042,-0.2459651231765747,-0.02884030510730895,-0.020900249481201172,-0.36119693517684937,-0.0396770702774063,-0.019822359085083008,-0.4337645173072815,-0.05382114072389754,-0.019092857837677002,-0.49397921562194824,-0.06426572968311461,0.018052279949188232,-0.2278740406036377,-0.03167717699952277,0.04325979948043823,-0.323222279548645,-0.05745629389829787,0.06075531244277954,-0.386523962020874,-0.08425607700891646,0.07316386699676514,-0.44603633880615234,-0.10174444486446532,0.0508418083190918,-0.18202489614486694,-0.0370869467134014,0.05324608087539673,-0.22484678030014038,-0.0655671076948181,0.04282379150390625,-0.18534284830093384,-0.07319951971120986,0.031684160232543945,-0.140874445438385,-0.07690201868362578
W with wrist,0.0,0.0,0.0,-0.040435850620269775,-0.04671216011047363,-0.044245484603209206,-0.04849720001220703,-0.11707496643066406,-0.05637447474674673,0.00595325231552124,-0.17284011840820312,-0.05965751348213644,0.05210375785827637,-0.20658737421035767,-0.061218950284285256,-0.06141847372055054,-0.23615002632141113,-0.03376002920941801,-0.0881417989730835,-0.3319008946418762,-0.04929867325500936,-0.10291963815689087,-0.3919580578804016,-0.06168961463646383,-0.11221897602081299,-0.4474720358848572,-0.07188146872596235,-0.01687455177307129,-0.24964553117752075,-0.03066922476665468,-0.02063894271850586,-0.36661338806152344,-0.04280264241771192,-0.019968390464782715,-0.43978607654571533,-0.05680902240948171,-0.01897275447845459,-0.501206636428833,-0.0668096126444766,0.019682884216308594,-0.23076850175857544,-0.033128104490799615,0.04562133550643921,-0.32656675577163696,-0.059530123455090234,0.06448990106582642,-0.3894181251525879,-0.08575768334941358,0.07809758186340332,-0.4492388963699341,-0.10235855294541807,0.05278581380844116,-0.1826794147491455,-0.03835410563425512,0.05537527799606323,-0.22878873348236084,-0.06533538116292448,0.044273197650909424,-0.19114422798156738,-0.07164697660283537,0.03218090534210205,-0.14679819345474243,-0.07450358880834074
W with wrist,0.0,0.0,0.0,-0.04015463590621948,-0.04736751317977905,-0.04403551854653642,-0.04810422658920288,-0.11781340837478638,-0.057641560216382004,0.006417989730834961,-0.1732446551322937,-0.06291273795528696,0.05298107862472534,-0.20682883262634277,-0.0671175103680639,-0.06146878004074097,-0.2364153265953064,-0.03538149781985567,-0.08834731578826904,-0.3317229747772217,-0.05154073797626779,-0.10350370407104492,-0.3923722505569458,-0.0649282392160444,-0.11346232891082764,-0.448350191116333,-0.07618866675062463,-0.016583025455474854,-0.2506334185600281,-0.032864822079375244,-0.019759535789489746,-0.3687121868133545,-0.045444941152766205,-0.01922142505645752,-0.4427817463874817,-0.06064766459627435,-0.018898725509643555,-0.5055746138095856,-0.07197694294615076,0.020629584789276123,-0.2310342788696289,-0.03558031656308458,0.04755806922912598,-0.32682374119758606,-0.0621707644359617,0.0671623945236206,-0.39017122983932495,-0.08896919154091165,0.08131861686706543,-0.4491698741912842,-0.10652763955755518,0.053495168685913086,-0.1830672025680542,-0.040972059597208954,0.0565912127494812,-0.2289615273475647,-0.06887852214737222,0.04483902454376221,-0.1923290491104126,-0.076126275588706,0.03229165077209473,-0.15003180503845215,-0.07996435277624414
W with wrist,0.0,0.0,0.0,-0.04040044546127319,-0.0489504337310791,-0.04530632855457384,-0.048164546489715576,-0.12027323246002197,-0.059163737912598435,0.007021605968475342,-0.17588621377944946,-0.0641837379531296,0.05329257249832153,-0.2106955647468567,-0.06793453903955537,-0.0646790862083435,-0.23870033025741577,-0.036565717180195634,-0.09217482805252075,-0.33609524369239807,-0.052615735550347154,-0.10775840282440186,-0.39840081334114075,-0.06535870196384508,-0.11818873882293701,-0.4557678699493408,-0.0761863327221306,-0.019451260566711426,-0.25322216749191284,-0.033376213033619706,-0.022838711738586426,-0.37239623069763184,-0.04700923698109705,-0.021803319454193115,-0.4482141137123108,-0.06225794540804941,-0.02111959457397461,-0.512162059545517,-0.07316574813884813,0.01866734027862549,-0.23400092124938965,-0.03548092754644472,0.04693782329559326,-0.3295758366584778,-0.06399467201990205,0.06864422559738159,-0.394459068775177,-0.09136049809021074,0.08442533016204834,-0.4543815851211548,-0.10878118487161714,0.05239152908325195,-0.1865585446357727,-0.04020569088024217,0.0549587607383728,-0.22895145416259766,-0.07049227120441515,0.04270416498184204,-0.1883925199508667,-0.07836288573307115,0.030083298683166504,-0.14341074228286743,-0.08209719123405534
W with wrist,0.0,0.0,0.0,-0.040900588035583496,-0.047653913497924805,-0.048304905607494675,-0.04907792806625366,-0.11841022968292236,-0.06388278441050943,0.007474780082702637,-0.17480438947677612,-0.07015893743852075,0.05403643846511841,-0.20915955305099487,-0.07530444250920709,-0.06708306074142456,-0.2365400791168213,-0.04182210700133737,-0.09557193517684937,-0.3341706693172455,-0.0599380931399196,-0.11181050539016724,-0.3973926305770874,-0.07426548139670786,-0.12308329343795776,-0.455994188785553,-0.08616319434264597,-0.022240936756134033,-0.25281500816345215,-0.03756153719047006,-0.025903701782226562,-0.373071551322937,-0.05110516534665521,-0.024198830127716064,-0.449531614780426,-0.0668040825567573,-0.023353755474090576,-0.5147286951541901,-0.07861618088105615,0.016117572784423828,-0.23391568660736084,-0.038774506612810455,0.04485553503036499,-0.3270549178123474,-0.06670848415711816,0.06803983449935913,-0.3926998972892761,-0.09499482200959619,0.08395266532897949,-0.4537014961242676,-0.1137999309740394,0.050092995166778564,-0.1874026656150818,-0.04298326136091646,0.054190754890441895,-0.22614645957946777,-0.07309450344661172,0.04164522886276245,-0.18690639734268188,-0.08240643279174265,0.02733910083770752,-0.14510655403137207,-0.08781864629605707
W with wrist,0.0,0.0,0.0,-0.04090350866317749,-0.04555070400238037,-0.04990712940133335,-0.048847317695617676,-0.11661046743392944,-0.06727372869289638,0.008367180824279785,-0.17326432466506958,-0.07523265495336773,0.05624985694885254,-0.208635151386261,-0.082272358382113,-0.06747955083847046,-0.23967605829238892,-0.04459097250736477,-0.09620517492294312,-0.3368501365184784,-0.06373588010109188,-0.11300885677337646,-0.40111806988716125,-0.07853399231470348,-0.12504971027374268,-0.4605986773967743,-0.09088131799734356,-0.02290397882461548,-0.257432758808136,-0.039615694576866645,-0.02590841054916382,-0.3771030902862549,-0.054727032924063224,-0.0236244797706604,-0.4549492299556732,-0.07093131556547405,-0.022537052631378174,-0.5217143893241882,-0.08298625811374905,0.015842556953430176,-0.23935282230377197,-0.04008385925925495,0.046374499797821045,-0.3302925229072571,-0.06960782423055889,0.07103776931762695,-0.39683204889297485,-0.09847953929937603,0.08848851919174194,-0.45748162269592285,-0.11757407351768734,0.04960125684738159,-0.19445836544036865,-0.04366425811684849,0.05368095636367798,-0.22594594955444336,-0.07650129511392834,0.040687382221221924,-0.18259966373443604,-0.0876034872177911,0.02668553590774536,-0.1387791633605957,-0.09394808872974636
W with wrist,0.0,0.0,0.0,-0.041848838329315186,-0.04480338096618652,-0.05056229328891959,-0.051369547843933105,-0.11435461044311523,-0.06855793019911971,0.00644683837890625,-0.170057475566864,-0.07696743032119002,0.0554271936416626,-0.20479923486709595,-0.08430517187497344,-0.06960660219192505,-0.24145257472991943,-0.04637310749075141,-0.09898263216018677,-0.3397054970264435,-0.06583516767403808,-0.11617940664291382,-0.40431129932403564,-0.0803672718085977,-0.12833023071289062,-0.4643697142601013,-0.09258197715661254,-0.02420419454574585,-0.2601027488708496,-0.04141418358466353,-0.02678096294403076,-0.3807196021080017,-0.057282281128379964,-0.02470695972442627,-0.4593074321746826,-0.07362466773173537,-0.023560822010040283,-0.5267853736877441,-0.08571239283463683,0.015097558498382568,-0.24208784103393555,-0.041814175454589986,0.04780834913253784,-0.3330288529396057,-0.07194011381051268,0.07317090034484863,-0.39919713139533997,-0.1007603006639215,0.09132587909698486,-0.45994657278060913,-0.11977984478852477,0.049247682094573975,-0.1966191530227661,-0.045362138209554814,0.05362427234649658,-0.22524559497833252,-0.07824548056504455,0.04047447443008423,-0.18053734302520752,-0.08919155320307937,0.02662283182144165,-0.13657546043395996,-0.09548456689498153
W with wrist,0.0,0.0,0.0,-0.04199928045272827,-0.04329788684844971,-0.05021231034345419,-0.053298234939575195,-0.11348432302474976,-0.06839596638030798,0.004849135875701904,-0.1683329939842224,-0.0768134609753588,0.05528301000595093,-0.20449179410934448,-0.08413922944612295,-0.07148408889770508,-0.24405193328857422,-0.04806290724820883,-0.10124659538269043,-0.3441392183303833,-0.06738657662219794,-0.11867821216583252,-0.4094640612602234,-0.0808143855030039,-0.1310180425643921,-0.46984007954597473,-0.09221242526120932,-0.025194108486175537,-0.2633151412010193,-0.04370049545116217,-0.027723729610443115,-0.38660091161727905,-0.060266194581458876,-0.02533966302871704,-0.4659692049026489,-0.07542251953429968,-0.02345043420791626,-0.5332629978656769,-0.08626971551723273,0.015006482601165771,-0.2452753782272339,-0.044610773860881636,0.04900079965591431,-0.3392687141895294,-0.07622330048627646,0.07557404041290283,-0.4062894880771637,-0.10443756887264044,0.09555357694625854,-0.46802717447280884,-0.1225578577215174,0.05027502775192261,-0.1987372636795044,-0.04848991492337973,0.052741050720214844,-0.2262095808982849,-0.08302948036737234,0.04000574350357056,-0.17822420597076416,-0.0935862378174761,0.02755635976791382,-0.1310642957687378,-0.09913267353124411
W with wrist,0.0,0.0,0.0,-0.04275095462799072,-0.04333001375198364,-0.05034797374810296,-0.05565536022186279,-0.1140449047088623,-0.06874333803261834,0.0023717880249023438,-0.1686793565750122,-0.07762928788270074,0.05495232343673706,-0.20410722494125366,-0.08556914810742455,-0.07296931743621826,-0.24618065357208252,-0.04809185598696786,-0.10342425107955933,-0.3470390737056732,-0.06794681136216241,-0.12062317132949829,-0.4124807119369507,-0.08189523701275903,-0.13250863552093506,-0.473513126373291,-0.09372728799189645,-0.02580583095550537,-0.26559412479400635,-0.04398309920634347,-0.028185904026031494,-0.3897145986557007,-0.06028122563566285,-0.025591552257537842,-0.46949273347854614,-0.07565305118168908,-0.023316144943237305,-0.5379833877086639,-0.08698102567996102,0.015194177627563477,-0.24701660871505737,-0.04529120881761628,0.04980665445327759,-0.34070640802383423,-0.07675077502335625,0.07603269815444946,-0.4082567095756531,-0.10593021397198754,0.09583061933517456,-0.470805287361145,-0.1249672371586712,0.051190078258514404,-0.2002469301223755,-0.04961465407814103,0.054125070571899414,-0.22541046142578125,-0.0843272555312069,0.041405320167541504,-0.17828011512756348,-0.09600075070466119,0.02918708324432373,-0.1322287917137146,-0.10257327292765694
W with wrist,0.0,0.0,0.0,-0.04357779026031494,-0.043097734451293945,-0.04786343033180174,-0.05801522731781006,-0.11352580785751343,-0.065712197671985,-0.0011545419692993164,-0.16706424951553345,-0.07470916862354215,0.052225589752197266,-0.20125430822372437,-0.08298019225463804,-0.0757216215133667,-0.24628806114196777,-0.046903050492858256,-0.10691732168197632,-0.34801000356674194,-0.06685598845348295,-0.12450563907623291,-0.4144185185432434,-0.08064418936834272,-0.13676941394805908,-0.47596025466918945,-0.09247987623081144,-0.027932465076446533,-0.2666139006614685,-0.04447155724034246,-0.03022778034210205,-0.3919016718864441,-0.061343389551495875,-0.02746516466140747,-0.47285813093185425,-0.076996437262153,-0.02495628595352173,-0.542332798242569,-0.08844352419242796,0.013918459415435791,-0.24816393852233887,-0.047164368431424464,0.048666179180145264,-0.3427833318710327,-0.0793857416020387,0.07548946142196655,-0.41144657135009766,-0.10866013820037779,0.09609866142272949,-0.47476619482040405,-0.12765192891225752,0.051033735275268555,-0.20149600505828857,-0.052573221723889674,0.05265873670578003,-0.22538906335830688,-0.08796841556892332,0.03930741548538208,-0.17808681726455688,-0.0995980938778871,0.026946067810058594,-0.1321372389793396,-0.10606547350749906
W with wrist,0.0,0.0,0.0,-0.04385274648666382,-0.04352724552154541,-0.04804921691771824,-0.058848440647125244,-0.11552321910858154,-0.06573770736810047,-0.0006543993949890137,-0.16908013820648193,-0.07462319528218586,0.05338406562805176,-0.2024444341659546,-0.08295545523520786,-0.07602399587631226,-0.2477477788925171,-0.04728867282625515,-0.10885202884674072,-0.349648118019104,-0.06726024096366245,-0.12726908922195435,-0.4163033962249756,-0.08098299597855885,-0.14000621438026428,-0.4779850244522095,-0.09284350072499592,-0.02814429998397827,-0.2683451771736145,-0.04508629610296566,-0.031327009201049805,-0.3943994641304016,-0.06189577077981312,-0.02941286563873291,-0.47619062662124634,-0.07793367450591404,-0.02706366777420044,-0.5460923910140991,-0.08981659804936726,0.013884365558624268,-0.2496960163116455,-0.048046128652060816,0.048599839210510254,-0.3459431231021881,-0.08083282207604725,0.07517486810684204,-0.41509127616882324,-0.11127073114272434,0.09571826457977295,-0.4784400463104248,-0.13115767931100208,0.05119985342025757,-0.20267713069915771,-0.053677251390183756,0.051716744899749756,-0.2258002758026123,-0.09030572866555531,0.03797799348831177,-0.17823052406311035,-0.10320420359727223,0.024977147579193115,-0.13234156370162964,-0.11061910336371739
W with wrist,0.0,0.0,0.0,-0.04453420639038086,-0.042638421058654785,-0.04706346215260737,-0.05989497900009155,-0.11466759443283081,-0.06500938878906481,-0.0008476972579956055,-0.16727930307388306,-0.07450067596090548,0.05434209108352661,-0.200137197971344,-0.08367880777967684,-0.07698565721511841,-0.24713093042373657,-0.047451123311645915,-0.11118519306182861,-0.349679172039032,-0.06764087425125354,-0.12983417510986328,-0.4167743921279907,-0.0814051290000748,-0.14297980070114136,-0.4788709878921509,-0.09332106606615298,-0.02831333875656128,-0.2682785391807556,-0.0461762060369324,-0.032127439975738525,-0.3957010507583618,-0.06321592973125689,-0.030302703380584717,-0.47916895151138306,-0.07915696100843661,-0.028096437454223633,-0.5501557290554047,-0.0909873803104233,0.014433145523071289,-0.24913543462753296,-0.04993994133127444,0.04849040508270264,-0.34646934270858765,-0.0830063258255791,0.07546371221542358,-0.41729462146759033,-0.11313891754997485,0.09689152240753174,-0.4816654920578003,-0.13280354039324038,0.052217841148376465,-0.20143729448318481,-0.05624654860747569,0.052013397216796875,-0.22504711151123047,-0.09324986831796878,0.03819507360458374,-0.1765415072441101,-0.10553661332977526,0.02592611312866211,-0.12950754165649414,-0.11243746028793566
W with wrist,0.0,0.0,0.0,-0.045902907848358154,-0.04293137788772583,-0.046934748681053406,-0.06254845857620239,-0.11629855632781982,-0.0643397072868197,-0.003168046474456787,-0.16927653551101685,-0.073113995285496,0.05241811275482178,-0.20254367589950562,-0.08151518801020075,-0.07912206649780273,-0.24793970584869385,-0.047860766442283875,-0.11463344097137451,-0.3506675958633423,-0.06819633642004419,-0.13446444272994995,-0.4179898798465729,-0.08196693906353403,-0.14871090650558472,-0.4805556535720825,-0.09378580996559549,-0.030001401901245117,-0.2693324089050293,-0.046515910567507035,-0.03376579284667969,-0.3982674479484558,-0.06383071342276025,-0.031915903091430664,-0.4826424717903137,-0.07986042151020456,-0.02976769208908081,-0.554682195186615,-0.09156340608166147,0.012872517108917236,-0.2508179545402527,-0.050190130861267335,0.04679393768310547,-0.34804296493530273,-0.08360727378891397,0.0740671157836914,-0.41886472702026367,-0.11409970620439935,0.09559625387191772,-0.48371630907058716,-0.13375457623766351,0.05091780424118042,-0.2038174867630005,-0.05637205639646936,0.05001169443130493,-0.22697758674621582,-0.09329453358219553,0.035866618156433105,-0.1780117154121399,-0.10563060143755365,0.023148298263549805,-0.1308780312538147,-0.11247653761671472
W with wrist,0.0,0.0,0.0,-0.04669022560119629,-0.042595863342285156,-0.04763706370277987,-0.06292498111724854,-0.11612558364868164,-0.06553253873272524,-0.003545224666595459,-0.1693248152732849,-0.07471776350422488,0.051918983459472656,-0.2037876844406128,-0.08350196822567568,-0.08052128553390503,-0.25111323595046997,-0.04814885898514376,-0.11719799041748047,-0.3535230755805969,-0.06893251433058367,-0.13836872577667236,-0.42095017433166504,-0.0829228196947156,-0.1535206139087677,-0.4835483133792877,-0.09478998526020632,-0.031092047691345215,-0.27314794063568115,-0.04677584364100085,-0.03510552644729614,-0.4027952551841736,-0.06408484621925936,-0.03307807445526123,-0.4877470135688782,-0.08003784312887774,-0.030448853969573975,-0.5600862801074982,-0.09159373833819018,0.011939525604248047,-0.25437504053115845,-0.05057604207678423,0.04590576887130737,-0.3521817922592163,-0.08392216607018099,0.07353413105010986,-0.4228430688381195,-0.11442023112459765,0.09546029567718506,-0.48785001039505005,-0.13409515812082873,0.050249695777893066,-0.20683979988098145,-0.05700865357204066,0.049567580223083496,-0.22841620445251465,-0.09394263817949877,0.035696446895599365,-0.17884641885757446,-0.10642073645277605,0.022937536239624023,-0.13193881511688232,-0.11333716257496462
W with wrist,0.0,0.0,0.0,-0.0484236478805542,-0.04261457920074463,-0.047483869135589885,-0.06608152389526367,-0.11560678482055664,-0.06569528976103811,-0.007354617118835449,-0.1677185297012329,-0.07531422773024588,0.04760998487472534,-0.2026578187942505,-0.0844328517617896,-0.08359688520431519,-0.2527933120727539,-0.048519555717916774,-0.12068051099777222,-0.3558914065361023,-0.06978743174693136,-0.14251407980918884,-0.42402732372283936,-0.08405179181715994,-0.15813130140304565,-0.4873347282409668,-0.09613718488833456,-0.033235013484954834,-0.2747229337692261,-0.04757041507980375,-0.036510348320007324,-0.4047876000404358,-0.06514270254990606,-0.0345158576965332,-0.49012047052383423,-0.08119183430096655,-0.032030344009399414,-0.5634648203849792,-0.09295256087204962,0.010268211364746094,-0.2558419704437256,-0.05184087181112318,0.04463911056518555,-0.3535643219947815,-0.0852914790215209,0.07264745235443115,-0.4244633913040161,-0.11567240604779272,0.09457284212112427,-0.49074411392211914,-0.1354715714754775,0.04887557029724121,-0.20833343267440796,-0.05878952914497404,0.04771238565444946,-0.22857820987701416,-0.09544212022444754,0.03316187858581543,-0.1789785623550415,-0.10782824853083639,0.01927042007446289,-0.13309460878372192,-0.11493885913512258
W with wrist,0.0,0.0,0.0,-0.049524009227752686,-0.042529940605163574,-0.04746887248973053,-0.06786519289016724,-0.11550015211105347,-0.06549269867161911,-0.00808262825012207,-0.16715121269226074,-0.07470242095212143,0.04700559377670288,-0.20289844274520874,-0.08323934835414093,-0.08403301239013672,-0.2532871961593628,-0.04942169946650665,-0.12141275405883789,-0.356687068939209,-0.07074267578343552,-0.14430809020996094,-0.42526930570602417,-0.08467489642123383,-0.16093260049819946,-0.48885220289230347,-0.0965741516373555,-0.03330540657043457,-0.27581852674484253,-0.04854252723077934,-0.03654360771179199,-0.4066120684146881,-0.06707075399378937,-0.03511834144592285,-0.4922856092453003,-0.08335061532477539,-0.03301525115966797,-0.5660532414913177,-0.09507063192347687,0.010451674461364746,-0.25722819566726685,-0.052802262576619796,0.045052528381347656,-0.3554319739341736,-0.08715029967049759,0.07295864820480347,-0.42651352286338806,-0.11774813544968765,0.09458762407302856,-0.49359720945358276,-0.13751679074982803,0.04967808723449707,-0.20932424068450928,-0.05966267523388069,0.047976791858673096,-0.22843992710113525,-0.09647593808392685,0.03318101167678833,-0.17753726243972778,-0.10880068850735825,0.018956005573272705,-0.13099539279937744,-0.11591170889357727
W with wrist,0.0,0.0,0.0,-0.05056726932525635,-0.04132556915283203,-0.0486351622906227,-0.07003682851791382,-0.1130833625793457,-0.06774179252653312,-0.010375738143920898,-0.16474342346191406,-0.07778161379366111,0.04553490877151489,-0.20123881101608276,-0.08712068560390662,-0.0864686369895935,-0.25242704153060913,-0.05155388253598403,-0.12402042746543884,-0.3560532331466675,-0.073192130651762,-0.14738112688064575,-0.42496049404144287,-0.08729806902675818,-0.16434717178344727,-0.4893420934677124,-0.0995263642337818,-0.03524899482727051,-0.2756839394569397,-0.05052699508934211,-0.038635075092315674,-0.40727418661117554,-0.06929496290950965,-0.03718060255050659,-0.4933466613292694,-0.0858583933380146,-0.035120368003845215,-0.5678384602069855,-0.0980070492890377,0.00885021686553955,-0.25728219747543335,-0.054627910133888236,0.04347044229507446,-0.3552638292312622,-0.08955764385729026,0.07188034057617188,-0.42693787813186646,-0.12055359396009635,0.09374409914016724,-0.49469706416130066,-0.14074917497902106,0.04855072498321533,-0.20947110652923584,-0.061370357748558035,0.046276986598968506,-0.22882819175720215,-0.09887779119281959,0.031338632106781006,-0.17731350660324097,-0.1115091330078144,0.01667231321334839,-0.13027983903884888,-0.11895951243906211
W with wrist,0.0,0.0,0.0,-0.0505942702293396,-0.040512919425964355,-0.049616486691888895,-0.07003158330917358,-0.11225175857543945,-0.06963752295916947,-0.01034843921661377,-0.16386938095092773,-0.0805261739725438,0.04585057497024536,-0.20051515102386475,-0.09086598541682633,-0.08485859632492065,-0.2520325183868408,-0.05345813643282327,-0.12283122539520264,-0.35611510276794434,-0.076209143661913,-0.14680713415145874,-0.42518994212150574,-0.09114270743077668,-0.1643294394016266,-0.489633709192276,-0.10384616341536912,-0.03346949815750122,-0.275603711605072,-0.05227194439714822,-0.036239564418792725,-0.40789860486984253,-0.07126073625033769,-0.035033583641052246,-0.4941483736038208,-0.08803778227513703,-0.033583760261535645,-0.5692588984966278,-0.10048793342059525,0.010532140731811523,-0.2572256326675415,-0.05634661104625138,0.04504877328872681,-0.3547922968864441,-0.09155291404670152,0.07316941022872925,-0.42624419927597046,-0.12300527181571397,0.09458321332931519,-0.4943985044956207,-0.14357689853852662,0.05055522918701172,-0.20948076248168945,-0.06317561950629624,0.04822838306427002,-0.22918081283569336,-0.10118907775824937,0.03328406810760498,-0.17831629514694214,-0.11451262321418199,0.018279314041137695,-0.13215374946594238,-0.12253154900020036
W with wrist,0.0,0.0,0.0,-0.05078810453414917,-0.04024994373321533,-0.05032748064456882,-0.07077234983444214,-0.10986459255218506,-0.07098933389841022,-0.011224687099456787,-0.16097009181976318,-0.08230863592086735,0.044947803020477295,-0.19889241456985474,-0.09292288205085697,-0.08505052328109741,-0.25305426120758057,-0.054198195100411795,-0.12208497524261475,-0.35626792907714844,-0.07694220623432102,-0.14566251635551453,-0.42497938871383667,-0.09180742582736912,-0.16304224729537964,-0.48942774534225464,-0.10444277605472507,-0.03344869613647461,-0.2760010361671448,-0.05261480143724384,-0.03625905513763428,-0.40848296880722046,-0.07189919135032596,-0.03455936908721924,-0.4944026470184326,-0.08850202789960804,-0.03282773494720459,-0.5693856179714203,-0.10075082710443439,0.010769069194793701,-0.2568250894546509,-0.05630683234392109,0.045539677143096924,-0.3541874885559082,-0.09148997893987598,0.07411688566207886,-0.4261222779750824,-0.12241548380313816,0.0957716703414917,-0.4944300055503845,-0.14250788918195667,0.05080771446228027,-0.2080836296081543,-0.06279815068899097,0.048156023025512695,-0.22988420724868774,-0.09990277966915073,0.03293800354003906,-0.18022429943084717,-0.11239415487705173,0.017708241939544678,-0.13418996334075928,-0.11990960767923298
W with wrist,0.0,0.0,0.0,-0.05041384696960449,-0.0402294397354126,-0.05084689359927097,-0.07019370794296265,-0.10977452993392944,-0.07173503961229244,-0.011203110218048096,-0.1610059142112732,-0.0833097773399345,0.04476243257522583,-0.19945871829986572,-0.0942481609787933,-0.08476001024246216,-0.2525625228881836,-0.054378684869050176,-0.12193840742111206,-0.35621827840805054,-0.07764358844423214,-0.14512333273887634,-0.425141304731369,-0.09312465812826076,-0.16206267476081848,-0.48990118503570557,-0.1061131807770721,-0.033203303813934326,-0.27532434463500977,-0.052704606464146764,-0.035530686378479004,-0.4080224633216858,-0.07187353845500866,-0.03368562459945679,-0.49396705627441406,-0.08869621183538356,-0.032030582427978516,-0.5691489279270172,-0.10117445166969219,0.010765552520751953,-0.2563551664352417,-0.056441918274401814,0.04555201530456543,-0.35394811630249023,-0.09151714321041027,0.07389366626739502,-0.42603152990341187,-0.12275307651424328,0.09515243768692017,-0.4945959150791168,-0.14315990384483257,0.05079561471939087,-0.20808881521224976,-0.06307199623250881,0.04956597089767456,-0.23029136657714844,-0.10033849652671734,0.03482925891876221,-0.181013286113739,-0.11308529998922268,0.019464075565338135,-0.1351313591003418,-0.12078626479768673
W with wrist,0.0,0.0,0.0,-0.049986183643341064,-0.03956568241119385,-0.05063000338549273,-0.06929636001586914,-0.10851132869720459,-0.0716227592753853,-0.010400235652923584,-0.16055822372436523,-0.08326562511200564,0.04500234127044678,-0.1999320387840271,-0.09423153119558947,-0.08391416072845459,-0.2522329092025757,-0.054350555114695,-0.12085354328155518,-0.35521864891052246,-0.077198036186644,-0.1441996991634369,-0.42367398738861084,-0.0923170672583069,-0.16147267818450928,-0.48837989568710327,-0.1051586868094887,-0.0325738787651062,-0.27521079778671265,-0.05276599171037333,-0.035212695598602295,-0.4074872136116028,-0.07216133939499514,-0.033421337604522705,-0.49346914887428284,-0.08883838372702257,-0.0318414568901062,-0.5689943134784698,-0.10115226375336306,0.011044323444366455,-0.2561189532279968,-0.056490186773487494,0.04545491933822632,-0.35454607009887695,-0.09199140238041537,0.07422119379043579,-0.42640942335128784,-0.12281958030933993,0.09581434726715088,-0.49497222900390625,-0.14280756580109255,0.050704121589660645,-0.2076144814491272,-0.06302793341154711,0.049484968185424805,-0.23190158605575562,-0.10066820698256151,0.0349886417388916,-0.18203353881835938,-0.11302583681816714,0.019952714443206787,-0.13554781675338745,-0.12032309936756747
W with wrist,0.0,0.0,0.0,-0.049368202686309814,-0.04068785905838013,-0.049920433208853865,-0.06826841831207275,-0.11111491918563843,-0.07054760773530688,-0.008624374866485596,-0.1633681058883667,-0.08205881436219897,0.047148168087005615,-0.2018314003944397,-0.09310187120786395,-0.0825340747833252,-0.2517402768135071,-0.05390981306186404,-0.1195572018623352,-0.35556721687316895,-0.07654360403171268,-0.14262083172798157,-0.4242916703224182,-0.09149656911245074,-0.15994581580162048,-0.4891337454319,-0.10428690631738391,-0.030986547470092773,-0.27447324991226196,-0.052626808181912565,-0.03351700305938721,-0.40676695108413696,-0.07189036627164569,-0.03173619508743286,-0.49297648668289185,-0.08875407744994845,-0.030328452587127686,-0.5688890516757965,-0.10132489074817386,0.012754201889038086,-0.2550622820854187,-0.056538143203169966,0.047104835510253906,-0.3536531925201416,-0.0917550893580028,0.07534205913543701,-0.42571988701820374,-0.12270966638675418,0.09661668539047241,-0.49477964639663696,-0.14295497258058276,0.052320778369903564,-0.2067611813545227,-0.0631858231579372,0.050959765911102295,-0.23135387897491455,-0.10068736691823688,0.036321818828582764,-0.18218469619750977,-0.11314248015037265,0.021510183811187744,-0.13668549060821533,-0.1206458183085033
W with wrist,0.0,0.0,0.0,-0.048992276191711426,-0.04152935743331909,-0.04907116251484922,-0.06853210926055908,-0.11273747682571411,-0.06921380715863279,-0.009236335754394531,-0.1649724841117859,-0.08040577130810789,0.04751932621002197,-0.20229166746139526,-0.09139031874434522,-0.08253359794616699,-0.25179988145828247,-0.053513202392025505,-0.11927986145019531,-0.35554051399230957,-0.07612448888318113,-0.14212852716445923,-0.4243505001068115,-0.09108206587330869,-0.159025639295578,-0.4893716275691986,-0.1039372231294351,-0.030879974365234375,-0.2746371626853943,-0.05260539384977392,-0.03279846906661987,-0.40676915645599365,-0.07210998939768842,-0.030934393405914307,-0.49338507652282715,-0.08926852005021146,-0.02903568744659424,-0.5696575045585632,-0.1020073513914781,0.013041496276855469,-0.2547770142555237,-0.056753612630529915,0.047842204570770264,-0.3535047769546509,-0.09256644504563383,0.07604086399078369,-0.42518529295921326,-0.12414247500197462,0.09780126810073853,-0.49383744597435,-0.1446917574335771,0.052509307861328125,-0.2063157558441162,-0.06344578372733167,0.04938143491744995,-0.22969508171081543,-0.10208952384488157,0.034076988697052,-0.18060481548309326,-0.11535593079821638,0.019643008708953857,-0.13594883680343628,-0.12324036615387968
W with wrist,0.0,0.0,0.0,-0.04932999610900879,-0.04097890853881836,-0.049026101939261935,-0.06834828853607178,-0.11204475164413452,-0.06945860024529793,-0.009186327457427979,-0.16389000415802002,-0.0810364448650489,0.04716038703918457,-0.20113885402679443,-0.09240366902190544,-0.0828937292098999,-0.25173360109329224,-0.053625948838771365,-0.11963188648223877,-0.35531115531921387,-0.07604298379260399,-0.14221316576004028,-0.4240686893463135,-0.09080254670220711,-0.15882787108421326,-0.48902374505996704,-0.10346695419389107,-0.03119373321533203,-0.27456575632095337,-0.05271606903511383,-0.03364598751068115,-0.40557432174682617,-0.07178678747254708,-0.03165459632873535,-0.4920423626899719,-0.08841231849032738,-0.029499411582946777,-0.5679640769958496,-0.1008341276271949,0.01286381483078003,-0.2546609044075012,-0.05685988452273705,0.04745984077453613,-0.35244888067245483,-0.09191142406302788,0.07570499181747437,-0.42440104484558105,-0.1228779890759597,0.09778487682342529,-0.4931158125400543,-0.14323331054288246,0.052399635314941406,-0.20621365308761597,-0.0636223145945678,0.04998373985290527,-0.22848749160766602,-0.10158372309047081,0.03453946113586426,-0.1793607473373413,-0.11449545260506966,0.020114421844482422,-0.1347750425338745,-0.12226080533105232
W with wrist,0.0,0.0,0.0,-0.04884082078933716,-0.04153907299041748,-0.04873898940752497,-0.06740820407867432,-0.11291277408599854,-0.06860801892946711,-0.008400440216064453,-0.16567516326904297,-0.079560707683072,0.047242820262908936,-0.2031482458114624,-0.09015146958302012,-0.08295309543609619,-0.2523016333580017,-0.05212910416196337,-0.11979019641876221,-0.35608971118927,-0.07387951331804743,-0.14236974716186523,-0.4250645041465759,-0.08823620843361368,-0.15906721353530884,-0.49029695987701416,-0.10068170296619883,-0.031369686126708984,-0.2745298147201538,-0.05133162754248133,-0.034399330615997314,-0.40581411123275757,-0.07030698227356424,-0.032764315605163574,-0.492404043674469,-0.08684503602455607,-0.03079378604888916,-0.5685741901397705,-0.09907542484472742,0.012747228145599365,-0.2544472813606262,-0.055606785590157415,0.046922922134399414,-0.354819655418396,-0.0909623982257699,0.0749197006225586,-0.4271725118160248,-0.12161337154577723,0.09680342674255371,-0.49647778272628784,-0.14150067734192362,0.052407264709472656,-0.20555639266967773,-0.0624405847735261,0.04981386661529541,-0.2320479154586792,-0.10069050955246439,0.03492891788482666,-0.18216824531555176,-0.11292147951792231,0.021211683750152588,-0.1363179087638855,-0.11998235004614344
W with wrist,0.0,0.0,0.0,-0.04858285188674927,-0.04104745388031006,-0.04881263949556569,-0.06651568412780762,-0.11229211091995239,-0.06843665667457799,-0.007208585739135742,-0.16457968950271606,-0.07904500939531545,0.04791390895843506,-0.20153552293777466,-0.08930029400272588,-0.08302950859069824,-0.25142788887023926,-0.05220123805685262,-0.11946594715118408,-0.3553866744041443,-0.0735744876472495,-0.14202895760536194,-0.42432552576065063,-0.0874725920764945,-0.15839195251464844,-0.4891650676727295,-0.09962830372734288,-0.032058775424957275,-0.27442675828933716,-0.05110138707442502,-0.03553628921508789,-0.40513870120048523,-0.06977096625251988,-0.034130632877349854,-0.49101513624191284,-0.08616771974249104,-0.031932711601257324,-0.5660725831985474,-0.09826644935293416,0.012085020542144775,-0.25489407777786255,-0.054984152844383516,0.046375930309295654,-0.3547888994216919,-0.09008105524463872,0.0741344690322876,-0.4277009069919586,-0.1209576172439597,0.09595775604248047,-0.49702462553977966,-0.14118685253544072,0.051724374294281006,-0.2060827612876892,-0.0614066948799632,0.04912286996841431,-0.22935593128204346,-0.09993479826135854,0.034109413623809814,-0.17892009019851685,-0.11269967683239202,0.020443499088287354,-0.13293522596359253,-0.1201716629473708
W with wrist,0.0,0.0,0.0,-0.04915201663970947,-0.04138880968093872,-0.04750820081318352,-0.0674864649772644,-0.11399924755096436,-0.06554258819306824,-0.00837165117263794,-0.16750496625900269,-0.07477390225614045,0.047129034996032715,-0.20345109701156616,-0.08370029385770295,-0.08373689651489258,-0.2512394189834595,-0.04964728485430214,-0.11944252252578735,-0.3556734323501587,-0.07049642707789872,-0.14153793454170227,-0.4246487617492676,-0.08433444257462952,-0.1572147011756897,-0.48942336440086365,-0.09648859705413315,-0.03305619955062866,-0.2743457555770874,-0.04885656963671181,-0.037992238998413086,-0.40403175354003906,-0.06689135934794876,-0.03773856163024902,-0.4900974631309509,-0.08341545816148255,-0.036272287368774414,-0.5644066035747528,-0.09569690581048462,0.010821640491485596,-0.25600987672805786,-0.053049938935885166,0.042469918727874756,-0.3560183048248291,-0.08728345688069794,0.06848025321960449,-0.4293806850910187,-0.11832635309184525,0.08905154466629028,-0.49837926030158997,-0.13882473315680954,0.050777316093444824,-0.20797520875930786,-0.05974253099049065,0.047104597091674805,-0.2300337553024292,-0.09741863067830536,0.03278350830078125,-0.17954951524734497,-0.11001566256965134,0.02012079954147339,-0.13247829675674438,-0.11741301621879074
W with wrist,0.0,0.0,0.0,-0.04939967393875122,-0.04185670614242554,-0.04542311004496469,-0.06735515594482422,-0.1163368821144104,-0.06142342559195413,-0.008899271488189697,-0.1704147458076477,-0.06897625795699014,0.04569524526596069,-0.20580726861953735,-0.07627331934071435,-0.08433711528778076,-0.2525968551635742,-0.044841897703179256,-0.11846053600311279,-0.3584076762199402,-0.06396788082219018,-0.13866204023361206,-0.4269654452800751,-0.07702806315518274,-0.15323853492736816,-0.49101871252059937,-0.08869176081515207,-0.03362840414047241,-0.27568626403808594,-0.04467544055677308,-0.03871428966522217,-0.40554577112197876,-0.06154907963372125,-0.03910017013549805,-0.49125245213508606,-0.07785077116585626,-0.03893500566482544,-0.5646381676197052,-0.08986170313454522,0.010168612003326416,-0.25813060998916626,-0.049515497900017635,0.040176331996917725,-0.3598847985267639,-0.0829073684582795,0.06424963474273682,-0.4342734217643738,-0.11401793829298867,0.08265197277069092,-0.5042594373226166,-0.13446456662512674,0.05045437812805176,-0.21013134717941284,-0.05666609949565782,0.046673715114593506,-0.2361498475074768,-0.09356902263260736,0.032512784004211426,-0.18525564670562744,-0.10538680574990167,0.01964247226715088,-0.1365126371383667,-0.11214939228392495
W with wrist,0.0,0.0,0.0,-0.04967767000198364,-0.04199671745300293,-0.04588465469589664,-0.06789785623550415,-0.11678725481033325,-0.061419815595058935,-0.009279787540435791,-0.17219507694244385,-0.06855359005442097,0.045614421367645264,-0.20809406042099,-0.07529173123350574,-0.08578801155090332,-0.2541763186454773,-0.04229314702263309,-0.11898070573806763,-0.36224615573883057,-0.06073395239820911,-0.13699135184288025,-0.4312245845794678,-0.07354710328093006,-0.1496063768863678,-0.4949187636375427,-0.08500231134405567,-0.03499174118041992,-0.27731895446777344,-0.042003658438829916,-0.04098248481750488,-0.40697717666625977,-0.057943333710340994,-0.041354477405548096,-0.49185189604759216,-0.07422594058027698,-0.041113078594207764,-0.563820481300354,-0.08626430558672382,0.008618652820587158,-0.25994187593460083,-0.047032107437757986,0.03783011436462402,-0.3614485263824463,-0.07966362761965229,0.05988430976867676,-0.4365384578704834,-0.11107765215149357,0.07660967111587524,-0.5073880553245544,-0.13194226550569965,0.04873400926589966,-0.21192729473114014,-0.054510441447405356,0.04515349864959717,-0.23803424835205078,-0.09124998825302555,0.032177865505218506,-0.1873033046722412,-0.1032951183866544,0.020342469215393066,-0.13866925239562988,-0.11020156073084308
W with wrist,0.0,0.0,0.0,-0.04992246627807617,-0.04276794195175171,-0.04536475623797287,-0.06719928979873657,-0.12034255266189575,-0.05982948477219452,-0.008463501930236816,-0.17633116245269775,-0.06619765247057785,0.04729163646697998,-0.21144580841064453,-0.07267266149472107,-0.08439987897872925,-0.2558281421661377,-0.04039210836242546,-0.11307716369628906,-0.3666255474090576,-0.05908104414891113,-0.12804603576660156,-0.43710988759994507,-0.07251574481676926,-0.1381891667842865,-0.5018966794013977,-0.0842898675317656,-0.03438693284988403,-0.27949219942092896,-0.04026086265992035,-0.04122418165206909,-0.4089094400405884,-0.05448003868411888,-0.0418584942817688,-0.49397754669189453,-0.07029199982832779,-0.04163748025894165,-0.5649465918540955,-0.08238391960810532,0.008743047714233398,-0.26312822103500366,-0.04570700610827316,0.03542613983154297,-0.3660687804222107,-0.0765592121596228,0.055438995361328125,-0.4420047998428345,-0.10833049948166718,0.07105201482772827,-0.5132186412811279,-0.13012367124508728,0.04885071516036987,-0.21638256311416626,-0.05378013114284386,0.044078946113586426,-0.2395782470703125,-0.09061966474007477,0.031865060329437256,-0.18777436017990112,-0.10387405390690674,0.02140730619430542,-0.13870233297348022,-0.11176732565115799
W with wrist,0.0,0.0,0.0,-0.05007106065750122,-0.04125523567199707,-0.04783013694179772,-0.06785637140274048,-0.11743712425231934,-0.06361519403947113,-0.01058661937713623,-0.17517578601837158,-0.07127952434314011,0.04440116882324219,-0.21278399229049683,-0.07948211439145325,-0.08585202693939209,-0.2566315531730652,-0.04109671570552109,-0.1096944808959961,-0.36847156286239624,-0.0601292536426854,-0.12181150913238525,-0.4390864968299866,-0.07453022010815857,-0.12946701049804688,-0.5035692453384399,-0.08705917604459046,-0.03663074970245361,-0.27991384267807007,-0.03969611458671807,-0.044551312923431396,-0.40842604637145996,-0.05239900805247544,-0.045601844787597656,-0.49243617057800293,-0.06836808331502198,-0.04537314176559448,-0.56367626786232,-0.08132707186234711,0.005923748016357422,-0.26303303241729736,-0.04411539294017075,0.029720783233642578,-0.366352915763855,-0.07305069871438263,0.046008408069610596,-0.44186073541641235,-0.10542760648024796,0.05932706594467163,-0.51285320520401,-0.12883999802363633,0.045729100704193115,-0.2169414758682251,-0.05153552301419495,0.04164320230484009,-0.23701262474060059,-0.08875904835952042,0.030550003051757812,-0.18654513359069824,-0.10397828228963135,0.021666646003723145,-0.14012551307678223,-0.11365114011061905
W with wrist,0.0,0.0,0.0,-0.04865938425064087,-0.041386306285858154,-0.04619306895870068,-0.06667792797088623,-0.11965799331665039,-0.061369465775669596,-0.010146379470825195,-0.17827564477920532,-0.06894564080971577,0.04555225372314453,-0.2140609622001648,-0.07761422742146351,-0.08444911241531372,-0.256878137588501,-0.0399407913162122,-0.10604202747344971,-0.37070536613464355,-0.05866596300143101,-0.1160319447517395,-0.4423556923866272,-0.07299220759409764,-0.12240174412727356,-0.5071105659008026,-0.08555896032589771,-0.035126686096191406,-0.279529333114624,-0.03932262036937573,-0.042143285274505615,-0.40715712308883667,-0.0512320419027219,-0.043294548988342285,-0.4902852475643158,-0.06712421972292759,-0.04342472553253174,-0.560431182384491,-0.08050030667322972,0.007374823093414307,-0.26292288303375244,-0.04439557541149952,0.029806077480316162,-0.3667271137237549,-0.07224876631039479,0.04275792837142944,-0.4417416453361511,-0.10462562937277653,0.053124427795410156,-0.5122843682765961,-0.12871360976237156,0.04662787914276123,-0.2184332013130188,-0.05237991932767727,0.04204529523849487,-0.23694634437561035,-0.08989804435509541,0.03116554021835327,-0.1876327395439148,-0.1059839745237241,0.022894620895385742,-0.14336144924163818,-0.1164849420263181
W with wrist,0.0,0.0,0.0,-0.04849785566329956,-0.041677117347717285,-0.04751524020684883,-0.06583249568939209,-0.12097227573394775,-0.06278320465935394,-0.00925058126449585,-0.17976421117782593,-0.07030817185295746,0.04570817947387695,-0.21618390083312988,-0.07900282059563324,-0.08493483066558838,-0.25685417652130127,-0.039509278431069106,-0.10662490129470825,-0.3690396547317505,-0.05845984135521576,-0.1171686053276062,-0.44022971391677856,-0.07331302826059982,-0.1236560046672821,-0.5048241019248962,-0.08627907250775024,-0.036331355571746826,-0.27955710887908936,-0.038005833222996444,-0.043076157569885254,-0.40593013167381287,-0.04997520585311577,-0.044222116470336914,-0.48849940299987793,-0.06642709736479446,-0.04411053657531738,-0.5592416524887085,-0.08012244914425537,0.00564652681350708,-0.26332157850265503,-0.04236407269490883,0.02782738208770752,-0.3664289116859436,-0.07046243612421677,0.03985285758972168,-0.4403649568557739,-0.10350686375750229,0.049795448780059814,-0.5101471841335297,-0.1280042237485759,0.044397592544555664,-0.21943676471710205,-0.04977785487426445,0.039991140365600586,-0.23546814918518066,-0.08823730860603973,0.029245495796203613,-0.18526113033294678,-0.10534966801060364,0.0212174654006958,-0.1411030888557434,-0.11635987524641678
W with wrist,0.0,0.0,0.0,-0.04941689968109131,-0.041333556175231934,-0.046453105180432885,-0.06736081838607788,-0.11948364973068237,-0.061843363462855905,-0.01092451810836792,-0.17824018001556396,-0.06976492133634338,0.04441004991531372,-0.21505969762802124,-0.07891316142575988,-0.08476841449737549,-0.2561769485473633,-0.038783969252278894,-0.10635983943939209,-0.3689226508140564,-0.05775917869704017,-0.11630851030349731,-0.44022926688194275,-0.0725509392906929,-0.12247997522354126,-0.5044617056846619,-0.08542447712915191,-0.03622293472290039,-0.27893221378326416,-0.03795636993544349,-0.04410034418106079,-0.4061429500579834,-0.05020715099470863,-0.04575216770172119,-0.48922157287597656,-0.06671790954368362,-0.046201348304748535,-0.5596792697906494,-0.0803779679228569,0.0058266520500183105,-0.2625722289085388,-0.042895385890176385,0.026291310787200928,-0.3657689094543457,-0.07113159623639831,0.037613868713378906,-0.440753698348999,-0.10410130944745788,0.04699099063873291,-0.5108853876590729,-0.12853020605342635,0.044844985008239746,-0.21864444017410278,-0.05075835239784965,0.03947162628173828,-0.23578959703445435,-0.08919473913209686,0.02867835760116577,-0.18596911430358887,-0.10607095238464126,0.020647108554840088,-0.14171642065048218,-0.11692866858737716
W with wrist,0.0,0.0,0.0,-0.049501240253448486,-0.04203832149505615,-0.045963157452774794,-0.06755167245864868,-0.12064576148986816,-0.060799953080845626,-0.011364638805389404,-0.17884981632232666,-0.06818007353706435,0.04355078935623169,-0.21526986360549927,-0.07681095276041106,-0.08428841829299927,-0.2563225030899048,-0.0382603560761936,-0.1054801344871521,-0.3686874508857727,-0.05705674041075781,-0.1150159239768982,-0.43936610221862793,-0.07168635401887968,-0.1207726001739502,-0.5032241344451904,-0.08439402703208998,-0.03559529781341553,-0.2788017988204956,-0.03767536256475523,-0.043077826499938965,-0.40587860345840454,-0.04971334386630133,-0.04489356279373169,-0.4883177876472473,-0.06614408317966536,-0.04544633626937866,-0.5581933557987213,-0.07970406536026076,0.006407678127288818,-0.2625362277030945,-0.04284480262560919,0.02687859535217285,-0.36602073907852173,-0.07107297007007674,0.03802233934402466,-0.44085177779197693,-0.1040698331968315,0.047033071517944336,-0.5113755464553833,-0.12845179859561995,0.045257747173309326,-0.218483567237854,-0.05087683398289755,0.03973358869552612,-0.23640137910842896,-0.08923604760332182,0.029111266136169434,-0.1863027811050415,-0.10582295481128767,0.021134555339813232,-0.14162403345108032,-0.11644065801067427
W with wrist,0.0,0.0,0.0,-0.04950261116027832,-0.04206728935241699,-0.04603242177518041,-0.06707191467285156,-0.12034320831298828,-0.06064026478679807,-0.010836899280548096,-0.1778520941734314,-0.06766395319255025,0.04394012689590454,-0.21347171068191528,-0.07564226586373479,-0.08389902114868164,-0.255892813205719,-0.03799447093160779,-0.10685187578201294,-0.36897552013397217,-0.0565593135729614,-0.11716747283935547,-0.43997132778167725,-0.07089170116933019,-0.1233435869216919,-0.5038460493087769,-0.08331541765483053,-0.03514760732650757,-0.27839362621307373,-0.0373148289695564,-0.04230058193206787,-0.406190425157547,-0.04913382280619771,-0.04390609264373779,-0.4889172911643982,-0.06547500241549642,-0.04440116882324219,-0.5581564903259277,-0.07884792286904485,0.006634950637817383,-0.26209592819213867,-0.04240943167360456,0.028088688850402832,-0.366915225982666,-0.07041779208930166,0.04022794961929321,-0.4423803389072418,-0.10322850991042287,0.04994380474090576,-0.5132235884666443,-0.12733043033631475,0.045611441135406494,-0.21733051538467407,-0.050360505022126745,0.04116576910018921,-0.23734259605407715,-0.08782345104964406,0.030791044235229492,-0.18774890899658203,-0.10356950808318288,0.022706210613250732,-0.14254045486450195,-0.11359009940179021
W with wrist,0.0,0.0,0.0,-0.049973249435424805,-0.042533695697784424,-0.0461443494277205,-0.06714969873428345,-0.1215924620628357,-0.060161178858777475,-0.009643852710723877,-0.178835928440094,-0.06637432977726121,0.0452914834022522,-0.2148025631904602,-0.0733294616656508,-0.08404326438903809,-0.2563914656639099,-0.03805144310166497,-0.10775649547576904,-0.3679766058921814,-0.05638553008606095,-0.11960780620574951,-0.43874675035476685,-0.07051631614734788,-0.12709671258926392,-0.5030146837234497,-0.0828855763392653,-0.03511941432952881,-0.27891361713409424,-0.037290772350331736,-0.04172855615615845,-0.40608125925064087,-0.04911799162795205,-0.042665958404541016,-0.4888365864753723,-0.06517886176874299,-0.04227733612060547,-0.5585004687309265,-0.07835110083391328,0.006555676460266113,-0.2626832127571106,-0.04236680448224206,0.028864800930023193,-0.36671847105026245,-0.07062181636860032,0.04221731424331665,-0.44159427285194397,-0.10324484661390443,0.052960216999053955,-0.5122365653514862,-0.12699916765262742,0.045780837535858154,-0.21760016679763794,-0.050333069564601374,0.04050630331039429,-0.23755604028701782,-0.08731076672842164,0.029696285724639893,-0.18806302547454834,-0.10265698090364594,0.021227359771728516,-0.14220041036605835,-0.11242843225767274
W with wrist,0.0,0.0,0.0,-0.05035310983657837,-0.04183071851730347,-0.046311008696932277,-0.06764137744903564,-0.12002819776535034,-0.060390419279713115,-0.009963274002075195,-0.17735648155212402,-0.06660605124153562,0.0457073450088501,-0.21349984407424927,-0.07345691225447126,-0.08415442705154419,-0.25521212816238403,-0.03836059472479292,-0.10870593786239624,-0.3670371174812317,-0.05691331154622503,-0.12096083164215088,-0.4379537105560303,-0.07114314190067716,-0.1285436749458313,-0.5022011399269104,-0.08351704380430647,-0.034957170486450195,-0.2778235077857971,-0.03750537238039442,-0.0422055721282959,-0.4054821729660034,-0.04959808192171522,-0.04316568374633789,-0.4883669912815094,-0.06570043316997953,-0.04271078109741211,-0.5579370856285095,-0.07887180051721998,0.006844937801361084,-0.26169145107269287,-0.042517582838911494,0.028902530670166016,-0.36635708808898926,-0.07087676129259535,0.042331576347351074,-0.44109195470809937,-0.10333237699188658,0.053145647048950195,-0.5113309621810913,-0.1268793036691136,0.04638761281967163,-0.21646559238433838,-0.050427178805250605,0.04073798656463623,-0.2376716136932373,-0.08691320470489927,0.029909372329711914,-0.18886518478393555,-0.1018202593079991,0.021503150463104248,-0.14277559518814087,-0.11131600937761732
W with wrist,0.0,0.0,0.0,-0.05021369457244873,-0.04233503341674805,-0.045453842764288765,-0.06739991903305054,-0.12026423215866089,-0.059375308488995415,-0.010304570198059082,-0.17765510082244873,-0.065643314307124,0.04489457607269287,-0.21359193325042725,-0.07254473495999036,-0.08382117748260498,-0.2554929852485657,-0.03740201893964468,-0.1084052324295044,-0.3668981194496155,-0.05579309541502653,-0.12061917781829834,-0.4372708797454834,-0.06995872784176527,-0.1284782588481903,-0.5012270212173462,-0.08232616264143644,-0.0346866250038147,-0.2779143452644348,-0.03708923239031492,-0.04199415445327759,-0.4055604338645935,-0.049477539991528374,-0.04306602478027344,-0.48851215839385986,-0.0657273643068379,-0.043003201484680176,-0.5584317445755005,-0.0788801946095532,0.007082939147949219,-0.2615965008735657,-0.04258580509343801,0.02909374237060547,-0.36571842432022095,-0.07112465429821668,0.04230809211730957,-0.44057759642601013,-0.10357598591366468,0.05258893966674805,-0.511270135641098,-0.12699325013676344,0.04658997058868408,-0.21622925996780396,-0.05089716989317594,0.04167807102203369,-0.23872417211532593,-0.08716515827694593,0.030665934085845947,-0.19011294841766357,-0.10175007957735716,0.02176046371459961,-0.14418739080429077,-0.1110200547031468
W with wrist,0.0,0.0,0.0,-0.04999518394470215,-0.04266458749771118,-0.046598874771007104,-0.06711375713348389,-0.12028992176055908,-0.06067745833934168,-0.010114014148712158,-0.17750036716461182,-0.06678506805837969,0.0453452467918396,-0.21248936653137207,-0.07350649013460497,-0.08394628763198853,-0.25558221340179443,-0.038532056652911706,-0.10847508907318115,-0.36732566356658936,-0.05771393775285105,-0.12019592523574829,-0.43782198429107666,-0.07243344261587481,-0.1271163821220398,-0.5019995868206024,-0.08493296875894885,-0.034773170948028564,-0.27760887145996094,-0.037719343596108956,-0.04191100597381592,-0.40576761960983276,-0.05012281312883715,-0.04298824071884155,-0.48861345648765564,-0.06653036996067385,-0.042642176151275635,-0.5590836107730865,-0.0797840885752521,0.006887197494506836,-0.26131629943847656,-0.04286191313804011,0.028248906135559082,-0.3648300766944885,-0.07120496108473162,0.04008328914642334,-0.4398488402366638,-0.10418134256542544,0.04906570911407471,-0.5112194120883942,-0.1280033148759685,0.04610532522201538,-0.21562248468399048,-0.050988872342713876,0.04138171672821045,-0.23744237422943115,-0.08701235129774432,0.030662178993225098,-0.18892216682434082,-0.10187815203607897,0.02177661657333374,-0.14306527376174927,-0.11138138248861651
W with wrist,0.0,0.0,0.0,-0.050556480884552,-0.04257512092590332,-0.04672181106315065,-0.06781113147735596,-0.11951267719268799,-0.06021311006651331,-0.010653674602508545,-0.17766934633255005,-0.06541679299579073,0.04477888345718384,-0.21331459283828735,-0.07090498007045198,-0.08428430557250977,-0.2558667063713074,-0.03811856976852823,-0.10957032442092896,-0.3681177496910095,-0.05686582124934603,-0.1215817928314209,-0.43819358944892883,-0.07117387897477556,-0.12885800004005432,-0.5022682249546051,-0.08331644035087038,-0.034850478172302246,-0.2777078151702881,-0.03721824160919596,-0.04239374399185181,-0.4069942831993103,-0.04951362556920458,-0.04361695051193237,-0.48972150683403015,-0.0656377399633925,-0.04343008995056152,-0.5600378215312958,-0.07851535326943804,0.006718754768371582,-0.26139581203460693,-0.04235373309956003,0.028023242950439453,-0.3658011555671692,-0.07080929971442629,0.03996926546096802,-0.4409131705760956,-0.10361254460320879,0.04870617389678955,-0.5129381418228149,-0.12699947751269747,0.046060383319854736,-0.21479415893554688,-0.05046094081507135,0.04143226146697998,-0.24010801315307617,-0.08568778134093691,0.030803978443145752,-0.19172632694244385,-0.09957215435014177,0.021667063236236572,-0.14482975006103516,-0.10833988583789278
W with wrist,0.0,0.0,0.0,-0.05083143711090088,-0.04322504997253418,-0.04539464596092557,-0.0682518482208252,-0.11958342790603638,-0.05950185465991353,-0.01128077507019043,-0.17706459760665894,-0.06589055615842199,0.04364830255508423,-0.21358376741409302,-0.07281755465447759,-0.08548998832702637,-0.25662899017333984,-0.037860793949960225,-0.11167091131210327,-0.36775439977645874,-0.0566206816154704,-0.124056875705719,-0.43735039234161377,-0.07096618968427038,-0.1315578818321228,-0.5007813572883606,-0.08327869135320043,-0.035838186740875244,-0.2790646553039551,-0.03775320384085035,-0.04277771711349487,-0.4069820046424866,-0.05021097693025922,-0.04387235641479492,-0.4893159866333008,-0.06645525801360463,-0.04365229606628418,-0.5593958497047424,-0.07953917789637899,0.0062239766120910645,-0.2622331976890564,-0.04346732604682302,0.027883946895599365,-0.3666533827781677,-0.07191178757130956,0.04097110033035278,-0.4411364793777466,-0.1042760815042243,0.05110311508178711,-0.5122624337673187,-0.12758283126532888,0.04569089412689209,-0.21551573276519775,-0.05200005877196645,0.040511369705200195,-0.23894959688186646,-0.08773590433776235,0.02952873706817627,-0.19045382738113403,-0.10186166125714635,0.020750582218170166,-0.14458692073822021,-0.11081664073645925
W with wrist,0.0,0.0,0.0,-0.050675928592681885,-0.04413187503814697,-0.04458823513942889,-0.06777071952819824,-0.12173700332641602,-0.05933190596061877,-0.009400367736816406,-0.17818421125411987,-0.066683662056505,0.04655611515045166,-0.2129371166229248,-0.07470141065078906,-0.08505904674530029,-0.2563164234161377,-0.03864461642461947,-0.11403137445449829,-0.36546576023101807,-0.05791702580410174,-0.12877196073532104,-0.43540143966674805,-0.07247917067962817,-0.13846832513809204,-0.4996849000453949,-0.0850903661246889,-0.035459041595458984,-0.27910226583480835,-0.039092780023395335,-0.04182136058807373,-0.40662384033203125,-0.05281867173272303,-0.04262751340866089,-0.48977214097976685,-0.06919718992668322,-0.04219043254852295,-0.5603907108306885,-0.08205838215309313,0.007264316082000732,-0.26206672191619873,-0.04517659631329707,0.03039073944091797,-0.3653221130371094,-0.07488583487230471,0.045147478580474854,-0.4414563775062561,-0.10701365482765368,0.05728423595428467,-0.5136106312274933,-0.12970312398630313,0.047324538230895996,-0.2156308889389038,-0.05396082711177996,0.04148685932159424,-0.23863768577575684,-0.09033506077486209,0.028787851333618164,-0.1892949342727661,-0.104258564233362,0.019170165061950684,-0.14299309253692627,-0.11291298729139498
W with wrist,0.0,0.0,0.0,-0.05034607648849487,-0.04669177532196045,-0.04516913029829084,-0.06663024425506592,-0.12436556816101074,-0.06027835268059789,-0.005696892738342285,-0.1807875633239746,-0.06754218074956952,0.05046558380126953,-0.21578317880630493,-0.07497308436313688,-0.0827951431274414,-0.2570456862449646,-0.040634803804550756,-0.11309438943862915,-0.36409562826156616,-0.05962886694351255,-0.12979528307914734,-0.43368303775787354,-0.07335522058883726,-0.14132434129714966,-0.49797701835632324,-0.08550883117595731,-0.032941341400146484,-0.27987557649612427,-0.0409510176209551,-0.03684878349304199,-0.4087355136871338,-0.056526739480887045,-0.037161409854888916,-0.4936445951461792,-0.0733691457239729,-0.03638976812362671,-0.5653055906295776,-0.08607555958906232,0.009843111038208008,-0.26178866624832153,-0.046723254355583776,0.037785112857818604,-0.365178644657135,-0.07895042780319272,0.05736410617828369,-0.4402872323989868,-0.11105427179018079,0.0731271505355835,-0.5111130475997925,-0.13259439948478757,0.04872632026672363,-0.2130265235900879,-0.0550203475681883,0.04187685251235962,-0.24162328243255615,-0.09218763593116819,0.027364730834960938,-0.19167399406433105,-0.10529615018049299,0.016236066818237305,-0.14414077997207642,-0.11299093100706159
W with wrist,0.0,0.0,0.0,-0.050437331199645996,-0.048121750354766846,-0.04498260158663925,-0.06725674867630005,-0.12393760681152344,-0.05916307929521736,-0.005845963954925537,-0.18000614643096924,-0.06493481684094604,0.05040621757507324,-0.2140178084373474,-0.06990919697648224,-0.0810767412185669,-0.25846046209335327,-0.04065070736771759,-0.11430829763412476,-0.36430823802948,-0.059938476119100415,-0.13253873586654663,-0.4324081540107727,-0.07302118528252777,-0.1451094150543213,-0.4961389899253845,-0.08423288602000412,-0.03104555606842041,-0.28043919801712036,-0.04063017729288276,-0.033787667751312256,-0.41125404834747314,-0.05787530976897415,-0.03291207551956177,-0.4960000514984131,-0.07354753899937805,-0.03152573108673096,-0.5678073465824127,-0.08438422221308883,0.011402428150177002,-0.26169514656066895,-0.04618203702932533,0.04271453619003296,-0.3644980192184448,-0.079172108951866,0.06446170806884766,-0.43861860036849976,-0.10919385093814071,0.08040183782577515,-0.5098700225353241,-0.12799385625487503,0.049696385860443115,-0.20963740348815918,-0.054295581463634335,0.04528146982192993,-0.24430835247039795,-0.08819113362199005,0.0300104022026062,-0.19589722156524658,-0.09759108412629303,0.016708850860595703,-0.14710074663162231,-0.10248779195910629
W with wrist,0.0,0.0,0.0,-0.05007624626159668,-0.047331392765045166,-0.04670329213269042,-0.06669151782989502,-0.12195879220962524,-0.06195162058003234,-0.00608903169631958,-0.17839813232421875,-0.06828909188635635,0.048275649547576904,-0.21449345350265503,-0.0736336541188507,-0.08097779750823975,-0.25891441106796265,-0.04313117087014007,-0.11487811803817749,-0.3632128834724426,-0.06278011769182967,-0.1341198980808258,-0.43013668060302734,-0.07606796741612243,-0.14718782901763916,-0.49300771951675415,-0.08730095446236419,-0.030362427234649658,-0.28165751695632935,-0.042080501170232765,-0.03299611806869507,-0.41348904371261597,-0.05983910903461265,-0.03170067071914673,-0.49777865409851074,-0.07576630830891418,-0.03029477596282959,-0.5697847306728363,-0.08664467752106475,0.011961519718170166,-0.2638314962387085,-0.046560933889225,0.04467862844467163,-0.36670511960983276,-0.07985937416680144,0.06874328851699829,-0.4390137493610382,-0.10972163647539901,0.08618086576461792,-0.50837841629982,-0.12825605839617538,0.04979288578033447,-0.212202250957489,-0.053668608964756004,0.04803586006164551,-0.247444748878479,-0.08704796254761504,0.03372085094451904,-0.1986793875694275,-0.09601168155796813,0.020211458206176758,-0.14948469400405884,-0.10060909211762237
W with wrist,0.0,0.0,0.0,-0.050474584102630615,-0.04779064655303955,-0.04786208652427604,-0.06776803731918335,-0.1233530044555664,-0.061523433853892584,-0.00790858268737793,-0.18351012468338013,-0.06560904168060233,0.044939517974853516,-0.22152340412139893,-0.06798791520765235,-0.0833282470703125,-0.26113301515579224,-0.04063162215521743,-0.11992871761322021,-0.3651491403579712,-0.059391997833756704,-0.1414121389389038,-0.43092501163482666,-0.07239616297653129,-0.15598517656326294,-0.49289557337760925,-0.0833669491904061,-0.03268551826477051,-0.28295373916625977,-0.03847925000360419,-0.036861419677734375,-0.41648373007774353,-0.05520926796367576,-0.03644418716430664,-0.5003225803375244,-0.07074711852243354,-0.035640060901641846,-0.5717062652111053,-0.0813414119975846,0.009555935859680176,-0.2654041051864624,-0.04232519872954299,0.041554033756256104,-0.3698946237564087,-0.07517899208238532,0.06519663333892822,-0.4412749409675598,-0.1054161378042977,0.08159339427947998,-0.5103648602962494,-0.12398016088178565,0.04774343967437744,-0.21318364143371582,-0.048946898509768744,0.04591667652130127,-0.25387465953826904,-0.08095325910022666,0.031476616859436035,-0.2059262990951538,-0.08926879249980857,0.016881704330444336,-0.15564453601837158,-0.09350967042615821
W with wrist,0.0,0.0,0.0,-0.04975247383117676,-0.04744827747344971,-0.04749703502034208,-0.06760889291763306,-0.12339341640472412,-0.06287673210476896,-0.0073511600494384766,-0.18163424730300903,-0.06922731643294355,0.046571552753448486,-0.21871989965438843,-0.07469038014983198,-0.08346188068389893,-0.25902098417282104,-0.04369592761372587,-0.11911827325820923,-0.36142534017562866,-0.06334208046769163,-0.14017564058303833,-0.4273083806037903,-0.07697232162331602,-0.15458989143371582,-0.48909515142440796,-0.08852891718720457,-0.03290969133377075,-0.28297507762908936,-0.042045694792022914,-0.03757113218307495,-0.414492130279541,-0.05852437114094755,-0.037079036235809326,-0.4982606768608093,-0.07416650002573988,-0.03598034381866455,-0.5697642266750336,-0.0854157963929083,0.01001739501953125,-0.2663673162460327,-0.04605705013250372,0.04230719804763794,-0.3691210150718689,-0.07834997122859022,0.06623858213424683,-0.4406251311302185,-0.10859678035353681,0.08364343643188477,-0.5090970695018768,-0.12796375995253584,0.04868596792221069,-0.21624010801315308,-0.05281909277414343,0.046205222606658936,-0.2505120038986206,-0.08582446818923017,0.03151756525039673,-0.20160454511642456,-0.0955471629438307,0.017848551273345947,-0.15273380279541016,-0.10111574178313276
W with wrist,0.0,0.0,0.0,-0.04923158884048462,-0.04963642358779907,-0.04764066987172555,-0.06611961126327515,-0.12438476085662842,-0.06237088121906709,-0.005171597003936768,-0.18063682317733765,-0.06786289789215516,0.050035953521728516,-0.21553915739059448,-0.07198670484558534,-0.08057236671447754,-0.2607465386390686,-0.04325648002759408,-0.11616373062133789,-0.3641892671585083,-0.06321732677952241,-0.1369180977344513,-0.4302409887313843,-0.07686907776133012,-0.15145766735076904,-0.4923327565193176,-0.08824943729177903,-0.030160605907440186,-0.28280109167099,-0.04196066759959649,-0.03421825170516968,-0.4153212308883667,-0.05940699555412721,-0.033957481384277344,-0.49913153052330017,-0.07560715057388734,-0.033123791217803955,-0.5706533193588257,-0.08690208174721192,0.012247562408447266,-0.2645084857940674,-0.04643828027383279,0.04502195119857788,-0.3683140277862549,-0.07961320855156373,0.06960135698318481,-0.4401850998401642,-0.11012919225231599,0.08709746599197388,-0.5099196434020996,-0.1290202809168477,0.05017960071563721,-0.2113749384880066,-0.053659498472370615,0.04805344343185425,-0.25173187255859375,-0.08533186443582963,0.03348356485366821,-0.20557087659835815,-0.09364517756239366,0.01952183246612549,-0.15663105249404907,-0.09822141357199143
W with wrist,0.0,0.0,0.0,-0.04860639572143555,-0.0464361310005188,-0.04866636938982083,-0.06501764059066772,-0.12093466520309448,-0.0658071378582008,-0.003748297691345215,-0.17657405138015747,-0.07393853015832974,0.0519486665725708,-0.21323347091674805,-0.08132463343076779,-0.08011829853057861,-0.25854408740997314,-0.04642414696149899,-0.11451882123947144,-0.361062228679657,-0.06681649036340787,-0.13488489389419556,-0.4276566505432129,-0.08084009982280804,-0.1492789387702942,-0.490154504776001,-0.09280251361064984,-0.02950054407119751,-0.2817414402961731,-0.04487993962698056,-0.032823264598846436,-0.4133796691894531,-0.062427263926792875,-0.0316891074180603,-0.49698761105537415,-0.07868328339986874,-0.030336380004882812,-0.5690481960773468,-0.09039570785694195,0.013077199459075928,-0.263360857963562,-0.04885869867734982,0.046698689460754395,-0.36448079347610474,-0.08208848930530621,0.07240694761276245,-0.4360961318016052,-0.11244690067701413,0.09193778038024902,-0.5046258866786957,-0.13186156399183346,0.05080151557922363,-0.2118169069290161,-0.05562045447163655,0.04886054992675781,-0.24547737836837769,-0.08932038046054913,0.03389608860015869,-0.19753432273864746,-0.09914125151567532,0.020397543907165527,-0.1495656967163086,-0.10479683823518826
W with wrist,0.0,0.0,0.0,-0.0492512583732605,-0.046128273010253906,-0.046885910446860635,-0.0666465163230896,-0.12205851078033447,-0.06358712073705419,-0.006171226501464844,-0.1781061291694641,-0.07177039142987951,0.049787044525146484,-0.21520227193832397,-0.0793324923171781,-0.08081197738647461,-0.2597886919975281,-0.04454379435918554,-0.1154826283454895,-0.3624446392059326,-0.06466070469758733,-0.1360844075679779,-0.4299390912055969,-0.0782360350742124,-0.15071222186088562,-0.49257683753967285,-0.08990200516126379,-0.030503571033477783,-0.28320401906967163,-0.04387970548413023,-0.03416097164154053,-0.4136044383049011,-0.061259879733540856,-0.03284376859664917,-0.49806565046310425,-0.07695363369128927,-0.031021535396575928,-0.5693528354167938,-0.08813398238561376,0.012466192245483398,-0.26480603218078613,-0.04868461471340879,0.045612871646881104,-0.3642786741256714,-0.08205510583064779,0.07104277610778809,-0.4367879033088684,-0.11214447673700079,0.09112858772277832,-0.5051772892475128,-0.1313947280897878,0.0505254864692688,-0.21440505981445312,-0.056146468038775765,0.04749453067779541,-0.24265915155410767,-0.09159214701793417,0.031249821186065674,-0.19343382120132446,-0.10257950332305654,0.017279326915740967,-0.14602136611938477,-0.10866452660701498
W with wrist,0.0,0.0,0.0,-0.04956185817718506,-0.04916727542877197,-0.04685560431636304,-0.06712144613265991,-0.12426614761352539,-0.06252497252381772,-0.006170153617858887,-0.17998385429382324,-0.06936499294198484,0.05042266845703125,-0.21417772769927979,-0.07510378029502363,-0.08033698797225952,-0.26111459732055664,-0.0437068250433299,-0.11501836776733398,-0.3650144934654236,-0.06378356185115308,-0.1351693570613861,-0.4321184456348419,-0.07732513364709348,-0.149495929479599,-0.49494069814682007,-0.08877932098067731,-0.029881179332733154,-0.2831577658653259,-0.0428254437104556,-0.0327029824256897,-0.4149494767189026,-0.06083597433126897,-0.0312616229057312,-0.4989972710609436,-0.07681317445195646,-0.02959728240966797,-0.5707046389579773,-0.08787186261571378,0.0128098726272583,-0.2642875909805298,-0.04751141932166547,0.046721041202545166,-0.3655070662498474,-0.08092478480494947,0.07242447137832642,-0.4373254179954529,-0.11104200598157377,0.0915151834487915,-0.5062718093395233,-0.1297712233320567,0.050659894943237305,-0.21182143688201904,-0.05486944508112401,0.04872584342956543,-0.2469215989112854,-0.08773751374639005,0.03334754705429077,-0.2001214623451233,-0.0969413500682208,0.019414782524108887,-0.15245282649993896,-0.10197923895276517
W with wrist,0.0,0.0,0.0,-0.05037933588027954,-0.047571420669555664,-0.04810351577378924,-0.06794983148574829,-0.12295210361480713,-0.06402590942360575,-0.007103025913238525,-0.17908930778503418,-0.07074654173828776,0.04918467998504639,-0.21372538805007935,-0.0763958401677769,-0.08137387037277222,-0.2609809637069702,-0.04512735527731593,-0.11701041460037231,-0.3649008274078369,-0.06543042582251246,-0.1378905177116394,-0.4323021173477173,-0.07940441441513713,-0.1523350477218628,-0.49527865648269653,-0.09109509062744792,-0.030517160892486572,-0.28364700078964233,-0.04347775202967341,-0.03355365991592407,-0.41591787338256836,-0.06042428013660128,-0.03235071897506714,-0.5001703500747681,-0.07598403912760432,-0.030840039253234863,-0.5715833306312561,-0.08699719679333384,0.012388765811920166,-0.2657461166381836,-0.047516771375910594,0.04638630151748657,-0.36721909046173096,-0.08006315749861415,0.07210588455200195,-0.4385170340538025,-0.10999056023337062,0.09089630842208862,-0.5063598155975342,-0.1289306513664883,0.05071777105331421,-0.2141624093055725,-0.054393180429713084,0.04916417598724365,-0.24851107597351074,-0.08724418354012187,0.03460603952407837,-0.20056748390197754,-0.09652952921368296,0.020578622817993164,-0.15204423666000366,-0.10165582668759043
W with wrist,0.0,0.0,0.0,-0.05036658048629761,-0.04764366149902344,-0.04790647839934081,-0.06845670938491821,-0.12411302328109741,-0.06416592886478156,-0.0076528191566467285,-0.18072539567947388,-0.07160392543107719,0.0492016077041626,-0.21494746208190918,-0.07838410278588981,-0.08217757940292358,-0.2618234157562256,-0.04447974404126853,-0.11836600303649902,-0.3653417229652405,-0.06487314542562217,-0.13977938890457153,-0.43238240480422974,-0.07927754660875053,-0.15491381287574768,-0.49484187364578247,-0.09141745557815284,-0.03127807378768921,-0.28548210859298706,-0.04302445566088409,-0.03505992889404297,-0.4170517325401306,-0.05974939232498855,-0.034014344215393066,-0.5014244318008423,-0.07571669062406272,-0.03259742259979248,-0.5728716254234314,-0.08719686558276862,0.011891007423400879,-0.26781976222991943,-0.04723676433593482,0.045305609703063965,-0.3692293167114258,-0.0794287486913845,0.07011771202087402,-0.4411329925060272,-0.10985200991660804,0.0885276198387146,-0.5089403092861176,-0.12947302451163978,0.05050867795944214,-0.21697121858596802,-0.054307585114543144,0.04953867197036743,-0.248613178730011,-0.08793622394830436,0.035497307777404785,-0.19977623224258423,-0.09817770262986869,0.022315382957458496,-0.15141582489013672,-0.10397854586869926
W with wrist,0.0,0.0,0.0,-0.05057936906814575,-0.04693198204040527,-0.048535872628747256,-0.0685003399848938,-0.12091052532196045,-0.06381988935714844,-0.00754934549331665,-0.17886263132095337,-0.06948564611917618,0.04828101396560669,-0.2155657410621643,-0.07371563874727372,-0.08284223079681396,-0.2599101662635803,-0.04530766644126061,-0.11957895755767822,-0.36470305919647217,-0.06537869982963684,-0.1414356231689453,-0.4311094582080841,-0.07881521098858002,-0.15654420852661133,-0.49357280135154724,-0.0900307115221608,-0.03152555227279663,-0.28274619579315186,-0.04333990105038765,-0.03613698482513428,-0.41601431369781494,-0.06050311811810616,-0.03565013408660889,-0.49969637393951416,-0.07581055574661377,-0.03460162878036499,-0.5712551176548004,-0.08652418517118576,0.011374831199645996,-0.2654111385345459,-0.047175255050717624,0.0439375638961792,-0.36886996030807495,-0.07994378023391846,0.06862497329711914,-0.4402162432670593,-0.10988350622898224,0.086372971534729,-0.5093249082565308,-0.12854935639148835,0.04999887943267822,-0.21316111087799072,-0.05383247919922951,0.047866106033325195,-0.2516074776649475,-0.08554372601753357,0.033797502517700195,-0.2040337324142456,-0.09380072020536545,0.020287036895751953,-0.15391063690185547,-0.09828187190538529
W with wrist,0.0,0.0,0.0,-0.0497288703918457,-0.047268807888031006,-0.04789563540686004,-0.06721347570419312,-0.12186121940612793,-0.06241201881636016,-0.006820738315582275,-0.17936569452285767,-0.06731117043960921,0.04842984676361084,-0.21546167135238647,-0.07066078011263244,-0.0822758674621582,-0.2606354355812073,-0.044133963923343345,-0.11949938535690308,-0.3653014898300171,-0.0637512979315602,-0.1414659321308136,-0.43107062578201294,-0.0767065090345227,-0.15666291117668152,-0.4931943416595459,-0.08752917770613067,-0.031264305114746094,-0.2826436161994934,-0.04251073200572364,-0.03596997261047363,-0.4159461259841919,-0.05941227723229758,-0.03607660531997681,-0.49949634075164795,-0.07455179367531173,-0.03539717197418213,-0.5713141560554504,-0.08508102868069045,0.011400341987609863,-0.2648867964744568,-0.04671469975579612,0.04391133785247803,-0.3687807321548462,-0.07952474329937331,0.06797665357589722,-0.4402741491794586,-0.10947397623527877,0.0853128433227539,-0.5104763805866241,-0.1280188960241162,0.04983943700790405,-0.21220606565475464,-0.05367600072491996,0.04683893918991089,-0.25158238410949707,-0.08512867514360778,0.03206366300582886,-0.20399773120880127,-0.09310019288528792,0.01805567741394043,-0.15417027473449707,-0.09739811245668761
W with wrist,0.0,0.0,0.0,-0.04944878816604614,-0.045530617237091064,-0.04849440026526963,-0.06724339723587036,-0.11848223209381104,-0.0637045966411165,-0.007889032363891602,-0.17729389667510986,-0.06921586561446702,0.04664546251296997,-0.21505862474441528,-0.07301465589051759,-0.08272898197174072,-0.25943243503570557,-0.04475673827772653,-0.11891770362854004,-0.3641461133956909,-0.0644537152672342,-0.1401316225528717,-0.43021583557128906,-0.07742577213292634,-0.15484780073165894,-0.49243348836898804,-0.08829928356652772,-0.031686246395111084,-0.28144240379333496,-0.04302127826457536,-0.03684729337692261,-0.4148296117782593,-0.06052837687974488,-0.037005484104156494,-0.4983814060688019,-0.07566797900443589,-0.03669959306716919,-0.5702144801616669,-0.0861190276170305,0.010912597179412842,-0.2633235454559326,-0.047113476129823084,0.043009161949157715,-0.36742669343948364,-0.08040088582282578,0.06682229042053223,-0.43948477506637573,-0.1097960637832216,0.08392733335494995,-0.5102467238903046,-0.12781965899711167,0.049172282218933105,-0.2099682092666626,-0.053972566309028025,0.04628998041152954,-0.25223249197006226,-0.08531864154582536,0.03136014938354492,-0.20578151941299438,-0.09256105292087113,0.017432212829589844,-0.15584957599639893,-0.09632481801753556
W with wrist,0.0,0.0,0.0,-0.049721717834472656,-0.045518338680267334,-0.048756874857815546,-0.067474365234375,-0.11895209550857544,-0.06425644433346633,-0.007758021354675293,-0.17834073305130005,-0.07011578208056335,0.04646778106689453,-0.2176867127418518,-0.0744670701607788,-0.08422666788101196,-0.2597583532333374,-0.044743261991413874,-0.11932790279388428,-0.36452585458755493,-0.06411924189177398,-0.14014285802841187,-0.4309944808483124,-0.07704683369246368,-0.15455615520477295,-0.4934772849082947,-0.08810304826346282,-0.033286988735198975,-0.28230220079421997,-0.042903389541777415,-0.03789496421813965,-0.4153333902359009,-0.0600949970468605,-0.03781229257583618,-0.4992125928401947,-0.07545663392392044,-0.03711622953414917,-0.5707914531230927,-0.08620401447859649,0.009556055068969727,-0.2639833688735962,-0.04684450453368072,0.041425108909606934,-0.36823320388793945,-0.08010110980120544,0.06516772508621216,-0.4402819275856018,-0.1098626253589714,0.0825682282447815,-0.5108000636100769,-0.12839555716362838,0.04799818992614746,-0.21095514297485352,-0.053542613743218226,0.04496854543685913,-0.25126343965530396,-0.08619281625595931,0.03015291690826416,-0.20384889841079712,-0.09447820460644607,0.016373813152313232,-0.15466195344924927,-0.09887105202523117
W with wrist,0.0,0.0,0.0,-0.04955786466598511,-0.04602706432342529,-0.04828038294658654,-0.06749308109283447,-0.1196434497833252,-0.06378639717445367,-0.007742941379547119,-0.17943090200424194,-0.0698447846327781,0.04555028676986694,-0.218883216381073,-0.07449352224216454,-0.08419555425643921,-0.2598615884780884,-0.04381900508747094,-0.11968648433685303,-0.36474746465682983,-0.062405484214878015,-0.14000630378723145,-0.4309803247451782,-0.07487368066654199,-0.15399795770645142,-0.4933423399925232,-0.08570257057294839,-0.03364121913909912,-0.28200823068618774,-0.041904019609546594,-0.038501203060150146,-0.4139784872531891,-0.05859097321376794,-0.03860819339752197,-0.4975586235523224,-0.0738396816407203,-0.03803938627243042,-0.5688225328922272,-0.0846043996964454,0.009116768836975098,-0.26320725679397583,-0.04571464140758508,0.040337443351745605,-0.36801445484161377,-0.07869020332441323,0.0640326738357544,-0.44032812118530273,-0.10841156770334237,0.08155316114425659,-0.5108317732810974,-0.12706274022207253,0.047741830348968506,-0.21047544479370117,-0.05220061768636697,0.04395246505737305,-0.25086909532546997,-0.08523187269315713,0.02895575761795044,-0.20360088348388672,-0.0939749949131965,0.015386104583740234,-0.1550390124320984,-0.09869908024415963
W with wrist,0.0,0.0,0.0,-0.05010545253753662,-0.045617520809173584,-0.046820565312089,-0.0689399242401123,-0.12141209840774536,-0.06327829807895569,-0.009679317474365234,-0.18172621726989746,-0.07106748521226791,0.04382234811782837,-0.2198595404624939,-0.07807884663242248,-0.08606255054473877,-0.2602473497390747,-0.04294921383160499,-0.12092095613479614,-0.3644007742404938,-0.061292669921101606,-0.1407230794429779,-0.4316732883453369,-0.0741473540653601,-0.1548340916633606,-0.49427276849746704,-0.08560826182264236,-0.03593409061431885,-0.28322654962539673,-0.04187459051507858,-0.04000723361968994,-0.4136093854904175,-0.05850792229074386,-0.039306581020355225,-0.49731600284576416,-0.0741812616576567,-0.03869670629501343,-0.5681273937225342,-0.08539097309011368,0.007250070571899414,-0.2646259069442749,-0.046194805948914563,0.03815281391143799,-0.36776643991470337,-0.07912951260703949,0.06214052438735962,-0.4411989450454712,-0.10864208191532043,0.08031988143920898,-0.5108953416347504,-0.12757619023221878,0.046387672424316406,-0.2139182686805725,-0.0530577890564814,0.041694700717926025,-0.24965637922286987,-0.0880883216847792,0.026358425617218018,-0.2001999020576477,-0.0978861704458609,0.013188481330871582,-0.15199226140975952,-0.1031775653352156
W with wrist,0.0,0.0,0.0,-0.04978179931640625,-0.046229422092437744,-0.046577357602757274,-0.06727492809295654,-0.12431347370147705,-0.0634854928678692,-0.005767524242401123,-0.18441659212112427,-0.07226593504611856,0.04772210121154785,-0.22118860483169556,-0.08066308210555917,-0.0854424238204956,-0.2611035704612732,-0.04145339588586694,-0.12003767490386963,-0.36469513177871704,-0.059089028192204296,-0.13891544938087463,-0.4323275685310364,-0.07216745327178842,-0.1527179479598999,-0.4949147403240204,-0.0841204718774975,-0.035267770290374756,-0.2834417223930359,-0.04070901210371858,-0.03983259201049805,-0.4130784273147583,-0.05598589117590791,-0.03908497095108032,-0.4971114695072174,-0.0722098694271267,-0.03812217712402344,-0.5673209130764008,-0.08444200168315774,0.008606493473052979,-0.26375913619995117,-0.045339819890898525,0.03859603404998779,-0.36870670318603516,-0.07737248848144418,0.06278961896896362,-0.4418227970600128,-0.10723545859519845,0.08202803134918213,-0.5099754631519318,-0.12708432684604531,0.04844832420349121,-0.21355020999908447,-0.05250935341183549,0.04345965385437012,-0.25069689750671387,-0.08818375031415826,0.027958035469055176,-0.20168042182922363,-0.09883998046581155,0.015034139156341553,-0.15465033054351807,-0.10501298020545846
W with wrist,0.0,0.0,0.0,-0.049865007400512695,-0.045804619789123535,-0.04640144159998272,-0.06761443614959717,-0.12351244688034058,-0.06336314653958652,-0.007367491722106934,-0.1852264404296875,-0.07202613776530598,0.045197904109954834,-0.2233007550239563,-0.0802777004798827,-0.08573472499847412,-0.26006150245666504,-0.042149983849185446,-0.12063366174697876,-0.36564624309539795,-0.05957170998658512,-0.13926005363464355,-0.4339843988418579,-0.07219123518075321,-0.15336540341377258,-0.49711287021636963,-0.08380821024979923,-0.035264432430267334,-0.28189927339553833,-0.041493692006724814,-0.040146052837371826,-0.41220760345458984,-0.05714962309207294,-0.03951913118362427,-0.496530681848526,-0.07324357008542393,-0.03920561075210571,-0.566962331533432,-0.08526812916602466,0.008294105529785156,-0.2617287039756775,-0.046086002643960455,0.03796356916427612,-0.3669455647468567,-0.07853827303256367,0.06125307083129883,-0.44180551171302795,-0.10841081714238499,0.07934993505477905,-0.5118517279624939,-0.12819913452472065,0.04797518253326416,-0.211525559425354,-0.053073708470719794,0.04271900653839111,-0.2495540976524353,-0.08898713862504337,0.027267277240753174,-0.20167237520217896,-0.09942610984649036,0.014205753803253174,-0.15517312288284302,-0.10538360899295185
W with wrist,0.0,0.0,0.0,-0.04967540502548218,-0.04573631286621094,-0.04595184723854118,-0.06731098890304565,-0.12437665462493896,-0.06296793396592193,-0.006378054618835449,-0.1870197057723999,-0.07206874365925842,0.04637676477432251,-0.22489017248153687,-0.08107530350804382,-0.08557438850402832,-0.25901931524276733,-0.04106894905686431,-0.11898529529571533,-0.3655667304992676,-0.058531683189869455,-0.13707447052001953,-0.4350132346153259,-0.07157702769160323,-0.1512213945388794,-0.4986400604248047,-0.08366027499556594,-0.035068511962890625,-0.2810494899749756,-0.04089274655103736,-0.04002714157104492,-0.4114358425140381,-0.05641868363142066,-0.03937000036239624,-0.4964105784893036,-0.07309938992381149,-0.039299607276916504,-0.5672839283943176,-0.08576225514531188,0.008574187755584717,-0.26066792011260986,-0.04591820414185577,0.03801649808883667,-0.36725711822509766,-0.07823337639689498,0.06011366844177246,-0.4425000548362732,-0.1084115805757051,0.07707452774047852,-0.512599915266037,-0.12870597119450622,0.04844421148300171,-0.2107728123664856,-0.05331301341772132,0.04406309127807617,-0.25007861852645874,-0.08980932856917434,0.02907109260559082,-0.20253527164459229,-0.10075251038193755,0.016319870948791504,-0.15682852268218994,-0.10715094978928619
W with wrist,0.0,0.0,0.0,-0.049511730670928955,-0.04685664176940918,-0.047190750512413615,-0.06553751230239868,-0.12650543451309204,-0.06348016721301519,-0.00469595193862915,-0.18984436988830566,-0.07130104911618673,0.04651176929473877,-0.22829490900039673,-0.07874019307189428,-0.08558297157287598,-0.2612011432647705,-0.04040221733146154,-0.11870759725570679,-0.3690451383590698,-0.057359954836897487,-0.13639819622039795,-0.439322829246521,-0.07022968542867147,-0.15018296241760254,-0.5035602748394012,-0.08214535427384817,-0.03481990098953247,-0.28241604566574097,-0.039570296677879924,-0.03944629430770874,-0.4135867953300476,-0.054443011555008525,-0.03872859477996826,-0.49906060099601746,-0.07102286678843939,-0.039008259773254395,-0.569418728351593,-0.08351908487372839,0.008918464183807373,-0.2620205283164978,-0.04422115770273649,0.037502825260162354,-0.3700023889541626,-0.07675544035726034,0.05909830331802368,-0.4463772177696228,-0.10758631539636099,0.07528692483901978,-0.5177964568138123,-0.12815335256152594,0.048946917057037354,-0.21176379919052124,-0.05131145802431547,0.04403799772262573,-0.252657949924469,-0.0884764627843424,0.02889615297317505,-0.20357179641723633,-0.09950344872765982,0.015565574169158936,-0.15542656183242798,-0.10570538652234518
W with wrist,0.0,0.0,0.0,-0.05040538311004639,-0.04587799310684204,-0.047949519345422686,-0.06678527593612671,-0.1241908073425293,-0.06496572155680269,-0.00535506010055542,-0.1876436471939087,-0.07355151731695742,0.04688626527786255,-0.22774100303649902,-0.0817828293534717,-0.08471125364303589,-0.2628535032272339,-0.040741656312604846,-0.11803865432739258,-0.3709990978240967,-0.058142878452201785,-0.1354372501373291,-0.4414747953414917,-0.07164156843151659,-0.1489163637161255,-0.5059309899806976,-0.08410802889790148,-0.03332024812698364,-0.2843165993690491,-0.039913520553966464,-0.03772532939910889,-0.4156101942062378,-0.05513605881657213,-0.03668564558029175,-0.5011198818683624,-0.072136607358118,-0.03687691688537598,-0.5718428790569305,-0.08508325029339403,0.010572731494903564,-0.26352179050445557,-0.044714294711013736,0.03930020332336426,-0.3714469373226166,-0.07743718881334871,0.0607525110244751,-0.4479118585586548,-0.10834943909372896,0.0766746997833252,-0.5195465981960297,-0.12911151755776018,0.050571441650390625,-0.21247118711471558,-0.052063268015047015,0.04613000154495239,-0.2545226812362671,-0.08948799628939241,0.03145068883895874,-0.20571744441986084,-0.1005661602708301,0.01836562156677246,-0.15771037340164185,-0.10685661096300691
W with wrist,0.0,0.0,0.0,-0.04947924613952637,-0.04688674211502075,-0.048135502121056106,-0.06612575054168701,-0.12842535972595215,-0.06362095647176602,-0.003625810146331787,-0.1912112832069397,-0.07022791527828076,0.049900591373443604,-0.22758245468139648,-0.07622365080436566,-0.08388400077819824,-0.2666064500808716,-0.04037555106600621,-0.11642974615097046,-0.37636056542396545,-0.057051481536234405,-0.13332992792129517,-0.4472823441028595,-0.06952541493495801,-0.14598074555397034,-0.5119296312332153,-0.08125752382596829,-0.03183281421661377,-0.2871388792991638,-0.039201626411283996,-0.03423815965652466,-0.42030301690101624,-0.05430653118213513,-0.03257626295089722,-0.5061481893062592,-0.07078802012523511,-0.03165435791015625,-0.5768194794654846,-0.08311213724931577,0.01257246732711792,-0.2663876414299011,-0.043767275145853546,0.04289257526397705,-0.3748921751976013,-0.07691179387887814,0.06485593318939209,-0.45139265060424805,-0.10831024669727185,0.08147907257080078,-0.5237917900085449,-0.12905278973897794,0.0529019832611084,-0.21504151821136475,-0.05085940458496907,0.04740327596664429,-0.2562602758407593,-0.0883910971196542,0.031314194202423096,-0.20674896240234375,-0.09971396797021725,0.0174599289894104,-0.15857750177383423,-0.10610056840499738
W with wrist,0.0,0.0,0.0,-0.04905092716217041,-0.04779255390167236,-0.04975873583367729,-0.06529837846755981,-0.12879985570907593,-0.0651960147302475,-0.002849578857421875,-0.19081920385360718,-0.07116014489344025,0.051953017711639404,-0.2267054319381714,-0.0762259362023201,-0.08264023065567017,-0.26987898349761963,-0.04289389008096123,-0.11542302370071411,-0.38127005100250244,-0.06078018227032089,-0.13264745473861694,-0.4522774815559387,-0.07372457513025665,-0.1447409689426422,-0.5175730288028717,-0.08550119378975296,-0.03045821189880371,-0.2893422842025757,-0.04101407134345436,-0.03178614377975464,-0.423444539308548,-0.05692117640188599,-0.029781043529510498,-0.5093234479427338,-0.07353114315679932,-0.027816414833068848,-0.5805283188819885,-0.0857268420737114,0.013709843158721924,-0.26804786920547485,-0.04505214819124603,0.04550457000732422,-0.37606608867645264,-0.07902494051865006,0.0678262710571289,-0.45284074544906616,-0.11133354881218338,0.0846947431564331,-0.5260632932186127,-0.13239870199373627,0.05347776412963867,-0.215046226978302,-0.051773614970954895,0.04865235090255737,-0.2547178268432617,-0.0896716041248169,0.031965792179107666,-0.205133318901062,-0.10155695655754471,0.017254292964935303,-0.15609347820281982,-0.10818488129785919
W with wrist,0.0,0.0,0.0,-0.04895061254501343,-0.04802405834197998,-0.04906978353346858,-0.06612551212310791,-0.1279827356338501,-0.0648008239218143,-0.003944277763366699,-0.1894845962524414,-0.07125801860775027,0.051849961280822754,-0.2259710431098938,-0.07681777595962558,-0.0820765495300293,-0.27063363790512085,-0.04301555349911723,-0.11498939990997314,-0.3821597099304199,-0.061527899349584914,-0.13276851177215576,-0.45334911346435547,-0.07465008913959537,-0.1451941728591919,-0.5190457105636597,-0.08654014288867984,-0.02979898452758789,-0.29094570875167847,-0.04156040295447383,-0.031308889389038086,-0.42585480213165283,-0.058602566713943816,-0.029412269592285156,-0.5121152400970459,-0.07530024170364413,-0.027778804302215576,-0.5842503607273102,-0.08733873336996112,0.014469504356384277,-0.2697654962539673,-0.04592598497356448,0.046772301197052,-0.37676745653152466,-0.08042202412570987,0.06926071643829346,-0.45342332124710083,-0.11235439300025973,0.08608585596084595,-0.5270431339740753,-0.13293527334417377,0.05399590730667114,-0.21635663509368896,-0.052896699751272536,0.049947142601013184,-0.2549024820327759,-0.09054138779129062,0.03277277946472168,-0.20550668239593506,-0.10206160217012439,0.017750024795532227,-0.1569182276725769,-0.10837304114784274
W with wrist,0.0,0.0,0.0,-0.049055278301239014,-0.04738515615463257,-0.05097202661755773,-0.06541001796722412,-0.12691420316696167,-0.06723455789807531,-0.002953767776489258,-0.1886635422706604,-0.07380404028418752,0.05396318435668945,-0.2253285050392151,-0.07945174428942892,-0.08174484968185425,-0.27106744050979614,-0.04524872529628965,-0.11519020795822144,-0.3829743266105652,-0.06510627719882223,-0.13371634483337402,-0.45435160398483276,-0.07925492975238058,-0.1461365818977356,-0.5204411149024963,-0.09153500649455282,-0.029422640800476074,-0.2921229600906372,-0.04300145882490369,-0.03185206651687622,-0.4285072088241577,-0.059184514762193885,-0.0304296612739563,-0.5150389075279236,-0.0754895925832102,-0.028731226921081543,-0.587397038936615,-0.08747019323828908,0.014740824699401855,-0.27187496423721313,-0.046835795820982185,0.04736614227294922,-0.37809133529663086,-0.0803392127466509,0.06987571716308594,-0.45448195934295654,-0.11236373040202352,0.08676213026046753,-0.5272939205169678,-0.13326502296450826,0.05422931909561157,-0.21900951862335205,-0.053618983210355964,0.05206310749053955,-0.2541995048522949,-0.09067076149705144,0.03661471605300903,-0.2043343186378479,-0.10227051082375738,0.022625863552093506,-0.15475589036941528,-0.10864944461110326
W with wrist,0.0,0.0,0.0,-0.04920804500579834,-0.04790776968002319,-0.050023842018845244,-0.06651932001113892,-0.12810230255126953,-0.0660166287541415,-0.0038790106773376465,-0.18957263231277466,-0.07287032098770396,0.05404007434844971,-0.22574299573898315,-0.0789834329605128,-0.08319282531738281,-0.27168160676956177,-0.04347136558294551,-0.11712586879730225,-0.3837452232837677,-0.06309266330003993,-0.13605660200119019,-0.455532431602478,-0.0772872710347201,-0.1487407088279724,-0.5215398669242859,-0.08978275896311061,-0.030493736267089844,-0.2935989499092102,-0.04194481239915149,-0.03397327661514282,-0.43050700426101685,-0.05788437218666331,-0.033010900020599365,-0.5179427564144135,-0.0745244690895106,-0.03140854835510254,-0.590152770280838,-0.08685202093124644,0.014308035373687744,-0.27310508489608765,-0.046468544167282744,0.04674220085144043,-0.3802562952041626,-0.07986669183969752,0.06908971071243286,-0.45749861001968384,-0.1123410755515124,0.08630311489105225,-0.5300913453102112,-0.1337169700980212,0.0542183518409729,-0.21981102228164673,-0.053852006208899184,0.05184274911880493,-0.2545675039291382,-0.09119185001850383,0.03627049922943115,-0.20565921068191528,-0.10325662733316676,0.02265864610671997,-0.15689778327941895,-0.11004955263138072
W with wrist,0.0,0.0,0.0,-0.048767149448394775,-0.0479702353477478,-0.05017116724485504,-0.06639432907104492,-0.12810766696929932,-0.06622438563937294,-0.0033103227615356445,-0.18885844945907593,-0.07295706554288017,0.05533939599990845,-0.2250652313232422,-0.07892035379046547,-0.08314114809036255,-0.27245235443115234,-0.04422966076964485,-0.11723053455352783,-0.38558053970336914,-0.06381703599328148,-0.13580358028411865,-0.4578997492790222,-0.0776092453205024,-0.1482231616973877,-0.5244441032409668,-0.08980704530114281,-0.0302392840385437,-0.2945094108581543,-0.04272253870004761,-0.03380376100540161,-0.43215930461883545,-0.0591792879902755,-0.03261363506317139,-0.519673615694046,-0.07579059584969627,-0.0306779146194458,-0.5923182368278503,-0.0879527448021804,0.01478874683380127,-0.27401018142700195,-0.04722956254119026,0.04755932092666626,-0.38166677951812744,-0.08121327741974937,0.07002276182174683,-0.45966005325317383,-0.11383381917113411,0.08737552165985107,-0.5335738360881805,-0.1351726247274314,0.0550081729888916,-0.22042733430862427,-0.054537401189747925,0.052295684814453125,-0.2548242211341858,-0.09213543369406807,0.036852240562438965,-0.20510655641555786,-0.10411022289628136,0.023583650588989258,-0.1556711196899414,-0.11081552936667549
W with wrist,0.0,0.0,0.0,-0.049307823181152344,-0.049426257610321045,-0.05028879463128533,-0.06685948371887207,-0.13011348247528076,-0.06562198146633591,-0.0027425289154052734,-0.1913185715675354,-0.07154800936035599,0.05681121349334717,-0.22723925113677979,-0.07652370824865784,-0.08302187919616699,-0.27458393573760986,-0.04317477538637604,-0.11737388372421265,-0.38823360204696655,-0.062466623330635684,-0.13556545972824097,-0.460199236869812,-0.07602480247072663,-0.14760428667068481,-0.5264655351638794,-0.08799028589777436,-0.02952045202255249,-0.2955334186553955,-0.041693693095965045,-0.03294563293457031,-0.43401601910591125,-0.05826277106456246,-0.03173249959945679,-0.5216979682445526,-0.07515572204641785,-0.029811739921569824,-0.5946193337440491,-0.08740169003061737,0.015546023845672607,-0.27383536100387573,-0.046356899732870716,0.04840964078903198,-0.3822147250175476,-0.08038187965206589,0.07056337594985962,-0.4598291516304016,-0.11336510076574768,0.08747327327728271,-0.5341789424419403,-0.134702907944245,0.05549997091293335,-0.21818828582763672,-0.053830994362158435,0.05331540107727051,-0.25640225410461426,-0.09027645930103745,0.03760063648223877,-0.2082446813583374,-0.10162247165493454,0.02380514144897461,-0.15925127267837524,-0.10801294639162506
