Y,0.0,0.0,0.0,0.0408591628074646,-0.010146141052246094,-0.038794624926424603,0.07631447911262512,-0.044682860374450684,-0.057876899214363675,0.09751647710800171,-0.08808791637420654,-0.07245150518593846,0.12708747386932373,-0.12434917688369751,-0.08494246316132603,0.02312062680721283,-0.1473090648651123,-0.04138319876966534,-0.00480864942073822,-0.10748600959777832,-0.0712278069275385,0.0015241056680679321,-0.056444644927978516,-0.0896926106232172,0.013459980487823486,-0.02363651990890503,-0.09809419822869359,-0.01489509642124176,-0.1434704065322876,-0.03463686195192395,-0.03710275888442993,-0.08912163972854614,-0.06686303329644261,-0.02270960807800293,-0.0368654727935791,-0.08112265479741154,-0.008697658777236938,-0.004835009574890137,-0.08720670205531178,-0.04751312732696533,-0.12382632493972778,-0.032110783578730207,-0.06846362352371216,-0.08458399772644043,-0.0676121891754633,-0.058157920837402344,-0.037947654724121094,-0.0755184323805338,-0.04670077562332153,-0.007559418678283691,-0.07411667269644795,-0.07167956233024597,-0.0946352481842041,-0.03212281999168454,-0.10529615730047226,-0.10276520252227783,-0.05828846556124745,-0.12334048748016357,-0.10527306795120239,-0.06523783070025502,-0.1372339427471161,-0.1136205792427063,-0.06543717843470631
Y,0.0,0.0,0.0,0.04086609184741974,-0.039343416690826416,-0.030465224372335342,0.06951914727687836,-0.1082228422164917,-0.04640656671125498,0.09830756485462189,-0.16583657264709473,-0.06190392708975878,0.13047252595424652,-0.2065836787223816,-0.07332712745864,0.011248379945755005,-0.20732754468917847,-0.02691249510843363,-0.009538978338241577,-0.17080479860305786,-0.06094062289793101,-0.006857067346572876,-0.10864102840423584,-0.08189495241839495,0.00614592432975769,-0.06541246175765991,-0.0889061275740346,-0.035398781299591064,-0.2030867338180542,-0.023423747705408005,-0.04625387489795685,-0.1431294083595276,-0.05856012514431086,-0.03270690143108368,-0.0788123607635498,-0.07161199635464754,-0.017463698983192444,-0.0426902174949646,-0.0738929469009122,-0.07250611484050751,-0.17733752727508545,-0.02475723213154879,-0.08755461871623993,-0.14514631032943726,-0.060776944818087486,-0.07149747014045715,-0.09192365407943726,-0.06502256131369677,-0.050798848271369934,-0.056102097034454346,-0.05845500862795916,-0.10161294043064117,-0.14203935861587524,-0.028568522619195846,-0.13389058411121368,-0.17621809244155884,-0.05184425002533999,-0.16705715656280518,-0.20378637313842773,-0.05729316136438456,-0.1939188838005066,-0.23119252920150757,-0.05507911330658999
Y,0.0,0.0,0.0,0.043235987424850464,-0.05148273706436157,-0.03313539524560838,0.07315334677696228,-0.12125897407531738,-0.05206426580434709,0.10414698719978333,-0.18139106035232544,-0.06986918275242715,0.13944262266159058,-0.22310006618499756,-0.08256608967667489,0.01307523250579834,-0.21852779388427734,-0.031171871097740222,-0.013210862874984741,-0.18446677923202515,-0.0630452481377688,-0.008341595530509949,-0.1203317642211914,-0.07990035389548211,0.0076382458209991455,-0.08466136455535889,-0.0847052184212771,-0.03478528559207916,-0.20941221714019775,-0.02624900613909631,-0.04756234586238861,-0.15415483713150024,-0.060382295148428966,-0.03122381865978241,-0.08842068910598755,-0.07032033775931268,-0.015849605202674866,-0.060799479484558105,-0.07093302135353952,-0.07130357623100281,-0.18372386693954468,-0.026039872067030956,-0.0880044549703598,-0.16061145067214966,-0.062280028806981136,-0.07008568942546844,-0.11106604337692261,-0.06535116557961373,-0.050593823194503784,-0.08370423316955566,-0.057889569299277355,-0.0996725857257843,-0.15349483489990234,-0.028406491251644184,-0.13326742500066757,-0.19181972742080688,-0.051092724995669414,-0.16158923506736755,-0.22009682655334473,-0.05554861922746568,-0.18586057424545288,-0.2515045404434204,-0.05248271276241212
Y,0.0,0.0,0.0,0.043916553258895874,-0.05499356985092163,-0.027175392613628446,0.07461756467819214,-0.12435954809188843,-0.042708841741898596,0.10589653253555298,-0.182647705078125,-0.057897032827952444,0.1388024389743805,-0.22190439701080322,-0.06831341016373926,0.009719252586364746,-0.2146041989326477,-0.026191899211028158,-0.007458001375198364,-0.18390405178070068,-0.05276864174089724,-0.0020695924758911133,-0.1211249828338623,-0.06665329414687449,0.010748296976089478,-0.08509331941604614,-0.07052129286608988,-0.03594455122947693,-0.20646709203720093,-0.023631598458507597,-0.04171392321586609,-0.15353602170944214,-0.05164261686883265,-0.024150565266609192,-0.0932459831237793,-0.0599275283821612,-0.01044398546218872,-0.06559222936630249,-0.06100912544212633,-0.06998226046562195,-0.182702898979187,-0.024753795594790517,-0.08273142576217651,-0.1622542142868042,-0.05626356008730227,-0.06246216595172882,-0.1166541576385498,-0.05837962555966669,-0.04419898986816406,-0.08821582794189453,-0.05183201062760645,-0.09652011096477509,-0.1531662940979004,-0.027916142375090658,-0.13199299573898315,-0.1912391185760498,-0.04869301024160677,-0.15810883045196533,-0.21992045640945435,-0.051732988686183035,-0.18144536018371582,-0.25085049867630005,-0.048377869308808386
Y,0.0,0.0,0.0,0.043007850646972656,-0.05217486619949341,-0.022302179589019033,0.07507476210594177,-0.12420064210891724,-0.0359811549923279,0.10485923290252686,-0.18433237075805664,-0.05092156957005045,0.13574498891830444,-0.21902674436569214,-0.06170420627211115,0.013842344284057617,-0.19267576932907104,-0.021948372005567762,-0.00047013163566589355,-0.22084426879882812,-0.04979688207720301,0.0036792755126953125,-0.15706008672714233,-0.0635576648554661,0.012560039758682251,-0.11164450645446777,-0.06705642025087855,-0.02889755368232727,-0.18273961544036865,-0.021140859454021665,-0.03751823306083679,-0.1976780891418457,-0.05561878810738108,-0.01976674795150757,-0.12599968910217285,-0.06460293660973093,-0.006226092576980591,-0.08342498540878296,-0.06315914820049784,-0.0630791038274765,-0.16720283031463623,-0.0241688014856436,-0.07999619841575623,-0.2009245753288269,-0.05545531491850397,-0.057608798146247864,-0.14987075328826904,-0.05653240065191767,-0.03812260925769806,-0.10982465744018555,-0.04846387262557528,-0.09033891558647156,-0.14736145734786987,-0.0290528209797003,-0.12582510709762573,-0.1961425542831421,-0.04704581852172396,-0.15151837468147278,-0.22485566139221191,-0.051893617018208715,-0.1748923361301422,-0.2566568851470947,-0.05101969371651194
Y,0.0,0.0,0.0,0.044398993253707886,-0.05225193500518799,-0.02101603592399215,0.07530468702316284,-0.128038227558136,-0.033816835606728546,0.10599526762962341,-0.18918675184249878,-0.0488255459314928,0.1373721957206726,-0.22119343280792236,-0.05955050023857211,0.014587581157684326,-0.19432246685028076,-0.016721400195990554,0.0015870332717895508,-0.2316177487373352,-0.04552597808304881,0.007050514221191406,-0.1678822636604309,-0.0595006372279272,0.01490887999534607,-0.1223139762878418,-0.06250422331157779,-0.026533186435699463,-0.1829441785812378,-0.016711706990633957,-0.03378698229789734,-0.20934605598449707,-0.05344987543884372,-0.015538662672042847,-0.13661903142929077,-0.06396282347503757,-0.0025855600833892822,-0.09257233142852783,-0.06218093516889667,-0.06084984540939331,-0.16736793518066406,-0.020807315359149925,-0.07664613425731659,-0.2117931842803955,-0.05216460558239078,-0.05395135283470154,-0.1581440567970276,-0.0533140476292715,-0.035390764474868774,-0.11512428522109985,-0.04458519327107524,-0.08893705904483795,-0.1473049521446228,-0.026851146245633117,-0.12264324724674225,-0.19886833429336548,-0.04247199627224063,-0.1471923440694809,-0.22827035188674927,-0.04649436729613399,-0.1697053462266922,-0.26022738218307495,-0.04509879159394359
Y,0.0,0.0,0.0,0.04486379027366638,-0.05481994152069092,-0.015881161477864225,0.07543256878852844,-0.13297146558761597,-0.02555645377606197,0.10532787442207336,-0.1954088807106018,-0.038500064325035055,0.13548198342323303,-0.22699499130249023,-0.04785063610643192,0.013088345527648926,-0.1975981593132019,-0.007729091022611101,0.0014265477657318115,-0.2363743782043457,-0.031238693085015257,0.008254945278167725,-0.17843520641326904,-0.04349597291320606,0.016229301691055298,-0.13350820541381836,-0.04642812655538364,-0.02598586678504944,-0.18641215562820435,-0.0099833377566938,-0.032234519720077515,-0.21585047245025635,-0.042623621684015234,-0.014158576726913452,-0.146495521068573,-0.053803851169050176,-0.0014061033725738525,-0.10063415765762329,-0.0531457227584724,-0.059544503688812256,-0.17047715187072754,-0.01579110072225376,-0.07539829611778259,-0.2202286720275879,-0.04345341519683643,-0.05394536256790161,-0.16797268390655518,-0.04537084819048687,-0.03619188070297241,-0.12327665090560913,-0.038132136028707464,-0.08775262534618378,-0.14967793226242065,-0.023263721999228437,-0.12176719307899475,-0.20086735486984253,-0.037037470650375326,-0.14690569043159485,-0.23016178607940674,-0.04091793791621967,-0.16971249878406525,-0.2615020275115967,-0.04006606833308979
Y,0.0,0.0,0.0,0.04470887780189514,-0.05286175012588501,-0.013864497567396938,0.07514426112174988,-0.12717753648757935,-0.022606405342799007,0.10433578491210938,-0.18764865398406982,-0.035399478773456394,0.13192766904830933,-0.21995419263839722,-0.04493923197208005,0.014245182275772095,-0.18748348951339722,-0.0010218485555242296,0.008085578680038452,-0.2306079864501953,-0.024215870450120747,0.013184458017349243,-0.17461061477661133,-0.03744574348149854,0.021002471446990967,-0.12911194562911987,-0.04072637567935544,-0.021932393312454224,-0.17910146713256836,-0.004020870110821306,-0.02563464641571045,-0.2182030975818634,-0.033653532068115055,-0.010662049055099487,-0.1517145037651062,-0.0431419693928774,0.0012533366680145264,-0.10633188486099243,-0.04114922593055326,-0.05477127432823181,-0.16570216417312622,-0.011013568292241871,-0.06890717148780823,-0.21967697143554688,-0.03472916493831235,-0.04957899451255798,-0.16878223419189453,-0.03348693708596784,-0.033528149127960205,-0.12566232681274414,-0.024544208223801434,-0.08478614687919617,-0.1460031270980835,-0.019950539718252003,-0.1173718273639679,-0.19476422667503357,-0.030076878989916622,-0.1384226679801941,-0.2241222858428955,-0.03097908655820447,-0.15704357624053955,-0.25637921690940857,-0.028346930543762028
Y,0.0,0.0,0.0,0.04503655433654785,-0.05018347501754761,-0.014495356287426375,0.07461801171302795,-0.12126469612121582,-0.023702695313460254,0.10334941744804382,-0.18218070268630981,-0.035680211428172015,0.13204368948936462,-0.21440601348876953,-0.044635474029547595,0.01360902190208435,-0.17814362049102783,-0.007824993971354388,0.009294658899307251,-0.22232428193092346,-0.028230021986729525,0.015075623989105225,-0.17246082425117493,-0.038248746934897326,0.020640701055526733,-0.12914663553237915,-0.040308083686596774,-0.02106192708015442,-0.16925668716430664,-0.010090227517849826,-0.023493319749832153,-0.20858430862426758,-0.0380678915414876,-0.00902453064918518,-0.14739465713500977,-0.04737991029358568,0.0011287033557891846,-0.10317450761795044,-0.04688509488440218,-0.053362756967544556,-0.15621906518936157,-0.015376140642530345,-0.06821301579475403,-0.2138037085533142,-0.03876409986949625,-0.04952535033226013,-0.16483163833618164,-0.038707725051409625,-0.03397020697593689,-0.12164217233657837,-0.031888182554013156,-0.08305397629737854,-0.13729828596115112,-0.022248815092808627,-0.11508457362651825,-0.18836936354637146,-0.03335078367925348,-0.13685481250286102,-0.2171606421470642,-0.03514026040173235,-0.15633553266525269,-0.2480153739452362,-0.033926322403914355
Y,0.0,0.0,0.0,0.04530009627342224,-0.04867136478424072,-0.015236592481045363,0.07558736205101013,-0.1181420087814331,-0.025271577390043376,0.10395541787147522,-0.17777732014656067,-0.037917360292880176,0.13245317339897156,-0.209753155708313,-0.047474380212037204,0.013785034418106079,-0.17632895708084106,-0.008270711267499564,0.011300921440124512,-0.2213602066040039,-0.02870251760086262,0.01799657940864563,-0.17426127195358276,-0.03823349960347855,0.023984521627426147,-0.13297110795974731,-0.03996299170157158,-0.020146042108535767,-0.16854718327522278,-0.010259761104492782,-0.020683109760284424,-0.2091180384159088,-0.038168284671513675,-0.005784034729003906,-0.14917856454849243,-0.04696862362524712,0.0036755502223968506,-0.10665017366409302,-0.046105932073800204,-0.05218237638473511,-0.1565876603126526,-0.015335571581630347,-0.06536903977394104,-0.2148868441581726,-0.03923817314407074,-0.0454864501953125,-0.16472280025482178,-0.038800362127034305,-0.0301627516746521,-0.1213260293006897,-0.03164644502302849,-0.08185619115829468,-0.13873296976089478,-0.02202994711896622,-0.11362814903259277,-0.18839779496192932,-0.0336128655841037,-0.13441069424152374,-0.21776899695396423,-0.03553840853473389,-0.15334998071193695,-0.25010913610458374,-0.03438900746604645
Y,0.0,0.0,0.0,0.04428303241729736,-0.04862290620803833,-0.014472224408848433,0.07490739226341248,-0.11834448575973511,-0.02441198717252746,0.10310119390487671,-0.17704230546951294,-0.03704147751824394,0.13081610202789307,-0.20750033855438232,-0.046671472149057536,0.01414981484413147,-0.17686021327972412,-0.008014620872302203,0.011710137128829956,-0.22600057721138,-0.028500016437931208,0.018369942903518677,-0.1805620789527893,-0.03799664940135017,0.024675846099853516,-0.1386083960533142,-0.03956663574473396,-0.0190618634223938,-0.16907119750976562,-0.010403708214028029,-0.018971949815750122,-0.21128618717193604,-0.03882391344205871,-0.004336267709732056,-0.15155315399169922,-0.0478951666821672,0.004968434572219849,-0.10831081867218018,-0.046970404343767314,-0.0509110689163208,-0.1577019989490509,-0.015802414747042803,-0.06379947066307068,-0.21790751814842224,-0.03971073742405906,-0.0437905490398407,-0.16846555471420288,-0.039358157323761134,-0.02832341194152832,-0.12462592124938965,-0.03225294839040771,-0.08099144697189331,-0.1405165195465088,-0.022767612369818835,-0.11230842769145966,-0.1904870867729187,-0.03426431457893386,-0.13249057531356812,-0.2209053933620453,-0.03630766238467231,-0.1507120132446289,-0.2542887032032013,-0.03525333817498222
Y,0.0,0.0,0.0,0.04488489031791687,-0.04894345998764038,-0.014590273413517707,0.07522553205490112,-0.1177300214767456,-0.024536862771668666,0.10370907187461853,-0.17685553431510925,-0.03683746586338543,0.13270360231399536,-0.20718753337860107,-0.04609002153173947,0.014585942029953003,-0.17636284232139587,-0.009521003614821666,0.012884080410003662,-0.22483742237091064,-0.029066828813114398,0.01963937282562256,-0.1789860725402832,-0.03716074283019566,0.0254744291305542,-0.13760679960250854,-0.03787308911577725,-0.018406659364700317,-0.1694926619529724,-0.01164758558169865,-0.017241090536117554,-0.21115586161613464,-0.03878311048046612,-0.002224147319793701,-0.15097519755363464,-0.04662751759187245,0.006894618272781372,-0.10890740156173706,-0.04524169469968342,-0.04977962374687195,-0.15827229619026184,-0.016606092255273097,-0.06085968017578125,-0.21794942021369934,-0.039756033371844524,-0.039935559034347534,-0.16754621267318726,-0.038469351630368465,-0.024494588375091553,-0.12394773960113525,-0.03110234419600033,-0.07954329252243042,-0.14051252603530884,-0.023082729231276744,-0.11074988543987274,-0.19182464480400085,-0.034159347217240565,-0.13022351264953613,-0.22260460257530212,-0.03556852767960095,-0.14776818454265594,-0.25686150789260864,-0.034281104605355495
Y,0.0,0.0,0.0,0.044169485569000244,-0.048168182373046875,-0.014951305845642082,0.07501089572906494,-0.11666059494018555,-0.025117604443693153,0.10333079099655151,-0.1735367774963379,-0.037804412105941765,0.13124221563339233,-0.204072505235672,-0.047366487244033806,0.016154348850250244,-0.17544502019882202,-0.009102221028769009,0.012612342834472656,-0.2235836386680603,-0.029924843842053406,0.019682466983795166,-0.17715978622436523,-0.038873711982631676,0.0272102952003479,-0.13713115453720093,-0.03992702291336059,-0.01680782437324524,-0.1671656370162964,-0.011613577986025803,-0.01653599739074707,-0.20976251363754272,-0.040511193135643,-0.0021046698093414307,-0.14933371543884277,-0.04869265706267356,0.007298916578292847,-0.10727232694625854,-0.046883611390256874,-0.04869481921195984,-0.15505975484848022,-0.017261693635845177,-0.06061524152755737,-0.21345728635787964,-0.04207758829917907,-0.03999006748199463,-0.16379687190055847,-0.041214069733285896,-0.024029254913330078,-0.12162041664123535,-0.03340187520709037,-0.07889926433563232,-0.13745051622390747,-0.024472786495351784,-0.1096956729888916,-0.18803507089614868,-0.036226334432029716,-0.12902487814426422,-0.21816906332969666,-0.037822625050210945,-0.1464954912662506,-0.2515676021575928,-0.0363566860648632
Y,0.0,0.0,0.0,0.04334905743598938,-0.04673731327056885,-0.015953297577453895,0.07468825578689575,-0.11378991603851318,-0.02648727487738256,0.10310617089271545,-0.16950878500938416,-0.03927305046434526,0.12913861870765686,-0.20162925124168396,-0.048855510390950485,0.01555699110031128,-0.17194828391075134,-0.010142645649267479,0.0124453604221344,-0.2208847999572754,-0.03127883080358629,0.019378602504730225,-0.17465394735336304,-0.04094718474860315,0.026577770709991455,-0.13384711742401123,-0.04246085215325479,-0.017462879419326782,-0.16405487060546875,-0.012232770062638565,-0.016753405332565308,-0.20655986666679382,-0.04146542105789308,-0.0019697844982147217,-0.1472686231136322,-0.05054323453421716,0.007422745227813721,-0.10372591018676758,-0.04943904358859186,-0.04944413900375366,-0.15241271257400513,-0.01753259155864839,-0.061064839363098145,-0.21100959181785583,-0.042204250432206436,-0.03977733850479126,-0.16287848353385925,-0.041969437934113785,-0.023565351963043213,-0.12032127380371094,-0.03473257724161272,-0.07960596680641174,-0.1353820562362671,-0.024494700915766998,-0.10988375544548035,-0.186552494764328,-0.03632997427101259,-0.12898005545139313,-0.21668142080307007,-0.03824187148327951,-0.14663419127464294,-0.24943220615386963,-0.03708066124434595
Y,0.0,0.0,0.0,0.043144792318344116,-0.046196937561035156,-0.014905333409814148,0.07428696751594543,-0.11464989185333252,-0.024551453891007213,0.10201984643936157,-0.17073974013328552,-0.036530277582613735,0.12864434719085693,-0.20073047280311584,-0.045250895323960094,0.016141057014465332,-0.17299094796180725,-0.00933100272229126,0.011869311332702637,-0.2222292125225067,-0.029912932666746883,0.019085794687271118,-0.17496195435523987,-0.03899954900404623,0.026756316423416138,-0.1345023512840271,-0.04020513490101507,-0.01681080460548401,-0.16480374336242676,-0.011713211315480976,-0.016982167959213257,-0.20753389596939087,-0.040647632333246975,-0.0018715262413024902,-0.14817872643470764,-0.04936317250391653,0.007677793502807617,-0.10461443662643433,-0.04796732858082464,-0.04865679144859314,-0.1532699465751648,-0.01719028212389162,-0.06130582094192505,-0.21225565671920776,-0.04163670808335951,-0.03921383619308472,-0.1644338071346283,-0.04126489430925062,-0.022577792406082153,-0.12229686975479126,-0.03389776766559294,-0.07872000336647034,-0.13671374320983887,-0.024224190863577633,-0.10962803661823273,-0.18810269236564636,-0.03581673920413664,-0.12872394919395447,-0.2181527316570282,-0.03765148937961271,-0.14646132290363312,-0.25108131766319275,-0.036436571630446224
Y,0.0,0.0,0.0,0.04352247714996338,-0.04685962200164795,-0.014870289873471165,0.07478809356689453,-0.1149294376373291,-0.024531675662984753,0.10285338759422302,-0.1713617444038391,-0.03646170736490717,0.13010725378990173,-0.20098623633384705,-0.04520327241360178,0.01623097062110901,-0.17348310351371765,-0.009907073501636887,0.012804657220840454,-0.22182154655456543,-0.030570618968596364,0.02011418342590332,-0.17475533485412598,-0.03941703603803148,0.027340561151504517,-0.1344677209854126,-0.04026723296581736,-0.0166914165019989,-0.1658894419670105,-0.012158788900961781,-0.015954256057739258,-0.20789122581481934,-0.040438186537613774,-0.0010223090648651123,-0.14848268032073975,-0.048578214060654545,0.007845133543014526,-0.10595452785491943,-0.04693314076601496,-0.04845130443572998,-0.15445178747177124,-0.01747366615771284,-0.060079485177993774,-0.2122294008731842,-0.04173555241166582,-0.03797382116317749,-0.16378900408744812,-0.04122532920180788,-0.02196100354194641,-0.12167489528656006,-0.03382873551188936,-0.07852569222450256,-0.13771218061447144,-0.024275230404128934,-0.10982324182987213,-0.18997681140899658,-0.035788834255328084,-0.12894630432128906,-0.22034189105033875,-0.0374144540840291,-0.14673593640327454,-0.2535305619239807,-0.03606037066518297
Y,0.0,0.0,0.0,0.04391410946846008,-0.046943724155426025,-0.015773974131008117,0.07553496956825256,-0.11585837602615356,-0.025879662255903213,0.10429459810256958,-0.17235660552978516,-0.03818960651304337,0.13172143697738647,-0.20223340392112732,-0.04715048685218903,0.01635459065437317,-0.17498093843460083,-0.01041562739308688,0.013138175010681152,-0.22294002771377563,-0.03157853498603913,0.020344257354736328,-0.17482537031173706,-0.0405716055586538,0.027888089418411255,-0.13480162620544434,-0.04154194682385537,-0.016660571098327637,-0.16722294688224792,-0.012428408260603874,-0.016045033931732178,-0.20922085642814636,-0.04163364856984231,-0.0011473894119262695,-0.14875686168670654,-0.04990620329525086,0.008307069540023804,-0.10638618469238281,-0.04809642374064538,-0.0485614538192749,-0.1555342674255371,-0.01764667942669007,-0.06048917770385742,-0.21404865384101868,-0.04268419160987946,-0.03868585824966431,-0.16460773348808289,-0.04208225175287339,-0.022275209426879883,-0.12222188711166382,-0.03433822258855912,-0.07867330312728882,-0.13833075761795044,-0.02446338884081456,-0.10951921343803406,-0.19066062569618225,-0.036498004342575996,-0.1291027069091797,-0.22099298238754272,-0.03842184111024949,-0.14709028601646423,-0.25406649708747864,-0.037101769591828315
Y,0.0,0.0,0.0,0.04385501146316528,-0.04637503623962402,-0.015427154165195134,0.07605612277984619,-0.1153605580329895,-0.02542215460209718,0.10476851463317871,-0.17248964309692383,-0.03765980401306024,0.13197147846221924,-0.20278537273406982,-0.046513686564253476,0.018043965101242065,-0.17692679166793823,-0.010203006353663113,0.014787048101425171,-0.22441241145133972,-0.031072356414483693,0.021512597799301147,-0.17545536160469055,-0.03975924351482263,0.028420180082321167,-0.13557815551757812,-0.040580103781508114,-0.015001118183135986,-0.1694982647895813,-0.012403118100451138,-0.014444172382354736,-0.21078842878341675,-0.04148663082389703,0.0005371272563934326,-0.1497870683670044,-0.04963892200260034,0.009582579135894775,-0.10732930898666382,-0.04778597005872598,-0.046900004148483276,-0.15803205966949463,-0.017745573681281712,-0.058447569608688354,-0.21653702855110168,-0.04285427429942956,-0.036276042461395264,-0.1663810908794403,-0.04212260865836015,-0.020299047231674194,-0.12369465827941895,-0.034315279361294415,-0.07714453339576721,-0.14099961519241333,-0.024615774538801816,-0.1077793538570404,-0.1938655972480774,-0.036789237197922375,-0.12706603109836578,-0.22424578666687012,-0.038620314237164166,-0.1451910436153412,-0.2577582895755768,-0.03722674646644464
Y,0.0,0.0,0.0,0.043936312198638916,-0.04596477746963501,-0.016190552086129628,0.07599583268165588,-0.11385834217071533,-0.026703863338127576,0.10481876134872437,-0.16935646533966064,-0.03942621772040411,0.13171228766441345,-0.200434148311615,-0.04876496543039366,0.01717740297317505,-0.17241758108139038,-0.010990248926475488,0.014815002679824829,-0.22020703554153442,-0.03256354753722235,0.021351367235183716,-0.171674907207489,-0.04195704211343809,0.0283510684967041,-0.1308174729347229,-0.04316694934715315,-0.01609310507774353,-0.16512346267700195,-0.013053927504017793,-0.014486312866210938,-0.2068234384059906,-0.04287961770643278,-0.00032329559326171875,-0.14603477716445923,-0.05157623712767645,0.008386611938476562,-0.1026119589805603,-0.04998772119034811,-0.04822835326194763,-0.1540357768535614,-0.018379584819570027,-0.059229493141174316,-0.21276819705963135,-0.043755850688114606,-0.03805631399154663,-0.1636672019958496,-0.04349405963768049,-0.02228546142578125,-0.12098383903503418,-0.03594380517353102,-0.07834130525588989,-0.13754171133041382,-0.025344529122605763,-0.10881271958351135,-0.19055873155593872,-0.037660135820999585,-0.12811417877674103,-0.221832275390625,-0.039899180576696835,-0.14599673449993134,-0.2554926872253418,-0.03880509261836096
Y,0.0,0.0,0.0,0.043708741664886475,-0.04587680101394653,-0.014914914204240404,0.0754307210445404,-0.11386120319366455,-0.024625586515725217,0.1040603518486023,-0.16957101225852966,-0.03669234568482693,0.13146623969078064,-0.19860392808914185,-0.04557240212565716,0.018010199069976807,-0.17413201928138733,-0.009491926229060255,0.015270531177520752,-0.22188976407051086,-0.030214281922638975,0.021537035703659058,-0.17402827739715576,-0.039464255964816175,0.02824932336807251,-0.13371342420578003,-0.04075226018434819,-0.015138298273086548,-0.1669091284275055,-0.011860604567885957,-0.014214098453521729,-0.20839017629623413,-0.04066636244064625,-2.7358531951904297e-05,-0.1485845446586609,-0.04931418055898007,0.008904904127120972,-0.10508579015731812,-0.047938814556658826,-0.04724147915840149,-0.1558454930782318,-0.017322788184941373,-0.05841517448425293,-0.21395185589790344,-0.041913798248828016,-0.03692176938056946,-0.1651197373867035,-0.0417280739009982,-0.02089858055114746,-0.12231773138046265,-0.034429339861929975,-0.07759168744087219,-0.13938117027282715,-0.024305902591407857,-0.10816094279289246,-0.19220197200775146,-0.036041906273425184,-0.12760595977306366,-0.22289180755615234,-0.0379559939563876,-0.14559470117092133,-0.2561526596546173,-0.03676935488587674
Y,0.0,0.0,0.0,0.043897151947021484,-0.04561561346054077,-0.0155629043205181,0.07590079307556152,-0.11379402875900269,-0.025622707113484466,0.10454940795898438,-0.16942405700683594,-0.03798171158121022,0.1320917010307312,-0.19952571392059326,-0.04706021423623952,0.01777714490890503,-0.172908753156662,-0.0102467921300331,0.015280097723007202,-0.22026878595352173,-0.03157888378189,0.021953076124191284,-0.17246568202972412,-0.04100820447490605,0.028873860836029053,-0.1317099928855896,-0.04225475366399678,-0.015461742877960205,-0.1655803620815277,-0.01240075125531348,-0.014027953147888184,-0.20671159029006958,-0.04180472369478139,0.00025776028633117676,-0.14653074741363525,-0.05057370315478238,0.008946537971496582,-0.10310125350952148,-0.0491565207688609,-0.04755014181137085,-0.15452271699905396,-0.017745131879905784,-0.05846557021141052,-0.2126336693763733,-0.04293134088800343,-0.03708010911941528,-0.16323265433311462,-0.042811129495362366,-0.02121889591217041,-0.12016385793685913,-0.03539094354198369,-0.07776126265525818,-0.13807785511016846,-0.024663143113116348,-0.10789498686790466,-0.19114354252815247,-0.03691720987842473,-0.12718689441680908,-0.22203528881072998,-0.039166338994959915,-0.1451224535703659,-0.2552486062049866,-0.03808874662206563
Y,0.0,0.0,0.0,0.04354420304298401,-0.045819640159606934,-0.015368582621334781,0.0757063627243042,-0.1140713095664978,-0.025351875402151336,0.10420715808868408,-0.17037463188171387,-0.037540960066138496,0.13204655051231384,-0.20008611679077148,-0.04648519953352093,0.018538206815719604,-0.17471301555633545,-0.0104821519331324,0.015858560800552368,-0.22186526656150818,-0.03145966952305912,0.022465765476226807,-0.17341354489326477,-0.04064035689097523,0.029063254594802856,-0.13289177417755127,-0.04179417242866634,-0.014583885669708252,-0.16777563095092773,-0.01263691199582695,-0.013368993997573853,-0.20924487709999084,-0.04156905686122059,0.0010131895542144775,-0.1485745906829834,-0.05006267031293987,0.009500771760940552,-0.1048896312713623,-0.048549476020156135,-0.04652675986289978,-0.15688347816467285,-0.017892698697863807,-0.057428568601608276,-0.21522924304008484,-0.04271278431278347,-0.03581923246383667,-0.1655794382095337,-0.04245214065176128,-0.020125776529312134,-0.12234765291213989,-0.03503088554006695,-0.076791912317276,-0.14050257205963135,-0.02467279968422531,-0.10697513818740845,-0.1939769685268402,-0.03665191953641056,-0.12622712552547455,-0.22459375858306885,-0.038651241861401786,-0.1443137377500534,-0.25762224197387695,-0.037456042073785056
Y,0.0,0.0,0.0,0.04275745153427124,-0.04552924633026123,-0.01600744017332545,0.07484006881713867,-0.11282122135162354,-0.02640179545551291,0.10339725017547607,-0.16789862513542175,-0.038953108721671015,0.12942135334014893,-0.1998395323753357,-0.04819829204052439,0.017345190048217773,-0.17072772979736328,-0.010743019179699331,0.01500585675239563,-0.21801117062568665,-0.031814808034596354,0.021127402782440186,-0.17058086395263672,-0.041216714316306025,0.0274009108543396,-0.12934833765029907,-0.04246074893444529,-0.015838533639907837,-0.16395899653434753,-0.012777918958363443,-0.014048486948013306,-0.20504465699195862,-0.04190870189040652,-0.0005158782005310059,-0.14513540267944336,-0.05060792901485911,0.007510453462600708,-0.10054093599319458,-0.04915780388682833,-0.04794031381607056,-0.15363788604736328,-0.01801464334994307,-0.058639198541641235,-0.21141654253005981,-0.042560191833672434,-0.03773707151412964,-0.16322138905525208,-0.04217022471993914,-0.02233794331550598,-0.12029784917831421,-0.03475211747854701,-0.07814529538154602,-0.138014554977417,-0.024904493251142412,-0.10852929949760437,-0.19033420085906982,-0.03660872020691386,-0.12719987332820892,-0.22148820757865906,-0.0384411346253728,-0.144558846950531,-0.25505363941192627,-0.037186624490914255
Y,0.0,0.0,0.0,0.04302060604095459,-0.04541122913360596,-0.016058938398515465,0.0752393901348114,-0.11355847120285034,-0.02659158204451728,0.10357147455215454,-0.16924771666526794,-0.03919403423324752,0.13080263137817383,-0.19924414157867432,-0.048474272533809426,0.018435359001159668,-0.17349404096603394,-0.011528843834554436,0.015556931495666504,-0.2192884087562561,-0.03284015302315879,0.021305471658706665,-0.17114052176475525,-0.042198406353151086,0.02758842706680298,-0.1304086446762085,-0.04345857147828269,-0.014809966087341309,-0.16662749648094177,-0.013502659096872094,-0.0135079026222229,-0.20660799741744995,-0.0429913418437593,-7.173418998718262e-05,-0.14602822065353394,-0.051541125222598794,0.007992386817932129,-0.1014750599861145,-0.04991850052729774,-0.0468481183052063,-0.15621346235275269,-0.018624760031258347,-0.05814945697784424,-0.2133481800556183,-0.04348098282471824,-0.03717431426048279,-0.1650831699371338,-0.04314068128124404,-0.02158808708190918,-0.12238681316375732,-0.03566651959673095,-0.0771644115447998,-0.14014041423797607,-0.025371160178934815,-0.10801061987876892,-0.19280576705932617,-0.03714979980841804,-0.1270296275615692,-0.223769873380661,-0.03904143144146133,-0.14450347423553467,-0.25721174478530884,-0.037808989926730874
Y,0.0,0.0,0.0,0.04323884844779968,-0.04664015769958496,-0.015483057219796592,0.07488539814949036,-0.11457377672195435,-0.025511232298129016,0.10362091660499573,-0.17065805196762085,-0.0377755864525966,0.13114482164382935,-0.20172685384750366,-0.0467213570142917,0.017148345708847046,-0.17310529947280884,-0.010077134799473697,0.01456218957901001,-0.2183719277381897,-0.031338206585758144,0.02119329571723938,-0.16963058710098267,-0.04056047564398568,0.02775081992149353,-0.1295856237411499,-0.04155639847766679,-0.01582968235015869,-0.16570207476615906,-0.012249969970696384,-0.01444995403289795,-0.20603370666503906,-0.04114400139104646,-0.00012871623039245605,-0.14502757787704468,-0.049464340415113384,0.00804784893989563,-0.10219115018844604,-0.04782106643568795,-0.0477372407913208,-0.15453827381134033,-0.01762788100194257,-0.058414310216903687,-0.21228063106536865,-0.04265503129016679,-0.036823004484176636,-0.16207703948020935,-0.04203695347558778,-0.021243661642074585,-0.11916011571884155,-0.03431974267613214,-0.07794654369354248,-0.1380177140235901,-0.02454066937815469,-0.10818549990653992,-0.19138666987419128,-0.03650940125834268,-0.12707409262657166,-0.22210320830345154,-0.03816535612594407,-0.14470243453979492,-0.25555741786956787,-0.03668734720002931
Y,0.0,0.0,0.0,0.04302343726158142,-0.04602009057998657,-0.015452065562641337,0.07459321618080139,-0.11446249485015869,-0.025338222330248072,0.10298067331314087,-0.16997557878494263,-0.03742488758805962,0.1289917230606079,-0.20109999179840088,-0.0462311907315609,0.01706048846244812,-0.17304503917694092,-0.010448445623552516,0.014070123434066772,-0.21924179792404175,-0.031233920773303225,0.020258158445358276,-0.1714591681957245,-0.040275889506375506,0.027044832706451416,-0.13120806217193604,-0.0413759900832531,-0.01601305603981018,-0.16578850150108337,-0.0125990035587904,-0.015031188726425171,-0.20624452829360962,-0.041744659712350085,-0.0009139478206634521,-0.14554452896118164,-0.05024431931022377,0.007764101028442383,-0.10133659839630127,-0.048638458421265796,-0.048062413930892944,-0.1547609567642212,-0.017875724529659465,-0.059384822845458984,-0.21223968267440796,-0.04284311371091576,-0.037894636392593384,-0.1632467806339264,-0.04259092645887108,-0.021808147430419922,-0.12046617269515991,-0.03511639597061844,-0.07828599214553833,-0.13830947875976562,-0.024693471437132075,-0.10894185304641724,-0.19097614288330078,-0.03684420796278687,-0.12820422649383545,-0.2220827341079712,-0.038987151404654696,-0.14603468775749207,-0.2558612823486328,-0.03788215579632492
Y,0.0,0.0,0.0,0.04352191090583801,-0.04616636037826538,-0.015342088380748464,0.07509002089500427,-0.1141059398651123,-0.025324825161987974,0.10300257802009583,-0.17055979371070862,-0.03752921890645666,0.12924912571907043,-0.20196786522865295,-0.04644958671360655,0.01784035563468933,-0.17384055256843567,-0.010541691409343912,0.014522790908813477,-0.21941140294075012,-0.031814530456358625,0.020861893892288208,-0.17098376154899597,-0.0409967451932971,0.02741008996963501,-0.1307128667831421,-0.042005557531410886,-0.015577912330627441,-0.16654911637306213,-0.012697025166744424,-0.014879345893859863,-0.20668479800224304,-0.04179608445792837,-0.0006292462348937988,-0.14590060710906982,-0.05003881450920744,0.0077790021896362305,-0.10247790813446045,-0.048264350706631376,-0.047657310962677,-0.15539944171905518,-0.01799678798943205,-0.058957815170288086,-0.21277916431427002,-0.04305339973598166,-0.03728973865509033,-0.1632598340511322,-0.042390443349177076,-0.02138417959213257,-0.1203465461730957,-0.0346047766151969,-0.0778798758983612,-0.13872665166854858,-0.02481260333388491,-0.10805962979793549,-0.19172027707099915,-0.03695386644631071,-0.1270204335451126,-0.22249624133110046,-0.03871599208741827,-0.14463871717453003,-0.2559417486190796,-0.037254530901009275
Y,0.0,0.0,0.0,0.043162792921066284,-0.046422362327575684,-0.01584919839081067,0.07472392916679382,-0.11533504724502563,-0.02611569984730977,0.10314586758613586,-0.1717139482498169,-0.0385389543968131,0.13027682900428772,-0.20334279537200928,-0.047591368843882265,0.01716858148574829,-0.17373985052108765,-0.01097889820960063,0.014745175838470459,-0.2198684811592102,-0.032619132836430254,0.02123492956161499,-0.17101237177848816,-0.041865277280180635,0.027745991945266724,-0.13072550296783447,-0.04285247920927304,-0.015884071588516235,-0.1663295030593872,-0.013013055724172773,-0.01446184515953064,-0.2068837583065033,-0.04238928778943318,-0.0005136430263519287,-0.14576119184494019,-0.050486664463846864,0.007557481527328491,-0.10255712270736694,-0.04854300170120496,-0.04784539341926575,-0.1550731062889099,-0.018306474377482118,-0.0587102472782135,-0.21269583702087402,-0.043579540391533556,-0.037402570247650146,-0.16287624835968018,-0.042819946249096574,-0.02191343903541565,-0.120211660861969,-0.034900679429142656,-0.07802280783653259,-0.13846206665039062,-0.025172571827738466,-0.10843244194984436,-0.19155654311180115,-0.03736987261947888,-0.12766790390014648,-0.2225419282913208,-0.039198502142994585,-0.14561951160430908,-0.2562391757965088,-0.03777215926822919
Y,0.0,0.0,0.0,0.04288473725318909,-0.04736047983169556,-0.01519778719767828,0.07410264015197754,-0.11682641506195068,-0.024821780385821057,0.10213273763656616,-0.17330259084701538,-0.03679190366193552,0.12828612327575684,-0.20498034358024597,-0.04540965123698015,0.016294747591018677,-0.174871563911438,-0.009315059284119798,0.013103455305099487,-0.2203528881072998,-0.030468916284291936,0.019583433866500854,-0.1713387370109558,-0.039551457154004765,0.026368796825408936,-0.1311618685722351,-0.04045781283303995,-0.01678156852722168,-0.16696244478225708,-0.011601817557959748,-0.015942007303237915,-0.20712685585021973,-0.04095021052881975,-0.0015669465065002441,-0.14573359489440918,-0.04925355850383539,0.00696149468421936,-0.10225719213485718,-0.047334139930455876,-0.04876989126205444,-0.15522873401641846,-0.017140799897163106,-0.06011539697647095,-0.2127746045589447,-0.04251573769971628,-0.03820130228996277,-0.16287994384765625,-0.04192451922818918,-0.022123515605926514,-0.12008702754974365,-0.03399506746455927,-0.07894659042358398,-0.13827186822891235,-0.024195156755297376,-0.10916653275489807,-0.19140401482582092,-0.036486720430104924,-0.12847557663917542,-0.22234958410263062,-0.03837452991530199,-0.14659753441810608,-0.2561011016368866,-0.03692557452842493
Y,0.0,0.0,0.0,0.042556703090667725,-0.04779118299484253,-0.014841469970917842,0.07387760281562805,-0.11690372228622437,-0.024914563668346545,0.10155859589576721,-0.17326435446739197,-0.03737415656206622,0.12673357129096985,-0.2055705189704895,-0.04642626553533091,0.017497003078460693,-0.17407646775245667,-0.010144731064713142,0.013731509447097778,-0.22093632817268372,-0.03211513444540515,0.01945158839225769,-0.17210811376571655,-0.041944487986540935,0.025758683681488037,-0.13043540716171265,-0.04314117416498675,-0.01598203182220459,-0.16654491424560547,-0.012578967062211177,-0.015370815992355347,-0.2070361077785492,-0.042233119753575465,-0.0017153620719909668,-0.14583945274353027,-0.05044947474954142,0.006417274475097656,-0.10137021541595459,-0.04836261927840724,-0.04828852415084839,-0.1559578776359558,-0.01824520066139712,-0.06005027890205383,-0.21377989649772644,-0.04274568989632144,-0.03916922211647034,-0.16571778059005737,-0.04167999237535014,-0.023742347955703735,-0.12331598997116089,-0.033636054990267894,-0.07858163118362427,-0.140253484249115,-0.025490882841324947,-0.10953876376152039,-0.19261792302131653,-0.036724138108468196,-0.12869447469711304,-0.2236326038837433,-0.03801877334473147,-0.1464819461107254,-0.25729691982269287,-0.036260924336886546
Y,0.0,0.0,0.0,0.043095141649246216,-0.04795825481414795,-0.015825450118029494,0.07399198412895203,-0.11791062355041504,-0.02606047287150659,0.10153809189796448,-0.1759820580482483,-0.03842299215062894,0.12802445888519287,-0.20875075459480286,-0.04734675369724073,0.016907036304473877,-0.17490822076797485,-0.011466965708279986,0.01300075650215149,-0.22253519296646118,-0.03313011087044515,0.019089698791503906,-0.17316934466362,-0.04209981269701757,0.02591913938522339,-0.1322563886642456,-0.04278442047103681,-0.016561269760131836,-0.1673963963985443,-0.013442746992552657,-0.01610812544822693,-0.20767632126808167,-0.04298504225477018,-0.0015925765037536621,-0.1460505723953247,-0.050792125682676215,0.007153123617172241,-0.10251069068908691,-0.04851896471842565,-0.048602908849716187,-0.15620529651641846,-0.018663022364819426,-0.059880226850509644,-0.21347996592521667,-0.04390177659257688,-0.037798285484313965,-0.1636413335800171,-0.042847284744823355,-0.021581202745437622,-0.12075173854827881,-0.03469701639875211,-0.07868057489395142,-0.13979798555374146,-0.02544568821355142,-0.10964202880859375,-0.19306814670562744,-0.03746733225449361,-0.1292346566915512,-0.22426757216453552,-0.039117214898908514,-0.1474224179983139,-0.2581159472465515,-0.03756032295092382
Y,0.0,0.0,0.0,0.04259967803955078,-0.04717034101486206,-0.016328746947181116,0.07280102372169495,-0.11746925115585327,-0.026620852323901545,0.1005205512046814,-0.1753249168395996,-0.03905566831184615,0.12737005949020386,-0.2083054482936859,-0.0480122012372135,0.016679704189300537,-0.174769788980484,-0.010920402156841647,0.012312322854995728,-0.22178888320922852,-0.032615669565927874,0.018152594566345215,-0.17218780517578125,-0.04187843625498999,0.025244832038879395,-0.130994975566864,-0.042888831841480624,-0.017089426517486572,-0.16722702980041504,-0.01279378731800307,-0.017315417528152466,-0.20715641975402832,-0.04283643563343276,-0.0028151869773864746,-0.14539474248886108,-0.0510048759455799,0.0064896345138549805,-0.10162574052810669,-0.048827864723932635,-0.049395233392715454,-0.15570396184921265,-0.018044824274909388,-0.06129094958305359,-0.21267664432525635,-0.043663856136333834,-0.039355337619781494,-0.16315704584121704,-0.04288343762112845,-0.022616297006607056,-0.12054628133773804,-0.03474488531304587,-0.07946205139160156,-0.13894671201705933,-0.024943300085794817,-0.1099470853805542,-0.19153434038162231,-0.03724553485466231,-0.12988649308681488,-0.22276216745376587,-0.03920997728658904,-0.14830587804317474,-0.2565839886665344,-0.03779878144217719
Y,0.0,0.0,0.0,0.04238125681877136,-0.048175692558288574,-0.016515715591026492,0.07273495197296143,-0.11857426166534424,-0.02719164135248775,0.10052692890167236,-0.1771981120109558,-0.03996271135599727,0.1275634467601776,-0.2108393907546997,-0.04922824593575115,0.016507357358932495,-0.1760348379611969,-0.01131519822718019,0.012143701314926147,-0.22333067655563354,-0.033095131240202136,0.017919182777404785,-0.17376244068145752,-0.04223961996228809,0.024927079677581787,-0.13247007131576538,-0.04311457889468784,-0.01718023419380188,-0.16839593648910522,-0.013124147973371691,-0.017330586910247803,-0.20876425504684448,-0.04307341816218013,-0.002907484769821167,-0.1466858983039856,-0.05094502361805553,0.006256729364395142,-0.1030346155166626,-0.04852696376235599,-0.0493311882019043,-0.15662485361099243,-0.018330226264311023,-0.061321645975112915,-0.21411144733428955,-0.043742860279394336,-0.03944242000579834,-0.1647166609764099,-0.0426363261261713,-0.02274349331855774,-0.12215805053710938,-0.03432331102283115,-0.07920858263969421,-0.13958311080932617,-0.025222298301173396,-0.10996782779693604,-0.1924419403076172,-0.0374195115485918,-0.13008511066436768,-0.22376179695129395,-0.03925598653347606,-0.14859887957572937,-0.25752896070480347,-0.03774348886997814
Y,0.0,0.0,0.0,0.04261964559555054,-0.048612773418426514,-0.01676180974297381,0.07273191213607788,-0.11930465698242188,-0.027381265691445833,0.1006007194519043,-0.17798221111297607,-0.0399880168651805,0.12744498252868652,-0.21140655875205994,-0.04896643587105132,0.015884339809417725,-0.17712610960006714,-0.012034271067904001,0.012377560138702393,-0.2234971821308136,-0.03372056611530638,0.01870596408843994,-0.17254456877708435,-0.04249258541219092,0.02571117877960205,-0.13207244873046875,-0.04319824480168677,-0.017730355262756348,-0.16980016231536865,-0.013690451315568453,-0.017310410737991333,-0.20973101258277893,-0.043058773658202654,-0.002418994903564453,-0.14758706092834473,-0.05043105610363341,0.006689578294754028,-0.10555696487426758,-0.04800918900124884,-0.04985165596008301,-0.1580284833908081,-0.018745679563807016,-0.06138342618942261,-0.21556183695793152,-0.0440502447699771,-0.039161086082458496,-0.165227472782135,-0.042746933332608705,-0.022666484117507935,-0.12276816368103027,-0.03450863265149451,-0.07962355017662048,-0.14074456691741943,-0.02546294980399466,-0.1106831431388855,-0.19353622198104858,-0.03776327722422934,-0.13064821064472198,-0.2242397964000702,-0.03967467152230597,-0.14909514784812927,-0.2574610710144043,-0.03830159284822798
Y,0.0,0.0,0.0,0.0428197979927063,-0.04809010028839111,-0.017195139866515774,0.07317653298377991,-0.11948990821838379,-0.02782381963376679,0.10077449679374695,-0.17842403054237366,-0.04035776932184376,0.128257155418396,-0.2113543450832367,-0.04920031581465878,0.01595127582550049,-0.17744749784469604,-0.01204427689705767,0.012388348579406738,-0.22346583008766174,-0.03375180144254841,0.01835930347442627,-0.17268207669258118,-0.04246808294598736,0.02551257610321045,-0.13276803493499756,-0.04321441505496182,-0.017819613218307495,-0.16987216472625732,-0.013519030850574154,-0.01760941743850708,-0.2095927596092224,-0.04349431846682705,-0.0028172433376312256,-0.14744234085083008,-0.05110696036760487,0.006735801696777344,-0.10539472103118896,-0.04866916764919438,-0.05016234517097473,-0.15793877840042114,-0.018433309015080113,-0.0619468092918396,-0.21510004997253418,-0.04431897107903637,-0.03963369131088257,-0.1648266315460205,-0.04333730120603718,-0.02260035276412964,-0.12267184257507324,-0.0351108320469109,-0.08016115427017212,-0.14057683944702148,-0.02503242981080689,-0.11085069179534912,-0.19306957721710205,-0.03762661371771969,-0.13090460002422333,-0.22357794642448425,-0.0398115039283482,-0.14934414625167847,-0.2568213641643524,-0.03856242154185452
Y,0.0,0.0,0.0,0.04292184114456177,-0.04857510328292847,-0.016542324666716013,0.07258319854736328,-0.11962014436721802,-0.026890616734362993,0.0995139479637146,-0.178931325674057,-0.03927684189829961,0.12649208307266235,-0.21253281831741333,-0.048082139213420305,0.015916764736175537,-0.17664620280265808,-0.011331049595810327,0.012301385402679443,-0.22338300943374634,-0.032993640621043596,0.018290221691131592,-0.17301666736602783,-0.04185411693606511,0.025203347206115723,-0.13271135091781616,-0.04265131043348447,-0.017820507287979126,-0.16945838928222656,-0.012999475804008398,-0.017657935619354248,-0.21001958847045898,-0.04243462892327443,-0.0028039216995239258,-0.1479772925376892,-0.049895003308392916,0.006520003080368042,-0.1060476303100586,-0.04748298959884778,-0.05008983612060547,-0.1578657627105713,-0.0180722287491335,-0.06170731782913208,-0.21553388237953186,-0.04355433942828313,-0.03962606191635132,-0.16490745544433594,-0.04231498377475873,-0.023085206747055054,-0.12243372201919556,-0.03402620913539067,-0.08011692762374878,-0.14069712162017822,-0.024778669570423517,-0.11112554371356964,-0.1932356059551239,-0.03712187694463864,-0.13128069043159485,-0.22384262084960938,-0.039035662879086885,-0.14985211193561554,-0.2571719288825989,-0.03764726953659192
Y,0.0,0.0,0.0,0.042968958616256714,-0.048598289489746094,-0.01687466513183722,0.07272100448608398,-0.11945158243179321,-0.027388419693380683,0.09983843564987183,-0.1784178912639618,-0.039968801399737686,0.12655800580978394,-0.2119811475276947,-0.0489365809765161,0.01598230004310608,-0.1772715151309967,-0.011208668088585227,0.012207359075546265,-0.22346729040145874,-0.03319170486000189,0.018369406461715698,-0.1730756163597107,-0.04226409431365141,0.025362998247146606,-0.13309705257415771,-0.043125120660334915,-0.017859339714050293,-0.16980689764022827,-0.012780121265024036,-0.01760581135749817,-0.20938441157341003,-0.042346825560599655,-0.0030433833599090576,-0.14750492572784424,-0.049880137404471725,0.006118267774581909,-0.10620653629302979,-0.04745765562918791,-0.050130099058151245,-0.1578599214553833,-0.01785706329908976,-0.06183704733848572,-0.21447810530662537,-0.04354329939749846,-0.04006868600845337,-0.16389846801757812,-0.04239098515179762,-0.023639917373657227,-0.12177431583404541,-0.03403177272346625,-0.08007049560546875,-0.14045166969299316,-0.024613745247989982,-0.11096885800361633,-0.19276541471481323,-0.037045316508084625,-0.13118629157543182,-0.22300896048545837,-0.03895309354928145,-0.14977188408374786,-0.2559788227081299,-0.037443401029378265
Y,0.0,0.0,0.0,0.043009161949157715,-0.04905354976654053,-0.016990691788606682,0.07260599732398987,-0.11954277753829956,-0.027647465832643547,0.09974750876426697,-0.17927968502044678,-0.040269783131890335,0.12674689292907715,-0.21299952268600464,-0.04924575089674477,0.01634308695793152,-0.17803406715393066,-0.011884547203891316,0.012517273426055908,-0.22445330023765564,-0.03387033789616112,0.018546074628829956,-0.17384645342826843,-0.04269315897684578,0.025395750999450684,-0.1337602734565735,-0.04334451853495125,-0.017718583345413208,-0.1709129810333252,-0.013293240584545174,-0.017408013343811035,-0.21027129888534546,-0.04244198872905258,-0.002835214138031006,-0.14811855554580688,-0.04938282295327667,0.006337970495223999,-0.1073833703994751,-0.046732483796887436,-0.05007085204124451,-0.15907245874404907,-0.018194053687267342,-0.06139245629310608,-0.21573323011398315,-0.04360343738656525,-0.03969720005989075,-0.16441398859024048,-0.0418894797490168,-0.023380279541015625,-0.12205153703689575,-0.033310568325333634,-0.08015388250350952,-0.1414218544960022,-0.024785619594268837,-0.11121714115142822,-0.19408851861953735,-0.03704789876204018,-0.1314016580581665,-0.22421061992645264,-0.03863667546968941,-0.14978839457035065,-0.2570442855358124,-0.03695658444624428
Y,0.0,0.0,0.0,0.043168872594833374,-0.04818016290664673,-0.017164221425701953,0.07296380400657654,-0.11911958456039429,-0.0278482888091105,0.10003829002380371,-0.17859810590744019,-0.04053584339206395,0.12676593661308289,-0.2124640941619873,-0.049552834053685046,0.01693996787071228,-0.17771786451339722,-0.011492362638165332,0.01255372166633606,-0.22478753328323364,-0.03372510748093305,0.018425852060317993,-0.17483824491500854,-0.042890100200821735,0.025565505027770996,-0.13440191745758057,-0.043748660405327655,-0.017238259315490723,-0.17033618688583374,-0.012920394000758506,-0.017286568880081177,-0.21012327075004578,-0.04287618996684728,-0.002590775489807129,-0.14815747737884521,-0.0503757171530026,0.007010370492935181,-0.10699087381362915,-0.04781581686918912,-0.049697160720825195,-0.1585034728050232,-0.01789829732959447,-0.06138387322425842,-0.21546822786331177,-0.04383627923314748,-0.039847373962402344,-0.16465449333190918,-0.04249542432015119,-0.023381531238555908,-0.12249177694320679,-0.03393343689029393,-0.07978102564811707,-0.1411762833595276,-0.024597941358734943,-0.11055761575698853,-0.19392931461334229,-0.037232602407385684,-0.13088274002075195,-0.22439077496528625,-0.03912969531600652,-0.14938226342201233,-0.257532000541687,-0.03753933908527074
Y,0.0,0.0,0.0,0.043216854333877563,-0.04869210720062256,-0.01694384857447062,0.07312151789665222,-0.11966294050216675,-0.027403836021136385,0.1004880964756012,-0.17965206503868103,-0.03981285437376414,0.12798461318016052,-0.21335849165916443,-0.048559154266428095,0.016574949026107788,-0.1772535741329193,-0.011093314619671446,0.012802869081497192,-0.22434905171394348,-0.03279181837470446,0.018866240978240967,-0.17450743913650513,-0.04158077284128581,0.02583080530166626,-0.13449573516845703,-0.04226859554083262,-0.017304927110671997,-0.17007291316986084,-0.012505221994530302,-0.01689988374710083,-0.20961445569992065,-0.04198979481489573,-0.001859903335571289,-0.1476573348045349,-0.04937975003750239,0.0073840320110321045,-0.1063077449798584,-0.04687914519936953,-0.04959896206855774,-0.15846878290176392,-0.01742646552057181,-0.06101575493812561,-0.21558159589767456,-0.04310456185967837,-0.03857913613319397,-0.16474860906600952,-0.04190076410205279,-0.021899878978729248,-0.1225118637084961,-0.03357038542063151,-0.07975342869758606,-0.1414075493812561,-0.023999911615561587,-0.11083567142486572,-0.193895161151886,-0.03642465814382945,-0.13101007044315338,-0.22431617975234985,-0.03836719586880122,-0.14944840967655182,-0.25765371322631836,-0.03694228723080073
Y,0.0,0.0,0.0,0.04256892204284668,-0.047920942306518555,-0.016783216482139096,0.07225638628005981,-0.12013870477676392,-0.027119932210183606,0.09868684411048889,-0.17985880374908447,-0.03947227399621056,0.12439852952957153,-0.2147032618522644,-0.04819126751098679,0.016080349683761597,-0.17769372463226318,-0.010812788715696797,0.011612534523010254,-0.22544822096824646,-0.032417062183952794,0.01708206534385681,-0.1762429177761078,-0.0414657587913041,0.024033546447753906,-0.13487279415130615,-0.0423577870038514,-0.01787671446800232,-0.17031347751617432,-0.012358746005332932,-0.01797989010810852,-0.2105618119239807,-0.042526710292435155,-0.003380388021469116,-0.14839094877243042,-0.05057631756935166,0.0060141682624816895,-0.10456568002700806,-0.04818933036003159,-0.050319135189056396,-0.15905290842056274,-0.017362430205679402,-0.06255084276199341,-0.21712613105773926,-0.04282947953615235,-0.04078042507171631,-0.16786456108093262,-0.0419099475053315,-0.02407696843147278,-0.12515497207641602,-0.033727373441792,-0.08038145303726196,-0.14253687858581543,-0.02405847932968186,-0.11154453456401825,-0.19474172592163086,-0.036303933223820195,-0.1319153606891632,-0.22561419010162354,-0.03837890501890229,-0.15044063329696655,-0.2590380609035492,-0.037035505732632146
Y,0.0,0.0,0.0,0.043048471212387085,-0.048204123973846436,-0.017802660651994984,0.0727139413356781,-0.12130200862884521,-0.02844683576424245,0.09942266345024109,-0.18170616030693054,-0.040830855556322376,0.12548208236694336,-0.21668758988380432,-0.04937192175586347,0.016754895448684692,-0.1797085404396057,-0.01259891253013734,0.011890232563018799,-0.22718673944473267,-0.03484560299713735,0.017478734254837036,-0.17614510655403137,-0.043720991649223606,0.024729788303375244,-0.13641107082366943,-0.04449801269967679,-0.01733335852622986,-0.17218506336212158,-0.013706132136775295,-0.017825961112976074,-0.21231624484062195,-0.04410225648481969,-0.003314673900604248,-0.14951908588409424,-0.051530708857370655,0.006144881248474121,-0.10814303159713745,-0.0488089633365405,-0.0498044490814209,-0.16013973951339722,-0.018384277187777798,-0.062316954135894775,-0.21772176027297974,-0.04462882626850728,-0.04061019420623779,-0.16686666011810303,-0.04331165675122861,-0.02390873432159424,-0.1249915361404419,-0.03469029936988477,-0.07980713248252869,-0.14278995990753174,-0.024791808166099827,-0.11066831648349762,-0.19579476118087769,-0.03766561422546033,-0.13112397491931915,-0.2263261377811432,-0.03982376802761678,-0.1498468965291977,-0.2597450911998749,-0.03837951768238668
Y,0.0,0.0,0.0,0.04296252131462097,-0.04810619354248047,-0.018389030504209813,0.07290002703666687,-0.12098884582519531,-0.029477656963450727,0.09973222017288208,-0.18160250782966614,-0.04219272654054862,0.1266537308692932,-0.2160329818725586,-0.05103313471673232,0.016670972108840942,-0.18004372715950012,-0.0130181500270794,0.012206941843032837,-0.22681847214698792,-0.03514816160796386,0.01794809103012085,-0.17620721459388733,-0.04371610950229865,0.025040477514266968,-0.13639312982559204,-0.04428901072142821,-0.017389386892318726,-0.1725759506225586,-0.013948359671218213,-0.01719561219215393,-0.21231964230537415,-0.044176965165121374,-0.002654135227203369,-0.1490495204925537,-0.051263335305435476,0.006629824638366699,-0.10822683572769165,-0.048352229553444204,-0.04973948001861572,-0.16046243906021118,-0.018492841306311902,-0.061904191970825195,-0.21827280521392822,-0.044660880374891576,-0.04022952914237976,-0.16706961393356323,-0.04308603997824889,-0.023602038621902466,-0.12512964010238647,-0.034402328687889394,-0.07970371842384338,-0.14286047220230103,-0.024826004314405736,-0.11065849661827087,-0.1955498456954956,-0.03771998654602271,-0.13110041618347168,-0.22586798667907715,-0.03980583991406661,-0.1497453898191452,-0.259235143661499,-0.03835865031479102
Y,0.0,0.0,0.0,0.04314109683036804,-0.048021912574768066,-0.0180851946815892,0.07297641038894653,-0.12094861268997192,-0.028882641275231435,0.09975147247314453,-0.18190589547157288,-0.04135375276655395,0.12643811106681824,-0.21642223000526428,-0.04990006417483528,0.017290174961090088,-0.18022778630256653,-0.012900528427962854,0.012639671564102173,-0.22699052095413208,-0.03496593788713653,0.018223196268081665,-0.17576313018798828,-0.043248141114418104,0.025344431400299072,-0.13631194829940796,-0.04360374987572868,-0.0169374942779541,-0.17293351888656616,-0.013889118959014013,-0.016918867826461792,-0.21252134442329407,-0.043971722875539854,-0.002375483512878418,-0.14906632900238037,-0.05067491338104446,0.006962299346923828,-0.10890793800354004,-0.04753749624342163,-0.04941031336784363,-0.16101104021072388,-0.01848778680414398,-0.06153365969657898,-0.21848344802856445,-0.0446844081625386,-0.03987869620323181,-0.1669018268585205,-0.04289608255476196,-0.023350834846496582,-0.12517833709716797,-0.03406282321066101,-0.07949787378311157,-0.14360672235488892,-0.024836404179040983,-0.11044979095458984,-0.19642865657806396,-0.0377210843607827,-0.1309150755405426,-0.22655147314071655,-0.03971511304825981,-0.1496097892522812,-0.25976771116256714,-0.03819287002534111
Y,0.0,0.0,0.0,0.04309752583503723,-0.047729313373565674,-0.01808713664340189,0.07294285297393799,-0.12101805210113525,-0.02881310236679724,0.09944796562194824,-0.1816239356994629,-0.04125649211036375,0.12598568201065063,-0.2161448895931244,-0.049853128465287,0.01688694953918457,-0.17915582656860352,-0.01269493819253853,0.01210087537765503,-0.22613155841827393,-0.03476058048235586,0.017703652381896973,-0.17574340105056763,-0.04329265010582617,0.02488437294960022,-0.13605743646621704,-0.04386860233771017,-0.0173051655292511,-0.17161250114440918,-0.013755709017090112,-0.01736655831336975,-0.21138909459114075,-0.044109490784279615,-0.0029003024101257324,-0.14853787422180176,-0.05132846635805777,0.006475538015365601,-0.10797089338302612,-0.04850176450835875,-0.04981189966201782,-0.15972822904586792,-0.018414712595216542,-0.06213110685348511,-0.21750488877296448,-0.04479127106296232,-0.04066559672355652,-0.16654813289642334,-0.043490276756159574,-0.024117261171340942,-0.12484985589981079,-0.03494909507261923,-0.07995739579200745,-0.14253664016723633,-0.024825480850807935,-0.11094236373901367,-0.1953740417957306,-0.03790556740986517,-0.13139992952346802,-0.2257446050643921,-0.04022221368776968,-0.15003733336925507,-0.259123295545578,-0.038928085090987
Y,0.0,0.0,0.0,0.043441832065582275,-0.048134028911590576,-0.01716384245168001,0.07333168387413025,-0.11988180875778198,-0.027609588113534755,0.10013189911842346,-0.17955586314201355,-0.04011454945515425,0.1261681616306305,-0.21343684196472168,-0.04907750105570585,0.016866594552993774,-0.17792612314224243,-0.010905833450067348,0.011810064315795898,-0.22400593757629395,-0.03236571466635496,0.017890363931655884,-0.1753542721271515,-0.041063965764749355,0.025286227464675903,-0.13564199209213257,-0.04186452319930822,-0.017333984375,-0.17022007703781128,-0.012430030387747593,-0.01716652512550354,-0.209568053483963,-0.04229639982889921,-0.002456068992614746,-0.14674818515777588,-0.049882282969463176,0.006970018148422241,-0.10539740324020386,-0.04739444470118315,-0.049835532903671265,-0.15800589323043823,-0.01745090773414404,-0.06156265735626221,-0.21557438373565674,-0.043526878115642376,-0.04034695029258728,-0.16437822580337524,-0.04240267491053373,-0.024039149284362793,-0.1221584677696228,-0.03403227171014578,-0.07999730110168457,-0.1404741406440735,-0.024147657212722606,-0.11080047488212585,-0.19288629293441772,-0.037158997264612026,-0.1312641054391861,-0.2234821915626526,-0.03936450695704252,-0.14988797903060913,-0.2571955919265747,-0.03801735630344183
Y,0.0,0.0,0.0,0.043628692626953125,-0.04786413908004761,-0.017391102651856727,0.07381036877632141,-0.12027651071548462,-0.028001629079483337,0.10123187303543091,-0.18054264783859253,-0.040575238208077735,0.12749505043029785,-0.21490240097045898,-0.04951757777740795,0.017897099256515503,-0.1785416305065155,-0.011440810079477615,0.013352036476135254,-0.22537890076637268,-0.03288532261063892,0.01872187852859497,-0.17646735906600952,-0.04133734692146618,0.025537580251693726,-0.13676398992538452,-0.042035842577718086,-0.016277670860290527,-0.17131906747817993,-0.012722657325468845,-0.01574966311454773,-0.2108498215675354,-0.042577551941178626,-0.0015782713890075684,-0.14784252643585205,-0.0498497581880315,0.007412374019622803,-0.10663491487503052,-0.04720028329899151,-0.048726052045822144,-0.1595514416694641,-0.0174976142894252,-0.06028929352760315,-0.21796119213104248,-0.04341837976386387,-0.03961724042892456,-0.1667168140411377,-0.042037783453963584,-0.023847997188568115,-0.12444168329238892,-0.03361615378668148,-0.0788615345954895,-0.14229798316955566,-0.023974977697037048,-0.10933266580104828,-0.19427326321601868,-0.03696348730733234,-0.12962108850479126,-0.22452610731124878,-0.039240291605494804,-0.14822819828987122,-0.2581061124801636,-0.037978945563338584
Y,0.0,0.0,0.0,0.043734848499298096,-0.047127723693847656,-0.01632699460662934,0.07347702980041504,-0.11685395240783691,-0.0265610171196613,0.10086816549301147,-0.17593657970428467,-0.03896697700895402,0.12642276287078857,-0.209593266248703,-0.0480893561331186,0.017296284437179565,-0.17334207892417908,-0.010706337140277356,0.012889683246612549,-0.21998441219329834,-0.031446826615706414,0.018739312887191772,-0.17308026552200317,-0.04007837266601655,0.025427937507629395,-0.1326509714126587,-0.041073710629120797,-0.01677769422531128,-0.166463702917099,-0.012478035846129387,-0.015788763761520386,-0.20631057024002075,-0.041629572370425194,-0.0017094016075134277,-0.14391452074050903,-0.04945113600172135,0.007034182548522949,-0.10199755430221558,-0.04747152418769929,-0.0491795539855957,-0.15516722202301025,-0.017504551419392556,-0.06018158793449402,-0.21327602863311768,-0.04263440982379052,-0.040214717388153076,-0.16279572248458862,-0.04167252124227616,-0.024941444396972656,-0.12037605047225952,-0.03389424548424813,-0.07934823632240295,-0.13819646835327148,-0.02418462463595006,-0.11001439392566681,-0.18988916277885437,-0.03688690901674363,-0.1301497220993042,-0.22081875801086426,-0.03927300215639207,-0.14826203882694244,-0.2547868490219116,-0.03832774699606034
Y,0.0,0.0,0.0,0.04391801357269287,-0.046487510204315186,-0.016802875793501926,0.07376661896705627,-0.11625856161117554,-0.027389832309410167,0.10175561904907227,-0.1759568452835083,-0.0399943613474818,0.12782669067382812,-0.20945268869400024,-0.04929806152634342,0.0175187885761261,-0.17374053597450256,-0.011646407193467212,0.013211816549301147,-0.22039002180099487,-0.03160044784002025,0.018638044595718384,-0.17447897791862488,-0.03939524526052196,0.025241702795028687,-0.13484710454940796,-0.040052189028784824,-0.016260623931884766,-0.16746270656585693,-0.013136146127209258,-0.015239596366882324,-0.20660382509231567,-0.04151962930612285,-0.0012702345848083496,-0.14471328258514404,-0.04866392398528774,0.00760456919670105,-0.10377699136734009,-0.046483623332306934,-0.04851850867271423,-0.15660586953163147,-0.01781382458560188,-0.05942538380622864,-0.21441850066184998,-0.04266239935807903,-0.03962165117263794,-0.16386020183563232,-0.04139676550678928,-0.024552226066589355,-0.12169140577316284,-0.033619152850434375,-0.0785290002822876,-0.14001214504241943,-0.02416830370478351,-0.10975104570388794,-0.19132763147354126,-0.03691119188718517,-0.12990795075893402,-0.22264361381530762,-0.03928335244111736,-0.1479046493768692,-0.2573685050010681,-0.038417170292660785
Y,0.0,0.0,0.0,0.04453548789024353,-0.04620736837387085,-0.016178095163155604,0.07410550117492676,-0.11540389060974121,-0.026150337801624346,0.1014956533908844,-0.17519056797027588,-0.038236073599506426,0.12734150886535645,-0.20782119035720825,-0.04707684312884908,0.01743951439857483,-0.17252224683761597,-0.010583618105698633,0.01350623369216919,-0.21967124938964844,-0.03002165016656022,0.019656896591186523,-0.1735742688179016,-0.03766891677801709,0.025707334280014038,-0.1336466670036316,-0.03830518891041379,-0.016212880611419678,-0.16626888513565063,-0.012221760497737932,-0.014924764633178711,-0.20508843660354614,-0.04008210395400624,-0.00045743584632873535,-0.1434859037399292,-0.04754264225189786,0.008020907640457153,-0.10295289754867554,-0.045802957759548235,-0.048186153173446655,-0.15552642941474915,-0.016941341952730227,-0.058844178915023804,-0.2129867672920227,-0.04134356920545201,-0.03889760375022888,-0.16240781545639038,-0.04015139807884793,-0.02428537607192993,-0.12053483724594116,-0.03263952155535321,-0.0781959593296051,-0.13907861709594727,-0.023293900684763003,-0.10879828035831451,-0.189846932888031,-0.035828288094450045,-0.12844060361385345,-0.2211059331893921,-0.038088842676330614,-0.1461385041475296,-0.2563622295856476,-0.037261932538200426
Y,0.0,0.0,0.0,0.04481270909309387,-0.0461542010307312,-0.015305249501608387,0.07498633861541748,-0.11559784412384033,-0.024766870324157253,0.10332509875297546,-0.17484861612319946,-0.036776353154920116,0.12728509306907654,-0.20800307393074036,-0.0459612091226802,0.019041121006011963,-0.17355653643608093,-0.006899015062145963,0.015068262815475464,-0.22159776091575623,-0.02733723122312881,0.021049410104751587,-0.17668640613555908,-0.038097210709594265,0.027249515056610107,-0.1341019570827484,-0.04063727009727813,-0.014658540487289429,-0.1677061915397644,-0.008948499817989841,-0.013275086879730225,-0.20803967118263245,-0.03704743880464889,-0.00036904215812683105,-0.14692407846450806,-0.04709411460592605,0.007420599460601807,-0.1031794548034668,-0.04688337120845176,-0.04665693640708923,-0.15710800886154175,-0.014211532209657207,-0.05749952793121338,-0.2141033411026001,-0.03721463355853416,-0.039027631282806396,-0.16588741540908813,-0.03746271554066993,-0.024927377700805664,-0.12405449151992798,-0.03097928736045219,-0.07628554105758667,-0.14060738682746887,-0.02123146366014339,-0.10716444253921509,-0.19033682346343994,-0.032103609774850383,-0.12669940292835236,-0.22249317169189453,-0.034288250391028896,-0.14338530600070953,-0.25820785760879517,-0.03348954442574836
Y,0.0,0.0,0.0,0.043237656354904175,-0.04681605100631714,-0.017160445891050813,0.07306739687919617,-0.11612826585769653,-0.02827783531668615,0.10118034482002258,-0.17441540956497192,-0.0414694291276021,0.127221018075943,-0.20736587047576904,-0.05153887390318346,0.018107831478118896,-0.17314422130584717,-0.011065962232379434,0.01432335376739502,-0.22202932834625244,-0.03196492090049219,0.019228339195251465,-0.1759859025478363,-0.04163349463763666,0.024642467498779297,-0.1337929368019104,-0.04348850666704607,-0.015440911054611206,-0.16683852672576904,-0.01266205075356197,-0.013505667448043823,-0.207546204328537,-0.041939892314104554,-0.0005769133567810059,-0.14547452330589294,-0.050856057993797776,0.006937861442565918,-0.10131341218948364,-0.0496239107770009,-0.04754418134689331,-0.1561163365840912,-0.017528055675057885,-0.05817994475364685,-0.2150810956954956,-0.041760463706879136,-0.03884589672088623,-0.1666056513786316,-0.04111645787182283,-0.024428516626358032,-0.12406858801841736,-0.03385109125795793,-0.0775221586227417,-0.13986897468566895,-0.024220636553792474,-0.10748526453971863,-0.19024017453193665,-0.03613667234006357,-0.12622907757759094,-0.22124913334846497,-0.038287178121237275,-0.14303608238697052,-0.25514429807662964,-0.03737214251580667
Y,0.0,0.0,0.0,0.043761998414993286,-0.04713428020477295,-0.01696508664912244,0.07406213879585266,-0.11742189526557922,-0.02761635285145303,0.10282909870147705,-0.17660918831825256,-0.04033214886015912,0.12888771295547485,-0.20984068512916565,-0.04997786794132253,0.01822414994239807,-0.17552638053894043,-0.010033793824675286,0.01414579153060913,-0.2239806354045868,-0.03046233307844659,0.019257783889770508,-0.17804819345474243,-0.03989887897199651,0.024692952632904053,-0.13576370477676392,-0.041537347326936924,-0.015175014734268188,-0.16918089985847473,-0.011494499708476269,-0.013251125812530518,-0.2093988060951233,-0.04030203361338636,-0.00047135353088378906,-0.1465250551700592,-0.04917022127932569,0.0067359209060668945,-0.10215258598327637,-0.047807979474725926,-0.04716905951499939,-0.1580517590045929,-0.016224489624562466,-0.05747872591018677,-0.21689143776893616,-0.04024141941494008,-0.03854948282241821,-0.16809991002082825,-0.03964710522717496,-0.02465072274208069,-0.12567239999771118,-0.032303380857172215,-0.07703940570354462,-0.14123499393463135,-0.02272426624125501,-0.10692989826202393,-0.1916481852531433,-0.034449587653341496,-0.125558540225029,-0.22246599197387695,-0.036389368663492405,-0.14222076535224915,-0.2565048336982727,-0.03520312074846288
Y,0.0,0.0,0.0,0.04352062940597534,-0.04778355360031128,-0.01682434434104607,0.07397046685218811,-0.11796239018440247,-0.02757585996795342,0.10275593400001526,-0.17617997527122498,-0.04045746864784405,0.1290299892425537,-0.2086261510848999,-0.05020858736742184,0.018241941928863525,-0.17563727498054504,-0.010113448072559095,0.013559579849243164,-0.22365203499794006,-0.030944917518979764,0.01854228973388672,-0.17684054374694824,-0.04057523625004933,0.024438053369522095,-0.13490435481071472,-0.04238265024531529,-0.015513598918914795,-0.1687895655632019,-0.011750408616251207,-0.014131993055343628,-0.20914790034294128,-0.040980886835939145,-0.0012945830821990967,-0.1462915539741516,-0.04978258552063153,0.0064649879932403564,-0.10256129503250122,-0.04832537489045308,-0.04762330651283264,-0.1572849452495575,-0.01668963411856339,-0.05821511149406433,-0.21629011631011963,-0.040946908463126874,-0.039480239152908325,-0.16749989986419678,-0.04007792489636586,-0.02529922127723694,-0.12564072012901306,-0.03249384852159665,-0.07737445831298828,-0.14028391242027283,-0.023426355962044454,-0.10708954930305481,-0.1903659701347351,-0.035277735609895444,-0.12570542097091675,-0.2211577594280243,-0.03720040263641522,-0.14221470057964325,-0.2553540766239166,-0.035948753524905896
Y,0.0,0.0,0.0,0.043685317039489746,-0.04816770553588867,-0.01596754100901876,0.07425138354301453,-0.11814996600151062,-0.026382230788300376,0.10322001576423645,-0.17636799812316895,-0.039192908078263144,0.1290970742702484,-0.20961099863052368,-0.04910890069587026,0.017971843481063843,-0.17632398009300232,-0.00815817863477264,0.01395338773727417,-0.22503405809402466,-0.028830417066643577,0.019197136163711548,-0.17990916967391968,-0.03927607518417631,0.024611175060272217,-0.13723289966583252,-0.041577563255856376,-0.015793532133102417,-0.16968092322349548,-0.010111342750320773,-0.013907819986343384,-0.21023303270339966,-0.038676962822506766,-0.001165151596069336,-0.14878323674201965,-0.04821518120152746,0.006080567836761475,-0.10429447889328003,-0.04738773462159429,-0.04777362942695618,-0.15838703513145447,-0.015329585045407157,-0.058002620935440063,-0.21728640794754028,-0.038800851076672416,-0.03944063186645508,-0.1692509651184082,-0.03833764475567136,-0.02577263116836548,-0.12680602073669434,-0.03116783742589746,-0.07717901468276978,-0.14160099625587463,-0.022301549658010345,-0.10723645985126495,-0.1913507580757141,-0.0335501736102799,-0.1256376951932907,-0.2222764492034912,-0.03522520568949972,-0.14194947481155396,-0.2562945485115051,-0.033834726184437613
Y,0.0,0.0,0.0,0.045772939920425415,-0.04726243019104004,-0.015592934723315466,0.07707658410072327,-0.11825290322303772,-0.024973209175584543,0.10650402307510376,-0.17736512422561646,-0.03709959720384859,0.13311132788658142,-0.20934730768203735,-0.04643171762239717,0.021085917949676514,-0.1735832393169403,-0.005615753746894825,0.015506386756896973,-0.22661560773849487,-0.02712310959708475,0.021693170070648193,-0.1804264783859253,-0.039182477790234316,0.02816373109817505,-0.13566312193870544,-0.04221895818722032,-0.013372868299484253,-0.167112797498703,-0.007866168554244268,-0.013770520687103271,-0.20987197756767273,-0.03698929135811113,-0.0015867352485656738,-0.15029776096343994,-0.048232299435255754,0.0062833428382873535,-0.10466888546943665,-0.04826009755146288,-0.045903801918029785,-0.15633779764175415,-0.013534579585609663,-0.05729922652244568,-0.21513155102729797,-0.036628232497093904,-0.0398063063621521,-0.16859307885169983,-0.03707844873082422,-0.02595582604408264,-0.1261146068572998,-0.030218041661498773,-0.07543422281742096,-0.14037126302719116,-0.021110179993627298,-0.10497084259986877,-0.19031494855880737,-0.03138094131958269,-0.12388509511947632,-0.22218596935272217,-0.03300716837060236,-0.1400226503610611,-0.2565743625164032,-0.03146038313519739
Y,0.0,0.0,0.0,0.044021010398864746,-0.049727797508239746,-0.015764498608461963,0.07530269026756287,-0.12063705921173096,-0.026123912530295,0.10520732402801514,-0.17918699979782104,-0.039158854158870327,0.13029813766479492,-0.2128533124923706,-0.04915143501972352,0.01873379945755005,-0.17879930138587952,-0.0070807682259896865,0.013494133949279785,-0.22994914650917053,-0.028844397040359127,0.01915457844734192,-0.1847982108592987,-0.03964867395376359,0.025631755590438843,-0.1418900191783905,-0.04177989390706216,-0.015067845582962036,-0.1714317798614502,-0.009444535235218154,-0.01491042971611023,-0.21300768852233887,-0.03899560076212083,-0.002530336380004883,-0.15126493573188782,-0.04842310351347123,0.005334228277206421,-0.10795071721076965,-0.04710120660280381,-0.04718908667564392,-0.15991604328155518,-0.015334193120054351,-0.057970255613327026,-0.21978282928466797,-0.039451099457494365,-0.04036778211593628,-0.17087915539741516,-0.03817089227055703,-0.026951581239700317,-0.12868237495422363,-0.03012700145160352,-0.07693657279014587,-0.14334270358085632,-0.023052600669018375,-0.1064942479133606,-0.1934247612953186,-0.03422418189262544,-0.12472493946552277,-0.22312822937965393,-0.03512045321082269,-0.14050471782684326,-0.2562828063964844,-0.03293728408431207
Y,0.0,0.0,0.0,0.04370710253715515,-0.049928486347198486,-0.015442276607501526,0.07503601908683777,-0.12004604935646057,-0.025683504763293286,0.10448408126831055,-0.17861106991767883,-0.038752609166550656,0.12891507148742676,-0.21335923671722412,-0.04902372625772955,0.018489420413970947,-0.17869505286216736,-0.005686176709133406,0.012762129306793213,-0.22958433628082275,-0.027636903572130223,0.018023163080215454,-0.18529334664344788,-0.039646146121668835,0.024249881505966187,-0.1413555145263672,-0.04263731208746435,-0.015502840280532837,-0.17122700810432434,-0.008183836239624043,-0.0154704749584198,-0.21328645944595337,-0.03768135723774435,-0.0034164786338806152,-0.15246856212615967,-0.04846132290666105,0.0043562352657318115,-0.10768517851829529,-0.04811439034645559,-0.047706544399261475,-0.15931737422943115,-0.014191477793502827,-0.05883556604385376,-0.21932843327522278,-0.03801731509273054,-0.041962116956710815,-0.17177653312683105,-0.03788107750122549,-0.028626859188079834,-0.12938320636749268,-0.03064589691464903,-0.07729457318782806,-0.1421109437942505,-0.02200968680088522,-0.10698072612285614,-0.1918206810951233,-0.03312479076092245,-0.12563824653625488,-0.22153356671333313,-0.034476635280299206,-0.14148879051208496,-0.2541272044181824,-0.03259297204320433
Y,0.0,0.0,0.0,0.044157177209854126,-0.04954388737678528,-0.015967310152092296,0.07540476322174072,-0.11917710304260254,-0.02653319083813699,0.10380566120147705,-0.17812970280647278,-0.039834701201954203,0.12778839468955994,-0.213884174823761,-0.050312858752050715,0.019219964742660522,-0.17909684777259827,-0.006055728743859845,0.013441324234008789,-0.23053231835365295,-0.028232258490362483,0.01822608709335327,-0.18671798706054688,-0.04037782990101846,0.024093329906463623,-0.14329203963279724,-0.043525238267221766,-0.0150374174118042,-0.17213478684425354,-0.008302415466943103,-0.015488654375076294,-0.2147238850593567,-0.038212855092325526,-0.003376871347427368,-0.15404987335205078,-0.04922529005173715,0.004550307989120483,-0.10951027274131775,-0.048950345001259166,-0.04738664627075195,-0.16047155857086182,-0.014083378694095927,-0.058942586183547974,-0.2202320396900177,-0.03842618384126695,-0.041762977838516235,-0.171908438205719,-0.03850845687750848,-0.0280914306640625,-0.12922117114067078,-0.03128247403267892,-0.07688409090042114,-0.14326295256614685,-0.021689134395757037,-0.10661476850509644,-0.19233593344688416,-0.033233889124431926,-0.1252480000257492,-0.22180235385894775,-0.03488877483371766,-0.14111588895320892,-0.25441521406173706,-0.03313613378170999
Y,0.0,0.0,0.0,0.04401257634162903,-0.04901766777038574,-0.016362088496151728,0.07528313994407654,-0.11761400103569031,-0.027007953027549547,0.1031581461429596,-0.17567777633666992,-0.04022966208523826,0.12624868750572205,-0.21169549226760864,-0.05061193438834266,0.019045591354370117,-0.17759469151496887,-0.007086437424931091,0.01332712173461914,-0.22891351580619812,-0.02963691460556106,0.017907768487930298,-0.18474003672599792,-0.041917635822954935,0.02372536063194275,-0.14116016030311584,-0.0451223056263359,-0.01506081223487854,-0.17075106501579285,-0.009184671329620642,-0.015926331281661987,-0.21334147453308105,-0.03931169467634277,-0.004232078790664673,-0.15303057432174683,-0.05037256586021499,0.0036450624465942383,-0.10868719220161438,-0.05021109315222816,-0.04733854532241821,-0.1588929295539856,-0.014832912707987589,-0.059069156646728516,-0.2183714210987091,-0.03946230816310958,-0.04211816191673279,-0.17024222016334534,-0.03961753728455619,-0.028294920921325684,-0.1278802752494812,-0.032470869595471186,-0.07681269943714142,-0.14132297039031982,-0.022308422947588724,-0.10652434825897217,-0.19005358219146729,-0.03421442466444091,-0.1250641793012619,-0.2195529341697693,-0.036076402986708445,-0.14067332446575165,-0.2523757219314575,-0.034467085028353495
Y,0.0,0.0,0.0,0.04441457986831665,-0.048838913440704346,-0.016394552935821594,0.07578295469284058,-0.11827364563941956,-0.026967027385694564,0.10437217354774475,-0.17750179767608643,-0.040150302623374046,0.12828660011291504,-0.21329748630523682,-0.05061757114992815,0.019304484128952026,-0.17695429921150208,-0.006600913287115873,0.014219343662261963,-0.22884315252304077,-0.028571886171562255,0.01835399866104126,-0.18573099374771118,-0.04048621950016695,0.023658066987991333,-0.14253920316696167,-0.04353170764909464,-0.014698445796966553,-0.17018446326255798,-0.008622195732755245,-0.015069961547851562,-0.21342766284942627,-0.03808571321235377,-0.003611236810684204,-0.1537819504737854,-0.048868547354800285,0.004125773906707764,-0.11001148819923401,-0.04856566635237414,-0.04684743285179138,-0.15852439403533936,-0.014194633972806514,-0.05797798931598663,-0.21825501322746277,-0.038376263503892005,-0.04112192988395691,-0.1703127920627594,-0.03845365640984255,-0.027526438236236572,-0.1279240846633911,-0.03130823296771723,-0.07617099583148956,-0.14133548736572266,-0.02161723298297602,-0.10532583296298981,-0.190184086561203,-0.033115710292918266,-0.12377595901489258,-0.21933892369270325,-0.034751939748389304,-0.13946205377578735,-0.25150781869888306,-0.03305277896390635
Y,0.0,0.0,0.0,0.045763611793518066,-0.04715326428413391,-0.0148311183625367,0.07748058438301086,-0.11635622382164001,-0.023959076108923227,0.10637843608856201,-0.17601466178894043,-0.0359330550604966,0.1288096010684967,-0.21323323249816895,-0.04550816126405266,0.02140289545059204,-0.17341211438179016,-0.005086422974756033,0.015423327684402466,-0.22851979732513428,-0.02597572662173775,0.019883781671524048,-0.1859547197818756,-0.0380111598247197,0.025497257709503174,-0.1419053077697754,-0.04135668285428551,-0.012940257787704468,-0.1666041612625122,-0.007755639574071438,-0.014559417963027954,-0.2120586335659027,-0.03623570882021454,-0.0036760568618774414,-0.15409687161445618,-0.04798175402223137,0.0039900243282318115,-0.1084991991519928,-0.04869966961680916,-0.04522007703781128,-0.15527570247650146,-0.013694472687831194,-0.05750840902328491,-0.21610859036445618,-0.03600605212389496,-0.041214168071746826,-0.17062684893608093,-0.03640426703034905,-0.027387529611587524,-0.12816959619522095,-0.03005977541445759,-0.0745135247707367,-0.13852572441101074,-0.021474558936944277,-0.10336244106292725,-0.1873885989189148,-0.03171503179012802,-0.1216050386428833,-0.21826320886611938,-0.03329432390867737,-0.136630117893219,-0.2517765909433365,-0.03191884987293747
Y,0.0,0.0,0.0,0.04501405358314514,-0.048463910818099976,-0.015484556299071528,0.07715004682540894,-0.11654165387153625,-0.02583225977085135,0.10625004768371582,-0.17652004957199097,-0.03900682527981303,0.12946489453315735,-0.21347576379776,-0.049559183162074305,0.021142661571502686,-0.1735028624534607,-0.005064229224245764,0.015752851963043213,-0.22732484340667725,-0.02611832667551539,0.018229007720947266,-0.18621644377708435,-0.037381242704014994,0.023426294326782227,-0.14420410990715027,-0.04026886795125506,-0.01270747184753418,-0.1670387089252472,-0.007388007104765393,-0.013401925563812256,-0.21225354075431824,-0.03628981832824252,-0.002895563840866089,-0.15260538458824158,-0.04639707107506297,0.004704952239990234,-0.10875099897384644,-0.04568440068922541,-0.04473748803138733,-0.1567986011505127,-0.013257862743358828,-0.05620035529136658,-0.218522310256958,-0.036444112401824214,-0.04008170962333679,-0.1711413562297821,-0.035357780497889735,-0.02662643790245056,-0.12849003076553345,-0.02781355541608832,-0.07454933226108551,-0.14112547039985657,-0.02105127063057921,-0.10211560130119324,-0.1898622214794159,-0.03184631441197894,-0.11918573081493378,-0.21927616000175476,-0.03291314814649127,-0.13360266387462616,-0.25182583928108215,-0.03108010042868159
Y,0.0,0.0,0.0,0.044958651065826416,-0.0492548942565918,-0.015477914219388822,0.07699409127235413,-0.11757335066795349,-0.026037716162989,0.10585421323776245,-0.17735353112220764,-0.03934945058603034,0.12865790724754333,-0.21444520354270935,-0.050040147123525,0.020628303289413452,-0.17516419291496277,-0.0054676410235856565,0.014983177185058594,-0.22974133491516113,-0.026573533979842523,0.01751270890235901,-0.18937331438064575,-0.03771458831209884,0.022522956132888794,-0.14714527130126953,-0.04037621137280212,-0.012906402349472046,-0.16842973232269287,-0.007826019866058687,-0.013824671506881714,-0.21489161252975464,-0.036341669825503686,-0.003521174192428589,-0.15554341673851013,-0.04619955909032569,0.0035702288150787354,-0.11194959282875061,-0.04534434047121749,-0.044689059257507324,-0.15802180767059326,-0.013713311260232786,-0.056006431579589844,-0.22043204307556152,-0.03665689271468864,-0.0401516854763031,-0.1734389364719391,-0.03546144333262191,-0.027280569076538086,-0.13087356090545654,-0.027872177628466943,-0.07450775802135468,-0.14229968190193176,-0.02149064172584758,-0.10239869356155396,-0.192146897315979,-0.03213661056537376,-0.11948488652706146,-0.22201335430145264,-0.03294549774903999,-0.13403332233428955,-0.25461411476135254,-0.030910652918407777
Y,0.0,0.0,0.0,0.0452190637588501,-0.04815036058425903,-0.01593937870106288,0.07790744304656982,-0.11556607484817505,-0.026732412688346585,0.10671204328536987,-0.17514309287071228,-0.04003218706688472,0.12970682978630066,-0.21202898025512695,-0.05071003880343028,0.021505385637283325,-0.17252683639526367,-0.006583824809553107,0.015894293785095215,-0.2268868088722229,-0.02718500193199702,0.018271714448928833,-0.18640387058258057,-0.03767409320911952,0.023748070001602173,-0.1445925533771515,-0.040011824630113324,-0.011961668729782104,-0.16598981618881226,-0.008617802113207063,-0.013195663690567017,-0.21309280395507812,-0.036937852911563596,-0.0033698081970214844,-0.1532457172870636,-0.046281782500358304,0.0037556886672973633,-0.10905057191848755,-0.0450293659790475,-0.043936848640441895,-0.15604421496391296,-0.014109948240133008,-0.05581219494342804,-0.2185911238193512,-0.03685062896451541,-0.04016199707984924,-0.17267724871635437,-0.03545851778230258,-0.027093857526779175,-0.13067445158958435,-0.027806797586293897,-0.07432189583778381,-0.14077526330947876,-0.0214753575249631,-0.10212412476539612,-0.1907728612422943,-0.03186020027837344,-0.11887006461620331,-0.22102618217468262,-0.03244488459071704,-0.13313238322734833,-0.25397005677223206,-0.030362650342198094
Y,0.0,0.0,0.0,0.04454204440116882,-0.04902297258377075,-0.015175382092934342,0.07766997814178467,-0.11754173040390015,-0.025604553006928654,0.10689562559127808,-0.17783740162849426,-0.038525793187659474,0.13069286942481995,-0.21425333619117737,-0.04854277842525789,0.02182328701019287,-0.1734279990196228,-0.0066004958454186635,0.01669660210609436,-0.2291927933692932,-0.026622941203754635,0.01880401372909546,-0.18846508860588074,-0.03624095716361353,0.02365317940711975,-0.1466609537601471,-0.03806843184713671,-0.01141384243965149,-0.1674070954322815,-0.008791960262101384,-0.012575358152389526,-0.2146722376346588,-0.03652132251147577,-0.002515137195587158,-0.15537181496620178,-0.045167628161948414,0.0043069422245025635,-0.11177638173103333,-0.043699170880358906,-0.04308435320854187,-0.1585477590560913,-0.014310359441083165,-0.05547380447387695,-0.22169160842895508,-0.03633994930271456,-0.03907880187034607,-0.17464008927345276,-0.034257325761359425,-0.02574896812438965,-0.13174867630004883,-0.02649397910420248,-0.07320821285247803,-0.14446187019348145,-0.021701834582131596,-0.10135821998119354,-0.1938740313053131,-0.03162163072113344,-0.11799868941307068,-0.22393584251403809,-0.03206332349066088,-0.1325056105852127,-0.257070392370224,-0.03011079453710863
Y,0.0,0.0,0.0,0.043791502714157104,-0.04882088303565979,-0.015425187945083962,0.07724088430404663,-0.11800751090049744,-0.02562139783026396,0.1062140166759491,-0.1788896918296814,-0.03818657848955809,0.12949976325035095,-0.2169739007949829,-0.04756844270946203,0.02184838056564331,-0.1763383448123932,-0.006343080140368329,0.01586940884590149,-0.2325069010257721,-0.027060086317078458,0.01784577965736389,-0.18956142663955688,-0.037169067598597394,0.02270182967185974,-0.14725792407989502,-0.03912413720013319,-0.011571943759918213,-0.17005330324172974,-0.00836474489392458,-0.013976335525512695,-0.21804684400558472,-0.03646080423118292,-0.003591984510421753,-0.15814724564552307,-0.045404063947216855,0.003568589687347412,-0.11462706327438354,-0.04407100979210554,-0.043335139751434326,-0.1608753502368927,-0.013831205144242631,-0.05644004046916962,-0.22451916337013245,-0.03638824675203978,-0.04052633047103882,-0.17631223797798157,-0.03429224569322287,-0.02756410837173462,-0.13308653235435486,-0.026271069831864224,-0.0734349936246872,-0.14680331945419312,-0.02116043161572634,-0.10180947184562683,-0.19707247614860535,-0.031477025188223706,-0.11835497617721558,-0.22703641653060913,-0.03187648061634718,-0.13294604420661926,-0.26027894020080566,-0.029648950732962476
Y,0.0,0.0,0.0,0.043908774852752686,-0.04805099964141846,-0.015213757524264793,0.07726219296455383,-0.11815312504768372,-0.025264357918871383,0.10621064901351929,-0.1793399453163147,-0.03774450510181282,0.13116884231567383,-0.2167905569076538,-0.046934881949795226,0.02248135209083557,-0.17589762806892395,-0.0064931626003215115,0.016477584838867188,-0.23300635814666748,-0.02820105082727764,0.01852971315383911,-0.18812492489814758,-0.039021340901030044,0.02330079674720764,-0.1447247862815857,-0.04120595544017647,-0.011585354804992676,-0.169533371925354,-0.00869497913308237,-0.014177143573760986,-0.2174738347530365,-0.03763878508843277,-0.0033726096153259277,-0.15694451332092285,-0.046838922196997146,0.0038488805294036865,-0.11269792914390564,-0.0454216541293988,-0.04379969835281372,-0.16042807698249817,-0.014421762669456939,-0.05729664862155914,-0.22450989484786987,-0.03723637923039291,-0.040588319301605225,-0.1769203245639801,-0.03536318033374641,-0.027051836252212524,-0.13405051827430725,-0.027310266861690025,-0.07395309209823608,-0.14670193195343018,-0.022010182732714156,-0.10229435563087463,-0.19769743084907532,-0.03207000880874489,-0.11908042430877686,-0.22824439406394958,-0.03253716393746231,-0.1341443657875061,-0.26205703616142273,-0.030327871212733726
Y,0.0,0.0,0.0,0.044778287410736084,-0.04771682620048523,-0.015916380605318636,0.07758235931396484,-0.12114208936691284,-0.025786879977800936,0.10454368591308594,-0.18309146165847778,-0.03803999679408321,0.12697744369506836,-0.22208672761917114,-0.046587418338873476,0.02401861548423767,-0.18169504404067993,-0.007583128793754668,0.016217947006225586,-0.2390991449356079,-0.03238290505728969,0.018410861492156982,-0.1897730827331543,-0.04424629690370807,0.02262246608734131,-0.14390817284584045,-0.046113378873684496,-0.011938929557800293,-0.17603635787963867,-0.009929203002371878,-0.016670048236846924,-0.22303339838981628,-0.0420346665593172,-0.005027651786804199,-0.15810924768447876,-0.05150951402507076,0.002156764268875122,-0.11219078302383423,-0.04903523953876743,-0.044889599084854126,-0.16646349430084229,-0.016160619950511546,-0.059914007782936096,-0.22876334190368652,-0.041629794559099764,-0.041933685541152954,-0.1808152198791504,-0.040347907266237826,-0.028071999549865723,-0.1397523581981659,-0.03144526439032802,-0.07465296983718872,-0.1515066921710968,-0.024184250778176875,-0.10424298048019409,-0.20414096117019653,-0.03517952891311893,-0.1211431473493576,-0.23399263620376587,-0.03572057890019664,-0.13660621643066406,-0.2668488621711731,-0.03291969703755626
Y,0.0,0.0,0.0,0.044459253549575806,-0.04791572690010071,-0.016194775947980133,0.07771855592727661,-0.12313836812973022,-0.02563953610663816,0.10580947995185852,-0.18567049503326416,-0.03716918292050764,0.1313910186290741,-0.22205010056495667,-0.04480276840334341,0.02210327982902527,-0.1818910837173462,-0.008286707350663391,0.015204429626464844,-0.23780757188796997,-0.032270537936739174,0.017913818359375,-0.1857224702835083,-0.0436319841683428,0.022940099239349365,-0.14094331860542297,-0.04555334734325811,-0.013609498739242554,-0.17510148882865906,-0.010174359442345349,-0.01759973168373108,-0.22216325998306274,-0.04219198437934324,-0.004811614751815796,-0.1566460132598877,-0.051579950624756066,0.002945154905319214,-0.11055538058280945,-0.049286144101671425,-0.04665786027908325,-0.16480723023414612,-0.015821907916716782,-0.061632752418518066,-0.22841352224349976,-0.04128718214636251,-0.04345110058784485,-0.17925038933753967,-0.040048035109094826,-0.029927939176559448,-0.1371360421180725,-0.03126383411293432,-0.07665112614631653,-0.1499476134777069,-0.023239903399399964,-0.10540574789047241,-0.20455163717269897,-0.034347744906000344,-0.12216922640800476,-0.23568904399871826,-0.03535311507587835,-0.13834339380264282,-0.2698619067668915,-0.0330002328992407
Y,0.0,0.0,0.0,0.044655412435531616,-0.049710214138031006,-0.016254220340869097,0.07747113704681396,-0.1264743208885193,-0.025575619373938707,0.1058247983455658,-0.18984860181808472,-0.03697022627713409,0.13071629405021667,-0.22702401876449585,-0.04436760600330558,0.0222356915473938,-0.18540745973587036,-0.008573596548757223,0.014793843030929565,-0.24064239859580994,-0.0326379185509893,0.01737302541732788,-0.18683895468711853,-0.0442379919779512,0.022283226251602173,-0.14202004671096802,-0.046354701925537256,-0.013929605484008789,-0.17893865704536438,-0.010467541587075857,-0.01859229803085327,-0.22456321120262146,-0.04256547074439254,-0.005213409662246704,-0.1582317054271698,-0.05206511746766296,0.002977341413497925,-0.11183848977088928,-0.049933953393718866,-0.047006458044052124,-0.16859528422355652,-0.01611678506853309,-0.06225234270095825,-0.2314041554927826,-0.0414526557517263,-0.04365357756614685,-0.18089723587036133,-0.04003904964449134,-0.030025869607925415,-0.13792023062705994,-0.03118132445635524,-0.07678265869617462,-0.15338951349258423,-0.023599086512348322,-0.10630691051483154,-0.20892581343650818,-0.03457062150957313,-0.12393149733543396,-0.2404058575630188,-0.035495048571846155,-0.1410384625196457,-0.2746620178222656,-0.03310662712576118
Y,0.0,0.0,0.0,0.04385492205619812,-0.04949533939361572,-0.0169243640651473,0.0766863226890564,-0.12807366251945496,-0.02658240268132772,0.10519436001777649,-0.1921735405921936,-0.03828573370478239,0.13110068440437317,-0.22931742668151855,-0.04581254864237394,0.02125963568687439,-0.1874411404132843,-0.008925476615644357,0.013669639825820923,-0.24242550134658813,-0.03359171146652784,0.016550511121749878,-0.18744173645973206,-0.04532975847027387,0.022015899419784546,-0.14212626218795776,-0.04732735598585691,-0.014775127172470093,-0.18060940504074097,-0.010651960541821381,-0.019432127475738525,-0.2260044813156128,-0.043509548102832696,-0.005505263805389404,-0.158956378698349,-0.05290093789002981,0.0032721757888793945,-0.11230897903442383,-0.05036907041571226,-0.04775279760360718,-0.1700003445148468,-0.01629204632840242,-0.06335049867630005,-0.23292186856269836,-0.042187941764808556,-0.04428163170814514,-0.18150386214256287,-0.04055289695165243,-0.03015962243080139,-0.1379617154598236,-0.031217282210803887,-0.07747277617454529,-0.1545180380344391,-0.023866913785553834,-0.10693411529064178,-0.21078082919120789,-0.03507995376489248,-0.12497411668300629,-0.24260812997817993,-0.036038653497911355,-0.14249485731124878,-0.276998907327652,-0.033489202653385064
Y,0.0,0.0,0.0,0.04371517896652222,-0.051509082317352295,-0.017579165694030507,0.07430455088615417,-0.12981244921684265,-0.027591915276559575,0.10208770632743835,-0.1929703652858734,-0.03997305914452909,0.12783244252204895,-0.2287975251674652,-0.04800990357688306,0.018400102853775024,-0.18943095207214355,-0.007268484157236799,0.009307920932769775,-0.24444246292114258,-0.03409852221301435,0.013504654169082642,-0.18919947743415833,-0.046526738849195226,0.019797831773757935,-0.14536887407302856,-0.04814416676452993,-0.01749512553215027,-0.18191614747047424,-0.009173671190353616,-0.023885220289230347,-0.22693127393722534,-0.043643680807861074,-0.009779930114746094,-0.156086266040802,-0.0526380738585317,-0.0005503296852111816,-0.1099264919757843,-0.04883144184640287,-0.04996490478515625,-0.17055296897888184,-0.015489417534979566,-0.06571739912033081,-0.23139795660972595,-0.04319670930198072,-0.046683698892593384,-0.17744076251983643,-0.04042066767505048,-0.032061755657196045,-0.13449108600616455,-0.029145208594115957,-0.07963360846042633,-0.15398848056793213,-0.023870352131041273,-0.11059063673019409,-0.20939335227012634,-0.03510964795640348,-0.12865884602069855,-0.24110040068626404,-0.034772680547746404,-0.14484155178070068,-0.27604109048843384,-0.030711655911716207
Y,0.0,0.0,0.0,0.043522775173187256,-0.05113762617111206,-0.016081656369294706,0.07461854815483093,-0.1301741898059845,-0.02545606255802113,0.1023729145526886,-0.19602051377296448,-0.03700949162515599,0.12803664803504944,-0.23322555422782898,-0.044449563178147855,0.020583122968673706,-0.1884935200214386,-0.009985310065474096,0.011140316724777222,-0.2439243495464325,-0.03460090518268544,0.014035075902938843,-0.18820708990097046,-0.04592429757389027,0.019733339548110962,-0.14244791865348816,-0.04752478659423787,-0.016066253185272217,-0.18105772137641907,-0.011977263766254964,-0.021873801946640015,-0.22534504532814026,-0.044168944510545316,-0.007257968187332153,-0.15853524208068848,-0.05270538762482602,0.002366870641708374,-0.11319667100906372,-0.04991220593723256,-0.04917481541633606,-0.16997075080871582,-0.01776733160289723,-0.06574037671089172,-0.23259353637695312,-0.04298809826644856,-0.046150535345077515,-0.18119728565216064,-0.04070996031435925,-0.03131842613220215,-0.13753923773765564,-0.031263086053456846,-0.07882563769817352,-0.15401691198349,-0.025480945634569707,-0.1094297468662262,-0.21226704120635986,-0.03637011632594067,-0.12874466180801392,-0.24506720900535583,-0.037207352968778196,-0.14706848561763763,-0.2798183262348175,-0.03475472614439923
Y,0.0,0.0,0.0,0.04272744059562683,-0.049455344676971436,-0.01778885720443668,0.07309529185295105,-0.12973254919052124,-0.027964331192492864,0.1001690924167633,-0.19441381096839905,-0.04007999224734249,0.12580838799476624,-0.23255956172943115,-0.047931931895732305,0.01807016134262085,-0.1890108585357666,-0.0106860864735836,0.009158462285995483,-0.24233561754226685,-0.036301758123158834,0.012182652950286865,-0.1871257722377777,-0.048266097886084935,0.01821434497833252,-0.14134475588798523,-0.050098750723122976,-0.01818278431892395,-0.1810712218284607,-0.0120241381056303,-0.02320486307144165,-0.22392192482948303,-0.04586004464101734,-0.009098351001739502,-0.1562294363975525,-0.05490436030697765,0.00016489624977111816,-0.10907942056655884,-0.051808923465728185,-0.0512775182723999,-0.16967740654945374,-0.01742739228677692,-0.06828203797340393,-0.23122236132621765,-0.043901626003503225,-0.04901003837585449,-0.1805669069290161,-0.04215436427068653,-0.033979982137680054,-0.13706564903259277,-0.0324830226428503,-0.08097374439239502,-0.15358683466911316,-0.024866744858741185,-0.11211323738098145,-0.21067476272583008,-0.03642315788340511,-0.1314774453639984,-0.24335810542106628,-0.03770206121873798,-0.14978645741939545,-0.2782638669013977,-0.03524724019837322
Y,0.0,0.0,0.0,0.04296445846557617,-0.05068361759185791,-0.017149652337678845,0.07317161560058594,-0.13054633140563965,-0.02705000246132272,0.09999015927314758,-0.19580036401748657,-0.039063525369414265,0.12440496683120728,-0.2340201735496521,-0.046860036423453266,0.01865026354789734,-0.18956929445266724,-0.010994676483818466,0.008611440658569336,-0.243014395236969,-0.03638151006961721,0.012155711650848389,-0.18764454126358032,-0.047719010135182316,0.018231600522994995,-0.1422141194343567,-0.04907144325042623,-0.018072903156280518,-0.18155667185783386,-0.012690084969648296,-0.023526877164840698,-0.2230042815208435,-0.04589311124945539,-0.00880420207977295,-0.1556430160999298,-0.054254253378161366,0.0003364384174346924,-0.11036926507949829,-0.05099053399825948,-0.05120393633842468,-0.1698659062385559,-0.018376606499799664,-0.06839343905448914,-0.23002958297729492,-0.044550799747952397,-0.04830896854400635,-0.1789969503879547,-0.042345010658749516,-0.03314685821533203,-0.13595712184906006,-0.03259986730481046,-0.08076286315917969,-0.15337640047073364,-0.02606421055460828,-0.11239096522331238,-0.21077316999435425,-0.03760321529770749,-0.13176235556602478,-0.24337166547775269,-0.03874039368892568,-0.15005090832710266,-0.27819401025772095,-0.03627900498176473
Y,0.0,0.0,0.0,0.04332432150840759,-0.051136910915374756,-0.01675730992019453,0.07335427403450012,-0.13066840171813965,-0.026330208889248752,0.09969145059585571,-0.1958722472190857,-0.038270129374268436,0.12478750944137573,-0.23376506567001343,-0.0461064563310174,0.019488543272018433,-0.19053632020950317,-0.009240404254796886,0.009699970483779907,-0.24241232872009277,-0.03503252055406847,0.01290777325630188,-0.18729102611541748,-0.04677676644087114,0.018939495086669922,-0.14196747541427612,-0.04812972109675684,-0.01707637310028076,-0.18279296159744263,-0.01112875204444208,-0.022468477487564087,-0.22353732585906982,-0.04431679706931391,-0.008459866046905518,-0.15670382976531982,-0.052800396940710925,0.0009290575981140137,-0.1120181679725647,-0.049445162079337024,-0.05035078525543213,-0.17067748308181763,-0.01712948132217207,-0.06717395782470703,-0.2296435534954071,-0.0437071905648736,-0.0473594069480896,-0.17725786566734314,-0.041405203304293536,-0.03173881769180298,-0.13374197483062744,-0.031252591422799014,-0.0803101658821106,-0.15346181392669678,-0.025121339148881816,-0.11168356239795685,-0.21112129092216492,-0.03677878018379488,-0.13128678500652313,-0.24404805898666382,-0.0376584143555192,-0.1492379605770111,-0.27892088890075684,-0.03479850154280939
Y,0.0,0.0,0.0,0.04206645488739014,-0.04930692911148071,-0.017636059803351145,0.0719982385635376,-0.13039177656173706,-0.027550249380453806,0.09844931960105896,-0.19470420479774475,-0.03956886476038335,0.12367552518844604,-0.23359167575836182,-0.04728360569237111,0.017301827669143677,-0.18912196159362793,-0.010230318663104754,0.007870614528656006,-0.24029025435447693,-0.03597456684468625,0.01141396164894104,-0.18505430221557617,-0.047676325795634966,0.017819374799728394,-0.14007997512817383,-0.049174138364776354,-0.018928229808807373,-0.18090412020683289,-0.011678725500985365,-0.023576587438583374,-0.22085517644882202,-0.045462911037191134,-0.009243488311767578,-0.15344732999801636,-0.054146585074647646,-4.914402961730957e-05,-0.1078605055809021,-0.05082160702107785,-0.05214989185333252,-0.16896653175354004,-0.017282490638478976,-0.0689542293548584,-0.22837603092193604,-0.04433667382357953,-0.04947090148925781,-0.17699456214904785,-0.04246532267092107,-0.03433394432067871,-0.13399028778076172,-0.032482934204324465,-0.08193071186542511,-0.15242576599121094,-0.02490562854467271,-0.11379238963127136,-0.20931166410446167,-0.037085783687814455,-0.1333605945110321,-0.24187755584716797,-0.03852285539863942,-0.15153534710407257,-0.27676254510879517,-0.03596719822047589
Y,0.0,0.0,0.0,0.042490869760513306,-0.04860663414001465,-0.01829320294189074,0.0720076858997345,-0.12907499074935913,-0.028725967829700494,0.09809231758117676,-0.19352439045906067,-0.0412824760131798,0.12274608016014099,-0.23329663276672363,-0.049577248369928384,0.018606066703796387,-0.18857800960540771,-0.011328626511271978,0.008268624544143677,-0.2396145462989807,-0.037905653094526315,0.01194944977760315,-0.1841680407524109,-0.05013684285211184,0.018449246883392334,-0.1386510729789734,-0.051915475254531884,-0.01790192723274231,-0.1807469129562378,-0.012758395721789384,-0.023151755332946777,-0.22000017762184143,-0.04765627635049441,-0.008516103029251099,-0.15258485078811646,-0.05691657317208865,0.00075569748878479,-0.10593193769454956,-0.053860169922586465,-0.05138698220252991,-0.1687995195388794,-0.01843215440737822,-0.06863223016262054,-0.22743934392929077,-0.04646068168210604,-0.04881134629249573,-0.17593646049499512,-0.04513242197560885,-0.03339162468910217,-0.13242286443710327,-0.035347865050312066,-0.08135202527046204,-0.15218454599380493,-0.026166577910657907,-0.1135898232460022,-0.20886892080307007,-0.03909912434744456,-0.1335897594690323,-0.2414129376411438,-0.04110545394348719,-0.15224501490592957,-0.2761954665184021,-0.03892628577875712
Y,0.0,0.0,0.0,0.041782259941101074,-0.05093657970428467,-0.018261893246517502,0.07003381848335266,-0.13151752948760986,-0.02835399151240381,0.09509065747261047,-0.19538772106170654,-0.04052178055439981,0.12046808004379272,-0.233914315700531,-0.048144186441049897,0.014082759618759155,-0.18990427255630493,-0.009127788771138512,0.005126059055328369,-0.2409965991973877,-0.03651717543993982,0.01044696569442749,-0.18358951807022095,-0.04955736786519083,0.017609059810638428,-0.13834041357040405,-0.05147559062038454,-0.02194768190383911,-0.18056482076644897,-0.010522804748461567,-0.027654588222503662,-0.22151720523834229,-0.04583590343986543,-0.011798948049545288,-0.15097332000732422,-0.0556713552812198,-0.0016729533672332764,-0.1025727391242981,-0.05251526326333078,-0.05496157705783844,-0.16803032159805298,-0.01633166388069185,-0.07107383012771606,-0.22560027241706848,-0.04505212098752054,-0.049114376306533813,-0.17171359062194824,-0.043920917961941086,-0.0320931077003479,-0.1272273063659668,-0.03362492710743936,-0.0845930278301239,-0.151189923286438,-0.024155047316298806,-0.11754992604255676,-0.20635533332824707,-0.036404515210733734,-0.13762418925762177,-0.23762938380241394,-0.037646340731726013,-0.15632592141628265,-0.27163368463516235,-0.03475171193872484
Y,0.0,0.0,0.0,0.04090052843093872,-0.05050194263458252,-0.017279492572754407,0.06861463189125061,-0.13355714082717896,-0.02672714169403889,0.09392079710960388,-0.1981121301651001,-0.03856978553613999,0.11902007460594177,-0.23688173294067383,-0.04616884502848961,0.013930350542068481,-0.19033944606781006,-0.009247503124981904,0.003405243158340454,-0.24050357937812805,-0.035227686048358464,0.008544623851776123,-0.18308258056640625,-0.047349583239167714,0.01625734567642212,-0.13713878393173218,-0.049040447802155995,-0.022234827280044556,-0.18124592304229736,-0.01114598649820664,-0.02804166078567505,-0.22042131423950195,-0.04579642030677178,-0.011940598487854004,-0.1526588797569275,-0.0554437934168277,-0.0013457834720611572,-0.1044459342956543,-0.05251491057953217,-0.05549725890159607,-0.16834640502929688,-0.01728147442719319,-0.07344493269920349,-0.22638064622879028,-0.04541800531825402,-0.051700741052627563,-0.17451941967010498,-0.044710799933284306,-0.034623950719833374,-0.12998968362808228,-0.035031787932723546,-0.0851442813873291,-0.15118944644927979,-0.025371625901073003,-0.1183825433254242,-0.2084028124809265,-0.03812716144403794,-0.13912393152713776,-0.2407914400100708,-0.04020305338582375,-0.1585111767053604,-0.27464932203292847,-0.03802574414095261
Y,0.0,0.0,0.0,0.04083889722824097,-0.0505717396736145,-0.01813799157213225,0.06834033131599426,-0.13463443517684937,-0.027667436892500064,0.0930909812450409,-0.19974154233932495,-0.03927231035601153,0.11807653307914734,-0.2388385534286499,-0.04635940692793383,0.013462871313095093,-0.19048506021499634,-0.010947664412071845,0.002400904893875122,-0.24122798442840576,-0.036715293446889063,0.007862597703933716,-0.18280237913131714,-0.04793457887541308,0.016123294830322266,-0.13824570178985596,-0.049151031444182536,-0.023236244916915894,-0.18132424354553223,-0.01239649593304648,-0.029440730810165405,-0.22015666961669922,-0.04717647857438578,-0.012554407119750977,-0.15161097049713135,-0.05615760959159388,-0.0012037158012390137,-0.10537964105606079,-0.05281357295285716,-0.05661681294441223,-0.1683793067932129,-0.01812607436846747,-0.07486477494239807,-0.22634243965148926,-0.046597147504201075,-0.052829235792160034,-0.1744835376739502,-0.04581940002213969,-0.035458773374557495,-0.13122767210006714,-0.03610463268529429,-0.08595077693462372,-0.1514872908592224,-0.025823127622118136,-0.11972787976264954,-0.2092069387435913,-0.03895833916436686,-0.14097608625888824,-0.24124854803085327,-0.04146751217018618,-0.16072238981723785,-0.27516454458236694,-0.039596973130812785
Y,0.0,0.0,0.0,0.041096001863479614,-0.05078256130218506,-0.019437781432600332,0.06818604469299316,-0.13393628597259521,-0.029687364483208967,0.09251043200492859,-0.19970208406448364,-0.041734811747403455,0.11731323599815369,-0.23948997259140015,-0.04918079161080868,0.012805759906768799,-0.18948626518249512,-0.012432103874118638,0.0013189911842346191,-0.24065369367599487,-0.03855703108939679,0.0071572959423065186,-0.18241751194000244,-0.05008677848610432,0.015929311513900757,-0.13741105794906616,-0.051473137820096326,-0.024355977773666382,-0.18016844987869263,-0.013203396359415365,-0.03101956844329834,-0.21870100498199463,-0.04771127262148411,-0.01344001293182373,-0.1509770154953003,-0.056689512813420606,-0.0011815130710601807,-0.10612255334854126,-0.05358686008486302,-0.05768340826034546,-0.16687452793121338,-0.01832653292450459,-0.07668927311897278,-0.22472363710403442,-0.04656379752788098,-0.05433768033981323,-0.17288750410079956,-0.04577113398346455,-0.03636893630027771,-0.12984079122543335,-0.036226150477261854,-0.08655136823654175,-0.14925682544708252,-0.02555908159348519,-0.120823934674263,-0.20695215463638306,-0.03876768880519421,-0.14308816194534302,-0.23924648761749268,-0.0415002451184705,-0.16368411481380463,-0.2733030915260315,-0.039842069977851224
Y,0.0,0.0,0.0,0.04151841998100281,-0.049899160861968994,-0.0204379445283962,0.06898263096809387,-0.13388079404830933,-0.031044948694045615,0.09256058931350708,-0.19887393712997437,-0.04322951830619104,0.11657741665840149,-0.23807871341705322,-0.050565713864500594,0.012453645467758179,-0.1892889142036438,-0.013952064175839496,0.0008135437965393066,-0.2388116717338562,-0.041326613944704604,0.007769286632537842,-0.178236722946167,-0.05322780258649118,0.017327815294265747,-0.13357800245285034,-0.05477763138406999,-0.02474159002304077,-0.17903673648834229,-0.014646420103247237,-0.0321887731552124,-0.217504620552063,-0.051847962510521484,-0.012910723686218262,-0.1474408507347107,-0.06181460044973619,0.00021964311599731445,-0.10083723068237305,-0.058752996694977355,-0.05804482102394104,-0.16529685258865356,-0.019856592488224578,-0.07747980952262878,-0.2230125069618225,-0.050591120344336105,-0.05314645171165466,-0.17196959257125854,-0.051205901277000976,-0.0340292751789093,-0.129594087600708,-0.04193933106654413,-0.08689948916435242,-0.14785557985305786,-0.027125604298646522,-0.1218046247959137,-0.20553362369537354,-0.04178140856021173,-0.14415402710437775,-0.2370780110359192,-0.0457988957285238,-0.16526322066783905,-0.2708747386932373,-0.04490523956411607
Y,0.0,0.0,0.0,0.04102414846420288,-0.05267447233200073,-0.021900384199909695,0.06817623972892761,-0.1336679458618164,-0.03448540575533343,0.0926152765750885,-0.19954007863998413,-0.04825726009636355,0.11806464195251465,-0.24097716808319092,-0.057073830139927395,0.012036710977554321,-0.19105523824691772,-0.017291520235232838,0.0005365908145904541,-0.23871290683746338,-0.04496589533715678,0.0066995322704315186,-0.17817693948745728,-0.05684367425470782,0.015712261199951172,-0.134294331073761,-0.0585333280983491,-0.026282072067260742,-0.18071502447128296,-0.017203813863091,-0.032857745885849,-0.21639102697372437,-0.05339005075126124,-0.014091312885284424,-0.147244393825531,-0.06224081150918437,-0.0005957484245300293,-0.1042870283126831,-0.05905036486416293,-0.059971883893013,-0.16662514209747314,-0.02153035670249892,-0.07812422513961792,-0.22284621000289917,-0.05189887664943171,-0.0555267333984375,-0.17040246725082397,-0.051320491802982815,-0.03712654113769531,-0.12840235233306885,-0.04159894071250392,-0.08821502327919006,-0.1489427089691162,-0.027976070043735035,-0.12308076024055481,-0.20583105087280273,-0.042878045213512905,-0.1463119089603424,-0.2372083067893982,-0.046234662157587536,-0.16760718822479248,-0.2704625725746155,-0.04469302899866534
Y,0.0,0.0,0.0,0.041887104511260986,-0.052079975605010986,-0.023775616644513775,0.06920075416564941,-0.13304847478866577,-0.03746793976296203,0.09245610237121582,-0.198838472366333,-0.05184547415245788,0.11696270108222961,-0.2393316626548767,-0.06092462873328941,0.01174953579902649,-0.19132059812545776,-0.020824229328525234,0.0005140304565429688,-0.23868000507354736,-0.049355642853868176,0.007049113512039185,-0.17784857749938965,-0.06024006938804405,0.01678195595741272,-0.13347506523132324,-0.061003891734969784,-0.026207566261291504,-0.1802310347557068,-0.019701987488758732,-0.032175213098526,-0.21537995338439941,-0.05740250831712501,-0.012300968170166016,-0.14481347799301147,-0.06482360696662681,0.0022219717502593994,-0.10321909189224243,-0.060163663684022595,-0.059800565242767334,-0.16546595096588135,-0.023141451163780857,-0.07779160141944885,-0.22150969505310059,-0.054905580340516735,-0.05408318340778351,-0.16975659132003784,-0.053451662866962124,-0.03464743494987488,-0.12930089235305786,-0.042813548802030255,-0.08843544125556946,-0.14701026678085327,-0.028772626055967976,-0.12307363748550415,-0.20300066471099854,-0.04512654802073257,-0.14664921164512634,-0.2347792387008667,-0.04909968933333175,-0.16833199560642242,-0.26890772581100464,-0.04771236514915245
Y,0.0,0.0,0.0,0.04163065552711487,-0.05327087640762329,-0.02384218142009331,0.06871986389160156,-0.13238447904586792,-0.03767033421075894,0.09207487106323242,-0.1989869475364685,-0.05192618571794583,0.11629390716552734,-0.24009370803833008,-0.060975958934193386,0.01077011227607727,-0.18969601392745972,-0.022677374413376583,-0.0007075667381286621,-0.2358630895614624,-0.05100494005358769,0.006101340055465698,-0.17473405599594116,-0.06139141820943905,0.015886425971984863,-0.13082510232925415,-0.061861531218653454,-0.027306795120239258,-0.17854201793670654,-0.021200945010548367,-0.033261507749557495,-0.21332061290740967,-0.05839225032008244,-0.013095319271087646,-0.1424030065536499,-0.06518701591170384,0.0015401840209960938,-0.10167664289474487,-0.060460188767081036,-0.06049758195877075,-0.16338276863098145,-0.02408586569703175,-0.0779658854007721,-0.2188091278076172,-0.055711754938727154,-0.053251713514328,-0.16671937704086304,-0.053984751334553494,-0.03290390968322754,-0.1261844038963318,-0.043481325140362515,-0.08844757080078125,-0.14427977800369263,-0.02907059282637192,-0.12335428595542908,-0.20018935203552246,-0.04565598197854115,-0.14763903617858887,-0.23173987865447998,-0.049743485978012814,-0.16979016363620758,-0.26537805795669556,-0.04859867074168278
Y,0.0,0.0,0.0,0.04157891869544983,-0.052952587604522705,-0.024370852230305218,0.06812721490859985,-0.13265526294708252,-0.038631479559654736,0.09114453196525574,-0.19851619005203247,-0.05341364753078892,0.11489441990852356,-0.2399093508720398,-0.06284312841128781,0.009311318397521973,-0.1898236870765686,-0.022050821526164555,-0.0017047226428985596,-0.2358936071395874,-0.05122839596700146,0.005129754543304443,-0.17453986406326294,-0.062098554639334225,0.015195786952972412,-0.1309964656829834,-0.06273783680629208,-0.02865120768547058,-0.1779928207397461,-0.020604237286562466,-0.03427082300186157,-0.21315711736679077,-0.05888547685574963,-0.013727009296417236,-0.1420091986656189,-0.06588758465480282,0.0011902451515197754,-0.101540207862854,-0.06084898796510174,-0.06185901165008545,-0.1625693440437317,-0.023773703096622967,-0.0794089138507843,-0.21813976764678955,-0.056391570089573406,-0.05433744192123413,-0.16610103845596313,-0.054684865592236065,-0.033816784620285034,-0.12621217966079712,-0.043727382390017056,-0.08970028162002563,-0.14362651109695435,-0.02911686648261025,-0.12452438473701477,-0.1989571452140808,-0.04613457929920628,-0.14864596724510193,-0.23069536685943604,-0.05030746695231869,-0.17084288597106934,-0.26500368118286133,-0.048985875515455746
Y,0.0,0.0,0.0,0.04159367084503174,-0.054016172885894775,-0.023863557859414186,0.06798306107521057,-0.13384026288986206,-0.037453593819492426,0.09048596024513245,-0.20076680183410645,-0.05150643563186463,0.11460691690444946,-0.2416955828666687,-0.060345316439025964,0.008411973714828491,-0.19060540199279785,-0.02206701053594884,-0.0027114450931549072,-0.2364445924758911,-0.0498457384697133,0.004933267831802368,-0.17506879568099976,-0.05975664606606301,0.01474541425704956,-0.13189762830734253,-0.059976441918962564,-0.029267549514770508,-0.1794447898864746,-0.02056415951167878,-0.03438261151313782,-0.21453076601028442,-0.05717336213504609,-0.01431041955947876,-0.14442956447601318,-0.06400450146114167,-0.00031575560569763184,-0.10384529829025269,-0.0594575499585801,-0.062406063079833984,-0.16382628679275513,-0.02338914959048566,-0.07867255806922913,-0.21922576427459717,-0.05488664856468972,-0.053338706493377686,-0.16600167751312256,-0.053056916355245676,-0.03306436538696289,-0.12450963258743286,-0.04252976751243409,-0.09049567580223083,-0.144153892993927,-0.028300088032239046,-0.1256389170885086,-0.1994318962097168,-0.04490665918504533,-0.14943766593933105,-0.2316889762878418,-0.048985773830764856,-0.17109520733356476,-0.26634305715560913,-0.04785908958231744
Y,0.0,0.0,0.0,0.04146921634674072,-0.054060399532318115,-0.02361116981842315,0.06739720702171326,-0.13339269161224365,-0.03745178929307258,0.0899767279624939,-0.20082491636276245,-0.051787093791745065,0.11392104625701904,-0.24222570657730103,-0.06109346872904098,0.008188992738723755,-0.19084864854812622,-0.02316130189933574,-0.004103302955627441,-0.2361505627632141,-0.05038742027022636,0.003989130258560181,-0.1752064824104309,-0.05988801694252288,0.013652443885803223,-0.13241499662399292,-0.06003931960799491,-0.029470473527908325,-0.17914831638336182,-0.02183637632765567,-0.03558969497680664,-0.213825523853302,-0.058183454487107156,-0.014550209045410156,-0.1445322036743164,-0.06531603685357368,-0.0007010400295257568,-0.10362488031387329,-0.061260521921894906,-0.062404751777648926,-0.16314059495925903,-0.024593288588903306,-0.079973965883255,-0.21872293949127197,-0.05584019846060073,-0.053116872906684875,-0.16647279262542725,-0.05451727336981094,-0.03211107850074768,-0.124889075756073,-0.0446582441661576,-0.09021937847137451,-0.14299511909484863,-0.02934454991259372,-0.12573271989822388,-0.19755816459655762,-0.04583011618592536,-0.14949750900268555,-0.22981536388397217,-0.05019121295549667,-0.17172664403915405,-0.2649851441383362,-0.04953290573098457
Y,0.0,0.0,0.0,0.04036372900009155,-0.054918527603149414,-0.023481667732141887,0.06543633341789246,-0.13525760173797607,-0.03708907844617215,0.08800700306892395,-0.20321404933929443,-0.051188240518115435,0.11204853653907776,-0.24445891380310059,-0.06013885768248883,0.005701601505279541,-0.19213080406188965,-0.022173504104159747,-0.005908071994781494,-0.23710757493972778,-0.04931229608251897,0.0030187666416168213,-0.1762387752532959,-0.058578970601104174,0.012767434120178223,-0.13325387239456177,-0.0583887833554968,-0.031435489654541016,-0.18050509691238403,-0.020790089612148677,-0.03686770796775818,-0.21471142768859863,-0.05680610494806615,-0.01538228988647461,-0.14484906196594238,-0.06349202500774709,-0.0018495619297027588,-0.10449415445327759,-0.05901399882628766,-0.06392371654510498,-0.16443681716918945,-0.023557186817072306,-0.08128838241100311,-0.21982896327972412,-0.054585280587218676,-0.05445203185081482,-0.16695719957351685,-0.05263922618820516,-0.03400471806526184,-0.12544655799865723,-0.04227530093982068,-0.09146949648857117,-0.14389163255691528,-0.028327521627090846,-0.12749627232551575,-0.1984439492225647,-0.04453667881085721,-0.1511438935995102,-0.23030471801757812,-0.04829368995621053,-0.1732853353023529,-0.2652403712272644,-0.047076358218930636
Y,0.0,0.0,0.0,0.04045221209526062,-0.05377078056335449,-0.023208821224613985,0.06589019298553467,-0.13450497388839722,-0.0370123014176329,0.08820822834968567,-0.20140767097473145,-0.051638703825517496,0.11222702264785767,-0.24274897575378418,-0.061355188521190485,0.006187856197357178,-0.19128698110580444,-0.020664533632441362,-0.0050775110721588135,-0.23771601915359497,-0.048005249383493265,0.0029267966747283936,-0.17820966243743896,-0.058418523552461465,0.012472152709960938,-0.13439995050430298,-0.05908492583279212,-0.03095400333404541,-0.1794847846031189,-0.01963842104618152,-0.036193668842315674,-0.21461540460586548,-0.055572301181598505,-0.015719085931777954,-0.14667797088623047,-0.06312845278029044,-0.002051830291748047,-0.10476607084274292,-0.05927199501041969,-0.06383517384529114,-0.1636035442352295,-0.022878892751975854,-0.08108195662498474,-0.21965891122817993,-0.05346105250958999,-0.05486556887626648,-0.16806036233901978,-0.052003562482639154,-0.034162282943725586,-0.125993549823761,-0.04199787232522567,-0.09178957343101501,-0.14364439249038696,-0.02820513959471782,-0.127785325050354,-0.197374165058136,-0.04386887702588638,-0.15130263566970825,-0.22971999645233154,-0.047591079058690866,-0.17306816577911377,-0.2649253010749817,-0.04643953967337211
Y,0.0,0.0,0.0,0.040733009576797485,-0.054172635078430176,-0.022699966496958268,0.06600722670555115,-0.13495326042175293,-0.03609938307775451,0.08857029676437378,-0.20268887281417847,-0.05033815412892295,0.11320507526397705,-0.24367302656173706,-0.05971545859350158,0.006685018539428711,-0.1919184923171997,-0.02087939291371299,-0.0050109922885894775,-0.2381908893585205,-0.04769403248204185,0.003045111894607544,-0.17835545539855957,-0.057361958018674386,0.012577414512634277,-0.134710431098938,-0.05760254471672965,-0.030439436435699463,-0.1800587773323059,-0.019950610987081063,-0.03623655438423157,-0.21504253149032593,-0.055628345749511254,-0.015624433755874634,-0.14641660451889038,-0.06284652783645583,-0.001966536045074463,-0.10471761226654053,-0.05885071813239051,-0.0632295310497284,-0.16387689113616943,-0.02313352695776416,-0.0806809663772583,-0.21969908475875854,-0.05364759772194816,-0.05400094389915466,-0.16734421253204346,-0.052073871187104714,-0.033046841621398926,-0.1250777244567871,-0.04210560157073928,-0.09125807881355286,-0.14338505268096924,-0.028307459718718064,-0.12694695591926575,-0.1971704363822937,-0.04403465001954032,-0.15055526793003082,-0.2292020320892334,-0.047837206564082635,-0.17255361378192902,-0.26442283391952515,-0.046842233679427636
Y,0.0,0.0,0.0,0.04005715250968933,-0.05425769090652466,-0.022623672506739467,0.06496652960777283,-0.13557392358779907,-0.03565716313474354,0.08730268478393555,-0.20388180017471313,-0.049351509085823864,0.1110786497592926,-0.24540621042251587,-0.058162342182328075,0.005368679761886597,-0.1926538348197937,-0.02098666074030575,-0.006801038980484009,-0.23860007524490356,-0.04696543457262692,0.0021368861198425293,-0.17824578285217285,-0.05609372573249516,0.011896222829818726,-0.13478738069534302,-0.05607935356252369,-0.031597137451171875,-0.18049943447113037,-0.019893763012220234,-0.03757953643798828,-0.21566462516784668,-0.05500373931877789,-0.016327381134033203,-0.146839439868927,-0.06229826377980885,-0.002737700939178467,-0.10449951887130737,-0.058426655254294246,-0.06410858035087585,-0.16405636072158813,-0.02273968363456902,-0.08229422569274902,-0.22054225206375122,-0.05250808166616139,-0.0555720329284668,-0.16926109790802002,-0.05112923996799168,-0.0348893404006958,-0.12707579135894775,-0.041485115311076015,-0.09190154075622559,-0.14315438270568848,-0.027530909872581333,-0.12797006964683533,-0.1973327398300171,-0.042750190368820995,-0.15144163370132446,-0.22933447360992432,-0.04645549075954136,-0.1735130250453949,-0.2641028165817261,-0.045467297903229564
Y,0.0,0.0,0.0,0.04033881425857544,-0.05387008190155029,-0.022445944163848708,0.06542202830314636,-0.13618427515029907,-0.03528467847769434,0.0880996584892273,-0.20373868942260742,-0.048967781502653907,0.11218109726905823,-0.24467074871063232,-0.05772903471057589,0.006070524454116821,-0.1918310523033142,-0.02015755793814833,-0.005888074636459351,-0.23877137899398804,-0.04661256356899912,0.0024168789386749268,-0.178413987159729,-0.056139002580096076,0.012241244316101074,-0.13506191968917847,-0.05630539267127688,-0.03104230761528015,-0.17955738306045532,-0.019213867399741957,-0.03701704740524292,-0.21442782878875732,-0.05480192883675272,-0.016079694032669067,-0.14599543809890747,-0.062159149933506797,-0.002057105302810669,-0.10393965244293213,-0.05816338120763476,-0.06395640969276428,-0.16329801082611084,-0.022384292472054312,-0.08188784122467041,-0.21902543306350708,-0.05288390352194483,-0.0546935498714447,-0.1671963930130005,-0.05171682967608149,-0.0332244336605072,-0.1251947283744812,-0.04191253988807375,-0.09199324250221252,-0.14318209886550903,-0.027491961631824324,-0.1275399625301361,-0.1968393325805664,-0.04307122438018496,-0.1511486917734146,-0.2286074161529541,-0.0470095789319771,-0.17331421375274658,-0.2636451721191406,-0.04608056976263697
Y,0.0,0.0,0.0,0.0399034321308136,-0.0543065071105957,-0.02261046057265048,0.06459081172943115,-0.13640403747558594,-0.03566695114295726,0.08754700422286987,-0.20453232526779175,-0.04942556207697635,0.111949622631073,-0.2454470992088318,-0.05821225156705623,0.005830496549606323,-0.19410258531570435,-0.020853365936090995,-0.006472468376159668,-0.2393103837966919,-0.047268656247069885,0.002572178840637207,-0.17825758457183838,-0.056674097829272796,0.012495726346969604,-0.13486921787261963,-0.05680643131654506,-0.031339943408966064,-0.18172454833984375,-0.019876825787832786,-0.03704884648323059,-0.21644175052642822,-0.055827357970883895,-0.015504628419876099,-0.1466183066368103,-0.06330432852428203,-0.001843184232711792,-0.10406780242919922,-0.05931097751181369,-0.06402996182441711,-0.165122389793396,-0.022912214674761344,-0.08238723874092102,-0.22112256288528442,-0.05354284232180362,-0.05517664551734924,-0.1696116328239441,-0.052521531634738494,-0.03414180874824524,-0.12786602973937988,-0.04284374152939563,-0.09182801842689514,-0.14416146278381348,-0.027858824633767654,-0.12805992364883423,-0.19836336374282837,-0.04363200923125987,-0.15170803666114807,-0.23044228553771973,-0.04773457457940822,-0.1740301251411438,-0.26574093103408813,-0.04692160820286517
Y,0.0,0.0,0.0,0.04070708155632019,-0.052649736404418945,-0.022029405502962618,0.06505817174911499,-0.13592147827148438,-0.0334115345463033,0.08928298950195312,-0.20519006252288818,-0.04556786832063153,0.11179199814796448,-0.24605315923690796,-0.05265187662689641,0.00736469030380249,-0.19590812921524048,-0.01733170081524804,-0.005831331014633179,-0.2392408847808838,-0.04153791260569051,0.0030723512172698975,-0.17786329984664917,-0.05007016849367574,0.013039201498031616,-0.1355435848236084,-0.05011068847625211,-0.02974364161491394,-0.18337106704711914,-0.016172794668364077,-0.03555142879486084,-0.21618664264678955,-0.050734365402149706,-0.014512836933135986,-0.14678311347961426,-0.05838503879158452,-0.0009334981441497803,-0.10485953092575073,-0.054778335659193544,-0.06255823373794556,-0.16653108596801758,-0.018999522595095186,-0.0812932550907135,-0.2208659052848816,-0.04871548902838185,-0.05521558225154877,-0.16912198066711426,-0.04805356082169965,-0.03491795063018799,-0.12748682498931885,-0.038835590748476534,-0.09007954597473145,-0.14550060033798218,-0.0237421878114219,-0.12601515650749207,-0.19818204641342163,-0.039254305927443056,-0.14997261762619019,-0.229292094707489,-0.04346961718647435,-0.17262311279773712,-0.2644914984703064,-0.04278293070046857
Y,0.0,0.0,0.0,0.04068842530250549,-0.05321621894836426,-0.02128560292501902,0.06555956602096558,-0.13620150089263916,-0.032792948288516754,0.08925768733024597,-0.20443540811538696,-0.04528813446839308,0.11164909601211548,-0.24575120210647583,-0.05289677168210005,0.006674826145172119,-0.19377464056015015,-0.01722744676251864,-0.006017148494720459,-0.23961448669433594,-0.042136196149186844,0.0030862390995025635,-0.1787644624710083,-0.05127345408280348,0.012848198413848877,-0.13543027639389038,-0.051424022866086716,-0.03031623363494873,-0.18127942085266113,-0.016660913927154297,-0.03582105040550232,-0.21596407890319824,-0.05143534029801344,-0.014507025480270386,-0.14718025922775269,-0.0594128855593965,-0.0011605620384216309,-0.10416018962860107,-0.055900473249749894,-0.06320884823799133,-0.16480326652526855,-0.020040663061337227,-0.0814044177532196,-0.22082006931304932,-0.04962730417926764,-0.05464136600494385,-0.170135498046875,-0.04891908179004645,-0.034261107444763184,-0.12832075357437134,-0.03962505246479964,-0.09111058712005615,-0.144370436668396,-0.025277016786532158,-0.12720246613025665,-0.19829106330871582,-0.04030336449821448,-0.15060508251190186,-0.23024404048919678,-0.04406806091745352,-0.17284372448921204,-0.2654326558113098,-0.04310591901619887
Y,0.0,0.0,0.0,0.040672510862350464,-0.05305200815200806,-0.02135233910877332,0.06509289145469666,-0.13612473011016846,-0.03253906550008878,0.0896126925945282,-0.20569097995758057,-0.04484766306478605,0.112874835729599,-0.24691683053970337,-0.0521988827188693,0.0076722800731658936,-0.19705170392990112,-0.015011743215211482,-0.0051423609256744385,-0.2414480447769165,-0.03961066486436948,0.003623276948928833,-0.18044662475585938,-0.04867923589546308,0.013066649436950684,-0.13773798942565918,-0.048717639913149924,-0.02896583080291748,-0.18537664413452148,-0.014242936429866404,-0.03459271788597107,-0.21884113550186157,-0.04819939987856969,-0.01371908187866211,-0.14936411380767822,-0.055709939022847266,-0.0007396042346954346,-0.10744059085845947,-0.051921329965182395,-0.06175675988197327,-0.16898304224014282,-0.017605645154901595,-0.07956062257289886,-0.22362101078033447,-0.04686346607405767,-0.05345518887042999,-0.17008090019226074,-0.045391756614037604,-0.03387176990509033,-0.12724900245666504,-0.03550910161931142,-0.09009629487991333,-0.14799094200134277,-0.022923182268925757,-0.12666726112365723,-0.2018856406211853,-0.03770506339270696,-0.15057067573070526,-0.23344933986663818,-0.04090443955857381,-0.1730424016714096,-0.26879721879959106,-0.039405587633439154
Y,0.0,0.0,0.0,0.04122668504714966,-0.05125248432159424,-0.021707149885799026,0.06650429964065552,-0.13261789083480835,-0.033100041292811966,0.09111431241035461,-0.20053720474243164,-0.04548348739018593,0.11324426531791687,-0.24169570207595825,-0.052992614649440384,0.008897274732589722,-0.1940290927886963,-0.016276315517927742,-0.00412905216217041,-0.23690098524093628,-0.04080061122050438,0.0043042004108428955,-0.17629432678222656,-0.05022784575095329,0.014069318771362305,-0.13353389501571655,-0.050836111150886154,-0.028439104557037354,-0.18209081888198853,-0.0153467820139781,-0.033706992864608765,-0.215010404586792,-0.04996927707662735,-0.013835698366165161,-0.14533448219299316,-0.058342269353772735,-0.0009723901748657227,-0.10226589441299438,-0.05524271979203377,-0.061620816588401794,-0.16560006141662598,-0.018401466973330116,-0.07917104661464691,-0.21992838382720947,-0.04794348283877525,-0.05430413782596588,-0.16709065437316895,-0.04745094358196411,-0.0348152220249176,-0.12426716089248657,-0.038371856056357956,-0.08941107988357544,-0.14454567432403564,-0.02339798837175522,-0.125385120511055,-0.1968957781791687,-0.03877973809113655,-0.14925527572631836,-0.22816818952560425,-0.04292706280222092,-0.17120777070522308,-0.26328587532043457,-0.042179482720996475
Y,0.0,0.0,0.0,0.04426106810569763,-0.053372979164123535,-0.018125261468412646,0.07307195663452148,-0.12825453281402588,-0.028010263396026858,0.09803134202957153,-0.19475486874580383,-0.03999469923746801,0.1211441159248352,-0.23617669939994812,-0.04789548489225126,0.01600956916809082,-0.18947330117225647,-0.010181041722717055,0.002882450819015503,-0.23978310823440552,-0.036728122559907206,0.008787602186203003,-0.18380224704742432,-0.04860158014071203,0.017307698726654053,-0.13952824473381042,-0.05029982822907186,-0.02048259973526001,-0.17895129323005676,-0.011871479739966162,-0.026606813073158264,-0.218377023935318,-0.04616797092330671,-0.011985927820205688,-0.14924120903015137,-0.05582625913393713,-0.0015054941177368164,-0.10776335000991821,-0.053762258318784006,-0.053685516119003296,-0.16414117813110352,-0.01767797517550207,-0.07093383371829987,-0.2215132713317871,-0.046169826117875346,-0.051325857639312744,-0.16726690530776978,-0.044973076609494456,-0.0340091735124588,-0.1251346468925476,-0.035929099944951304,-0.08322694897651672,-0.1436331570148468,-0.02544099400711275,-0.11544284224510193,-0.19618770480155945,-0.039373488453747996,-0.13620364665985107,-0.22703421115875244,-0.041732379523637064,-0.1539628952741623,-0.2623930871486664,-0.03992500650656439
Y,0.0,0.0,0.0,0.053968802094459534,-0.024697542190551758,-0.028735171718210495,0.08822570741176605,-0.06366974115371704,-0.04327639722606591,0.09823586046695709,-0.11102122068405151,-0.055054308561295784,0.1114933043718338,-0.154169499874115,-0.06443011918446473,0.03899510204792023,-0.16480648517608643,-0.030040809599370277,0.04179862141609192,-0.1418110728263855,-0.050938794104069984,0.04170216619968414,-0.0873645544052124,-0.06364451506516389,0.041156306862831116,-0.04883307218551636,-0.0681998447456067,-0.00027708709239959717,-0.16443973779678345,-0.025246713025183,0.00032699108123779297,-0.1229129433631897,-0.045773813215703285,0.008040830492973328,-0.07450181245803833,-0.05901628145358018,0.01232224702835083,-0.04216313362121582,-0.06653206208130769,-0.032767802476882935,-0.1469106674194336,-0.02300580189904622,-0.03740842640399933,-0.11850714683532715,-0.05034102657219819,-0.025227203965187073,-0.07457500696182251,-0.06165217020890168,-0.018123343586921692,-0.044111013412475586,-0.0630433351673787,-0.06108491122722626,-0.12236791849136353,-0.021812570927352226,-0.09696311503648758,-0.16360557079315186,-0.044120317039698875,-0.11919816583395004,-0.20305395126342773,-0.053746698138922966,-0.13752435147762299,-0.2393013834953308,-0.05640335911294869
Y,0.0,0.0,0.0,0.04869258403778076,-0.03598892688751221,-0.03129076752134097,0.07980763912200928,-0.10533839464187622,-0.04230857807465327,0.09311977028846741,-0.17015552520751953,-0.052467455894429804,0.11223623156547546,-0.22213971614837646,-0.057743312597949625,0.04106074571609497,-0.20822441577911377,-0.013629666336555601,0.025484472513198853,-0.2039533257484436,-0.04438032749362719,0.02742639183998108,-0.13664615154266357,-0.06168479266830218,0.035447120666503906,-0.09105873107910156,-0.06478414478965533,-2.0056962966918945e-05,-0.20848166942596436,-0.007664228596468092,-0.013723701238632202,-0.1827748417854309,-0.04342778939076197,-0.0033630430698394775,-0.11173808574676514,-0.056421542347152354,0.0069269537925720215,-0.07134842872619629,-0.05527372452684176,-0.034974753856658936,-0.1909964680671692,-0.007618132319976212,-0.050688669085502625,-0.17691081762313843,-0.04573143068023455,-0.036196887493133545,-0.12076973915100098,-0.05153853985734713,-0.02077852189540863,-0.0826026201248169,-0.04221697691150439,-0.06423923373222351,-0.16620677709579468,-0.00966904572464955,-0.09305261075496674,-0.2254745364189148,-0.03291734474964869,-0.11483373492956161,-0.2695552110671997,-0.03851979765363467,-0.1305685192346573,-0.30883270502090454,-0.03436605799265635
Y,0.0,0.0,0.0,0.04750746488571167,-0.02755492925643921,-0.035044143580421405,0.0780913233757019,-0.09894400835037231,-0.04809592538379093,0.0862584114074707,-0.16204285621643066,-0.05887077622912784,0.10627025365829468,-0.21057415008544922,-0.06490351506374736,0.03585746884346008,-0.18383926153182983,-0.0325262124171104,0.015942364931106567,-0.17007976770401,-0.06588809438846965,0.012254685163497925,-0.10461807250976562,-0.0805269727935638,0.015283644199371338,-0.055574238300323486,-0.08140741535328289,-0.008056417107582092,-0.1862601637840271,-0.025852306418642,-0.024443522095680237,-0.14533907175064087,-0.0655120710363235,-0.015299156308174133,-0.07419687509536743,-0.07715794690750499,-0.005692839622497559,-0.029510915279388428,-0.07553173848293682,-0.04428163170814514,-0.17172527313232422,-0.02404571384988685,-0.0633886456489563,-0.1514180302619934,-0.0650552982916679,-0.04801960289478302,-0.08904272317886353,-0.0686004261007156,-0.031840234994888306,-0.044634878635406494,-0.05766726904414554,-0.0761113166809082,-0.1501166820526123,-0.024436642088517146,-0.09638765454292297,-0.20635521411895752,-0.048995299868806796,-0.11383509635925293,-0.24516481161117554,-0.05278872572682758,-0.12945835292339325,-0.27910923957824707,-0.04761533685825725
Y,0.0,0.0,0.0,0.04536744952201843,-0.04620081186294556,-0.030352381345267077,0.07718849182128906,-0.12375068664550781,-0.04054787876867749,0.09241101145744324,-0.19089722633361816,-0.04952785494589307,0.1127387285232544,-0.24220401048660278,-0.053824835744137545,0.03491690754890442,-0.21076607704162598,-0.01803637045287587,0.015569239854812622,-0.2018243670463562,-0.049255893852944155,0.014875352382659912,-0.1370139718055725,-0.06662849086188771,0.0202028751373291,-0.08626985549926758,-0.06943327682876088,-0.008280560374259949,-0.21257448196411133,-0.011348427560562868,-0.02387288212776184,-0.17934423685073853,-0.048169442739720125,-0.013795480132102966,-0.10894256830215454,-0.06122239800953366,-0.003812938928604126,-0.06200253963470459,-0.060208116945261736,-0.04370515048503876,-0.19721287488937378,-0.010230262119705458,-0.06084328889846802,-0.18231689929962158,-0.047074300524229784,-0.046529605984687805,-0.1279299259185791,-0.05261875438355901,-0.030222296714782715,-0.08360546827316284,-0.043544885989661,-0.07369257509708405,-0.17396771907806396,-0.011446156826252718,-0.09431299567222595,-0.23260855674743652,-0.034197573837275286,-0.11387462168931961,-0.27532005310058594,-0.04083218919896581,-0.12950721383094788,-0.3093193769454956,-0.037666746702427645
Y,0.0,0.0,0.0,0.0406762957572937,-0.04146462678909302,-0.03477509087488784,0.07145434617996216,-0.11954939365386963,-0.0482625006751789,0.08927041292190552,-0.18814927339553833,-0.059866042347408666,0.11028122901916504,-0.2412433624267578,-0.06618642202184333,0.03290152549743652,-0.19598066806793213,-0.02382874442801608,0.014129072427749634,-0.2121976613998413,-0.05902459985182418,0.010827362537384033,-0.1476016640663147,-0.07615520945356025,0.015276700258255005,-0.09824681282043457,-0.07852602890298499,-0.00904470682144165,-0.19590699672698975,-0.014852412516034974,-0.022522956132888794,-0.200711190700531,-0.057133895816065206,-0.015646696090698242,-0.12434476613998413,-0.06882035127446784,-0.006894290447235107,-0.07535821199417114,-0.06536368420884742,-0.0457664430141449,-0.18606412410736084,-0.012179703922726048,-0.05950626730918884,-0.2071484923362732,-0.05231130263373984,-0.04718020558357239,-0.14749735593795776,-0.05641824147269858,-0.032451242208480835,-0.0998106598854065,-0.04551341897413863,-0.07743147015571594,-0.17023468017578125,-0.012065165215886964,-0.09961488842964172,-0.23534482717514038,-0.036344231577373876,-0.11789342761039734,-0.2751097083091736,-0.04480373627112044,-0.13148624449968338,-0.30893218517303467,-0.04309293767974509
Y,0.0,0.0,0.0,0.04325219988822937,-0.05637305974960327,-0.024535928063215806,0.07481294870376587,-0.14039474725723267,-0.03382295756799181,0.09477502107620239,-0.20991086959838867,-0.043619755797209336,0.11620163917541504,-0.2614630460739136,-0.04890381931525667,0.029223322868347168,-0.19855642318725586,-0.009422832310320928,0.021493226289749146,-0.23606020212173462,-0.03596658646327455,0.019935011863708496,-0.18081045150756836,-0.049552232168736055,0.02252611517906189,-0.13812190294265747,-0.05156480535131891,-0.00981113314628601,-0.19652330875396729,-0.004970959063740565,-0.013219356536865234,-0.22610580921173096,-0.038716673992695405,-0.00697442889213562,-0.1541244387626648,-0.04825712754589517,-0.00014275312423706055,-0.10483664274215698,-0.04517287775141199,-0.044452160596847534,-0.18985825777053833,-0.0060576728099306365,-0.05202275514602661,-0.23863404989242554,-0.03382559879881342,-0.042179644107818604,-0.18366622924804688,-0.033154558532061174,-0.030747950077056885,-0.13526201248168945,-0.02258989042800863,-0.07520505785942078,-0.17923504114151,-0.009817476526023938,-0.09012895822525024,-0.2507709860801697,-0.02327178805333574,-0.1035195142030716,-0.2920273542404175,-0.02662605806452234,-0.11394394934177399,-0.3284778594970703,-0.024145471073808267
Y,0.0,0.0,0.0,0.04435467720031738,-0.04613548517227173,-0.023597444375354826,0.07723614573478699,-0.12432849407196045,-0.033944743653137266,0.09589660167694092,-0.19357478618621826,-0.04525098853309828,0.11779308319091797,-0.24521088600158691,-0.05225486211975294,0.03325268626213074,-0.181379497051239,-0.011241044816870271,0.02840307354927063,-0.2232835292816162,-0.040265808780986845,0.02553766965866089,-0.17033588886260986,-0.054415232469636976,0.026785194873809814,-0.12496811151504517,-0.05620412804682928,-0.005006313323974609,-0.1821848750114441,-0.007847900470096647,-0.009065419435501099,-0.21201282739639282,-0.04448040105899054,-0.0027933716773986816,-0.14131063222885132,-0.05485402323802191,0.003944128751754761,-0.09339046478271484,-0.05149789058168608,-0.039323270320892334,-0.17857742309570312,-0.009550824729103624,-0.04811662435531616,-0.2250463366508484,-0.040622862954933225,-0.03630007803440094,-0.16875696182250977,-0.04041150488455969,-0.024507910013198853,-0.1215619444847107,-0.02909420706828314,-0.07077157497406006,-0.16973990201950073,-0.013569882107276499,-0.08725501596927643,-0.2373720407485962,-0.02916165903707224,-0.09878639876842499,-0.28031080961227417,-0.03279185198744017,-0.1075761616230011,-0.3210652470588684,-0.0299300262381621
Y,0.0,0.0,0.0,0.04736092686653137,-0.04162043333053589,-0.023369851570862465,0.08220940828323364,-0.12051200866699219,-0.03156904601706856,0.09951144456863403,-0.18983155488967896,-0.040299621459382706,0.12136423587799072,-0.23885834217071533,-0.044767399367231064,0.03478342294692993,-0.17608898878097534,-0.008148348007637196,0.0318637490272522,-0.21939069032669067,-0.035889831420320206,0.02902844548225403,-0.16865026950836182,-0.0494025918210923,0.03038424253463745,-0.12349677085876465,-0.050797988709348374,-0.0033497214317321777,-0.17765557765960693,-0.0033753864022969537,-0.005247205495834351,-0.20925301313400269,-0.038081818308967286,-0.0009940266609191895,-0.1397753357887268,-0.04805233055009239,0.00424078106880188,-0.09258681535720825,-0.04454167657746666,-0.03750792145729065,-0.17517101764678955,-0.0038108330241470867,-0.04489952325820923,-0.2239689826965332,-0.03383758389605873,-0.03544431924819946,-0.1671944260597229,-0.03381285914434784,-0.02566501498222351,-0.11973243951797485,-0.02270821579946869,-0.06913727521896362,-0.1676451563835144,-0.006422600757616692,-0.08469298481941223,-0.23359185457229614,-0.02181344763590687,-0.09621590375900269,-0.27386045455932617,-0.025782321628469163,-0.10508416593074799,-0.3136593699455261,-0.02315619127108448
Y,0.0,0.0,0.0,0.04840433597564697,-0.042374253273010254,-0.02075906043896225,0.08236747980117798,-0.12105792760848999,-0.028171937372775346,0.10000050067901611,-0.18916213512420654,-0.03659843226918724,0.12046289443969727,-0.23773819208145142,-0.040939066019149095,0.03403860330581665,-0.17563873529434204,-0.006365012768895895,0.03240802884101868,-0.22172605991363525,-0.03246958499798325,0.031017005443572998,-0.17207670211791992,-0.04551127126464394,0.03252878785133362,-0.12549728155136108,-0.04682950621494797,-0.00317421555519104,-0.1771135926246643,-0.0030117546396866146,-0.004663586616516113,-0.209697425365448,-0.03518995588669327,0.00039517879486083984,-0.14276069402694702,-0.04482386207232025,0.005805253982543945,-0.09602910280227661,-0.04190396836051491,-0.037125200033187866,-0.17469066381454468,-0.004526418559493095,-0.04410582780838013,-0.22578692436218262,-0.03156451826939133,-0.03407660126686096,-0.17115378379821777,-0.031125138905139238,-0.024182021617889404,-0.1242516040802002,-0.020879975911469728,-0.06863054633140564,-0.16778206825256348,-0.008115563933046133,-0.08500412106513977,-0.2343580722808838,-0.021011841874809534,-0.09615209698677063,-0.27520501613616943,-0.023632570561261446,-0.10405069589614868,-0.31485459208488464,-0.020768179949612886
Y,0.0,0.0,0.0,0.049696117639541626,-0.04164159297943115,-0.01778385724577447,0.08381924033164978,-0.11972427368164062,-0.024228624363274776,0.10267725586891174,-0.1874145269393921,-0.03210161003920575,0.12224173545837402,-0.23477071523666382,-0.036255532239408694,0.03635227680206299,-0.1729176640510559,-0.004810777322234117,0.03748491406440735,-0.22207075357437134,-0.02935750718864938,0.03607568144798279,-0.17452192306518555,-0.04180868092629453,0.036393046379089355,-0.12809282541275024,-0.043093406890363894,0.00015670061111450195,-0.17509698867797852,-0.0027647165738358126,0.0008581876754760742,-0.21047836542129517,-0.03274033341261884,0.005729645490646362,-0.14560389518737793,-0.04176433134529134,0.010516434907913208,-0.09933441877365112,-0.03910355765077611,-0.033184558153152466,-0.1733207106590271,-0.005111811977656089,-0.03801041841506958,-0.22787004709243774,-0.029590680559010707,-0.028379768133163452,-0.17385607957839966,-0.027985654135079585,-0.019444048404693604,-0.126603364944458,-0.017920597751469813,-0.06448087096214294,-0.16684645414352417,-0.00939296588006755,-0.08021658658981323,-0.2327694296836853,-0.020466341932149135,-0.09067755937576294,-0.27446991205215454,-0.021897903938622676,-0.09781765937805176,-0.31519952416419983,-0.018802599345178805
Y,0.0,0.0,0.0,0.048821061849594116,-0.04114413261413574,-0.016629992632942958,0.08261945843696594,-0.1187671422958374,-0.022627935393529697,0.1026337742805481,-0.18663442134857178,-0.03032477258034305,0.12336626648902893,-0.23461532592773438,-0.03429216577001171,0.03474774956703186,-0.17404860258102417,-0.000509770235794349,0.036896318197250366,-0.2227194905281067,-0.023226611896234317,0.03648364543914795,-0.17548084259033203,-0.03551435528584079,0.03713810443878174,-0.12878310680389404,-0.037011042817312045,-0.001063019037246704,-0.17587816715240479,0.001168346150961952,0.0011367499828338623,-0.21263766288757324,-0.02681350952275352,0.0070490241050720215,-0.1484619379043579,-0.036468919946628375,0.011874109506607056,-0.1015288233757019,-0.03464429138489322,-0.03392210602760315,-0.17380410432815552,-0.001477313575151129,-0.03696200251579285,-0.23020708560943604,-0.02408613881357269,-0.02631285786628723,-0.1761072278022766,-0.02264231315143661,-0.017384886741638184,-0.127946138381958,-0.013236538155751987,-0.06492224335670471,-0.16701799631118774,-0.006017094126718803,-0.07995590567588806,-0.23218703269958496,-0.015530379137771888,-0.08962196111679077,-0.2741604447364807,-0.01648760086186485,-0.09635560214519501,-0.31548038125038147,-0.013428914940732284
Y,0.0,0.0,0.0,0.04987850785255432,-0.041992783546447754,-0.014994560252318934,0.08338660001754761,-0.11905175447463989,-0.020050766389260843,0.10386979579925537,-0.1868196725845337,-0.02705976970065649,0.12419253587722778,-0.233747661113739,-0.03057965494264181,0.03640556335449219,-0.17311614751815796,0.0016846667505774349,0.03959515690803528,-0.2225838303565979,-0.019520795415530756,0.03846222162246704,-0.17711573839187622,-0.03131248659957464,0.038752228021621704,-0.13070201873779297,-0.03282245106566961,0.0007515847682952881,-0.17625558376312256,0.00277301648128514,0.004202932119369507,-0.21402645111083984,-0.02362854636777456,0.009103119373321533,-0.1494886875152588,-0.03285743526686247,0.013581842184066772,-0.10248154401779175,-0.031085435743818834,-0.03226548433303833,-0.17477130889892578,-0.0002829871435210407,-0.03360646963119507,-0.23105740547180176,-0.021741919662247255,-0.023713022470474243,-0.1760636568069458,-0.019932589005122736,-0.015595346689224243,-0.1278582215309143,-0.010645756940732554,-0.06335458159446716,-0.16814064979553223,-0.005093975901047543,-0.07839000225067139,-0.2338423728942871,-0.01407322890628393,-0.08758227527141571,-0.27591681480407715,-0.014577160100827768,-0.09365977346897125,-0.31788504123687744,-0.011450903932939127
Y,0.0,0.0,0.0,0.05025780200958252,-0.04134780168533325,-0.014611467611729267,0.08401075005531311,-0.11841219663619995,-0.019358572442769173,0.10466831922531128,-0.18576538562774658,-0.02614207648181832,0.12495777010917664,-0.23275136947631836,-0.02971738659286416,0.036495596170425415,-0.1716030240058899,0.0023566548389055697,0.03942069411277771,-0.22288352251052856,-0.018320006211041573,0.03943011164665222,-0.18057316541671753,-0.03013017110967553,0.04063272476196289,-0.135087788105011,-0.03187916696512616,0.001424551010131836,-0.17473232746124268,0.0030486831583687035,0.004798710346221924,-0.21520864963531494,-0.023404710818766716,0.010084003210067749,-0.15347647666931152,-0.033856647913097504,0.014511704444885254,-0.10557413101196289,-0.03305119544708646,-0.03152671456336975,-0.1736661195755005,-0.000290393110816467,-0.03309503197669983,-0.23153460025787354,-0.021841631163596276,-0.022846221923828125,-0.17805325984954834,-0.021457371194600228,-0.01443547010421753,-0.12951308488845825,-0.013243541945456627,-0.06277874112129211,-0.16771948337554932,-0.005303754829554919,-0.07773241400718689,-0.23322144150733948,-0.014235349264680508,-0.08633539080619812,-0.2758052349090576,-0.015472289067446354,-0.0919138491153717,-0.31789180636405945,-0.013114446666776303
Y,0.0,0.0,0.0,0.05101868510246277,-0.041927993297576904,-0.01436734501447745,0.0863688588142395,-0.11688053607940674,-0.018950609715545852,0.10726836323738098,-0.183255136013031,-0.025643076972926337,0.12633556127548218,-0.23163485527038574,-0.029095813857281883,0.03761008381843567,-0.17029935121536255,0.00428529480296902,0.04162019491195679,-0.22274914383888245,-0.016342558191979606,0.042715638875961304,-0.18146681785583496,-0.02887819916185208,0.044174253940582275,-0.13654059171676636,-0.031068649368251045,0.003036022186279297,-0.17407041788101196,0.004874128623043816,0.007297903299331665,-0.21607524156570435,-0.02167902723130055,0.013049811124801636,-0.15622103214263916,-0.033382825778687675,0.017548203468322754,-0.10804903507232666,-0.03332299016591378,-0.02967795729637146,-0.173661470413208,0.001430204611381214,-0.03059294819831848,-0.23286783695220947,-0.01966284051712819,-0.020359516143798828,-0.18079394102096558,-0.020125312955940444,-0.012098610401153564,-0.13252747058868408,-0.012490074375534732,-0.060699462890625,-0.16837739944458008,-0.003711116026977379,-0.07485887408256531,-0.23381507396697998,-0.012083090135718066,-0.0830112099647522,-0.2764742076396942,-0.013361907789374072,-0.08824661374092102,-0.317952960729599,-0.011015188174212653
Y,0.0,0.0,0.0,0.05064171552658081,-0.039513349533081055,-0.015377864820464993,0.08571672439575195,-0.11456578969955444,-0.020999950004323864,0.10699564218521118,-0.1812027096748352,-0.02830593718360319,0.12734782695770264,-0.2287091612815857,-0.032424782050355816,0.03757655620574951,-0.1693185567855835,0.00010773561692190015,0.04152023792266846,-0.22265326976776123,-0.021207444948657894,0.043235957622528076,-0.18191564083099365,-0.03385658247540846,0.044615238904953,-0.1367397904396057,-0.03609700931380644,0.003065168857574463,-0.17313599586486816,0.0009594006146755873,0.007895499467849731,-0.21571502089500427,-0.026207391751512432,0.014303445816040039,-0.15685200691223145,-0.03794809116195097,0.01852777600288391,-0.10874754190444946,-0.037955735457643414,-0.029459267854690552,-0.17305481433868408,-0.0020494867316926957,-0.029910415410995483,-0.23269224166870117,-0.022992291135295773,-0.01869720220565796,-0.1823124885559082,-0.023568148372277165,-0.010318905115127563,-0.13466209173202515,-0.016269166601404095,-0.06043800711631775,-0.16785931587219238,-0.006836738084956551,-0.0748421847820282,-0.23371076583862305,-0.015068316479727173,-0.08247688412666321,-0.27618271112442017,-0.01642666256199732,-0.08717882633209229,-0.3171319365501404,-0.014310359602376366
Y,0.0,0.0,0.0,0.0504661500453949,-0.03940129280090332,-0.015260059427703254,0.08577203750610352,-0.11261016130447388,-0.020945110399509304,0.10727518796920776,-0.17860698699951172,-0.028287996579194896,0.1268138289451599,-0.22593611478805542,-0.03246097922720992,0.038359254598617554,-0.16766488552093506,-0.0007031900871083963,0.04280811548233032,-0.22020754218101501,-0.02155169569351756,0.0427088737487793,-0.1799033284187317,-0.03338776067295157,0.04298734664916992,-0.13584423065185547,-0.035258187953616016,0.0043648481369018555,-0.1717972755432129,-0.0001070149785959984,0.010482043027877808,-0.21408811211585999,-0.027007940266514652,0.014684468507766724,-0.15480178594589233,-0.037497698370600574,0.01756802201271057,-0.10643750429153442,-0.036838925484801166,-0.028340071439743042,-0.17182129621505737,-0.0033680403551556992,-0.028346121311187744,-0.23080551624298096,-0.025077092502499454,-0.01805064082145691,-0.18025076389312744,-0.02513881870009982,-0.009974241256713867,-0.1332353949546814,-0.01748558789887511,-0.059784263372421265,-0.16670703887939453,-0.008283973712707393,-0.07347512245178223,-0.23262494802474976,-0.017434972379589908,-0.08132496476173401,-0.27514153718948364,-0.018816134933615558,-0.08658100664615631,-0.3168339729309082,-0.016740034375573032
Y,0.0,0.0,0.0,0.050569385290145874,-0.038130760192871094,-0.015699204441517622,0.08616265654563904,-0.11057513952255249,-0.021561649080723555,0.10747626423835754,-0.17676043510437012,-0.028922399890035422,0.12707927823066711,-0.22362536191940308,-0.0330672659095228,0.038791388273239136,-0.16579186916351318,-0.0018777811549455237,0.04304948449134827,-0.2192888855934143,-0.02313881219586733,0.04285028576850891,-0.17846691608428955,-0.034863656770795615,0.04273742437362671,-0.13415002822875977,-0.03655506150087717,0.005095392465591431,-0.1701427698135376,-0.0011905721969753813,0.011388778686523438,-0.21281129121780396,-0.028427793097108633,0.015178412199020386,-0.15372157096862793,-0.03874244765600565,0.01719719171524048,-0.10562300682067871,-0.03791200966796282,-0.027430176734924316,-0.1704539656639099,-0.0043979090753794026,-0.027565330266952515,-0.2287873923778534,-0.026537899311989577,-0.01731523871421814,-0.17875605821609497,-0.026665924501031668,-0.009864240884780884,-0.13228362798690796,-0.018994054209798605,-0.05904555320739746,-0.1657443642616272,-0.009256210562199385,-0.07308542728424072,-0.2316662073135376,-0.018792428460329802,-0.0810810923576355,-0.2737607955932617,-0.020288195845097334,-0.08666203916072845,-0.3153289556503296,-0.018258406233400137
Y,0.0,0.0,0.0,0.050901174545288086,-0.038311004638671875,-0.015128839449829456,0.08623823523521423,-0.11110031604766846,-0.02061943119937837,0.10763698816299438,-0.17750895023345947,-0.02766818894619405,0.12806937098503113,-0.22350788116455078,-0.03150451524729192,0.039019495248794556,-0.16608184576034546,-0.0011362648018291566,0.04356271028518677,-0.22047492861747742,-0.022107686536259052,0.04325607419013977,-0.17991989850997925,-0.03364626287097394,0.043000251054763794,-0.1355155110359192,-0.03522691099519193,0.005658894777297974,-0.17036771774291992,-0.0005356496929778132,0.012156516313552856,-0.2139098346233368,-0.027406571121758816,0.01564502716064453,-0.15517562627792358,-0.03759068964595258,0.01726168394088745,-0.10710722208023071,-0.036706585125870106,-0.026687324047088623,-0.17096495628356934,-0.00376931290688276,-0.026816576719284058,-0.23016729950904846,-0.02550338177556455,-0.016847312450408936,-0.18025577068328857,-0.02550243555182874,-0.009773969650268555,-0.1337820291519165,-0.01782595521385133,-0.05842021107673645,-0.16686493158340454,-0.008584379838652012,-0.0724707543849945,-0.2324901819229126,-0.01766355863387048,-0.08051159977912903,-0.2740444540977478,-0.018838805766648647,-0.08616244792938232,-0.31527960300445557,-0.01662879778618276
Y,0.0,0.0,0.0,0.05064675211906433,-0.038085103034973145,-0.01570779386867116,0.08618175983428955,-0.11055505275726318,-0.021316022835264903,0.10739678144454956,-0.17729151248931885,-0.02837522629607747,0.1277998983860016,-0.22332140803337097,-0.03207483816851209,0.03879600763320923,-0.16639745235443115,-0.0014805650474158938,0.042770206928253174,-0.22032234072685242,-0.02246857363689969,0.04270300269126892,-0.1785373091697693,-0.03367201540578435,0.042753130197525024,-0.1341850757598877,-0.03500721532810758,0.005388170480728149,-0.1704992651939392,-0.0006141050155861194,0.011124014854431152,-0.21362385153770447,-0.02756578963209222,0.014991521835327148,-0.15461671352386475,-0.037563576586137515,0.01704058051109314,-0.10735470056533813,-0.03652344945777486,-0.027032464742660522,-0.17086553573608398,-0.003656092555786472,-0.02752414345741272,-0.22953781485557556,-0.025896243042836886,-0.017658710479736328,-0.17887675762176514,-0.02589492987800668,-0.010590285062789917,-0.13264769315719604,-0.01803045276511739,-0.058779388666152954,-0.16653090715408325,-0.008306587338040572,-0.07293176651000977,-0.2324236035346985,-0.017949921302090388,-0.0809982419013977,-0.2739633321762085,-0.019376191533694964,-0.08662235736846924,-0.3152872323989868,-0.01718108843971322
Y,0.0,0.0,0.0,0.05022236704826355,-0.03854483366012573,-0.015267047255747457,0.08564373850822449,-0.1117699146270752,-0.020584236055128713,0.10688695311546326,-0.17860174179077148,-0.027423008501045842,0.12750142812728882,-0.22418421506881714,-0.031074277281277318,0.03764122724533081,-0.1665027141571045,-0.0010790259507302835,0.041229039430618286,-0.21964696049690247,-0.021735889061801572,0.041699230670928955,-0.1785895824432373,-0.0328603267366816,0.04260677099227905,-0.13507062196731567,-0.03426299911689057,0.004497736692428589,-0.17043530941009521,-0.00032844322731762077,0.010039269924163818,-0.2133636474609375,-0.02712219503473534,0.01426541805267334,-0.15426331758499146,-0.03705232140373482,0.016700327396392822,-0.10665732622146606,-0.03599923399042382,-0.02773594856262207,-0.17073041200637817,-0.00342112050157084,-0.028553783893585205,-0.22957590222358704,-0.025560769408457418,-0.01854020357131958,-0.179176926612854,-0.025564386665337224,-0.011233747005462646,-0.13291484117507935,-0.017765388980024,-0.059390872716903687,-0.1663697361946106,-0.008060548610501428,-0.07362660765647888,-0.23190805315971375,-0.017727998241298337,-0.0817379355430603,-0.27337759733200073,-0.019198543548100133,-0.08745196461677551,-0.31465327739715576,-0.017091178491227765
Y,0.0,0.0,0.0,0.04964947700500488,-0.03840726613998413,-0.01577266598505389,0.08450913429260254,-0.1120373010635376,-0.021524152852720135,0.10550764203071594,-0.1792345643043518,-0.02867329413456332,0.126350998878479,-0.22502803802490234,-0.03249125847978007,0.03749901056289673,-0.16831529140472412,-0.0020387914442778765,0.040689438581466675,-0.22149315476417542,-0.022978582553690785,0.041090816259384155,-0.1798332929611206,-0.03421424622101199,0.04176986217498779,-0.1356768012046814,-0.035680770076936597,0.003894627094268799,-0.1721256971359253,-0.0011064314927295982,0.009406507015228271,-0.21421006321907043,-0.027942390315359944,0.014149993658065796,-0.15430331230163574,-0.037556490995115155,0.016688555479049683,-0.10680586099624634,-0.03635498056573283,-0.028437048196792603,-0.17216002941131592,-0.004079475667452925,-0.02943253517150879,-0.2307673990726471,-0.026049406401938313,-0.01896175742149353,-0.18055444955825806,-0.025659316353625172,-0.011514484882354736,-0.1344650387763977,-0.017721981875723714,-0.060022562742233276,-0.1673448085784912,-0.008696224674707764,-0.07467910647392273,-0.23307517170906067,-0.01850462438923728,-0.08283805847167969,-0.2746962308883667,-0.020041174389547223,-0.08862616121768951,-0.3162507116794586,-0.017989588104313725
Y,0.0,0.0,0.0,0.049532681703567505,-0.03773874044418335,-0.016040261426667257,0.08441939949989319,-0.11121511459350586,-0.021868256443838163,0.10512882471084595,-0.1780862808227539,-0.028961063885788008,0.12565386295318604,-0.22358930110931396,-0.03275265317569165,0.03740784525871277,-0.166348397731781,-0.0033879664835581025,0.03999945521354675,-0.21965304017066956,-0.024017680028180166,0.04014444351196289,-0.17810815572738647,-0.03474107157597928,0.040945857763290405,-0.13438838720321655,-0.035998059028486296,0.003449469804763794,-0.17017531394958496,-0.0023379857295253714,0.008356690406799316,-0.21184071898460388,-0.029097180405358358,0.012879699468612671,-0.15253597497940063,-0.038475242966512724,0.015582740306854248,-0.10529190301895142,-0.037239981407026335,-0.02922394871711731,-0.1701100468635559,-0.005079669935355469,-0.030557483434677124,-0.22806334495544434,-0.027161046454409643,-0.02020832896232605,-0.17828863859176636,-0.026845087820390745,-0.012543052434921265,-0.13260173797607422,-0.019015518540243193,-0.06083101034164429,-0.1651221513748169,-0.009445279428462072,-0.07530036568641663,-0.23103585839271545,-0.019467809760669752,-0.08353152871131897,-0.2729942500591278,-0.0211594789863625,-0.08933049440383911,-0.3144950270652771,-0.019255099409917875
Y,0.0,0.0,0.0,0.04902678728103638,-0.03687942028045654,-0.016839377956671342,0.08380517363548279,-0.11107003688812256,-0.02300124652890645,0.10462471842765808,-0.17809855937957764,-0.030234314875883683,0.12525224685668945,-0.2231648564338684,-0.034276387097520455,0.03710225224494934,-0.1670515537261963,-0.004920422474128827,0.03925004601478577,-0.2195023000240326,-0.025313794987482652,0.039461761713027954,-0.1792609691619873,-0.035597509147805795,0.040792882442474365,-0.13643217086791992,-0.036784569176120385,0.0032054483890533447,-0.17059487104415894,-0.0035374918041952697,0.008513063192367554,-0.21090775728225708,-0.03074723705856286,0.013018578290939331,-0.15054339170455933,-0.0397607296725937,0.015607446432113647,-0.10271871089935303,-0.03822454661337815,-0.029408812522888184,-0.1700490117073059,-0.005924964232576713,-0.030687779188156128,-0.2271803617477417,-0.028804367782754525,-0.02014559507369995,-0.1764252781867981,-0.028318217398805245,-0.012137055397033691,-0.13016796112060547,-0.02027335986701928,-0.061222195625305176,-0.16435986757278442,-0.00993140358684741,-0.07630603015422821,-0.22919774055480957,-0.020848317446393594,-0.08490471541881561,-0.2708534002304077,-0.02288554832546197,-0.09088751673698425,-0.3126225769519806,-0.02119591124562703
Y,0.0,0.0,0.0,0.048960864543914795,-0.038081228733062744,-0.01673720350356689,0.08365574479103088,-0.11169099807739258,-0.022865335846859125,0.1039963960647583,-0.1778966784477234,-0.03031452318521133,0.1233641505241394,-0.2240675687789917,-0.0345648838380157,0.03554791212081909,-0.16738301515579224,-0.0036221734886794366,0.036975324153900146,-0.2201230227947235,-0.02440500577779403,0.03801235556602478,-0.17873644828796387,-0.03515739871056667,0.03988775610923767,-0.1359097957611084,-0.03653099519999614,0.001142650842666626,-0.17089378833770752,-0.0026785555934338845,0.006293445825576782,-0.2110132873058319,-0.030378112027960924,0.011672556400299072,-0.15054678916931152,-0.03991312665732494,0.014629364013671875,-0.1026793122291565,-0.038448700139838365,-0.031590789556503296,-0.1697445511817932,-0.005618289968538193,-0.03351694345474243,-0.22707024216651917,-0.028617221320587305,-0.02180790901184082,-0.17609328031539917,-0.028082364628630785,-0.012924939393997192,-0.12933588027954102,-0.019784131477194933,-0.0632021427154541,-0.16330206394195557,-0.010254585573989061,-0.07859055697917938,-0.22746005654335022,-0.02116806378455749,-0.0869964063167572,-0.26901179552078247,-0.02304697541387668,-0.09298288822174072,-0.3106057643890381,-0.02106951122971168
Y,0.0,0.0,0.0,0.04795229434967041,-0.03980231285095215,-0.015867540961664872,0.08165937662124634,-0.1145893931388855,-0.022018745890420632,0.10275143384933472,-0.18082600831985474,-0.029731115675133424,0.12283429503440857,-0.22635939717292786,-0.03429071826354857,0.03440430760383606,-0.16900146007537842,-0.0032079446824013758,0.03580021858215332,-0.22147831320762634,-0.02390926552430983,0.03682246804237366,-0.18056493997573853,-0.034529032534521775,0.03886696696281433,-0.1382707953453064,-0.035741718834799485,0.0005156993865966797,-0.17171108722686768,-0.002540030865532117,0.0059247612953186035,-0.211549311876297,-0.030069735250037866,0.011063188314437866,-0.15045374631881714,-0.03916892630473967,0.013732343912124634,-0.10238009691238403,-0.037341734743279176,-0.03197449445724487,-0.1702437400817871,-0.005655114422154384,-0.03345292806625366,-0.22682532668113708,-0.028537311008733468,-0.022009193897247314,-0.17510885000228882,-0.027582561946076112,-0.013350069522857666,-0.12843388319015503,-0.01891782914714213,-0.06345835328102112,-0.163834810256958,-0.010372365242403703,-0.07887125015258789,-0.22813013195991516,-0.020824537030023293,-0.08747346699237823,-0.2698386311531067,-0.02215818723158236,-0.09363459050655365,-0.3117462992668152,-0.01977646199480887
Y,0.0,0.0,0.0,0.0484272837638855,-0.03800314664840698,-0.017767751842626467,0.0833718478679657,-0.11166608333587646,-0.024800284087547197,0.10398367047309875,-0.17846810817718506,-0.03288988235581769,0.12392988801002502,-0.22447586059570312,-0.03769085022796048,0.036697179079055786,-0.16687709093093872,-0.005752132527419462,0.037070661783218384,-0.2198033630847931,-0.02692403855908765,0.03753936290740967,-0.17848193645477295,-0.037458425640949145,0.039730995893478394,-0.13576257228851318,-0.038637368261703386,0.0020399391651153564,-0.16978472471237183,-0.004250718999543324,0.005918353796005249,-0.20988744497299194,-0.03202642711985959,0.011346220970153809,-0.14866602420806885,-0.04068750354636563,0.015121817588806152,-0.10162526369094849,-0.038625652223714724,-0.030896365642547607,-0.1682615876197815,-0.006675189148523941,-0.03330311179161072,-0.22485491633415222,-0.029879583299049273,-0.021940916776657104,-0.17412495613098145,-0.02858818906534566,-0.012849301099777222,-0.1283102035522461,-0.01973794426012887,-0.06285342574119568,-0.16175782680511475,-0.010852427475043669,-0.07832872867584229,-0.2265908420085907,-0.021923979997524157,-0.08663144707679749,-0.268481582403183,-0.023482529699691668,-0.09214910864830017,-0.3104472756385803,-0.021225879222043886
Y,0.0,0.0,0.0,0.04814028739929199,-0.03872489929199219,-0.01650390505631094,0.08173525333404541,-0.11409825086593628,-0.022444746567202856,0.1022210419178009,-0.18102455139160156,-0.02979990757842188,0.12177971005439758,-0.22669923305511475,-0.03399244241256838,0.03517124056816101,-0.168249249458313,-0.003352752764044453,0.03549766540527344,-0.2199411392211914,-0.024160058347774793,0.03581401705741882,-0.17830830812454224,-0.035001303179456045,0.03786498308181763,-0.1357440948486328,-0.036408360226346304,0.0006690621376037598,-0.1709233522415161,-0.0022822051479352012,0.004680156707763672,-0.21061885356903076,-0.029657245723797132,0.009647607803344727,-0.14993691444396973,-0.03873359702367907,0.012941986322402954,-0.10260605812072754,-0.03696023590703135,-0.03209882974624634,-0.1694411039352417,-0.005109446699066211,-0.034589529037475586,-0.2256476879119873,-0.02805803634066706,-0.023567408323287964,-0.17424345016479492,-0.02713056199092989,-0.014608681201934814,-0.127818763256073,-0.018467416165663053,-0.06375125050544739,-0.1629951000213623,-0.00962207197983389,-0.07926222681999207,-0.2268676459789276,-0.020365967525435735,-0.08810624480247498,-0.2687411904335022,-0.021973497344447424,-0.09403745830059052,-0.31075435876846313,-0.019765517784549047
Y,0.0,0.0,0.0,0.04842737317085266,-0.039483070373535156,-0.016849244649023376,0.08252814412117004,-0.11570316553115845,-0.022722064221710525,0.10270419716835022,-0.18316084146499634,-0.029824034015149437,0.1221795380115509,-0.22905054688453674,-0.03355325635752138,0.035612672567367554,-0.16943126916885376,-0.0033780631445949894,0.03572845458984375,-0.2222062647342682,-0.023887226993650756,0.035785406827926636,-0.1793065071105957,-0.03409874689063486,0.03764548897743225,-0.13629257678985596,-0.03503100078782495,0.000895768404006958,-0.17209404706954956,-0.0020488127437090498,0.004349738359451294,-0.21290037035942078,-0.029104227835745178,0.009494364261627197,-0.1518380045890808,-0.03773503255328592,0.013033479452133179,-0.1050061583518982,-0.03557614859423097,-0.031829655170440674,-0.1702926754951477,-0.004676680250526033,-0.03479123115539551,-0.22727814316749573,-0.027060239280075393,-0.023272573947906494,-0.17661052942276,-0.025829025248498283,-0.014085382223129272,-0.13073456287384033,-0.017057568470448814,-0.06345371901988983,-0.16341429948806763,-0.009030187206775508,-0.07889539003372192,-0.2279289960861206,-0.019320712129086814,-0.08741533756256104,-0.2695103883743286,-0.020761170128793083,-0.09328141808509827,-0.3110155463218689,-0.01845792185744699
Y,0.0,0.0,0.0,0.047942399978637695,-0.0400887131690979,-0.016926651517593427,0.08217564225196838,-0.11676651239395142,-0.023074371437274976,0.1019015908241272,-0.1839764416217804,-0.03047856099411206,0.12040162086486816,-0.2307923436164856,-0.03467862463995175,0.03484812378883362,-0.17139357328414917,-0.004445272660547062,0.03350129723548889,-0.22364270687103271,-0.025363282928907438,0.03398731350898743,-0.18143141269683838,-0.03561984903618054,0.03624817728996277,-0.1385442614555359,-0.03648550219341473,-0.00018128752708435059,-0.1739215850830078,-0.003368627675541802,0.0021417737007141113,-0.2150111198425293,-0.031170403281890913,0.007561326026916504,-0.15328490734100342,-0.03991802937790112,0.011289089918136597,-0.10564917325973511,-0.037585423956358,-0.03299212455749512,-0.17144113779067993,-0.006191686889820858,-0.036705851554870605,-0.22877025604248047,-0.029448404605233236,-0.0246962308883667,-0.17671900987625122,-0.02817813463016705,-0.014965146780014038,-0.1299939751625061,-0.019086796487414404,-0.06458312273025513,-0.16356658935546875,-0.01069552514209704,-0.08022785186767578,-0.22852271795272827,-0.021743232081377073,-0.08872443437576294,-0.2703125476837158,-0.023297726805054708,-0.09458327293395996,-0.3124377727508545,-0.020883792708360716
Y,0.0,0.0,0.0,0.04842725396156311,-0.04102528095245361,-0.01656981174735961,0.08344560861587524,-0.1173332929611206,-0.0226680225589746,0.10335546731948853,-0.18434470891952515,-0.030031517044591283,0.12204122543334961,-0.23137956857681274,-0.03414822732000289,0.035809069871902466,-0.1703224778175354,-0.004103713565456246,0.03467866778373718,-0.22249126434326172,-0.025260258362578725,0.03480944037437439,-0.17958539724349976,-0.03574374307780204,0.03631949424743652,-0.13588815927505493,-0.03663787980465827,0.0008092820644378662,-0.17306476831436157,-0.003039172281461333,0.0024123787879943848,-0.21403589844703674,-0.030326006830620145,0.007199704647064209,-0.15361106395721436,-0.03894112248806891,0.010274231433868408,-0.10682392120361328,-0.03662429367093978,-0.032000213861465454,-0.17100685834884644,-0.005893993553655719,-0.0369972288608551,-0.22825169563293457,-0.028548141838001584,-0.025945156812667847,-0.1792302131652832,-0.027417916701125478,-0.017060518264770508,-0.1344907283782959,-0.01850646537630496,-0.06375008821487427,-0.1641453504562378,-0.010377915472673749,-0.07892769575119019,-0.22932392358779907,-0.020939672262358044,-0.08701923489570618,-0.27062955498695374,-0.02229493287293849,-0.09284959733486176,-0.3116615116596222,-0.019702335716175412
Y,0.0,0.0,0.0,0.04798969626426697,-0.04280126094818115,-0.017186877147310042,0.08248671889305115,-0.11989378929138184,-0.023478579537027144,0.10148283839225769,-0.187279611825943,-0.03080975712930467,0.11939948797225952,-0.23511797189712524,-0.03466046863889005,0.034450024366378784,-0.17298907041549683,-0.00423000363355186,0.032916754484176636,-0.22505506873130798,-0.025618635878913665,0.032767534255981445,-0.18087279796600342,-0.036362129093163276,0.034043073654174805,-0.13611596822738647,-0.03722138220166471,-0.0012025237083435059,-0.17563951015472412,-0.0024884294876983404,-0.0002595186233520508,-0.21608391404151917,-0.02930875384902265,0.0047363340854644775,-0.15535593032836914,-0.03760742285942342,0.008522659540176392,-0.10868686437606812,-0.03504319751357343,-0.033874720335006714,-0.17331939935684204,-0.004757364575766587,-0.03927156329154968,-0.23097169399261475,-0.02644618304168489,-0.028191030025482178,-0.1828017234802246,-0.024738875047319198,-0.018789559602737427,-0.13815158605575562,-0.015534443610363269,-0.06488636136054993,-0.16565632820129395,-0.008788698182456756,-0.08030393719673157,-0.23159852623939514,-0.018535219893806243,-0.08921921253204346,-0.2722800374031067,-0.019322109238260055,-0.09545519948005676,-0.31178879737854004,-0.016236810774557853
Y,0.0,0.0,0.0,0.04883831739425659,-0.04428654909133911,-0.01985624659235441,0.08455494046211243,-0.12216871976852417,-0.026302760871004693,0.1033765971660614,-0.19326099753379822,-0.03339936810905897,0.12004035711288452,-0.24444258213043213,-0.03627202141458952,0.03510543704032898,-0.17849451303482056,-0.0015256555600728916,0.03407737612724304,-0.23299288749694824,-0.02364785823399984,0.030074745416641235,-0.189118891954422,-0.034640936585020654,0.028778135776519775,-0.1434808373451233,-0.035287471892189615,-0.001827538013458252,-0.1811026632785797,0.002052606843534477,-0.0019761323928833008,-0.22227716445922852,-0.02641228999371492,0.0009821057319641113,-0.15712791681289673,-0.035150913925718896,0.003988742828369141,-0.10957401990890503,-0.03176907304103338,-0.03553551435470581,-0.17850303649902344,0.001002404667559631,-0.04047025740146637,-0.23913952708244324,-0.021868741543840997,-0.03196233510971069,-0.18467280268669128,-0.01908938068325483,-0.0241965651512146,-0.13643962144851685,-0.008000097641598813,-0.06606894731521606,-0.17075115442276,-0.002187749775004022,-0.08032724261283875,-0.23682117462158203,-0.012203395770740144,-0.08962646126747131,-0.27461349964141846,-0.012457218425225847,-0.09590306878089905,-0.31356167793273926,-0.00808804988290035
Y,0.0,0.0,0.0,0.047753721475601196,-0.045590758323669434,-0.019113517901558907,0.08205687999725342,-0.12536489963531494,-0.025931004038710626,0.10032075643539429,-0.19554710388183594,-0.03348772188152793,0.11614826321601868,-0.24646586179733276,-0.03714416136469367,0.03430598974227905,-0.17965328693389893,-0.0044801622393322305,0.0293520987033844,-0.2328415811061859,-0.02669817542161468,0.027561426162719727,-0.1859196424484253,-0.03761377891029838,0.028585165739059448,-0.13889944553375244,-0.0382574978980017,-0.0026823580265045166,-0.18166407942771912,-0.001869359821711214,-0.005298256874084473,-0.22423818707466125,-0.029980124509592088,-0.0015952885150909424,-0.16006684303283691,-0.03840294068183425,0.0022307634353637695,-0.11169630289077759,-0.03522903805102828,-0.03598250448703766,-0.17804932594299316,-0.0036215170516413764,-0.043854519724845886,-0.23707973957061768,-0.02630040382470611,-0.03385721147060394,-0.18712177872657776,-0.024311933270354302,-0.02411562204360962,-0.14090275764465332,-0.014256496517617734,-0.0665249228477478,-0.1690654754638672,-0.007328222109634908,-0.08198121190071106,-0.23768219351768494,-0.017441879561800988,-0.09190592169761658,-0.27932101488113403,-0.01818500419582847,-0.09916837513446808,-0.31923890113830566,-0.014685078127939732
Y,0.0,0.0,0.0,0.04782959818840027,-0.04822254180908203,-0.018389675880200684,0.08239918947219849,-0.12878358364105225,-0.02475039858592254,0.10088592767715454,-0.20035883784294128,-0.03194271411967975,0.11721727252006531,-0.251689076423645,-0.03519545134378177,0.03367367386817932,-0.1834399402141571,-0.0019755595106403234,0.028752416372299194,-0.2362957000732422,-0.02323713351262313,0.02646222710609436,-0.18941783905029297,-0.03400463994813663,0.026915639638900757,-0.14105647802352905,-0.03456670802307826,-0.003206789493560791,-0.18549683690071106,0.0007735692221899626,-0.005962252616882324,-0.22884103655815125,-0.025760877991444886,-0.0023176074028015137,-0.16297918558120728,-0.033552453035838425,0.0014588534832000732,-0.11454081535339355,-0.030036246518022836,-0.0362810343503952,-0.18137478828430176,-0.0008728299265499118,-0.04370972514152527,-0.24087589979171753,-0.02194815699232322,-0.034040793776512146,-0.19004717469215393,-0.01881562184763652,-0.02477213740348816,-0.14271587133407593,-0.008267318012542546,-0.06646457314491272,-0.17166393995285034,-0.0045185229949424865,-0.08174918591976166,-0.24194437265396118,-0.01364713173580867,-0.09153112769126892,-0.2832337021827698,-0.01337277993781072,-0.09871076047420502,-0.32246631383895874,-0.009169010559446633
Y,0.0,0.0,0.0,0.047761619091033936,-0.046086251735687256,-0.019200295867449313,0.08195158839225769,-0.12567269802093506,-0.026006123708611995,0.1003856360912323,-0.19625252485275269,-0.033746516989594966,0.11645421385765076,-0.2481105923652649,-0.03750019772542146,0.0334344208240509,-0.18024414777755737,-0.002074705163067847,0.02834460139274597,-0.23332428932189941,-0.02397930501592782,0.025377511978149414,-0.18644163012504578,-0.03500931216967729,0.02595183253288269,-0.1388556957244873,-0.0357661607731643,-0.003482908010482788,-0.18228167295455933,0.0006569992228833144,-0.006206780672073364,-0.2249087691307068,-0.027382204966670542,-0.0035347938537597656,-0.1599087119102478,-0.03613565369141725,-0.00021380186080932617,-0.11141246557235718,-0.03305627285135415,-0.03692732751369476,-0.17875254154205322,-0.001160063041425019,-0.045131996273994446,-0.23811966180801392,-0.023692887933975726,-0.03572447597980499,-0.18813201785087585,-0.021871165098673373,-0.026125460863113403,-0.14182549715042114,-0.011881414527124434,-0.06773041188716888,-0.17031589150428772,-0.004982321715033322,-0.08256542682647705,-0.2386641502380371,-0.01477679024083045,-0.09236660599708557,-0.2798486351966858,-0.015481356257623702,-0.0996551662683487,-0.31936049461364746,-0.011942050145989924
Y,0.0,0.0,0.0,0.048233866691589355,-0.047950685024261475,-0.018194922153668358,0.08254468441009521,-0.12730324268341064,-0.024399685581045105,0.10102376341819763,-0.19806981086730957,-0.03149777362199302,0.11749926209449768,-0.24891397356987,-0.03472028384061332,0.03468623757362366,-0.18200090527534485,-0.0022654665175991795,0.02849075198173523,-0.23508089780807495,-0.022956249211745217,0.02449527382850647,-0.18745213747024536,-0.03306489149184699,0.02444872260093689,-0.13954901695251465,-0.0334109784111547,-0.002312600612640381,-0.18397441506385803,0.00038726081180584515,-0.006275057792663574,-0.226732075214386,-0.026671790425496056,-0.004231750965118408,-0.1611970067024231,-0.03479732284398551,-0.0009516775608062744,-0.11232328414916992,-0.03151686573477264,-0.035731181502342224,-0.18004432320594788,-0.0012014120824801466,-0.04425479471683502,-0.2398667335510254,-0.0230203484192657,-0.03554454445838928,-0.18957385420799255,-0.020561207924799874,-0.02629248797893524,-0.14238739013671875,-0.010368679557757332,-0.06656241416931152,-0.17084914445877075,-0.004663805384950592,-0.08120796084403992,-0.2409847378730774,-0.01427420871408458,-0.09095531702041626,-0.28290021419525146,-0.014602057543413594,-0.09827278554439545,-0.32287758588790894,-0.010869792570190384
Y,0.0,0.0,0.0,0.048637717962265015,-0.04997938871383667,-0.018349794395049912,0.08347535133361816,-0.13050490617752075,-0.024219771571239335,0.10221332311630249,-0.20291906595230103,-0.030966555423816544,0.11784186959266663,-0.25509703159332275,-0.033670389748891694,0.03504505753517151,-0.1837305724620819,0.0002433101466010612,0.028289973735809326,-0.23843884468078613,-0.02086381772883783,0.024372577667236328,-0.1895785629749298,-0.03176735500224481,0.024766623973846436,-0.14096730947494507,-0.03237135121949564,-0.0020775794982910156,-0.18559792637825012,0.003404815258676308,-0.006731793284416199,-0.23086318373680115,-0.02408528486617456,-0.004460915923118591,-0.16372603178024292,-0.032846124566873414,-0.0010232031345367432,-0.11417508125305176,-0.029469888381441933,-0.03543156385421753,-0.1815328598022461,0.002086713254669803,-0.04405854642391205,-0.24262940883636475,-0.019518874309738976,-0.03535403311252594,-0.19202402234077454,-0.017105469204267365,-0.026075899600982666,-0.14446133375167847,-0.006529733728399378,-0.06591266393661499,-0.17234495282173157,-0.0011695572908649865,-0.08077055215835571,-0.24375787377357483,-0.009905652798494202,-0.0905405580997467,-0.28613919019699097,-0.009853373937090737,-0.09787416458129883,-0.32605820894241333,-0.005619148447891575
Y,0.0,0.0,0.0,0.04912829399108887,-0.04965555667877197,-0.01782310080355387,0.08340185880661011,-0.12810349464416504,-0.024060980199038795,0.1018860936164856,-0.20074883103370667,-0.03124451522356253,0.11810320615768433,-0.2529250979423523,-0.0346424456370471,0.0360313355922699,-0.18468385934829712,-0.0006041393067164336,0.029379308223724365,-0.23810943961143494,-0.020809744266927055,0.02497956156730652,-0.19211119413375854,-0.030926448075234703,0.024785518646240234,-0.1436343789100647,-0.031101724846422485,-0.0010867714881896973,-0.1867939829826355,0.002304019857064077,-0.005132660269737244,-0.23006480932235718,-0.023036316750705055,-0.003287568688392639,-0.16305559873580933,-0.0306228499544261,-0.00024777650833129883,-0.11450880765914917,-0.027297294480860046,-0.03469477593898773,-0.1832573413848877,0.0009275516926834371,-0.04249906539916992,-0.2421439290046692,-0.01918302734023314,-0.03379669785499573,-0.19067305326461792,-0.016089810772001556,-0.024464070796966553,-0.1424405574798584,-0.005951424842834285,-0.06622977554798126,-0.1740453839302063,-0.0023417598718253885,-0.08043819665908813,-0.24558672308921814,-0.010545903599023632,-0.08983434736728668,-0.2884465754032135,-0.010105247391521743,-0.09655827283859253,-0.328864723443985,-0.006068163799255899
Y,0.0,0.0,0.0,0.049632132053375244,-0.05136018991470337,-0.017321472324766773,0.08420485258102417,-0.1287112832069397,-0.023504353396930355,0.10289037227630615,-0.20178568363189697,-0.030697887100615162,0.11948275566101074,-0.25345349311828613,-0.034004020773210186,0.03653499484062195,-0.1856061816215515,-0.00037524643201436447,0.03090837597846985,-0.2391086220741272,-0.02101989396695103,0.026976734399795532,-0.19200998544692993,-0.03129962020400967,0.02652716636657715,-0.1441362500190735,-0.031516528956927914,-0.0002798736095428467,-0.18803468346595764,0.0023754839428136165,-0.0030771642923355103,-0.23105287551879883,-0.022800629295744557,-0.0008081197738647461,-0.1631089448928833,-0.029911133729257244,0.0018827617168426514,-0.11601454019546509,-0.02642026849869694,-0.03349323570728302,-0.1844426691532135,0.0008575547478528733,-0.040033966302871704,-0.24270886182785034,-0.019229925506152767,-0.03142273426055908,-0.18932276964187622,-0.015145671822466511,-0.022991061210632324,-0.14093291759490967,-0.004392613459714312,-0.06510019302368164,-0.17484524846076965,-0.0025249000530322974,-0.07868114113807678,-0.24649712443351746,-0.010877955042161602,-0.08798748254776001,-0.28907090425491333,-0.009863344289698261,-0.09499499201774597,-0.32966628670692444,-0.00531675460595693
Y,0.0,0.0,0.0,0.04972356557846069,-0.050844669342041016,-0.018270433427630905,0.08460727334022522,-0.12813276052474976,-0.024766590924798493,0.1029684841632843,-0.20121625065803528,-0.03214727017456198,0.12006312608718872,-0.2526075839996338,-0.035598408909379486,0.03708502650260925,-0.1850786805152893,-0.001351173048703913,0.030906766653060913,-0.23815962672233582,-0.023101507233320717,0.027495265007019043,-0.19161969423294067,-0.03361926648193503,0.027772605419158936,-0.1436772346496582,-0.03373576003485823,0.0002728402614593506,-0.1872517168521881,0.001539500999399479,-0.002980753779411316,-0.22976505756378174,-0.025579687686501984,-0.0006948262453079224,-0.16251027584075928,-0.033265855641900544,0.0026000142097473145,-0.11537188291549683,-0.029703092308579926,-0.033114805817604065,-0.18360614776611328,-7.547830307430559e-06,-0.039864957332611084,-0.24091899394989014,-0.022262042866884713,-0.03168332576751709,-0.18741095066070557,-0.018949650706588272,-0.02341492474079132,-0.13954603672027588,-0.00806711103194857,-0.06506147980690002,-0.17426139116287231,-0.0034214253666391414,-0.0784832239151001,-0.2455419898033142,-0.013090081060170178,-0.08799436688423157,-0.28788143396377563,-0.012613432029127125,-0.09535054862499237,-0.328910768032074,-0.00814553584331179
Y,0.0,0.0,0.0,0.048948585987091064,-0.04865598678588867,-0.018125057677536915,0.08293434977531433,-0.12552648782730103,-0.024647882665306042,0.10092002153396606,-0.19750067591667175,-0.032067714716106366,0.11725279688835144,-0.24936580657958984,-0.03565216668954463,0.03515827655792236,-0.1822761595249176,-0.0019588137425330387,0.02882036566734314,-0.23478370904922485,-0.023673549751549672,0.026138514280319214,-0.1894640028476715,-0.034199802662044476,0.027050137519836426,-0.14172250032424927,-0.03430709474793048,-0.0014538168907165527,-0.18393653631210327,0.000854815947093357,-0.004520103335380554,-0.22541972994804382,-0.026006633872896145,-0.0018437504768371582,-0.15942180156707764,-0.03365622320285411,0.0015751421451568604,-0.11180323362350464,-0.030254252712040852,-0.034920334815979004,-0.1804545521736145,-0.0007239102765765892,-0.041997551918029785,-0.23728728294372559,-0.022684997404724072,-0.0331808477640152,-0.18465682864189148,-0.0196101651441154,-0.024114161729812622,-0.1368963122367859,-0.009083476374655675,-0.0668410062789917,-0.1714562177658081,-0.0041499999265965926,-0.08069309592247009,-0.24136313796043396,-0.013680768656342934,-0.09049741923809052,-0.28408583998680115,-0.013466559807568501,-0.09785273671150208,-0.3252983093261719,-0.009338376569360207
Y,0.0,0.0,0.0,0.04865056276321411,-0.05204850435256958,-0.01772620523183832,0.08222872018814087,-0.12853968143463135,-0.024401558505587673,0.10140693187713623,-0.20183157920837402,-0.03176000894814024,0.11757326126098633,-0.25384002923965454,-0.03508824290543089,0.0355721116065979,-0.18609437346458435,-0.0025911405107308383,0.028880983591079712,-0.23895716667175293,-0.022502612265043354,0.026001691818237305,-0.19258970022201538,-0.03150310175328741,0.026274293661117554,-0.14488977193832397,-0.03101382398813257,-0.0014526844024658203,-0.1884811520576477,0.00022913353973308404,-0.004503235220909119,-0.23118585348129272,-0.024106519239239788,-0.0012235641479492188,-0.16289889812469482,-0.03001026058404932,0.001877516508102417,-0.11665821075439453,-0.026018178032927608,-0.03480598330497742,-0.18427890539169312,-0.0011066634331200476,-0.04152438044548035,-0.24223321676254272,-0.020731298195414638,-0.032799869775772095,-0.18908709287643433,-0.01571475894957075,-0.02473384141921997,-0.1409364938735962,-0.004700600112073516,-0.06623153388500214,-0.17358726263046265,-0.004330330470793342,-0.080057293176651,-0.24693620204925537,-0.01331621123313198,-0.08957530558109283,-0.2902391850948334,-0.012217466661923027,-0.09709328413009644,-0.3312181234359741,-0.007664740493737554
Y,0.0,0.0,0.0,0.048949480056762695,-0.04802435636520386,-0.018603424116577116,0.08376243710517883,-0.12521672248840332,-0.02546962960025212,0.10217159986495972,-0.19684526324272156,-0.033432888373340575,0.11869692802429199,-0.2483452558517456,-0.03749204663893124,0.03697165846824646,-0.18356478214263916,-0.0018134710086314954,0.030862480401992798,-0.23581960797309875,-0.02412150478323838,0.02757367491722107,-0.1899290382862091,-0.03487589074632069,0.028159379959106445,-0.14244520664215088,-0.03507958216925999,-5.9157609939575195e-05,-0.18536615371704102,0.0007021608938657664,-0.003410443663597107,-0.22653040289878845,-0.02729622884055516,-0.00045040249824523926,-0.16040754318237305,-0.035215838387216536,0.003139108419418335,-0.11307621002197266,-0.03163682161232373,-0.03381764888763428,-0.18191584944725037,-0.0013169750278620995,-0.04120326042175293,-0.23885154724121094,-0.024552831932510344,-0.032257407903671265,-0.18519264459609985,-0.02152477255424401,-0.023444443941116333,-0.137262761592865,-0.010576943441833464,-0.06597620248794556,-0.17309939861297607,-0.005240025505031554,-0.07911047339439392,-0.24319243431091309,-0.015481920487786738,-0.08857196569442749,-0.28611719608306885,-0.015276622533406226,-0.0960514098405838,-0.32782095670700073,-0.010926705360020605
Y,0.0,0.0,0.0,0.04868224263191223,-0.049845993518829346,-0.018440422343132923,0.08215710520744324,-0.12577587366104126,-0.025479345323560665,0.10040664672851562,-0.19802868366241455,-0.03315430388045115,0.11690789461135864,-0.2501148581504822,-0.03688586011719508,0.03534230589866638,-0.18391382694244385,-0.002565597623629401,0.02962392568588257,-0.23661276698112488,-0.023104279043195675,0.026636332273483276,-0.19132620096206665,-0.032872999759433696,0.026839017868041992,-0.1433943510055542,-0.03280361995291514,-0.0017737150192260742,-0.18590855598449707,0.0004774196683001719,-0.0043523311614990234,-0.2285507321357727,-0.024870977478144596,-0.0014398694038391113,-0.16205590963363647,-0.03182684883665843,0.0015149116516113281,-0.1151074767112732,-0.02837382696759505,-0.03529252111911774,-0.1820247769355774,-0.000738948208322654,-0.04192227125167847,-0.23990926146507263,-0.021396313535092304,-0.03304639458656311,-0.1878964602947235,-0.017557291986463497,-0.024847209453582764,-0.1400713324546814,-0.0070414042305628755,-0.066579669713974,-0.1720530390739441,-0.003831003533719013,-0.08090212941169739,-0.24354374408721924,-0.012914080845234821,-0.09049293398857117,-0.2865620255470276,-0.012139684261796901,-0.09813520312309265,-0.32788366079330444,-0.007815370077310035
Y,0.0,0.0,0.0,0.04805716872215271,-0.04913043975830078,-0.018514878237851917,0.08206060528755188,-0.12486076354980469,-0.025774744460591137,0.10103833675384521,-0.19603928923606873,-0.033858300307997524,0.11724469065666199,-0.24752271175384521,-0.03810294450283891,0.03532680869102478,-0.18320757150650024,-0.004133156156399309,0.030003339052200317,-0.23500967025756836,-0.02487081394554025,0.026689261198043823,-0.19000095129013062,-0.034543150225886166,0.02688702940940857,-0.14287668466567993,-0.034601689437636196,-0.001635044813156128,-0.18542325496673584,-0.001480220239841401,-0.004371315240859985,-0.2268964946269989,-0.027701228047021687,-0.0012740790843963623,-0.1606149673461914,-0.034917038986691296,0.002659440040588379,-0.1135677695274353,-0.03168251098156816,-0.035368964076042175,-0.1821001172065735,-0.0029497722911173696,-0.04200047254562378,-0.24018126726150513,-0.02481551759899503,-0.03328275680541992,-0.18612617254257202,-0.02118392021418458,-0.024668559432029724,-0.1373298168182373,-0.010613408060976326,-0.06726330518722534,-0.1725698709487915,-0.006279712664195358,-0.08066874742507935,-0.24370673298835754,-0.016557472879298984,-0.09018813073635101,-0.28715208172798157,-0.016337649086722195,-0.09756061434745789,-0.32902708649635315,-0.012321678111561596
Y,0.0,0.0,0.0,0.04655098915100098,-0.041033387184143066,-0.020505199794911277,0.08005332946777344,-0.11920320987701416,-0.028357836072586906,0.09971785545349121,-0.19052159786224365,-0.036657410328530204,0.1182471513748169,-0.2401222586631775,-0.0407288583268155,0.03440794348716736,-0.1785346269607544,-0.007615103041075599,0.03259757161140442,-0.23029223084449768,-0.03037179692580594,0.028075486421585083,-0.18144947290420532,-0.04059160373105897,0.026557743549346924,-0.1339969038963318,-0.040714843784712684,-0.00208166241645813,-0.18035739660263062,-0.004149180026047361,-0.0035026073455810547,-0.2210380733013153,-0.032497866665266884,-0.0011216998100280762,-0.15605109930038452,-0.03967906779541863,0.001427769660949707,-0.10959243774414062,-0.03580187133445634,-0.03586675226688385,-0.17779844999313354,-0.005003243339501751,-0.042428553104400635,-0.23745518922805786,-0.027765365903519523,-0.033463552594184875,-0.18421059846878052,-0.024290472855113876,-0.025652989745140076,-0.13688230514526367,-0.013360419896685016,-0.06723207235336304,-0.17005109786987305,-0.007932973680340183,-0.08203795552253723,-0.23925521969795227,-0.017824834798716438,-0.0910736620426178,-0.28184542059898376,-0.018038921644233596,-0.09755760431289673,-0.32315558195114136,-0.014172888015650642
Y,0.0,0.0,0.0,0.04722312092781067,-0.04295003414154053,-0.019514127675336113,0.08116909861564636,-0.11778587102890015,-0.02773516163591694,0.10238569974899292,-0.1884426474571228,-0.036542785394829025,0.12297344207763672,-0.2367452085018158,-0.04127333037916969,0.036210834980010986,-0.17715734243392944,-0.0066214478983397385,0.0350479781627655,-0.22766774892807007,-0.028978177387159576,0.031654030084609985,-0.18094491958618164,-0.03934387214843582,0.03067818284034729,-0.13389700651168823,-0.03961235382024597,0.00030484795570373535,-0.1794005036354065,-0.0035375857668782373,-7.274746894836426e-05,-0.22027695178985596,-0.030210684094470253,0.0029693543910980225,-0.15414303541183472,-0.036774770397585144,0.005914598703384399,-0.10867124795913696,-0.032932360697429885,-0.032933324575424194,-0.17692089080810547,-0.004665961995613088,-0.03781513869762421,-0.23632916808128357,-0.025885175023120155,-0.029097557067871094,-0.1816408634185791,-0.021186516661089172,-0.021753907203674316,-0.13347506523132324,-0.009994153905552139,-0.06425350904464722,-0.16858148574829102,-0.007882836315673103,-0.07933217287063599,-0.23862794041633606,-0.016993950161975135,-0.08822938799858093,-0.28123486042022705,-0.016235883388560524,-0.09434670209884644,-0.32292526960372925,-0.011931464116912593
Y,0.0,0.0,0.0,0.04649925231933594,-0.03920125961303711,-0.01988715997771351,0.08094105124473572,-0.11347156763076782,-0.02811399607793419,0.1022760272026062,-0.1813773512840271,-0.0369558384908828,0.12240317463874817,-0.22853553295135498,-0.04173263295427887,0.03608003258705139,-0.17394763231277466,-0.008299521569767876,0.035296112298965454,-0.22241389751434326,-0.030707343880692406,0.032069385051727295,-0.1749623417854309,-0.04038605599538414,0.03174307942390442,-0.12989747524261475,-0.040327725399890824,0.0001938343048095703,-0.17606592178344727,-0.005643994480976744,0.0003566443920135498,-0.21392154693603516,-0.03403264417187302,0.003444671630859375,-0.1490831971168518,-0.04084086923734276,0.0066759586334228516,-0.10417747497558594,-0.03688176854387848,-0.03320734202861786,-0.17362266778945923,-0.007177857149997635,-0.03807973861694336,-0.23057743906974792,-0.03040446287826626,-0.028778016567230225,-0.17670166492462158,-0.026793809075513764,-0.020600438117980957,-0.13042736053466797,-0.01589393189982502,-0.06427669525146484,-0.16558337211608887,-0.010734673057356758,-0.0793035626411438,-0.23362386226654053,-0.021082641024747772,-0.08830595016479492,-0.2761632204055786,-0.02131801790432064,-0.0944729745388031,-0.31834840774536133,-0.017628389809885903
Y,0.0,0.0,0.0,0.045960575342178345,-0.03831106424331665,-0.01917954626469509,0.07965806126594543,-0.11316549777984619,-0.027245479626344604,0.10102227330207825,-0.18077659606933594,-0.03617086912481682,0.12223237752914429,-0.22691142559051514,-0.04111238847463028,0.035290807485580444,-0.17324036359786987,-0.00741972633613841,0.03537866473197937,-0.22121623158454895,-0.03012680540768997,0.03284016251564026,-0.17385363578796387,-0.04023949335305588,0.03226238489151001,-0.1293097734451294,-0.04041856433241264,-0.0005348324775695801,-0.17537522315979004,-0.005329492492364807,0.0005182325839996338,-0.21312490105628967,-0.03410375024168388,0.004580408334732056,-0.1496821641921997,-0.041462115002559585,0.007394164800643921,-0.1044197678565979,-0.03779813553182976,-0.033985137939453125,-0.17328470945358276,-0.007420507715778513,-0.038568973541259766,-0.23066100478172302,-0.031198891801523132,-0.02783462405204773,-0.17709392309188843,-0.028187596229599876,-0.019262969493865967,-0.13062536716461182,-0.01744735705642597,-0.06491395831108093,-0.16577225923538208,-0.011480739330636425,-0.07963177561759949,-0.23383614420890808,-0.022167445150898857,-0.08849862217903137,-0.27698439359664917,-0.02280522975115673,-0.09486773610115051,-0.3195922374725342,-0.01932906265346901
Y,0.0,0.0,0.0,0.04664713144302368,-0.03717970848083496,-0.018208614712733606,0.0797276496887207,-0.1099015474319458,-0.026049791997451166,0.10042428970336914,-0.17593508958816528,-0.03496017230131088,0.12264478206634521,-0.2198558747768402,-0.040077443396825174,0.03545829653739929,-0.1688244342803955,-0.0065771189277654685,0.035809725522994995,-0.2165629267692566,-0.029412732621807436,0.03386148810386658,-0.17149341106414795,-0.039853404438275675,0.033785492181777954,-0.12748271226882935,-0.04033147839285789,-0.00012257695198059082,-0.17084550857543945,-0.004958693565953354,0.000690162181854248,-0.20828568935394287,-0.0337677553055471,0.005197674036026001,-0.1457008719444275,-0.041157401329058985,0.008357852697372437,-0.10061019659042358,-0.03761567843534408,-0.03342771530151367,-0.16893750429153442,-0.007511656893569807,-0.03837737441062927,-0.22579020261764526,-0.03143855479933677,-0.027627885341644287,-0.17348814010620117,-0.028579992404360155,-0.01883876323699951,-0.12796872854232788,-0.017997387027520517,-0.06435230374336243,-0.16156476736068726,-0.011969795612770895,-0.0795314610004425,-0.22829514741897583,-0.022924577048200945,-0.08872103691101074,-0.271367609500885,-0.02385512848772464,-0.09527826309204102,-0.3142687678337097,-0.020663120946068148
Y,0.0,0.0,0.0,0.0461045503616333,-0.03713959455490112,-0.017213046778948637,0.0786641538143158,-0.10967910289764404,-0.024773145322711798,0.10019007325172424,-0.17428869009017944,-0.03356157824865136,0.12273994088172913,-0.21740484237670898,-0.03852746099701676,0.03414240479469299,-0.16794264316558838,-0.0062582648778573,0.03543901443481445,-0.21542364358901978,-0.028798040230782362,0.03390079736709595,-0.1695505976676941,-0.03920231596103463,0.034001946449279785,-0.1253492832183838,-0.0397449119435862,-0.001069575548171997,-0.16989517211914062,-0.005167700578482481,0.0008193254470825195,-0.2072584629058838,-0.03345495298972878,0.005698293447494507,-0.14485150575637817,-0.04076105937829766,0.00898808240890503,-0.09990620613098145,-0.0373909531580523,-0.034140706062316895,-0.16800707578659058,-0.008124717739434573,-0.03807622194290161,-0.2247905135154724,-0.03149889991155419,-0.027002155780792236,-0.1722537875175476,-0.028506104131253096,-0.018182724714279175,-0.12661874294281006,-0.018080204953463408,-0.0649295449256897,-0.16071540117263794,-0.012939591188938948,-0.08021882176399231,-0.22705763578414917,-0.02356210373810086,-0.08940033614635468,-0.2701845169067383,-0.024374414463551375,-0.09606096148490906,-0.3131634294986725,-0.021254936461360785
Y,0.0,0.0,0.0,0.04703766107559204,-0.03639119863510132,-0.01723019602019349,0.08127859234809875,-0.10836118459701538,-0.024674071094580086,0.1021634042263031,-0.17358845472335815,-0.03332143472749749,0.12529206275939941,-0.21622300148010254,-0.038208639344759376,0.03638699650764465,-0.1657004952430725,-0.005830158575065525,0.03813925385475159,-0.2144010066986084,-0.027749445384927185,0.036748647689819336,-0.16950374841690063,-0.037416150888986976,0.036729276180267334,-0.12547922134399414,-0.037488473674841316,0.0017552375793457031,-0.16792720556259155,-0.0047310363525525645,0.004307538270950317,-0.2061336636543274,-0.03301361399013558,0.00885435938835144,-0.1443861722946167,-0.040492640903778465,0.011770576238632202,-0.09847348928451538,-0.037138128748722465,-0.03111007809638977,-0.1666061282157898,-0.007609665489383133,-0.034606099128723145,-0.22358790040016174,-0.03107710564751187,-0.023675471544265747,-0.17128700017929077,-0.028300557381101044,-0.015092223882675171,-0.12551194429397583,-0.017952920964546593,-0.062343865633010864,-0.15984076261520386,-0.012306057943590076,-0.07749930024147034,-0.22566652297973633,-0.022836385390348823,-0.08658969402313232,-0.26879647374153137,-0.02361893104631463,-0.09316858649253845,-0.31200945377349854,-0.02053292477745572
Y,0.0,0.0,0.0,0.04853975772857666,-0.03629273176193237,-0.017434097263645754,0.08357089757919312,-0.10731756687164307,-0.024617812964748964,0.10533130168914795,-0.17229264974594116,-0.032961900714468584,0.12753331661224365,-0.21560734510421753,-0.03759844917399846,0.0366646945476532,-0.1650334596633911,-0.005570207625311241,0.039832353591918945,-0.2131759524345398,-0.027139065224361048,0.03887134790420532,-0.16736024618148804,-0.03689722287995778,0.03893902897834778,-0.12309914827346802,-0.037126503321957216,0.0026250481605529785,-0.16786158084869385,-0.004288685410898552,0.006765961647033691,-0.2059757113456726,-0.03216131347758733,0.011366575956344604,-0.1440175175666809,-0.04009872991187535,0.013798296451568604,-0.0981132984161377,-0.03729893583400212,-0.02986791729927063,-0.1668858528137207,-0.006987070101928339,-0.03162717819213867,-0.22329610586166382,-0.03044231924755536,-0.02051594853401184,-0.17026716470718384,-0.02844717111034356,-0.012528836727142334,-0.12429475784301758,-0.018763709250521288,-0.0606289803981781,-0.16042256355285645,-0.01146317030830346,-0.07618577778339386,-0.22684654593467712,-0.022146036285590753,-0.08504778146743774,-0.2693805396556854,-0.023307639542650804,-0.09152361750602722,-0.311859667301178,-0.020589827928375826
Y,0.0,0.0,0.0,0.04894399642944336,-0.03811997175216675,-0.015888990193616337,0.08435589075088501,-0.10814565420150757,-0.02245602320135731,0.10746592283248901,-0.1722998023033142,-0.03052594076098103,0.1289379596710205,-0.21578288078308105,-0.03499749797583718,0.03814306855201721,-0.1655052900314331,-0.003876261703680939,0.04157039523124695,-0.21300488710403442,-0.02517361874879498,0.04049563407897949,-0.1675531268119812,-0.035207783162604755,0.040259987115859985,-0.12420397996902466,-0.03563635545970101,0.0043832361698150635,-0.16894632577896118,-0.003257388772453851,0.00836181640625,-0.20592957735061646,-0.03015674586595196,0.013067007064819336,-0.14469361305236816,-0.03806291642786164,0.015973806381225586,-0.10059255361557007,-0.035636854648601,-0.027995258569717407,-0.1679663062095642,-0.006502663541596121,-0.0291689932346344,-0.22276854515075684,-0.0295332254022469,-0.018166065216064453,-0.16864246129989624,-0.02743111486734051,-0.01015135645866394,-0.12308228015899658,-0.01790071773530144,-0.05884775519371033,-0.16137784719467163,-0.011384953103970474,-0.07401660084724426,-0.22729754447937012,-0.021710560947667545,-0.0826864093542099,-0.2692861557006836,-0.022347075223933643,-0.0888223648071289,-0.31164124608039856,-0.01934303651751179
Y,0.0,0.0,0.0,0.04882150888442993,-0.03632986545562744,-0.01702115541147009,0.0836297869682312,-0.10669052600860596,-0.023767704570758497,0.10598728060722351,-0.1711311936378479,-0.03156757583664671,0.12711533904075623,-0.21373409032821655,-0.036001550460326825,0.03753983974456787,-0.16466349363327026,-0.0067768566851498235,0.04000842571258545,-0.21123820543289185,-0.026985958645212804,0.03971230983734131,-0.1672360897064209,-0.03638885399149672,0.040027737617492676,-0.12495958805084229,-0.03679478397415892,0.0036303699016571045,-0.16810846328735352,-0.005448050292301332,0.007985830307006836,-0.20501172542572021,-0.031855518424976026,0.013302862644195557,-0.1443081498146057,-0.039977873170840894,0.016371577978134155,-0.09925621747970581,-0.03804034968661085,-0.02860209345817566,-0.16709351539611816,-0.007672991098928605,-0.028584927320480347,-0.22047412395477295,-0.03038155516432539,-0.017537355422973633,-0.1667153239250183,-0.028692802840936338,-0.010260909795761108,-0.12034285068511963,-0.019794729033577596,-0.059416383504867554,-0.16033720970153809,-0.01154917241828457,-0.07464246451854706,-0.22660988569259644,-0.022267159501183187,-0.08304861187934875,-0.2684659957885742,-0.02325332766221777,-0.0892435759305954,-0.3101704716682434,-0.02066529771136061
Y,0.0,0.0,0.0,0.04949280619621277,-0.03655731678009033,-0.016727546585826758,0.08438393473625183,-0.1064712405204773,-0.02354572376432884,0.10678562521934509,-0.17123711109161377,-0.03131889401200283,0.12809962034225464,-0.21398299932479858,-0.03560149891498554,0.03830072283744812,-0.1638484001159668,-0.007484738139538649,0.041061222553253174,-0.21196788549423218,-0.02778943849924076,0.0405125617980957,-0.1675068736076355,-0.03703179059746731,0.04063597321510315,-0.12503093481063843,-0.0374110884797858,0.004558384418487549,-0.1676350235939026,-0.00621682115095723,0.008979469537734985,-0.20546001195907593,-0.03219614399793613,0.014527618885040283,-0.144800066947937,-0.039759485406904105,0.01771080493927002,-0.10078495740890503,-0.037755111588268164,-0.027673929929733276,-0.16688072681427002,-0.008449138498036746,-0.028003394603729248,-0.2216482162475586,-0.030625740422038916,-0.01677951216697693,-0.16805899143218994,-0.028271694092182997,-0.009525537490844727,-0.1223343014717102,-0.019276298938422087,-0.058567583560943604,-0.16058111190795898,-0.012317295542089823,-0.07382276654243469,-0.22699695825576782,-0.022937851382522467,-0.08218070864677429,-0.26862818002700806,-0.02372745087566841,-0.08854994177818298,-0.31054413318634033,-0.021133499575881842
Y,0.0,0.0,0.0,0.04964366555213928,-0.03596901893615723,-0.01708293863475774,0.08505937457084656,-0.10537195205688477,-0.02398865454733823,0.10771185159683228,-0.16967111825942993,-0.0318310090237901,0.12875166535377502,-0.21270960569381714,-0.03619952657163594,0.03935840725898743,-0.163807213306427,-0.0075621718438014796,0.04227179288864136,-0.21167707443237305,-0.02786520280778859,0.04166114330291748,-0.1669660210609436,-0.03719869413316701,0.04176613688468933,-0.12418031692504883,-0.03764128842294667,0.005507528781890869,-0.16748714447021484,-0.006203983155046444,0.009971588850021362,-0.20482993125915527,-0.032469404571656924,0.015229582786560059,-0.1441916823387146,-0.040378076666002016,0.018412142992019653,-0.09958046674728394,-0.03851272323072408,-0.026807934045791626,-0.1666799783706665,-0.008380457469229441,-0.027283549308776855,-0.22087538242340088,-0.030680542522077303,-0.016107678413391113,-0.16777420043945312,-0.028720073112253885,-0.008512020111083984,-0.12199962139129639,-0.019941648178701143,-0.05767059326171875,-0.16037803888320923,-0.012245263614659052,-0.07296280562877655,-0.22650256752967834,-0.02284482465029214,-0.08126583695411682,-0.2681780457496643,-0.0238375903004453,-0.0873817652463913,-0.3098565936088562,-0.021385725297932368
Y,0.0,0.0,0.0,0.049590885639190674,-0.03486490249633789,-0.017634035207180432,0.085039883852005,-0.10432225465774536,-0.024645461819915226,0.1079738438129425,-0.16852998733520508,-0.03256491676702922,0.13013523817062378,-0.21093565225601196,-0.037025862492470196,0.0395638644695282,-0.16250747442245483,-0.007711556393502406,0.042224377393722534,-0.21048027276992798,-0.02807090350225394,0.04164347052574158,-0.16679131984710693,-0.03730077029004519,0.04215696454048157,-0.12528526782989502,-0.037694783069042614,0.005851089954376221,-0.16647464036941528,-0.006192577656207732,0.010298281908035278,-0.20330464839935303,-0.03288244561090892,0.015161275863647461,-0.14282965660095215,-0.04076728702321475,0.018419593572616577,-0.09891307353973389,-0.03871664137378161,-0.026531487703323364,-0.16593146324157715,-0.008299196258036545,-0.026587456464767456,-0.21912425756454468,-0.031475109167246274,-0.01586398482322693,-0.16543614864349365,-0.029617116905598095,-0.008338898420333862,-0.11987113952636719,-0.020551878146676472,-0.057532936334609985,-0.16004198789596558,-0.01210189250096505,-0.07253175973892212,-0.22629481554031372,-0.023274787820724896,-0.08085215091705322,-0.26809677481651306,-0.02435328543916171,-0.08667886257171631,-0.3101154863834381,-0.021768984503893307
Y,0.0,0.0,0.0,0.049259722232818604,-0.03546565771102905,-0.017165345359501316,0.08474552631378174,-0.1062924861907959,-0.02390933710699983,0.10761696100234985,-0.1706002950668335,-0.0314847968853087,0.12971118092536926,-0.21259689331054688,-0.035711678896007015,0.03990674018859863,-0.16338151693344116,-0.008126429501828625,0.04202240705490112,-0.21212130784988403,-0.02775447371965356,0.04137882590293884,-0.1695103645324707,-0.03656702790027566,0.0415269136428833,-0.12766766548156738,-0.036885491792020275,0.006353974342346191,-0.16738414764404297,-0.006731287795957996,0.011181294918060303,-0.20496779680252075,-0.03274243626361795,0.015378594398498535,-0.14482682943344116,-0.0404366061425776,0.01765894889831543,-0.10000461339950562,-0.03849114406472154,-0.026095807552337646,-0.1668882966041565,-0.008797309581098034,-0.026499688625335693,-0.2209271788597107,-0.031276068869885876,-0.016175895929336548,-0.16844266653060913,-0.02945667806631036,-0.009161382913589478,-0.12301021814346313,-0.020760928500351383,-0.057696908712387085,-0.1609829068183899,-0.012502723593172504,-0.07242245972156525,-0.2275654375553131,-0.0235888522452683,-0.08087608218193054,-0.26948028802871704,-0.02480349991088815,-0.08713455498218536,-0.3115388751029968,-0.022506361115631535
Y,0.0,0.0,0.0,0.04710480570793152,-0.03497624397277832,-0.01748567365862641,0.08323168754577637,-0.1048734188079834,-0.024647609449999663,0.10648304224014282,-0.16730254888534546,-0.033039215140121314,0.127620667219162,-0.2101602554321289,-0.03813232400275979,0.03712061047554016,-0.16089165210723877,-0.006937245491968724,0.038714438676834106,-0.2104957103729248,-0.028114647723811004,0.03845381736755371,-0.16853511333465576,-0.03825610422350678,0.040164172649383545,-0.12727338075637817,-0.03919300355769906,0.003218322992324829,-0.16461366415023804,-0.005885968569742772,0.007982730865478516,-0.2006785273551941,-0.03403145738698754,0.01228979229927063,-0.1393502950668335,-0.042349132828491065,0.015245050191879272,-0.09364587068557739,-0.0400849311874083,-0.029164761304855347,-0.1641356348991394,-0.008665763892309997,-0.02986922860145569,-0.21707335114479065,-0.032808783583419654,-0.01917862892150879,-0.16439080238342285,-0.031307510219590995,-0.010725706815719604,-0.1183234453201294,-0.0220830749050549,-0.06043526530265808,-0.15892040729522705,-0.01316495624192271,-0.07523727416992188,-0.2232820987701416,-0.02489342645563397,-0.08417922258377075,-0.26523223519325256,-0.026343095235603187,-0.09022220969200134,-0.3069648742675781,-0.023862169243471953
Y,0.0,0.0,0.0,0.047299206256866455,-0.03647875785827637,-0.017944045198703407,0.08307403326034546,-0.10785108804702759,-0.025060765279079078,0.10463625192642212,-0.17103922367095947,-0.03327144293263018,0.12479802966117859,-0.21487706899642944,-0.03778409568741381,0.03727990388870239,-0.16426622867584229,-0.007247592156375049,0.03735393285751343,-0.21501696109771729,-0.029381094334269164,0.035945773124694824,-0.16978871822357178,-0.039688233119989036,0.037048161029815674,-0.1264163851737976,-0.04041020183041155,0.0021538734436035156,-0.1676127314567566,-0.005960008428985475,0.004613995552062988,-0.20485681295394897,-0.03509811295344889,0.009429842233657837,-0.14300215244293213,-0.04342534003927767,0.013215780258178711,-0.0964362621307373,-0.04067684693410456,-0.030643761157989502,-0.16649466753005981,-0.008650643584871887,-0.033263325691223145,-0.21991649270057678,-0.03311241774036944,-0.022617995738983154,-0.16804081201553345,-0.0313652640409714,-0.013816207647323608,-0.122772216796875,-0.02156494913771212,-0.06169894337654114,-0.16028320789337158,-0.013158739378297923,-0.07598960399627686,-0.22536754608154297,-0.024964261633897422,-0.085085928440094,-0.2678524851799011,-0.026469696146989463,-0.09158787131309509,-0.30956321954727173,-0.023718144578481315
Y,0.0,0.0,0.0,0.04689466953277588,-0.038113176822662354,-0.01878356410460924,0.08304247260093689,-0.11164480447769165,-0.026358472539953937,0.10542687773704529,-0.17583101987838745,-0.03468159249322866,0.1254023015499115,-0.22057324647903442,-0.03904754704134916,0.03732270002365112,-0.16810792684555054,-0.008674907854668845,0.036667197942733765,-0.21876877546310425,-0.030614948256783237,0.035353124141693115,-0.17260169982910156,-0.040109601228408565,0.03626275062561035,-0.1293535828590393,-0.040149249493055095,0.001931905746459961,-0.17113977670669556,-0.00689076155694579,0.004093050956726074,-0.20818984508514404,-0.035353921710424174,0.008519291877746582,-0.1458563208580017,-0.04266841000216459,0.01171332597732544,-0.10040032863616943,-0.039301801829509486,-0.0308569073677063,-0.16966909170150757,-0.009109280428759803,-0.03411245346069336,-0.22408843040466309,-0.03278410842912649,-0.023778557777404785,-0.1731562614440918,-0.030240776373915423,-0.015318244695663452,-0.128448486328125,-0.02011526597934221,-0.061921700835227966,-0.1630735993385315,-0.01321265509622549,-0.07621029019355774,-0.22909778356552124,-0.02437426744299387,-0.08496218919754028,-0.2712419033050537,-0.02537872864203905,-0.09110230207443237,-0.312134712934494,-0.022279311328105678
Y,0.0,0.0,0.0,0.04788196086883545,-0.038337886333465576,-0.01854113610238528,0.08419206738471985,-0.11202627420425415,-0.02580845849365687,0.10703662037849426,-0.17693722248077393,-0.03397766062767005,0.12775453925132751,-0.22185790538787842,-0.038399952740974186,0.038402169942855835,-0.1693444848060608,-0.006847115510709045,0.03679704666137695,-0.22038555145263672,-0.02801263080687022,0.035467952489852905,-0.1748368740081787,-0.037581268043823,0.036459147930145264,-0.1314600110054016,-0.037841047437495945,0.002709805965423584,-0.1729409098625183,-0.005039680560685156,0.004060149192810059,-0.21065527200698853,-0.032981655837602375,0.008087992668151855,-0.14831620454788208,-0.04064327040464377,0.011527568101882935,-0.10198700428009033,-0.037466093243665455,-0.030157655477523804,-0.1714383363723755,-0.007263955937332867,-0.03443551063537598,-0.22649556398391724,-0.030577724145359753,-0.024296730756759644,-0.17640775442123413,-0.02855329708904719,-0.015308916568756104,-0.13149863481521606,-0.018739252628392933,-0.061251863837242126,-0.16486597061157227,-0.011347760723538158,-0.07540485262870789,-0.23113378882408142,-0.022292455004162548,-0.08461478352546692,-0.27313607931137085,-0.023389666618413685,-0.09099549055099487,-0.3137857913970947,-0.020375157983608005
Y,0.0,0.0,0.0,0.04826083779335022,-0.03938800096511841,-0.01768014549688246,0.08523619174957275,-0.11416184902191162,-0.024874731595076582,0.10829243063926697,-0.17915403842926025,-0.0331116483308449,0.12892520427703857,-0.22477754950523376,-0.03774458698407557,0.03990846872329712,-0.1709950566291809,-0.00691680812687423,0.038118958473205566,-0.22278380393981934,-0.02843541249112036,0.036994755268096924,-0.178239643573761,-0.038208676198877356,0.03757396340370178,-0.13456487655639648,-0.0384720877505913,0.004496842622756958,-0.17495852708816528,-0.00544183391556885,0.005277752876281738,-0.213320791721344,-0.033146032760299704,0.008937805891036987,-0.15124398469924927,-0.040413213590539954,0.011600762605667114,-0.10498934984207153,-0.037000981787599585,-0.02813848853111267,-0.1738414764404297,-0.007913979398466608,-0.033389508724212646,-0.22983667254447937,-0.030632428521670363,-0.023523539304733276,-0.18027031421661377,-0.02802364684120562,-0.01495981216430664,-0.1356561779975891,-0.017996079916514418,-0.05946320295333862,-0.16766726970672607,-0.012211790005125067,-0.07378120720386505,-0.23401501774787903,-0.022800180757798216,-0.08276301622390747,-0.2755988836288452,-0.02349219254628565,-0.08910670876502991,-0.31610000133514404,-0.020216459105171225
Y,0.0,0.0,0.0,0.04751935601234436,-0.038267672061920166,-0.01869013233078931,0.08382821083068848,-0.11236953735351562,-0.026195212062134487,0.10566937923431396,-0.17664319276809692,-0.03458650482787107,0.12585365772247314,-0.22201600670814514,-0.039328434299363835,0.038713544607162476,-0.16858065128326416,-0.007694174330367787,0.03620702028274536,-0.2181301712989807,-0.030607580002083523,0.033468157052993774,-0.17216277122497559,-0.041700665633811695,0.03362557291984558,-0.12766265869140625,-0.04272125361455892,0.0026802122592926025,-0.17253226041793823,-0.005648441407515747,0.0025065243244171143,-0.2095811367034912,-0.03485708011282895,0.004950016736984253,-0.14790242910385132,-0.043347769211663945,0.007605075836181641,-0.10092282295227051,-0.04056696666373227,-0.030115753412246704,-0.17147845029830933,-0.007683980539127333,-0.03582419455051422,-0.22661182284355164,-0.03149841425909017,-0.027177095413208008,-0.17729729413986206,-0.03011000229014371,-0.01890525221824646,-0.13254612684249878,-0.02057512363387559,-0.060781270265579224,-0.16532588005065918,-0.011592198889388783,-0.07548308372497559,-0.2306833267211914,-0.02274976929618333,-0.08488819003105164,-0.27170127630233765,-0.024371401201619847,-0.09126655757427216,-0.31136733293533325,-0.021613559480442746
Y,0.0,0.0,0.0,0.04764553904533386,-0.03951829671859741,-0.01905637286262163,0.08402273058891296,-0.11485880613327026,-0.026596578356191003,0.10506787896156311,-0.17995309829711914,-0.03474528394298204,0.1247912347316742,-0.22623205184936523,-0.039195485931202256,0.03813961148262024,-0.169056236743927,-0.008748850372001016,0.035814523696899414,-0.22041887044906616,-0.0313235340233291,0.03257521986961365,-0.17492902278900146,-0.0417639432068313,0.03211712837219238,-0.13010114431381226,-0.04230993292884477,0.002090364694595337,-0.17285054922103882,-0.006320782058253371,0.0013836920261383057,-0.21224239468574524,-0.035393555235430085,0.0033396780490875244,-0.15065675973892212,-0.04349493659691461,0.005873769521713257,-0.10299628973007202,-0.04030432976441034,-0.03074440360069275,-0.17181998491287231,-0.007918987941309297,-0.03700307011604309,-0.22843602299690247,-0.031596247624918306,-0.02872297167778015,-0.18029648065567017,-0.030309815477892244,-0.020589381456375122,-0.13585716485977173,-0.020744320523306214,-0.06142766773700714,-0.165957510471344,-0.011332831863626325,-0.07564136385917664,-0.2327931821346283,-0.022376468923255288,-0.08462278544902802,-0.27406060695648193,-0.024067249667211854,-0.09086434543132782,-0.31347405910491943,-0.021320619207187974
Y,0.0,0.0,0.0,0.047669678926467896,-0.04059380292892456,-0.01845601593907986,0.08405211567878723,-0.11661064624786377,-0.025470093095862012,0.10505342483520508,-0.18182778358459473,-0.03333431502636586,0.12468171119689941,-0.22797891497612,-0.03751805445011769,0.03868842124938965,-0.17221766710281372,-0.0066303906200460005,0.03591465950012207,-0.2229495346546173,-0.028720230067335706,0.032528430223464966,-0.1773463487625122,-0.03905882706698094,0.03185456991195679,-0.13215303421020508,-0.039578069204651456,0.002458900213241577,-0.1761922836303711,-0.004506709257327657,0.0012306272983551025,-0.21545195579528809,-0.03303660845216427,0.003107011318206787,-0.1525394320487976,-0.04101840054448758,0.005378127098083496,-0.1045985221862793,-0.03773716857489262,-0.030337467789649963,-0.17475026845932007,-0.006482719181292396,-0.03645865619182587,-0.23154860734939575,-0.02978356016632233,-0.02801196277141571,-0.18171274662017822,-0.028093176165782552,-0.01991628110408783,-0.13624811172485352,-0.018312920088135343,-0.06082259118556976,-0.16820162534713745,-0.01028706898745213,-0.07463836669921875,-0.2351403832435608,-0.02111969536002789,-0.08408710360527039,-0.27589717507362366,-0.02247181741353188,-0.09107153117656708,-0.3154638409614563,-0.019484302232228856
Y,0.0,0.0,0.0,0.04805496335029602,-0.04119318723678589,-0.019852133003098515,0.08434861898422241,-0.11685115098953247,-0.027284988668782262,0.10632964968681335,-0.18385201692581177,-0.035831354093772916,0.126469224691391,-0.2317761778831482,-0.040289151948911694,0.0391046404838562,-0.1755467653274536,-0.00332091376282051,0.03646036982536316,-0.230843186378479,-0.02746620914064124,0.03074413537979126,-0.18590021133422852,-0.03937440691612437,0.02901187539100647,-0.13947397470474243,-0.040259338450653104,0.0022632181644439697,-0.1787164807319641,-0.0003596868783120044,-0.00015857815742492676,-0.21850913763046265,-0.030796654057724027,0.0005651414394378662,-0.1532863974571228,-0.03961295588038638,0.002840191125869751,-0.10634410381317139,-0.03587965993307307,-0.03167559206485748,-0.17694205045700073,-0.002208987019059805,-0.03711557388305664,-0.2348025143146515,-0.026824112516862897,-0.030594244599342346,-0.18155354261398315,-0.02465275814853385,-0.023506000638008118,-0.1345847249031067,-0.013331702445668725,-0.061496660113334656,-0.17101329565048218,-0.006194232963991908,-0.07383450865745544,-0.23726975917816162,-0.01692638313494399,-0.08263352513313293,-0.27522578835487366,-0.01763945398948863,-0.08826541900634766,-0.3127073347568512,-0.013314254117233304
Y,0.0,0.0,0.0,0.047920942306518555,-0.04212075471878052,-0.019331571626821642,0.08434414863586426,-0.11903280019760132,-0.026546605843464022,0.10500678420066833,-0.18572282791137695,-0.034748029875913744,0.12442967295646667,-0.2333495318889618,-0.039138075876394396,0.03962931036949158,-0.17415660619735718,-0.004640935435304527,0.034545570611953735,-0.2273005247116089,-0.027649394217291956,0.029092848300933838,-0.18204975128173828,-0.03879369514004338,0.028423190116882324,-0.1360301971435547,-0.039549631047407274,0.002849578857421875,-0.17784106731414795,-0.0020786768099014807,-0.00041604042053222656,-0.219018816947937,-0.03177119510189641,-0.0005015581846237183,-0.15589427947998047,-0.0406140545190965,0.0019151866436004639,-0.10828059911727905,-0.03726179988996137,-0.030220240354537964,-0.17629754543304443,-0.003965795952240114,-0.03719136118888855,-0.23414307832717896,-0.028325625676075106,-0.030192673206329346,-0.18398010730743408,-0.02708497920946229,-0.021774426102638245,-0.13807892799377441,-0.01689486855582345,-0.060220956802368164,-0.17029231786727905,-0.007795603460976963,-0.07274985313415527,-0.23796892166137695,-0.018930110129872446,-0.08211003243923187,-0.2788515090942383,-0.020455271917739992,-0.0886061042547226,-0.3180924952030182,-0.017157739940444117
Y,0.0,0.0,0.0,0.04775682091712952,-0.03951948881149292,-0.02143797806013481,0.08439978957176208,-0.11647117137908936,-0.029385927752741736,0.1050848662853241,-0.18387490510940552,-0.03770585140694038,0.12428751587867737,-0.23264431953430176,-0.04214549219716446,0.0411185622215271,-0.17333590984344482,-0.008092115321346682,0.034037768840789795,-0.22678369283676147,-0.031623908938058776,0.027203857898712158,-0.1817120909690857,-0.04302909752834694,0.025942891836166382,-0.13494503498077393,-0.04406545093763725,0.003538191318511963,-0.17700475454330444,-0.004352939934619826,-0.0021261274814605713,-0.21740379929542542,-0.03496389991153137,-0.002746760845184326,-0.15378576517105103,-0.044154213429578704,-0.000331193208694458,-0.1047278642654419,-0.04100088557709114,-0.029977142810821533,-0.175240159034729,-0.005105873723664445,-0.038988322019577026,-0.2330746352672577,-0.029832644076236647,-0.03224638104438782,-0.18387508392333984,-0.029040481583365363,-0.02345559000968933,-0.13771206140518188,-0.019244426549562377,-0.05946224927902222,-0.16901040077209473,-0.007948458814212245,-0.07288843393325806,-0.23596709966659546,-0.019591476456412238,-0.08269169926643372,-0.2760336995124817,-0.021823141412028235,-0.08936497569084167,-0.3144379258155823,-0.01903483799208061
Y,0.0,0.0,0.0,0.04757434129714966,-0.039523184299468994,-0.021996436585595802,0.08432796597480774,-0.11650806665420532,-0.03031573066573401,0.10560867190361023,-0.18464535474777222,-0.03892771894197722,0.12444400787353516,-0.23448467254638672,-0.04367998609404822,0.040933310985565186,-0.17378729581832886,-0.007814451997091965,0.03409314155578613,-0.22761774063110352,-0.03161375964145918,0.027141720056533813,-0.18301379680633545,-0.04344284156422873,0.02627435326576233,-0.1363229751586914,-0.04474165657620688,0.003571435809135437,-0.17767024040222168,-0.003901956082245306,-0.0012600868940353394,-0.21880462765693665,-0.03460390487771292,-0.002545863389968872,-0.15478205680847168,-0.043936341945936874,-0.0003160834312438965,-0.10590749979019165,-0.04084765905599852,-0.02969282865524292,-0.17609888315200806,-0.004583538920542196,-0.037691935896873474,-0.23424968123435974,-0.02953620063226481,-0.03190074861049652,-0.1855117678642273,-0.028811415602376655,-0.023611128330230713,-0.13986414670944214,-0.018992586006334022,-0.05923973023891449,-0.16991406679153442,-0.007385186796000198,-0.0722598135471344,-0.23765495419502258,-0.019008034785201744,-0.08218896389007568,-0.27861541509628296,-0.021091485341003136,-0.08897155523300171,-0.3175660967826843,-0.018187055309226707
Y,0.0,0.0,0.0,0.047272637486457825,-0.04083222150802612,-0.02148312897929827,0.08361680805683136,-0.11733752489089966,-0.029438102706762947,0.10499928891658783,-0.18507051467895508,-0.03780313962647597,0.1231250911951065,-0.2353515625,-0.04230772340247313,0.04061712324619293,-0.17413610219955444,-0.0066891471813050885,0.03313075006008148,-0.22718548774719238,-0.030451042666527428,0.025609806180000305,-0.18213754892349243,-0.04252515369603316,0.024443164467811584,-0.13493788242340088,-0.043856479316445984,0.0029301047325134277,-0.17780697345733643,-0.0028488890691278357,-0.0026197731494903564,-0.21838337182998657,-0.03354798266241232,-0.00405651330947876,-0.15450048446655273,-0.043289747178050675,-0.0019640177488327026,-0.10536521673202515,-0.04042229810306708,-0.030728891491889954,-0.17630571126937866,-0.00359235992232243,-0.03903307020664215,-0.23354589939117432,-0.028445240199062027,-0.03301940858364105,-0.18493375182151794,-0.0280351360286204,-0.02450941503047943,-0.13908129930496216,-0.01832209350118319,-0.06030847132205963,-0.17058932781219482,-0.006402402739468016,-0.0730968713760376,-0.2389952540397644,-0.017591284676882424,-0.08261840045452118,-0.279991090297699,-0.019439725294205346,-0.08895434439182281,-0.3186514675617218,-0.01633193166503588
Y,0.0,0.0,0.0,0.04784780740737915,-0.04093116521835327,-0.02144617610602495,0.08474156260490417,-0.11864030361175537,-0.028913425514389246,0.10521534085273743,-0.18690672516822815,-0.036770398029972284,0.12251690030097961,-0.2373870313167572,-0.040740804979492395,0.04141989350318909,-0.17534011602401733,-0.006336217978883951,0.033576250076293945,-0.22877168655395508,-0.02963862218885538,0.025579392910003662,-0.18290382623672485,-0.04112243861882803,0.024265706539154053,-0.1360158920288086,-0.042022304842163294,0.0035469084978103638,-0.17851752042770386,-0.0022580253425132923,-0.0024581700563430786,-0.2199012041091919,-0.03272779867975828,-0.00432981550693512,-0.156025230884552,-0.042259367415596216,-0.0023971349000930786,-0.1068810224533081,-0.03908366546957609,-0.02989819645881653,-0.17650508880615234,-0.002711529843423932,-0.038509175181388855,-0.2348126769065857,-0.027590533951212137,-0.03295125067234039,-0.18547680974006653,-0.02722981409161207,-0.024646461009979248,-0.13916265964508057,-0.017351716989566057,-0.059246063232421875,-0.17032891511917114,-0.005169972078789442,-0.07178658246994019,-0.23874562978744507,-0.016341665992428034,-0.08159945905208588,-0.28004395961761475,-0.018283356213856905,-0.0883137583732605,-0.3188971281051636,-0.01510334038167116
Y,0.0,0.0,0.0,0.04795309901237488,-0.041725993156433105,-0.022262752238873418,0.0849686861038208,-0.1205863356590271,-0.029768822897437985,0.10513025522232056,-0.1902734637260437,-0.037467902709011014,0.1215040385723114,-0.24195969104766846,-0.04097933899259942,0.04101598262786865,-0.1774986982345581,-0.005752326172057565,0.032394230365753174,-0.23279684782028198,-0.02909527178502458,0.024222850799560547,-0.1868537962436676,-0.040263941694263394,0.02299809455871582,-0.13991659879684448,-0.04075226392245668,0.0030032843351364136,-0.18003028631210327,-0.000994078764904316,-0.004277810454368591,-0.2233879268169403,-0.031347962279085095,-0.005729973316192627,-0.158974289894104,-0.04027770664191621,-0.0030027031898498535,-0.11074233055114746,-0.036381500024560864,-0.030453234910964966,-0.17756026983261108,-0.0010059006244205193,-0.03965628147125244,-0.23698383569717407,-0.0255778247455396,-0.03399281203746796,-0.1867232620716095,-0.02422451991236585,-0.025473937392234802,-0.139936625957489,-0.013498277586165841,-0.059477925300598145,-0.17110592126846313,-0.0032011812517680482,-0.0722181499004364,-0.24028632044792175,-0.014418949555818017,-0.08193397521972656,-0.2819758653640747,-0.016185499910477574,-0.0883074402809143,-0.3212534189224243,-0.01264662034458297
Y,0.0,0.0,0.0,0.04857049882411957,-0.04170876741409302,-0.02269738832916346,0.08594219386577606,-0.1201600432395935,-0.030213776179209617,0.10568694770336151,-0.19043686985969543,-0.037877378188625244,0.12159489095211029,-0.2432268261909485,-0.04126352550889578,0.04231993854045868,-0.1778431534767151,-0.005500036892101434,0.03274659812450409,-0.2340812385082245,-0.029407923244491485,0.02426488697528839,-0.18793168663978577,-0.04080002488996115,0.023229628801345825,-0.14009970426559448,-0.04120280327703085,0.0037038177251815796,-0.18056568503379822,-0.000427408191228551,-0.004523769021034241,-0.22412598133087158,-0.03161213281060782,-0.0062987953424453735,-0.15820419788360596,-0.04085308792497244,-0.0030871927738189697,-0.10948055982589722,-0.03684840830470648,-0.030174866318702698,-0.1783040165901184,-0.0002594868602159295,-0.04021291434764862,-0.23702383041381836,-0.025526547007814315,-0.03502367436885834,-0.18675661087036133,-0.0245179265221509,-0.026141688227653503,-0.14021939039230347,-0.013696723752275375,-0.05928464233875275,-0.1722625494003296,-0.002294871392280129,-0.07181406021118164,-0.24201130867004395,-0.013814316265836624,-0.08211170136928558,-0.2835712432861328,-0.015742953070059684,-0.0888722836971283,-0.32245010137557983,-0.012125563011124996
Y,0.0,0.0,0.0,0.04857461154460907,-0.042188048362731934,-0.023418658604214215,0.08570615947246552,-0.12164944410324097,-0.03128892854351761,0.1049247533082962,-0.19273653626441956,-0.03912464455265763,0.12083245813846588,-0.24623194336891174,-0.04253030121822121,0.04204978048801422,-0.18022295832633972,-0.0062168391471004725,0.03169040381908417,-0.23574703931808472,-0.030513483290860677,0.022701606154441833,-0.1886868178844452,-0.04200251698989632,0.021455660462379456,-0.14112359285354614,-0.042452982818076634,0.0032564401626586914,-0.1828077733516693,-0.0009184304092286766,-0.005844473838806152,-0.22642767429351807,-0.032598997657487416,-0.007631585001945496,-0.16057032346725464,-0.04177719280619385,-0.00438825786113739,-0.1125144362449646,-0.03760282248754265,-0.03061172366142273,-0.18039366602897644,-0.0005982223831324518,-0.04137799143791199,-0.23940354585647583,-0.026538836960980916,-0.03602033853530884,-0.18834519386291504,-0.025345022981355214,-0.02715100347995758,-0.1418338418006897,-0.014215460238347077,-0.0597362220287323,-0.1743030548095703,-0.0025317177226042986,-0.07249157130718231,-0.24429482221603394,-0.014629324158022428,-0.08273111283779144,-0.28586873412132263,-0.016638352726886296,-0.0895330011844635,-0.32526737451553345,-0.012939936672637486
Y,0.0,0.0,0.0,0.048236697912216187,-0.04214507341384888,-0.024068128871562067,0.08487793803215027,-0.1216576099395752,-0.032513997140171114,0.10418003797531128,-0.192762553691864,-0.04084393251204688,0.11985945701599121,-0.2466534972190857,-0.04475997630024153,0.04090315103530884,-0.18041539192199707,-0.008190240333618704,0.030003011226654053,-0.23652148246765137,-0.033330074134113374,0.02125956118106842,-0.18962213397026062,-0.045661839279176775,0.020033076405525208,-0.14079099893569946,-0.04666137564444739,0.0018046051263809204,-0.18279466032981873,-0.0027507889036257893,-0.007579773664474487,-0.22556298971176147,-0.035341473850252214,-0.00912579894065857,-0.15993648767471313,-0.04525643083715636,-0.005958244204521179,-0.11044740676879883,-0.04171778503322798,-0.03228810429573059,-0.18015074729919434,-0.0022403861813415915,-0.043283432722091675,-0.23943451046943665,-0.028338021221401277,-0.03764212131500244,-0.18972986936569214,-0.02758812587225634,-0.028429388999938965,-0.14284348487854004,-0.017014789017679277,-0.061274051666259766,-0.1736605167388916,-0.004073699558915678,-0.07403221726417542,-0.24371671676635742,-0.016283128964545313,-0.084602490067482,-0.28611618280410767,-0.018669039564969125,-0.09168875217437744,-0.32574060559272766,-0.01543442960345942
Y,0.0,0.0,0.0,0.048591360449790955,-0.04475390911102295,-0.02264025036373596,0.0846254974603653,-0.12344157695770264,-0.030580369496135518,0.10394172370433807,-0.1938256323337555,-0.03869269203522663,0.12009425461292267,-0.2470211386680603,-0.04248042564967136,0.04060773551464081,-0.18037578463554382,-0.0059587817838178125,0.030652359127998352,-0.2342536449432373,-0.029989529141573712,0.022251278162002563,-0.18634676933288574,-0.04138441544154148,0.021077021956443787,-0.13775938749313354,-0.04179329585412006,0.0018265247344970703,-0.18345212936401367,-0.0011810451712221948,-0.005937710404396057,-0.2266552448272705,-0.03251462217548351,-0.007786095142364502,-0.16113442182540894,-0.041771439575938984,-0.005369231104850769,-0.11238348484039307,-0.03800112914422016,-0.03225155174732208,-0.1811738908290863,-0.0012482604676620213,-0.0425025075674057,-0.24007967114448547,-0.026738680639653012,-0.03720264136791229,-0.1898840367794037,-0.025877043345360562,-0.02861851453781128,-0.1434030532836914,-0.015317199492244526,-0.0623108446598053,-0.17480391263961792,-0.003465111573575541,-0.07415671646595001,-0.245269775390625,-0.01479891382285814,-0.08393771946430206,-0.28781551122665405,-0.016563290470628544,-0.09083320200443268,-0.32742297649383545,-0.01306884523609142
Y,0.0,0.0,0.0,0.0481574684381485,-0.043919265270233154,-0.022825276767633795,0.08443553745746613,-0.12212765216827393,-0.03111500321867311,0.10429741442203522,-0.19196730852127075,-0.039639013176582694,0.1200091689825058,-0.24509045481681824,-0.043907812153719306,0.04028506577014923,-0.180071622133255,-0.006513951634786963,0.030700787901878357,-0.23361343145370483,-0.030871181105993628,0.022909030318260193,-0.18605950474739075,-0.042756716077946066,0.02197493612766266,-0.13766944408416748,-0.043549495106361746,0.0017129629850387573,-0.18283230066299438,-0.0020227323377355333,-0.005738437175750732,-0.22579357028007507,-0.033990571563862204,-0.0070496052503585815,-0.16098833084106445,-0.04393856069984281,-0.004699960350990295,-0.1114203929901123,-0.04062878183069074,-0.03221696615219116,-0.18055135011672974,-0.0023367480000331398,-0.04265652596950531,-0.23962515592575073,-0.028257621740721106,-0.03666947782039642,-0.19068196415901184,-0.028080037152193427,-0.02783198654651642,-0.14423328638076782,-0.0179896823221668,-0.06210058927536011,-0.17441260814666748,-0.004787857467107415,-0.07380159199237823,-0.24433252215385437,-0.01604479580166185,-0.083147332072258,-0.28690046072006226,-0.017880089869521498,-0.0897083729505539,-0.32627660036087036,-0.014553697136960864
Y,0.0,0.0,0.0,0.04830366373062134,-0.043942153453826904,-0.02320856668035276,0.08469793200492859,-0.12247759103775024,-0.03139381550232656,0.10457250475883484,-0.19290438294410706,-0.03983429886380918,0.12121853232383728,-0.24587970972061157,-0.043928899541299415,0.04055926203727722,-0.1818443238735199,-0.005103963631938768,0.030657142400741577,-0.23430272936820984,-0.02904348142425306,0.02325551211833954,-0.18667975068092346,-0.04050433702747114,0.022945865988731384,-0.13897407054901123,-0.040941395535867287,0.002017468214035034,-0.18441593647003174,-0.00029535105664990624,-0.00524631142616272,-0.2265791893005371,-0.0316785543409992,-0.006768614053726196,-0.16106587648391724,-0.04113738305846937,-0.004287302494049072,-0.1124686598777771,-0.03739184580723531,-0.031856656074523926,-0.18176493048667908,-0.00046158535502627274,-0.041920438408851624,-0.24020105600357056,-0.02632685631493814,-0.036397337913513184,-0.19086259603500366,-0.025860951021115852,-0.027727827429771423,-0.14463341236114502,-0.015409391112427784,-0.06179073452949524,-0.17528074979782104,-0.002803878830548001,-0.073385089635849,-0.24580034613609314,-0.013926115557353569,-0.08282119035720825,-0.28861624002456665,-0.01551124613712318,-0.08920174837112427,-0.3281419277191162,-0.011887361034553123
Y,0.0,0.0,0.0,0.04825975000858307,-0.04527711868286133,-0.022311021292892974,0.0844004899263382,-0.1227271556854248,-0.030216379741517585,0.10445834696292877,-0.19292235374450684,-0.03857372393676428,0.12078039348125458,-0.24518537521362305,-0.042603176737515014,0.04069514572620392,-0.18280398845672607,-0.0045950442537048275,0.030727460980415344,-0.2356923222541809,-0.028568238670317214,0.02374507486820221,-0.1873617172241211,-0.040160604471651595,0.023133128881454468,-0.1395188570022583,-0.04058998888203291,0.0024787038564682007,-0.18528690934181213,-0.00022843951146001018,-0.005256280303001404,-0.22777152061462402,-0.030935114899961036,-0.005878552794456482,-0.16300076246261597,-0.040272795314280074,-0.0034916549921035767,-0.11519688367843628,-0.03675756668516783,-0.03134572505950928,-0.18249768018722534,-0.0007436287806683595,-0.0412956178188324,-0.24020254611968994,-0.026166503036705535,-0.03487922251224518,-0.18900039792060852,-0.025141813511339706,-0.02602715790271759,-0.14164942502975464,-0.014510754214910548,-0.061643242835998535,-0.17549312114715576,-0.0033891368176171,-0.07273343205451965,-0.24555811285972595,-0.01416774066009907,-0.08201281726360321,-0.2886621654033661,-0.015216549577502292,-0.08864374458789825,-0.32867956161499023,-0.011304584982184451
Y,0.0,0.0,0.0,0.04788665473461151,-0.043633222579956055,-0.02250929114597966,0.08393467962741852,-0.12216365337371826,-0.030521177995979087,0.10342730581760406,-0.19148552417755127,-0.03882999842244317,0.11962561309337616,-0.24345678091049194,-0.04288616900521447,0.039566174149513245,-0.1801830530166626,-0.006433579448639648,0.03032796084880829,-0.23319482803344727,-0.03083143134790589,0.02322395145893097,-0.18567174673080444,-0.042613578338205116,0.02262227237224579,-0.13764292001724243,-0.043268450845062034,0.0012945383787155151,-0.18287906050682068,-0.00208378474417259,-0.0056398361921310425,-0.2249082624912262,-0.03368664284425904,-0.006799817085266113,-0.16072338819503784,-0.04331256200748612,-0.004666000604629517,-0.11195743083953857,-0.039901388186990516,-0.03241507709026337,-0.1805438995361328,-0.0025408382825844456,-0.04255039989948273,-0.2382243275642395,-0.02855198954421212,-0.036655083298683167,-0.18854990601539612,-0.028248782578884857,-0.028137177228927612,-0.1421714425086975,-0.018021107960521476,-0.06228213012218475,-0.17420625686645508,-0.005102787010400789,-0.07388974726200104,-0.24421122670173645,-0.01654905949908425,-0.08342020213603973,-0.2870141863822937,-0.018361860264121788,-0.09017102420330048,-0.32669153809547424,-0.014984152589022415
Y,0.0,0.0,0.0,0.0480559766292572,-0.04347789287567139,-0.023033079615515817,0.0839482843875885,-0.12135422229766846,-0.031212572863978494,0.10388636589050293,-0.19052913784980774,-0.039751269778889764,0.12013742327690125,-0.24257159233093262,-0.043992192408722985,0.04024806618690491,-0.18062639236450195,-0.006164105067682613,0.030160248279571533,-0.2331787347793579,-0.030774638912362207,0.02338273823261261,-0.18441343307495117,-0.04265022363392745,0.02289050817489624,-0.136765718460083,-0.04327954064933692,0.0017848312854766846,-0.18277880549430847,-0.0018523462756547815,-0.005730301141738892,-0.22473853826522827,-0.03364952366678153,-0.006727471947669983,-0.16018658876419067,-0.043405965826195825,-0.004775777459144592,-0.11199480295181274,-0.03997209381191169,-0.03226009011268616,-0.18008923530578613,-0.0024986371106479055,-0.04225751757621765,-0.2376476228237152,-0.02882690999535953,-0.03588610887527466,-0.18757206201553345,-0.0285989464434806,-0.027142539620399475,-0.1410677433013916,-0.018278499058169473,-0.06265124678611755,-0.17351126670837402,-0.0052995941775861866,-0.07389393448829651,-0.24378004670143127,-0.016657956800145257,-0.08309870958328247,-0.2869073748588562,-0.018295208847803224,-0.08975735306739807,-0.3269457221031189,-0.014743548742217172
Y,0.0,0.0,0.0,0.0488256961107254,-0.04481709003448486,-0.02305383879661349,0.08537416160106659,-0.12156426906585693,-0.03122530776977328,0.10548616945743561,-0.1919127106666565,-0.039573601372239864,0.12157408893108368,-0.24437403678894043,-0.04340204868435649,0.04118965566158295,-0.18203186988830566,-0.005079305655954158,0.031203672289848328,-0.23479542136192322,-0.029173674918411052,0.024713337421417236,-0.18577229976654053,-0.040779772139785564,0.024124592542648315,-0.13787561655044556,-0.041139098740814006,0.0027884989976882935,-0.18405061960220337,-0.00024616725363557634,-0.004115059971809387,-0.2253357172012329,-0.031026377267835414,-0.004611223936080933,-0.16034752130508423,-0.04045642066716937,-0.0026457607746124268,-0.1131446361541748,-0.03698504243016032,-0.031008392572402954,-0.1812293529510498,-0.000352863293073824,-0.04025900363922119,-0.238632470369339,-0.025733954198358333,-0.03379659354686737,-0.1885867416858673,-0.024800348020789897,-0.02536509931087494,-0.14187508821487427,-0.014252010658083236,-0.0609944611787796,-0.17408257722854614,-0.0026254757956394315,-0.07254011929035187,-0.24457937479019165,-0.013308811857996261,-0.08207975327968597,-0.28777259588241577,-0.014259944595096385,-0.08909375965595245,-0.32776516675949097,-0.0102260177206972
Y,0.0,0.0,0.0,0.04854351282119751,-0.043774962425231934,-0.022677809215281286,0.08530771732330322,-0.12126356363296509,-0.03057025021979598,0.10531020164489746,-0.19124865531921387,-0.03866554445693282,0.1217225193977356,-0.2431011199951172,-0.042426824784968176,0.04113274812698364,-0.18064820766448975,-0.006023281469140329,0.03164789080619812,-0.23382806777954102,-0.029899038589690008,0.02496415376663208,-0.18604999780654907,-0.04104109129974631,0.024178698658943176,-0.1383158564567566,-0.04117494470546035,0.002947896718978882,-0.1834930181503296,-0.0014226784521156333,-0.004054367542266846,-0.225315123796463,-0.032139159954283514,-0.004785791039466858,-0.1604619026184082,-0.041130334354136266,-0.002596437931060791,-0.11283057928085327,-0.03743087149331359,-0.030627578496932983,-0.18105977773666382,-0.0016644273243286989,-0.040277913212776184,-0.23788034915924072,-0.027167303702924528,-0.034038692712783813,-0.18721461296081543,-0.026141792751047888,-0.025647640228271484,-0.1404929757118225,-0.015585218771491327,-0.06073431670665741,-0.17411834001541138,-0.004032968758735933,-0.07223397493362427,-0.2447161078453064,-0.015248311898801603,-0.0818345695734024,-0.2880459725856781,-0.016557878098581114,-0.0889107882976532,-0.3284727931022644,-0.012849816336427011
Y,0.0,0.0,0.0,0.04799029231071472,-0.04348641633987427,-0.022516710270878093,0.08364221453666687,-0.12136739492416382,-0.03080866258287074,0.10381558537483215,-0.19128340482711792,-0.0394167672439778,0.12039002776145935,-0.24363291263580322,-0.04375740844452025,0.04080721735954285,-0.18159013986587524,-0.006686548755254762,0.030791640281677246,-0.23399505019187927,-0.030443204154011028,0.02429640293121338,-0.18655258417129517,-0.04160616133057715,0.02365487813949585,-0.1389017105102539,-0.04194007400118949,0.002313762903213501,-0.1842227578163147,-0.002482403355401175,-0.004684418439865112,-0.22528374195098877,-0.032906196598645465,-0.00525471568107605,-0.1597779393196106,-0.04157414618575217,-0.0030968934297561646,-0.11183202266693115,-0.03782629180395247,-0.03156217932701111,-0.18173301219940186,-0.0030755750431978868,-0.041221246123313904,-0.23949450254440308,-0.028120126162406223,-0.03493066132068634,-0.18959301710128784,-0.026709900756117122,-0.026489317417144775,-0.14269042015075684,-0.016192102391954677,-0.06191021203994751,-0.17464613914489746,-0.005822838336911218,-0.07340914011001587,-0.24525108933448792,-0.01686203252219798,-0.08303660154342651,-0.288777232170105,-0.017979560007091777,-0.0900556743144989,-0.3291754126548767,-0.014282270853158252
Y,0.0,0.0,0.0,0.047886744141578674,-0.04769796133041382,-0.020593005140682408,0.08260367810726166,-0.12207913398742676,-0.02824739078189964,0.10379327833652496,-0.19176971912384033,-0.036408503448029705,0.12070460617542267,-0.24332371354103088,-0.04039224321152801,0.03928990662097931,-0.1831863522529602,-0.004631039129009196,0.03059472143650055,-0.23485338687896729,-0.0270364702692234,0.024438217282295227,-0.18624496459960938,-0.03764489004518623,0.023691818118095398,-0.1396598219871521,-0.03793790275361175,0.0018793493509292603,-0.1863553524017334,-0.001177054155988344,-0.004266753792762756,-0.22839558124542236,-0.029681918119450756,-0.0039037764072418213,-0.16047996282577515,-0.03752075964715118,-0.0008305013179779053,-0.11383593082427979,-0.033837956284543225,-0.032163456082344055,-0.18342185020446777,-0.002284034063478657,-0.0401073694229126,-0.24119868874549866,-0.025926516299506375,-0.03399653732776642,-0.18717050552368164,-0.02301267618443603,-0.026338443160057068,-0.13939863443374634,-0.012014368457158753,-0.06324057281017303,-0.17453092336654663,-0.005385894702186533,-0.07399411499500275,-0.24708062410354614,-0.015709522088428685,-0.08333370089530945,-0.2901047468185425,-0.01546714818235273,-0.09041322767734528,-0.32997190952301025,-0.011014023703893372
Y,0.0,0.0,0.0,0.04818449914455414,-0.04672199487686157,-0.020896825588920365,0.08378146588802338,-0.12257891893386841,-0.02821633557198311,0.1042165607213974,-0.191581130027771,-0.036523060522654305,0.12196676433086395,-0.2420043647289276,-0.04056074621496464,0.03947459161281586,-0.1821199655532837,-0.001622167065420399,0.031306907534599304,-0.23365211486816406,-0.02562037447808052,0.025435879826545715,-0.18478137254714966,-0.03739158960399891,0.025150403380393982,-0.13757717609405518,-0.037783996782877693,0.002166256308555603,-0.184766948223114,0.0018159627228442332,-0.0036199092864990234,-0.22569051384925842,-0.028828607521631966,-0.0033744126558303833,-0.15969878435134888,-0.03800201939759518,-0.0007897764444351196,-0.11205238103866577,-0.03419350983915592,-0.03172411024570465,-0.1823546290397644,0.0002487050090849152,-0.039915114641189575,-0.23876065015792847,-0.02542664075610901,-0.033344775438308716,-0.18584269285202026,-0.023810745797732125,-0.02531680464744568,-0.13815748691558838,-0.012490279622056732,-0.06314040720462799,-0.17535406351089478,-0.0033562128652420142,-0.07374103367328644,-0.24617129564285278,-0.014049484043994198,-0.0829780250787735,-0.28923657536506653,-0.014235119916179428,-0.09008456766605377,-0.3292291760444641,-0.009509856462159405
Y,0.0,0.0,0.0,0.04805642366409302,-0.048005521297454834,-0.020281805662108354,0.0830792784690857,-0.12306058406829834,-0.02753080707569211,0.10343798995018005,-0.192160964012146,-0.03559815977294534,0.12140172719955444,-0.24230989813804626,-0.039414071483207636,0.03956374526023865,-0.18366724252700806,-0.0034396445896902605,0.030914872884750366,-0.23446673154830933,-0.027025683788252763,0.025273650884628296,-0.18493366241455078,-0.038229194475007944,0.025269120931625366,-0.13830137252807617,-0.03847043682415574,0.0020691752433776855,-0.1863793134689331,-0.0002419988211670443,-0.0033313482999801636,-0.2264809012413025,-0.030111755249691896,-0.002759218215942383,-0.1586577296257019,-0.038245008332324915,0.0003684312105178833,-0.1121024489402771,-0.03412611131150811,-0.03189752995967865,-0.1835882067680359,-0.0017983976338484808,-0.03935140371322632,-0.2390788197517395,-0.026892692787242822,-0.03291071951389313,-0.18492794036865234,-0.02427153010447114,-0.024852842092514038,-0.13754379749298096,-0.012673219671142988,-0.06342458724975586,-0.175400972366333,-0.005317602311862402,-0.07400041818618774,-0.24748113751411438,-0.016292545018387727,-0.08362862467765808,-0.29060256481170654,-0.01616772730429261,-0.09088608622550964,-0.3307948112487793,-0.01130826864917367
Y,0.0,0.0,0.0,0.04817207157611847,-0.04452735185623169,-0.021124935399484457,0.08380274474620819,-0.11941230297088623,-0.02865695643026811,0.1039607971906662,-0.1887420415878296,-0.03681829820175153,0.12191151082515717,-0.23875093460083008,-0.04084260265130979,0.040504321455955505,-0.18033111095428467,-0.004160244639706434,0.03283454477787018,-0.2317676842212677,-0.027476909260940374,0.026883915066719055,-0.18394184112548828,-0.038670292746019186,0.026481732726097107,-0.13763391971588135,-0.039074021082114996,0.0030742883682250977,-0.1833074688911438,-0.0006018191159000708,-0.002043589949607849,-0.22421297430992126,-0.03057663763661367,-0.0014419853687286377,-0.1577497124671936,-0.0390793445219515,0.0014542490243911743,-0.11046385765075684,-0.03526728476185781,-0.03096070885658264,-0.18116915225982666,-0.0018297359745247377,-0.039003923535346985,-0.23728340864181519,-0.026949894305062116,-0.03239893913269043,-0.18461143970489502,-0.025044190387916387,-0.024348989129066467,-0.13801461458206177,-0.01404962005813104,-0.062321946024894714,-0.17377108335494995,-0.005080193437379421,-0.07336296141147614,-0.244584321975708,-0.01589389952619058,-0.08282332122325897,-0.28753647208213806,-0.01618972296614629,-0.09010563790798187,-0.3276500105857849,-0.011856594744813265
Y,0.0,0.0,0.0,0.04725801944732666,-0.043675899505615234,-0.021093954032096462,0.08173933625221252,-0.11840415000915527,-0.02896395761314352,0.10252842307090759,-0.18652641773223877,-0.03745385695043524,0.11937916278839111,-0.23784643411636353,-0.04190707269850691,0.040139347314834595,-0.1805933117866516,-0.005591922605219679,0.032319843769073486,-0.23041510581970215,-0.028756241014036732,0.02681213617324829,-0.1842363476753235,-0.03968606952372511,0.027027428150177002,-0.13769781589508057,-0.04001619357410391,0.0027045458555221558,-0.1835680603981018,-0.0024154218172611763,-0.0028102993965148926,-0.2229965627193451,-0.032755345737371044,-0.0013934075832366943,-0.15611636638641357,-0.04114960197154005,0.002795979380607605,-0.10810226202011108,-0.037235249465140896,-0.03175598382949829,-0.1810811161994934,-0.003921495450470047,-0.0397244393825531,-0.2359762191772461,-0.02915612485054453,-0.032257676124572754,-0.18252748250961304,-0.026959082742962437,-0.023106977343559265,-0.1351604461669922,-0.015844965984854298,-0.06348106265068054,-0.1729944348335266,-0.007492236958626108,-0.07465040683746338,-0.24418514966964722,-0.018852553030285435,-0.08432535827159882,-0.2879084348678589,-0.019302499180469113,-0.091560959815979,-0.32893407344818115,-0.015084319447908001
Y,0.0,0.0,0.0,0.04725003242492676,-0.04353141784667969,-0.02073545337447058,0.08092445135116577,-0.11787533760070801,-0.028768533400977958,0.10113152861595154,-0.18567979335784912,-0.03752704293259512,0.11817732453346252,-0.23613786697387695,-0.04239424646624457,0.03838527202606201,-0.1796199083328247,-0.006702020790214647,0.0318320095539093,-0.22874495387077332,-0.029837840728248466,0.026803553104400635,-0.1836254596710205,-0.040600958771790374,0.026499032974243164,-0.1377403736114502,-0.04089894474276434,0.0013639628887176514,-0.18271023035049438,-0.0037261911460859665,-0.002514779567718506,-0.2207154631614685,-0.03309095979460608,-0.001253277063369751,-0.15523755550384521,-0.04093893573411833,0.0020111501216888428,-0.10818862915039062,-0.037129263885105956,-0.03274647891521454,-0.1804623007774353,-0.005287755772258151,-0.03991490602493286,-0.23566782474517822,-0.029969842664684165,-0.03192166984081268,-0.18185895681381226,-0.027337463132823814,-0.023061364889144897,-0.13401013612747192,-0.016315673969472755,-0.06448820233345032,-0.1722354292869568,-0.008892572045112956,-0.07638633251190186,-0.2430790364742279,-0.020437584750141014,-0.08595329523086548,-0.2865407466888428,-0.020902061395133842,-0.09308479726314545,-0.32752925157546997,-0.016802284426773895
Y,0.0,0.0,0.0,0.04621899127960205,-0.04108905792236328,-0.019805449369698636,0.08018296957015991,-0.1151687502861023,-0.02753219504967319,0.10001838207244873,-0.1836898922920227,-0.03600499716714012,0.11911821365356445,-0.23226284980773926,-0.04048259121492492,0.03632572293281555,-0.17529475688934326,-0.005784640397280327,0.03362718224525452,-0.2237926721572876,-0.02879218322351562,0.030166059732437134,-0.17750954627990723,-0.03968460795596229,0.029009968042373657,-0.13161146640777588,-0.04022705492690193,0.0004988610744476318,-0.17774677276611328,-0.0030368218024818816,-0.0019665658473968506,-0.216319739818573,-0.031917925301343075,0.0006250739097595215,-0.15230774879455566,-0.040239199373274914,0.00374719500541687,-0.10641932487487793,-0.03712864157870399,-0.032543107867240906,-0.1760615110397339,-0.004696434672325722,-0.039256930351257324,-0.2333017885684967,-0.028554014238864056,-0.03148677945137024,-0.18046391010284424,-0.026252587634473912,-0.02407735586166382,-0.1326109766960144,-0.015860035392790905,-0.06329420208930969,-0.1689070463180542,-0.008387986879199616,-0.07713574171066284,-0.2381032109260559,-0.01951309790030109,-0.08691483736038208,-0.2817237675189972,-0.02060710576489555,-0.09392911195755005,-0.3230767846107483,-0.017226158949881665
Y,0.0,0.0,0.0,0.047946035861968994,-0.04039794206619263,-0.02046509114620676,0.08259317278862,-0.11359190940856934,-0.02864910503444662,0.1033581793308258,-0.18161094188690186,-0.03739350502905836,0.12233740091323853,-0.23025912046432495,-0.04219614555654516,0.03914445638656616,-0.17503422498703003,-0.008791348240947627,0.03705829381942749,-0.22356700897216797,-0.031500792406177425,0.033521443605422974,-0.1767892837524414,-0.0411577208858489,0.033071547746658325,-0.13028693199157715,-0.04092065831241598,0.003243565559387207,-0.1786118745803833,-0.00577388498527398,0.0019436478614807129,-0.21566450595855713,-0.03426792313871374,0.003974407911300659,-0.15022343397140503,-0.04078965847907057,0.006739288568496704,-0.10431927442550659,-0.036483442686176204,-0.03007790446281433,-0.17693954706192017,-0.007081422764485978,-0.03549341857433319,-0.23276859521865845,-0.030893776841139697,-0.027185678482055664,-0.17865675687789917,-0.027173320106840038,-0.01935744285583496,-0.13130569458007812,-0.01587187712607374,-0.061218589544296265,-0.16925430297851562,-0.01041176477042427,-0.07434913516044617,-0.23952975869178772,-0.02203086418626299,-0.0834132581949234,-0.2827823758125305,-0.022539086915230655,-0.08973509073257446,-0.32420411705970764,-0.018634556136703395
Y,0.0,0.0,0.0,0.04735526442527771,-0.03987574577331543,-0.020581153609526837,0.08180484175682068,-0.11346077919006348,-0.02879432534493276,0.1033182144165039,-0.17987293004989624,-0.03754400593854257,0.1211499571800232,-0.2289872169494629,-0.0424497513256199,0.039014190435409546,-0.17444199323654175,-0.008808607623649323,0.03661653399467468,-0.2222905158996582,-0.03146616128898927,0.03304395079612732,-0.177304208278656,-0.041567759045136654,0.03262144327163696,-0.13165676593780518,-0.04169466105915376,0.00324094295501709,-0.17796951532363892,-0.005974447742772782,0.002693742513656616,-0.21443051099777222,-0.03481640798665353,0.004496276378631592,-0.15048933029174805,-0.04214248938180276,0.006798833608627319,-0.10413330793380737,-0.03845868764139482,-0.030155539512634277,-0.1766069531440735,-0.007491539154869997,-0.03512945771217346,-0.23106545209884644,-0.031667882033360684,-0.026246339082717896,-0.1784011721611023,-0.02900186871804067,-0.018003493547439575,-0.13158130645751953,-0.018460057132614338,-0.06140238046646118,-0.16956084966659546,-0.011043073066247189,-0.0746539831161499,-0.23902061581611633,-0.022776916079891407,-0.08402353525161743,-0.2824804186820984,-0.02371588295019933,-0.09081488847732544,-0.32407504320144653,-0.020268914677870953
Y,0.0,0.0,0.0,0.04775014519691467,-0.04280257225036621,-0.01902995776146099,0.08273500204086304,-0.11573755741119385,-0.026644669060999604,0.10428562760353088,-0.18187785148620605,-0.0350436657270734,0.12123695015907288,-0.23070311546325684,-0.03971175621956036,0.03999719023704529,-0.17628026008605957,-0.0077496511465255935,0.03721058368682861,-0.22431820631027222,-0.02933989237754986,0.03410181403160095,-0.17983675003051758,-0.038594429900342675,0.0335640013217926,-0.1348053216934204,-0.03821650665014431,0.004436373710632324,-0.17995810508728027,-0.005615762488389464,0.004102498292922974,-0.21651744842529297,-0.033254874458009454,0.006389409303665161,-0.15200889110565186,-0.03991207998006985,0.008997023105621338,-0.1056942343711853,-0.035969798972303124,-0.0288458913564682,-0.17831045389175415,-0.007581825421596022,-0.03347095847129822,-0.2317415475845337,-0.03092508163064167,-0.0242900550365448,-0.17760246992111206,-0.027326944803292008,-0.01608976721763611,-0.13029831647872925,-0.01637882884352848,-0.060520872473716736,-0.17046916484832764,-0.011455478665823193,-0.07390180230140686,-0.240423321723938,-0.02284194487839386,-0.08330228924751282,-0.28342553973197937,-0.022880421539241524,-0.09039713442325592,-0.32489627599716187,-0.018819395040566178
Y,0.0,0.0,0.0,0.04693910479545593,-0.03980773687362671,-0.019491579982542362,0.08077430725097656,-0.11298465728759766,-0.02718824208071169,0.10208272933959961,-0.17840611934661865,-0.03574420757880148,0.11958122253417969,-0.2269487977027893,-0.040631851780318584,0.039020836353302,-0.17304879426956177,-0.0077575856289797684,0.035534054040908813,-0.21979176998138428,-0.030339670035147037,0.03213033080101013,-0.175279438495636,-0.04080410920371946,0.03238731622695923,-0.13069921731948853,-0.04135035224547323,0.003083735704421997,-0.1761212944984436,-0.005541355948054161,0.0030042827129364014,-0.21115338802337646,-0.03447993345847067,0.004681527614593506,-0.14746850728988647,-0.04213400058736738,0.006709247827529907,-0.10065072774887085,-0.03884446867098745,-0.030584216117858887,-0.174169659614563,-0.007614278367810812,-0.035765692591667175,-0.22644412517547607,-0.032210207211875286,-0.026794016361236572,-0.17370706796646118,-0.02988046653857168,-0.018319785594940186,-0.12769299745559692,-0.01955802239766058,-0.06228750944137573,-0.16660374402999878,-0.011601335967981186,-0.07567757368087769,-0.23430591821670532,-0.02365430690636572,-0.08530712127685547,-0.2770729064941406,-0.024677498865031566,-0.09268370270729065,-0.3191033899784088,-0.02133506410112318
Y,0.0,0.0,0.0,0.04730990529060364,-0.03845393657684326,-0.0193303154055684,0.08190849423408508,-0.11215198040008545,-0.0269612838719695,0.10318130254745483,-0.1780969500541687,-0.035498874375662126,0.12067151069641113,-0.2271401286125183,-0.04048388276441983,0.039851993322372437,-0.17253506183624268,-0.006415224282136478,0.03635907173156738,-0.2206915020942688,-0.028153266871413507,0.03376460075378418,-0.1789591908454895,-0.03839861426695279,0.03463593125343323,-0.13464438915252686,-0.0389171560500472,0.003908812999725342,-0.1752278208732605,-0.004305009378185787,0.00410306453704834,-0.21131008863449097,-0.03295878518565587,0.006631314754486084,-0.14848172664642334,-0.041073834637245454,0.00914791226387024,-0.10099148750305176,-0.03801297966583661,-0.02974000573158264,-0.1734493374824524,-0.006455898398598947,-0.03441919386386871,-0.22622418403625488,-0.030705178270181932,-0.024966686964035034,-0.17443889379501343,-0.029003448898038187,-0.016423046588897705,-0.12828469276428223,-0.01912545796676568,-0.061540812253952026,-0.16682279109954834,-0.010487526768883981,-0.07461923360824585,-0.23441028594970703,-0.022209737563571252,-0.08354929089546204,-0.27749961614608765,-0.023447049895366945,-0.09039519727230072,-0.3196646571159363,-0.02035207126482419
Y,0.0,0.0,0.0,0.046987831592559814,-0.039456069469451904,-0.018800961282067874,0.08134040236473083,-0.11237537860870361,-0.026366727855020144,0.10286024212837219,-0.17839568853378296,-0.0349279888532692,0.12057936191558838,-0.22704124450683594,-0.03994366755705414,0.039208680391311646,-0.17220091819763184,-0.006209097765349725,0.036175668239593506,-0.22050243616104126,-0.028151955883913615,0.0336642861366272,-0.1781167984008789,-0.03850927432995377,0.03434082865715027,-0.1337038278579712,-0.03904563790183602,0.003642171621322632,-0.175207257270813,-0.00424297895278869,0.004036754369735718,-0.21131348609924316,-0.03246439104896126,0.006644874811172485,-0.1483001708984375,-0.04029663136225281,0.009209603071212769,-0.10173505544662476,-0.03723903974514542,-0.029654264450073242,-0.17351317405700684,-0.006499609872662404,-0.03418511152267456,-0.22641032934188843,-0.030423231851273158,-0.024820476770401,-0.17401736974716187,-0.028243685569577792,-0.01650378108024597,-0.12799733877182007,-0.018221946861558536,-0.061348289251327515,-0.16639959812164307,-0.010617538783662894,-0.07487230002880096,-0.2340564727783203,-0.02226740537207661,-0.0842280387878418,-0.27690044045448303,-0.023211058657579997,-0.09133929014205933,-0.3191441297531128,-0.019939043056183436
Y,0.0,0.0,0.0,0.048651695251464844,-0.04116010665893555,-0.019825177568350227,0.08496811985969543,-0.11423808336257935,-0.027183093431744965,0.10480481386184692,-0.18236654996871948,-0.035461832139048965,0.12291121482849121,-0.2319275140762329,-0.03987172648623982,0.03993159532546997,-0.17276525497436523,-0.007684141698632629,0.03646045923233032,-0.22362297773361206,-0.03143400729015866,0.0323965847492218,-0.17665326595306396,-0.04236473173216382,0.03169125318527222,-0.1303423047065735,-0.04299976334289113,0.004650771617889404,-0.17553478479385376,-0.005894739016298445,0.0026858747005462646,-0.2138139009475708,-0.037014309618029984,0.004070937633514404,-0.1478007435798645,-0.046526708009992035,0.007003575563430786,-0.10028022527694702,-0.04414024979189435,-0.028387561440467834,-0.17456579208374023,-0.0083617775918583,-0.03525957465171814,-0.23040199279785156,-0.03486377403453389,-0.026936888694763184,-0.1750706434249878,-0.03361475497797528,-0.01822824776172638,-0.1273842453956604,-0.023635467815552147,-0.05994585156440735,-0.16833961009979248,-0.012755768674765022,-0.07451006770133972,-0.23639464378356934,-0.025362626019273193,-0.08431404829025269,-0.27904683351516724,-0.026665650609288605,-0.09126611053943634,-0.3216767907142639,-0.02358229860976735
Y,0.0,0.0,0.0,0.05057284235954285,-0.05681586265563965,-0.017038423534984304,0.087656170129776,-0.1292387843132019,-0.024967834320420934,0.11662313342094421,-0.19278666377067566,-0.03427066278135271,0.1411246359348297,-0.2402782440185547,-0.040076479282731725,0.04492533206939697,-0.18878915905952454,0.0038522105062952505,0.04435384273529053,-0.2480524778366089,-0.014255959507579519,0.03618118166923523,-0.21693363785743713,-0.025552248549217893,0.030284136533737183,-0.17711198329925537,-0.027841813829297735,0.01004016399383545,-0.19158384203910828,0.006254049051051425,0.008910268545150757,-0.24313020706176758,-0.015814958107227994,0.007454395294189453,-0.18976470828056335,-0.02442916293119879,0.007599055767059326,-0.14597398042678833,-0.022497074645514203,-0.02215273678302765,-0.19159209728240967,0.004043952594940947,-0.0255267471075058,-0.2552553415298462,-0.011860876311118318,-0.021419301629066467,-0.21743232011795044,-0.01035427205687256,-0.01637880504131317,-0.17636632919311523,-0.0021735089500793947,-0.051414310932159424,-0.18596214056015015,-0.0005217628456080092,-0.0654711127281189,-0.2510969638824463,-0.006295361988748027,-0.0758133977651596,-0.2863847017288208,-0.006361785311753465,-0.08282539248466492,-0.3163512647151947,-0.002965738731006695
Y,0.0,0.0,0.0,0.05027243494987488,-0.035594046115875244,-0.01768569045930235,0.08815351128578186,-0.10379177331924438,-0.025835345995119496,0.11462575197219849,-0.16785874962806702,-0.03561256968646376,0.13673454523086548,-0.21183133125305176,-0.04253697538047163,0.04620763659477234,-0.16943609714508057,-0.004364748049965783,0.04387512803077698,-0.22448799014091492,-0.026918876480749532,0.036874741315841675,-0.18721267580986023,-0.039551717725089475,0.033461540937423706,-0.14135533571243286,-0.04188501232533781,0.010885924100875854,-0.1733030080795288,-0.003452835169127866,0.009797811508178711,-0.2157764434814453,-0.03267961138158171,0.007901579141616821,-0.15714043378829956,-0.04388907321958868,0.008232265710830688,-0.11040174961090088,-0.04282420643835394,-0.02171415090560913,-0.1734335720539093,-0.006448957168004199,-0.028001859784126282,-0.2309057116508484,-0.029629382800749227,-0.022724151611328125,-0.18245860934257507,-0.02967200012176363,-0.01613372564315796,-0.13641119003295898,-0.021442941885879918,-0.05257667601108551,-0.16799062490463257,-0.011348451052299424,-0.0698317289352417,-0.22950410842895508,-0.02171592184572546,-0.08143177628517151,-0.26919737458229065,-0.02297511094479887,-0.08877390623092651,-0.3087918162345886,-0.020176955994656964
Y,0.0,0.0,0.0,0.04848018288612366,-0.03491169214248657,-0.01883180688545849,0.08667701482772827,-0.10415655374526978,-0.02769367459640648,0.11245903372764587,-0.1694270670413971,-0.03790362428352978,0.13470563292503357,-0.21375104784965515,-0.04499840612933781,0.045382529497146606,-0.16787120699882507,-0.006945370393253825,0.04201728105545044,-0.22463372349739075,-0.029860115306831858,0.0345015823841095,-0.1877249777317047,-0.041129099833227656,0.03212994337081909,-0.14413845539093018,-0.04275477554128315,0.00981554388999939,-0.17114108800888062,-0.006000813259191773,0.008237183094024658,-0.2170301377773285,-0.035653228568293116,0.006999969482421875,-0.15750306844711304,-0.04437439392731335,0.008057475090026855,-0.11171048879623413,-0.041822819667316935,-0.022922158241271973,-0.1710929274559021,-0.009321286039806864,-0.029456540942192078,-0.2320265769958496,-0.034124324726320765,-0.02379828691482544,-0.18191766738891602,-0.03263551990912106,-0.017332181334495544,-0.13585728406906128,-0.02334661472067978,-0.05396273732185364,-0.1659390926361084,-0.014645627396561167,-0.07130512595176697,-0.22853124141693115,-0.026892308773852847,-0.08363035321235657,-0.2690248191356659,-0.028868344309188387,-0.0928264856338501,-0.3095284700393677,-0.026682709040500185
Y,0.0,0.0,0.0,0.047522127628326416,-0.03494149446487427,-0.01895909588782274,0.0842796266078949,-0.10595566034317017,-0.02775884252039873,0.10959160327911377,-0.17140060663223267,-0.03783366102723562,0.13190308213233948,-0.21610590815544128,-0.04438639450816595,0.04523712396621704,-0.169935405254364,-0.008008682355267638,0.04041081666946411,-0.2250438928604126,-0.031232819147390956,0.033056020736694336,-0.18739333748817444,-0.042046170867962473,0.030117064714431763,-0.14415854215621948,-0.043190166540426844,0.009374916553497314,-0.173242449760437,-0.007026178948564166,0.0062451958656311035,-0.2160969078540802,-0.03730257991699659,0.00591006875038147,-0.15698498487472534,-0.04601870123295271,0.007425636053085327,-0.11248064041137695,-0.043406788445992106,-0.02388027310371399,-0.17294907569885254,-0.010277920588833922,-0.03210848569869995,-0.23363053798675537,-0.03560144845394575,-0.026520073413848877,-0.18421417474746704,-0.03445076961068594,-0.02007836103439331,-0.1387835144996643,-0.0253170227631756,-0.05499568581581116,-0.16731256246566772,-0.015510247275216216,-0.07307809591293335,-0.23025065660476685,-0.02816790174691164,-0.08664929866790771,-0.26995202898979187,-0.030485509149713153,-0.09712399542331696,-0.30933433771133423,-0.028407186456007594
Y,0.0,0.0,0.0,0.047806769609451294,-0.03602409362792969,-0.018884501193099368,0.08469918370246887,-0.10503792762756348,-0.02801555279307877,0.11000886559486389,-0.1695328950881958,-0.038346539024644244,0.13175025582313538,-0.21417361497879028,-0.045436474267773974,0.04432255029678345,-0.16946208477020264,-0.008185418095820296,0.04052230715751648,-0.22212669253349304,-0.030937007401519168,0.0337006151676178,-0.18442147970199585,-0.04184803250842606,0.03192460536956787,-0.14158010482788086,-0.04334509256892716,0.00869375467300415,-0.1722574234008789,-0.007067255914591897,0.0075879693031311035,-0.21407750248908997,-0.03595622140579735,0.0069422125816345215,-0.15371406078338623,-0.043846024904780734,0.008778512477874756,-0.10968667268753052,-0.04119265708737885,-0.024536922574043274,-0.17128443717956543,-0.0101336303692392,-0.03065444529056549,-0.22974368929862976,-0.03472384322100197,-0.02447269856929779,-0.17877298593521118,-0.032827435765796054,-0.01732116937637329,-0.13342726230621338,-0.023597783182196963,-0.05586850643157959,-0.1647953987121582,-0.015156655345492709,-0.07443052530288696,-0.22715029120445251,-0.027708767686419833,-0.08812171220779419,-0.2667277455329895,-0.02966882917695557,-0.09838339686393738,-0.30700844526290894,-0.0275354299288324
Y,0.0,0.0,0.0,0.047265827655792236,-0.03744429349899292,-0.018001363366948908,0.08434805274009705,-0.10657244920730591,-0.026898604571925944,0.10991838574409485,-0.17078208923339844,-0.03721951761852438,0.13103273510932922,-0.21519434452056885,-0.0442917912603491,0.04311719536781311,-0.16999417543411255,-0.007299176171528643,0.03964030742645264,-0.22195309400558472,-0.02936104381095106,0.033596962690353394,-0.183724045753479,-0.03974362903844053,0.032398074865341187,-0.14166152477264404,-0.04097431966673071,0.0079573392868042,-0.17237967252731323,-0.006647928837793415,0.00794970989227295,-0.21422958374023438,-0.03503621810685331,0.007653146982192993,-0.1533830761909485,-0.042623971343147105,0.009371250867843628,-0.10990285873413086,-0.03982260891805822,-0.025012552738189697,-0.17128419876098633,-0.010045752614843195,-0.030716001987457275,-0.2297881543636322,-0.034230471342908686,-0.024141371250152588,-0.17794126272201538,-0.03201188588153059,-0.01702931523323059,-0.13241249322891235,-0.022658117801057642,-0.05641093850135803,-0.16480523347854614,-0.015338975690411871,-0.07518944144248962,-0.22728189826011658,-0.027620092719899958,-0.08892302215099335,-0.26710084080696106,-0.029328622609483546,-0.09932705760002136,-0.30776166915893555,-0.027081993162738627
Y,0.0,0.0,0.0,0.04714912176132202,-0.037287354469299316,-0.017831358546033016,0.08422920107841492,-0.10753583908081055,-0.026383483269825092,0.10921579599380493,-0.17270725965499878,-0.036428121337308994,0.1306251883506775,-0.21772539615631104,-0.04310251534880649,0.04344931244850159,-0.16997027397155762,-0.00658631692604672,0.039905399084091187,-0.22264719009399414,-0.02874077805282127,0.03430986404418945,-0.1852877140045166,-0.03888620198668491,0.03284752368927002,-0.14309751987457275,-0.03982987389863979,0.00879254937171936,-0.17249047756195068,-0.006183416070058456,0.007441997528076172,-0.21442514657974243,-0.03569292039574634,0.00835910439491272,-0.15512466430664062,-0.043845442542448154,0.010242819786071777,-0.11075139045715332,-0.041030605742349735,-0.023783013224601746,-0.1717609167098999,-0.009917518542721382,-0.03149852156639099,-0.23091650009155273,-0.034907085308446995,-0.023821771144866943,-0.1804049015045166,-0.033373625436439625,-0.01634514331817627,-0.13485991954803467,-0.024170241737380138,-0.05497381091117859,-0.16591769456863403,-0.015530486078574768,-0.07422605156898499,-0.22758036851882935,-0.028257037931695095,-0.08818638324737549,-0.26672473549842834,-0.030469430097952,-0.09937611222267151,-0.3066021203994751,-0.028459863224640003
Y,0.0,0.0,0.0,0.047144144773483276,-0.0366176962852478,-0.018514839420618046,0.08459359407424927,-0.1059989333152771,-0.027158796275557506,0.1098465621471405,-0.16989314556121826,-0.036948669190110195,0.13083580136299133,-0.21495062112808228,-0.04350334727257632,0.04268831014633179,-0.16883689165115356,-0.007401227905006635,0.03963384032249451,-0.2204442024230957,-0.02991636418789767,0.03533083200454712,-0.18039435148239136,-0.041446983302535045,0.03493666648864746,-0.1372833251953125,-0.043281044299305904,0.008091241121292114,-0.1711186170578003,-0.00629515335947417,0.008939921855926514,-0.21246254444122314,-0.03493338027089976,0.00937226414680481,-0.15178143978118896,-0.04400931620091342,0.010630756616592407,-0.10617786645889282,-0.04225245066970729,-0.02455604076385498,-0.16955655813217163,-0.009221373545528877,-0.029691174626350403,-0.2268897294998169,-0.03344281711667918,-0.021992146968841553,-0.17481458187103271,-0.03254829295963191,-0.014337122440338135,-0.12809818983078003,-0.024047539989055622,-0.05549082159996033,-0.1625739336013794,-0.013989740470947254,-0.07548373937606812,-0.2245766520500183,-0.02599841863900565,-0.0900130569934845,-0.2641991972923279,-0.0280797904828205,-0.10098215937614441,-0.30423271656036377,-0.02615274996549033
Y,0.0,0.0,0.0,0.047659873962402344,-0.036950767040252686,-0.01777330315042036,0.0846996009349823,-0.10687482357025146,-0.025916549324279003,0.10933923721313477,-0.17067605257034302,-0.03527123755145567,0.12963509559631348,-0.21545696258544922,-0.041485714673285656,0.04126328229904175,-0.16810524463653564,-0.007542424782400303,0.038328349590301514,-0.22092652320861816,-0.03033758787739771,0.03455093502998352,-0.18053704500198364,-0.042074806004052334,0.03444448113441467,-0.13731056451797485,-0.043935577332263165,0.007078945636749268,-0.1701962947845459,-0.006682447570597105,0.007635742425918579,-0.21157974004745483,-0.03635669401217001,0.009296983480453491,-0.15080302953720093,-0.0460676131241371,0.011043161153793335,-0.103604257106781,-0.044397703319077664,-0.025039643049240112,-0.16872751712799072,-0.009724567591433697,-0.03080734610557556,-0.2252846360206604,-0.034422228991275006,-0.021833747625350952,-0.17313635349273682,-0.03399729257751005,-0.013425588607788086,-0.12617343664169312,-0.025552025943284207,-0.0555652379989624,-0.16216033697128296,-0.014498889393394165,-0.07603184878826141,-0.2234482765197754,-0.02644279500771063,-0.09032082557678223,-0.2630825936794281,-0.028602220996504002,-0.10133868455886841,-0.3032625615596771,-0.026679490640049153
Y,0.0,0.0,0.0,0.047929972410202026,-0.03814810514450073,-0.016999507491334498,0.08483150601387024,-0.1077873706817627,-0.024503333662494242,0.10893213748931885,-0.1720256209373474,-0.033594947476728976,0.12932267785072327,-0.21658235788345337,-0.03966749103818756,0.03997921943664551,-0.16855233907699585,-0.00381571187716645,0.037831783294677734,-0.2208549976348877,-0.026382148434265673,0.03490179777145386,-0.18044543266296387,-0.038418956269367754,0.03531000018119812,-0.1367306113243103,-0.04029195400033814,0.00625041127204895,-0.17067456245422363,-0.003203044348254025,0.007407188415527344,-0.21235781908035278,-0.03270389156494957,0.009130239486694336,-0.1517500877380371,-0.04300309734497887,0.010967552661895752,-0.10488611459732056,-0.041388824750526965,-0.02565750479698181,-0.16930240392684937,-0.006640371103628695,-0.030859529972076416,-0.22522512078285217,-0.031661950220211565,-0.021970584988594055,-0.172663152217865,-0.03191967325363976,-0.013757020235061646,-0.12549811601638794,-0.023456523363336146,-0.056363195180892944,-0.16280806064605713,-0.011693976056619704,-0.07707823812961578,-0.22381100058555603,-0.023540355433567584,-0.09123300015926361,-0.2633320093154907,-0.02566799910817963,-0.10205700993537903,-0.30386805534362793,-0.023491932247623026
Y,0.0,0.0,0.0,0.04767638444900513,-0.039241015911102295,-0.01718383767456544,0.08387815952301025,-0.10828149318695068,-0.02503096611053479,0.10823959112167358,-0.17154335975646973,-0.034468564398594026,0.12879088521003723,-0.21579253673553467,-0.04092044682056439,0.039578914642333984,-0.16829341650009155,-0.004605461571372871,0.037235915660858154,-0.21992161870002747,-0.027108893923468713,0.03353989124298096,-0.17964380979537964,-0.039161636687822465,0.03345033526420593,-0.1362345814704895,-0.0412009090259744,0.005219012498855591,-0.17097830772399902,-0.0039895244017316145,0.005933821201324463,-0.21131175756454468,-0.03339983821661008,0.007139772176742554,-0.15097564458847046,-0.04372249469906819,0.00891578197479248,-0.1044771671295166,-0.04227841199190152,-0.026869624853134155,-0.16973084211349487,-0.007366491209722881,-0.03207153081893921,-0.224429190158844,-0.032052885003395204,-0.023610740900039673,-0.17314398288726807,-0.03238255084306729,-0.015556514263153076,-0.12670516967773438,-0.024137876190252427,-0.05751621723175049,-0.16324126720428467,-0.01241357550770772,-0.07807305455207825,-0.224132239818573,-0.024177198491997842,-0.09196770191192627,-0.2640368342399597,-0.026381100721664552,-0.10237643122673035,-0.30498170852661133,-0.0243111170902921
Y,0.0,0.0,0.0,0.04900994896888733,-0.03988182544708252,-0.016135008171147547,0.08554738759994507,-0.10881537199020386,-0.02378905294830247,0.11044356226921082,-0.17180436849594116,-0.0332101854532425,0.1306418776512146,-0.2157866358757019,-0.03959497912222787,0.040942639112472534,-0.17128056287765503,-0.003612584531254015,0.03851541876792908,-0.22112303972244263,-0.02546681752795621,0.033697426319122314,-0.17982977628707886,-0.036833585336751185,0.032515496015548706,-0.13537216186523438,-0.03836374087626382,0.006326735019683838,-0.17451214790344238,-0.003225940609297595,0.006237506866455078,-0.21468305587768555,-0.03130947156245156,0.006037592887878418,-0.15294432640075684,-0.04042388974124833,0.007022351026535034,-0.10702860355377197,-0.03813725812727853,-0.025740057229995728,-0.17338621616363525,-0.006674827173299036,-0.03264947235584259,-0.22913458943367004,-0.029868912979907236,-0.025371283292770386,-0.17908263206481934,-0.029074206113762102,-0.01781901717185974,-0.13411426544189453,-0.020301197752303324,-0.056477442383766174,-0.16651183366775513,-0.011732841007358275,-0.07681423425674438,-0.22686034440994263,-0.022348371431178293,-0.09067806601524353,-0.2653443515300751,-0.023482817321962557,-0.10071253776550293,-0.30525127053260803,-0.020633055925316057
Y,0.0,0.0,0.0,0.04816487431526184,-0.03958749771118164,-0.01679575953161816,0.0851532518863678,-0.10906541347503662,-0.02449304189062218,0.10999169945716858,-0.1727960705757141,-0.03378567236936192,0.1308096945285797,-0.21694400906562805,-0.039865990611673396,0.040838390588760376,-0.1706373691558838,-0.0044619836611161645,0.03851267695426941,-0.22189748287200928,-0.026475464436174434,0.03350740671157837,-0.179377019405365,-0.037360382708669704,0.032676517963409424,-0.13532626628875732,-0.03853118184483151,0.006173878908157349,-0.1738235354423523,-0.003744523716108006,0.007008165121078491,-0.21462532877922058,-0.03258844229853253,0.00673481822013855,-0.152784526348114,-0.041552742454172176,0.007813036441802979,-0.10713183879852295,-0.03901187095320324,-0.026019155979156494,-0.1728658676147461,-0.0069428472546348985,-0.03166571259498596,-0.22934529185295105,-0.031206055986643833,-0.024418100714683533,-0.17845380306243896,-0.030630746367336315,-0.016868680715560913,-0.13321048021316528,-0.021696824091435474,-0.05684584379196167,-0.16668099164962769,-0.011727386596561473,-0.07678154110908508,-0.2276279628276825,-0.02323961395299534,-0.09063887596130371,-0.26695579290390015,-0.02502443219995598,-0.10067993402481079,-0.3074576258659363,-0.02248583685135941
Y,0.0,0.0,0.0,0.04843893647193909,-0.03990453481674194,-0.016684118098822864,0.08543041348457336,-0.10970115661621094,-0.024245958215800556,0.11075666546821594,-0.17324376106262207,-0.03347250763258103,0.13140234351158142,-0.217329204082489,-0.03953557405552033,0.04226791858673096,-0.17203879356384277,-0.003805436798614892,0.03960314393043518,-0.22324305772781372,-0.026059625110832485,0.0339697003364563,-0.18083208799362183,-0.037645890749303135,0.03264850378036499,-0.13665473461151123,-0.03927047122201088,0.007293522357940674,-0.17558717727661133,-0.0031620579764819468,0.008230209350585938,-0.21560195088386536,-0.03168281856855515,0.0075379908084869385,-0.15424507856369019,-0.04112365040859345,0.008246034383773804,-0.10940146446228027,-0.039072323031035694,-0.02515377104282379,-0.17468607425689697,-0.006452854628918203,-0.030843377113342285,-0.230177104473114,-0.030316439829078945,-0.024013906717300415,-0.179517924785614,-0.029967614821401867,-0.016885295510292053,-0.13479572534561157,-0.02132214549860123,-0.05623754858970642,-0.16837668418884277,-0.011358913406041893,-0.07589086890220642,-0.22964909672737122,-0.022512023709026607,-0.08996713161468506,-0.2681533992290497,-0.02403106857022408,-0.1004311740398407,-0.307891845703125,-0.02129724565824631
Y,0.0,0.0,0.0,0.04908782243728638,-0.040741682052612305,-0.0172297825249359,0.08654803037643433,-0.11109757423400879,-0.024813262853257356,0.11137285828590393,-0.17541640996932983,-0.033820169154040514,0.1317601501941681,-0.22009241580963135,-0.03953924227081984,0.04316234588623047,-0.17378437519073486,-0.00461676215329021,0.03978511691093445,-0.22547030448913574,-0.027059625941745935,0.03270724415779114,-0.18186932802200317,-0.038484970215193925,0.030823230743408203,-0.13657963275909424,-0.03991396177136153,0.0074706971645355225,-0.17758136987686157,-0.0036205187118127924,0.007072031497955322,-0.21890157461166382,-0.03237868297421187,0.005699247121810913,-0.15698665380477905,-0.041681444379918275,0.006708770990371704,-0.11113089323043823,-0.039413141194216905,-0.025249317288398743,-0.1766541600227356,-0.006590222116045652,-0.03148201107978821,-0.23276495933532715,-0.030514290663830934,-0.024874597787857056,-0.1825723648071289,-0.030167786512009798,-0.017273277044296265,-0.13772499561309814,-0.02146300311707705,-0.05624315142631531,-0.17020773887634277,-0.011212743926279245,-0.0755363404750824,-0.2320825457572937,-0.022244671467177568,-0.08927926421165466,-0.2706429660320282,-0.023853195938698946,-0.09922945499420166,-0.3102337419986725,-0.02118505548261851
Y,0.0,0.0,0.0,0.0493912398815155,-0.04129284620285034,-0.017475861482154187,0.08720096945762634,-0.11227226257324219,-0.025872324950825032,0.11174723505973816,-0.17695409059524536,-0.035801069237123784,0.13082543015480042,-0.22368958592414856,-0.042091318763624486,0.042594075202941895,-0.1753712296485901,-0.00528002379817849,0.036828458309173584,-0.23255431652069092,-0.02956737706793433,0.030704468488693237,-0.18862217664718628,-0.04238157103193885,0.02964082360267639,-0.14014196395874023,-0.044164141066204365,0.006150007247924805,-0.17761027812957764,-0.00425203599391466,0.002215832471847534,-0.22161582112312317,-0.03480068350566512,0.0022997260093688965,-0.1594754457473755,-0.04493072012795096,0.0048303306102752686,-0.11184501647949219,-0.04251111800206786,-0.026642486453056335,-0.17600023746490479,-0.007307762171905097,-0.0348835289478302,-0.23724153637886047,-0.030656840078364667,-0.027496740221977234,-0.18891173601150513,-0.02934496233595496,-0.018379390239715576,-0.14316529035568237,-0.01986380609108096,-0.05611157417297363,-0.16866528987884521,-0.012296492591332253,-0.07511632144451141,-0.23092737793922424,-0.022234860233794507,-0.08888392150402069,-0.27000582218170166,-0.023199952564965542,-0.09840211272239685,-0.30896174907684326,-0.019888154588471707
Y,0.0,0.0,0.0,0.04850286245346069,-0.0421370267868042,-0.017535769411239244,0.08538764715194702,-0.11337900161743164,-0.025351970487150766,0.10984069108963013,-0.17778843641281128,-0.034349643655929185,0.13100960850715637,-0.22237825393676758,-0.039969262697610475,0.04102078080177307,-0.17540454864501953,-0.005118227594408609,0.036458730697631836,-0.2284504771232605,-0.02785147077671013,0.02969995141029358,-0.18538498878479004,-0.039777365543756105,0.027529507875442505,-0.13922572135925293,-0.04153424225083313,0.005001068115234375,-0.17837369441986084,-0.003805920512292005,0.00221213698387146,-0.22164523601531982,-0.03272912747493706,0.002078130841255188,-0.16038495302200317,-0.042312693812760926,0.003493398427963257,-0.11311805248260498,-0.040230941989335633,-0.02764791250228882,-0.17690378427505493,-0.006474094495985128,-0.03542625904083252,-0.2353883683681488,-0.029906475015792466,-0.02781464159488678,-0.1875169277191162,-0.029554148235234834,-0.019580721855163574,-0.14277398586273193,-0.021008818440947152,-0.05794358253479004,-0.17002969980239868,-0.010860095762524224,-0.07736730575561523,-0.23276710510253906,-0.021417074867400743,-0.09062495827674866,-0.2719413638114929,-0.02302373855641804,-0.10053731501102448,-0.3114205598831177,-0.020480302193078614
Y,0.0,0.0,0.0,0.04846180975437164,-0.04319840669631958,-0.01750635405517187,0.08566097915172577,-0.11558353900909424,-0.0253913202647027,0.11141614615917206,-0.1810736060142517,-0.03468542223311033,0.1322159320116043,-0.22653251886367798,-0.04066759770250883,0.043185487389564514,-0.17691200971603394,-0.003617600803067944,0.03838320076465607,-0.2312343418598175,-0.026354842386012933,0.030152395367622375,-0.1881454885005951,-0.03837925990558233,0.027521535754203796,-0.14124995470046997,-0.040032014748817346,0.006975427269935608,-0.18007725477218628,-0.002345606018593571,0.0045981258153915405,-0.22516435384750366,-0.031022236249214075,0.0029916763305664062,-0.16363894939422607,-0.040553622445827386,0.003962233662605286,-0.11670953035354614,-0.03826292281485166,-0.026110514998435974,-0.17893409729003906,-0.00520083404592242,-0.03319564461708069,-0.2377086877822876,-0.028529432168966196,-0.026489004492759705,-0.1891610324382782,-0.028081385916834734,-0.018596261739730835,-0.1438997983932495,-0.01930170183516111,-0.057201847434043884,-0.17259663343429565,-0.009803516357010267,-0.07542623579502106,-0.23585918545722961,-0.019940546280508897,-0.08894410729408264,-0.274883508682251,-0.02116535653806295,-0.09919677674770355,-0.31406253576278687,-0.018277327096825502
Y,0.0,0.0,0.0,0.04903815686702728,-0.04156976938247681,-0.019212342790666526,0.08604796230792999,-0.11435967683792114,-0.028677389017644828,0.10979790985584259,-0.18059062957763672,-0.039197020224634116,0.12900041043758392,-0.22777894139289856,-0.045949716112914984,0.04257069528102875,-0.17705309391021729,-0.010037709019485419,0.033129528164863586,-0.23360198736190796,-0.03459675981790156,0.0254317969083786,-0.18848645687103271,-0.04612001775890917,0.02466706931591034,-0.14019548892974854,-0.04716711118012995,0.004820674657821655,-0.17823511362075806,-0.008283226742747729,-0.0018771886825561523,-0.222073495388031,-0.03919430076271624,-0.0024696439504623413,-0.15774810314178467,-0.04776016621977419,0.0005493462085723877,-0.11148405075073242,-0.04445412381679148,-0.02865259349346161,-0.17570310831069946,-0.010581976726058429,-0.03889092803001404,-0.23791149258613586,-0.034752719096246665,-0.03200896084308624,-0.18835678696632385,-0.032418392590585654,-0.02262406051158905,-0.14295858144760132,-0.022343199692073767,-0.058559805154800415,-0.16750234365463257,-0.014885967589322036,-0.07844503223896027,-0.23044171929359436,-0.02597127481490702,-0.09320197999477386,-0.2693746089935303,-0.027300745240751212,-0.10370868444442749,-0.3087092936038971,-0.024243183425966208
Y,0.0,0.0,0.0,0.04783967137336731,-0.04428976774215698,-0.01858976391653755,0.084780752658844,-0.11638832092285156,-0.027100079707309987,0.11084368824958801,-0.18288829922676086,-0.03682805319826343,0.13240152597427368,-0.22882819175720215,-0.043111857972547796,0.04174482822418213,-0.17932608723640442,-0.0042835930506441855,0.036340951919555664,-0.23245933651924133,-0.027182939476773527,0.02839028835296631,-0.1881759762763977,-0.039130722186968114,0.026297390460968018,-0.14139914512634277,-0.04076753651301601,0.005368426442146301,-0.18171557784080505,-0.0026047676945779585,0.0021834075450897217,-0.22546303272247314,-0.031332098893329885,0.000986531376838684,-0.1628570556640625,-0.04069378321568706,0.0024965107440948486,-0.11677628755569458,-0.038450156352922704,-0.027837663888931274,-0.17962798476219177,-0.005195931545898702,-0.03515365719795227,-0.23776879906654358,-0.02912884113888481,-0.028474032878875732,-0.18755635619163513,-0.028485323316857603,-0.02035421133041382,-0.14133167266845703,-0.01959091146986225,-0.05893909931182861,-0.17199182510375977,-0.00959687495182493,-0.0787423849105835,-0.23485499620437622,-0.020423253081247594,-0.09343266487121582,-0.2743299603462219,-0.02189639305274227,-0.10447227954864502,-0.3141431510448456,-0.019161635092899587
Y,0.0,0.0,0.0,0.04830081760883331,-0.04349327087402344,-0.018924735644958446,0.08564440906047821,-0.116141676902771,-0.027871882701418826,0.11183638870716095,-0.18326449394226074,-0.037994397962592075,0.13298191130161285,-0.22968727350234985,-0.04447939449002547,0.04364548623561859,-0.18020793795585632,-0.006150729647032449,0.03689725697040558,-0.2337055802345276,-0.02973925524403853,0.027740612626075745,-0.1883668303489685,-0.04114728623082442,0.025603875517845154,-0.14124882221221924,-0.042230962002776096,0.006659001111984253,-0.18273723125457764,-0.00446292261605663,0.0025455504655838013,-0.2264389991760254,-0.03386489876558585,0.0006723850965499878,-0.1625548005104065,-0.04233347826649947,0.00240480899810791,-0.11763244867324829,-0.03925037586142821,-0.026892900466918945,-0.1808154582977295,-0.007032041596374938,-0.03546634316444397,-0.23950937390327454,-0.03136577286770148,-0.028897017240524292,-0.18860912322998047,-0.029705576757095287,-0.020454809069633484,-0.14339476823806763,-0.020008616307876537,-0.05848120152950287,-0.17339658737182617,-0.011461323285601566,-0.07874655723571777,-0.23630675673484802,-0.02249327131559653,-0.09346392750740051,-0.2752114534378052,-0.023638364086053798,-0.10417748987674713,-0.31537240743637085,-0.020534038702152202
Y,0.0,0.0,0.0,0.04818379878997803,-0.04450029134750366,-0.019310817529742508,0.08533099293708801,-0.11751240491867065,-0.028392462467138557,0.11107638478279114,-0.18512126803398132,-0.038388111104552536,0.13229286670684814,-0.23149102926254272,-0.04473566304642418,0.043307483196258545,-0.1817016303539276,-0.007660328352187662,0.03520968556404114,-0.2351149022579193,-0.03170354705054024,0.025979846715927124,-0.18939602375030518,-0.043491721560542373,0.023798108100891113,-0.14201533794403076,-0.0448792394598172,0.005997955799102783,-0.1835111379623413,-0.005722036061172275,0.0007098913192749023,-0.22718998789787292,-0.03591583709913948,-0.0005594193935394287,-0.16301864385604858,-0.04504758905369499,0.0015273690223693848,-0.11750954389572144,-0.042548384924714355,-0.027835816144943237,-0.18108117580413818,-0.00795771408576229,-0.03703826665878296,-0.2396305799484253,-0.03281375433999756,-0.030020922422409058,-0.18845263123512268,-0.03183228935796478,-0.021244317293167114,-0.14247643947601318,-0.022739082982127456,-0.05892792344093323,-0.17298784852027893,-0.012029037286822586,-0.08081874251365662,-0.23552605509757996,-0.023395818134133606,-0.09654909372329712,-0.27377328276634216,-0.025049023737494736,-0.10826942324638367,-0.3132995367050171,-0.02246075723070362
Y,0.0,0.0,0.0,0.047666966915130615,-0.044833242893218994,-0.019363971053479645,0.08451855182647705,-0.11850357055664062,-0.02841934710633609,0.11035943031311035,-0.18688344955444336,-0.03846060074758384,0.13156697154045105,-0.23314210772514343,-0.04474843256068084,0.04189160466194153,-0.18322783708572388,-0.00721425199773762,0.03443130850791931,-0.23709893226623535,-0.031155353038428757,0.025347501039505005,-0.19048047065734863,-0.04271853305291984,0.023138821125030518,-0.14337646961212158,-0.04395255409073684,0.004861906170845032,-0.18479785323143005,-0.005343928093878958,0.0005509704351425171,-0.22931060194969177,-0.0353626791377053,-0.000958666205406189,-0.1644958257675171,-0.044135115667103264,0.0007877349853515625,-0.11965066194534302,-0.041350580378292534,-0.02888008952140808,-0.18229079246520996,-0.007736698816387388,-0.03743340075016022,-0.24233344197273254,-0.03272210769247863,-0.03085869550704956,-0.19029513001441956,-0.031496502085445854,-0.022650718688964844,-0.14400309324264526,-0.02215423211347911,-0.06021890044212341,-0.17399537563323975,-0.011970024182318184,-0.08275169134140015,-0.23684096336364746,-0.02352929450464103,-0.09937453269958496,-0.2749803066253662,-0.02516603246223781,-0.1119132712483406,-0.31428444385528564,-0.022488172723768685
Y,0.0,0.0,0.0,0.04798412322998047,-0.045424580574035645,-0.019572481520441443,0.08516857028007507,-0.11882734298706055,-0.02881127224114266,0.11153236031532288,-0.18755799531936646,-0.03904572316255894,0.13248980045318604,-0.23433658480644226,-0.045432781808045775,0.043116211891174316,-0.18522098660469055,-0.006599270280418068,0.035541146993637085,-0.23864728212356567,-0.030218867592481047,0.026208698749542236,-0.1917213797569275,-0.041649764411118895,0.023717761039733887,-0.1441897749900818,-0.04271776788678494,0.0060156285762786865,-0.18717849254608154,-0.004461014650729567,0.0017796754837036133,-0.2311786413192749,-0.033737933270600706,-1.9073486328125e-05,-0.16611772775650024,-0.04233377613869038,0.001502707600593567,-0.12160974740982056,-0.039514066658881575,-0.02776940166950226,-0.18465697765350342,-0.006580667111990124,-0.03621363639831543,-0.24413490295410156,-0.030864663429525763,-0.029679641127586365,-0.1910838782787323,-0.029205929495361715,-0.021493375301361084,-0.1439228057861328,-0.019666869200733572,-0.059151530265808105,-0.17603594064712524,-0.010592687882450491,-0.0812322199344635,-0.23891210556030273,-0.02149555832889405,-0.097911536693573,-0.2770214378833771,-0.022577898584273726,-0.1105571761727333,-0.3162875473499298,-0.019512603066829115
Y,0.0,0.0,0.0,0.0483037531375885,-0.04509449005126953,-0.01963378289224238,0.08534625172615051,-0.11864429712295532,-0.0285314245659265,0.11119776964187622,-0.18699944019317627,-0.03839044631899924,0.1318897306919098,-0.23451444506645203,-0.04453512640179724,0.043781161308288574,-0.18396919965744019,-0.006223523388371177,0.03565099835395813,-0.23880282044410706,-0.030089894174352594,0.025786489248275757,-0.19267144799232483,-0.042373675717726655,0.023502826690673828,-0.1445336937904358,-0.044273156537428804,0.0063969045877456665,-0.18574920296669006,-0.004161891857847877,0.001016855239868164,-0.23098137974739075,-0.03449647115053267,-0.0011082291603088379,-0.16780352592468262,-0.04454622404159636,0.0008850991725921631,-0.12154233455657959,-0.04267852367343039,-0.02788907289505005,-0.18328356742858887,-0.006409479169860788,-0.037199467420578,-0.24382442235946655,-0.03129356340946288,-0.0312982052564621,-0.19448643922805786,-0.031292404844180055,-0.022849708795547485,-0.14853322505950928,-0.022867223112598367,-0.059272050857543945,-0.1750931739807129,-0.010528423688128896,-0.0812319964170456,-0.23781335353851318,-0.022001577405944772,-0.0979381799697876,-0.27607354521751404,-0.024190449951902337,-0.11052694916725159,-0.3147438168525696,-0.021973430975094743
Y,0.0,0.0,0.0,0.047961071133613586,-0.04517197608947754,-0.01933806567055285,0.08484749495983124,-0.11889821290969849,-0.028236962767067553,0.11075244843959808,-0.18725255131721497,-0.0381441674248606,0.1315910965204239,-0.23445332050323486,-0.04427594682735503,0.04266040027141571,-0.18382659554481506,-0.006634490011009575,0.03433023393154144,-0.23841071128845215,-0.030560368584218622,0.024932339787483215,-0.19154059886932373,-0.04229038199943602,0.022939011454582214,-0.14360392093658447,-0.04365377864402831,0.0053040385246276855,-0.18549326062202454,-0.004798637149605156,-0.000260278582572937,-0.2305370569229126,-0.0349940693990618,-0.0019140839576721191,-0.16560667753219604,-0.044193822802725435,0.00037035346031188965,-0.12012302875518799,-0.04166353857678473,-0.028725728392601013,-0.182939350605011,-0.007253563409420849,-0.03823649883270264,-0.24330481886863708,-0.03221396348041594,-0.03193162381649017,-0.19189918041229248,-0.031245503486815096,-0.023306310176849365,-0.14586442708969116,-0.02208970850867331,-0.06023675203323364,-0.17456743121147156,-0.011552967974665762,-0.08250568807125092,-0.2375405728816986,-0.02297784751814902,-0.09906721115112305,-0.27586936950683594,-0.02462584330302775,-0.11145557463169098,-0.31529951095581055,-0.02197764060062468
Y,0.0,0.0,0.0,0.04798397421836853,-0.04581505060195923,-0.019560200412541917,0.0852232277393341,-0.11924409866333008,-0.028816160996228746,0.11198803782463074,-0.1880275011062622,-0.039314667944580606,0.13305017352104187,-0.23555034399032593,-0.04602279073444038,0.044061899185180664,-0.18546539545059204,-0.005358642217487386,0.035951316356658936,-0.23956403136253357,-0.02999432503131061,0.025977104902267456,-0.19301584362983704,-0.04229866645184188,0.023684203624725342,-0.14496201276779175,-0.043727169994980386,0.006714090704917908,-0.18741586804389954,-0.0035173949029001506,0.0018016546964645386,-0.23189300298690796,-0.03391103005853324,-0.0005830824375152588,-0.16637197136878967,-0.043011366640001825,0.0013628005981445312,-0.12148714065551758,-0.040151096199423364,-0.027437850832939148,-0.1849217712879181,-0.006175840523809484,-0.03645062446594238,-0.24411985278129578,-0.03146353295889526,-0.030680254101753235,-0.1911218762397766,-0.030072414566546968,-0.022345274686813354,-0.14440661668777466,-0.020284219895273736,-0.0592494010925293,-0.17653995752334595,-0.010760044929355672,-0.08087730407714844,-0.23979923129081726,-0.022070546884805253,-0.09773328900337219,-0.2780503034591675,-0.02316228232231765,-0.11034619808197021,-0.31728434562683105,-0.019875020970374635
Y,0.0,0.0,0.0,0.04819801449775696,-0.04469609260559082,-0.019219890044894328,0.08533990383148193,-0.11863172054290771,-0.027877082856264224,0.11132365465164185,-0.1874675154685974,-0.03774917106505882,0.13210457563400269,-0.23504146933555603,-0.043922278838124384,0.043121397495269775,-0.18421679735183716,-0.004692791303511967,0.0352536141872406,-0.23908191919326782,-0.028722565429177394,0.025867581367492676,-0.19280695915222168,-0.041014991508689036,0.02391454577445984,-0.14452385902404785,-0.04266263525363456,0.006131947040557861,-0.18622753024101257,-0.002926998346936216,0.0011659562587738037,-0.23169150948524475,-0.033164541976418604,-0.0009151846170425415,-0.16714873909950256,-0.04292250405427467,0.0009684562683105469,-0.12136077880859375,-0.04060972462769996,-0.027784153819084167,-0.18402445316314697,-0.005579587811496367,-0.03724461793899536,-0.24430465698242188,-0.030653839738931765,-0.03137016296386719,-0.19255074858665466,-0.030105812283125033,-0.023179396986961365,-0.1461467146873474,-0.021014261798825373,-0.05949598550796509,-0.1760396957397461,-0.010099008487429728,-0.08156415820121765,-0.2392754852771759,-0.021470786811676135,-0.09836602210998535,-0.2777816653251648,-0.023149175377454867,-0.11104992777109146,-0.3172382116317749,-0.020403077633943667
Y,0.0,0.0,0.0,0.04835191369056702,-0.04344749450683594,-0.018574225642254305,0.08576741814613342,-0.11738443374633789,-0.027026803158690882,0.11262929439544678,-0.18529373407363892,-0.03685085747437711,0.13363927602767944,-0.2325386106967926,-0.04333784330682988,0.04530683159828186,-0.18303462862968445,-0.005023227464874935,0.03804349899291992,-0.23894113302230835,-0.028339319788386774,0.028465360403060913,-0.1954990029335022,-0.040724537261297655,0.025906622409820557,-0.14710116386413574,-0.042682121433784914,0.00817917287349701,-0.18479788303375244,-0.0036819043294542553,0.004296392202377319,-0.22990518808364868,-0.03341340545611615,0.001111537218093872,-0.1666175127029419,-0.043814903982450915,0.0015894919633865356,-0.11912769079208374,-0.04218749973969693,-0.026116862893104553,-0.182514488697052,-0.006524380688091469,-0.03532223403453827,-0.24204960465431213,-0.030898925774266672,-0.030286014080047607,-0.19127312302589417,-0.031042327099015665,-0.022925570607185364,-0.14423000812530518,-0.022750505172183466,-0.05814331769943237,-0.17460590600967407,-0.011167542003562403,-0.08018127083778381,-0.23698976635932922,-0.022176504992415857,-0.09677386283874512,-0.2760329246520996,-0.024002521224787188,-0.10924472659826279,-0.31606268882751465,-0.02161730166571374
Y,0.0,0.0,0.0,0.05024014413356781,-0.0416102409362793,-0.020014193500713873,0.08836354315280914,-0.1144644021987915,-0.02951243206425147,0.11480249464511871,-0.18254461884498596,-0.040415127422051,0.13574929535388947,-0.2313043475151062,-0.04777425214214759,0.046093836426734924,-0.18102216720581055,-0.0064471626052124975,0.03972180187702179,-0.23860180377960205,-0.03197416349811988,0.032038137316703796,-0.19687271118164062,-0.04538575991554694,0.029930099844932556,-0.14804372191429138,-0.04740130960507827,0.008901223540306091,-0.18259581923484802,-0.004706857852028179,0.003853142261505127,-0.2280469834804535,-0.036673080767826605,0.002353101968765259,-0.16589397192001343,-0.047976691867546606,0.004662945866584778,-0.11884242296218872,-0.04633181228800254,-0.025094836950302124,-0.18071582913398743,-0.007417219351367521,-0.03485408425331116,-0.24101334810256958,-0.0328133447424932,-0.029873639345169067,-0.19045257568359375,-0.03279915138645606,-0.021734729409217834,-0.14304667711257935,-0.023934390987591314,-0.05653198063373566,-0.17270693182945251,-0.012229998256401586,-0.07707324624061584,-0.2341862916946411,-0.02359296999438243,-0.09300319850444794,-0.27380838990211487,-0.02557241789563136,-0.10403146594762802,-0.3131709098815918,-0.0229418767945333
Y,0.0,0.0,0.0,0.04965834319591522,-0.042342185974121094,-0.018854633546226296,0.08794693648815155,-0.11563116312026978,-0.027297929501884255,0.11473192274570465,-0.18379604816436768,-0.03710091357564238,0.13530124723911285,-0.23190432786941528,-0.04363765811061171,0.04686786234378815,-0.1817024052143097,-0.004774253456645283,0.040612682700157166,-0.2393282651901245,-0.02836891879772452,0.030890747904777527,-0.19695353507995605,-0.04122701158260611,0.027504488825798035,-0.14775902032852173,-0.043438358804934296,0.010071754455566406,-0.18413400650024414,-0.0032470432247748704,0.006458759307861328,-0.23047694563865662,-0.03306717296575812,0.0023330003023147583,-0.1687958836555481,-0.04393830021356848,0.002288028597831726,-0.12113302946090698,-0.04258543868994025,-0.0240841805934906,-0.1825474202632904,-0.005979336439423832,-0.03271704912185669,-0.2438373565673828,-0.03023240399991778,-0.028899729251861572,-0.19481965899467468,-0.03082899806534556,-0.022120580077171326,-0.14780187606811523,-0.02285412197446135,-0.056001439690589905,-0.17510616779327393,-0.01056666822617558,-0.0771714597940445,-0.23746797442436218,-0.021637688032143387,-0.09355868399143219,-0.27679598331451416,-0.023782376772516045,-0.10547468066215515,-0.3159681260585785,-0.021565739637964043
Y,0.0,0.0,0.0,0.05005800724029541,-0.04104357957839966,-0.018735243367046905,0.08825740218162537,-0.11346369981765747,-0.027428709330052925,0.11499902606010437,-0.1815871298313141,-0.037561392771095825,0.13559508323669434,-0.22987037897109985,-0.044496635334581924,0.047197967767715454,-0.1807611882686615,-0.005265472350657774,0.041351765394210815,-0.23863720893859863,-0.029095186280102325,0.03236812353134155,-0.1973697543144226,-0.04208066536673982,0.029162555932998657,-0.14899274706840515,-0.04435671715626199,0.010174870491027832,-0.1832839846611023,-0.003967425214142395,0.006782621145248413,-0.2291756272315979,-0.033903664337486816,0.003540411591529846,-0.16772755980491638,-0.04471283255705316,0.003809705376625061,-0.12068408727645874,-0.04330593569764574,-0.02408754825592041,-0.1817263662815094,-0.0068819456603534945,-0.0325319766998291,-0.24277999997138977,-0.03099179303833921,-0.027919650077819824,-0.19341638684272766,-0.03115099518188913,-0.020944461226463318,-0.14657607674598694,-0.022974592061729027,-0.05600561201572418,-0.1742074191570282,-0.011691344330102993,-0.07687787711620331,-0.23630356788635254,-0.022631628798336578,-0.09257766604423523,-0.275552362203598,-0.024482071759194923,-0.10387314856052399,-0.3149176239967346,-0.022073550509304596
Y,0.0,0.0,0.0,0.05206069350242615,-0.041609108448028564,-0.019887177641010112,0.0917377769947052,-0.11206936836242676,-0.029074656213140315,0.11812737584114075,-0.17971503734588623,-0.03969340249381048,0.1373738944530487,-0.22933948040008545,-0.04686573743305189,0.048609912395477295,-0.17708513140678406,-0.0041963661969361965,0.04357263445854187,-0.23781049251556396,-0.029227344686603374,0.03511121869087219,-0.19720768928527832,-0.043481013173675365,0.03206896781921387,-0.14854007959365845,-0.04628396629772169,0.011336401104927063,-0.17932558059692383,-0.0024245890271572534,0.007462829351425171,-0.2284213900566101,-0.03380203097543699,0.0055512934923172,-0.16894078254699707,-0.04675415753803236,0.007081061601638794,-0.12237897515296936,-0.046503706271266765,-0.022794067859649658,-0.17886456847190857,-0.005081338709658212,-0.030490905046463013,-0.24190610647201538,-0.029646035651182956,-0.025897949934005737,-0.19359132647514343,-0.03090916238210184,-0.018801525235176086,-0.14639002084732056,-0.023210240895366496,-0.054567933082580566,-0.17286190390586853,-0.009823223943328685,-0.07443118095397949,-0.2340903878211975,-0.020241324225878543,-0.0891183614730835,-0.2735341191291809,-0.022353690484976596,-0.09885330498218536,-0.3121662139892578,-0.020074734831666774
Y,0.0,0.0,0.0,0.051087334752082825,-0.04314398765563965,-0.018510679517390827,0.09074054658412933,-0.11523321270942688,-0.026569048677089313,0.11763577163219452,-0.18377581238746643,-0.03588086067557583,0.13759200274944305,-0.2319718599319458,-0.04196696429372082,0.0478372722864151,-0.18081319332122803,-0.003123471316399673,0.04341365396976471,-0.23783141374588013,-0.026162096102240184,0.03335581719875336,-0.19607320427894592,-0.039250650246145824,0.029624655842781067,-0.14796611666679382,-0.04189667924165974,0.011173471808433533,-0.18370887637138367,-0.001515903080331782,0.00888165831565857,-0.23229825496673584,-0.03049848674655209,0.004400372505187988,-0.17147457599639893,-0.04146935491681347,0.004064634442329407,-0.12417653203010559,-0.04042231737494717,-0.02269403636455536,-0.18256258964538574,-0.0041618172903383766,-0.02985347807407379,-0.2456427812576294,-0.02754760420739899,-0.026468291878700256,-0.1975812315940857,-0.028236317251327137,-0.020515471696853638,-0.15111756324768066,-0.02065588793576012,-0.054106876254081726,-0.17554304003715515,-0.008651987452509502,-0.07516808807849884,-0.23764827847480774,-0.01906693613946686,-0.09143935143947601,-0.2760780453681946,-0.02109117879390965,-0.10351477563381195,-0.3144634962081909,-0.01901290452897797
Y,0.0,0.0,0.0,0.05039125680923462,-0.04357641935348511,-0.01800013819294577,0.0889643132686615,-0.11578091979026794,-0.026062696441584876,0.11607697606086731,-0.1836065649986267,-0.03556963355796938,0.1361309289932251,-0.23152512311935425,-0.04195547030823832,0.04852712154388428,-0.18109950423240662,-0.003638060032898238,0.0432184636592865,-0.2389701008796692,-0.02663157620983725,0.032650500535964966,-0.1979522705078125,-0.03981798441665774,0.02859935164451599,-0.14968979358673096,-0.04263263867753153,0.011466801166534424,-0.18401503562927246,-0.0024796530749142676,0.008430138230323792,-0.23194599151611328,-0.03147631810563212,0.003860265016555786,-0.17177322506904602,-0.04270672352569704,0.0036728084087371826,-0.1246442198753357,-0.04200823904531603,-0.02303445339202881,-0.18260648846626282,-0.005433154493147185,-0.031002134084701538,-0.2445564568042755,-0.028828771054321578,-0.02743886411190033,-0.19647589325904846,-0.029612810551697066,-0.02105790376663208,-0.14968058466911316,-0.022239520415240577,-0.05508515238761902,-0.17514342069625854,-0.010207850686782649,-0.07618030905723572,-0.23708394169807434,-0.020855327337557128,-0.09265384078025818,-0.27585673332214355,-0.022922774046236327,-0.10482539236545563,-0.31428295373916626,-0.02092115694242125
Y,0.0,0.0,0.0,0.05046014487743378,-0.04234498739242554,-0.01872911996920834,0.08947844803333282,-0.1148495078086853,-0.026886045409042936,0.11735038459300995,-0.18292957544326782,-0.03627499140580426,0.13881675899028778,-0.2301723062992096,-0.04259139247020016,0.0489225834608078,-0.1795055866241455,-0.0036160975579662136,0.04395245015621185,-0.2376319169998169,-0.026433227060039144,0.033838674426078796,-0.19745394587516785,-0.0397609094508482,0.029880806803703308,-0.14967384934425354,-0.042766592872936826,0.012177065014839172,-0.18221917748451233,-0.0019948565751803926,0.009702086448669434,-0.23086866736412048,-0.03099275700529347,0.005638018250465393,-0.1714881956577301,-0.042789507133562665,0.005235418677330017,-0.12411543726921082,-0.04261629976113568,-0.021982774138450623,-0.18102863430976868,-0.0045400265954924635,-0.029204264283180237,-0.24372848868370056,-0.028017835167844396,-0.025149613618850708,-0.19485068321228027,-0.029227321443755727,-0.018899008631706238,-0.14723843336105347,-0.0222003547825409,-0.053919777274131775,-0.17412906885147095,-0.008955744502742391,-0.07465009391307831,-0.23619011044502258,-0.019713550282318693,-0.09070469439029694,-0.27492961287498474,-0.022129136545260053,-0.10265062749385834,-0.313646137714386,-0.020482975465853315
Y,0.0,0.0,0.0,0.04994480311870575,-0.0426405668258667,-0.019697273453175512,0.08837087452411652,-0.11507251858711243,-0.02888844565063664,0.11538340151309967,-0.18363863229751587,-0.039148297463952986,0.13763149082660675,-0.23093900084495544,-0.0460384602895374,0.048537567257881165,-0.18041080236434937,-0.006141075236200777,0.04335321485996246,-0.2383766770362854,-0.029963977937995878,0.03389479219913483,-0.19714367389678955,-0.042545561050474134,0.030625119805336,-0.14913541078567505,-0.04487936974078366,0.011326983571052551,-0.1826155185699463,-0.004533399199544874,0.009313523769378662,-0.23144182562828064,-0.03485576466232487,0.005590766668319702,-0.16983431577682495,-0.04545320228248784,0.005127251148223877,-0.12328997254371643,-0.04425068229943463,-0.023076340556144714,-0.18126216530799866,-0.007269526669233528,-0.030261799693107605,-0.2450745403766632,-0.03220861062914082,-0.025881409645080566,-0.19511181116104126,-0.03238663480192372,-0.019710153341293335,-0.14805325865745544,-0.02447921254247376,-0.055516913533210754,-0.17445504665374756,-0.011939488654434172,-0.07579830288887024,-0.23691150546073914,-0.02394247085362622,-0.09124912321567535,-0.2760624289512634,-0.026507115294634787,-0.10306155681610107,-0.31587767601013184,-0.02486051463097283
Y,0.0,0.0,0.0,0.049290552735328674,-0.04313647747039795,-0.01997361071559567,0.08792956173419952,-0.11552169919013977,-0.029691630230871624,0.11541937291622162,-0.18451663851737976,-0.04041246809217114,0.13800199329853058,-0.23209601640701294,-0.047829945759502834,0.04860909283161163,-0.1805846095085144,-0.0063438254423715534,0.04286004602909088,-0.23923814296722412,-0.029282930494872517,0.033591970801353455,-0.19947171211242676,-0.041240063683716244,0.030799850821495056,-0.15195515751838684,-0.043312032894817776,0.010985150933265686,-0.18254494667053223,-0.004529652839181608,0.009030774235725403,-0.2325548231601715,-0.03362412490102429,0.005435779690742493,-0.1704367697238922,-0.043363549934355206,0.005207076668739319,-0.12402835488319397,-0.04177977629157681,-0.02345193922519684,-0.18116295337677002,-0.007023592667309231,-0.030300945043563843,-0.24607700109481812,-0.03091634176823277,-0.025799885392189026,-0.19615328311920166,-0.030357779191461987,-0.019680917263031006,-0.14864492416381836,-0.02225416824373383,-0.05588419735431671,-0.1742715835571289,-0.011524492131201214,-0.07587850093841553,-0.2376250922679901,-0.023039397971359676,-0.09140969812870026,-0.277488648891449,-0.02526543215068955,-0.10350514948368073,-0.3175116181373596,-0.023515309394923634
Y,0.0,0.0,0.0,0.04951979219913483,-0.04200184345245361,-0.02095271876288507,0.08844961225986481,-0.11427652835845947,-0.030905308632384276,0.11528398096561432,-0.18352669477462769,-0.04153845129741285,0.1373673528432846,-0.23182827234268188,-0.048822641803155875,0.04864726960659027,-0.17922037839889526,-0.008077413274179435,0.04194264113903046,-0.23961907625198364,-0.03176147906316373,0.03280608355998993,-0.19908741116523743,-0.04438523618711088,0.03004463016986847,-0.15097135305404663,-0.04697109056843374,0.010705068707466125,-0.18103495240211487,-0.005987589677999949,0.007080256938934326,-0.23210656642913818,-0.03629349587691877,0.004397094249725342,-0.17020636796951294,-0.047060549689661,0.004509344696998596,-0.12208139896392822,-0.04616648374332044,-0.023945361375808716,-0.17969125509262085,-0.008236993534694648,-0.03201000392436981,-0.24546444416046143,-0.032844484282861686,-0.02723383903503418,-0.19700151681900024,-0.03334093509448621,-0.020954087376594543,-0.14954781532287598,-0.02594144312871549,-0.05618099868297577,-0.17312079668045044,-0.012537729425559974,-0.07683126628398895,-0.23694279789924622,-0.02437443888021562,-0.09228572249412537,-0.2771633267402649,-0.027288660837541556,-0.10443620383739471,-0.31678301095962524,-0.0261497166587219
Y,0.0,0.0,0.0,0.04952158033847809,-0.042735397815704346,-0.019460032680029826,0.08851499855518341,-0.11545267701148987,-0.028811802142257648,0.11556001007556915,-0.18430092930793762,-0.039481044732923465,0.1371423751115799,-0.2320728302001953,-0.04683394449293132,0.04710845649242401,-0.1813145875930786,-0.005619354532058196,0.040975674986839294,-0.23995265364646912,-0.029030616381163554,0.03306318819522858,-0.19980120658874512,-0.04103683026968952,0.0314498096704483,-0.15352562069892883,-0.043144074254627185,0.009554967284202576,-0.18263739347457886,-0.004453585003460603,0.0069611817598342896,-0.23176583647727966,-0.03452944102227207,0.00496712327003479,-0.1686239242553711,-0.04422172623216625,0.005974993109703064,-0.12216511368751526,-0.04235935675441738,-0.02481350302696228,-0.18072345852851868,-0.007710156016941028,-0.03256992995738983,-0.2446592152118683,-0.03276994916140552,-0.02730296552181244,-0.1929999589920044,-0.032054566764230685,-0.020514369010925293,-0.14530238509178162,-0.02345647009551044,-0.05700595676898956,-0.17349299788475037,-0.01298628746062036,-0.07774503529071808,-0.2367478311061859,-0.02543383742212768,-0.0936013013124466,-0.276384562253952,-0.02796246016859527,-0.10603613406419754,-0.3161115050315857,-0.026201057233805614
Y,0.0,0.0,0.0,0.04938839375972748,-0.04503756761550903,-0.018744476136959065,0.087501659989357,-0.11771297454833984,-0.028131486845410336,0.11434583365917206,-0.18641000986099243,-0.03909293748179721,0.13579045236110687,-0.2340555489063263,-0.046733742577231396,0.04570735991001129,-0.18242070078849792,-0.004531039853787888,0.04002527892589569,-0.24139124155044556,-0.028575299305117596,0.0327841192483902,-0.20013999938964844,-0.04116011596957492,0.030921921133995056,-0.15275657176971436,-0.04331199265757846,0.008270084857940674,-0.18364042043685913,-0.0038269881598864686,0.005767211318016052,-0.2337520718574524,-0.03387263230720805,0.00439530611038208,-0.16962546110153198,-0.043511765075123776,0.005153074860572815,-0.12241649627685547,-0.041484603655732144,-0.02626851201057434,-0.1819716989994049,-0.00763015635052966,-0.03382129967212677,-0.24649766087532043,-0.03236422501245784,-0.027779564261436462,-0.19408276677131653,-0.031161839139855374,-0.020889505743980408,-0.14539802074432373,-0.02217502519229697,-0.05891527235507965,-0.17489540576934814,-0.013443563130891789,-0.08007939159870148,-0.23914086818695068,-0.024972995740569104,-0.09568880498409271,-0.27958664298057556,-0.026645908129609097,-0.10813311487436295,-0.3197196125984192,-0.024350827557242383
Y,0.0,0.0,0.0,0.04899728298187256,-0.04505014419555664,-0.019329859520667014,0.08737650513648987,-0.11943715810775757,-0.02833386195766252,0.11462152004241943,-0.1877955198287964,-0.03874755708443445,0.13630777597427368,-0.23538628220558167,-0.045690388064258514,0.04595533013343811,-0.18451619148254395,-0.004645953531735358,0.039269447326660156,-0.24231192469596863,-0.029096233304017005,0.03130802512168884,-0.19899478554725647,-0.04227267635928911,0.029492467641830444,-0.1511853039264679,-0.04484244121181291,0.00821550190448761,-0.1856180727481842,-0.003675900743701277,0.004865899682044983,-0.23429882526397705,-0.035001673381202636,0.003407686948776245,-0.1694881021976471,-0.045788698475234924,0.004169374704360962,-0.12069174647331238,-0.044350732694738326,-0.026842042803764343,-0.18345391750335693,-0.007272428478472648,-0.035485684871673584,-0.24705642461776733,-0.03304817585217279,-0.029259294271469116,-0.19445711374282837,-0.03286831883656305,-0.02175334095954895,-0.1455708146095276,-0.02425979508029741,-0.05970706045627594,-0.17602336406707764,-0.012868824060433326,-0.08079874515533447,-0.24061280488967896,-0.02486912405061048,-0.09654970467090607,-0.28125810623168945,-0.02710078155564588,-0.1090884655714035,-0.321949303150177,-0.025113333593481002
Y,0.0,0.0,0.0,0.04853847622871399,-0.04547619819641113,-0.01881181327195236,0.08624285459518433,-0.11959990859031677,-0.027996045253587454,0.11347994208335876,-0.1884188950061798,-0.03869745013804504,0.13499295711517334,-0.23589545488357544,-0.04596668732853004,0.04435926675796509,-0.1843048632144928,-0.005596033013773649,0.03798839449882507,-0.24068978428840637,-0.029355331040335386,0.030025988817214966,-0.19713324308395386,-0.041435497529221266,0.028390437364578247,-0.15043050050735474,-0.04342588288278648,0.00686393678188324,-0.1854492723941803,-0.00486669661046335,0.004356861114501953,-0.2327589988708496,-0.0351068924138076,0.002958044409751892,-0.16700494289398193,-0.04420341429801056,0.003999665379524231,-0.11962324380874634,-0.04190865410060951,-0.027913331985473633,-0.1831904649734497,-0.008568252153111189,-0.03600645065307617,-0.24725991487503052,-0.03363180411548683,-0.02956642210483551,-0.19346082210540771,-0.03183620301575729,-0.021787241101264954,-0.1444743573665619,-0.022502370826316564,-0.06085538864135742,-0.17534300684928894,-0.014281535237444132,-0.08180317282676697,-0.23951196670532227,-0.026238009981227606,-0.0978650152683258,-0.28011181950569153,-0.027872039652777403,-0.11068132519721985,-0.321294903755188,-0.02557540377171108
Y,0.0,0.0,0.0,0.04893018305301666,-0.04360741376876831,-0.019252416501814196,0.08636327087879181,-0.11807805299758911,-0.02802098059194691,0.11256025731563568,-0.18722432851791382,-0.03854644187825329,0.13417749106884003,-0.23582586646080017,-0.04544874915021069,0.04516707360744476,-0.18249985575675964,-0.0036992179798573943,0.03866256773471832,-0.23938900232315063,-0.028018717478090593,0.02933727204799652,-0.1976991593837738,-0.04043894895451672,0.026405468583106995,-0.1508980095386505,-0.04241226875322468,0.0077211856842041016,-0.18401074409484863,-0.003217619900652835,0.00299815833568573,-0.23211944103240967,-0.03549275064008839,0.0015993118286132812,-0.16961947083473206,-0.046310371543341944,0.0029053092002868652,-0.12067770957946777,-0.04444759600895054,-0.027523964643478394,-0.1826363205909729,-0.007451120122397015,-0.03740566968917847,-0.24638524651527405,-0.03419254982011921,-0.03134287893772125,-0.19320619106292725,-0.033805037672692606,-0.024024680256843567,-0.14333340525627136,-0.024657395492369005,-0.060746774077415466,-0.1762029230594635,-0.013779726634794542,-0.08212830126285553,-0.23995226621627808,-0.02633122616546757,-0.09811858832836151,-0.2802119255065918,-0.028527409593635866,-0.11102090775966644,-0.3204769790172577,-0.026342165480429003
Y,0.0,0.0,0.0,0.04806157946586609,-0.04543489217758179,-0.018968018366109618,0.08521473407745361,-0.11958467960357666,-0.02796076856375862,0.11185088753700256,-0.18810677528381348,-0.03853218503118683,0.13325586915016174,-0.2362426519393921,-0.04558457679868866,0.04376566410064697,-0.18353697657585144,-0.004843945743601807,0.03796461224555969,-0.24030578136444092,-0.02928516141892601,0.029564231634140015,-0.19771510362625122,-0.04209415860296417,0.02753773331642151,-0.15016764402389526,-0.044344382954847106,0.005874082446098328,-0.1851295530796051,-0.004035160074096211,0.003097847104072571,-0.23275592923164368,-0.035313023848544844,0.001536741852760315,-0.16870978474617004,-0.0456164541077726,0.0025956928730010986,-0.11945182085037231,-0.04389593623400856,-0.02943730354309082,-0.1836465299129486,-0.007774210663598069,-0.037411004304885864,-0.24829691648483276,-0.033521468414079436,-0.03154318034648895,-0.19514921307563782,-0.03281167767764259,-0.02430817484855652,-0.14494314789772034,-0.02389684192658592,-0.06232014298439026,-0.17671304941177368,-0.013525222091089972,-0.08375245332717896,-0.24170470237731934,-0.025671145541679152,-0.09982523322105408,-0.28277701139450073,-0.027835216967474707,-0.1127348244190216,-0.3236263692378998,-0.0257864376884811
Y,0.0,0.0,0.0,0.04841300845146179,-0.044709980487823486,-0.019977850961083732,0.08625730872154236,-0.11950618028640747,-0.029500085982078872,0.11257752776145935,-0.1889553666114807,-0.04046340857684072,0.13447269797325134,-0.2372959852218628,-0.047813559072608314,0.04473653435707092,-0.18457329273223877,-0.0057814448425119735,0.03861561417579651,-0.2405308187007904,-0.030989702912563644,0.03021383285522461,-0.19697260856628418,-0.044061174737805686,0.02867385745048523,-0.14931648969650269,-0.046302376436585746,0.006953254342079163,-0.18615296483039856,-0.004604193969214521,0.00389041006565094,-0.23333370685577393,-0.03658889059960302,0.002573058009147644,-0.16826358437538147,-0.046720517920846305,0.0038489848375320435,-0.11890172958374023,-0.04460968275606092,-0.02831616997718811,-0.18447357416152954,-0.008115793699914775,-0.03655022382736206,-0.24882939457893372,-0.03471280087768491,-0.030197709798812866,-0.1940232515335083,-0.033744951831693015,-0.022627592086791992,-0.14337825775146484,-0.024305701377386413,-0.06118856370449066,-0.17726290225982666,-0.013693758408123813,-0.08296576142311096,-0.2422237992286682,-0.026178091886038146,-0.09940758347511292,-0.2828842103481293,-0.028159409883016906,-0.1127173900604248,-0.32339614629745483,-0.025796279432768188
Y,0.0,0.0,0.0,0.048662930727005005,-0.04290658235549927,-0.019829371949640517,0.08639511466026306,-0.11787188053131104,-0.028935648506489997,0.11167609691619873,-0.18720588088035583,-0.03938940726777673,0.13291430473327637,-0.2356465756893158,-0.04624298401733995,0.04478263854980469,-0.18381232023239136,-0.007405778398720031,0.03853970766067505,-0.2387332022190094,-0.03174405359288812,0.029155641794204712,-0.19390982389450073,-0.04328420572539926,0.027314960956573486,-0.14713585376739502,-0.04483171739241243,0.007126703858375549,-0.18520408868789673,-0.006462946074066167,0.003513529896736145,-0.23193800449371338,-0.03861962818166376,0.001350119709968567,-0.16542041301727295,-0.04787460156342149,0.002795696258544922,-0.11603796482086182,-0.04521202482840181,-0.028318598866462708,-0.18320834636688232,-0.010047248570231204,-0.036860331892967224,-0.2468920648097992,-0.037232423206774,-0.030925124883651733,-0.19123545289039612,-0.035954331984726196,-0.02319498360157013,-0.14101457595825195,-0.026320634415355926,-0.06163856387138367,-0.17569464445114136,-0.0156107228305018,-0.08337323367595673,-0.24100536108016968,-0.02909890749117494,-0.09996458888053894,-0.28196951746940613,-0.03159050085207582,-0.11341649293899536,-0.3233909010887146,-0.029618352657166724
Y,0.0,0.0,0.0,0.04824531078338623,-0.043441593647003174,-0.019922275734415962,0.08564198017120361,-0.11891138553619385,-0.029178562281003906,0.11100196838378906,-0.1881158947944641,-0.03975081693874927,0.13270226120948792,-0.23640215396881104,-0.04664519306766124,0.04438444972038269,-0.1854245960712433,-0.007788756103536798,0.03817436099052429,-0.2392284870147705,-0.03229642536985011,0.029033690690994263,-0.1948401927947998,-0.04395380121218295,0.027086853981018066,-0.14769607782363892,-0.045493918177953674,0.006595447659492493,-0.18670392036437988,-0.006787122399828149,0.002904355525970459,-0.2315729558467865,-0.039286589888206436,0.0009026229381561279,-0.1648617386817932,-0.04877117153750987,0.0021779686212539673,-0.11513125896453857,-0.046146074948183013,-0.028672292828559875,-0.18464961647987366,-0.010297860657146884,-0.03781408071517944,-0.24693551659584045,-0.03755893808352084,-0.03162278234958649,-0.19147557020187378,-0.03653740015374751,-0.023771166801452637,-0.14115279912948608,-0.027010802817812873,-0.06158094108104706,-0.17694777250289917,-0.015804190826884223,-0.08382144570350647,-0.24232441186904907,-0.029354215306511833,-0.10082933306694031,-0.28346002101898193,-0.03199970227228732,-0.11467429995536804,-0.3250560164451599,-0.030070961159935905
Y,0.0,0.0,0.0,0.04911912977695465,-0.04442638158798218,-0.01974394867553997,0.08691824972629547,-0.11954516172409058,-0.028962930165079115,0.11286340653896332,-0.1889849305152893,-0.03956530938282299,0.13435249030590057,-0.23714083433151245,-0.04649918476476955,0.04577012360095978,-0.18593281507492065,-0.007305156405863045,0.03921447694301605,-0.23930597305297852,-0.031701448805478094,0.03041188418865204,-0.19431790709495544,-0.043224520481970785,0.028671398758888245,-0.14706480503082275,-0.044525008149292944,0.007892876863479614,-0.1875227987766266,-0.006222512073662756,0.00443972647190094,-0.2317509651184082,-0.038175653166916845,0.0026971101760864258,-0.1640864610671997,-0.04719480449691105,0.004338428378105164,-0.11527639627456665,-0.044249109424498556,-0.027407705783843994,-0.1854621171951294,-0.009683907463994501,-0.035938188433647156,-0.2468985915184021,-0.03679748202100086,-0.029402509331703186,-0.19017943739891052,-0.035371787346747396,-0.021439775824546814,-0.1395277976989746,-0.02548606830075073,-0.06046077609062195,-0.17746806144714355,-0.015119271784868715,-0.08268657326698303,-0.24398165941238403,-0.028568932287242887,-0.10004504024982452,-0.2852781414985657,-0.030869990087893484,-0.11417829990386963,-0.326911598443985,-0.028603720910695074
Y,0.0,0.0,0.0,0.04834306240081787,-0.044537365436553955,-0.019636706716568142,0.08550620079040527,-0.11953943967819214,-0.02884413421824661,0.11168348789215088,-0.1885858178138733,-0.03936209463253704,0.132686048746109,-0.2365289330482483,-0.046073324314505726,0.044645071029663086,-0.18707513809204102,-0.007485654006899267,0.03847023844718933,-0.2393767237663269,-0.031513653031737476,0.02979576587677002,-0.1936517357826233,-0.04270177640691486,0.02803942561149597,-0.14727169275283813,-0.04389305718913761,0.006945550441741943,-0.18850040435791016,-0.006426386336983114,0.004113510251045227,-0.23151510953903198,-0.03779185869470325,0.002765253186225891,-0.16412395238876343,-0.046349338523299366,0.004363104701042175,-0.11630070209503174,-0.04336504944339481,-0.028283149003982544,-0.18626952171325684,-0.009857939823717743,-0.03663845360279083,-0.2478809356689453,-0.03648706086650577,-0.029369071125984192,-0.19151002168655396,-0.03472733431235042,-0.020997002720832825,-0.14117306470870972,-0.02493085645809856,-0.061333030462265015,-0.17801272869110107,-0.015264489955455929,-0.08395147323608398,-0.24437731504440308,-0.02859410390928474,-0.10137283802032471,-0.2861044406890869,-0.030907525948435932,-0.11548484861850739,-0.32826945185661316,-0.0287810594655582
Y,0.0,0.0,0.0,0.04794767498970032,-0.046093642711639404,-0.019408754999773237,0.085275799036026,-0.12073200941085815,-0.028879789630906316,0.1120295524597168,-0.1903788447380066,-0.039545785631077024,0.13283604383468628,-0.23822903633117676,-0.04633974283470366,0.04422807693481445,-0.1878523826599121,-0.009366659442918035,0.03805917501449585,-0.24089139699935913,-0.033535152669088575,0.030350536108016968,-0.19495582580566406,-0.0443739257706568,0.02874353528022766,-0.14809423685073853,-0.045151308174268934,0.006660908460617065,-0.18953025341033936,-0.008191642346815797,0.003880828619003296,-0.23237979412078857,-0.03878999501003477,0.0037858784198760986,-0.16387087106704712,-0.0463534444524214,0.006133139133453369,-0.11702829599380493,-0.042985983188287946,-0.02809789776802063,-0.18725764751434326,-0.01133496965749714,-0.03617699444293976,-0.2487729787826538,-0.03721976652278158,-0.02817879617214203,-0.1906251311302185,-0.034306958313123914,-0.019559025764465332,-0.1395696997642517,-0.0240804552985594,-0.06095188856124878,-0.1783391237258911,-0.016441943119303915,-0.08383668959140778,-0.24569189548492432,-0.029429951678054067,-0.10170474648475647,-0.2872244119644165,-0.031081739808456632,-0.11614233255386353,-0.32927972078323364,-0.028584331269399854
Y,0.0,0.0,0.0,0.048273444175720215,-0.044144630432128906,-0.019834980111880895,0.08462539315223694,-0.11834365129470825,-0.029222771268649694,0.10935664176940918,-0.1865983009338379,-0.04006681006805479,0.13065528869628906,-0.23510819673538208,-0.04701162290231764,0.04285338521003723,-0.18283504247665405,-0.009011306543214914,0.037463217973709106,-0.23479557037353516,-0.03521011557833731,0.02950778603553772,-0.18850678205490112,-0.04773697417633116,0.027220040559768677,-0.14165472984313965,-0.04951934677021086,0.0050942301750183105,-0.1838415265083313,-0.008310227398141024,0.0011215358972549438,-0.2264854609966278,-0.042895251628323194,0.0010554492473602295,-0.16108053922653198,-0.05350532915846884,0.002932429313659668,-0.11188250780105591,-0.05135945018784582,-0.029847830533981323,-0.18191099166870117,-0.01213468026773512,-0.03967586159706116,-0.24361073970794678,-0.04060224976794302,-0.03236478567123413,-0.18886607885360718,-0.04017951127545416,-0.024160757660865784,-0.13859045505523682,-0.030731374141140577,-0.06204448640346527,-0.1746762990951538,-0.018013925966187117,-0.08411434292793274,-0.24093258380889893,-0.03241482910172522,-0.10120499134063721,-0.2828782796859741,-0.03572740938918173,-0.11518257856369019,-0.32457494735717773,-0.034047504630251524
Y,0.0,0.0,0.0,0.04864633083343506,-0.045194149017333984,-0.018636788601611443,0.08563506603240967,-0.11942875385284424,-0.0274659165987714,0.11146026849746704,-0.18839305639266968,-0.037787727440331764,0.13234010338783264,-0.23688402771949768,-0.04425225349757511,0.04328501224517822,-0.18591690063476562,-0.0061311273710771275,0.038786232471466064,-0.23688316345214844,-0.030813026602004356,0.031916141510009766,-0.19130241870880127,-0.04274352210256893,0.030724704265594482,-0.14426475763320923,-0.04396027641985256,0.005992799997329712,-0.18795126676559448,-0.005086240718696899,0.004632145166397095,-0.22891318798065186,-0.036098677093718834,0.004354894161224365,-0.16069144010543823,-0.04462856369707424,0.006152719259262085,-0.11306291818618774,-0.04149472283813793,-0.028975799679756165,-0.18649327754974365,-0.008528147252832241,-0.035783469676971436,-0.24486815929412842,-0.03486081528160412,-0.02777169644832611,-0.18712365627288818,-0.03295912536475498,-0.01945023238658905,-0.13672637939453125,-0.022804004500244446,-0.06212101876735687,-0.17914718389511108,-0.013817108596299477,-0.08504904806613922,-0.24662387371063232,-0.026475976581309624,-0.10259267687797546,-0.28790080547332764,-0.028050396020148582,-0.11658875644207001,-0.32977157831192017,-0.02519931214544613
Y,0.0,0.0,0.0,0.047673195600509644,-0.04593360424041748,-0.019109337755651268,0.0842566192150116,-0.12040865421295166,-0.02812706043681601,0.11019623279571533,-0.1884770393371582,-0.03825980720779398,0.13016843795776367,-0.2364203929901123,-0.04446164441964129,0.04223927855491638,-0.18640893697738647,-0.009753504001707825,0.03696170449256897,-0.2352391481399536,-0.03415601996442774,0.030368655920028687,-0.1874668002128601,-0.04547216294071177,0.029509156942367554,-0.14153820276260376,-0.046588513233871254,0.004664987325668335,-0.18850499391555786,-0.008479968809695038,0.0032744109630584717,-0.22754919528961182,-0.03956222085020045,0.0033437013626098633,-0.15967142581939697,-0.04800929052493075,0.0053560733795166016,-0.11243957281112671,-0.045310310253114494,-0.03034098446369171,-0.18659371137619019,-0.011372832746417316,-0.03786274790763855,-0.24513256549835205,-0.037618666120977196,-0.029464662075042725,-0.1884164810180664,-0.03604471606871584,-0.020560532808303833,-0.1386004090309143,-0.026626384982080253,-0.06316699087619781,-0.17826241254806519,-0.016096404918641838,-0.08669522404670715,-0.24544042348861694,-0.029242118054241928,-0.10451474785804749,-0.2866564989089966,-0.03151420054695109,-0.11868983507156372,-0.3282582759857178,-0.029402713456363472
Y,0.0,0.0,0.0,0.04793953895568848,-0.04654693603515625,-0.018971157797409433,0.08413270115852356,-0.12011605501174927,-0.027844909184409516,0.10999718308448792,-0.1882230043411255,-0.037833533786965745,0.13061997294425964,-0.2353302240371704,-0.043839174859954255,0.041026771068573,-0.1857825517654419,-0.008673358314467805,0.03684625029563904,-0.23424899578094482,-0.03344076459927692,0.03084459900856018,-0.18595576286315918,-0.045485213004781144,0.029820293188095093,-0.1390964388847351,-0.046981248610450166,0.004151791334152222,-0.18806302547454834,-0.007250158187730449,0.003491133451461792,-0.2270510196685791,-0.0383897345296873,0.003964811563491821,-0.1588822603225708,-0.047246023618413346,0.005854427814483643,-0.11130142211914062,-0.044809728466702836,-0.030560389161109924,-0.18611472845077515,-0.010029544659687417,-0.03762488067150116,-0.24460339546203613,-0.03636478220744266,-0.029284417629241943,-0.18751919269561768,-0.03468277638478412,-0.02092534303665161,-0.13754737377166748,-0.02508259897751941,-0.06355872750282288,-0.17767006158828735,-0.014631562472118276,-0.08720552921295166,-0.2447713017463684,-0.02766346519513263,-0.1049824059009552,-0.28582000732421875,-0.029523744785024064,-0.11923640966415405,-0.3275744915008545,-0.027054721095396417
Y,0.0,0.0,0.0,0.04765152931213379,-0.045005857944488525,-0.019086083601081327,0.08306467533111572,-0.11952662467956543,-0.02798573320623632,0.10851693153381348,-0.1877455711364746,-0.03800869939740892,0.12934079766273499,-0.23469805717468262,-0.044270990620219663,0.04018360376358032,-0.18490266799926758,-0.008882416616046385,0.03593829274177551,-0.23391085863113403,-0.033175209740960554,0.030064135789871216,-0.18681174516677856,-0.045231225172841505,0.028751283884048462,-0.13991963863372803,-0.046888353506886915,0.003463178873062134,-0.18735730648040771,-0.007505923713409857,0.0028980374336242676,-0.22618860006332397,-0.038128914515340284,0.003842473030090332,-0.15899527072906494,-0.04717755151804681,0.005307674407958984,-0.1105424165725708,-0.04508554397042985,-0.03123265504837036,-0.185319721698761,-0.010277259367370561,-0.03825223445892334,-0.24291515350341797,-0.03632918951925035,-0.029224663972854614,-0.1858689785003662,-0.03490570394214387,-0.02100333571434021,-0.1354580521583557,-0.025645181740486578,-0.0643322616815567,-0.1767621636390686,-0.014875932800435976,-0.0885377824306488,-0.24335092306137085,-0.027793439308965162,-0.10600084066390991,-0.2850155234336853,-0.029738595913016752,-0.12026652693748474,-0.3273908197879791,-0.027523562515938238
Y,0.0,0.0,0.0,0.04791554808616638,-0.04561382532119751,-0.018443743261968848,0.08347365260124207,-0.11857861280441284,-0.02724372272518849,0.10930725932121277,-0.18657028675079346,-0.037202878418838736,0.13022533059120178,-0.2330096960067749,-0.04313566026416993,0.04040363430976868,-0.18422961235046387,-0.008655405167019126,0.03604438900947571,-0.23150616884231567,-0.03307307374802804,0.030423671007156372,-0.18316048383712769,-0.044649119052564856,0.029671549797058105,-0.13725817203521729,-0.045833012584125754,0.0034598112106323242,-0.18626046180725098,-0.007324234146153685,0.002802520990371704,-0.22426468133926392,-0.03762074423161721,0.004131734371185303,-0.15531182289123535,-0.045646129671013114,0.0063925981521606445,-0.10904645919799805,-0.042828919860994574,-0.03116743266582489,-0.1841055154800415,-0.010090527619695422,-0.0381273478269577,-0.24125897884368896,-0.03587796774831986,-0.028918951749801636,-0.18239396810531616,-0.03325719622102952,-0.020257070660591125,-0.13244479894638062,-0.023188844818150756,-0.06403198838233948,-0.1753150224685669,-0.014634465362405535,-0.0879630446434021,-0.24171042442321777,-0.02711518903402066,-0.10550439357757568,-0.2824101448059082,-0.028296031552827117,-0.11954885721206665,-0.3249652087688446,-0.025456987816369292
Y,0.0,0.0,0.0,0.04768246412277222,-0.04224318265914917,-0.01972333764160794,0.08400794863700867,-0.11546933650970459,-0.029211294403921784,0.1096576452255249,-0.18298453092575073,-0.03976840761924905,0.13025328516960144,-0.2300804853439331,-0.04647214201713723,0.04100129008293152,-0.18193012475967407,-0.009936442165326298,0.03707653284072876,-0.2301151156425476,-0.03358068553234261,0.030825883150100708,-0.1825646162033081,-0.04431158912802857,0.030016154050827026,-0.1367344856262207,-0.045217080539714516,0.004067033529281616,-0.1839274764060974,-0.008465798138331593,0.0036475062370300293,-0.2218572497367859,-0.039380668229114235,0.004243522882461548,-0.15374761819839478,-0.047585292285930336,0.006185472011566162,-0.10594344139099121,-0.04469442231084031,-0.03077147901058197,-0.1818869709968567,-0.011136966324102104,-0.03819653391838074,-0.23919230699539185,-0.037487319237243355,-0.028773337602615356,-0.18183386325836182,-0.03559579936290902,-0.01960127055644989,-0.1319928765296936,-0.025866512707125366,-0.06376902759075165,-0.17374593019485474,-0.015672458833705605,-0.08782732486724854,-0.23908567428588867,-0.02877930787826699,-0.10502409934997559,-0.28062009811401367,-0.03081657228494805,-0.11866407096385956,-0.32371988892555237,-0.0286006634446494
Y,0.0,0.0,0.0,0.04773876070976257,-0.04382467269897461,-0.019233229619061376,0.08376991748809814,-0.11671072244644165,-0.028397520121728803,0.10972321033477783,-0.18468934297561646,-0.038648392122780706,0.13027480244636536,-0.2317999005317688,-0.044950830799137975,0.040752947330474854,-0.18314886093139648,-0.009322157178615953,0.0369543731212616,-0.23146313428878784,-0.03286011428812685,0.030991852283477783,-0.18333864212036133,-0.04344313503483477,0.029961884021759033,-0.13739699125289917,-0.044138650458847906,0.00396728515625,-0.1853383183479309,-0.00792722036371174,0.0035933256149291992,-0.22354894876480103,-0.03846310363391581,0.004456639289855957,-0.15519380569458008,-0.04654240147451105,0.006367206573486328,-0.10790729522705078,-0.043651535224711324,-0.030769318342208862,-0.1831684112548828,-0.010615029421245481,-0.03786291182041168,-0.24036842584609985,-0.03669543476084414,-0.02828560769557953,-0.18208575248718262,-0.03448432595709505,-0.01934802532196045,-0.13193589448928833,-0.024635088678991224,-0.06381228566169739,-0.17450696229934692,-0.01511784089038315,-0.08790943026542664,-0.24021106958389282,-0.027912360664998914,-0.10503070056438446,-0.2814440429210663,-0.029545721646940137,-0.11873528361320496,-0.32466888427734375,-0.02708677300492468
Y,0.0,0.0,0.0,0.04774639010429382,-0.04198431968688965,-0.01923339037747951,0.08419588208198547,-0.11552834510803223,-0.028201013492065385,0.1102256178855896,-0.18264508247375488,-0.03842727995069595,0.13082942366600037,-0.22955316305160522,-0.04487473672779174,0.040694355964660645,-0.18112576007843018,-0.008560019233840421,0.03695294260978699,-0.22958403825759888,-0.03205717137606712,0.030645787715911865,-0.1824418306350708,-0.042953187288361505,0.029835760593414307,-0.13703131675720215,-0.0439961232856092,0.004018276929855347,-0.18297064304351807,-0.0073050113074657474,0.003597170114517212,-0.220772385597229,-0.03828313729317756,0.004054218530654907,-0.1532333493232727,-0.046903395713883356,0.005981653928756714,-0.10545819997787476,-0.04424940577300163,-0.030715525150299072,-0.18102139234542847,-0.010214706571417764,-0.03804464638233185,-0.2378748059272766,-0.036775508584099725,-0.028945699334144592,-0.18039369583129883,-0.03527490204723449,-0.019961252808570862,-0.1306917667388916,-0.025677242936211542,-0.06369729340076447,-0.1733952760696411,-0.014940538132208303,-0.08779916167259216,-0.23816239833831787,-0.02813829450460048,-0.10484424233436584,-0.2795581817626953,-0.030313172997551874,-0.11828182637691498,-0.32296639680862427,-0.028143340410309747
Y,0.0,0.0,0.0,0.047835975885391235,-0.04299283027648926,-0.018974155457527786,0.0841398537158966,-0.11722159385681152,-0.02759749096802011,0.10981881618499756,-0.18445515632629395,-0.03737265829911962,0.13030797243118286,-0.23103117942810059,-0.043167887525470405,0.040240347385406494,-0.1821988821029663,-0.008582843737514168,0.03633204102516174,-0.23003411293029785,-0.032635180549533516,0.030303776264190674,-0.18064671754837036,-0.04382709627023473,0.029742181301116943,-0.13549953699111938,-0.04488863264194265,0.003897428512573242,-0.18416142463684082,-0.0073029545972360665,0.003554403781890869,-0.22236400842666626,-0.038697982476861625,0.004179477691650391,-0.15394055843353271,-0.04733329107037321,0.006030440330505371,-0.10649019479751587,-0.044529965417297035,-0.030653059482574463,-0.18221086263656616,-0.010171179929585605,-0.03781801462173462,-0.23899763822555542,-0.037002953039319664,-0.028741687536239624,-0.18027198314666748,-0.0352713598774983,-0.0201539546251297,-0.13078486919403076,-0.02534374621680513,-0.06349396705627441,-0.17449098825454712,-0.014801573278219848,-0.08767145872116089,-0.23975354433059692,-0.027762249382050186,-0.10477274656295776,-0.28056228160858154,-0.029511224748404175,-0.11843830347061157,-0.3236556351184845,-0.026965815843851715
Y,0.0,0.0,0.0,0.047934383153915405,-0.04330319166183472,-0.018981033370437217,0.0842251181602478,-0.11773812770843506,-0.02740140388959844,0.1098993718624115,-0.18511468172073364,-0.03693747650140722,0.13049307465553284,-0.23193323612213135,-0.0423737665569206,0.04035627841949463,-0.1829398274421692,-0.008247528590800357,0.03671213984489441,-0.23010462522506714,-0.03275289888733823,0.031238853931427002,-0.1798200011253357,-0.044336443201245856,0.030971258878707886,-0.13493525981903076,-0.045502026930989814,0.004088729619979858,-0.18489807844161987,-0.006857517075331998,0.00391697883605957,-0.22246533632278442,-0.038488385633172584,0.004935622215270996,-0.15375947952270508,-0.04733776430839498,0.007009655237197876,-0.10665673017501831,-0.04458113144391973,-0.030366599559783936,-0.1828979253768921,-0.009673688926341129,-0.03723686933517456,-0.23913854360580444,-0.03665411602014501,-0.028182968497276306,-0.1802549958229065,-0.03501134495490987,-0.019604384899139404,-0.13106411695480347,-0.025001238465847564,-0.06298118829727173,-0.17518699169158936,-0.014250319816710544,-0.08654123544692993,-0.2411596179008484,-0.02709574940854509,-0.10354721546173096,-0.28192076086997986,-0.028711182430924964,-0.1170988529920578,-0.32469797134399414,-0.025962421104850364
Y,0.0,0.0,0.0,0.04802060127258301,-0.04337376356124878,-0.018524460864171033,0.08419877290725708,-0.11792278289794922,-0.02664304002831841,0.11002719402313232,-0.18556219339370728,-0.035889421028002744,0.13093852996826172,-0.23214149475097656,-0.04092059693942929,0.04095074534416199,-0.18314701318740845,-0.008870797601446156,0.03681516647338867,-0.22943860292434692,-0.03327856249819661,0.03100520372390747,-0.17830145359039307,-0.04404440559159184,0.030792266130447388,-0.1333562135696411,-0.04451953656683827,0.00458487868309021,-0.18519967794418335,-0.007546448984101062,0.00392991304397583,-0.221152663230896,-0.03918416090021992,0.005300402641296387,-0.15066558122634888,-0.047058720511302,0.008006244897842407,-0.10407328605651855,-0.04353704340468312,-0.029769688844680786,-0.18303388357162476,-0.01035504731993342,-0.036726683378219604,-0.23784393072128296,-0.03743549100767041,-0.02731241285800934,-0.17681145668029785,-0.03484218977104092,-0.018115386366844177,-0.1273300051689148,-0.02414609342525864,-0.062375664710998535,-0.17479777336120605,-0.014872568097814565,-0.08517488837242126,-0.2409592866897583,-0.027811877799138074,-0.10201862454414368,-0.28144627809524536,-0.029086787623270993,-0.11521776020526886,-0.32468998432159424,-0.02602881416390801
Y,0.0,0.0,0.0,0.0473707914352417,-0.041664063930511475,-0.019692851817495693,0.08357909321784973,-0.11638635396957397,-0.028441925188786854,0.10929319262504578,-0.18314188718795776,-0.03818305081713902,0.12983104586601257,-0.22980475425720215,-0.04380635044563519,0.0404934287071228,-0.18136811256408691,-0.010514217084534039,0.036161214113235474,-0.22708022594451904,-0.03570880613315808,0.030421167612075806,-0.17616701126098633,-0.04712848610270726,0.030385911464691162,-0.13149040937423706,-0.047957139676697125,0.004061520099639893,-0.18315768241882324,-0.008807461364455094,0.003054589033126831,-0.21787017583847046,-0.04116716480839955,0.005134612321853638,-0.14805245399475098,-0.049415803170091976,0.00849255919456482,-0.10126692056655884,-0.04605093470800625,-0.030346974730491638,-0.18085235357284546,-0.011343360534198155,-0.03727616369724274,-0.23455810546875,-0.03894751763928639,-0.02735091745853424,-0.1736663579940796,-0.03673169261801945,-0.017626091837882996,-0.12387353181838989,-0.026111128395683636,-0.0630798488855362,-0.17265743017196655,-0.015701529225594868,-0.08567777276039124,-0.2385997772216797,-0.02898939012575852,-0.10265854001045227,-0.27975159883499146,-0.030664861789233555,-0.11597186326980591,-0.32277393341064453,-0.02780007443416821
Y,0.0,0.0,0.0,0.047540515661239624,-0.04371756315231323,-0.01867334390098563,0.08355465531349182,-0.11816364526748657,-0.027095761467165858,0.10947933793067932,-0.18496382236480713,-0.03662457162553778,0.13008135557174683,-0.23151755332946777,-0.04199918204957953,0.04041436314582825,-0.18255406618118286,-0.009947816227025896,0.0363197922706604,-0.2282138466835022,-0.03503260606939307,0.03068527579307556,-0.1771678328514099,-0.046482401285715014,0.030317336320877075,-0.13198453187942505,-0.04734509283716193,0.004027813673019409,-0.18463587760925293,-0.008597625736541659,0.0032655298709869385,-0.2192646861076355,-0.04028622278983107,0.0052513182163238525,-0.1488519310951233,-0.04824787223751059,0.008248001337051392,-0.10220640897750854,-0.04491382682735434,-0.030271410942077637,-0.1825522780418396,-0.011387598086542994,-0.03734378516674042,-0.23681169748306274,-0.03810155237133017,-0.02764369547367096,-0.1764485239982605,-0.03540724361354819,-0.018292799592018127,-0.12719249725341797,-0.024811143372602373,-0.06305341422557831,-0.17426425218582153,-0.015957355816311747,-0.08533734083175659,-0.24120008945465088,-0.02885705264324656,-0.10213816165924072,-0.28214728832244873,-0.030199494529909998,-0.11534155905246735,-0.32519716024398804,-0.027204592097945124
Y,0.0,0.0,0.0,0.048148781061172485,-0.04476475715637207,-0.018329596443408036,0.0841391384601593,-0.11859577894210815,-0.02663768671297362,0.11033287644386292,-0.1859506368637085,-0.035907702816956544,0.13122034072875977,-0.23249781131744385,-0.04076777987026503,0.04168805480003357,-0.18259841203689575,-0.010839534288578534,0.037395596504211426,-0.22736752033233643,-0.035664355678790116,0.03207617998123169,-0.1738438606262207,-0.046412116213076615,0.03209814429283142,-0.12923425436019897,-0.04687168665074637,0.005511850118637085,-0.18504828214645386,-0.00937857415371468,0.004550516605377197,-0.2192668914794922,-0.04010237969302466,0.007245182991027832,-0.14750021696090698,-0.04681289411925604,0.010942399501800537,-0.10290580987930298,-0.04307349987172415,-0.02859334647655487,-0.18280750513076782,-0.011949676385455632,-0.03544098138809204,-0.23757898807525635,-0.037893062753909135,-0.02572895586490631,-0.17554539442062378,-0.0338493309154444,-0.016207382082939148,-0.12629932165145874,-0.02278081916117003,-0.06108963489532471,-0.17381489276885986,-0.016301805449955964,-0.08295249938964844,-0.24081355333328247,-0.028750961942904496,-0.09976446628570557,-0.28120821714401245,-0.029503559990160966,-0.1129327118396759,-0.32400959730148315,-0.02629143029295733
Y,0.0,0.0,0.0,0.0473979115486145,-0.0416530966758728,-0.020302993450371787,0.08380284905433655,-0.1158069372177124,-0.02931172700604634,0.11058008670806885,-0.18331420421600342,-0.039029264096228644,0.13175752758979797,-0.23096054792404175,-0.04425323495647149,0.04051479697227478,-0.18009793758392334,-0.012557218056230113,0.0370938777923584,-0.22601890563964844,-0.03754752988001542,0.03210669755935669,-0.17275595664978027,-0.04751683512708382,0.03245633840560913,-0.1281524896621704,-0.047310327384678885,0.004488050937652588,-0.18314409255981445,-0.01054881626745896,0.004516899585723877,-0.2172728180885315,-0.042381403241364524,0.007094383239746094,-0.14558875560760498,-0.048962080124823615,0.010521620512008667,-0.10114896297454834,-0.04467862958094315,-0.029415622353553772,-0.18120914697647095,-0.012790173497108981,-0.035325318574905396,-0.2345292568206787,-0.040285618249384925,-0.02522873878479004,-0.17210131883621216,-0.03660802656790452,-0.015892088413238525,-0.12311166524887085,-0.025202303398458525,-0.06175614893436432,-0.1728871464729309,-0.01689184570690827,-0.08362191915512085,-0.24024301767349243,-0.03053366879007058,-0.10005894303321838,-0.28169572353363037,-0.031813428942172095,-0.11295467615127563,-0.32558003067970276,-0.02867807189008431
Y,0.0,0.0,0.0,0.04741904139518738,-0.040884315967559814,-0.02010293029692889,0.08380007743835449,-0.11636441946029663,-0.02886246428337813,0.11023879051208496,-0.18324321508407593,-0.03834120095220328,0.13132649660110474,-0.22963029146194458,-0.04348932862725974,0.0420835018157959,-0.1804370880126953,-0.012953319628508098,0.03751984238624573,-0.22602438926696777,-0.03713589817729712,0.032567620277404785,-0.17250627279281616,-0.046728315804870135,0.033095479011535645,-0.12849295139312744,-0.04658104017821074,0.006305694580078125,-0.1832793951034546,-0.01106320977655173,0.0054853856563568115,-0.21714484691619873,-0.04286305517402411,0.008083045482635498,-0.14630627632141113,-0.04969792724099875,0.011653304100036621,-0.10100036859512329,-0.04566183969822646,-0.027736365795135498,-0.18101435899734497,-0.013248666231305606,-0.03428839147090912,-0.23424851894378662,-0.040486766998441226,-0.024503886699676514,-0.1730329394340515,-0.03725237310376883,-0.01520588994026184,-0.12429559230804443,-0.026301813353569514,-0.060214459896087646,-0.17255043983459473,-0.017276645679743297,-0.08158767223358154,-0.23871970176696777,-0.03075487263944865,-0.09790986776351929,-0.279757559299469,-0.03227926701751471,-0.11090806126594543,-0.3227003514766693,-0.029471206520469195
Y,0.0,0.0,0.0,0.04696980118751526,-0.039637088775634766,-0.020122877431703046,0.08317679166793823,-0.1138196587562561,-0.02888221211512132,0.11003544926643372,-0.1801949143409729,-0.03830138698000951,0.13120007514953613,-0.2271748185157776,-0.043286935535860493,0.04053965210914612,-0.17731332778930664,-0.013611003866088822,0.03644341230392456,-0.22232019901275635,-0.03819527208585782,0.031396836042404175,-0.16786235570907593,-0.04765449940938993,0.03218856453895569,-0.12414741516113281,-0.04735733300228162,0.004837006330490112,-0.18014341592788696,-0.011690612991941407,0.003976345062255859,-0.21265757083892822,-0.04364849731106801,0.006916016340255737,-0.14122772216796875,-0.050018214730215504,0.011078178882598877,-0.09753888845443726,-0.04575630008955045,-0.028973832726478577,-0.1778031587600708,-0.013903679435742333,-0.035319820046424866,-0.22965097427368164,-0.04172225773115201,-0.025226488709449768,-0.16717398166656494,-0.03810780226964994,-0.015412673354148865,-0.1189224123954773,-0.026822096777749493,-0.061087459325790405,-0.1693437099456787,-0.01790944404680772,-0.08271706104278564,-0.2355005145072937,-0.03207345410962148,-0.09918850660324097,-0.2768194079399109,-0.03375180169720693,-0.11193016171455383,-0.3206019997596741,-0.030951778513980344
Y,0.0,0.0,0.0,0.04870903491973877,-0.0422435998916626,-0.018801544919824664,0.08473029732704163,-0.11458510160446167,-0.027015638664579456,0.11121749877929688,-0.18056905269622803,-0.03608228372058875,0.13237836956977844,-0.22560912370681763,-0.0408690507861138,0.04180037975311279,-0.1774609088897705,-0.012958996124780242,0.03759273886680603,-0.22151607275009155,-0.03760447086415297,0.03216847777366638,-0.16708272695541382,-0.04691867636165625,0.03246346116065979,-0.12309879064559937,-0.046373934611892764,0.006367355585098267,-0.18057304620742798,-0.011315939143514697,0.005678325891494751,-0.21340477466583252,-0.04246210040173537,0.008070647716522217,-0.1409844160079956,-0.047952828124380176,0.01198616623878479,-0.09777742624282837,-0.04314767675123221,-0.027329981327056885,-0.17812925577163696,-0.01367138245723254,-0.034005001187324524,-0.22975927591323853,-0.0409177403303147,-0.024528712034225464,-0.1664929986000061,-0.03624325351438529,-0.015028506517410278,-0.1184195876121521,-0.0243133894505263,-0.059784531593322754,-0.16869664192199707,-0.01771176339707381,-0.08130073547363281,-0.23552006483078003,-0.03181074292979247,-0.09786070883274078,-0.27599838376045227,-0.03285816417655951,-0.11061885952949524,-0.31894969940185547,-0.02950237052164084
Y,0.0,0.0,0.0,0.047894567251205444,-0.04048973321914673,-0.01938967973637773,0.08413434028625488,-0.11395704746246338,-0.027822176075460447,0.11019772291183472,-0.17987942695617676,-0.037104344076396956,0.13155704736709595,-0.22537308931350708,-0.04207661942291452,0.04053586721420288,-0.1771121621131897,-0.012611854902388586,0.036909639835357666,-0.22226351499557495,-0.03744499579715921,0.03187134861946106,-0.1682003140449524,-0.04711247429895593,0.03218883275985718,-0.12395179271697998,-0.046796461648227705,0.005311638116836548,-0.18005001544952393,-0.010985449037434591,0.005074501037597656,-0.21285808086395264,-0.042847590601923,0.00788193941116333,-0.1413089632987976,-0.0491780546371956,0.01168772578239441,-0.0974474549293518,-0.04476523593712045,-0.02814808487892151,-0.1774080991744995,-0.013476043089212908,-0.0346539169549942,-0.22870349884033203,-0.041176965541126265,-0.024421632289886475,-0.16600710153579712,-0.037304887629034056,-0.014760375022888184,-0.11772918701171875,-0.025792932218791975,-0.06047379970550537,-0.16817373037338257,-0.017709449014546408,-0.08249317109584808,-0.23415392637252808,-0.03188683659482194,-0.09898190200328827,-0.275144100189209,-0.03337809637832834,-0.11175781488418579,-0.3186246454715729,-0.030392021021725668
Y,0.0,0.0,0.0,0.047978997230529785,-0.041108012199401855,-0.019244328573847724,0.08404794335365295,-0.11447185277938843,-0.02769543273797126,0.11031478643417358,-0.18021243810653687,-0.03699787563135715,0.13148969411849976,-0.22538453340530396,-0.042051373482252075,0.04102438688278198,-0.1771906614303589,-0.012831682771945907,0.03719213604927063,-0.22184234857559204,-0.037747277379537536,0.03216540813446045,-0.16761386394500732,-0.04779048121025653,0.03251850605010986,-0.12355995178222656,-0.047830770224834396,0.005625903606414795,-0.18010812997817993,-0.011224569254125072,0.0053902268409729,-0.2128993272781372,-0.04300417980601878,0.008181005716323853,-0.14138102531433105,-0.04951477652838321,0.011918127536773682,-0.09726518392562866,-0.04535682356407733,-0.028003305196762085,-0.1775408387184143,-0.013680690400803996,-0.034636855125427246,-0.22917073965072632,-0.04118852919390292,-0.024648219347000122,-0.1669568419456482,-0.03745210027744861,-0.015083163976669312,-0.11880511045455933,-0.026145562962199165,-0.06028175354003906,-0.16825616359710693,-0.017882390380407287,-0.08235880732536316,-0.2345171570777893,-0.03197782716205211,-0.0989275574684143,-0.2753444314002991,-0.033537814826274825,-0.11177608370780945,-0.31838011741638184,-0.030656760991121246
Y,0.0,0.0,0.0,0.04781317710876465,-0.041171908378601074,-0.019243981080649064,0.0837358832359314,-0.11407798528671265,-0.02777232168853061,0.110079824924469,-0.1801101565361023,-0.037076347830293344,0.13137754797935486,-0.22529500722885132,-0.04204757637023704,0.04087728261947632,-0.17663252353668213,-0.013327578405437635,0.03716030716896057,-0.22186142206192017,-0.038135351004598306,0.03261914849281311,-0.16807889938354492,-0.047742308440206216,0.03332892060279846,-0.12467408180236816,-0.04749370119213836,0.0057923197746276855,-0.1795385479927063,-0.011656456949708627,0.005433857440948486,-0.21295166015625,-0.04315799600124137,0.008848249912261963,-0.1415104866027832,-0.049237185480592416,0.013177961111068726,-0.09862959384918213,-0.044899960371253655,-0.02764439582824707,-0.17697423696517944,-0.01401280644029157,-0.034152716398239136,-0.22862309217453003,-0.04133067405462043,-0.02373981475830078,-0.1658637523651123,-0.03715349859237449,-0.013920247554779053,-0.11782509088516235,-0.02568363523721473,-0.05999487638473511,-0.1676328182220459,-0.01811268864810245,-0.0818580687046051,-0.23375630378723145,-0.03215196481585281,-0.09837430715560913,-0.2744794487953186,-0.0335666922354676,-0.11122789978981018,-0.3178492486476898,-0.030642659726140664
Y,0.0,0.0,0.0,0.04738858342170715,-0.04172700643539429,-0.019545831354804477,0.08353614807128906,-0.11434626579284668,-0.02835683395201727,0.11042985320091248,-0.1799597144126892,-0.03792063576216265,0.1315402388572693,-0.2256404161453247,-0.04313574043149515,0.041022300720214844,-0.17801201343536377,-0.013216402018912277,0.03700360655784607,-0.22237300872802734,-0.037773043485827884,0.0324881374835968,-0.1686689257621765,-0.04717365709180399,0.03322756290435791,-0.1247904896736145,-0.04675173071260019,0.005816727876663208,-0.18096458911895752,-0.01147282087291046,0.005672752857208252,-0.21371746063232422,-0.042507459046788654,0.008499592542648315,-0.141828715801239,-0.048273463370748004,0.012451201677322388,-0.09870558977127075,-0.04375083801383539,-0.027723848819732666,-0.17829221487045288,-0.013806621181316814,-0.034337371587753296,-0.2303106188774109,-0.04075007570023104,-0.02432096004486084,-0.168124258518219,-0.0363701624893622,-0.01453620195388794,-0.1201624870300293,-0.024835553588815173,-0.060071080923080444,-0.1685304045677185,-0.017938497113533458,-0.08202344179153442,-0.23512518405914307,-0.03174346369738146,-0.09866991639137268,-0.27588117122650146,-0.03292369526857897,-0.11149922013282776,-0.3188677430152893,-0.029824575977869472
Y,0.0,0.0,0.0,0.04759889841079712,-0.0407983660697937,-0.019992723460575235,0.08397701382637024,-0.11393225193023682,-0.0287806609229051,0.10973843932151794,-0.17933911085128784,-0.0382256129340135,0.1308446228504181,-0.22440040111541748,-0.043441872443338525,0.04138192534446716,-0.17556744813919067,-0.014370523724039685,0.036998599767684937,-0.2204938530921936,-0.03927768706836332,0.031338512897491455,-0.16693264245986938,-0.04913148223914732,0.03172531723976135,-0.12327122688293457,-0.04915010124005903,0.005638182163238525,-0.17849892377853394,-0.012456958513041627,0.004783153533935547,-0.21106654405593872,-0.044463361944337976,0.007256150245666504,-0.14034128189086914,-0.051080084736724984,0.011229127645492554,-0.09634906053543091,-0.047098554070373666,-0.028095558285713196,-0.17593491077423096,-0.014580500643035066,-0.03501462936401367,-0.2274090051651001,-0.0422442363158666,-0.025064095854759216,-0.165749192237854,-0.038866388942381036,-0.015112057328224182,-0.11743909120559692,-0.02791102543034185,-0.060379743576049805,-0.16668254137039185,-0.01848959676482309,-0.0823809802532196,-0.23200172185897827,-0.032773021008154046,-0.09933924674987793,-0.2727133631706238,-0.03480190351166357,-0.11254361271858215,-0.3156018555164337,-0.03235816150464643
Y,0.0,0.0,0.0,0.04748958349227905,-0.0407414436340332,-0.020534344356207157,0.08391791582107544,-0.11347067356109619,-0.02959289808168819,0.10963901877403259,-0.17891865968704224,-0.039164312522558475,0.13066911697387695,-0.22434723377227783,-0.04433330927386692,0.04096543788909912,-0.1757948398590088,-0.01470504362478664,0.036514222621917725,-0.22063946723937988,-0.03989260677590778,0.03145676851272583,-0.16690218448638916,-0.049625061791090275,0.03194350004196167,-0.12308657169342041,-0.049402911554722095,0.005267441272735596,-0.1788015365600586,-0.012599691155998016,0.004372298717498779,-0.2114487886428833,-0.04437697340145519,0.007109582424163818,-0.14064013957977295,-0.05055898089304378,0.01117861270904541,-0.097872793674469,-0.0462968837131541,-0.0283784419298172,-0.1762792468070984,-0.014652624133674408,-0.035359978675842285,-0.22749030590057373,-0.0423446189273875,-0.025456666946411133,-0.1661481261253357,-0.03863451291218212,-0.01568603515625,-0.11887598037719727,-0.02742043171420505,-0.06068490445613861,-0.16701054573059082,-0.018540291454343105,-0.08292365074157715,-0.23290538787841797,-0.03295487199321201,-0.0997907966375351,-0.27377045154571533,-0.03480608422651699,-0.11286312341690063,-0.31673115491867065,-0.03214271400466373
Y,0.0,0.0,0.0,0.04747411608695984,-0.041833698749542236,-0.020572058822637018,0.08377465605735779,-0.11491763591766357,-0.02973839264703315,0.10951599478721619,-0.18084508180618286,-0.039530312608604845,0.1307375133037567,-0.22624331712722778,-0.04502951909196895,0.03986161947250366,-0.1769765019416809,-0.013679956052129683,0.03581160306930542,-0.22242999076843262,-0.03916656036270183,0.030459702014923096,-0.16936379671096802,-0.04942499656570476,0.030406177043914795,-0.12487012147903442,-0.04939318631184619,0.004221498966217041,-0.17944496870040894,-0.01157781012696546,0.0037007927894592285,-0.21289724111557007,-0.04367993209851306,0.0061331987380981445,-0.14250880479812622,-0.05041064504874271,0.009615123271942139,-0.09857094287872314,-0.04627712998879474,-0.029194504022598267,-0.17668825387954712,-0.013700382750158724,-0.03613288700580597,-0.22864896059036255,-0.04145373214376491,-0.026240721344947815,-0.16777604818344116,-0.03804709945214313,-0.016665801405906677,-0.11989754438400269,-0.026862874593263086,-0.06131070852279663,-0.1672576665878296,-0.017669748481040415,-0.08377090096473694,-0.23236465454101562,-0.03168003443968814,-0.1007470190525055,-0.2727963328361511,-0.03329502601516765,-0.11411678791046143,-0.3151968717575073,-0.03040779564869922
Y,0.0,0.0,0.0,0.047296494245529175,-0.04410994052886963,-0.01896455131128505,0.08277463912963867,-0.11881953477859497,-0.027076328095347435,0.10844051837921143,-0.18447178602218628,-0.03628559589043334,0.12934687733650208,-0.22911489009857178,-0.04126046776428893,0.03784900903701782,-0.17926806211471558,-0.010368794124872238,0.034099072217941284,-0.2255762815475464,-0.03533095299854949,0.029496371746063232,-0.17173349857330322,-0.045722572055012733,0.02959221601486206,-0.1269729733467102,-0.04573111042037681,0.002373814582824707,-0.18146532773971558,-0.00904885485425666,0.001955568790435791,-0.21548783779144287,-0.04106138080015853,0.00523868203163147,-0.14523553848266602,-0.04826212107792571,0.00868639349937439,-0.10031449794769287,-0.044158665385396034,-0.030821025371551514,-0.17833542823791504,-0.011963681239933521,-0.03759470582008362,-0.2305610179901123,-0.03946525782004073,-0.026828065514564514,-0.16979354619979858,-0.036389445808083565,-0.01732158660888672,-0.1213996410369873,-0.025154622193724663,-0.06266447901725769,-0.16894227266311646,-0.016645682897717506,-0.08505260944366455,-0.23435622453689575,-0.03027363858774379,-0.10209569334983826,-0.2751278281211853,-0.03175797491923049,-0.11600089073181152,-0.3177429437637329,-0.028655033480674774
Y,0.0,0.0,0.0,0.04622545838356018,-0.04354625940322876,-0.018639937302083354,0.08161565661430359,-0.11796724796295166,-0.027018901219577174,0.10754477977752686,-0.18215513229370117,-0.036569468935937266,0.12811696529388428,-0.22699469327926636,-0.04212271448037086,0.03662422299385071,-0.17784953117370605,-0.010770400313646178,0.03303259611129761,-0.22339403629302979,-0.03516693811675964,0.028417110443115234,-0.17045480012893677,-0.04548886816760955,0.02891463041305542,-0.1265166997909546,-0.04571504171750007,0.0011699199676513672,-0.17924714088439941,-0.009837745016426425,0.0008935928344726562,-0.21357882022857666,-0.041600417604655604,0.0035002827644348145,-0.14429950714111328,-0.04890880759617744,0.00657808780670166,-0.09840238094329834,-0.044994332155198435,-0.032224178314208984,-0.17613625526428223,-0.013006430378169398,-0.03877358138561249,-0.2289627194404602,-0.040338486691922526,-0.028332069516181946,-0.1702498197555542,-0.037802595904082636,-0.01870483160018921,-0.12240689992904663,-0.02700474139115272,-0.06388214230537415,-0.16758501529693604,-0.017859002834171633,-0.08652229607105255,-0.23256176710128784,-0.03116920802554546,-0.10338465869426727,-0.27371227741241455,-0.03267473008295951,-0.1170436292886734,-0.31623226404190063,-0.02972950067183433
Y,0.0,0.0,0.0,0.04652789235115051,-0.04356026649475098,-0.018715861912710352,0.08185845613479614,-0.11729621887207031,-0.026916030522329493,0.10745379328727722,-0.18198758363723755,-0.036273656140906496,0.12772822380065918,-0.2267811894416809,-0.04159451062594144,0.036704421043395996,-0.17614537477493286,-0.010503048736495657,0.03332096338272095,-0.2226923108100891,-0.03488444323454587,0.02829316258430481,-0.1701446771621704,-0.04498168612633435,0.028670936822891235,-0.12619179487228394,-0.044980613242728396,0.0015075504779815674,-0.17823201417922974,-0.009388284485680742,0.0007671713829040527,-0.21315205097198486,-0.04134620885167806,0.003631383180618286,-0.14436179399490356,-0.048719281058652086,0.007376044988632202,-0.098666250705719,-0.044725814562184496,-0.03183265030384064,-0.17559188604354858,-0.012394859183473272,-0.038369640707969666,-0.22774797677993774,-0.04007949839149205,-0.027565866708755493,-0.1680353283882141,-0.03762271414314,-0.017624154686927795,-0.11971443891525269,-0.026665590431434794,-0.06364874541759491,-0.16753792762756348,-0.01706498461578576,-0.08573532104492188,-0.23241299390792847,-0.030570279534799738,-0.10260824859142303,-0.2730533480644226,-0.03211342329893796,-0.1164754331111908,-0.3153402805328369,-0.029089288514001055
Y,0.0,0.0,0.0,0.046554386615753174,-0.04275965690612793,-0.018911723426072058,0.08191382884979248,-0.11681908369064331,-0.0271835815221948,0.10701555013656616,-0.18162477016448975,-0.03652827852079099,0.1269879937171936,-0.2266269326210022,-0.041703496506897864,0.03691855072975159,-0.17585641145706177,-0.010784846177784857,0.03300833702087402,-0.22360944747924805,-0.03540632539102262,0.027990758419036865,-0.17064005136489868,-0.04558717869826978,0.028486132621765137,-0.126287579536438,-0.04560175948449796,0.0014181435108184814,-0.1777631640434265,-0.00962175652989572,0.00036832690238952637,-0.21347731351852417,-0.04163561426707929,0.003220170736312866,-0.14469033479690552,-0.04886689447471326,0.007072329521179199,-0.09940230846405029,-0.04478115998813337,-0.031935110688209534,-0.17511236667633057,-0.01263507493445104,-0.03924226760864258,-0.2283119559288025,-0.04022410549828237,-0.028673484921455383,-0.16955721378326416,-0.03761402555414861,-0.01847679913043976,-0.1221737265586853,-0.026608838147012648,-0.06343969702720642,-0.16718190908432007,-0.017357156059233603,-0.08568041026592255,-0.2317637801170349,-0.030683309218375143,-0.10265377163887024,-0.27240583300590515,-0.032128140708891806,-0.11638043820858002,-0.3144878149032593,-0.02906421423563188
Y,0.0,0.0,0.0,0.04610651731491089,-0.04137629270553589,-0.020207418698163337,0.08206400275230408,-0.11592990159988403,-0.029018847841115303,0.10760912299156189,-0.18058407306671143,-0.03859759737858326,0.1276892125606537,-0.22591310739517212,-0.04394239057907612,0.038543134927749634,-0.1764678955078125,-0.012867278057427711,0.03286087512969971,-0.2216741442680359,-0.03753914182195217,0.027460724115371704,-0.16787749528884888,-0.04748456423291714,0.028340846300125122,-0.12454044818878174,-0.04748904575714619,0.0025225281715393066,-0.17800253629684448,-0.011086574393601722,1.773238182067871e-05,-0.2115778923034668,-0.04359092061528713,0.002845555543899536,-0.142450749874115,-0.05088492353567631,0.007098734378814697,-0.097678542137146,-0.04689742495426685,-0.031097739934921265,-0.17505550384521484,-0.013462998542280502,-0.03929206728935242,-0.22800147533416748,-0.04150963445314915,-0.02909192442893982,-0.1698240041732788,-0.03925015648016483,-0.01858508586883545,-0.12288951873779297,-0.028507231372685737,-0.0626533031463623,-0.166887104511261,-0.017596424195261307,-0.08484241366386414,-0.2306889295578003,-0.03137892355331928,-0.10201488435268402,-0.27062150835990906,-0.033363720971436805,-0.11577297747135162,-0.3122043013572693,-0.03065040578255207
Y,0.0,0.0,0.0,0.04641246795654297,-0.04110819101333618,-0.02071293104194183,0.08218970894813538,-0.11632609367370605,-0.02967107515536327,0.10711175203323364,-0.18053185939788818,-0.0393347818007328,0.12741050124168396,-0.22554922103881836,-0.04459942165516395,0.03804650902748108,-0.17726022005081177,-0.012709245418534465,0.031910330057144165,-0.22358667850494385,-0.03791384059690017,0.026562094688415527,-0.16901063919067383,-0.048152000044808574,0.027543365955352783,-0.12533652782440186,-0.04820773783825416,0.001585736870765686,-0.17861062288284302,-0.010642447841689773,-0.0013349354267120361,-0.2123519778251648,-0.04379570517443199,0.0014932453632354736,-0.14314520359039307,-0.05113536525271911,0.005595177412033081,-0.0981680154800415,-0.04687434468172569,-0.03209824860095978,-0.1754213571548462,-0.01290178518496532,-0.040259480476379395,-0.22811126708984375,-0.041489474808201976,-0.030218884348869324,-0.17037665843963623,-0.03933728147052307,-0.019987478852272034,-0.12389034032821655,-0.028313313012347407,-0.06341257691383362,-0.1672893762588501,-0.016963642423377223,-0.08549273014068604,-0.23066622018814087,-0.030860405748114772,-0.10210448503494263,-0.27079105377197266,-0.03298512879513282,-0.11525753140449524,-0.31251561641693115,-0.030184099783525653
Y,0.0,0.0,0.0,0.0468427836894989,-0.0438271164894104,-0.021073537477604987,0.082379549741745,-0.11811691522598267,-0.03071594477569306,0.10699597001075745,-0.18254822492599487,-0.040891534247748496,0.1283210813999176,-0.22727835178375244,-0.04653834045802796,0.03929263353347778,-0.17895513772964478,-0.012623193272702338,0.03130117058753967,-0.2264385223388672,-0.03844636917983735,0.02521646022796631,-0.17188888788223267,-0.04951877013718331,0.02574780583381653,-0.1264459490776062,-0.050273219653718115,0.0017480552196502686,-0.18041592836380005,-0.010031422199062945,-0.0037622153759002686,-0.21631485223770142,-0.04371777416145051,-0.0013200342655181885,-0.14675962924957275,-0.05154305935775483,0.0033523887395858765,-0.10041528940200806,-0.047449278244130255,-0.032006487250328064,-0.17651736736297607,-0.01183301170294726,-0.04221275448799133,-0.23246750235557556,-0.0402845577982589,-0.032486334443092346,-0.1767430305480957,-0.038339829602591635,-0.021566778421401978,-0.13064807653427124,-0.02746029809986794,-0.061818137764930725,-0.16728436946868896,-0.01553670835619414,-0.08494916558265686,-0.23019546270370483,-0.029926425376288535,-0.10161349177360535,-0.2683771848678589,-0.032934660622231604,-0.114487424492836,-0.3086227774620056,-0.030610530236117484
Y,0.0,0.0,0.0,0.046449318528175354,-0.04345893859863281,-0.021422791779770023,0.0821705013513565,-0.11681288480758667,-0.03095474608315385,0.10607416927814484,-0.18123602867126465,-0.040994459316863185,0.12582750618457794,-0.22633302211761475,-0.04641826219929612,0.03726060688495636,-0.17844301462173462,-0.012444777899219162,0.029859676957130432,-0.22438108921051025,-0.038474531397952205,0.024885639548301697,-0.16981923580169678,-0.049273373112811214,0.025964125990867615,-0.1254875659942627,-0.049501208142174846,0.000580519437789917,-0.17945516109466553,-0.00969953324718631,-0.004089459776878357,-0.2138778567314148,-0.04274996139182008,-0.001318022608757019,-0.14495790004730225,-0.05001886330617822,0.003061458468437195,-0.10138708353042603,-0.045761042759551174,-0.03273382782936096,-0.1756455898284912,-0.011457401812805301,-0.04206378757953644,-0.22927913069725037,-0.03987499095572389,-0.032883062958717346,-0.17292016744613647,-0.03753901042117036,-0.023026421666145325,-0.1275162696838379,-0.026452540905012256,-0.0633004754781723,-0.16638582944869995,-0.015108512268199092,-0.08543030917644501,-0.22925612330436707,-0.02918470233751691,-0.10220648348331451,-0.2682174742221832,-0.031482638344897396,-0.11548420786857605,-0.30880481004714966,-0.028669574782981044
Y,0.0,0.0,0.0,0.04663245379924774,-0.04370987415313721,-0.02117142538835992,0.08230160176753998,-0.1167183518409729,-0.030616196722888844,0.10540081560611725,-0.18105614185333252,-0.04059972326567163,0.12540693581104279,-0.22620362043380737,-0.046236135916018384,0.037419870495796204,-0.17694884538650513,-0.012040196837091344,0.029544100165367126,-0.2237093150615692,-0.03766230578830232,0.02412988245487213,-0.17089128494262695,-0.04889398153235902,0.02482376992702484,-0.12595486640930176,-0.049626246945166486,0.0002693086862564087,-0.1782251000404358,-0.009279099212193387,-0.004709005355834961,-0.21318072080612183,-0.042137549177908795,-0.002360895276069641,-0.14565038681030273,-0.050353948877358334,0.0016753971576690674,-0.10025036334991455,-0.04685235481073846,-0.033083632588386536,-0.17468392848968506,-0.01087427689989795,-0.042515262961387634,-0.2280498743057251,-0.0388619908254384,-0.033657416701316833,-0.17337685823440552,-0.03736972893884172,-0.023805156350135803,-0.1276230812072754,-0.0269631547044753,-0.06337451934814453,-0.16585177183151245,-0.014333242469632523,-0.08486641943454742,-0.22861462831497192,-0.028120144189500706,-0.10129474103450775,-0.26754721999168396,-0.03064510311295976,-0.11444655060768127,-0.30757880210876465,-0.02807409401347627
Y,0.0,0.0,0.0,0.04532843828201294,-0.044728100299835205,-0.021088654437278365,0.080331951379776,-0.11758959293365479,-0.030691832565878485,0.10398778319358826,-0.18194228410720825,-0.040754983463500594,0.12359252572059631,-0.22763526439666748,-0.04643683720490799,0.036886900663375854,-0.17844748497009277,-0.012471159250651453,0.027055561542510986,-0.2250348925590515,-0.038005473354076,0.021327167749404907,-0.1715427041053772,-0.049224989750598525,0.022242754697799683,-0.12626159191131592,-0.049974026420329665,-0.0004453510046005249,-0.1792362928390503,-0.009814930410300349,-0.006881162524223328,-0.21453458070755005,-0.042169710883115386,-0.004731953144073486,-0.14635473489761353,-0.050105950125669096,-0.0005811303853988647,-0.1013866662979126,-0.04664463762304649,-0.03386038541793823,-0.17533308267593384,-0.011478054599081133,-0.04439285397529602,-0.22953534126281738,-0.038560087123130415,-0.03555808961391449,-0.1754932999610901,-0.03662718299887047,-0.02534523606300354,-0.12999022006988525,-0.026353394874547575,-0.06415478885173798,-0.16584640741348267,-0.015060332865630244,-0.085899218916893,-0.22884508967399597,-0.028107278310869788,-0.1026114821434021,-0.2676607072353363,-0.030218497180555914,-0.1159132570028305,-0.30740395188331604,-0.0276005568738924
Y,0.0,0.0,0.0,0.04590839147567749,-0.04529649019241333,-0.0219062973829125,0.08130213618278503,-0.11749225854873657,-0.031940895793042046,0.10511285066604614,-0.18165171146392822,-0.04218179332931982,0.12438064813613892,-0.2276926338672638,-0.047927375611863,0.039486438035964966,-0.17749887704849243,-0.014232837324044567,0.027175068855285645,-0.22316992282867432,-0.040270112183890205,0.02086283266544342,-0.1694873571395874,-0.05148933055718885,0.022545263171195984,-0.1241568922996521,-0.052147533473572594,0.0013776421546936035,-0.17826884984970093,-0.011019964431426388,-0.006772711873054504,-0.21322107315063477,-0.044511452046236855,-0.004538625478744507,-0.14516764879226685,-0.05282759639342771,0.0007454156875610352,-0.10006237030029297,-0.04929511221965299,-0.032378047704696655,-0.1741136908531189,-0.012078297984800201,-0.04412400722503662,-0.22678136825561523,-0.04020209583362089,-0.03510436415672302,-0.17245620489120483,-0.038671575215659004,-0.02359090745449066,-0.12731164693832397,-0.028288935971460205,-0.06234133243560791,-0.16453242301940918,-0.015077003938159805,-0.08394244313240051,-0.22679761052131653,-0.028972435471615654,-0.1009669154882431,-0.2644270062446594,-0.031693804738125664,-0.11419045925140381,-0.3031448721885681,-0.02922538082023607
Y,0.0,0.0,0.0,0.044647976756095886,-0.04498392343521118,-0.022503173487109507,0.07893569767475128,-0.11640304327011108,-0.032922579483908976,0.102421835064888,-0.18127673864364624,-0.04334270073644575,0.12201206386089325,-0.2277294099330902,-0.04915563999287542,0.03579871356487274,-0.17828857898712158,-0.014605517076176966,0.024922534823417664,-0.22503447532653809,-0.04122520847789701,0.019556701183319092,-0.17109137773513794,-0.052846348421496714,0.02113276720046997,-0.12606596946716309,-0.05354712395541128,-0.0012510418891906738,-0.17902439832687378,-0.011052648113889063,-0.008223682641983032,-0.21468240022659302,-0.04344902424685415,-0.0048633962869644165,-0.14586812257766724,-0.0509281293915933,0.0005011558532714844,-0.10310888290405273,-0.04725282503835615,-0.03405293822288513,-0.17472827434539795,-0.01193025200240072,-0.04460056126117706,-0.22731024026870728,-0.039359899746102656,-0.035252779722213745,-0.17166948318481445,-0.036875019358319605,-0.02436201274394989,-0.12638252973556519,-0.026179109277052248,-0.06365366280078888,-0.1644168496131897,-0.014810350300592745,-0.08500568568706512,-0.22785785794258118,-0.028107977049273813,-0.10208240896463394,-0.26623278856277466,-0.029952105643076266,-0.11580182611942291,-0.3052942156791687,-0.02703642895988878
Y,0.0,0.0,0.0,0.04401347041130066,-0.04217696189880371,-0.022189096180454726,0.07810121774673462,-0.1149359941482544,-0.03224632386650228,0.10098090767860413,-0.17798280715942383,-0.04259854425276899,0.1196017861366272,-0.22338348627090454,-0.04849782828773641,0.03600934147834778,-0.17555242776870728,-0.013628756260231967,0.02482883632183075,-0.22272151708602905,-0.03980604056800985,0.018445923924446106,-0.16936039924621582,-0.051275453163043494,0.019976437091827393,-0.12420010566711426,-0.05208478365625524,-0.001185193657875061,-0.17558199167251587,-0.01062470451529407,-0.009027868509292603,-0.21137773990631104,-0.0442125598021903,-0.00650671124458313,-0.14292597770690918,-0.05230434109057569,-0.0009966790676116943,-0.09820061922073364,-0.04838044066514158,-0.03428483009338379,-0.1712489128112793,-0.012059190874651904,-0.04618421196937561,-0.22518545389175415,-0.04021606464471006,-0.037398651242256165,-0.1712779998779297,-0.038380077672854895,-0.026382163166999817,-0.12683171033859253,-0.027628496853367324,-0.06430372595787048,-0.16205370426177979,-0.015461205137626166,-0.08556218445301056,-0.22383949160575867,-0.028954672259942527,-0.10250614583492279,-0.26174575090408325,-0.031019794387475486,-0.11586510390043259,-0.30116021633148193,-0.028082656306878562
Y,0.0,0.0,0.0,0.04395070672035217,-0.044913411140441895,-0.02177159859743938,0.07813993096351624,-0.11756628751754761,-0.031452391286762804,0.1014024019241333,-0.18125510215759277,-0.04140139742699489,0.12001335620880127,-0.2263309359550476,-0.046884354194077105,0.03651288151741028,-0.17836135625839233,-0.012906740409704298,0.02469603717327118,-0.22519433498382568,-0.03844620658961162,0.018330886960029602,-0.17133718729019165,-0.049731906493576616,0.01939167082309723,-0.12595587968826294,-0.050390992303761095,-0.0005011409521102905,-0.17845821380615234,-0.009865876277359575,-0.008480921387672424,-0.21491703391075134,-0.04210202022400722,-0.005956083536148071,-0.14635354280471802,-0.049940153946550936,-0.0006708800792694092,-0.1020054817199707,-0.04622890799251422,-0.033814311027526855,-0.173903226852417,-0.011179762882562727,-0.045213788747787476,-0.2278400957584381,-0.038000687946947664,-0.03653514385223389,-0.17283618450164795,-0.03562202676144466,-0.025714635848999023,-0.1269456148147583,-0.024940662076147646,-0.06419134140014648,-0.16379868984222412,-0.014495848668190092,-0.08499687910079956,-0.22709321975708008,-0.02703904732075557,-0.10202659666538239,-0.2652890682220459,-0.028475964432033152,-0.11564255505800247,-0.30398961901664734,-0.025327630331190676
Y,0.0,0.0,0.0,0.04383963346481323,-0.04362940788269043,-0.021754135494006732,0.0778692364692688,-0.11706376075744629,-0.03143114887632237,0.10086327791213989,-0.1805827021598816,-0.04129777394689427,0.11934247612953186,-0.22574537992477417,-0.04670781188167439,0.036289989948272705,-0.17742109298706055,-0.013639002223385432,0.024477794766426086,-0.2244841754436493,-0.03901767276681767,0.018039390444755554,-0.1709713339805603,-0.050032830913437465,0.019238919019699097,-0.12581557035446167,-0.05066424526728497,-0.0008160024881362915,-0.1776190996170044,-0.010670691844893554,-0.008914828300476074,-0.21407857537269592,-0.0430461607173811,-0.0064374953508377075,-0.14534437656402588,-0.050618018139971355,-0.0010142028331756592,-0.10076749324798584,-0.04672565229691372,-0.03397424519062042,-0.17310112714767456,-0.01201273605681763,-0.04569506645202637,-0.227300763130188,-0.03880520083464489,-0.03692294657230377,-0.17302954196929932,-0.03640049241937504,-0.02595008909702301,-0.12790721654891968,-0.025808022473825076,-0.06425458192825317,-0.1631706953048706,-0.015349925611985782,-0.08528941869735718,-0.2256883978843689,-0.028013740782512286,-0.10216239094734192,-0.26369428634643555,-0.02967577532388077,-0.1155167743563652,-0.30255019664764404,-0.02677525125898228
Y,0.0,0.0,0.0,0.044020816683769226,-0.045483171939849854,-0.021774149010838073,0.07794113457202911,-0.11773061752319336,-0.0316020739031444,0.10132856667041779,-0.1817513108253479,-0.04163681014901499,0.12017758190631866,-0.22718405723571777,-0.047264822269738715,0.03732852637767792,-0.17901939153671265,-0.012942790496111911,0.025201857089996338,-0.22635489702224731,-0.03844544708258013,0.018796533346176147,-0.17355912923812866,-0.049968440527976554,0.01954364776611328,-0.12750506401062012,-0.05077743574506144,0.00028209388256073,-0.17944204807281494,-0.009851661953092616,-0.007598787546157837,-0.2164849042892456,-0.04150873839384417,-0.005551964044570923,-0.1477338671684265,-0.049355738307298225,-0.0009220987558364868,-0.10305529832839966,-0.045833696122230094,-0.0329405814409256,-0.17490750551223755,-0.011088991048694652,-0.044217780232429504,-0.22899797558784485,-0.037240043724835914,-0.0357961505651474,-0.17425960302352905,-0.03474284007674555,-0.025219470262527466,-0.12802726030349731,-0.024241324956477683,-0.06323914229869843,-0.16435056924819946,-0.014351953263343376,-0.08391578495502472,-0.22809824347496033,-0.026388885895670455,-0.10077552497386932,-0.2663053274154663,-0.027501978422463935,-0.11419535428285599,-0.30478447675704956,-0.024281066353381675
Y,0.0,0.0,0.0,0.043838098645210266,-0.04289478063583374,-0.02188628138199533,0.07789118587970734,-0.11550486087799072,-0.031582940082699906,0.10083054006099701,-0.17963755130767822,-0.04137187422409738,0.11944900453090668,-0.22570526599884033,-0.046760592322499406,0.03622259199619293,-0.17661726474761963,-0.013135489720554006,0.024823471903800964,-0.2233879268169403,-0.03816503257647241,0.01875995099544525,-0.17071545124053955,-0.04924693302407945,0.019871369004249573,-0.1253029704093933,-0.04999303043976511,-0.0005634129047393799,-0.1769556999206543,-0.010006928529293191,-0.007893592119216919,-0.21360540390014648,-0.041778091054112565,-0.005693361163139343,-0.14486443996429443,-0.0494141873826095,-0.0009482353925704956,-0.09991216659545898,-0.0457339097668239,-0.033560872077941895,-0.17250186204910278,-0.011199271019251,-0.04481987655162811,-0.22680076956748962,-0.03770050005212511,-0.03643094003200531,-0.17264598608016968,-0.035409558277279984,-0.025871053338050842,-0.12720173597335815,-0.025025171871931207,-0.06368012726306915,-0.1623244285583496,-0.014376594397873532,-0.08513955771923065,-0.2246997356414795,-0.02694593154981817,-0.10223127156496048,-0.26299822330474854,-0.028576956774742257,-0.1156829446554184,-0.3019896149635315,-0.025737805004865777
Y,0.0,0.0,0.0,0.04325501620769501,-0.04476308822631836,-0.02090999196326493,0.07691489160060883,-0.11665719747543335,-0.030332299797294127,0.10007421672344208,-0.18007832765579224,-0.04021365839099644,0.11895199120044708,-0.22537481784820557,-0.0458573353574252,0.03572385013103485,-0.17842477560043335,-0.011329325763938414,0.024363860487937927,-0.22516405582427979,-0.03610595586752652,0.018763408064842224,-0.17323577404022217,-0.04775303128218411,0.019944295287132263,-0.1276525855064392,-0.04901038381314038,-0.0010843724012374878,-0.1783178448677063,-0.00883675078904389,-0.007902786135673523,-0.21500617265701294,-0.040279726414439665,-0.005478918552398682,-0.14715147018432617,-0.04875717583155392,-0.0007006078958511353,-0.10186010599136353,-0.04587123069023846,-0.03443412482738495,-0.17334246635437012,-0.010589143177924143,-0.04502955079078674,-0.22815534472465515,-0.03683803874110936,-0.03717605769634247,-0.17372488975524902,-0.034872325985190855,-0.027155548334121704,-0.12734830379486084,-0.024845602838752257,-0.06461818516254425,-0.16252541542053223,-0.014297917401847826,-0.08566983044147491,-0.2257545292377472,-0.02687835778152703,-0.10296845436096191,-0.26420164108276367,-0.028439796446320997,-0.11694502085447311,-0.30275991559028625,-0.025567932902333723
Y,0.0,0.0,0.0,0.0436573326587677,-0.04260849952697754,-0.021521499908288888,0.07794654369354248,-0.11462938785552979,-0.0310630598727073,0.10086512565612793,-0.17777270078659058,-0.040961737341007165,0.11930376291275024,-0.22354000806808472,-0.04655801743896859,0.036159366369247437,-0.17690116167068481,-0.012345161816796235,0.024669408798217773,-0.2234647572040558,-0.03743345901997941,0.01887112855911255,-0.17121410369873047,-0.04891659558447259,0.02034662663936615,-0.12628883123397827,-0.049978225088437966,-0.0008064210414886475,-0.17669999599456787,-0.0096214931148495,-0.008438840508460999,-0.212236225605011,-0.041797699934562615,-0.005535349249839783,-0.1446581482887268,-0.050217817133983544,-0.00014671683311462402,-0.0995287299156189,-0.04704446212085145,-0.03420771658420563,-0.1719282865524292,-0.011207500069161824,-0.04569000005722046,-0.22536513209342957,-0.03823770821722405,-0.037150412797927856,-0.1709173321723938,-0.036571203327497415,-0.026336878538131714,-0.12516391277313232,-0.026427893495878152,-0.0644301176071167,-0.16182982921600342,-0.014751406914314202,-0.08557206392288208,-0.2242037057876587,-0.027704947224577836,-0.10295098274946213,-0.26260215044021606,-0.029600764221271447,-0.1168452799320221,-0.30127114057540894,-0.026816331377943925
Y,0.0,0.0,0.0,0.04373230040073395,-0.043582260608673096,-0.02082967358415999,0.07802768051624298,-0.11564445495605469,-0.030073584716376445,0.10100702941417694,-0.17886793613433838,-0.039838362212833545,0.11942262947559357,-0.22408825159072876,-0.045359790052827975,0.0354008823633194,-0.17722368240356445,-0.011382735061999938,0.024137750267982483,-0.22356247901916504,-0.0363979746658174,0.01887132227420807,-0.17163854837417603,-0.04791421788519301,0.02034752070903778,-0.12667042016983032,-0.04893185543602385,-0.0014583617448806763,-0.17698365449905396,-0.008935377660748145,-0.008369773626327515,-0.21309268474578857,-0.04075480225270667,-0.005481213331222534,-0.14541137218475342,-0.049090780045446536,-0.00035369396209716797,-0.10060608386993408,-0.04590361910646834,-0.034664586186409,-0.17218506336212158,-0.010771173711475512,-0.04570941627025604,-0.22616663575172424,-0.03739175545757689,-0.037067800760269165,-0.17179012298583984,-0.03548575910514273,-0.026273652911186218,-0.12603694200515747,-0.025278297911938807,-0.0647391825914383,-0.16186952590942383,-0.01454147017335572,-0.08599153161048889,-0.2244432270526886,-0.027213863756117007,-0.10328751802444458,-0.2628704905509949,-0.028883106734213015,-0.1169944703578949,-0.30180466175079346,-0.025993143867310664
Y,0.0,0.0,0.0,0.043843403458595276,-0.04503554105758667,-0.020492185807057695,0.07786966860294342,-0.11647951602935791,-0.029650471141764,0.10096000134944916,-0.1796417236328125,-0.039443599960037545,0.11929135024547577,-0.2246372103691101,-0.04496462546867974,0.03526775538921356,-0.17799395322799683,-0.010494055194982366,0.023935958743095398,-0.2243223786354065,-0.03558103271407731,0.01885010302066803,-0.17198199033737183,-0.04726425834579118,0.02044937014579773,-0.12683117389678955,-0.048345602086016015,-0.0013599097728729248,-0.1779659390449524,-0.008128988525101022,-0.007674232125282288,-0.21392565965652466,-0.039674858531185464,-0.005079925060272217,-0.14583206176757812,-0.04795018859786637,-0.0002796053886413574,-0.10135090351104736,-0.0448024524061168,-0.03463508188724518,-0.17320948839187622,-0.01007637657804139,-0.04520595073699951,-0.22693860530853271,-0.03651574902815469,-0.036933377385139465,-0.1720883846282959,-0.0342746069340194,-0.0265665203332901,-0.12622374296188354,-0.023890121808477716,-0.0650528073310852,-0.16260093450546265,-0.013955821251698808,-0.08632011711597443,-0.22552204132080078,-0.026453458672591523,-0.10371388494968414,-0.2635738253593445,-0.02772643693370469,-0.11752766370773315,-0.30213263630867004,-0.02453770951015599
Y,0.0,0.0,0.0,0.04371950030326843,-0.044584810733795166,-0.02082273340414531,0.0776422917842865,-0.11590856313705444,-0.030165489526496003,0.10080206394195557,-0.17964768409729004,-0.03995105414281852,0.11890661716461182,-0.2253406047821045,-0.045419210331544946,0.03542938828468323,-0.17754125595092773,-0.011931236596808503,0.024695783853530884,-0.22428575158119202,-0.0365406402815438,0.019234612584114075,-0.17247933149337769,-0.04757235361824996,0.020406454801559448,-0.12784433364868164,-0.04841071902404792,-0.001242324709892273,-0.17767339944839478,-0.009448035383627484,-0.0074578821659088135,-0.21388250589370728,-0.0407118590046025,-0.004613935947418213,-0.14633536338806152,-0.04883102490197189,0.00026929378509521484,-0.10236257314682007,-0.0458252483476258,-0.03444233536720276,-0.17291396856307983,-0.011137725548849176,-0.04510045051574707,-0.2269940972328186,-0.037339610742435525,-0.0363827645778656,-0.17218774557113647,-0.035114349560842584,-0.025828063488006592,-0.12640506029129028,-0.025033492358431886,-0.06463232636451721,-0.1621902585029602,-0.014759912850365708,-0.0857134759426117,-0.22495770454406738,-0.02740293158780105,-0.10283687710762024,-0.2629241347312927,-0.02892798906754024,-0.11664295196533203,-0.30153143405914307,-0.02606248459409244
